DEPT,GR,DT,RHOB,RT
1000.0,43.38632883981069,184.91189474064774,2.3902074322833307,4.894652336959922
1000.4000800160032,40.7626001568841,184.8099921832841,2.405572228442904,4.993234734026374
1000.8001600320064,43.82281568457083,181.4264758101857,2.394341467714955,5.080783572121655
1001.2002400480096,47.240805503262145,185.06223763961148,2.4230974497936226,5.796844666798711
1001.6003200640127,40.12891883360073,187.69123860268724,2.467011398341857,4.451609045478615
1002.000400080016,40.04605379995391,182.64511209641122,2.3887256082186745,4.382352210862406
1002.4004800960192,47.216746552849706,188.42324955090112,2.460042656937594,6.058791976975511
1002.8005601120224,43.88715356214333,186.99265485681252,2.3891849986088833,4.709466186598371
1003.2006401280256,38.857263468362106,183.90863405206372,2.386988336287468,4.079258861911409
1003.6007201440289,42.82337588145759,185.3612178109547,2.454078248473222,4.711707673668196
1004.000800160032,38.71766927224557,189.68149628942948,2.458652450341983,4.845913189615872
1004.4008801760352,38.62685631621846,187.49003681508137,2.4562714135704855,6.364088528230003
1004.8009601920384,41.3762919599459,185.648427902695,2.370022626915382,5.870161451756868
1005.2010402080416,32.674222996249334,185.00238826043844,2.4044554744045494,6.058518228232884
1005.6011202240448,33.34680860214347,185.75807365166568,2.4564515275071277,5.806700968744966
1006.001200240048,37.91670192300373,184.25692347265374,2.4256316046460955,5.917956328478168
1006.4012802560512,36.03413710741963,180.24406730035855,2.381459638153634,4.620753992033156
1006.8013602720545,41.262299195705964,190.5808221811292,2.443176961214198,5.022615186240687
1007.2014402880576,36.29330185052439,185.83295422564854,2.3966883124987977,4.399860741673301
1007.6015203040608,34.19651292436655,186.40910253767933,2.4974974204608116,5.033717462708609
1008.001600320064,45.62889494754164,185.23788631532105,2.487945370045482,5.759725537451433
1008.4016803360672,38.784010648458725,183.51361401671613,2.4507503518869678,5.330460541587361
1008.8017603520705,39.87828975155733,184.8551745054011,2.481460921475151,6.282349598264987
1009.2018403680736,33.83049163773026,181.28990820151773,2.4300459578196647,4.330421947763996
1009.6019203840768,37.2735085612224,190.9493508124991,2.4585049031138855,5.65415345831586
1010.00200040008,39.81653377748151,182.1384244458398,2.4874287605878593,4.2657472388167275
1010.4020804160832,34.69092320248723,182.6126893758962,2.438571884320069,5.350175813038978
1010.8021604320865,40.71999506094084,184.0596888440568,2.4189758782227306,5.877564936364438
1011.2022404480896,36.73720632872008,188.34808942123175,2.361429351484549,5.124178057017828
1011.6023204640928,37.89579805507929,185.13156770645693,2.426719187139281,5.74718160566026
1012.0024004800961,36.578813671712915,181.97218302496637,2.463411184474193,4.54901291431975
1012.4024804960992,46.31807625698317,188.16542829550733,2.4687287506279483,3.9963834553425333
1012.8025605121024,38.77855557756629,186.8239767771257,2.4515065970445065,5.7835139354679
1013.2026405281056,34.52554050071098,186.30928872573227,2.410108032915887,6.7436713160374335
1013.6027205441088,41.97066360645996,186.7190967339858,2.353114554618372,4.562218107428625
1014.0028005601121,33.721470316060234,190.88205972842687,2.4128056494406276,6.3474183216043585
1014.4028805761152,39.36492268095224,190.3251204815684,2.420866706789351,5.415028557282475
1014.8029605921184,30.61567482400157,183.11165794996379,2.4209490004684415,4.322381347842086
1015.2030406081216,33.06676297839995,188.85405702670803,2.4586334771854275,4.496392888751194
1015.6031206241248,39.092370005876596,185.7179988090594,2.5137427462990223,5.42490529015131
1016.0032006401281,41.18447649851127,185.97338759865008,2.4396807250664043,5.099405706983349
1016.4032806561312,38.84203683665446,180.46037701921384,2.426493549727677,4.383360893154789
1016.8033606721344,37.620193718157886,184.23033242577176,2.4252166072307078,4.089193205260338
1017.2034406881377,36.804865984521875,182.58931769157059,2.4409829200331044,4.777800088993867
1017.6035207041408,32.0219586844957,186.6564410082214,2.4032972166953326,5.620991191397305
1018.003600720144,34.98370882360438,187.228750390941,2.441657732360043,5.471609275151466
1018.4036807361472,35.94784388453463,179.3294266884744,2.455302488519151,5.0865428095547545
1018.8037607521504,41.94647664786358,184.42498748278442,2.4460770218299643,5.659863581757169
1019.2038407681537,39.020326298341104,187.24899952761626,2.456410217048807,6.34121315197496
1019.6039207841568,30.521835692774772,183.94175892588422,2.455876777664249,5.835348179642473
1020.00400080016,38.79875429321015,186.19506585234325,2.368068709826198,5.433872421216031
1020.4040808161633,35.89079146832087,185.21411105991777,2.46483645453015,6.284266488798725
1020.8041608321664,34.65241597728748,185.1539792670743,2.412937489731621,4.784835251152614
1021.2042408481697,39.73607487328891,183.5850135879526,2.396360313724752,5.383703501168532
1021.6043208641728,41.3429170304118,181.18516282432753,2.3964309621825493,5.413709400685894
1022.004400880176,40.873873250145735,181.38594513104758,2.458365210179144,4.595974681182172
1022.4044808961793,33.722002247900086,185.92614972363668,2.4325344115975898,5.2606123651631815
1022.8045609121824,35.77242925688503,184.16425469842687,2.3745718697721543,3.947535171396326
1023.2046409281857,38.26502687173429,183.73201216753264,2.461384692763321,7.148253335133199
1023.6047209441888,40.77313711610259,182.98109490474653,2.3850907575918834,4.87960455253028
1024.0048009601921,34.885533298092945,183.2402190569632,2.4486791805466637,6.909468225614455
1024.4048809761953,35.991159265107996,186.58268616387426,2.453036864403281,5.682102458625727
1024.8049609921984,32.24031257385434,183.089356746844,2.479329906682055,6.114600635093376
1025.2050410082015,31.812976738215067,180.53671063071252,2.51558346286217,5.282760453041471
1025.605121024205,39.78035184133854,185.710252927303,2.390137595396694,5.851251439888217
1026.005201040208,41.88794961713978,183.3005289404684,2.4430335973527924,6.216423170276077
1026.4052810562112,36.10798667807457,183.85265383970037,2.434486366187721,6.238813484182753
1026.8053610722145,40.343494199772685,187.75440041024177,2.4632963121566904,6.338146626489804
1027.2054410882176,37.70954100153141,183.6451910421552,2.454978939726792,5.43483432042755
1027.6055211042208,33.61645208765905,184.3805371645054,2.4326555179063125,5.356401481564783
1028.0056011202241,37.576748701928395,180.67110298819546,2.4295257704703856,4.47655299223809
1028.4056811362273,42.21784974130729,183.02992044420662,2.4029076230016875,6.181690140728725
1028.8057611522304,35.85723958410832,185.06344060769538,2.487483225622119,6.640254771187737
1029.2058411682337,42.194262741436305,179.61157207932254,2.466739337761557,7.078389951899044
1029.6059211842369,25.39215723008477,183.96235000601646,2.485483606773294,6.041011401367096
1030.00600120024,39.09450337605885,183.67229619624618,2.4367580391008437,5.194973985346039
1030.4060812162431,36.091144555794045,183.483469220834,2.4233007659921886,4.4617811674954915
1030.8061612322465,34.483298040831656,185.93293116694343,2.406841173888909,6.664107459705714
1031.2062412482496,35.983050962728754,184.135765264083,2.46472936050915,4.405084467683013
1031.6063212642528,27.602722879630036,186.95433594642645,2.4091790947375546,5.580969707548951
1032.0064012802561,34.61161294423672,180.73452225235542,2.525114796157685,5.6853703007426954
1032.4064812962592,36.85636501886201,183.5175003693829,2.3992593001293634,5.820629934750171
1032.8065613122624,41.27741842725471,183.34790235009288,2.462907415587101,5.916229839361258
1033.2066413282657,33.231003162468774,180.42249956051702,2.515030481206896,6.009514894808731
1033.6067213442689,32.00866667159195,185.44512814577,2.476714437230866,3.978130650150702
1034.006801360272,33.174486200233815,188.82468364412318,2.4601716183373417,5.933585661085861
1034.4068813762754,38.78231335901071,182.92895028561898,2.414798413170302,4.1496553540390915
1034.8069613922785,36.37521803603465,184.19233909992164,2.3986593441545083,6.530560302112879
1035.2070414082816,32.88100065533093,183.09925975454124,2.4851237293485133,5.512170842816592
1035.6071214242847,36.99325920280326,181.06203581924117,2.5149584857776364,4.242141747868772
1036.007201440288,35.26896875265423,178.25198793822656,2.437548722761938,5.327922526682083
1036.4072814562912,38.696029640141894,180.99720374149504,2.4099296406150947,5.5347560608529225
1036.8073614722944,31.954351410804986,179.23934846078032,2.357553951770709,6.954920955960903
1037.2074414882977,33.39335323633315,186.93696519087973,2.4170380100886457,6.171231194104557
1037.6075215043008,33.07733211207631,182.34626043493552,2.4521094489878954,6.301051446935538
1038.007601520304,28.73379363159325,181.72642058693634,2.5210070124303243,6.9820619843646945
1038.4076815363073,35.71474995648311,184.77114775305395,2.484353029102912,5.971773069710787
1038.8077615523105,35.517233007354456,179.70079023467076,2.4700159319832125,6.663657272141726
1039.2078415683136,34.436537378398036,180.5447736957477,2.4421917967511626,6.619028720532339
1039.607921584317,33.42113612552115,182.5887417416235,2.4352532522159156,5.0544116259381635
1040.00800160032,28.64173317795736,184.94697278570933,2.5151883100773356,7.273635882099528
1040.4080816163232,32.564697622833826,183.58561460327306,2.4673736979248684,4.970683745323958
1040.8081616323266,32.82081579147596,182.90842945956783,2.3756211008661072,6.852508930847479
1041.2082416483297,30.92729279037161,182.43898897072035,2.433163734296154,4.916661858371557
1041.6083216643328,33.43632098096091,183.20022620544128,2.4261560873262913,6.623028571970471
1042.008401680336,35.643064045300875,182.6595751578128,2.439012790632093,7.643304016550527
1042.4084816963393,41.51733671735328,179.53618342202083,2.4837576111360518,5.995136222435917
1042.8085617123425,34.61697343098405,182.18184875536633,2.457320431813865,5.972195670070449
1043.2086417283456,34.89527024560936,179.33783151889133,2.4589198591197436,6.677407165412121
1043.608721744349,33.51402981646918,182.18002835664788,2.5149088534438113,5.937326869551777
1044.008801760352,26.08381256133031,180.73083784440456,2.4348861355959572,7.667269694196819
1044.4088817763552,33.600265856893834,188.23591481802222,2.5376864103599956,6.378216997859636
1044.8089617923586,33.895006969343065,181.74259572900166,2.4366391710876374,5.980157770639339
1045.2090418083617,43.4551610212294,178.2864720660532,2.4674316406520367,5.81590878721174
1045.6091218243648,32.78119765532216,181.41622861744898,2.452986996995467,5.513635860579927
1046.0092018403682,34.705623153534354,183.00455354433302,2.46954252151233,5.7696616108015055
1046.4092818563713,33.30972312137753,185.84391396138662,2.48275923603606,6.0032113264233855
1046.8093618723744,28.723339426106193,180.14109089904898,2.482697947966923,5.9055366426357185
1047.2094418883776,37.919169980037736,177.61274066274467,2.4355880067132465,5.781018902372437
1047.609521904381,36.30578457021137,183.564863231636,2.4211634512402536,7.998556627530473
1048.009601920384,36.412701314754905,178.02510596166957,2.566573422586628,5.507345346032119
1048.4096819363872,29.56189295613226,180.33991857729782,2.4474528615834243,6.460678424749154
1048.8097619523905,38.76183821579967,180.7398333678248,2.4951455859347162,6.829353234242116
1049.2098419683937,27.49482464646593,181.16325181078832,2.4032354555950945,6.871399959988849
1049.6099219843968,35.4015757024738,183.01357142848033,2.456719782666198,6.332418046101577
1050.0100020004002,41.76823953382008,179.534773919974,2.4631786607839574,6.1987447393384025
1050.4100820164033,28.996893471024006,180.51261085352297,2.487540742278043,6.764560767481334
1050.8101620324064,30.64682239011583,181.11420799977492,2.360090633264014,6.628568900368667
1051.2102420484098,33.26394685457861,181.47670473710008,2.47599423636896,6.220226087266143
1051.610322064413,30.805121159233842,181.29998032853905,2.423717917532927,5.1899445817039584
1052.010402080416,26.57040747005157,182.09800649134027,2.4830395165032852,6.077175394978456
1052.4104820964194,33.001706284999074,183.0700481290542,2.4289697783482422,5.546353765785224
1052.8105621124225,28.43298922517079,181.89437011435783,2.4365600398679437,5.94195831107303
1053.2106421284257,34.53168072405118,181.99896280271582,2.460189785553929,6.51436906704561
1053.6107221444288,28.915078931721148,176.86153447538643,2.4293963917024093,6.786896327467013
1054.0108021604321,38.748337014429374,180.8946348005821,2.4528220088630035,7.9363989004124145
1054.4108821764353,29.37176911637959,181.91968787903735,2.424461305448538,6.094253174513634
1054.8109621924384,31.17307917928288,182.49500628295013,2.399221598281281,7.156032595282056
1055.2110422084418,35.672297834570976,178.89339201605515,2.5136179068017883,6.793266087161713
1055.611122224445,27.45203687276436,178.92816832497715,2.4214080110449863,7.597474295694097
1056.011202240448,33.24296118677559,179.09189482912345,2.4664521805126394,7.033849277288152
1056.4112822564514,37.51968259003209,181.81944425720687,2.5040636372553893,5.778283292848253
1056.8113622724545,25.81953224631129,183.01425866168606,2.4496979261135707,5.2188456746647045
1057.2114422884576,32.946718384057675,179.3619363428276,2.4416358662093685,6.858517791266336
1057.6115223044608,33.20679670679199,182.60140759591113,2.484037951030062,6.1989853762618115
1058.0116023204641,35.25400506621474,180.59100169525215,2.5200508165149302,5.849744670029136
1058.4116823364673,27.13872490342775,179.92227379652286,2.428904997508595,5.6321946840128305
1058.8117623524704,26.7648822241946,179.65509998671473,2.47001494527307,6.78731005462765
1059.2118423684738,34.09502326770716,182.00054809875382,2.407063428690426,7.876980192365517
1059.6119223844769,33.15611205747495,180.89831071003695,2.4609766273353304,6.356172039457315
1060.01200240048,32.93142978141067,185.72416412476716,2.478413408486693,7.1676334939954724
1060.4120824164834,33.27690550936914,177.85416179566352,2.44319988526389,6.6259228792787415
1060.8121624324865,29.133037966066524,181.22998952008237,2.4594439412001248,5.688560326834736
1061.2122424484896,32.744546319524275,178.56163417231647,2.421732378820189,7.320256375024054
1061.612322464493,32.95058720200037,177.66121078807177,2.481481517984071,5.869006169556667
1062.0124024804961,28.88402911003636,179.75694265660852,2.52096215404057,6.774424755256418
1062.4124824964993,39.168042585503414,180.07706518563003,2.435183724040604,6.496281845141042
1062.8125625125026,33.564158852877156,186.9785831674613,2.4544967847214045,7.496345870388097
1063.2126425285057,26.867869256356528,179.17214239980464,2.4998387612223265,5.947759832387154
1063.6127225445089,34.2239277754019,176.7563107039229,2.528552873175543,7.119384153028581
1064.012802560512,27.663991341563214,180.21342840352028,2.4206730596463646,6.147268736829913
1064.4128825765154,34.67643626510307,174.2933396568871,2.4739797427061667,6.422651702916158
1064.8129625925185,36.12823569402219,179.19898056049917,2.492385915148644,3.935815613562488
1065.2130426085216,28.177255880773593,179.41776368193274,2.4773070443243403,8.5301052269931
1065.613122624525,35.27999823778182,181.31292515447623,2.3826453002708434,7.30933307984389
1066.013202640528,33.04450332168753,181.70909987329853,2.50208732928639,6.267481236935212
1066.4132826565312,34.648884003606355,177.96463715788886,2.543142989573003,5.994116833727681
1066.8133626725346,38.91545742446979,178.79544059908815,2.4873608705209485,6.509814945739505
1067.2134426885377,30.314754058539283,177.20498603811865,2.441774079305568,7.49234048277167
1067.6135227045409,28.249762304156278,176.24834282962098,2.4628162062599572,5.417682102778105
1068.0136027205442,27.67542959825291,179.79134646576105,2.554459844914337,6.830605915779099
1068.4136827365473,27.93940694790888,175.78065572194407,2.5203828990616364,8.372920514923102
1068.8137627525505,30.8637829306011,177.8759627714852,2.5099055842230897,6.06179360976809
1069.2138427685536,32.5067207450097,176.37240648500335,2.4988801894536636,7.045812405024847
1069.613922784557,32.21918099897018,180.1822622247762,2.4584964105427556,8.7567158935556
1070.01400280056,34.391838107432775,183.25924447517832,2.477236296752079,7.512362922233757
1070.4140828165632,31.106182811360515,175.44921691391613,2.4824585212720005,7.119964099680967
1070.8141628325666,36.83976497102246,174.01806156691367,2.5078737255854184,7.437127417545786
1071.2142428485697,29.938838490897254,178.28571530778183,2.5465618642368963,6.723728919237758
1071.6143228645728,41.85036384536011,178.58440618733127,2.5312520205046947,8.096738810154585
1072.0144028805762,33.444962563546426,179.03894415646695,2.430055536181831,6.750191956988044
1072.4144828965793,27.486654017117186,177.32353439711403,2.496102151141862,5.514942418089135
1072.8145629125825,26.605090829960105,177.88468342593353,2.5169233525405454,6.781886425664729
1073.2146429285858,32.79231299787046,179.25191046904112,2.5125167204548426,6.334191900173763
1073.614722944589,29.942721065525607,180.88097181665006,2.4629014651943213,6.895284278596885
1074.014802960592,33.6671098221498,173.33894076603656,2.604942710612131,6.9256414918483875
1074.4148829765954,32.67898115964141,177.250790758307,2.437601501322821,8.103525773604035
1074.8149629925986,30.470025404293903,178.65414715588042,2.4456629011864597,7.714509030993202
1075.2150430086017,27.34986454942152,175.7710804705711,2.498638808769262,7.38158397419793
1075.6151230246048,24.653737251906193,182.3402507143571,2.5742707032450407,7.181321025396806
1076.0152030406082,28.90354181628176,176.3700187758179,2.4564533694483757,6.349305690781488
1076.4152830566113,34.09206139723216,177.80144013676158,2.4795696160305307,5.46417556140611
1076.8153630726144,31.500095283649802,179.24076760952727,2.53359508736124,7.312376261731443
1077.2154430886178,25.638409135353776,176.31845364359944,2.4900884444952585,7.870302501060841
1077.615523104621,31.292122110400804,173.1260995800759,2.4777173650943944,7.160672438751968
1078.015603120624,32.119092648021,176.61667640380094,2.514024420146451,6.832214752836885
1078.4156831366274,27.021209017068042,180.2076091726169,2.502596402569075,7.64446720449816
1078.8157631526306,31.15074606816401,176.73738017137433,2.533208805257958,7.218975505556384
1079.2158431686337,30.748278983240155,175.40905818863067,2.5439445701487045,8.647020882717076
1079.6159231846368,25.9235532923276,179.78476677388778,2.504859485525426,8.297400872070156
1080.0160032006402,31.906966528638513,176.5890082782766,2.5045412063766923,8.091625656308466
1080.4160832166433,32.699730339718485,176.08582032012404,2.501727854505506,7.943015794088502
1080.8161632326464,34.769965205072005,177.68005759031314,2.5130191368748416,6.317512079665649
1081.2162432486498,34.634529591193235,179.17840668728445,2.495950218994248,7.892866634528956
1081.616323264653,24.890598509604594,183.15084818491897,2.4940075104733883,7.6763661904560925
1082.016403280656,26.63232415668999,179.20960782333492,2.5421843662505665,7.8732869848937455
1082.4164832966594,32.42650773918008,179.98599128689477,2.555250333602407,7.795084532421732
1082.8165633126625,32.404647123299156,175.7662709210734,2.4345889448556575,7.776064653507825
1083.2166433286657,32.393225279410494,174.4112330457583,2.4955762542153135,9.587413235074843
1083.616723344669,45.72788654017791,177.07637103589036,2.4679109435416646,7.3786447720685375
1084.0168033606722,32.58484374982705,177.1330298755378,2.483302140167428,8.201544170080531
1084.4168833766753,34.82826073435673,174.11330935012805,2.5121228883691833,7.088571019749864
1084.8169633926786,34.087117275905726,176.31576530260193,2.5230799771991337,8.11077231909935
1085.2170434086818,32.86218309547557,177.6966309810625,2.492096546162066,8.24261866597715
1085.617123424685,28.98144503199789,177.5435813580358,2.4203261093121697,7.795614771327808
1086.017203440688,33.264699090453895,177.84750456157101,2.4585349735195505,8.852390009591165
1086.4172834566914,27.124218045150982,177.25831059535898,2.533272810867983,6.822497499093388
1086.8173634726945,29.25533788099835,175.20741836923568,2.3880707458081742,7.153074709903208
1087.2174434886977,28.24864843772363,175.1341577256867,2.5454588167424794,7.72569586578411
1087.617523504701,30.505486624326224,173.36542872253676,2.5190838056939313,8.27338474822327
1088.0176035207041,39.424909081753356,180.76857201461678,2.551153470188399,7.72523742172177
1088.4176835367073,22.685896291027007,176.2840174256462,2.4908344238433875,8.623262579924969
1088.8177635527106,32.88907774843928,175.63194649553662,2.4165906803553114,7.078271942721699
1089.2178435687138,23.682651281733275,173.81571770174315,2.5165300486615867,6.708136415362166
1089.617923584717,28.23566310531089,183.42039320767725,2.5505692514243252,7.880084058218992
1090.0180036007202,34.469466942792685,173.3414113213836,2.5368385180175834,7.584826100578971
1090.4180836167234,30.361456957915806,174.89602756982603,2.473607439768564,8.09385691651148
1090.8181636327265,25.784428585885877,176.95108911723648,2.5038499275259913,7.6506463483599685
1091.2182436487296,27.225662309014716,177.3553133740415,2.4793293493632254,7.413561147221711
1091.618323664733,32.79713635917036,178.19282995178887,2.4681343854881064,7.638642214581184
1092.0184036807361,27.149545953026184,180.26017548930466,2.5393817573128654,7.734693109308027
1092.4184836967393,30.929512977547176,176.9496389485979,2.4535250170358323,7.480657040051266
1092.8185637127426,30.239031258409117,172.98719521660598,2.4659326700444146,7.575170829908837
1093.2186437287457,27.44380703919499,174.92787426008826,2.457782240627859,7.427842420603811
1093.6187237447489,38.61984867360298,176.2827209443178,2.4425902228167367,8.449095981078866
1094.0188037607522,32.574011746333134,180.62654677537324,2.5083124704599435,7.932033591087854
1094.4188837767554,21.932428197089195,171.90424898790513,2.549170711199084,9.595277710343426
1094.8189637927585,30.773878320782885,178.34792494918796,2.495569123107728,7.931504297067307
1095.2190438087619,27.37637743097538,175.73393123863914,2.442986797252748,7.375325516984753
1095.619123824765,33.429118640569115,177.32132454533158,2.537065916806427,9.965628479535123
1096.0192038407681,26.845564208214448,174.91430620998958,2.5711465395545985,8.173071752804955
1096.4192838567715,29.553363165698507,173.00569876106792,2.4781180170579478,8.64735867109776
1096.8193638727746,32.029319779601586,176.93139279945893,2.485073684666786,8.342035074397838
1097.2194438887777,33.46985318199775,176.63266275297525,2.525089328766292,8.379860948141895
1097.6195239047809,25.20350856888384,177.3690463940407,2.5695838028601083,8.323080328554603
1098.0196039207842,28.66495112990998,174.84790628710772,2.484160335914064,7.025999859580047
1098.4196839367874,28.10183681699499,173.3238224562686,2.4518994569642856,8.21480656976893
1098.8197639527905,27.387363253323958,170.8685660515451,2.5306968348490235,6.874015440553767
1099.2198439687938,37.06195941535015,176.75606976247954,2.5376443501243595,7.80754063319165
1099.619923984797,31.619931725910625,175.70941102331344,2.5061673143049643,7.379668557684569
1100.0200040008,24.956731652003768,172.17722977630007,2.483836045768091,8.259275429280093
1100.4200840168035,33.67237800007324,173.18720017737112,2.54617473433634,8.253742108291203
1100.8201640328066,38.490617887039775,173.30863493906293,2.527758121601674,8.384504660081975
1101.2202440488097,34.133317155940894,170.70991874933023,2.4761352427608507,8.24257698499942
1101.6203240648128,23.927839368861697,172.3149725965268,2.509071318721825,7.54043611000945
1102.0204040808162,28.07064613452678,171.4663530001244,2.4532729765657653,7.830255060906631
1102.4204840968193,35.07789025419937,173.21143385934565,2.535009525163093,8.788540997631056
1102.8205641128225,27.182631021957206,172.33754298099987,2.4973160722158467,8.919680308948234
1103.2206441288258,31.79204977048388,170.05838325178112,2.490607367161178,7.161144003875014
1103.620724144829,33.11917133613726,179.1239340959117,2.5069500822567483,6.867008444517662
1104.020804160832,26.31717612984916,177.1403281005763,2.510105504952251,7.523423598690771
1104.4208841768354,29.791459246642997,172.00290091075598,2.544517407244833,8.954290147447402
1104.8209641928386,17.069553651697525,174.57293223633766,2.5325897047104404,9.103224639218597
1105.2210442088417,25.942534393045413,174.87692748904496,2.5029144602461013,7.404745535507008
1105.621124224845,29.035673817117846,176.7523228123804,2.5399411729932706,8.403564373878497
1106.0212042408482,25.06107458321733,171.66939706291853,2.525646418834396,9.63846796954829
1106.4212842568513,36.58851273905367,176.38743673928013,2.492774289410312,8.516382192819655
1106.8213642728547,24.345361440993273,172.228626017121,2.5050697576254706,9.334549777788235
1107.2214442888578,28.313207539818897,170.19991276746742,2.504348638845978,9.009546509544714
1107.621524304861,30.604205314400453,175.29105033218414,2.530705938364585,7.49562829237381
1108.021604320864,35.85459253927759,176.64870646023058,2.49603136852946,8.085027957117871
1108.4216843368674,24.354705883005494,179.83264626448485,2.495311550842742,8.278046286451012
1108.8217643528706,34.75986318946937,170.30458671848552,2.5898927110247305,8.346782726121686
1109.2218443688737,30.157592561553468,174.99218841981292,2.5489451919055583,9.009776128951835
1109.621924384877,26.20047614211373,172.16133935480974,2.4811439521697185,8.616901299733163
1110.0220044008802,31.98517320672412,175.08515708540602,2.5346166752285857,5.954236766406257
1110.4220844168833,30.94364462582312,169.39141952017025,2.516722943932954,7.266172776845771
1110.8221644328867,27.75758266883249,169.85156794962123,2.5278597417714157,6.579791114159841
1111.2222444488898,30.449100474666583,171.00962088053342,2.5178989473312354,8.483242200952722
1111.622324464893,28.640477144654387,173.08750081903207,2.5601974444121596,8.548597536278692
1112.0224044808963,30.648037561151543,171.2281381799902,2.5266418398107935,8.596047972362484
1112.4224844968994,32.855124581061595,174.41919638124506,2.51053760725561,7.615589095054467
1112.8225645129025,36.56369970295556,175.2794854348216,2.5549117476982444,8.935313666531277
1113.2226445289057,25.281797642457356,174.1518509618766,2.522757334528561,8.982278196735102
1113.622724544909,38.779016764853424,176.64050493898918,2.518485721720058,7.418421601281252
1114.0228045609122,22.452751904408686,173.5737023159807,2.526386964276533,7.262985802161302
1114.4228845769153,29.668578538825315,169.4324657006934,2.5102800154218654,8.448989309819527
1114.8229645929187,32.64399930762723,175.8236929868648,2.5145906053942,9.895801494780066
1115.2230446089218,31.430105021321843,170.84287849363628,2.4909497231776845,9.835453542732722
1115.623124624925,27.831141799152235,174.57230652583658,2.4845656293386997,8.939669100788207
1116.0232046409283,29.505648211480455,176.17106148779362,2.474863143015692,7.91823706335579
1116.4232846569314,28.382725555910508,173.31888678058363,2.459319094932732,9.224999775485047
1116.8233646729345,28.014256829987424,168.3771863277993,2.4800010260879404,8.166879876743495
1117.223444688938,33.78750501875559,169.7624460132932,2.5084091581515793,7.928109627696622
1117.623524704941,31.8349332789244,175.3052077901044,2.519693485310743,6.840240022246028
1118.0236047209441,27.65340130539112,171.5158878893934,2.504904684121274,8.650619673096209
1118.4236847369475,34.042000895703566,172.07795487181454,2.421714992492199,8.078122592641787
1118.8237647529506,31.691754244075327,173.71638761948097,2.579111991346392,8.672465398049319
1119.2238447689538,33.73335215818738,173.50041905607623,2.559771965059648,6.769141559124824
1119.623924784957,33.02015901876913,172.3968771945945,2.5343261941598287,8.757797609344536
1120.0240048009603,27.20579570564461,171.1184536032657,2.592977282537223,6.6903497629910245
1120.4240848169634,28.301575494576277,170.79868205379137,2.4777637607228185,9.518911121644772
1120.8241648329665,33.55238946114803,173.6653113016667,2.5925428130121317,9.079385867404804
1121.2242448489699,33.02600263215965,172.8446822345213,2.478607539583013,8.452256694454864
1121.624324864973,30.522612527779557,170.75768633659266,2.5269427245632725,9.138681635806464
1122.0244048809761,31.09761622622539,174.0463794797322,2.4666156286175576,7.919365112614299
1122.4244848969795,35.761444168096304,170.958660861492,2.518331607437288,8.773045183301454
1122.8245649129826,28.307366664360135,169.09222392379638,2.5333640322063524,9.364285656896955
1123.2246449289858,32.88529875592491,169.2640722463907,2.5119020931557796,6.266358023617234
1123.6247249449889,29.911784637570353,168.65475362619514,2.546815942497377,8.397334207533618
1124.0248049609922,29.87386507649098,170.36067515383118,2.5223913640462663,8.750323873350293
1124.4248849769954,35.16412018076765,174.06609379048464,2.4977029400561204,8.624730909413834
1124.8249649929985,34.09548890259319,168.90911712831598,2.4960945401945818,9.960774968873922
1125.2250450090019,34.07306023773892,171.33310622276244,2.55136996692587,7.909301324523628
1125.625125025005,36.06652215939029,169.160245614797,2.4929488761592844,8.32482449271691
1126.0252050410081,30.9545941747549,170.09123962001178,2.555878614542229,7.30238721002693
1126.4252850570115,33.62474879555316,166.90694418968056,2.568333701682075,10.056643110426078
1126.8253650730146,29.682613788949627,170.0707290618781,2.4528382044379327,8.66471378252748
1127.2254450890177,32.247475504954956,170.0778316856832,2.5650641369547036,8.524351576401322
1127.625525105021,30.457752097694225,171.85282924771627,2.6023231043587125,8.84642594834024
1128.0256051210242,31.394206895382553,171.00032034197667,2.5301442531227054,9.410734715562837
1128.4256851370274,33.415133910931445,167.38614150328544,2.5441841665122293,9.192971219659862
1128.8257651530307,27.7902894508426,173.03261693510885,2.561856497558384,11.046722731244211
1129.2258451690338,39.46177080308669,170.78787485433483,2.509511265410895,9.304899288318826
1129.625925185037,27.097584367912436,170.69809406192692,2.5279748272477716,8.582889739224246
1130.0260052010403,26.294713842221896,170.1191451541575,2.4682674831744333,8.519336419389852
1130.4260852170435,35.8141079155092,168.78769660867133,2.5265314962383503,8.66755053032906
1130.8261652330466,34.37889257084058,170.56658435272743,2.541059989273782,7.793624125533617
1131.2262452490497,33.739679192588106,171.1510376243912,2.5419302272660955,9.040321028444234
1131.626325265053,33.78792035121042,165.53481575907117,2.5640476736898776,9.64854010298698
1132.0264052810562,31.257269371308382,168.49514243564752,2.4905843564677954,8.544410585562638
1132.4264852970593,27.74933637637163,169.14466840034285,2.500416711586902,8.402533095665458
1132.8265653130627,31.6740482320218,170.3624560607175,2.5976845923392657,10.274528693068294
1133.2266453290658,28.69503750761796,172.64530387122315,2.5159932575604302,7.933921180904443
1133.626725345069,35.3373953333652,167.6726748865987,2.530148614369586,7.434187764137491
1134.026805361072,30.88229607939695,168.2971272964197,2.5196065069267997,8.1794552325919
1134.4268853770755,28.202522645668562,168.20070671778706,2.4895580956214927,7.882764433198533
1134.8269653930786,30.253329971391395,167.41823885746763,2.5875036905617064,9.43742470889514
1135.2270454090817,33.225336587992594,168.49411385741698,2.5015904315000177,8.853212873421134
1135.627125425085,29.35382496426233,171.22911499846455,2.477741804310585,8.979358753520463
1136.0272054410882,28.355328407479476,166.6075578208158,2.504937121921471,10.09078688060457
1136.4272854570913,32.65481949164326,170.25172808179616,2.4430307702222094,8.628701967447077
1136.8273654730947,32.69617085370504,164.86749114393714,2.4971785575514693,9.815170805138653
1137.2274454890978,29.725138479070278,167.65896610965407,2.484634725745932,10.417485970631224
1137.627525505101,29.905736671116962,168.1786626549159,2.548185595132521,8.857225158700102
1138.0276055211043,32.75543986591171,173.12962098147318,2.4966792263598987,9.824699771873542
1138.4276855371074,26.072623885396315,168.1955636860375,2.559254064317841,9.054952326362509
1138.8277655531106,26.273197597018545,163.3195708338745,2.5798061415782336,10.001009101225662
1139.227845569114,29.067736951182777,163.7655804064919,2.5552374333877643,8.017861896845957
1139.627925585117,31.126555453917785,168.78801354777949,2.5154972887031284,7.9719647407300815
1140.0280056011202,33.26317300910338,170.1775180471908,2.5298785618167465,8.98868023018671
1140.4280856171235,37.96053413440027,169.52189696037368,2.463354506541534,8.60387292970291
1140.8281656331267,35.52968147992852,168.94236473726684,2.519121411099882,8.914962308004352
1141.2282456491298,31.499589149218462,171.3692870357647,2.4901724879418574,9.166023526159282
1141.628325665133,32.10394463578487,167.05487563689678,2.5524792805491994,9.930969126345595
1142.0284056811363,28.210923472620948,170.58136346758445,2.6277312766599685,9.04214159320231
1142.4284856971394,32.188384459666985,164.20430166010635,2.5449277586465797,8.722490943390572
1142.8285657131426,31.14956246650693,165.96224015599347,2.4454017548884117,9.11367734121707
1143.228645729146,33.6371945597506,163.64729685110848,2.510709375490438,8.792877918670195
1143.628725745149,29.079882443817972,167.41809808499872,2.530168196512619,8.674293824177338
1144.0288057611522,34.50904009799381,167.9298903533542,2.5288715859465256,8.14438677597326
1144.4288857771555,38.605818753575576,168.27115091178666,2.4962522457245906,9.503682572799173
1144.8289657931587,32.08339211418754,168.08098173599222,2.535402673876974,9.00643315380775
1145.2290458091618,34.16920905138231,165.54778924990424,2.4759959549712685,10.247716070318218
1145.629125825165,35.3672267301729,167.3314934021601,2.4880033739243266,8.330069220028083
1146.0292058411683,31.04641591259716,164.00392615327027,2.551734112248739,9.067609853610602
1146.4292858571714,33.59267248602684,171.0960876114995,2.4853769097423712,10.964890601719633
1146.8293658731745,32.79203392202641,166.86944803928316,2.5476318835101774,8.776162796981529
1147.229445889178,33.1780867486004,166.34682233214997,2.471423595825862,9.351906786739498
1147.629525905181,29.741416798100506,171.481939880576,2.5968926561917427,8.581738506580905
1148.0296059211842,32.977925015815714,164.34455183757808,2.495425043784806,8.488949248101486
1148.4296859371875,34.918659932009184,164.57680784113114,2.5175441427781475,10.818814805747323
1148.8297659531906,38.77837696062712,164.59086127175465,2.5398090455160656,9.731069504223054
1149.2298459691938,36.85837415590661,167.10239975020565,2.504062970180771,9.714449935858443
1149.6299259851971,41.68186080331392,168.29185372141845,2.532504403060527,8.263719831097344
1150.0300060012003,30.04793187725324,169.00269074202248,2.5498723724150674,9.921028816828825
1150.4300860172034,36.65514609369582,173.52424943024906,2.5653713133908966,10.573233017997076
1150.8301660332068,33.948122473271695,161.41147136466918,2.5586941033952084,10.580133666926207
1151.2302460492099,42.023205789625216,168.49771579365375,2.520247949856839,10.208471895720555
1151.630326065213,30.080388436553342,165.52390832486574,2.5213399998740234,8.7834668149679
1152.0304060812164,30.004628851536772,165.39158909170652,2.6212532549537664,9.950800581585506
1152.4304860972195,31.016226602563272,165.2491237801198,2.5653668559348852,10.247612927336242
1152.8305661132226,24.968840768156927,164.46759264638163,2.490579465713354,8.291229676920429
1153.2306461292258,31.412374766360532,170.89182787460996,2.531531794890058,8.842996867348656
1153.6307261452291,30.53017928532261,168.72729496821722,2.5142051362055127,10.463778737588255
1154.0308061612322,34.21994322529372,166.62061501295713,2.522274822301741,10.467318119936325
1154.4308861772354,35.037392372886764,169.88127607196367,2.4785844511870665,8.540839903500196
1154.8309661932387,41.22739362723063,162.6635647645591,2.5113621293502466,10.42894447767051
1155.2310462092419,37.577087996097106,163.05931435356138,2.6003748257451753,9.88238709218037
1155.631126225245,31.52080012283194,160.8823880262118,2.5511479172824783,10.444164616594408
1156.0312062412481,30.288117042667626,164.52004200518633,2.428409413175617,9.324949426385803
1156.4312862572515,35.90315142300125,166.61413714784362,2.576794546774868,10.361918201459142
1156.8313662732546,28.708578084614714,166.40839188063484,2.5717792583875383,10.53403516468603
1157.2314462892577,41.36971845372105,166.46599759918664,2.5138898680309887,9.591100694022819
1157.631526305261,38.816351782372884,162.50644156201543,2.5570177565444228,9.899562867888696
1158.0316063212642,32.27693115615508,167.9834553976875,2.494015912338974,9.379731342009178
1158.4316863372674,27.356471788168044,166.5161669719771,2.5096450490282645,11.23304318017356
1158.8317663532707,39.68020832965079,167.69130889895723,2.588459259490656,9.828693341196216
1159.2318463692739,33.86260027723778,161.06838880334078,2.5177090608897315,9.2004657346602
1159.631926385277,39.32839673119206,166.52068912835907,2.4538485830297567,9.37859413147612
1160.0320064012803,28.056122770652646,162.7142639460394,2.5261640367990177,10.065836311831074
1160.4320864172835,32.09336442643625,164.63213195721238,2.5256096749600325,10.580244972210696
1160.8321664332866,34.56919870657302,166.90316400356383,2.576743726776086,8.922073933053117
1161.23224644929,34.79383303111968,165.73684671341437,2.529436942174155,11.482013891436788
1161.632326465293,32.863661954059545,163.32217360779504,2.5120534216892065,10.263971644793893
1162.0324064812962,37.21366226025666,165.40866787153274,2.5707709160108094,10.403336684006684
1162.4324864972996,30.510444077409492,161.50615932628105,2.533850962381785,9.96555567735207
1162.8325665133027,34.27039475312435,168.1527305915057,2.499067855164172,10.071844738877154
1163.2326465293058,35.38040480835656,164.70596903842545,2.575316800306911,9.950936088178869
1163.632726545309,37.01660894674132,167.9577240746481,2.536910229695315,10.89691912337231
1164.0328065613123,37.86526523807543,163.7872439073616,2.5293263844488005,10.089453879087037
1164.4328865773155,30.580509300181706,163.7369114916383,2.536369993218351,10.722545911245156
1164.8329665933186,29.00321178826818,163.0777179016821,2.486469959283533,9.774931226903634
1165.233046609322,40.31128445450692,167.1210088121959,2.5082323041632653,10.291619634369166
1165.633126625325,36.59105882763035,163.09944155376965,2.529522244548715,9.505063294753128
1166.0332066413282,32.329398183381365,166.42701048144764,2.521631601846215,11.13450884222192
1166.4332866573316,41.5898087336323,163.80195098786317,2.580353217759525,9.507369412605458
1166.8333666733347,35.91006983258852,159.76079208071803,2.53818897271361,9.927458797107876
1167.2334466893378,40.2270434623635,163.217592414004,2.563724274764893,9.948543303632622
1167.633526705341,35.84272404912234,161.63834384237217,2.5299380341429303,9.930413873714722
1168.0336067213443,43.87874818193916,164.61366816059214,2.5718465840131532,10.80462895430709
1168.4336867373474,42.72053616256453,161.49574979944785,2.545527701999084,9.986357421997567
1168.8337667533506,34.76704144564152,166.72962612697614,2.53019368036956,11.367868428912415
1169.233846769354,39.71321500651638,164.1299800446541,2.529154528543205,9.61098771748031
1169.633926785357,38.47277505561655,163.85672374657233,2.49153601992091,10.414302491039905
1170.0340068013602,41.430443403566834,165.8835514665527,2.550016628175274,9.671198134748506
1170.4340868173635,32.16117407411587,166.59675982896243,2.5281569657238774,10.641625181394486
1170.8341668333667,38.83032828663984,164.07998160079347,2.509709353592876,10.305100756694358
1171.2342468493698,40.38537766697644,162.14552896350807,2.57407010071682,10.206817974868892
1171.6343268653732,29.18258074020518,159.58197278022118,2.47982430756142,11.294648081369713
1172.0344068813763,31.550664240777863,162.24520604149603,2.512953152169791,9.833388469823687
1172.4344868973794,28.193228766191936,162.36080056527496,2.5709804978625876,10.839061248031859
1172.8345669133828,35.339287841722495,164.11504332443502,2.542510145873519,9.767661579676398
1173.234646929386,39.35413935288071,162.92816938868404,2.5279910717325316,10.485951226306073
1173.634726945389,42.56075006289469,165.4545749372546,2.5399604913279608,9.452309464350774
1174.0348069613924,36.91534779756684,162.14605988630774,2.537110557262457,9.891715710967647
1174.4348869773955,43.20137189333264,163.47976097143754,2.469279849345809,10.36896766894587
1174.8349669933987,31.234738039640263,166.52624921155893,2.5159869564303303,11.899347028971977
1175.2350470094018,30.010140310642193,164.36483186775865,2.5946280984632346,10.541209229554518
1175.6351270254052,36.67029640529356,163.3042353448635,2.5036027870517477,11.79723200839803
1176.0352070414083,38.49785596519555,161.89360121916945,2.5172509516999124,10.662679932136717
1176.4352870574114,36.90021087520883,161.75959033684202,2.508324121162567,10.189670502997258
1176.8353670734148,28.830904784387243,161.16041620074648,2.5265130217602607,11.743732309353733
1177.235447089418,36.81416284689405,161.87878729239347,2.5066721159719823,10.874762910756028
1177.635527105421,32.02302020679766,165.06489941518655,2.549468807352984,10.023865725205715
1178.0356071214242,39.990127866950914,162.56552035700776,2.5378925212946513,10.927386756736752
1178.4356871374275,38.848653248692266,159.6903910509793,2.560941446432414,10.329732716222177
1178.8357671534307,33.693845707916545,167.4299067345508,2.487960171697533,8.985452360545036
1179.2358471694338,35.46928263092011,163.7541339606451,2.516381195050858,11.338321657043535
1179.6359271854371,33.359561375249335,159.381678280065,2.520961624648268,11.478345933560309
1180.0360072014403,37.417642804648054,161.73930919289919,2.5482108414188516,12.085599956213436
1180.4360872174434,41.56114962351995,163.0661217413383,2.498249271825144,10.9658009494353
1180.8361672334468,33.870173564786555,166.9954404460304,2.5665961462261384,10.44193887672807
1181.23624724945,39.90203632123218,159.90881426166334,2.577417211720954,11.321732671676145
1181.636327265453,35.83786623029702,165.06441377608002,2.4903950080082513,11.346412765920448
1182.0364072814564,34.86072458574807,166.0683266003045,2.510303019776358,11.989988530868445
1182.4364872974595,37.67768527879937,160.94335591821107,2.5086474288289717,10.656460300131783
1182.8365673134626,34.038698647647365,161.76667198172947,2.635205610960673,10.572489675058865
1183.236647329466,36.03920116727973,159.81523106458047,2.5126983523058786,10.145299348948514
1183.6367273454691,33.53668531573268,161.84298389586334,2.5969822881812092,11.160478099745902
1184.0368073614723,46.26176277039872,162.20587939399405,2.479193625033166,9.504664092255037
1184.4368873774756,38.61884745936859,163.89228252546135,2.490253221025672,11.376899709405071
1184.8369673934787,35.754086692988835,164.91450562975456,2.5023541538652396,11.23904561766464
1185.2370474094819,39.484367098495326,160.26478303560984,2.4959685589291882,11.249572653000556
1185.637127425485,38.25485603669489,157.1627742050756,2.5190566992075074,10.9048268499684
1186.0372074414884,37.896271454510085,161.97412660897453,2.501396758757759,12.033350564505934
1186.4372874574915,41.31305789109566,162.70732269521255,2.4969481827321336,11.517275117671366
1186.8373674734946,41.96292157013813,162.543352621799,2.576033407342724,10.346721981410541
1187.237447489498,36.8876429547994,161.0495446318554,2.5786176750883136,10.37373483150877
1187.637527505501,36.78338734562223,162.12461775915384,2.567607914691958,10.154024242152367
1188.0376075215042,38.06372099752505,165.54795029613834,2.5505648596271717,11.31146600291504
1188.4376875375076,30.033764083318566,162.66036606238706,2.5332821929811518,10.082995003083639
1188.8377675535107,33.25845768696464,160.719394134199,2.509657534199535,11.762477355316733
1189.2378475695139,44.86474319153621,160.34919799421425,2.491377475882002,11.966790421963191
1189.637927585517,46.05539090537901,161.12203235701645,2.5439873414742658,10.217837466940468
1190.0380076015203,38.55789831349839,165.58557783350238,2.4824847581765295,10.785240870779676
1190.4380876175235,41.939039978171444,160.98263538468885,2.4896343207965725,10.959596147044643
1190.8381676335266,40.956828371404356,161.33865566599874,2.5754675961168463,11.666095938634578
1191.23824764953,52.10661132263627,160.12970769426997,2.605335659547695,12.258984481557546
1191.638327665533,44.34889150977081,164.0303964202725,2.5449988598150095,9.635706497843307
1192.0384076815362,39.43866744039101,166.1300744634946,2.5734814214924215,10.742136667242267
1192.4384876975396,36.20816287681454,162.30465472817014,2.5193440088303447,10.796438849845325
1192.8385677135427,33.684765801408915,161.3327932020088,2.475624505548755,9.901277361215236
1193.2386477295458,41.00487039531693,161.1656555043405,2.55357059486843,10.64627628025836
1193.6387277455492,37.24631467835577,155.06086814902136,2.5518062861928184,11.389120451500242
1194.0388077615523,34.66364037523953,162.83254878071173,2.5318511649111644,10.836493061851623
1194.4388877775555,37.84753568177235,161.2532245360391,2.519237840639062,9.836259963220568
1194.8389677935588,36.189040361102094,161.93690145227396,2.567368445394018,13.383733534521983
1195.239047809562,47.345435921370225,159.03573019887315,2.4893965916572567,11.309909848504425
1195.639127825565,44.205295956388134,159.80168494822388,2.497819308423315,11.198812681118968
1196.0392078415684,40.72894314242124,159.68380894221812,2.488389618128095,10.243595686035299
1196.4392878575716,46.76293495985979,163.2140761296534,2.5320548723615293,11.342970622632693
1196.8393678735747,41.23518293129642,159.66187028295545,2.4850810378793953,11.01549303790116
1197.2394478895778,37.56334947024591,165.76427627338612,2.501166605122024,9.648493101005235
1197.6395279055812,47.18398311298411,161.58374206645163,2.5002443337337668,10.315544577678738
1198.0396079215843,43.33035013194597,157.26644544421262,2.5179872171502566,11.820116113369316
1198.4396879375875,37.109169786057244,160.08345852700384,2.4688522975969756,12.75180499840827
1198.8397679535908,40.580464094394806,158.7249152762974,2.531769931390154,11.502727929921969
1199.239847969594,37.92322881460241,154.81753294810977,2.578107065703063,12.1038560430213
1199.639927985597,35.97860320107881,164.25166029593416,2.533566494724541,11.10916801381008
1200.0400080016002,45.29882854109856,161.96044146761173,2.589730338451216,11.176907137038915
1200.4400880176036,49.316315718531975,161.48531447684368,2.581366806086763,12.131287996082674
1200.8401680336067,36.169122893665616,160.51562586548903,2.559044400201699,12.60107615616639
1201.2402480496098,44.10022603816123,156.59700334603582,2.5308492858562883,12.32407001185323
1201.6403280656132,39.33094522769805,158.79304554883757,2.528687456218945,10.442429249498613
1202.0404080816163,40.070389529036504,162.0566925968977,2.558263755350619,11.25426830984915
1202.4404880976194,39.73489870761954,157.27445453403,2.511967999609892,11.542159480703765
1202.8405681136228,38.734301077025904,153.52345750558834,2.4522557897796746,11.124690211278278
1203.240648129626,42.470345456201514,159.2356047552685,2.547157314721506,11.654999942988844
1203.640728145629,39.038656928496664,159.3995782092757,2.4821536775150252,12.013445100301318
1204.0408081616324,43.53068542829527,160.04359684520566,2.488828781750175,12.171489551162269
1204.4408881776355,42.33450731676787,161.47681556079638,2.527240135556604,12.730184265371529
1204.8409681936387,41.666468708662045,161.20047911499034,2.523341668479491,11.130169888674581
1205.241048209642,39.07900551232733,160.20445025975152,2.470577865060966,10.314719043865056
1205.6411282256452,40.489370832845744,162.49753145289702,2.533593518008177,11.704744168268382
1206.0412082416483,45.90541238761454,155.66257238318633,2.5655311490230073,12.937404289038309
1206.4412882576516,44.9751014997497,160.6728623818487,2.481662348568211,11.060961740608294
1206.8413682736548,39.14898956882375,160.92928246242263,2.577604535684698,12.004194907944411
1207.241448289658,43.544508697320914,156.2156777840791,2.4642063034450925,12.023476731087285
1207.641528305661,46.24088661743333,155.50917269701813,2.6112127798072624,11.632184318807361
1208.0416083216644,36.646063957458196,157.35337893237485,2.5099748186417004,11.496708794569065
1208.4416883376675,45.585659705001135,157.51638551733495,2.5321540824820374,10.764551682972922
1208.8417683536707,40.850443231669345,161.00591303615022,2.450550972058517,9.690079052537495
1209.241848369674,45.87223633215509,157.5382635828029,2.5236485309398904,10.63802938133017
1209.6419283856771,40.62589105727885,156.8861068526397,2.535173666339442,11.22735537703989
1210.0420084016803,36.54866651584923,157.4503833840541,2.5224870483986277,12.429613049694312
1210.4420884176836,37.34747218257974,161.7286606378637,2.503308191229667,11.481236047401577
1210.8421684336868,44.13960708518662,158.91742334109094,2.4878655044633855,11.160568854177182
1211.24224844969,45.075959584101646,158.38954599578443,2.57084455075753,10.875039282745913
1211.642328465693,40.509780832309254,158.51564254181193,2.5267499227704118,12.12529772160943
1212.0424084816964,46.771568959965904,161.97391445175097,2.5870406352015403,12.69855137052723
1212.4424884976995,37.66144326152448,156.82406674601663,2.5042429008572515,12.474613890200207
1212.8425685137026,44.133699849602834,161.939124875532,2.5078008151309037,12.120771785297784
1213.242648529706,39.64461947807613,159.1300791386598,2.5577055341545822,10.467335519413393
1213.6427285457091,41.972173326970875,158.15640085415728,2.460050681872235,11.378446932364453
1214.0428085617123,44.86011271870317,164.76343866187634,2.476317817201961,13.229577179873578
1214.4428885777156,41.32003018517924,155.8259545049207,2.5686411777981797,12.581228461395595
1214.8429685937188,43.314790960661206,157.53483286011448,2.477748606006439,10.465586506398187
1215.2430486097219,48.96967628223703,155.2920919193566,2.451746864513825,11.66302435867735
1215.6431286257252,42.72859042716459,160.70857694041203,2.5991316931514024,12.009869843917707
1216.0432086417284,48.47073869844413,162.50477609209022,2.4685183596096314,11.121545213460445
1216.4432886577315,40.701113191944614,162.41112270951842,2.531515061597819,9.895776159692833
1216.8433686737349,47.4312842259804,161.25083039669792,2.526791674616949,11.834052453989667
1217.243448689738,51.170623969429315,157.65168136611993,2.41147987745777,11.136626842694
1217.6435287057411,35.61020705040089,157.18753588032453,2.5130878352583683,11.15158661950002
1218.0436087217445,42.401791705215686,153.87775194916236,2.5415913159605483,11.50672855753804
1218.4436887377476,47.990399542088774,163.10053104238617,2.5377001956665963,11.695331162852833
1218.8437687537507,44.96281694114058,159.1385964898235,2.5595404477138217,11.80679086448313
1219.2438487697539,47.35261708962868,156.69169688510522,2.5077705341646945,11.118636483672228
1219.6439287857572,43.54527412984076,161.19730348071155,2.5516396982080036,11.661418121866749
1220.0440088017604,46.40089998539077,155.40095682928825,2.4954344598582483,10.44339037364585
1220.4440888177635,45.52530103714971,158.8052653140103,2.466455797214118,12.109889570271523
1220.8441688337668,50.91274905689727,157.31311523515234,2.4708310003116734,9.587753100982743
1221.24424884977,47.35305520495336,159.29749498749678,2.4641201297343347,11.652882288781441
1221.644328865773,47.779672190875694,157.49811906905416,2.5628511713605264,12.631509947531198
1222.0444088817762,44.87578057541296,153.98612116706826,2.4617467500580585,11.060360838484685
1222.4444888977796,44.66702612241205,157.75890748772312,2.5331519758767165,12.492635549534654
1222.8445689137827,44.98151502049179,160.14879073855406,2.511412961363759,12.855721131605524
1223.2446489297859,48.383985759271184,157.41039184536945,2.517802269109572,9.296444094684752
1223.6447289457892,45.21679983791093,159.37816226860107,2.5763095638297244,11.833288290619116
1224.0448089617923,48.15452740008527,154.78363196217003,2.5040840153773316,9.665359832818563
1224.4448889777955,55.39184950261523,157.28902498907598,2.545939789667764,11.882997127243677
1224.8449689937988,50.66969006382194,155.75076269010185,2.5228316585307295,11.98339751379813
1225.245049009802,45.9761671502884,159.1369938172814,2.5151005466926852,10.01465512567918
1225.645129025805,52.18031056155596,157.30591501787313,2.613031028560355,13.552102011749657
1226.0452090418084,45.838469016125465,158.91015667506602,2.4632283377078372,12.252570094709242
1226.4452890578116,39.413708518524345,159.86217736766102,2.5722958092590744,11.356049891347633
1226.8453690738147,43.62941655471548,158.8300194717913,2.5468341121974305,13.219068372451655
1227.245449089818,40.274266712064474,157.7419842311786,2.501242950046148,10.62175539561241
1227.6455291058212,46.447168985046765,154.5220164548198,2.5854415783948403,11.086375178499217
1228.0456091218243,48.022799357048044,156.969085087145,2.44618810978302,10.241598454434719
1228.4456891378277,54.75089086744405,155.60197238980555,2.49908431439569,13.533434676957942
1228.8457691538308,49.44897821356267,156.03333176208625,2.4714569498743737,12.369895985064074
1229.245849169834,47.36110348689674,155.91609522197703,2.53611962607516,12.642945353310008
1229.645929185837,51.65147305355131,154.36170174932315,2.4749525660835396,12.367614551151805
1230.0460092018404,39.58576132039319,151.8774008980818,2.5366353250134313,12.597201968291966
1230.4460892178436,49.469317773543786,155.05976848510932,2.5116917430407373,12.212008622434478
1230.8461692338467,51.7069809128919,157.1731009726527,2.4998102711778576,12.377626657892437
1231.24624924985,42.8059378148226,153.27888391797666,2.534364345788786,12.25829984954319
1231.6463292658532,53.39216214691098,156.64835471146048,2.5079064170868595,11.69665550141658
1232.0464092818563,50.268093745316726,161.3197916164218,2.474937514641791,12.157525251592979
1232.4464892978597,47.35001601409336,159.08688267070417,2.6303682556899672,12.424981057046717
1232.8465693138628,51.63945054800862,160.59836551715026,2.498655879150791,12.305809189804055
1233.246649329866,58.28834423311085,157.4277520749178,2.4292662374750864,11.04640080908762
1233.646729345869,50.030380288244,159.3292781946971,2.4841134923666983,11.16386181136356
1234.0468093618724,50.393231269034516,154.5613141203865,2.466932017992066,13.117340938683475
1234.4468893778756,47.66042861164145,154.721249079599,2.550493363277401,12.01667313907076
1234.8469693938787,46.1961060870639,149.44527495859037,2.5301369069144637,12.741233121226786
1235.247049409882,53.014524692967605,159.2196672452223,2.5330413845409563,11.410925211980082
1235.6471294258852,46.36662892798032,160.06644438677802,2.5021128570836884,11.117256507766022
1236.0472094418883,50.175095363127475,154.79417542172953,2.505559441666259,11.632031706454447
1236.4472894578917,48.07614862114915,155.50387701585697,2.5017147171017835,12.139976390317067
1236.8473694738948,52.00072594868748,154.21589281967545,2.5131215587355356,11.797019266086028
1237.247449489898,51.51756197879746,157.01912830465452,2.549598764827265,13.375364935850644
1237.6475295059013,54.4312573507479,158.8369270342694,2.529443402989417,12.494906868951128
1238.0476095219044,48.33929152691201,151.6299223256172,2.5358186778317564,13.841492676739236
1238.4476895379075,49.398190889540544,156.97286094003056,2.5356091195405677,12.696905248521702
1238.847769553911,46.661041661772735,155.22015371883603,2.5508158810086723,10.454358348984577
1239.247849569914,48.897400189468044,156.15804426043465,2.526774428558488,13.240235846781262
1239.6479295859172,52.28232114124939,156.98492542909327,2.5294114176181006,11.198748047810318
1240.0480096019205,53.89968723201217,155.32997389695592,2.5624176379616097,12.60178623532768
1240.4480896179236,47.281751143697456,155.5047102647802,2.4880702723522083,11.808565128606034
1240.8481696339268,54.54758029491976,155.1923451283219,2.480247955163211,14.153417338782276
1241.24824964993,56.59051514238132,158.11633785242225,2.466845173596537,13.601845998896966
1241.6483296659333,52.92057174975203,156.701120606401,2.521401830617,11.867613244658237
1242.0484096819364,58.87294357129066,156.16951236973452,2.439738001636994,12.370068626055337
1242.4484896979395,48.3695898798687,152.4046669051654,2.532174332455359,12.678501066495393
1242.8485697139429,46.58517080487207,154.59974979580537,2.5091201576903575,13.184404512250472
1243.248649729946,44.54800656562638,157.75718566252507,2.558672019275657,12.527828169482868
1243.6487297459491,57.74621616541772,155.5692288608964,2.4862071270647843,11.695406791616785
1244.0488097619523,54.47870473113205,157.08845222192284,2.5047473160967577,11.952074504702948
1244.4488897779556,51.738156848482234,159.82070101517536,2.557563250154396,12.533317263997711
1244.8489697939588,53.17967211527676,157.96589689161732,2.5677944547399867,13.535232095979493
1245.249049809962,47.65719056067583,155.5674003944028,2.485055690488083,12.900683086921742
1245.6491298259652,62.04154927998681,154.02231747122025,2.519324636348356,11.950409563293348
1246.0492098419684,52.87486458190079,148.8813656539908,2.5236205952388966,13.098550800410482
1246.4492898579715,52.89503981407979,154.8098903702846,2.526579270093733,12.280958095446922
1246.8493698739749,55.46004860976805,154.381598636406,2.5009182553832283,13.31354802082727
1247.249449889978,54.58057962350714,156.13848710896835,2.5624636172244832,14.633487810550237
1247.6495299059811,53.651676886333306,154.74391522870138,2.4354059946703543,12.33545839477084
1248.0496099219845,49.693876976156545,154.2939876235736,2.493933632034279,13.274425738809596
1248.4496899379876,54.84131655648731,150.6128905996998,2.528479634375355,12.047431116289728
1248.8497699539907,60.58324216980443,152.67807205773343,2.5286338189472515,12.564520938059687
1249.249849969994,58.53655655458756,156.18638935930736,2.56423646841328,12.688549897906345
1249.6499299859972,59.62738459633954,159.25146775325993,2.5578352645066813,12.520503151463123
1250.0500100020004,51.30956504079852,154.6849892931254,2.498263587790872,14.656392883982999
1250.4500900180037,49.49582446188602,155.71560203808124,2.5614579705756624,12.451221117029071
1250.8501700340069,53.05093680088173,157.24470923657364,2.480678184701599,13.176472190012928
1251.25025005001,53.876848012669086,152.80388674405387,2.5462509505579187,11.173398532294243
1251.650330066013,58.1305998650469,155.71593304350577,2.5812108239482865,13.073523982012036
1252.0504100820165,47.08388064656325,152.91561798875762,2.5571610290269127,13.652010691888357
1252.4504900980196,60.07186416501148,156.89701899497504,2.512566292023462,12.326710962182785
1252.8505701140227,53.42157176266964,155.08174984207307,2.4948354113503837,10.751014421716091
1253.250650130026,52.44603469539737,155.4178261124173,2.4467328711471437,12.738655446457038
1253.6507301460292,50.205110640804925,152.68382482165808,2.520066946164293,12.793690046162768
1254.0508101620323,47.734082569353745,156.37669768319648,2.4628043876975387,13.369550436939114
1254.4508901780357,57.74618305561262,159.78986563429146,2.4754542866113662,14.409341530198779
1254.8509701940388,54.84677279894209,152.02744206272112,2.4593153192973247,12.50688611092083
1255.251050210042,49.49366468848186,153.66713351833218,2.4882938196910898,12.136189635081003
1255.651130226045,49.573206102527415,155.06503156625124,2.5053539832644574,11.897958117754753
1256.0512102420485,53.51039924219081,156.4216827006472,2.517179476797413,13.0002085488071
1256.4512902580516,61.6296433334042,153.02662853101648,2.481975650393511,13.235463379399945
1256.8513702740547,54.015211763068145,147.3129187116102,2.5485271765776747,12.425670944291785
1257.251450290058,49.14102443474957,157.76364181771265,2.4971864224745497,13.495337663606549
1257.6515303060612,54.27064061105756,156.23728081074336,2.4737634336121466,13.254875805160907
1258.0516103220643,54.26273114916598,149.94916822879617,2.5140806151811836,12.927311791259461
1258.4516903380677,44.66608575688256,152.75831106021232,2.583326528513521,12.180933327762062
1258.8517703540708,55.336452502057995,158.16855986527665,2.517945227384566,12.527493035671732
1259.251850370074,54.72988462513101,157.83864068033634,2.4897778697979414,10.979280302511723
1259.6519303860773,58.538428520921485,156.5369709463999,2.4429458331912746,13.121794863613799
1260.0520104020804,63.24939569469379,153.72148679298272,2.4950188912765814,12.964299484049297
1260.4520904180836,60.45978602376077,154.34080946370062,2.5129425117054205,13.104051406212278
1260.852170434087,54.977910471509276,153.7777758092293,2.487791061323564,13.366745655966296
1261.25225045009,51.72728406475523,156.89761586620108,2.436426731187738,13.281950283206703
1261.6523304660932,66.54673091715225,151.85951347044164,2.46876623214653,12.894969571047161
1262.0524104820965,56.59004938397771,152.0069007308748,2.560716030238909,13.032173893235461
1262.4524904980997,56.508755099894,156.51954432745558,2.559639090906266,11.879729940906435
1262.8525705141028,56.45637661024659,153.8555901308856,2.466556959636626,12.546130396562884
1263.2526505301062,57.445030172262875,157.38547628878348,2.528675192059564,13.06338776917899
1263.6527305461093,56.175037198397305,152.23352003655341,2.454363323699168,12.444212203958614
1264.0528105621124,54.55759048463037,153.74852613058636,2.557419123080048,13.730879916351235
1264.4528905781156,54.76453276561348,151.55279016853856,2.5107950664661245,12.525697857630638
1264.8529705941187,56.92065422418359,153.85075935143155,2.53870937914055,13.235472073278581
1265.253050610122,54.977634155217466,150.10969503483724,2.431856999712788,13.165484422227193
1265.6531306261252,54.3995816086902,152.5608685588766,2.5273021617108204,13.679038006333055
1266.0532106421283,57.77628112001445,150.16338747757155,2.4996245906281964,13.81241273917645
1266.4532906581317,56.43020918545028,155.46308083442165,2.5337425249430603,13.656749542840611
1266.8533706741348,63.565608637829214,155.49417758153672,2.53599281825896,11.426441884539525
1267.253450690138,47.04523526783606,149.35166003997122,2.501761175326669,14.076268445067694
1267.6535307061413,62.11457732427281,156.9868252995229,2.4748272226942953,14.352479228519815
1268.0536107221444,62.832282107412304,159.8706245371331,2.5297778170699368,12.754595537874657
1268.4536907381475,49.65372624339513,153.71726046711674,2.495912294269236,13.339254357564352
1268.853770754151,56.675835456912125,151.97479889892196,2.463134525436485,12.446892843709069
1269.253850770154,56.66007226464386,160.61393362032297,2.46096623045981,11.61045619357708
1269.6539307861572,52.614988491705375,150.23139130659473,2.438411087960931,12.587767001009135
1270.0540108021605,55.23291612089333,153.5549672153109,2.476810313834878,12.756187552354925
1270.4540908181636,54.00097356180986,153.9298285797692,2.5410528903343637,12.913957078103019
1270.8541708341668,65.55139767538289,156.81989741961021,2.5037806033924057,12.440224532089829
1271.2542508501701,62.38401173263708,154.33281516075783,2.475197862695113,12.630113026180519
1271.6543308661733,63.826442514378506,152.16350648399288,2.528302926585791,13.21752462558154
1272.0544108821764,61.725774497510585,151.00893820392125,2.462528702905975,12.619603740540027
1272.4544908981798,54.42168181352913,152.50933714939964,2.499359820052777,13.680039511392758
1272.854570914183,56.93854745899092,150.82375078721296,2.4880776000690727,13.799962312366171
1273.254650930186,61.09280178292132,153.43799515171995,2.526144012507534,15.168336715139969
1273.6547309461894,54.345401125099336,151.88548949003746,2.431604593780963,14.173942125529607
1274.0548109621925,62.18444713440151,149.53861921820797,2.460399730574633,13.477231176480016
1274.4548909781956,58.46962352722617,156.38949785592797,2.428590698523864,12.795866684639561
1274.8549709941988,58.030042672733316,151.98555792722595,2.483448515229176,13.536384191549818
1275.2550510102021,62.47149406070453,150.037689484783,2.5420003202440418,13.571950016476377
1275.6551310262053,61.50296164679951,152.76586257433343,2.473035146550196,12.909288419887433
1276.0552110422084,58.38022230585542,153.33610512992936,2.4725344731508616,13.956168309484388
1276.4552910582115,64.55950753469314,148.77786233378873,2.5275385863647752,12.219927694099045
1276.8553710742149,55.69595757652155,153.9521886116062,2.5351183555095633,13.152087718385875
1277.255451090218,62.58189552497715,150.48440341442955,2.488539281395829,13.801474356992447
1277.6555311062211,62.58841841624624,157.35928507869687,2.5191754583983683,13.135878750587317
1278.0556111222245,59.07560442479416,154.37121811148322,2.448412414086072,13.20967945619476
1278.4556911382276,61.71601401414804,152.0413589143116,2.546312294005691,13.273969586277648
1278.8557711542308,55.504632744528614,151.1581700294293,2.576843292891108,12.724810919958895
1279.255851170234,64.30271207124386,152.73883948182262,2.5114443909455395,14.341484591105598
1279.6559311862372,59.96442265155344,154.51359385049932,2.406922212417133,12.59698389288706
1280.0560112022404,58.71047501726421,152.89842908951678,2.467664986692471,13.67496988346411
1280.4560912182437,65.09464704581337,152.40000419243157,2.5142049340606656,13.760367293202334
1280.8561712342469,58.1783840080214,153.06975333558873,2.4725293315511,12.679536124084247
1281.25625125025,55.458966242068136,151.39529648971177,2.539972332247418,13.505879792079282
1281.6563312662533,54.96324986689825,152.02823523085019,2.5123054298548064,12.728631422672326
1282.0564112822565,63.710662424088696,147.65326540953393,2.460213881178536,14.578089897806755
1282.4564912982596,56.261660640359146,155.2837489771279,2.489456270482215,12.563126265614606
1282.856571314263,68.49920803514152,153.5783053819241,2.4521041431639694,12.959909533831393
1283.256651330266,53.24886321068166,150.8797396915221,2.480244890079739,12.512499649299002
1283.6567313462692,68.45885058313343,157.54247616416293,2.4650543903137128,12.414550930267797
1284.0568113622726,62.613432435561045,152.99563055680443,2.533917450349691,14.782490165634286
1284.4568913782757,61.478739223052756,150.17037250188432,2.571255344930986,13.95252341509956
1284.8569713942788,59.78203453380921,154.8854086853903,2.429054241774091,13.639301838041721
1285.2570514102822,63.65426311717024,153.72171118758493,2.4090590664565945,13.010546583492799
1285.6571314262853,62.00307466024859,153.69625812800646,2.475865796422269,14.2706162516911
1286.0572114422885,66.66260130474049,151.628828860584,2.4246200755654623,12.89384504896511
1286.4572914582916,62.80196864149325,153.80305926391827,2.4868882149666143,14.196808139489224
1286.8573714742947,63.041811795068924,152.00621886779558,2.5146792820068518,12.872538849417168
1287.257451490298,61.08158350559107,154.03445559808443,2.544168641575413,13.063570296249253
1287.6575315063012,62.40355684018541,147.8664211243002,2.492138920127205,14.194408331436474
1288.0576115223043,63.95773124113939,151.52847198281594,2.476036147017432,14.287427597887756
1288.4576915383077,55.98091175175994,156.90311003000014,2.404305226002308,14.082904662526609
1288.8577715543108,57.523779595507506,150.66481372802338,2.484165345996269,12.773724866183437
1289.257851570314,65.98438690671263,151.05784030906443,2.48564580081976,13.264597717944863
1289.6579315863173,63.78947329741968,151.4326801654225,2.5080280086428606,13.755990421504318
1290.0580116023204,62.464629465877614,149.5009095681468,2.453804695306387,12.959516001374308
1290.4580916183236,63.368718548601024,147.00275846412805,2.4644156585836567,14.744157403856542
1290.858171634327,64.77959687018556,151.93272416651007,2.4223702778612033,11.734253106209856
1291.25825165033,61.32438427805172,152.83476290105537,2.3895103258620964,13.041219513844604
1291.6583316663332,60.46422125933308,152.34997042390881,2.4364928914892063,13.264935346265801
1292.0584116823366,64.45470104921478,152.1053501754598,2.4176895487964685,11.40578795543157
1292.4584916983397,59.851569989797184,152.5616571253324,2.4936399510398006,12.572290796740445
1292.8585717143428,65.49167289764472,154.99786202772995,2.459114048779151,14.197813758478318
1293.2586517303462,57.14178643725177,151.95154146524538,2.4579769539943195,13.730093897993362
1293.6587317463493,68.16205909186866,150.97954439476376,2.4397960241991723,14.97263739855355
1294.0588117623524,66.02899737588149,151.69922650233164,2.349535116667236,14.958548040842944
1294.4588917783558,65.25575101111939,153.83789210195565,2.538834435293708,14.077018960582492
1294.858971794359,68.25527287226423,155.9072731369868,2.438154541651684,13.98936406022854
1295.259051810362,71.07913432531214,150.79472321775918,2.461331005225447,13.799686540515587
1295.6591318263654,68.56729368264193,152.6004896800542,2.4192936575036437,11.63102078091637
1296.0592118423685,57.23874115465754,153.1873176184472,2.5160271869955153,12.647560034832551
1296.4592918583717,59.576201173379026,149.8484440826347,2.482546855343226,13.851845766831008
1296.8593718743748,62.28735051587565,152.36959351627954,2.4434139089368134,14.272200078788721
1297.2594518903782,64.98294816539685,148.6432239926571,2.460437258688395,14.019165897631828
1297.6595319063813,67.04102106395067,147.87383757725263,2.542910665564371,13.081484958799898
1298.0596119223844,62.159051157204495,153.2025808414072,2.4725208221237636,14.55338515326473
1298.4596919383876,65.90057383884687,151.3154763573873,2.4678254962427038,14.997394814337405
1298.859771954391,62.223292901751854,152.77050964005417,2.4370939267313987,14.569786965918674
1299.259851970394,62.88990728686193,152.20991372511324,2.3986194011279607,14.619006634714143
1299.6599319863972,59.800322537496044,149.80369084185935,2.4676536761790784,13.387854569852559
1300.0600120024005,61.82485546850377,152.12179236445758,2.4867263210677093,14.703866656303491
1300.4600920184037,60.20170320681572,149.14260948116512,2.5173411085552138,13.967586493332611
1300.8601720344068,61.795431990951386,155.69342583784814,2.3830678044485096,14.268060263385808
1301.2602520504101,70.00380431180653,148.81689895877398,2.4276528735233094,14.158973569782736
1301.6603320664133,62.08178099592634,151.7083893024494,2.449075271183619,13.777226623787985
1302.0604120824164,76.4988700970411,149.5833990492999,2.4718129989932778,13.194178459846722
1302.4604920984198,68.03240314819257,153.60655447050036,2.465797335843043,13.824211121735765
1302.860572114423,66.88808872975767,151.34354470004035,2.466376721597442,14.687045601792317
1303.260652130426,62.80474735351931,150.8672760869329,2.4872128343625506,13.552147323257193
1303.6607321464294,69.12867234858463,154.28896476388044,2.4344011305848983,14.62767320377122
1304.0608121624325,64.11395457150127,152.2217537419591,2.5075415182367524,14.510295084952771
1304.4608921784356,66.99343544359964,153.43220317188621,2.4871561088213996,13.689107476454385
1304.860972194439,76.8344404869093,149.67989052711482,2.4566660188147096,15.046891975776257
1305.2610522104421,66.2983833041371,148.6139749191401,2.5331360774539857,13.658984670418402
1305.6611322264453,71.36804978087171,152.38704777369733,2.530996000329914,15.158605190233255
1306.0612122424486,64.0463959375098,151.3151213262771,2.5056939295372866,14.305790519152348
1306.4612922584517,66.80710301701579,153.67173207482645,2.3472737587930608,13.953292936780672
1306.8613722744549,74.11802363339525,151.89948134624527,2.5308109080503374,13.263216771709041
1307.2614522904582,64.61452433762526,152.60574688679137,2.499079682987782,13.910297326204061
1307.6615323064614,74.45956424305827,148.028607320097,2.547181090953936,13.825320926953589
1308.0616123224645,70.12795976096122,156.8023602123097,2.516057900674225,12.989089813417957
1308.4616923384676,65.13407009393708,151.66506629551995,2.529326766466831,13.829008287196796
1308.8617723544708,70.00035511009938,153.8142413174852,2.5009721691443416,13.367407068500299
1309.2618523704741,71.44752929759062,149.97484664833132,2.5194057948726836,14.48656726211702
1309.6619323864772,70.130937696052,152.8301018681522,2.54485428698281,15.07009767283805
1310.0620124024804,61.44898293588141,148.79816590457423,2.4733819785750857,13.050815371445209
1310.4620924184837,64.90731332107084,153.18084757520802,2.4014602028522622,15.409443854366865
1310.8621724344869,66.91156255552643,151.1563424512923,2.4516798107138724,13.943981706507568
1311.26225245049,67.68947194618106,152.11505317023096,2.4792040819531085,13.274005355865027
1311.6623324664934,70.55525473947641,153.78301084598326,2.4662289644264375,14.667401249670961
1312.0624124824965,68.86852179522708,148.95292350947898,2.4129973799415745,13.711183801031284
1312.4624924984996,62.901281191435665,150.31944317673057,2.39724274823689,14.010082962060816
1312.862572514503,69.84817889804823,153.1705811606094,2.4324637409398973,13.75914955268798
1313.262652530506,70.8542460196717,157.2696218756019,2.4940438268183156,13.436256538583304
1313.6627325465092,70.73536569874835,151.6758598962315,2.524571037433453,14.675894101909355
1314.0628125625126,72.90341165235456,153.4961034170267,2.4976425609816757,13.874679766653403
1314.4628925785157,71.99984484017355,151.74823171373643,2.5028985682397735,12.961398654572259
1314.8629725945189,70.58452529704884,156.86887154720404,2.456989687339689,14.558542138823526
1315.2630526105222,68.55057083985922,147.64300049730448,2.3901590613527692,13.160176827102097
1315.6631326265253,62.270597269198404,152.24560433775534,2.4412528044071813,13.208957921258275
1316.0632126425285,70.7158984775231,147.94338868276492,2.4487295404442904,15.092549023661725
1316.4632926585318,69.91093689925451,145.73921688018106,2.438815730731717,13.18826475531929
1316.863372674535,70.2490366761748,152.74789799625268,2.460502564834921,12.299027984926838
1317.263452690538,64.13803550699579,152.35178444343896,2.4755877300843485,14.657294801166357
1317.6635327065414,65.00288412015941,151.2899447443749,2.49166694887152,13.92271112558647
1318.0636127225446,73.62157284145981,151.73574905648644,2.4460361833407456,13.998448507905792
1318.4636927385477,69.33236132371705,159.74638012573837,2.3806244759251607,13.927717472002646
1318.8637727545508,72.29797329788047,151.35479102727479,2.4370728580236505,14.371373332663062
1319.2638527705542,69.76639933765254,153.27533718456633,2.457748740480417,13.59055596239321
1319.6639327865573,69.85307117234576,150.37661172104075,2.5045242452102747,15.380291576668286
1320.0640128025605,73.56786678074135,152.7383027758857,2.4325104670435658,13.025057927557452
1320.4640928185636,67.83100045621114,151.40503479623231,2.475334629723066,14.568559160809006
1320.864172834567,70.35987187117824,150.9749204955925,2.466045758652538,14.732947194414765
1321.26425285057,68.206257301156,156.54926081777745,2.4558068790749665,13.618094362114864
1321.6643328665732,68.39710225701175,154.94597473754388,2.4908800653930965,13.413367777214683
1322.0644128825766,68.97788512566619,152.34607683674247,2.4268322221968237,15.052608418308688
1322.4644928985797,71.18235162861967,146.24507830008565,2.429864814899538,13.452668275995723
1322.8645729145828,68.45782017932709,151.10468302101643,2.45200191095143,13.766487645494601
1323.2646529305862,75.47459122904931,158.766572929102,2.4264770256381776,14.968101941674774
1323.6647329465893,66.95164225499394,151.43434777018558,2.472007593238067,14.292457755080786
1324.0648129625924,69.86084104410915,154.77124374316068,2.422762901778016,12.83333382195259
1324.4648929785958,68.9274097117086,155.62045362726525,2.4599455340428014,15.675054019230238
1324.864972994599,76.55200072484,152.5656051278435,2.446488509011281,13.859729972410433
1325.265053010602,71.6278112100803,149.91643885194048,2.4586937974639627,13.967838520390657
1325.6651330266054,75.04621961196545,145.93570954205174,2.4313077300969588,14.500951392940609
1326.0652130426085,65.05359450896535,153.73759564610205,2.435733771902557,14.80263890230588
1326.4652930586117,72.14077557617398,149.99369464822482,2.45273688579139,15.877688175324584
1326.865373074615,74.70757894303009,152.47455755558047,2.456578003160758,12.986951273557057
1327.2654530906182,71.55441447754505,148.91342704735885,2.447924753452573,14.981942353579266
1327.6655331066213,75.56316307262888,151.37888017332133,2.5159044336549528,14.921736847097163
1328.0656131226247,69.3077899000138,152.1304674031885,2.4076568770094298,14.223719350262979
1328.4656931386278,77.08977345361195,152.72204902662216,2.4443139242351553,14.969366073361885
1328.865773154631,80.72315283668625,149.26810443148617,2.3835319482083093,15.093035791491305
1329.265853170634,70.15111820336956,155.05223156433257,2.4609547149658675,13.24608940060753
1329.6659331866374,69.89510871695171,150.57271093657633,2.4010552576425392,15.757489446004618
1330.0660132026405,77.56503612814177,147.88396731115745,2.4341256915839047,13.116656583256463
1330.4660932186437,78.1438980888544,151.8029747764498,2.4299678338654886,13.4613770074144
1330.8661732346468,69.80801136646998,152.16706320323695,2.4556776822413022,14.166137012854131
1331.2662532506502,70.29227567679939,152.48838929600328,2.421921358917825,15.92143012502976
1331.6663332666533,70.91918430317587,155.49823661841262,2.419811057208014,14.140756387583194
1332.0664132826564,66.7415476379868,151.50797246062842,2.500647167143776,14.367671941361841
1332.4664932986598,68.51749482086703,151.80643341316284,2.454184540551713,15.544712654716717
1332.866573314663,68.24801728113827,149.35410834996202,2.4199481350161736,14.164599303100074
1333.266653330666,69.26559148562936,154.17023872335164,2.431944465129702,13.467881791062696
1333.6667333466694,72.26996609527161,152.58661204811503,2.5073789986723107,14.082593907625274
1334.0668133626725,73.41720982336984,151.08295317253732,2.4317445426431528,15.51873909901369
1334.4668933786756,78.75371831573621,147.37871746118302,2.4131657615939806,14.484494699233515
1334.866973394679,68.62938469332946,155.75901490572767,2.4129220237644535,15.977999563777038
1335.2670534106821,76.63089288473839,149.08656316510402,2.417941211233896,15.0294643097942
1335.6671334266853,71.90816713792957,150.68554505942106,2.4157101226914706,13.928885761352118
1336.0672134426886,72.63650256091597,153.06777662691468,2.3878872421418236,14.491183597404293
1336.4672934586918,75.6035847893744,149.18889396296785,2.393687643022994,13.773310776752727
1336.867373474695,68.48308157249227,148.45508584999195,2.4050646920594647,13.926674610768705
1337.2674534906982,74.5729837833125,146.8877608305416,2.4614815801876833,18.050197219369277
1337.6675335067014,73.77823996261965,154.0090895443014,2.42214985563597,15.287311201861382
1338.0676135227045,75.15103260252549,150.85279670836383,2.4286928654856728,15.166744725268737
1338.4676935387079,74.40640752320232,159.54330039102783,2.4873622212153617,13.984749760041659
1338.867773554711,83.13914679612188,149.74879791288168,2.4879377375839793,15.744361854719262
1339.2678535707141,70.83490638436156,149.9408159066811,2.424430592464497,15.373600557036378
1339.6679335867175,71.32950429507466,150.8409162905504,2.4100585785896236,16.00471143895095
1340.0680136027206,71.02826042948033,152.87238785717852,2.400292828525801,15.971224889589056
1340.4680936187237,71.3659480273018,151.09939251464468,2.4621573901554403,13.32675410906275
1340.8681736347269,71.10504443917503,153.81627806305525,2.4258337875732234,13.627418695916582
1341.2682536507302,78.47709692477552,149.8497201264517,2.41813740111917,13.717497535865473
1341.6683336667334,79.46918598830523,148.85315216615143,2.4006251388380844,13.770585501711894
1342.0684136827365,71.57002130277164,147.82273164057926,2.401958998914983,14.7896828374254
1342.4684936987396,70.58911989837978,146.77066663816115,2.4451213277183856,14.08263378987251
1342.868573714743,75.86943731198333,151.04595949435023,2.3792742285929513,16.199283640114146
1343.268653730746,71.83981194342616,151.6004075350581,2.4712586835756856,16.07004959421244
1343.6687337467492,76.64505552487691,150.78618817796212,2.409681747136752,14.546209894215329
1344.0688137627526,74.98933853535888,155.4854136953682,2.424621115701551,16.12068619815402
1344.4688937787557,68.178681225356,155.45928907254884,2.3766978822971074,15.75195153267741
1344.8689737947589,80.49538173476074,151.56471617956282,2.4292522398687924,14.205869714296796
1345.2690538107622,81.55226585696408,147.92962657930053,2.4161833491511477,12.964026317616394
1345.6691338267653,71.98068461411955,151.0105677794789,2.4268817081132346,14.401959991989825
1346.0692138427685,72.94380631437208,150.940873581986,2.4873214720270562,14.065545553754939
1346.4692938587718,75.70053525688697,150.81088136249676,2.43512866383756,14.751328744681954
1346.869373874775,75.95704895584234,150.72290824636607,2.3958014455176597,14.662360263187653
1347.269453890778,77.31523295576193,150.8472298913136,2.398701535383179,14.646217529127858
1347.6695339067815,82.7833930668422,151.52840944991047,2.4505255492909144,15.019549318790009
1348.0696139227846,74.09598904133927,150.9199816819173,2.478233457758863,13.635354423351602
1348.4696939387877,71.67147502589373,153.04390606368733,2.4371273285209223,14.93920296649263
1348.869773954791,69.40795518334959,153.43848121035126,2.4529634594472283,14.263136870097611
1349.2698539707942,72.06176109615225,150.27560043567053,2.4493682640743164,14.779502861839056
1349.6699339867973,74.91290262971815,155.7447241433696,2.4813046037556803,15.390104525776827
1350.0700140028007,82.28325038610845,150.13194652512337,2.3461211621044513,13.649288593843995
1350.4700940188038,73.0938603381321,148.55283580601312,2.450355741200003,14.408377445419628
1350.870174034807,76.11842118552359,153.56471101989828,2.4625781159348947,14.543161105026714
1351.27025405081,75.21621793802215,150.58486727499536,2.369240895538972,14.231121586640691
1351.6703340668134,80.09379811948818,153.4474311524372,2.386923768206312,15.36692075693427
1352.0704140828166,85.50594465919032,146.65103875648094,2.3878793227056496,14.075238971269657
1352.4704940988197,73.33240329242302,156.15755063786924,2.3923186503110854,14.211693916995682
1352.8705741148228,73.55545661786557,154.37353739035495,2.4017606932081645,14.092515566328693
1353.2706541308262,79.74686555773273,148.95819796238382,2.430292099547608,15.538503873965386
1353.6707341468293,78.35446641467712,149.02922418530144,2.4547730826923657,14.275284941211849
1354.0708141628324,83.07007800381271,156.9238014228824,2.4629563855606946,15.041629222737363
1354.4708941788358,78.07497862291906,150.91684839108362,2.3857478995386825,16.258481640961786
1354.870974194839,74.35778273863114,150.69218914389603,2.3850293240545395,14.622359423337947
1355.271054210842,78.2129227928115,147.13006558207326,2.4710064500565663,15.576131231752855
1355.6711342268454,80.34013642274445,151.93598609596395,2.4437989799195674,16.027806390488394
1356.0712142428486,79.24193483703134,152.26155940905934,2.4207989789792443,15.51668869316464
1356.4712942588517,78.04345075466556,154.63770886864623,2.435972535047655,14.685678579889482
1356.871374274855,80.33506554282981,149.36958837984008,2.4154011225596457,15.216961872359974
1357.2714542908582,80.79922407219598,149.08506623277646,2.437130393222489,13.677500647560425
1357.6715343068613,81.70401451306546,154.03187879726997,2.402257599540598,14.087468656481951
1358.0716143228647,78.82321599660823,155.44017641148292,2.4260052588900787,14.231834482401851
1358.4716943388678,75.61256223284423,149.01453919499207,2.3543835494022516,16.512107532210607
1358.871774354871,76.92020677536894,155.66546373223207,2.38684588850608,14.073565176714641
1359.2718543708743,81.21136390144167,153.07498095415204,2.3868282242750762,14.065638063006102
1359.6719343868774,73.16921905553272,155.73027670615684,2.3984840264227736,13.896441059866959
1360.0720144028805,77.96294555087881,152.8450384185184,2.3759496025154623,15.183357318259842
1360.472094418884,74.96584369283902,146.7349092278653,2.3912184443782594,14.85350675268245
1360.872174434887,76.70478009603347,152.68088877802398,2.351533238569592,15.612690195908222
1361.2722544508902,81.75386454230106,155.73155828110757,2.4336069899294914,15.284135749660571
1361.6723344668935,77.45436327253978,150.86741324905924,2.4079071612864467,13.646632749707988
1362.0724144828966,76.92527592380668,152.15263326980966,2.342547693472403,14.108910610289344
1362.4724944988998,71.34931992679805,152.70316693064035,2.376910664886855,15.850755594335904
1362.872574514903,79.82262475542578,145.9158583564896,2.4233153529377005,14.599585321104435
1363.2726545309063,79.4680636753761,157.364341495592,2.387677426727016,15.716000225430307
1363.6727345469094,85.58731198585137,150.95404975519835,2.3810672323674593,14.649856381840035
1364.0728145629125,75.75099520599248,154.49353059200516,2.4055073505520603,13.99912186345195
1364.4728945789157,77.90617265564646,153.03432864303215,2.4217807097963253,14.5342557286025
1364.872974594919,78.07421666531722,156.41720477026476,2.3501280479933624,14.00601331982125
1365.2730546109221,83.4332522672389,154.3105590094015,2.429132213772741,14.331571195006676
1365.6731346269253,76.78866012016142,152.73055527904552,2.3746598651095505,14.948285644402386
1366.0732146429286,78.33197659538264,151.10671091210463,2.405498596334646,15.200332233773603
1366.4732946589318,79.69316917776155,155.3579432618766,2.4043426282118605,13.522369576003685
1366.873374674935,78.05335595074311,148.7027160393836,2.3842201112148667,14.784074075364371
1367.2734546909383,75.56616426609568,155.02423281095076,2.3638992947830038,14.332093096300836
1367.6735347069414,78.17288018907368,150.68526675476528,2.392960761218738,14.28604238068921
1368.0736147229445,81.73531022287614,156.58714381454493,2.4689435871044134,14.914281789260748
1368.4736947389479,73.37862583603285,153.88342343308236,2.34900514146373,14.371103768292782
1368.873774754951,78.06010964204698,155.11440753971235,2.470706050989073,15.920478124746383
1369.2738547709541,74.77093100204708,153.73317705927624,2.3921656937887,15.768490965914838
1369.6739347869575,82.39442280720075,149.17155228449388,2.4035100338517004,15.766749093559564
1370.0740148029606,71.56394872999152,151.42514493449784,2.35816701064656,14.42857453692156
1370.4740948189637,75.46310636596128,155.2825965586336,2.3703245650365705,14.057691085813154
1370.874174834967,79.2493753356954,154.04310040654494,2.380598490244935,14.89647276747402
1371.2742548509702,84.04399403922145,156.60395527578686,2.3584262511709206,14.713699995324923
1371.6743348669734,77.55990230911065,154.684868292223,2.391436147965874,14.350021201518853
1372.0744148829767,75.64274536567159,151.28530997258397,2.38305069261904,13.89956438062087
1372.4744948989799,85.42844590667045,151.7374683302087,2.472900685078631,14.809980917252703
1372.874574914983,72.15166957648538,154.01066700228972,2.3517682353890184,14.522954220358814
1373.2746549309861,69.18804165491537,147.99418880258625,2.402052242554689,15.39987301637344
1373.6747349469895,79.78249570596037,157.98900942520697,2.4073955511535794,15.384236937681417
1374.0748149629926,76.05302492678514,154.9360573074349,2.354205618141651,15.73571973945571
1374.4748949789957,74.01474534710823,156.9257424340526,2.4240279456291214,13.850542326734873
1374.8749749949989,80.97116745404901,149.93329098976665,2.3801578398300784,15.181695347662087
1375.2750550110022,79.15063921765832,157.02303777228394,2.2959310809277524,14.281717115757257
1375.6751350270054,75.95644558249425,159.51737500965478,2.4215560735350623,13.890170323265941
1376.0752150430085,73.12849470135285,150.6636132352635,2.350019554465647,14.526402931568034
1376.4752950590118,81.77612165600915,155.92167323138338,2.3523209747893676,15.727002738739621
1376.875375075015,80.92330437231804,154.02348115093798,2.4212825240916795,14.576909095967592
1377.275455091018,77.96163021415528,150.18733683227867,2.3794141382679297,16.12982350820816
1377.6755351070215,85.7803417798747,155.3085238567231,2.4295453323370313,15.319229557979959
1378.0756151230246,74.14854040682417,156.18839141385538,2.440774634157684,14.56749227843252
1378.4756951390277,72.3614894533134,152.6298131832254,2.3661040945544216,15.81341225849391
1378.875775155031,75.7302929552177,157.0758434031665,2.423164677346389,15.244270711622155
1379.2758551710342,78.34954015031708,150.02274218174966,2.360748395232589,14.1444564738007
1379.6759351870373,79.53882433373194,150.48153466946712,2.4798238223176567,16.380067683114174
1380.0760152030407,77.63372742789228,154.58886828226346,2.3623129756859162,15.103101110217727
1380.4760952190438,80.03972063893166,154.33996284496206,2.43060653895992,14.91301835712936
1380.876175235047,73.6577904949023,152.5143655610117,2.422846146361553,14.215989481932969
1381.2762552510503,84.47107697258616,156.35925945366154,2.4012692840986913,15.846451296758604
1381.6763352670534,78.3991049198609,155.69215735293037,2.3613349958638206,15.319016927993259
1382.0764152830566,83.22820424217127,156.54009124082702,2.3816315023038874,15.41093386065151
1382.47649529906,80.16085328778644,154.11689793216783,2.3010742890184415,14.50383578719168
1382.876575315063,80.6475149743237,155.9613582750899,2.395724761860447,15.579429668973962
1383.2766553310662,81.12974013404838,153.3711232243635,2.4002624589319934,15.643859228267786
1383.6767353470696,80.67129240568276,159.6503095388872,2.3911474497401533,14.381615685722394
1384.0768153630727,81.48075411787597,152.51508433585786,2.2664045986801864,13.785246858693187
1384.4768953790758,84.25549540136005,159.84055005696956,2.334240508897856,15.386108871082381
1384.876975395079,79.75360898715248,154.6955555048766,2.3544712005222426,13.664475065854973
1385.2770554110823,81.83179473290154,151.20075865382296,2.3955898256152444,15.046878187910174
1385.6771354270854,78.66470823401747,158.09110523451264,2.3950254116349643,14.569553149644104
1386.0772154430886,84.81160664988238,155.0172017010739,2.37617105287706,15.90433578737887
1386.4772954590917,76.37267038510095,156.86196988848195,2.4079177405485517,14.61715359869837
1386.877375475095,86.30871772476846,157.82568053949245,2.3409859073409813,15.819242878765744
1387.2774554910982,78.9706547572357,155.64298006288703,2.405972457949818,14.524023422949318
1387.6775355071013,73.43413046347246,153.34970847740678,2.4000799727465307,15.737320937476056
1388.0776155231047,79.69520617388854,157.30198206491573,2.395719487522502,16.587509191628033
1388.4776955391078,76.48375244773037,154.89714368006165,2.3728624728116143,14.08667672771223
1388.877775555111,82.59531635516346,156.64262364612657,2.4529004204507303,15.176592147072897
1389.2778555711143,76.64664144508446,149.5765443870578,2.3989248613238043,17.143809274000304
1389.6779355871174,77.49641056354815,156.1113840041331,2.339989757874494,14.999844805689683
1390.0780156031205,71.74659965350213,153.4306908394914,2.3881813657190856,14.99776538571214
1390.478095619124,77.51876654988547,159.19382161739756,2.4078742350945452,15.580865566536403
1390.878175635127,69.65531436686777,156.6518240764513,2.353776111787224,14.984633344269916
1391.2782556511302,73.03767045726354,155.72747394079164,2.4203967071399224,13.587660698478057
1391.6783356671335,82.43700032558304,156.37749374128708,2.3916323361722203,15.860914823683647
1392.0784156831367,82.56021180428517,152.6996707430694,2.282176837658199,13.354340202817008
1392.4784956991398,81.14012005752451,159.28813327600733,2.3873876493991406,14.624850195540214
1392.8785757151431,75.59127271000347,160.24280044687256,2.3586842225700604,15.925779262934766
1393.2786557311463,79.28882782718802,156.2812048228769,2.3959370224511596,14.676130424787805
1393.6787357471494,79.485367233663,159.30964002414456,2.411742690667564,14.407903427219768
1394.0788157631528,74.88603061876364,153.94563368694008,2.381304675580584,15.66773854081861
1394.478895779156,85.55240209983262,153.41075598604337,2.439632212525093,14.284872917470407
1394.878975795159,83.06718479478305,155.54104973904487,2.365397613478876,13.989392029174626
1395.2790558111622,78.69241259641555,156.56145028514672,2.397062207087306,15.188162173455645
1395.6791358271655,79.70195292984693,154.52465227146755,2.4037906454130527,14.8235612372368
1396.0792158431686,80.44568742031406,156.88972180435033,2.3672223984030976,13.976280784350822
1396.4792958591718,71.46256937794311,156.34711805934305,2.401790353949264,15.48207120814382
1396.879375875175,78.6577577553824,153.121380715124,2.3463754597874384,15.345359655394322
1397.2794558911783,76.93509422656304,156.95029336943844,2.3527824967226465,14.687196440544566
1397.6795359071814,75.6727203462003,157.84845407586243,2.316708400039803,14.74313621385671
1398.0796159231845,78.57057335678833,156.15478847483,2.378386889833396,15.35368785338761
1398.4796959391879,86.90109950112196,158.64437581233548,2.381263036490046,15.930805106912398
1398.879775955191,82.28870818086318,152.75604469852004,2.4149458102255674,14.753394179017285
1399.2798559711941,77.45520835558573,157.00638671139038,2.39894307203064,15.504462776671412
1399.6799359871975,82.04444702241945,152.94792279879283,2.355427714511126,15.433925844907439
1400.0800160032006,85.365333001817,153.12569210031043,2.31921429455089,15.686235642991027
1400.4800960192038,83.47984490098878,154.37099595075458,2.383177327159776,15.015231748952438
1400.8801760352071,80.0328339038015,153.6307563074394,2.4098151541194426,14.25488899847466
1401.2802560512102,77.21917070088098,154.65365672510444,2.3951140328905463,14.615685540806677
1401.6803360672134,82.61201938477282,155.5261653555726,2.40780723560313,15.260873518878329
1402.0804160832167,81.4048787262424,158.19247714216132,2.355473951390299,16.442238556616815
1402.4804960992199,83.4231236654728,155.3348976341956,2.344806072704285,14.601098083456039
1402.880576115223,82.39405395677527,152.2120893546459,2.3335159803042704,15.632960881196457
1403.2806561312264,84.06219576356362,159.0648352880263,2.360277286266518,14.727473322417662
1403.6807361472295,77.73326422587805,154.16060561949533,2.358890534611914,15.079051452584842
1404.0808161632326,85.15360335849888,156.14534796925616,2.369822207501352,16.203722216791473
1404.480896179236,80.68384923536465,157.44746075811042,2.3559040577850414,15.603537653011092
1404.880976195239,88.2035195736821,156.86926792758464,2.3552516217902433,13.9997333377135
1405.2810562112422,77.15435147889943,159.14496464341187,2.329049668388643,14.53543229912004
1405.6811362272456,86.8631858954043,157.6464485917812,2.397302818602886,15.99899934705738
1406.0812162432487,80.71880287978904,154.3352423701783,2.362219339539189,15.108105047000679
1406.4812962592518,77.32891780107038,161.97464752804834,2.351701353512679,14.076081243790362
1406.881376275255,78.00607743636665,157.05395127101565,2.328302372845992,14.340512492560105
1407.2814562912583,78.66686327178832,156.2397918684317,2.3044433923210303,15.5589607556605
1407.6815363072615,81.65114869093078,159.05812967275648,2.4095588032802424,15.792156028886522
1408.0816163232646,82.05165982724029,157.31226557133914,2.3789460512384455,15.011344286705654
1408.4816963392677,77.67095130477207,157.7271787433209,2.2913240084513853,16.977713700927556
1408.881776355271,79.87336678559373,163.00018582514844,2.386326588742823,15.657157536664188
1409.2818563712742,88.54450073130606,156.12268688741221,2.3922202768167127,14.803394145133968
1409.6819363872773,86.88982635341624,156.05699946101726,2.359816170338824,14.345927884824771
1410.0820164032807,81.7287828940211,157.18390536795994,2.41828562227672,14.218869368030456
1410.4820964192838,80.138936775089,159.61245201623115,2.3625500021061567,15.26736832113344
1410.882176435287,80.47008286618387,153.20867543063915,2.296728277667077,14.608234445138828
1411.2822564512903,82.44666414835599,152.10261388613813,2.3675279569946723,16.338446262779012
1411.6823364672935,75.9036566538211,155.59035286565222,2.362237046407689,16.172666241687356
1412.0824164832966,78.96715534538986,153.01511492776382,2.3278292204082387,15.506205937531915
1412.4824964993,73.3237596739645,156.07976863122187,2.374423373903515,14.056662021098571
1412.882576515303,81.59602280525,158.44016384038187,2.2842943253139283,14.46216048057606
1413.2826565313062,82.58854827340014,154.99925249899505,2.3901435174718086,16.004524577210184
1413.6827365473096,78.06725270940697,153.701410262346,2.314915880937151,14.549546933393879
1414.0828165633127,86.29577949628873,157.48431317285173,2.3101628084940726,15.897700975505929
1414.4828965793158,75.09620351881107,159.5099635898665,2.34452757014933,15.379628780526952
1414.8829765953192,74.1408002299047,153.15894646339646,2.3659193922470947,15.041248362474231
1415.2830566113223,80.894740472608,159.48987633293706,2.35467736170896,14.43750657594923
1415.6831366273254,84.18355974601499,159.5256157430999,2.3179339699455905,14.924246882801148
1416.0832166433288,86.72871055644812,159.91075702624693,2.3269167191266065,15.151199813140211
1416.483296659332,78.15489594672495,160.61507750552968,2.301358571278535,15.825322420589467
1416.883376675335,84.30218953312875,163.11738265622188,2.337213067124226,14.290483036178154
1417.2834566913382,79.83006556371014,156.7657262947723,2.3887211368167898,14.788568620514951
1417.6835367073415,79.2898235792552,157.9736311490533,2.345069826223196,15.034401542278665
1418.0836167233447,83.51080602155749,156.70248862281056,2.379137003271894,15.528377030803684
1418.4836967393478,82.58089149983424,157.79254556164742,2.4024966132171572,14.27112454980838
1418.883776755351,73.66106536788052,161.66394133013875,2.320279986261049,13.944272229610025
1419.2838567713543,85.86742977891275,154.51351147917308,2.335858008316063,15.536302600120166
1419.6839367873574,85.47586864122944,155.76784802089426,2.429688911811052,13.782343974330399
1420.0840168033606,77.44708781595004,161.40798332543216,2.400135243705404,16.02423020044697
1420.484096819364,81.52598880447735,160.55981480954742,2.2749856903912384,14.871019090071112
1420.884176835367,81.91193222105439,157.1467202618475,2.356888226015674,13.757219021132045
1421.2842568513702,80.97114421232646,160.23551299850297,2.340945176180005,14.610362012346505
1421.6843368673735,77.71946719251245,158.9976384992156,2.37350144860888,15.297421779961807
1422.0844168833767,77.22603410499212,161.9405080920357,2.3101647891489754,14.567357076661162
1422.4844968993798,79.80175230223136,158.42144950723647,2.305900292036651,15.00890720951345
1422.8845769153831,84.58592705028853,160.84474053294204,2.311962560182295,15.584281960451891
1423.2846569313863,82.0600554996628,164.93130501695012,2.315649087037002,14.829773253977152
1423.6847369473894,78.39344313171188,159.8672678806267,2.370660117272059,14.241156035907089
1424.0848169633928,82.9525427082911,158.5412144111382,2.2903201104205015,14.75086203794194
1424.484896979396,68.46102677819536,160.27001420478553,2.3121846965343766,16.12113881145262
1424.884976995399,84.43931161547552,157.59682557139863,2.265049943945425,16.336506056549847
1425.2850570114024,72.87404758564465,164.52620567321765,2.376416434787403,13.371671934691944
1425.6851370274055,78.37139533702317,159.0528498992749,2.386494306771847,15.859563914484017
1426.0852170434086,75.33033862909099,157.9668515876273,2.3220916485668845,15.18595889727117
1426.485297059412,74.6177543070848,156.60660112931137,2.322778199683029,15.724096433528517
1426.8853770754151,84.42685245995632,161.48563852664694,2.3523467477116804,14.543559680881843
1427.2854570914183,77.89940891081041,160.95744611775666,2.392718961533608,13.568349918174981
1427.6855371074216,81.14250116712898,157.59310580629278,2.3496060364342783,15.449532636079727
1428.0856171234248,79.55467898710681,160.324758335271,2.3048819732020918,14.22811112326124
1428.4856971394279,81.63600423828227,155.15950185409878,2.2675529148672977,13.869180767145956
1428.885777155431,80.02021231716442,159.44070305366793,2.2872230599614416,13.92398584464893
1429.2858571714344,74.56564411522416,160.15767485001078,2.3342793104756585,15.458300678573895
1429.6859371874375,83.66697322942898,163.34173783196067,2.3046599862017274,15.087964796817493
1430.0860172034406,77.69077749067729,157.1941170944679,2.338194486103933,15.601179287949389
1430.4860972194438,73.42297929012261,155.97315424671817,2.3078016474128957,15.509240801515547
1430.8861772354471,77.91995475615023,156.97845802593275,2.287115723866673,14.635978360789643
1431.2862572514503,85.61816880198816,155.9237186456079,2.28188343516804,14.915061461164203
1431.6863372674534,82.99833684820912,162.65501458278015,2.3909821497529213,14.560975904668643
1432.0864172834567,78.18476786628409,163.23331950565074,2.363570901332724,14.800519822943203
1432.4864972994599,78.16387868394933,160.2107310429536,2.3967556878517935,14.193604877143207
1432.886577315463,78.2555092623964,162.5120130038162,2.3486567440373274,15.278393248456341
1433.2866573314664,87.82978853816843,159.84237480404627,2.3093829530942322,15.824670084837884
1433.6867373474695,81.03089302829531,159.31851957644378,2.3790403143603225,14.309821267634137
1434.0868173634726,81.20328021681385,158.77264057860975,2.3243081954041074,15.98663615441491
1434.486897379476,83.58381796682313,158.8783086218476,2.3339889976285484,15.050916930010724
1434.886977395479,80.39701975041574,155.8339486818311,2.3229669397560864,15.151412764331834
1435.2870574114822,78.38448226887793,160.4133704056869,2.2063285143757945,13.59742638120238
1435.6871374274856,78.61364830744057,159.70129354916662,2.387919035373648,13.509551134022962
1436.0872174434887,79.09064897730089,161.7150383178473,2.3428949313409846,15.069015635741323
1436.4872974594919,79.2057811916907,160.13506623630727,2.335973024822498,15.583840396214361
1436.8873774754952,82.242414604932,159.54423148188903,2.319834582423068,14.413253087972704
1437.2874574914983,79.51651680067306,157.82285310162433,2.3283684572719294,16.28470591350863
1437.6875375075015,82.21574129853025,160.2311748557064,2.2974661069556968,15.534823534902765
1438.0876175235048,78.93837368360855,161.94645151858873,2.3455465621779514,14.218416337568987
1438.487697539508,79.55145144504158,157.29268767610424,2.268125785139995,14.967953485813558
1438.887777555511,71.21939068016687,160.4200057269089,2.3273789975489265,16.92297371114966
1439.2878575715142,82.85239930204104,160.8343238280931,2.341925954279101,13.945505701806686
1439.6879375875176,80.54755054401379,158.5070579542861,2.3110432225481397,15.360270012184953
1440.0880176035207,83.12775837734016,158.8831904112505,2.3333518926484405,14.677526242412021
1440.4880976195238,67.52443139711987,160.98007678917935,2.278391222276042,15.499277416940167
1440.888177635527,87.436300795932,157.6208222850664,2.278939171474589,15.94558848664185
1441.2882576515303,78.4974070526092,161.3801153872969,2.3265688021860162,14.620759779602075
1441.6883376675335,83.46107537486226,158.3179569721133,2.343770212612528,15.822829854503059
1442.0884176835366,74.8409143352721,163.2646189173427,2.2411619466955446,16.70258405482777
1442.48849769954,81.42344343814071,166.50330022967034,2.3365659855684933,14.976533157534474
1442.888577715543,74.73011162878967,158.55818887669724,2.2934859315115887,15.549287082293226
1443.2886577315462,76.41974084913791,162.09705381416956,2.3070308268629263,14.44685702772242
1443.6887377475496,86.54160212816788,158.9962353639064,2.260691683057314,14.932421360348526
1444.0888177635527,78.0930248103966,163.46713364600924,2.279737294201578,14.773448876694285
1444.4888977795558,79.6953817626342,157.75336181752192,2.3519768381503465,15.550083508615744
1444.8889777955592,82.27543568671007,162.1698353330048,2.3141764622640735,15.873992124549277
1445.2890578115623,80.74702593542231,158.83785700793413,2.2970811576106867,14.820214906412037
1445.6891378275654,79.33472724327912,160.5549287545802,2.3072633934874562,16.132495285386774
1446.0892178435688,80.16126899148624,158.5469870768889,2.3310223053713717,16.12726401004528
1446.489297859572,88.2830813074627,163.23268513490268,2.3286047912390284,15.578308935949645
1446.889377875575,78.40655890153565,159.13671483906157,2.3075153879350823,14.485575449109444
1447.2894578915784,79.40866705632705,162.66153063360437,2.3537665698292387,14.40647521464854
1447.6895379075816,82.77374741435223,160.47392608429254,2.3483987325272144,14.243545650459733
1448.0896179235847,82.95971523453377,161.100637720549,2.3256474174180712,15.650266941480288
1448.489697939588,83.25183764535596,161.80895165386295,2.3108296076426282,13.91897376771582
1448.8897779555912,81.02436602221395,159.5878385954807,2.3344708744008997,15.427283615329863
1449.2898579715943,73.86277853328744,162.0712510143663,2.3202819192575497,14.018322094752058
1449.6899379875977,84.93350225722759,165.4241965755289,2.349676717887466,15.539413485355757
1450.0900180036008,73.77899795404035,159.7062435230088,2.34276096687354,14.891690220645588
1450.490098019604,79.53915080601264,164.63421896708056,2.2655824600116783,15.9421343305872
1450.890178035607,75.27536155732754,165.5032430207855,2.2624085042930604,15.785667045348347
1451.2902580516104,77.99939475532291,159.77100840701286,2.2773317785030156,16.017806602276764
1451.6903380676135,79.53410872364228,158.2272473301841,2.3439623544503307,16.035631139263142
1452.0904180836167,79.46722723186676,162.6733644829301,2.2413998142649594,14.979073739476748
1452.4904980996198,79.8318496179571,160.60361164588332,2.31977816101334,13.934298556366137
1452.8905781156232,84.56100945386225,166.69739595516583,2.3180256077340755,14.016449546303685
1453.2906581316263,79.88192951423473,162.16675284958023,2.3495661557080076,13.186095205374642
1453.6907381476294,77.0524244657048,160.1281696074008,2.3098104641845745,13.985718472637636
1454.0908181636328,81.84628976695478,159.319790917696,2.248405561355391,14.90475826256325
1454.490898179636,82.70834515068745,164.96656049878808,2.2632970994904347,14.398995289808168
1454.890978195639,73.00018668178033,160.86803280834096,2.253929181786135,14.699600564783916
1455.2910582116424,80.26000625299721,162.4598450189445,2.279229295851233,15.234842928367247
1455.6911382276455,80.63451890168906,164.79414519071332,2.2929693940332116,14.594351076485399
1456.0912182436487,76.59863045493897,161.24844218234028,2.2532065515738213,13.93704409355463
1456.491298259652,83.2504034900013,162.39879954591024,2.3581898050894017,14.788795226883188
1456.8913782756551,77.10568155063831,162.52681736398526,2.245891543652742,14.109435990105577
1457.2914582916583,78.16617393532918,164.33124904620522,2.3522867720559155,14.608416607651657
1457.6915383076616,76.92918228048379,164.15457998514324,2.3453893597061963,15.896056025328194
1458.0916183236648,77.6410251362703,162.1822975883367,2.3334555138309905,14.60219009777644
1458.491698339668,73.15048656328061,162.94664812164575,2.2693136942543055,16.232091525710814
1458.8917783556712,71.73190063222071,161.9131016611232,2.31030371701362,15.957336685426839
1459.2918583716744,83.82628165005526,159.20362145363865,2.245052539641514,14.345257349012579
1459.6919383876775,74.01621392302447,163.59683684191285,2.3321257526268124,13.916447586330781
1460.0920184036809,73.3939292297152,167.73857466107472,2.2922725525684404,14.759919593677582
1460.492098419684,68.70101958972387,160.85413568668181,2.2784019974681864,15.72121279456052
1460.8921784356871,74.71345729431854,161.18627464754786,2.2453682672765547,14.40295687322606
1461.2922584516903,71.931312901425,160.99752136334584,2.1947614676074476,15.51811222192077
1461.6923384676936,83.74574478502596,165.04138798109648,2.251864128646075,15.754893747598768
1462.0924184836967,81.17060958682394,164.40676516488043,2.337462143935616,14.165394414137548
1462.4924984996999,74.3320426910452,162.94492492821362,2.2763817380051363,14.24021866451676
1462.892578515703,86.04733664021828,161.10201315045572,2.285267188979842,15.347605201716041
1463.2926585317064,80.9172519717852,163.68386782422962,2.3178081980385246,14.895341114446934
1463.6927385477095,75.6431091114118,159.59730834167473,2.363358874828414,14.221372827917063
1464.0928185637126,66.89670518861993,163.92344004457084,2.343678820681652,14.484808158761316
1464.492898579716,86.00964129219801,165.79976609000693,2.2513321711206005,14.706438854995064
1464.8929785957191,71.23877441517637,160.5491096871333,2.2120701104376015,13.507244467216804
1465.2930586117222,70.16631368269269,159.90203452297965,2.3837052941334247,15.36788755086544
1465.6931386277256,80.78868668154551,167.73821728808727,2.3796286103795916,14.368635940070307
1466.0932186437287,86.40756354892329,162.31658483562472,2.2959557467975737,12.52080492346063
1466.4932986597319,82.13544765267466,166.74228333003416,2.2371471682385473,14.724840943695236
1466.8933786757352,78.80344960239647,163.5739171109729,2.3260452958409394,14.146812150609374
1467.2934586917384,78.87594232990537,163.61058894041022,2.28274686797456,16.087229993597035
1467.6935387077415,79.85935495146062,165.16813896155674,2.282097399128618,14.263890966950697
1468.0936187237448,79.42983156066235,161.91880719276915,2.3219458773210686,13.850178718048348
1468.493698739748,77.46696494018684,164.5168095767434,2.2990938471169624,15.130657670929843
1468.893778755751,76.70674409154758,163.2886701949172,2.2378380517395757,14.191943487099007
1469.2938587717545,75.98696682069594,160.99805113637873,2.271833222196552,14.09269800735513
1469.6939387877576,73.16854070044565,165.19994431118718,2.3108217318327187,15.119797421726037
1470.0940188037607,75.00841938651014,163.75498672014328,2.3043388855176388,13.87572759661247
1470.494098819764,69.30567484251685,164.07777337890374,2.293963111558333,13.53815944439986
1470.8941788357672,75.63018862292054,161.50207376940153,2.3203734919282644,16.08062552161687
1471.2942588517703,72.0148912214007,168.5631785553594,2.268122495776389,15.159246700458773
1471.6943388677737,71.50027125915987,166.83372480420127,2.2892930473808475,14.4800727349218
1472.0944188837768,76.57924324315182,167.10965030872237,2.146678656156274,14.684422730583288
1472.49449889978,81.37238000666842,163.9930290228605,2.2632718620709453,15.087632224079035
1472.894578915783,79.42200850537391,160.49112201868212,2.3113705248571907,15.457318861395867
1473.2946589317864,69.41077877468442,169.75386880648426,2.2647556607019768,14.069548778852612
1473.6947389477896,71.6779765341775,164.77638469330878,2.261279869924727,14.962898310298451
1474.0948189637927,79.34295140819562,163.11473845184506,2.2378288722111566,14.26024181508059
1474.4948989797958,71.5929652486956,166.08640708182273,2.319180152306233,14.510016237481336
1474.8949789957992,74.56710189188175,168.01992540351074,2.3005430786204104,14.785323636382255
1475.2950590118023,77.6082349762548,165.1022717737515,2.311180670577266,14.646966647457957
1475.6951390278055,71.4767141903487,168.41416461465374,2.2086755782088354,15.236275264235468
1476.0952190438088,75.71333373271634,167.98310822951942,2.27086669914637,15.032975330953391
1476.495299059812,69.89714462800816,162.64258961733913,2.2656413420500012,13.432227174913354
1476.895379075815,72.76886707037927,163.70705339453744,2.265184515994672,13.547932578637802
1477.2954590918184,76.39423350313125,167.8434088654053,2.2513284079428586,14.333818564074484
1477.6955391078216,68.68357698277332,158.72612242676118,2.261687990902708,16.087865077861192
1478.0956191238247,76.757576002284,165.1921524173393,2.3090811349251474,13.93903656922504
1478.495699139828,74.85693092986139,162.0469007488041,2.1981450041940853,14.449049269143503
1478.8957791558312,77.08492792344869,164.490829993764,2.345315099732191,14.181840274297851
1479.2958591718343,75.70979249594744,164.9934480138028,2.2931417437667627,14.162943528314193
1479.6959391878377,80.20954838089199,164.90321837732537,2.2716601548618485,14.744005074529682
1480.0960192038408,75.19241919907417,164.47655397583932,2.309192673725757,15.717241671826551
1480.496099219844,72.91211836148535,163.172771815483,2.214412343595044,14.95657349356302
1480.8961792358473,75.0568356745219,171.70387834003049,2.245464674159469,13.944125302446812
1481.2962592518504,76.67842970776145,170.70126916689298,2.2667772245469076,16.784657377256192
1481.6963392678535,74.63795759388582,163.18600768901698,2.325810745726689,14.64002846559301
1482.096419283857,74.54185259403428,170.10506564984178,2.2688971173936583,14.110461691340605
1482.49649929986,71.50817739920204,165.2097543746949,2.2883283809464965,15.69695659558475
1482.8965793158632,71.60088961988119,166.59007325900575,2.246312814517662,14.187036537156681
1483.2966593318663,68.57811317980762,166.16764764390663,2.288940007226031,15.887610012077785
1483.6967393478697,81.12257507769344,164.73522974886606,2.336126831211252,13.85572345756773
1484.0968193638728,69.08424289100645,168.90304120650046,2.308429814149331,15.691193174314286
1484.496899379876,71.22319769226885,166.81697520284885,2.264922584974831,14.702910763062812
1484.896979395879,71.05600803376305,165.36976772658568,2.2947731184378473,15.569790807060444
1485.2970594118824,77.44385022142951,163.35859830809787,2.290427407890578,16.053210623233436
1485.6971394278855,72.61856767128813,164.4450475860146,2.287164069866934,13.620533930788602
1486.0972194438887,78.72324745214921,162.63458494836033,2.310953121891635,15.542031623887404
1486.497299459892,70.9719296054876,166.82763048397803,2.310229114261839,13.38905817067422
1486.8973794758951,74.71518291899446,163.8644796101033,2.2605392781007096,13.673173685660098
1487.2974594918983,70.19083451872253,166.2513492330746,2.290877000537472,13.862906252365507
1487.6975395079016,82.04553907070749,170.39964636063013,2.249454860584695,14.903228580299965
1488.0976195239048,68.64697315445052,170.03181550243113,2.2274331871917465,14.521390251136408
1488.497699539908,74.56877946717634,167.0120821519226,2.253154367696224,14.355899813951137
1488.8977795559113,75.79644055679759,166.93430270427504,2.260461639003384,14.601200916177746
1489.2978595719144,74.84807353182993,171.9109726825545,2.1966287879204858,14.951821282716159
1489.6979395879175,72.38297941335267,168.57247939734478,2.2970852105380746,15.007937962190415
1490.0980196039209,72.53581005504624,166.5104060730968,2.15155939317898,15.343195743644884
1490.498099619924,73.1610125503254,163.82423973570098,2.3704262138163585,15.918385924900337
1490.8981796359271,72.32814457729802,168.4333598991519,2.3214904549545965,14.439736990877057
1491.2982596519305,76.70176819963795,169.58140646978643,2.2505573241890833,14.034397575205025
1491.6983396679336,81.61815723357311,165.98841611049792,2.2609577442900575,14.936512573731695
1492.0984196839368,70.47562705146073,168.35502673114755,2.2722832176472263,13.524667839831537
1492.49849969994,67.1556278349812,166.77758790450687,2.2361822191069765,13.891469534324083
1492.8985797159432,72.2106748517416,167.28596715787097,2.2670383344967093,15.228271896865508
1493.2986597319464,82.81132255469721,161.58604507994337,2.2531591484485216,14.323771920192733
1493.6987397479497,69.20618909975897,167.31072317449258,2.254734465775535,13.450801342336243
1494.0988197639529,78.90547791561903,170.3482001294648,2.2653506948005773,13.219766782641281
1494.498899779956,78.9876595774857,166.40589374142937,2.2051386719510933,14.444809769681193
1494.8989797959591,69.99007244174784,168.1753617122794,2.258850761236104,15.313554140814349
1495.2990598119625,74.40765143214016,166.21383642790684,2.263394730212174,15.297047340830776
1495.6991398279656,78.57232509791649,169.06450586652838,2.261600315894556,14.477062279960908
1496.0992198439687,70.46897408279354,167.6818025779101,2.2474032770520456,15.98960595195374
1496.4992998599719,71.09763817153735,165.9347353670968,2.3011416629892345,14.29271607219004
1496.8993798759752,69.51143982209373,171.67396562219665,2.2410727657986707,14.259785652902771
1497.2994598919784,67.70507090300572,170.7246831441483,2.2639040945787765,12.31073187822907
1497.6995399079815,69.09265366087229,166.9498701164997,2.3062958271443668,14.000804598251793
1498.0996199239848,66.7194016467347,169.7664088100545,2.25082242773393,15.03429486379955
1498.499699939988,71.67662951085049,169.92528548321755,2.2621702345382273,15.59781334008537
1498.899779955991,68.3852708873421,170.24734176791412,2.249331234735722,13.676391584653476
1499.2998599719945,72.32491208482462,164.46579724410242,2.3022770170054097,14.704289792238768
1499.6999399879976,65.09052813806106,171.27781607461333,2.2420695394765637,15.165873438200151
1500.1000200040007,72.56171280708243,167.39692882148972,2.3033096961832213,14.331192694978617
1500.500100020004,74.4961289653303,167.98649600524377,2.247429685799001,12.489431473376737
1500.9001800360072,63.11063309394608,175.53567226710507,2.2167932013436924,14.507691243413754
1501.3002600520103,72.50510701711373,169.75556515758552,2.277945608861889,14.912780915350808
1501.7003400680137,75.8426055368705,168.09500044223952,2.238183766358633,13.539449071169274
1502.1004200840168,66.01615930893857,163.60750606368973,2.2747910221024052,14.087788563172426
1502.50050010002,77.46755297104399,172.65509746860073,2.140396028772691,13.360414015463792
1502.9005801160233,72.37562696426436,165.87761720197906,2.2493823471151786,12.22236536333451
1503.3006601320265,67.80153971388665,166.79200680620366,2.2303925744291933,15.093733407657183
1503.7007401480296,70.32029699134078,168.53219377735272,2.205849808755455,14.26275148159808
1504.100820164033,72.69821832396134,172.96158157200674,2.2258546088990387,15.537484722316929
1504.500900180036,70.69022207418125,171.41363606798419,2.224640941692025,14.9387709123373
1504.9009801960392,72.4622680355934,169.1459321094081,2.245275182707286,13.963087832658964
1505.3010602120423,66.54534823719274,170.37125093310075,2.192107834440087,14.17342767830803
1505.7011402280457,70.82604070351144,168.15955587225085,2.259058856645563,14.686404796658955
1506.1012202440488,64.41405174338897,170.06965743227144,2.300664246336304,15.000434440507359
1506.501300260052,69.5440766105519,169.96387128077018,2.256861284038543,14.478503212450386
1506.901380276055,66.29318149569339,172.26246280803045,2.2775929202871965,15.098254434949377
1507.3014602920584,66.88628486067961,172.31849379743323,2.288625851164749,13.969832382886581
1507.7015403080616,74.69213255227886,171.1955034748166,2.2939136586090845,13.40281426362095
1508.1016203240647,74.03211949595583,169.11470309180083,2.3188711018247323,14.142017735133587
1508.501700340068,72.0223158957018,171.93513945933617,2.223709703783589,14.3513234285357
1508.9017803560712,65.13516328659712,169.9106733998158,2.214551410282092,13.219231952199229
1509.3018603720743,68.15719931654657,167.49581792271772,2.2742431407197983,13.104341759971879
1509.7019403880777,74.19341182792508,169.25239141407903,2.2708496705435395,14.524862064322456
1510.1020204040808,69.82584704741026,170.53193250584042,2.2731613053268456,13.83507561988562
1510.502100420084,78.45402768296898,172.65615509425322,2.317321630448684,14.020670957828084
1510.9021804360873,70.66748409300335,169.98179156265945,2.24182193765003,13.858746672389959
1511.3022604520904,69.77968681643686,167.4776066752711,2.2580309855123173,15.356113223976818
1511.7023404680936,67.69207783547064,170.7024435574489,2.2013875504249785,15.142147737451682
1512.102420484097,69.37953770764254,170.90420911392803,2.3256350610456584,13.135936806684112
1512.5025005001,68.15210352489727,171.14513585265948,2.2263803357944654,13.692640815023001
1512.9025805161032,71.51080607954457,173.04018577231076,2.227134195730408,14.791909138133997
1513.3026605321065,72.42135020112151,173.34777205353168,2.225214323786645,14.586459797642767
1513.7027405481097,65.36653505366851,169.37488484564062,2.212910760700184,14.064724302785695
1514.1028205641128,63.1012967891354,169.3799918908103,2.2091521804469965,13.180765188536169
1514.5029005801161,60.99692791329478,168.37978203768265,2.2170053528577087,13.537742845417052
1514.9029805961193,70.2890219625812,172.78723537357627,2.1829463459169123,13.663265243039342
1515.3030606121224,63.75868528196457,174.72215228917386,2.2057909248575114,14.291154096666228
1515.7031406281258,59.475473548105946,170.37229079077653,2.3147884271829375,15.425394645359226
1516.1032206441287,69.55602507521817,170.61629989697028,2.265883174614341,13.505738014038917
1516.503300660132,77.88817535367498,174.94669983967228,2.273121009821143,13.227218309955807
1516.9033806761354,67.80615352338464,172.6034909940565,2.282801878519042,13.95395669407931
1517.3034606921383,71.09845478409103,172.4900236462699,2.3087084068956973,14.858971524577381
1517.7035407081416,67.98565964403082,168.48196558710325,2.164116435226527,12.868803564259544
1518.103620724145,67.17643150638925,173.21588327256882,2.1854091439300776,15.181922024665127
1518.503700740148,71.16174272835988,169.25601161021189,2.202087474281305,13.87406958540503
1518.9037807561513,66.23758545025618,168.8035738089569,2.21508000456963,13.416893885377336
1519.3038607721544,68.38130125585168,170.831448929981,2.2214800226669094,12.716828947231903
1519.7039407881575,68.51137453063355,170.29363078298115,2.215258126794707,14.554802798482045
1520.1040208041609,64.46487712622998,171.263828532963,2.2415448474050264,13.845230376875689
1520.504100820164,71.01786970063546,168.27506865378675,2.233820402433244,14.1112882594663
1520.9041808361671,66.2621297653061,174.33423760775014,2.2031321274596887,13.246606444290277
1521.3042608521705,63.85106517588982,174.8160651463523,2.1446613397732355,13.704486434072063
1521.7043408681736,68.93197214942016,167.18812359711666,2.191607155922922,13.56298118631461
1522.1044208841768,63.103759159126334,174.5622318101458,2.208991815561199,13.864230155709569
1522.5045009001801,66.72186679018395,170.14934971346912,2.2207184886122073,13.40149680747051
1522.9045809161832,66.48399142820014,174.3776699387483,2.1850561214969484,12.70220353790345
1523.3046609321864,70.77519053118696,172.1236498270781,2.2102525669412203,16.104733387393882
1523.7047409481897,68.24135907379164,172.4262144238204,2.1842881902869693,12.823571162429804
1524.1048209641929,66.15323462827222,171.9510146758794,2.224138629024058,14.051798457175622
1524.504900980196,69.43500385575271,175.50353826558236,2.1858923267799475,12.48132144024131
1524.9049809961994,71.6351863564687,169.43367418811286,2.1945052325854197,12.293594003060658
1525.3050610122025,68.21583762689558,174.1116458789649,2.175760357146115,13.961757231324846
1525.7051410282056,65.9360712983199,175.40474244505592,2.2216148652441663,14.015230067876475
1526.105221044209,60.557205922916694,174.50160976293813,2.192745022595986,14.877151062789855
1526.505301060212,61.453813291634006,178.58181924457648,2.2633232165378936,14.17978116656944
1526.9053810762152,64.40291472148478,171.50698665827315,2.242935643662677,13.73246293206629
1527.3054610922186,63.09514027643159,175.28186577807426,2.2235582225303885,13.084775153507007
1527.7055411082215,64.69451082105923,172.6825951813331,2.1941044212506022,15.035784912243349
1528.1056211242249,65.57803553555662,176.09052224201446,2.240877079346371,14.571752269525154
1528.5057011402282,67.37908096734085,173.04693641874846,2.2529376132724006,12.823679850693315
1528.9057811562311,64.88702472119762,172.15558722828257,2.2306713117929595,13.843162760011728
1529.3058611722345,67.02357352305724,176.44954022834614,2.2887669366317356,13.920058130842785
1529.7059411882376,65.24385041593962,172.0145025109492,2.242660334199633,13.520294251543227
1530.1060212042407,56.99231246127017,169.77060454882897,2.260476003645712,14.406274699225033
1530.506101220244,61.04490475140702,172.069276617538,2.2289321018745314,14.44613429719056
1530.9061812362472,64.13380680530683,174.96791370760639,2.2502747329718322,13.62028908613275
1531.3062612522504,59.779133333871314,176.95932771691292,2.191036476829814,13.539888527404399
1531.7063412682537,66.92522855429837,173.81591509944414,2.2042322670314562,14.955633435628078
1532.1064212842568,70.55596582376981,176.89240582472283,2.236204125666373,14.494597022722465
1532.50650130026,69.21530777367813,170.26025736672293,2.2355758537091166,13.798050006202438
1532.9065813162633,63.393637251899804,172.60627688710687,2.2418595496393756,12.428606830892383
1533.3066613322665,70.11731363420878,173.05169734701968,2.265234908438663,13.998963137967717
1533.7067413482696,64.65593273785,173.54539422151745,2.163885378041271,14.273995479076053
1534.106821364273,62.619627808779335,174.1006438186468,2.1815720736993005,11.503653762772103
1534.506901380276,61.4209262785299,175.67625705531466,2.2293999528363693,13.900485727419534
1534.9069813962792,62.57108137696775,172.89549048515335,2.1909102967806695,13.357332468437933
1535.3070614122826,62.1345354875924,174.4135626710706,2.3546642921968037,13.50567534973972
1535.7071414282857,64.27505123878267,174.01162190527398,2.2398519957941763,12.94810359559982
1536.1072214442888,64.14168831199123,171.86809670346832,2.2157605558921305,13.547083418706048
1536.5073014602922,63.41744646240728,173.9570005782579,2.197946530431259,14.770831555811062
1536.9073814762953,65.05875051695246,173.9403171710912,2.1990312565523307,13.291699931750223
1537.3074614922984,67.97918536429154,173.9450154872843,2.2191167582084614,14.412835047468132
1537.7075415083018,66.92028771605968,174.49531800679821,2.2220647326103995,12.986845770363324
1538.1076215243047,57.08782020468088,174.66325659707326,2.198992755058245,14.230427361849195
1538.507701540308,52.71693995324594,173.45143844620264,2.2060108408265107,13.616235913637652
1538.9077815563114,66.57498957957758,177.7720164997124,2.270385470142326,13.887997114792931
1539.3078615723143,57.27515512935762,171.72453033967824,2.271672390985626,13.603543122626563
1539.7079415883177,61.74844437172585,172.90375722177424,2.226052608214572,14.102541255326594
1540.108021604321,57.87176752244532,181.7139898219803,2.162000869939427,11.526570854674269
1540.508101620324,55.24889064004748,172.226947687059,2.236872351056699,12.43615394842204
1540.9081816363273,64.52713671029443,171.49533110252446,2.277185446237932,13.897031260889383
1541.3082616523304,65.30226201825165,176.77364712583824,2.2694882767172344,11.919866298507369
1541.7083416683336,59.86383905707906,169.80233822042277,2.2437579133552155,13.121540314927337
1542.108421684337,51.7098360105126,174.4645801477611,2.270962608846292,13.493817086057884
1542.50850170034,59.793038675969605,180.47489813897425,2.215886839956229,12.866040392913813
1542.9085817163432,63.44913208768978,171.30551012031432,2.2385623355381608,12.966543752805029
1543.3086617323465,55.87005923351555,170.27039536728924,2.1858949132735463,13.728276678152547
1543.7087417483497,62.42282601567633,171.5347521505412,2.2245052470700712,14.309642640221886
1544.1088217643528,61.53172069495189,177.58594392994704,2.265685667410125,12.726620686156416
1544.5089017803562,63.813594315704094,178.20926730516913,2.188618008157143,13.024484951371443
1544.9089817963593,61.87811403230821,174.17307401466022,2.1774288347419377,12.890651892134299
1545.3090618123624,57.41077859896198,177.21973688875076,2.215478739317671,11.52966392090634
1545.7091418283658,65.99250128389585,179.04444280354616,2.2022062881630613,13.571222139345378
1546.109221844369,60.47515856083614,180.09420722655315,2.236933266608973,14.196689865550725
1546.509301860372,60.90302248320006,175.06697715894146,2.1925325472539794,14.253271217801712
1546.9093818763754,57.18203635903096,169.98604707152973,2.279097074678942,12.73436259938173
1547.3094618923785,59.04475206516886,173.74437626329816,2.158470001295274,12.420614420195887
1547.7095419083817,57.18134996521988,174.78634585351838,2.259904987368879,13.43023260993163
1548.109621924385,59.931364767552765,175.2627270576896,2.1788611751861247,14.067320632910512
1548.5097019403881,67.37248110747186,175.4970775611893,2.137316383162831,13.518713797749347
1548.9097819563913,54.94045234922129,178.8205482496917,2.2183722489875595,13.617187191687751
1549.3098619723946,53.8761341799391,179.26590156033558,2.1983754775632893,14.290096602416039
1549.7099419883975,66.11729861183278,175.707097516917,2.1638789827568066,12.77618936844508
1550.110022004401,59.29747636839911,178.93887679184627,2.1407128505810977,13.182367725578533
1550.5101020204042,57.360551708415144,177.14313213343036,2.207339073945014,14.656851852125039
1550.9101820364072,64.09845237706695,176.4664883033308,2.2464135727908663,13.182520706082336
1551.3102620524105,57.41828338011227,178.62775833226692,2.230485843130584,12.316880753116337
1551.7103420684136,67.04661882200926,176.59813191798924,2.209064592313154,12.78602477524883
1552.1104220844168,62.35604197040057,181.61806226400103,2.2256598709848388,12.561703748313054
1552.5105021004201,57.59437703063329,172.93346697126006,2.2051280652672434,13.588694371330217
1552.9105821164233,68.07686692908194,175.2974556286016,2.148739346215388,12.576902115677413
1553.3106621324264,56.92631460628677,176.3249004219017,2.1488052668209825,13.501161324883684
1553.7107421484297,62.2190263940785,177.7955703578445,2.1972280223266885,12.686134786147152
1554.1108221644329,60.34921779796838,179.92250637673672,2.198643398286885,11.566916049161096
1554.510902180436,64.26034874498674,176.74720020927083,2.238824634165688,13.501525555160876
1554.9109821964394,65.20069960534771,173.30813829515114,2.234794326310537,13.365590489688861
1555.3110622124425,58.983879346042116,179.02543665769437,2.2284253433887327,13.651594635563415
1555.7111422284456,55.74333748132647,178.86191141939648,2.1927276167059024,12.689546512470354
1556.111222244449,60.49798361128456,172.17515291753685,2.1484327799667025,12.594827725278172
1556.511302260452,55.8482610844752,177.0754961536875,2.2198626948596933,13.530142969869777
1556.9113822764552,66.51364210887539,173.16478007932318,2.2241086475622245,14.414670525285764
1557.3114622924586,58.90714961481785,175.5335557139288,2.1072836872135543,13.198853912704573
1557.7115423084617,56.800583459378686,174.99312996353993,2.169175535926579,13.520031520544903
1558.1116223244649,58.90140005149974,179.32820226040943,2.1746320549302673,12.913516582752719
1558.5117023404682,52.67493221029332,177.65192298457427,2.2067344556211634,11.926284994670175
1558.9117823564713,54.07769072019723,174.20059527286472,2.169593300677541,13.925515072071054
1559.3118623724745,62.66646456658228,179.66938049072994,2.1999306604490516,13.868664542812933
1559.7119423884778,55.137848024261615,173.93926080768358,2.1927640275363935,13.700893524313848
1560.1120224044807,53.47835315031497,178.40353599697428,2.194549886897251,12.97703869168004
1560.512102420484,59.7131373590834,175.59761676445257,2.1719915951963795,13.590540293693588
1560.9121824364875,62.209831154760266,176.77275780723588,2.174820528454884,13.818184904648849
1561.3122624524904,60.24327647792917,179.0018490148822,2.1569028762894855,14.38956219684577
1561.7123424684937,61.25206478313514,179.09893122629958,2.2150509506518055,13.874495692165207
1562.112422484497,54.14106818982203,181.19177934729888,2.2224281206929963,13.124951173685035
1562.5125025005,51.381345675509266,177.69768409909875,2.168496130116939,12.017490848492155
1562.9125825165033,62.974229638062965,178.72331934085096,2.259884356459529,13.178799272523293
1563.3126625325065,55.578450847753736,176.91663426405643,2.1862136730068764,13.249693703517567
1563.7127425485096,55.76608339153378,178.51964861685445,2.2597452097878468,13.601794779059162
1564.112822564513,61.982408957044605,179.21699572729042,2.1725938293091027,14.107803686458745
1564.512902580516,58.79474263477402,177.9260224464785,2.1169580159613086,12.938669146592531
1564.9129825965192,58.293538765842946,173.71584647873746,2.2138523319551355,14.685658831280467
1565.3130626125226,65.03013860828369,179.10723412580418,2.207450598093402,11.587499201553193
1565.7131426285257,53.69617592751181,179.24320275368905,2.1986300054460965,13.320442317781636
1566.1132226445288,59.8817086496239,176.6845149322533,2.1713115008671213,12.336172821567624
1566.5133026605322,56.29848119211609,175.22703739247763,2.195365545785531,11.439212213644236
1566.9133826765353,57.0448612295206,182.18066542541698,2.1760467815145725,12.79355140241341
1567.3134626925385,61.98441370719144,179.77244951114582,2.1841529942123405,11.77919429624633
1567.7135427085418,57.80191697997889,178.02390637195413,2.229663177924126,12.80573219915249
1568.113622724545,57.82377989019809,175.8067044007309,2.203118583266303,12.95261253940395
1568.513702740548,59.860635808609956,176.64733105533924,2.2199010532978347,13.809533502285483
1568.9137827565514,54.01079729322625,182.01082891013053,2.185982460343267,11.698516161313092
1569.3138627725546,52.01376376133468,179.15089525268965,2.1813318104127277,13.621205006343635
1569.7139427885577,51.09135394189594,177.48256232363912,2.1486296092196286,12.962758599220205
1570.114022804561,47.30514831658742,180.18544418686326,2.1797249564692516,13.697199737686372
1570.5141028205642,63.29538441968092,176.92731770475305,2.061440455296827,12.518526511470283
1570.9141828365673,50.557702533516526,182.7674131815119,2.170435883165379,11.787919730030818
1571.3142628525707,53.985502070155796,182.44919916544532,2.1905306284852912,11.86948484811521
1571.7143428685736,53.663246005600115,177.9525540857292,2.2161144866585776,11.799788268044596
1572.114422884577,55.90011231052605,177.5990037191416,2.182583483154657,13.205216538087127
1572.5145029005803,57.83342595791485,172.67693447585717,2.2070017122519734,13.994214931908088
1572.9145829165832,57.91236952477168,175.56980116903478,2.105668512629383,12.350409355636048
1573.3146629325865,52.038172756401366,175.97646120300953,2.1903529914055606,13.2953532937463
1573.7147429485897,53.6020126711725,179.7143903813834,2.1252138797339497,11.56294715317802
1574.1148229645928,55.300848020574534,178.61200493234995,2.1438304979823695,12.915594861044546
1574.5149029805962,53.0758056830313,176.11532034664674,2.184445786699888,13.295806385453801
1574.9149829965993,60.40000933779694,178.82671347027846,2.2427538626203725,11.5920563227967
1575.3150630126024,55.83460016275694,180.84382502983837,2.206323594250355,12.577030689800404
1575.7151430286058,56.71030289888997,180.95083262749327,2.1919777119401274,13.302434022141647
1576.115223044609,56.322427903022124,174.9327035861083,2.190241534169829,10.372228211103458
1576.515303060612,58.26493060599074,179.41175800321682,2.162253002670763,13.777133223400355
1576.9153830766154,54.195276631115945,176.3244939970369,2.1688153630687523,12.981221997665678
1577.3154630926185,48.184042295437784,182.0874881756763,2.2074474167711746,13.261150067637
1577.7155431086217,54.87032765370202,181.8437436660494,2.134716765288819,12.347063760138685
1578.115623124625,50.56638169676912,177.68841089255005,2.2136332964112744,11.288514265809356
1578.5157031406281,50.957605232898985,178.06835686950757,2.174151938953091,13.083377569322552
1578.9157831566313,55.31782158202993,178.88018219468563,2.2224967322923903,12.579471834977264
1579.3158631726346,57.8258237949449,174.45113475335845,2.2277015572177468,12.660635340815094
1579.7159431886378,52.85813786886475,180.97269501367302,2.1221189715712807,13.494409488276592
1580.116023204641,53.90877931041076,179.50020692277806,2.1655647597306236,13.223338017805956
1580.5161032206443,59.38273997633873,182.6571865215715,2.154393687500261,14.140022018485581
1580.9161832366474,53.43736468693184,177.53504256528825,2.1158936292597668,12.715442834147755
1581.3162632526505,62.78159662336251,178.78246075494877,2.1468905192542485,12.028699119913616
1581.7163432686539,54.53745696575366,176.61304266927812,2.2856323376486123,12.420227517392668
1582.1164232846568,45.13296517388107,177.91760172222942,2.212153905809437,12.8927659762998
1582.5165033006601,55.09002572395849,177.52222954081643,2.2642575888996053,13.362177188376341
1582.9165833166635,53.50198260021229,183.0158586684922,2.220523723497755,11.365103971582371
1583.3166633326664,57.03709827985428,178.82889278848276,2.157480932213037,12.534782902227626
1583.7167433486698,54.47160084196854,180.93349201933356,2.171679842016742,13.804790384113018
1584.116823364673,51.12589123286464,179.71953161388984,2.2102853282486397,12.314176834459111
1584.516903380676,46.68341510129603,177.5460456556947,2.204046481701043,13.240322965735492
1584.9169833966794,50.645462627051955,180.3471073045572,2.163252068259162,12.879159785497427
1585.3170634126825,47.980477766660684,182.31364654327348,2.1257467016182194,13.238489315724767
1585.7171434286856,48.961527613708775,177.84439935887497,2.317458721137304,11.81511030257617
1586.117223444689,53.53905634580985,182.93436868662957,2.1801052990045466,11.807698197486378
1586.5173034606921,57.765543129192736,178.8349519874242,2.172525910884959,12.45732079109553
1586.9173834766952,52.565856264910934,179.79934023915192,2.1898941957330296,11.20439259156942
1587.3174634926986,46.104947162191934,182.38093127847588,2.175458195404205,12.203427334154386
1587.7175435087017,52.56826515849023,179.44293362078278,2.1898841896963646,12.610554051753063
1588.1176235247049,55.47782289666066,181.24263830554443,2.2362617932240245,13.82497727999207
1588.5177035407082,48.15367676400961,180.40902730470066,2.1796120063225564,12.70844263119805
1588.9177835567114,49.95832168899089,181.56610316596715,2.1378967483583127,12.875433412835067
1589.3178635727145,50.45479722749749,175.33763918936717,2.1777518126074216,13.295797195564306
1589.7179435887178,47.15817898181447,176.7619607303058,2.1654550709536338,11.581439708540543
1590.118023604721,52.79269702072878,182.92263509091995,2.2408018582178872,12.210032346030044
1590.518103620724,49.61766257955707,184.02209687227477,2.2305066038478185,14.271344734853317
1590.9181836367275,51.68154324622379,179.19922534049715,2.1877799651275587,12.256616612955858
1591.3182636527306,46.35548303326035,180.9115424042606,2.132147839392249,13.201942318150463
1591.7183436687337,48.05773836232643,182.3044545332773,2.1340810774373398,13.068655002851465
1592.118423684737,52.59929992606803,183.3466149406778,2.1835423800275717,11.104024420317998
1592.5185037007402,48.12072949488953,176.59016320167453,2.1962122384012903,12.523733267955283
1592.9185837167433,56.42229135807438,179.48991160760718,2.167597466661851,12.381566097604853
1593.3186637327467,47.81835286459221,180.91908951202123,2.163199846874006,12.516937297811372
1593.7187437487496,50.21818752922975,183.55378357767654,2.158520103973773,11.638466360932913
1594.118823764753,52.95245389795323,188.0872732985869,2.1811229514427937,11.336990797390644
1594.5189037807563,43.45136206638466,181.31631515557768,2.0865760470475703,11.838472509464854
1594.9189837967592,41.98441821813664,178.41388607761166,2.137662503208756,12.129782710339386
1595.3190638127626,42.82795227137377,182.98186756289306,2.156463758938102,13.144728616212298
1595.7191438287657,53.88393515644325,185.32342135877985,2.229677343325702,13.639296271352297
1596.1192238447688,46.529286074010344,182.33556808318662,2.148657292196525,13.291416713096957
1596.5193038607722,58.87273596756349,179.84337819867017,2.1882623866581303,12.850961744267458
1596.9193838767753,46.286270399130984,184.5493165868096,2.1899403960806403,11.348000880250432
1597.3194638927785,49.184891324443676,183.8573928488686,2.2326315744492913,11.813000095495962
1597.7195439087818,54.51865613465807,179.67738816833116,2.2310554429668943,12.296686309866434
1598.119623924785,56.278224528722404,183.24007971577112,2.1780908658445037,11.61140721315295
1598.519703940788,56.40361191572745,184.82346841286005,2.1612114394471216,12.567720540798177
1598.9197839567914,52.894916686747024,185.32868136381364,2.153518557209836,12.670927136355996
1599.3198639727946,52.06166708385664,182.25134803955896,2.1702716135129094,12.51213724300312
1599.7199439887977,50.23960259186478,181.56564805582883,2.1623962793099327,12.89176458849852
1600.120024004801,50.88713104775578,185.57226891080305,2.2017473920247412,11.336520471044587
1600.5201040208042,45.473251492924426,179.5217817927382,2.196260582718477,12.794977824344599
1600.9201840368073,44.3096236385075,183.68659050328563,2.202967345330949,11.480704858630691
1601.3202640528107,47.47346488513273,179.2078949870517,2.2295149681937656,11.272963809650161
1601.7203440688138,46.71088802379066,185.3390810933186,2.2535079221076177,12.439881884388374
1602.120424084817,45.48349989821664,182.07306458417693,2.183830447037708,12.975349341239804
1602.5205041008203,49.98687077354773,185.93203305335453,2.2226744338032596,12.381507961192279
1602.9205841168234,50.927575534822324,184.03136160539006,2.164482665889392,11.996172294966101
1603.3206641328266,47.365142311217824,179.78689157916156,2.225803762575104,12.216069321080834
1603.72074414883,52.82692302251647,186.4484811457717,2.2207194802372565,12.065490316521934
1604.1208241648328,42.255463556738704,186.80685139784134,2.218452605222834,11.043975981939607
1604.5209041808362,45.95313038778968,185.1761371694713,2.1817368353224653,10.939013951949653
1604.9209841968395,43.766159562623194,181.10798980826576,2.1510990141493016,11.858408243100737
1605.3210642128424,39.073116915069974,182.28831848280396,2.121912727013834,11.973698861295142
1605.7211442288458,46.11449060408923,183.45817021489557,2.175954125824735,11.907209366181629
1606.1212242448491,45.86431020919565,181.37642942207572,2.2387390921737893,12.427340507674998
1606.521304260852,52.3113245453459,187.40752909003973,2.1648889985233986,11.702379337274156
1606.9213842768554,48.68713757561772,183.57828961086662,2.208553290792445,12.31343134715647
1607.3214642928585,41.97365023922913,176.4997671670111,2.2107729458501284,11.735651735038465
1607.7215443088617,53.39341743164549,184.1470432984553,2.165535334055416,13.298267379569438
1608.121624324865,50.7679760029897,182.46862893450117,2.229405701004022,11.89239622413879
1608.5217043408682,48.11917200604913,183.19192642570272,2.060275834813406,13.688634394644687
1608.9217843568713,44.791932174322795,182.49776607339209,2.1275838439334054,12.085882728953939
1609.3218643728746,41.767347893831285,185.47685303821518,2.1397413880333196,11.62153501646852
1609.7219443888778,44.02366438571149,186.298229345148,2.143452138996827,11.061107873268574
1610.122024404881,49.7750244787549,184.24626565760383,2.1895665540978912,10.614531159193504
1610.5221044208843,52.866067074264556,182.72982714800128,2.187594081313751,10.963850276326838
1610.9221844368874,51.408542632367954,183.51408353965317,2.191629963100279,11.04146752163963
1611.3222644528905,43.1881737940936,183.70559566381027,2.1995926097503364,12.049143488700071
1611.7223444688939,40.57326247578792,181.68953979285817,2.137625416601763,11.30047657581062
1612.122424484897,45.52359716005441,185.18180254985694,2.1267840465405423,11.859058470562964
1612.5225045009001,37.79477537684964,184.92330010772594,2.1912466076441643,12.723194088603057
1612.9225845169035,46.06984653065074,187.6628576705794,2.150068510709022,11.61544596071366
1613.3226645329066,44.095571793944174,186.9885357697204,2.112344008096613,13.337085976133915
1613.7227445489098,42.7308076869882,182.1742268207719,2.213903241331432,10.721166599394255
1614.1228245649131,38.125279527847326,185.97725846945352,2.230741250838012,11.529390161249419
1614.5229045809162,46.46779832714784,181.58707269307976,2.237112560182585,11.206435186400276
1614.9229845969194,42.192070099357935,185.74207479824,2.1821966296489204,12.375106303672341
1615.3230646129227,39.55285257445187,182.74834180145785,2.199645047783855,9.822070235475884
1615.7231446289256,32.65328987183792,181.5192209314791,2.229295183766405,10.44740091604347
1616.123224644929,43.94227170429178,184.81478756073741,2.148737762613354,11.503992443051038
1616.5233046609324,51.051505543254365,177.4654197053656,2.2187166902087023,12.818936036852426
1616.9233846769353,50.51788051728706,179.81140460608546,2.1852018708400216,11.746458551175666
1617.3234646929386,41.95498124076957,183.78196213225903,2.210632176927989,10.472485668827256
1617.7235447089417,41.285220171395025,184.46848643153749,2.181426372489386,10.583916290357681
1618.1236247249449,45.480048549913334,183.37561672863876,2.2257331130433333,12.867954702684298
1618.5237047409482,39.52247527511358,180.38669560608315,2.1827252410431623,11.020555980607945
1618.9237847569514,44.63443395440005,182.3267701018304,2.114327827641024,10.750981564032495
1619.3238647729545,46.40302202949541,185.3855766324951,2.231668009072854,12.675126375789192
1619.7239447889579,48.158055027519275,185.8979012003673,2.1355949228675164,12.28996967988633
1620.124024804961,42.76151511190324,184.4386218923957,2.2235249452822266,12.488191280958523
1620.524104820964,42.259435184385936,187.4068361075708,2.1697006222862667,10.696749355873516
1620.9241848369675,39.47438949534904,185.54365484282084,2.2202597545850087,10.224525503905344
1621.3242648529706,39.59118037903405,182.7167720454649,2.218520295014333,11.538958287864105
1621.7243448689737,41.905361878390124,183.91924281820147,2.1902467628827607,11.688329065712907
1622.124424884977,44.1935102213954,181.14825681525477,2.1932952089832685,11.699700708576671
1622.5245049009802,46.291353940754675,184.41983608581134,2.189772952832152,12.578345624276562
1622.9245849169833,39.33746476142729,187.50503317393893,2.092230089869417,9.996552178078744
1623.3246649329867,48.43429924486151,186.47244122776243,2.1774328215654943,12.05907749004313
1623.7247449489898,41.292615632998206,188.29850966412891,2.127974839762075,10.481765297696594
1624.124824964993,42.205407974700506,184.07037913549297,2.1793839484414494,12.031385819350822
1624.5249049809963,39.21600097748559,188.226782810143,2.1267390791900866,10.954552834936713
1624.9249849969995,32.42206199904509,184.41204864253822,2.124980284784136,10.67104986464011
1625.3250650130026,45.56958614946036,188.6078822303801,2.236498587482937,10.822002766218953
1625.725145029006,44.895369224526455,184.90772202754678,2.215003212058065,10.141122989986663
1626.1252250450088,40.73748139520556,186.76372038800645,2.171984986936247,11.31762917054122
1626.5253050610122,42.04576275925635,188.71653423685726,2.1794680753563767,10.654810884338696
1626.9253850770156,43.75677666741871,184.5781285744086,2.16208859306247,11.889640530850935
1627.3254650930185,35.35826927189104,185.64044701549912,2.1947294601234018,11.76028799229219
1627.7255451090218,39.40788924308929,188.3492422270964,2.144822668164428,12.586398844250278
1628.1256251250252,44.6170216243838,184.82701672589414,2.2115461583282494,11.516554217460646
1628.525705141028,36.33888521375587,181.88956639469015,2.161606046890957,11.627642488394164
1628.9257851570314,42.44657302600533,190.58141833752555,2.1548698816239304,12.318777244916536
1629.3258651730346,35.762532199880816,184.0814239183506,2.172467791797707,10.684153497252266
1629.7259451890377,42.971318535516346,185.68449000772182,2.147890176596679,9.983252541656611
1630.126025205041,40.87999426307655,188.20921142516158,2.1846213920929625,11.32149907766153
1630.5261052210442,34.47921824334979,183.8293845821385,2.1499189128846985,10.010871095466777
1630.9261852370473,45.516113293290125,182.86220351781938,2.190094949370536,13.099672233179902
1631.3262652530507,37.83642631250417,186.04729952429065,2.219936126493856,12.28845279756437
1631.7263452690538,37.45164730995687,180.96117694561778,2.1424661284373574,12.84275760625515
1632.126425285057,41.41302729403233,184.75484273924044,2.165960380287402,11.149046064950618
1632.5265053010603,45.123623669720985,186.11777257448477,2.1895823018629037,11.527048932575243
1632.9265853170634,36.38434239013457,184.86069180541412,2.153641726383729,10.706500977778616
1633.3266653330666,40.613137390259915,181.70716713692397,2.1895970631141863,11.767902187066031
1633.72674534907,42.000706547692786,189.58128931049575,2.1931896884303184,10.076598607587645
1634.126825365073,42.97712105776415,185.88456637362074,2.2142549719634483,9.002019337553673
1634.5269053810762,40.82995975138603,189.23330416348455,2.146636939910245,10.39137604466792
1634.9269853970795,38.57581518332888,185.034862105368,2.133118847262107,9.847006412107337
1635.3270654130827,36.65353805905605,183.51427729150825,2.1584813510142937,12.181157297134654
1635.7271454290858,40.22868754938109,186.41643938817472,2.132030217671355,12.43877871323587
1636.1272254450892,35.516010995453385,185.23302411605368,2.19327737931639,9.851304519708616
1636.527305461092,28.039863359500583,182.8569178113643,2.1241858145984462,11.994421541819095
1636.9273854770954,41.39244725340963,189.50443598745503,2.263936214632212,11.709548632701981
1637.3274654930988,43.18313590306098,184.30277770856645,2.2224136397940026,9.680001262450443
1637.7275455091017,30.037102318610415,181.28608895375146,2.1710417999540335,10.610980986365563
1638.127625525105,35.37159304165656,189.23529511060818,2.2051980694075253,10.446426933241101
1638.5277055411084,41.809066235451745,184.68208309356788,2.104995012570889,11.496307691047255
1638.9277855571113,47.484615181993306,184.45103934569602,2.2713680950435764,9.90223197647822
1639.3278655731147,39.26024427189513,181.58472353185763,2.1467919293737503,10.793492128106623
1639.7279455891178,36.18774708217235,190.37796180946842,2.16554924704213,10.311168145851104
1640.128025605121,38.29111699387589,182.82914408510163,2.096101719732225,11.225905027655145
1640.5281056211243,44.445408084794416,186.22602827888718,2.1897617291304567,10.661105661752993
1640.9281856371274,36.28550230960587,188.3883356705429,2.126028934683179,10.393640867032921
1641.3282656531305,35.59630581058352,187.18777844805058,2.174322673954621,10.638489312437358
1641.728345669134,36.78607397376491,186.01087225439682,2.1484604873877817,12.425241044443522
1642.128425685137,34.82796848589233,181.93218568017093,2.127098007385099,10.4501583998139
1642.5285057011401,39.056460883191676,184.18820060785225,2.138010883822723,9.93813645281265
1642.9285857171435,44.98925320576177,186.70799570281744,2.1791957235604307,11.224941252613295
1643.3286657331466,39.707880473728636,184.29636134343818,2.1188847009293066,10.630619745687099
1643.7287457491498,37.33143883894436,186.79831604255133,2.140173290134735,9.600488797569732
1644.1288257651531,37.099163890621554,188.0197157174053,2.19663938897464,12.505100911617852
1644.5289057811563,31.93946969455778,188.74687285856757,2.2741916252072762,10.42514009143235
1644.9289857971594,41.65076503251005,183.30024406336096,2.1891812393365178,10.392038655570483
1645.3290658131627,37.73334034494701,191.88220249554837,2.133373757168135,10.809405100676974
1645.7291458291659,37.249404080870995,188.33399842935717,2.15536747240768,12.052824527723853
1646.129225845169,50.67066117632119,186.43554492863728,2.1713046959532116,9.312120900406546
1646.5293058611724,39.02042344553717,189.18801927763982,2.1560545143969727,10.863883709785874
1646.9293858771755,34.745703421821105,192.40186174875075,2.2061454960943885,12.300082511019262
1647.3294658931786,35.975169111671725,182.91552328797397,2.178715046094558,10.72040942360279
1647.729545909182,42.20239142848856,185.97296461275144,2.206324419916273,9.61631300251116
1648.1296259251849,37.989977702289885,180.61365593963424,2.1574280710918092,10.097008483508294
1648.5297059411882,31.71235113639418,187.06479372076848,2.2230226101463724,10.744369906088123
1648.9297859571916,41.07122644196077,187.5198959628501,2.163341237132957,11.6306371312253
1649.3298659731945,34.650863818863485,186.5315659489911,2.1311524053920916,10.281647703216539
1649.7299459891979,44.746043660993045,185.01601334400064,2.257093435564086,11.201552523955131
1650.1300260052012,41.50274128168081,181.55125191498203,2.097003411115719,9.379043122511835
1650.5301060212041,35.323243091787894,187.63137799577456,2.1404561531471944,9.359463041187924
1650.9301860372075,42.166864090605365,190.35844997649983,2.144929049722233,10.115289256936435
1651.3302660532106,37.24477608481555,185.26445175641956,2.270348156792858,11.639037438477606
1651.7303460692137,40.315292683591366,187.86409575089496,2.2422972837098443,10.530791471563765
1652.130426085217,38.77426284097069,182.8653468369489,2.229788356911343,10.694610725100258
1652.5305061012202,33.381329291115506,187.9503153895771,2.1568144677814907,10.672288227397797
1652.9305861172234,34.12427276933923,185.84521527369662,2.267098797762147,11.324246556811197
1653.3306661332267,40.750324497684325,184.94382736938667,2.18479790123781,9.935752137973598
1653.7307461492298,35.223683057192616,184.96997707514925,2.2091677794293654,10.961598265499271
1654.130826165233,34.88078880399961,185.9076836262813,2.1772797633564376,9.733298563790349
1654.5309061812363,32.60778680286642,187.86843451315124,2.1681292686114886,11.971650429290465
1654.9309861972395,38.0558651119983,183.6523938734591,2.160054047603168,9.731740188396337
1655.3310662132426,44.54505859138047,185.96027598270805,2.1617581375400277,9.653155618371647
1655.731146229246,31.958616722180363,186.86945885923336,2.194503225429343,10.785810186500935
1656.131226245249,36.25971613047539,184.2454255697955,2.184872652986501,10.396905705794683
1656.5313062612522,41.74611196481188,191.50438307546065,2.1689481869783283,10.581550924878352
1656.9313862772556,35.713358182467616,184.89848870558512,2.2306116612839295,10.48890755401933
1657.3314662932587,37.77640854699697,185.37795313360277,2.0515855174860396,9.421723819155359
1657.7315463092618,31.65264951465823,184.62490401783072,2.1906773475049928,11.571699389177448
1658.1316263252652,37.5510599676006,191.5858128350617,2.1990189017132535,10.982814349822748
1658.531706341268,35.025169187236486,188.49062445315923,2.2162166423465193,11.342102621187422
1658.9317863572714,39.65288864119326,184.7854399617075,2.167773322249567,9.81923382422284
1659.3318663732748,40.39604403953473,189.9108670950456,2.178716312754629,10.56206711133715
1659.7319463892777,45.94159535564126,187.66521257494716,2.209870053228727,10.373686714594491
1660.132026405281,37.83902522514888,187.82458625202872,2.2301126593415423,11.105131708699007
1660.5321064212844,36.76114133976081,186.33805555615587,2.1584797262336517,11.117859834353052
1660.9321864372873,36.17326961827136,185.34331331038263,2.1812166363824983,10.331027815188428
1661.3322664532907,33.921157372616904,188.07868185041488,2.237718279734837,8.949146298650442
1661.7323464692938,36.62616283392478,185.88877028449926,2.0856532306478104,11.574150997087113
1662.132426485297,34.029342505975336,191.8104074304132,2.143054078353656,10.582120034296448
1662.5325065013003,35.82382948915843,184.11212864133452,2.229329566008359,9.637483435468985
1662.9325865173034,40.35973089094539,191.14239424836197,2.2144404602857555,10.436364206445486
1663.3326665333066,31.002844349417956,187.04015878479953,2.1916808507102354,8.889147595062944
1663.73274654931,39.52852238026812,188.0824313283127,2.1528845376214165,10.929191401294261
1664.132826565313,40.1777825540059,189.43367981144502,2.135602317477085,8.894820705670073
1664.5329065813162,34.37768390460999,185.79103769550835,2.1472743518438056,9.881998366333494
1664.9329865973195,26.303496673708302,189.54296439298525,2.2328924985686296,10.241100148447638
1665.3330666133227,32.300910052818594,180.62897307675664,2.1458849288874746,10.863473821941524
1665.7331466293258,39.861782333046456,185.6131547797055,2.1751312949774895,10.104498156776435
1666.1332266453292,34.52426339203851,185.11807393551604,2.14097908343598,10.514088042385525
1666.5333066613323,30.560784484779475,184.30937453973442,2.204892635748159,9.970434574133767
1666.9333866773354,32.48147870430832,186.92046720223098,2.1496881807491066,9.954064792029742
1667.3334666933388,37.80597159204518,188.43674989105426,2.16739030548534,10.035035964436089
1667.733546709342,36.57366789093685,189.24335142502184,2.104016876203861,9.802243663338984
1668.133626725345,33.37457729734335,188.1030254057037,2.1068768034036163,8.591064930944523
1668.5337067413484,32.80691096964747,185.8505374030676,2.1717791023807314,9.312488810423954
1668.9337867573515,32.65141068851961,188.4510550262093,2.1185278002744314,10.10978937790545
1669.3338667733547,30.473369851995145,187.8527761961051,2.25580073348817,9.701490086626242
1669.733946789358,40.56941417794356,189.89555541654263,2.0892007940112554,9.762952557964468
1670.134026805361,32.76386478001788,189.51091465372258,2.1397204258201445,9.615725437490784
1670.5341068213643,38.86735126026898,187.657726546596,2.1724624599508595,9.17033388839606
1670.9341868373676,40.02988805928584,185.35117018341475,2.157257362987713,9.453533008738564
1671.3342668533705,37.88411113918068,185.97449892596973,2.12776638473275,9.589342967556535
1671.734346869374,32.11096787151697,186.2447768231551,2.133685878685053,9.825714536890443
1672.1344268853773,35.39928979537905,186.84326444656298,2.132448884692654,10.123090302516497
1672.5345069013802,33.63484690556937,188.31354042644665,2.1606795012771847,9.650731003082596
1672.9345869173835,30.06442221494792,189.44313829271675,2.2503001191560474,8.958226711746592
1673.3346669333866,34.9246083798544,187.53899729755847,2.175416298640437,8.650261101845377
1673.7347469493898,28.85929578505911,187.71850133647627,2.219691941714161,11.833448519461696
1674.1348269653931,38.27479912969652,188.04765396311566,2.192733354941535,8.838415016781681
1674.5349069813963,31.61458276453203,186.41062712445665,2.217088439049061,9.31413166043225
1674.9349869973994,34.22700552361525,185.39771522033766,2.060616275532436,10.129392922309966
1675.3350670134027,34.50517871251393,183.33320970870295,2.1605186932061513,9.991238650614866
1675.7351470294059,32.28641384328172,185.99434265677914,2.225065858718975,10.105996728904831
1676.135227045409,35.619162441545754,188.92529418185865,2.149995697355304,9.321881125791256
1676.5353070614124,31.323473887139933,185.99516923349472,2.243450005461387,9.853648504613483
1676.9353870774155,36.65932755097736,187.16775018677225,2.232393893136199,9.698620971774567
1677.3354670934186,27.74161884072736,188.93796851329625,2.154361525356442,9.386581729711995
1677.735547109422,33.58280521143648,189.08303900597585,2.1530899385235545,9.819352257112133
1678.1356271254251,40.78510312430966,185.0917104556195,2.1327632285046128,10.454051463151895
1678.5357071414282,28.980513734470843,190.29222054667912,2.1482159328198893,9.578730396700065
1678.9357871574316,30.223663486674216,190.6267790964705,2.12418963574941,9.570781455420585
1679.3358671734347,34.9434322897855,184.99241299742914,2.1907403974161617,10.424473727877457
1679.7359471894379,33.559639477558584,185.7658811876544,2.115442097334547,10.325756093805232
1680.1360272054412,34.19769888593221,190.8114376510248,2.1979305388894756,10.810537114618873
1680.5361072214441,34.70614856729008,187.4746164899782,2.199002880903328,8.125121245692423
1680.9361872374475,35.242863630378686,182.30014645363724,2.107531324516572,10.240915632388605
1681.3362672534508,37.09771171200588,184.35803018162156,2.23607326487509,9.984796621532768
1681.7363472694537,34.25347915989587,187.2412540087926,2.194727163779359,8.781720478791792
1682.136427285457,31.604824417270056,184.9643169986213,2.20427423499655,9.678220121259065
1682.5365073014605,35.216159369554056,186.84541109415102,2.1440444782318107,10.304552218682938
1682.9365873174634,40.08176156288775,187.96680921683048,2.1993922724606287,8.787030425536162
1683.3366673334667,31.908428524275315,191.54810454393686,2.219660115657955,9.791108024913738
1683.7367473494699,28.49793709815789,187.172783709947,2.170768559412325,10.120839381277115
1684.136827365473,36.78182960838018,190.58652450985224,2.2548995584299685,8.553637056203083
1684.5369073814763,31.829797378196364,191.4831229006646,2.1766962563472947,9.283318390071003
1684.9369873974795,23.57882211634724,191.50285006057703,2.2206773592731146,9.624613921136508
1685.3370674134826,35.617729108426445,188.6346166041931,2.1868797804645097,8.733624394923702
1685.737147429486,30.04563625205011,183.0199622637223,2.1986950342150555,8.653895589111531
1686.137227445489,31.784087617066533,189.08550302784286,2.1085368699131872,9.23586925117913
1686.5373074614922,33.43377962526482,190.55949697488293,2.19034954003104,9.97190179150049
1686.9373874774956,32.827861031155436,187.74068648657442,2.146226857668064,9.83226067104356
1687.3374674934987,34.86404068218162,192.30947146997477,2.1418896411924595,8.614825171444322
1687.7375475095018,30.245026759783485,190.1020537411176,2.245630652145078,9.8123700459754
1688.1376275255052,34.00050261848495,189.3774117714783,2.167437904964035,8.608562864227213
1688.5377075415083,30.871368876976305,190.6767389989079,2.1359800696755618,7.975856424040623
1688.9377875575115,34.82664326683413,188.7980710973753,2.1618715428481816,8.956953678685958
1689.3378675735148,34.2950872404606,181.73627978219966,2.124344700016656,10.135719067516593
1689.737947589518,28.054449267292206,186.72391848593418,2.2338452243497646,9.748785874149878
1690.138027605521,36.10309072002112,190.96794600065095,2.1487909866465777,9.209432742025903
1690.5381076215244,29.578638656408877,185.95910784796854,2.1979198179920294,8.863997515678026
1690.9381876375276,34.91842640017857,187.4222653645501,2.2311229259314604,8.872222933267903
1691.3382676535307,33.119420400480294,185.37151640426293,2.157004618420178,9.257730397293436
1691.738347669534,38.967455538522564,192.44587434077957,2.198424921902826,8.302621471059767
1692.138427685537,30.685680899999987,192.19205973509946,2.136075111048029,8.865553793253383
1692.5385077015403,30.147476519878477,185.78071714237728,2.2752450933731607,8.958251598413272
1692.9385877175437,31.432639589422816,188.36049519686514,2.2150065011240283,8.03651445310105
1693.3386677335466,30.26354917504854,186.29267589845028,2.169985250111519,8.433281691648903
1693.73874774955,34.64236273736763,189.53273342525048,2.1469155961575845,9.419111484076177
1694.1388277655533,24.944056587854426,189.2708403021955,2.173409745827402,9.084980833249828
1694.5389077815562,27.161650838754547,190.0269572771322,2.1645121454107543,8.817026856518781
1694.9389877975595,27.072628451406267,188.82835015217913,2.2563723856352356,8.321558951264564
1695.3390678135627,35.112908777498,195.337730169925,2.1293775455456396,10.298845123112866
1695.7391478295658,38.122349336102495,185.4298657913623,2.1839365430866002,8.353646067651026
1696.1392278455692,30.830696080810263,183.72342729150475,2.1779577349367294,9.21196774324553
1696.5393078615723,30.54218334704634,187.01727057042558,2.1741428357175714,8.60706223219026
1696.9393878775754,31.4670368493276,184.07988572306678,2.1746437892925297,9.013044955027707
1697.3394678935788,35.80408052706659,184.26836094849835,2.1744960474118935,9.336773411674677
1697.739547909582,27.417275546688117,185.49569015009857,2.2142131622944863,7.861144588781665
1698.139627925585,32.05066690652214,185.69276461562953,2.203802751744471,8.938721317552938
1698.5397079415884,34.968866984303254,185.61075165770794,2.196353905914941,9.883261961370396
1698.9397879575915,33.04372169799931,189.2917042722787,2.0583931467851295,10.326545628753461
1699.3398679735947,31.769323561063654,186.7293441899135,2.191901007179379,8.79999841546946
1699.739947989598,34.987217518476,187.5444903296822,2.113841338765694,8.924020514176966
1700.1400280056012,20.1425244544608,190.22711862224608,2.2060786295534305,10.646408465704166
1700.5401080216043,33.639760248991585,186.07379030740617,2.239365835351697,9.77194856848222
1700.9401880376076,28.28514688421637,187.3260918417645,2.1434977003925217,8.356849260006808
1701.3402680536108,23.552494405726968,188.89951658251343,2.1702385657282,8.342158664602911
1701.740348069614,32.893798921194644,183.12865723008363,2.1568993004680603,9.589254308195976
1702.1404280856173,36.317971803969314,182.0175731874413,2.2304557369063556,8.001855217594319
1702.5405081016202,30.248279645888434,188.84219065428013,2.1850057204771454,9.6675374408297
1702.9405881176235,34.58469535953547,189.20379358313124,2.2505051202814648,9.051468129998021
1703.3406681336269,37.19782145242887,193.13096898013,2.198090652781177,9.184877956411379
1703.7407481496298,35.984265659963434,188.3621168429253,2.1914082299061226,8.551988621389848
1704.1408281656331,37.26075394943106,190.01249024497488,2.1846094292076415,8.2401913383847
1704.5409081816365,33.646082723260115,187.4705209713059,2.214772973086066,9.900322228534398
1704.9409881976394,30.95637355563282,188.69813263632162,2.112719167163074,8.520016251724858
1705.3410682136428,24.224231674604944,192.1188691084639,2.1858148928226635,8.375337523319773
1705.741148229646,29.62569093380336,182.63620784836476,2.179774988651995,8.626656900576105
1706.141228245649,27.215190865756224,188.97549394548687,2.211770502327006,8.831866759044521
1706.5413082616524,39.250575222635476,193.2754841055698,2.1754237776271474,7.839473042965678
1706.9413882776555,29.842279295566183,188.63646743302493,2.1415617456319054,8.198921699711493
1707.3414682936586,31.01805138795565,192.05247958059806,2.1835856183709956,8.14308071172833
1707.741548309662,32.71097503295015,186.34748282839413,2.1401596245509182,9.300419881122313
1708.1416283256651,30.659636758004062,187.83466130021074,2.106645596196966,7.902116706186401
1708.5417083416683,37.24601697074989,187.99265949242167,2.2129250063173593,7.192965519844257
1708.9417883576716,27.956193902138867,182.35873867225192,2.207187774376735,7.010599189244693
1709.3418683736747,31.206592718077324,184.9759414367441,2.202895334375699,7.394667819132312
1709.7419483896779,27.440045408563808,185.14766901551786,2.2365163980508607,9.646901695958642
1710.1420284056812,25.11199615875549,189.93829376113152,2.157986728193682,8.557337805287839
1710.5421084216844,27.92756217593274,190.05658440158393,2.127533357460833,8.932075438078371
1710.9421884376875,30.20943785018302,188.67916711171148,2.1821678268471607,8.946972309860518
1711.3422684536908,28.62371707500245,189.92200899010888,2.1712612747015627,8.549437604682806
1711.742348469694,27.554977690794274,187.44385541605587,2.151662899444038,8.431376222392121
1712.142428485697,24.683522355677532,190.8513368620861,2.1823553746789637,9.313535706902579
1712.5425085017005,29.960895736793876,187.86055916150661,2.1612809175680545,8.581427177063276
1712.9425885177036,24.25935781268271,187.97513025452585,2.1125018631810657,9.570626956446018
1713.3426685337067,33.30378015097318,187.1581724384139,2.1684931250829282,8.934734167160055
1713.74274854971,30.57902823629271,189.52476599828853,2.1408844699366996,7.930557206107311
1714.142828565713,24.405172324651083,186.7519305369495,2.1958058476326054,8.013813861417884
1714.5429085817163,28.985047504226703,190.23709588425916,2.160500145449017,7.8162789982024234
1714.9429885977197,27.200160287936676,184.95653663979516,2.2314095671676695,9.359021996566973
1715.3430686137226,31.47278286745611,185.03031319386469,2.251302883286522,8.047678590622619
1715.743148629726,35.54558254625825,189.4866674498177,2.2145285864296946,7.719679993372619
1716.1432286457293,22.671184037818403,187.53703925471058,2.1255185322039205,8.601022710920875
1716.5433086617322,30.62046879566171,186.61377308563164,2.2479748230058347,8.254211874999884
1716.9433886777356,29.508721452135504,189.96355050775264,2.2510043587509707,8.554348952589384
1717.3434686937387,32.82389886605373,186.209960019818,2.1889368715079414,9.817297213893884
1717.7435487097418,30.98100894106577,187.21712074007928,2.241313158931037,9.022658115038258
1718.1436287257452,27.11042707616015,191.2050071307314,2.1665411181000698,8.300568789951539
1718.5437087417483,28.832568901338323,191.54390967751732,2.1141714454663676,7.138984077472933
1718.9437887577515,26.915559875946045,191.61596919479305,2.158624211171589,7.852518852908246
1719.3438687737548,34.394969080975095,186.96838250476017,2.258423074307472,8.808095491437372
1719.743948789758,30.167863048574745,190.73898103473195,2.12982443723087,7.289199294646873
1720.144028805761,37.67945396132914,185.27817220275364,2.189666221981811,9.9255857040071
1720.5441088217644,29.824521691466934,185.37143138971632,2.191270003437991,8.211123946532192
1720.9441888377676,27.226410691938433,181.75048718564204,2.16960529385903,8.225454594690726
1721.3442688537707,23.998452200510872,191.79653963303903,2.172604552885962,7.639848928959015
1721.744348869774,22.83442238353806,185.44196602335154,2.1934576712856706,8.557348576715686
1722.1444288857772,23.704508041656617,187.27293505950962,2.1683046354693274,7.220354364058891
1722.5445089017803,31.104028645264542,185.3006110025807,2.134133345094789,9.865471533775159
1722.9445889177837,32.06529195261332,189.3012949552148,2.1998426495408507,9.174244439871732
1723.3446689337868,23.70089854309061,186.61106243299503,2.234402851363808,8.894610831584647
1723.74474894979,33.60148384781806,184.27467402963285,2.2264790328427737,6.981645160853259
1724.1448289657933,28.085155443162982,188.6272474069206,2.1595357835978204,8.24513814782928
1724.5449089817962,30.601040637230916,183.92494589643564,2.1421062804116353,9.034900356888697
1724.9449889977996,36.45961997923072,185.40174198206114,2.18101919937284,8.528943871108629
1725.345069013803,33.59536359423775,182.2138243763368,2.2553308139365233,7.239605252262283
1725.7451490298058,28.931552635080767,183.90674843856593,2.218676635188561,7.508055252319472
1726.1452290458092,26.438975289645832,187.89836904822695,2.2212459755257257,7.653423868033787
1726.5453090618125,21.394951650175948,182.52591444450243,2.22891745921797,7.519069898996138
1726.9453890778154,27.124469166797716,183.71940481942414,2.2103907509312855,9.211695554557139
1727.3454690938188,29.155830818919096,187.40116777382084,2.1986224505251295,6.438719290538307
1727.745549109822,26.051303149971233,186.03270026777403,2.220529515889337,8.487127490066271
1728.145629125825,29.475063033726826,192.3562432233124,2.1724308367691476,6.915416981176072
1728.5457091418284,30.307968235510433,191.94513397845944,2.1379403092002214,7.167131184852716
1728.9457891578315,29.10200672856178,185.17463446625203,2.223681161842465,6.31522363078055
1729.3458691738347,27.402690421233622,188.7211398859322,2.2445143678508797,7.470650049403755
1729.745949189838,30.678989637412844,189.18516483543584,2.1505202278382214,9.105367571010769
1730.1460292058412,31.77420384239321,185.80173146960928,2.22837212738827,8.095535749366285
1730.5461092218443,25.647315285327082,183.53985269671526,2.262972758445609,6.91188673832307
1730.9461892378476,35.65551148193831,187.23104627571348,2.195900241041358,8.671199315585595
1731.3462692538508,29.620699772598613,186.81257219871355,2.1635190565426763,8.829435431420348
1731.746349269854,30.094121050878865,186.13797744597247,2.201410039541499,7.91454575886701
1732.1464292858573,32.855650369323364,188.31569166961876,2.174719174608317,9.446030227650683
1732.5465093018604,30.960127113234805,185.31539499506235,2.1723236599545244,8.46241036615061
1732.9465893178635,33.84467875885633,184.2943535560858,2.214573646545525,8.33821514041481
1733.3466693338669,31.185898164226863,187.42899236110657,2.1333516110379844,7.136330204333942
1733.74674934987,27.593320845925582,188.10295697536793,2.1399992241960963,8.267898025926144
1734.1468293658731,31.49515275649344,184.177975694319,2.198784690421176,7.92636442324026
1734.5469093818765,25.48070151055031,189.42118059809155,2.197378468988012,8.15575292784606
1734.9469893978796,30.496712116560992,182.65592715626667,2.2122718283585976,7.179185780202833
1735.3470694138828,29.93681944404194,185.61783240679878,2.273798573101689,7.816304222462148
1735.7471494298861,29.24493713393328,186.3988911001134,2.2032311069945973,7.047313108281706
1736.147229445889,29.571318594218727,185.4339600935943,2.22323949340137,5.970080240315074
1736.5473094618924,22.56653532640558,185.59228588912447,2.1605544237827137,8.4734196696445
1736.9473894778957,27.907893401864765,191.6628519573807,2.230557451678267,6.459861470855855
1737.3474694938986,30.483432675995388,184.83799540821988,2.1790495826949354,7.734525080630675
1737.747549509902,30.761137043972997,193.04811123866995,2.203228389108682,7.902187540339924
1738.1476295259054,26.021067528186077,188.01753682992097,2.196285013758346,7.884052916999942
1738.5477095419083,35.20505412163926,187.13433254446412,2.242226393660654,7.383362716653406
1738.9477895579116,26.68837591465565,188.07408250588026,2.1487778882295294,7.813825494779403
1739.3478695739147,34.04215436828643,193.1874002476413,2.1101179898804245,7.960667241281222
1739.7479495899179,31.88475080158875,184.35751017997976,2.1931818690371374,8.15890970486565
1740.1480296059212,27.60310924546711,184.01917250536766,2.2207331237151746,8.944742250500248
1740.5481096219244,37.301704336039506,184.91158945826996,2.2083563979123206,7.732402950807607
1740.9481896379275,25.438752670197623,186.85746373675897,2.2518285927929242,7.583352344061272
1741.3482696539309,33.90315266863896,182.44084249026193,2.220311179700281,6.793802985925871
1741.748349669934,34.24249775683951,186.78909658954794,2.180539235953425,7.8550234230681415
1742.1484296859371,27.571716474115753,190.94490851454046,2.110354304645128,8.027260431614696
1742.5485097019405,35.83848342716974,187.0671655949717,2.1941576061367103,7.326606430031818
1742.9485897179436,29.283256944851367,185.93435440494048,2.2450484814148584,7.9032415161142975
1743.3486697339467,31.453433919319032,185.09790261218257,2.188529274972023,7.220648663909245
1743.74874974995,31.355558535295113,188.86663367736531,2.20562609891463,7.978573480752448
1744.1488297659532,29.793043121508806,184.53263842066224,2.22163083575639,8.158986648630162
1744.5489097819564,33.589912960168384,191.18989160585028,2.164448900944296,8.134940290711773
1744.9489897979597,33.537431140300725,191.38379839625506,2.2302752332020006,7.497454483322548
1745.3490698139628,23.386539097276707,187.16858927950915,2.271116899421757,6.558353414885602
1745.749149829966,35.615612760293125,186.47405411510817,2.199006751258046,6.8879543600106485
1746.1492298459693,23.766262420133472,189.05543747024143,2.161044990955899,7.84077554280011
1746.5493098619722,34.564787270310944,189.19154714880838,2.203832832176209,9.310872488884737
1746.9493898779756,34.96018828402482,184.41515160786693,2.1178118352150133,7.066427130067817
1747.349469893979,26.108660202361563,185.08914051506318,2.2205546752297285,7.690863198734139
1747.7495499099819,28.84881955399637,183.07487481717143,2.2254618816243026,6.868548587787446
1748.1496299259852,26.089201097610584,187.378438724773,2.2746897347764303,6.521422908383305
1748.5497099419886,29.672670680069917,187.99719725924388,2.200198880393677,6.746758158402533
1748.9497899579915,29.320944332593132,182.93048310376085,2.2245934851711504,5.609056032018843
1749.3498699739948,33.69284157320646,185.14178834189525,2.174098955472563,8.3450129495811
1749.749949989998,35.83694337205997,182.8859582567885,2.194590808934829,5.465400567635101
1750.150030006001,36.20034319857288,183.98122029880992,2.1481388946265136,7.025690704234315
1750.5501100220044,28.39122569077765,187.57970886312927,2.201654147605243,6.281508201734388
1750.9501900380076,29.825690060857134,184.3422273380784,2.1975337865757405,6.503772349008276
1751.3502700540107,23.95189409974157,185.3974541025725,2.2220155613791137,8.29976948910565
1751.750350070014,27.485625100220275,182.0546466499333,2.185406109156218,7.346688692954987
1752.1504300860172,34.59235920547842,186.56362925612672,2.2139872055060277,6.400810875619598
1752.5505101020203,37.2195197017599,185.95851927667016,2.1976225876453293,6.688815824199937
1752.9505901180237,25.84441669419411,184.21967467769562,2.1980032018799025,6.535355369005337
1753.3506701340268,28.43696656477998,185.54222896866145,2.214784044959775,7.100223773475145
1753.75075015003,30.726599238422246,186.43801581135202,2.2134978289108935,7.260702838007502
1754.1508301660333,31.97865240505072,183.9224444277055,2.2426322146782884,8.626187763656112
1754.5509101820364,27.645765619515405,182.24111723001795,2.2076688540565605,5.564035125578979
1754.9509901980396,32.60698181348554,190.41769137141134,2.1988094619693808,7.056583080787631
1755.351070214043,29.042323765673764,184.29237844865756,2.205883854642913,6.8193454361547445
1755.751150230046,30.907200739405408,185.6052884076758,2.1848418380700103,7.816414595727512
1756.1512302460492,33.1778601970942,188.34574030823958,2.199345180862045,7.330416039616632
1756.5513102620525,31.04650993609285,194.61255541182004,2.295302164324271,7.506246733551168
1756.9513902780557,29.303758766379648,182.64980227681366,2.177863823670564,7.297431050591774
1757.3514702940588,30.639727948401276,186.8565122021597,2.2035408438986894,6.2631841112302915
1757.7515503100622,30.75396306486224,183.93381435175738,2.199504636488059,7.965214155459304
1758.151630326065,29.657000953543914,184.32629565666147,2.205435364647842,7.622440328020388
1758.5517103420684,30.131872953331005,183.84314350171815,2.202391660992478,7.703504845101732
1758.9517903580718,37.59203949609773,182.7997643828832,2.227130797428292,7.96977577887959
1759.3518703740747,33.47190320858406,185.48072808901966,2.1478751029012804,7.280140439082416
1759.751950390078,30.07745924751356,181.86758124276284,2.258090830698431,8.118269145204243
1760.1520304060814,34.07873324187459,187.89056545415463,2.242230097596005,7.223071951828649
1760.5521104220843,29.987552265636513,185.63058990274513,2.1675356826574417,6.73320876743524
1760.9521904380877,36.04762236162633,186.51853380562093,2.1268121600447905,6.8906781856663715
1761.3522704540908,32.86636463557814,184.2661667806643,2.1788180120434837,6.864402370209908
1761.752350470094,30.9916372922003,184.48264888106837,2.208520826105005,6.455490853853373
1762.1524304860973,33.24514098980433,186.0884176988444,2.321766684606046,8.164052034792277
1762.5525105021004,25.2045729784978,182.42805973375832,2.240613746447095,7.083124872402674
1762.9525905181035,27.01518835211924,184.41171811526166,2.146909273827316,6.909437625420846
1763.352670534107,26.781114636818632,183.12599816084844,2.1919569619584505,7.131835215766806
1763.75275055011,32.163518716672364,183.01677787298735,2.217745935127047,9.192679156015245
1764.1528305661132,38.55711269217719,179.93660281532235,2.2303539508804344,5.891006747633578
1764.5529105821165,40.58793375191626,188.52734432722326,2.1679497537706185,6.107956731421643
1764.9529905981196,34.25099159099206,183.43034168408434,2.215474119512804,5.667143116763953
1765.3530706141228,33.73859207117022,188.02262105460062,2.1925031021744372,6.573143938743402
1765.7531506301261,24.567782605960648,187.75348606751825,2.1773941804371195,6.94327255291072
1766.1532306461293,29.638489510805844,181.83366270590764,2.2322651178976463,6.362245383408573
1766.5533106621324,28.69559207029457,182.29462331707978,2.2531740594862404,6.290378751501951
1766.9533906781357,29.401249653206495,191.38373133154133,2.256199213173952,6.823752128355604
1767.3534706941389,31.25034773340366,189.32644477647307,2.2458725123072116,6.2958213342297755
1767.753550710142,30.073213038962965,184.83682345908792,2.203342677306867,6.933338989757922
1768.1536307261454,24.083397212049658,185.52537653393827,2.252160751244298,7.564287975012332
1768.5537107421483,35.03162671903029,183.27098636507432,2.2362831398178606,7.202238539508283
1768.9537907581516,27.788770339335226,185.8949777177168,2.229621736039949,7.353150064589454
1769.353870774155,33.07685351683855,182.98697007340988,2.2001403287614356,7.50481095703302
1769.753950790158,40.456686585624624,179.66470502052715,2.2050778934757966,6.8500872752566915
1770.1540308061612,28.523672966545334,181.40720066576617,2.228254190533208,6.484672184550356
1770.5541108221646,22.12128159425992,184.72915918063313,2.323240353405407,5.9815546062577445
1770.9541908381675,31.139999416378267,181.81393326470152,2.2380426202202623,6.274198449400608
1771.3542708541709,36.7298030632266,184.4384189842234,2.201893809397647,6.15598839162838
1771.754350870174,40.20166548868916,181.88480898049093,2.1933950798616597,7.148082496934753
1772.1544308861771,27.49275069456411,182.58026373562382,2.2073701785437345,6.8279905378212975
1772.5545109021805,34.440780934832794,186.63358719348108,2.314483641067055,7.095802743637947
1772.9545909181836,30.63613806439115,185.08373949920102,2.2117735696705023,5.597971088832735
1773.3546709341867,32.11734250942072,184.40508049266475,2.26437145896051,7.659496502330877
1773.75475095019,43.162624834956915,186.59069450556538,2.213413177039695,6.160381239929221
1774.1548309661932,26.617844432555355,185.55868909397245,2.2392522224908906,5.6098331865749635
1774.5549109821964,33.68951675848462,187.93729928868234,2.260830047957779,6.126365652251769
1774.9549909981997,34.59052051545766,183.13480717018405,2.2066403788110542,8.452658482637958
1775.3550710142028,37.10843947023839,183.17377336554236,2.2042291395572713,6.143390540165853
1775.755151030206,33.203129023613016,180.95833475901134,2.2965863609949526,6.181417780992276
1776.1552310462093,34.08965596942893,183.10174528045494,2.2699741085327907,6.275754778118134
1776.5553110622125,31.337471365429543,186.54905340459035,2.262576954479045,6.298498479534272
1776.9553910782156,34.02753889973581,187.34987155252549,2.262801629366358,5.780182955999706
1777.355471094219,31.625580456591255,186.46328376699256,2.2500549574347866,6.507916115706576
1777.755551110222,35.532307708620756,179.53950259270238,2.312745172470425,7.241816293713672
1778.1556311262252,31.615600799394194,186.69515080768414,2.234153513263077,6.6207794743726955
1778.5557111422286,34.650816348647844,179.35314125845943,2.2558515537414254,5.468436433770977
1778.9557911582317,33.07408600859704,186.15672611192682,2.1750892538072475,6.069925655092693
1779.3558711742348,37.74440983768026,182.9538118369952,2.200492886822656,5.892227279470928
1779.7559511902382,33.08405380699078,185.59129258104514,2.185824926465421,6.363860768068166
1780.156031206241,26.247266199735627,180.46537078612715,2.2851874282028515,7.373943757060351
1780.5561112222445,38.437196154507475,186.6857897417362,2.1324913008033928,6.178562700647233
1780.9561912382478,29.817040933014162,180.05665987256344,2.2188693489966744,6.215244910199856
1781.3562712542507,30.875709864725543,182.00903304328867,2.11558314719953,7.695997937152331
1781.756351270254,31.159279410840735,181.1458552710243,2.202450372632709,6.962973619926417
1782.1564312862574,39.091169793513174,179.21614960022396,2.216435220720041,6.709414123115127
1782.5565113022603,25.102556040637737,183.79879935095693,2.291840123188368,7.80480824545061
1782.9565913182637,46.248424319124325,188.03817117190053,2.2526833055556086,6.618319456285002
1783.3566713342668,37.97417568571993,190.15052906346776,2.2038662407737353,4.625429940025176
1783.75675135027,34.695762507355944,183.68632323187146,2.280204966727728,6.868979221373443
1784.1568313662733,33.63642854009839,186.19515527719832,2.238655024198335,4.917448629460541
1784.5569113822764,35.05175697255642,183.94355802302832,2.2398205216212705,6.540882346983591
1784.9569913982796,36.04790409912373,184.57025021318304,2.190587894719432,4.796519784835246
1785.357071414283,36.59848716148253,182.4272433036033,2.199471906051709,5.782280901012653
1785.757151430286,36.294588965654405,183.72973230661162,2.2064470513207914,5.8530022420566
1786.1572314462892,34.48537508941372,184.54501462369245,2.241688669396261,5.516213325564537
1786.5573114622925,33.39291404625911,181.71429966924296,2.243325706443361,5.841519926301803
1786.9573914782957,33.63272317251537,182.9256980853748,2.302354823837974,6.934958037983323
1787.3574714942988,33.51406409277334,182.93219755160897,2.2563749422769646,5.52606775230825
1787.7575515103022,38.884989941669566,185.1029747842732,2.133052501689753,6.521678546381282
1788.1576315263053,36.780679316548486,180.33043479071344,2.252243975723106,5.301396289844117
1788.5577115423084,22.70177039015138,182.8250639748443,2.184121578901723,5.910680954746586
1788.9577915583118,37.144129254147835,187.6921934556803,2.203868100541425,6.30973115630746
1789.357871574315,35.35699994837654,185.78044692526248,2.210405627734802,5.241830707800721
1789.757951590318,34.56107604661144,186.20121786638765,2.2167451046996316,4.9780854204199185
1790.1580316063214,33.14001911829041,182.84718095174352,2.1886596522054496,6.409387297933032
1790.5581116223243,39.24905069291726,183.54628424314083,2.25219265472973,6.90278684992561
1790.9581916383277,38.601536631384924,185.20692807911513,2.1880097835918058,5.929523067228415
1791.358271654331,31.779074227441363,186.5593826323066,2.259097830624698,5.615392166367447
1791.758351670334,36.55827036215496,177.73700196353695,2.3346999689227688,6.094265123961147
1792.1584316863373,31.103231837491023,179.28453118154584,2.192437508380442,6.002606041323631
1792.5585117023406,29.53150396843544,185.80373014884154,2.2346229460738973,6.141056458510674
1792.9585917183435,32.603544908832724,181.79474267294592,2.145457291083767,3.912665749202494
1793.358671734347,38.62074323661115,180.76437145680262,2.234751138239111,5.068520940591342
1793.75875175035,39.04474245628161,179.2648400118069,2.272890934678147,5.236178030406801
1794.1588317663532,37.34597329311671,180.96913193931076,2.276402247882718,6.0216292124868
1794.5589117823565,38.25571952570196,178.80704434730433,2.251066386529943,6.038225721637901
1794.9589917983596,37.48206873231429,187.49686023502343,2.2839382588225607,6.387071477267733
1795.3590718143628,32.91376185576617,182.1690550425435,2.350606510790704,6.072811580087797
1795.7591518303661,37.27002351769631,182.03615354822006,2.3176538445570087,4.814792697851518
1796.1592318463693,38.80692798907137,183.60697092187294,2.2286588649487813,7.001634556862365
1796.5593118623724,38.68572219568607,184.49825658151124,2.1919143022596375,6.850231205427383
1796.9593918783758,40.48778677703719,184.41259406055772,2.2341118763392154,4.8148200778195775
1797.3594718943789,38.629233503456994,184.68727462106526,2.212878802510235,6.076239195665492
1797.759551910382,37.26600315457564,180.38131855409588,2.269212901184314,5.322448261309496
1798.1596319263854,40.20530984618929,181.16884516394464,2.204312846977503,5.8986075849763395
1798.5597119423885,35.88342775081049,183.79103863500663,2.249049980829289,6.61890911189898
1798.9597919583916,32.52712236687209,180.5048022379515,2.2858864273239736,7.469104721874387
1799.359871974395,35.46776454693104,181.7651922854691,2.2487417118040205,6.354819875152667
1799.7599519903981,33.20613545434988,182.72942133163536,2.215321367073778,5.978537938383825
1800.1600320064013,33.55104771265686,183.64989726810248,2.300571544370204,5.459541747310468
1800.5601120224046,35.740001000122476,177.19702489148858,2.178825492294222,5.865931258120293
1800.9601920384077,33.215009899405274,183.3822547586196,2.2412793589149147,6.796881758229947
1801.3602720544109,35.21975532901247,180.9651149366462,2.2531318714371067,5.662154378446042
1801.7603520704142,28.944351536643218,183.27197542764213,2.2558424071912313,4.977904716140937
1802.1604320864171,37.439489607797036,183.3994385847606,2.2628343659408063,4.37993276621791
1802.5605121024205,36.658935990054566,185.43054785803082,2.2804412507862657,6.075029196905379
1802.9605921184238,33.45385252586503,184.74791833880866,2.255017163271479,5.851344125565018
1803.3606721344267,39.42757524670942,184.68411107057344,2.2421215980148395,5.125726341002819
1803.76075215043,40.60955011303339,184.88012960403458,2.2409514866893256,6.452220021835274
1804.1608321664335,30.497997462033762,181.95254787741803,2.2332062193523723,5.282959713083916
1804.5609121824364,33.94659442574467,181.25758498021833,2.2895810322187784,5.501655110605241
1804.9609921984397,33.99046891632995,183.31206257799678,2.232631261797911,5.585045007440368
1805.3610722144429,33.37725772832265,182.91299613980382,2.2927769980492543,5.3066368552379215
1805.761152230446,40.52488724181896,180.26277886923552,2.260080517728539,5.765130695504116
1806.1612322464493,36.50208586205824,182.0000310179646,2.2388854080023597,6.486707266840421
1806.5613122624525,36.29001726979811,180.85263722652502,2.2848875768814554,4.640583106085878
1806.9613922784556,29.403595938707767,178.75783041159312,2.2314694584172896,5.934475231123173
1807.361472294459,40.0319676859162,184.07097774754135,2.2865119404075767,5.670493626964841
1807.761552310462,32.60479242140272,180.93486666561537,2.2699112202498033,5.64490245483484
1808.1616323264652,37.87336607966864,185.87056185563145,2.2379674147428275,6.20850892972805
1808.5617123424686,38.81523084086132,176.63686370928934,2.283384649129702,5.539630332984263
1808.9617923584717,43.220721821586224,179.2603316831297,2.2845223240794135,5.873552211225552
1809.3618723744748,32.6154458514448,180.6854415315152,2.3093796191613976,6.051254257628243
1809.7619523904782,25.845593332110674,183.39874514088328,2.3021454336555154,5.0642815427025765
1810.1620324064813,38.73222797256702,181.50529645749498,2.283571847578383,5.6963490707588065
1810.5621124224845,45.27233451696708,181.23401875376214,2.2192391946538645,5.245618318718306
1810.9621924384878,43.09980618343753,177.59077498467266,2.362708867543055,5.32936663949516
1811.362272454491,39.05665921675273,177.46756286973613,2.209043901242052,5.167144214318076
1811.762352470494,36.32574621583412,181.11704475415326,2.3035828416696513,5.790956585406471
1812.1624324864974,41.59531817756914,176.8512702495113,2.2832880327172047,5.4687246752362535
1812.5625125025003,34.547446061743955,178.8824789263896,2.219495947796945,5.708378549410545
1812.9625925185037,40.42213004708683,181.4149911789951,2.2619151620833677,5.368081666309618
1813.362672534507,40.613911553417864,177.65729876581452,2.264163232391528,4.088168854655013
1813.76275255051,42.90846512603373,184.07679852989776,2.3199633929054304,5.385948431366436
1814.1628325665133,49.78212165317145,183.0734368017873,2.2396349698866054,5.401090074743549
1814.5629125825167,40.389261575752954,176.03512195595388,2.2581175094188057,5.533760503085223
1814.9629925985196,36.86011840339546,177.5827091027919,2.1755810083619704,4.854142524019002
1815.363072614523,38.87030862383154,174.14904916296044,2.3388433632356738,4.362210366259568
1815.763152630526,31.973191759986936,177.85675929317048,2.227063753746401,5.807749903219944
1816.1632326465292,36.347787671978374,181.67884523681394,2.283389119945426,5.078676028856949
1816.5633126625326,37.566909335711394,178.67766451585655,2.266687140987387,5.424071489968177
1816.9633926785357,37.18533722441633,180.8138148480889,2.2672547481326077,5.0514415084001865
1817.3634726945388,39.96901362551927,175.80529841442015,2.3040011595852548,5.261311826645293
1817.7635527105422,36.148068075373835,181.55527798464465,2.3388896296753727,4.896303169948663
1818.1636327265453,44.0002732370498,178.12166614803144,2.2825318837436073,4.470853235613147
1818.5637127425484,39.59562943066076,179.48885709060727,2.2991088148633603,5.613912643230379
1818.9637927585518,39.63649707114485,179.1751351628136,2.286495461284639,4.74205705209708
1819.363872774555,38.44126199297576,176.17723407794227,2.314475707787199,5.345358767090699
1819.763952790558,40.45299014962322,176.422074516475,2.2556929889298503,5.532228922386639
1820.1640328065614,43.21224980915826,181.6728480562094,2.317660998734258,4.724092488732406
1820.5641128225645,36.52320673050742,180.19931595915634,2.319501639700983,4.220134874900012
1820.9641928385677,37.43937270803306,181.77532956755496,2.3188199269054857,7.113831450378972
1821.364272854571,38.937284566042194,179.91012224114513,2.2495498632060023,4.740483941940722
1821.7643528705742,34.849292663789285,179.40412179358813,2.269660130618322,5.6511926101753645
1822.1644328865773,37.03656896513096,174.67968665566818,2.2864106972595297,6.693806171345486
1822.5645129025806,38.489776032274406,178.26676447504846,2.2224372381491833,5.7639570358718775
1822.9645929185838,43.97350915037794,178.82208902776858,2.3415071478910128,4.881491206743246
1823.364672934587,41.60772312204151,183.7210876129651,2.2776592121179027,5.0579861182291594
1823.7647529505903,41.41359400251755,180.50338274328254,2.2899478339881156,4.435446436177221
1824.1648329665932,44.12481262061283,182.57371800196776,2.25595149392299,5.796761596633391
1824.5649129825965,40.2539485848114,180.17488611873958,2.226398027030845,5.534312574034474
1824.9649929985999,42.44773734020302,176.85016409841268,2.255753893604769,4.659666264858111
1825.3650730146028,40.5556590468449,178.86851710831607,2.289125714728043,4.2273973948709775
1825.7651530306061,42.112888167052716,179.11345476209112,2.307737653364866,3.994100030449914
1826.1652330466095,38.803520115866576,176.12210106384924,2.287715608392775,5.830267512254822
1826.5653130626124,31.462624025659316,177.45602174007078,2.2955568424595674,5.127343659160163
1826.9653930786158,40.76433452412726,177.8494793311907,2.268651247833,5.193041239457352
1827.365473094619,47.07622149556532,182.3247600613422,2.302427149287992,4.352722821068595
1827.765553110622,45.17408626163186,173.05558045290823,2.342335904754059,3.830327056717751
1828.1656331266254,45.415026871269795,181.2186073187645,2.3116600277307224,5.761287972135065
1828.5657131426285,46.582387331175276,175.80861148753937,2.316296458800086,5.014915719438344
1828.9657931586316,42.07713619826846,174.6668493163579,2.2961222426061116,5.697179448802558
1829.365873174635,42.59662257914211,180.99326031611585,2.224682654162275,4.652772352773718
1829.7659531906381,39.421817249299764,179.81941846375042,2.243469929800097,4.762211663874604
1830.1660332066413,40.713408293282974,181.07214953667653,2.3038998177125043,5.512471563682529
1830.5661132226446,44.52626764272406,179.88369892830525,2.2857158756612317,5.517898618529404
1830.9661932386477,46.96441119017848,182.97756023038613,2.3041962594536245,5.56027988219973
1831.3662732546509,41.67698443666548,179.17067397308747,2.354109037970021,4.676293756008496
1831.7663532706542,40.52011290300698,177.32850118435024,2.316543546295321,5.394340116527906
1832.1664332866574,42.409285167842775,178.5227550032681,2.338308004232778,5.780249708361428
1832.5665133026605,44.89850526371262,180.71977111059127,2.2921907026613613,4.799440625943356
1832.9665933186639,36.8049641199871,175.60823460481996,2.2565661492575546,4.4627759812927295
1833.366673334667,33.482563481607414,175.87244209333585,2.2869918942469565,5.938093577582347
1833.7667533506701,40.552241207918094,176.6751707542151,2.2575686640957304,4.330688164076404
1834.1668333666735,37.9588362218723,172.13143825102188,2.3525431594978277,5.348195685646147
1834.5669133826764,40.896617065186206,177.68333355013294,2.3222800542043,4.788266905200261
1834.9669933986797,42.42574172092519,172.56797648295571,2.3119383830345064,3.35216310218898
1835.367073414683,41.29174630717404,177.36102628106804,2.3410095021695576,5.718722314591683
1835.767153430686,49.00267742827938,179.33660179760545,2.2112238240661672,2.6000162929457304
1836.1672334466894,44.58804268635603,175.92610592817775,2.3160063176911576,3.2094695970637517
1836.5673134626927,44.57140498169595,181.25592730401164,2.2405100964444724,5.209129732918428
1836.9673934786956,45.946966196820455,173.35664741812002,2.293101234008298,5.199437059082156
1837.367473494699,38.99161997035978,179.9307355122323,2.2813790950889468,4.258251503446135
1837.767553510702,47.79239773383786,178.58503330888726,2.3207731995791443,4.877129257160005
1838.1676335267052,43.42207347798865,172.55163774076624,2.3038879591819015,2.7243046956797095
1838.5677135427086,46.49641360291921,183.56316075335025,2.349022280067524,5.3056272500299375
1838.9677935587117,39.61660175112925,176.57119050415054,2.2715992219047605,4.93044645946181
1839.3678735747148,37.77871277486887,174.48114756089944,2.324497585611091,4.684792070074988
1839.7679535907182,47.355199796937335,173.1013693330157,2.3030802235925996,4.728640959172254
1840.1680336067213,45.67934732652515,176.01319837974032,2.231638348951645,5.097253719068268
1840.5681136227245,40.655744351733354,176.18880944279,2.2607643429355013,4.670232993929372
1840.9681936387278,40.87571143638603,176.7079512874971,2.2919732948759077,3.184834921043847
1841.368273654731,48.94668648957017,175.650786207829,2.342919899303034,6.431891543055595
1841.768353670734,39.778052319057764,177.9222079189225,2.3174372755795303,5.626234210611571
1842.1684336867374,51.19731173773695,175.31386764416487,2.2526488358977095,3.6284270381679966
1842.5685137027406,41.11522306057677,171.38925967657303,2.2941970956364695,4.371083654549
1842.9685937187437,47.36252435836791,175.79692476156114,2.3809832356665703,4.449198261936761
1843.368673734747,43.585896531422826,170.1952243116891,2.305181497834865,5.49195899162429
1843.7687537507502,47.4046955957468,176.94186700724256,2.288101478650897,2.892339508925901
1844.1688337667533,42.907225492682564,173.55264450743792,2.3213263716965855,4.211445003889698
1844.5689137827567,44.52440423093988,176.35268392033547,2.3326551375734725,3.193061103473816
1844.9689937987598,45.43130416437334,179.17279236280402,2.2843356494350453,4.364434217514063
1845.369073814763,41.35108502728455,173.4589896028223,2.3231486805798163,4.205472061821131
1845.7691538307663,48.41549392386324,178.42719360606148,2.2903537500395577,4.638211995036165
1846.1692338467692,43.49185679384428,174.63370648010005,2.332746405013403,4.081563050033645
1846.5693138627726,44.722977260871694,180.04323128942846,2.3112253257246493,3.955671591943018
1846.969393878776,41.75279514800706,174.690363722009,2.324180935082225,5.043265346309055
1847.3694738947788,35.57382211153336,173.44495147884422,2.2749998235711577,4.902349869741107
1847.7695539107822,45.15215668463305,177.2071571073394,2.272980970988544,4.9708240756515965
1848.1696339267855,55.65998580748022,174.34240268211934,2.3441178936774407,4.379301137830935
1848.5697139427884,49.24134156359374,173.27100886740124,2.30358803226918,4.0545682814808135
1848.9697939587918,46.11942559401507,174.12272893052986,2.3186314708217477,4.4080372707051945
1849.369873974795,45.23858740976833,175.1484490263841,2.2954407619306427,4.89523123713216
1849.769953990798,46.473837324660515,178.55799401711604,2.3441124487954936,2.7440824043117207
1850.1700340068014,48.6664111523192,170.30984482840043,2.2843180750783363,4.792022596105417
1850.5701140228045,41.848780776009576,175.1452291522702,2.3036738154288905,4.715292834445159
1850.9701940388077,51.123551062809696,176.592193253725,2.3410052592542865,4.508974631494494
1851.370274054811,49.62215518573395,175.45590655629633,2.356952224082735,4.331097223577487
1851.7703540708142,49.727870349128416,178.1892436244608,2.2895513981647557,2.388968982187661
1852.1704340868173,48.703658293793154,174.67095833029,2.389357663762238,4.081320928620339
1852.5705141028207,47.12297871686759,174.3376300168034,2.323968784565315,5.856116117225165
1852.9705941188238,49.83084111606331,176.22196611377964,2.2701910729990686,4.426270397851832
1853.370674134827,49.6016626130824,174.9315077072151,2.3271396430520834,4.161524349826746
1853.7707541508303,45.91337743932539,173.64923019114065,2.297527217810445,4.412310725395582
1854.1708341668334,45.1303901727717,175.8575895906084,2.3306798154617487,4.674056343110641
1854.5709141828365,47.927600678255025,172.8778354461492,2.3120729766132135,4.908769296600162
1854.97099419884,53.81175406095328,172.92308986495524,2.317228582288378,4.19010683843353
1855.371074214843,42.75486130646314,173.07287478074045,2.2782645620479496,4.704667376459693
1855.7711542308462,41.93692136604768,177.71731099668324,2.3548016596918813,5.697595961701962
1856.1712342468495,48.56191374751871,166.22382728554393,2.2694252767001704,5.1528425251269905
1856.5713142628524,48.202382742869354,175.20704780748693,2.2717911807123325,6.211671607157422
1856.9713942788558,48.78827220916013,174.2453659152121,2.331307836502536,3.805627721034226
1857.3714742948591,49.16690248511539,169.89909965356046,2.3811990759423756,5.663631252749681
1857.771554310862,47.39457380275454,174.81713658351777,2.3034536998448596,3.6817994809531625
1858.1716343268654,54.34323714821973,175.1736985111285,2.34606866510271,4.588873204745318
1858.5717143428687,42.076673954103995,175.3998712179368,2.3614359551708817,4.883706594617152
1858.9717943588716,45.262912600049134,167.2376139528104,2.3515625255626795,3.880831931967778
1859.371874374875,48.26059530030593,177.22452562507308,2.306999837187861,4.351576692990551
1859.7719543908781,42.197674000553945,171.90553598460087,2.2762795380952032,5.001349050496678
1860.1720344068813,48.1639262445911,175.4075810821311,2.232092956161944,3.6965617000480835
1860.5721144228846,55.61023730400829,175.48508910660902,2.310354901425694,5.592106829655097
1860.9721944388878,49.14501198186147,171.38186450434702,2.368465886002014,3.1407678391145417
1861.3722744548909,50.08147409356855,175.16591994016855,2.2768498255932452,5.79206684380596
1861.7723544708942,44.21530935056317,172.49216072931284,2.35029913310499,5.033266662208506
1862.1724344868974,46.88791266081087,168.2185362414035,2.2847591093450372,4.152340912126123
1862.5725145029005,47.95005303568442,176.25738160244305,2.327482778692449,3.8939260170312378
1862.9725945189039,48.27754725595652,171.34142487596537,2.3520263956632848,3.8024008224551062
1863.372674534907,54.77263916925981,171.08377767325157,2.2978099560758016,4.091373440690162
1863.7727545509101,51.974570275545844,172.15328491440962,2.3314843868421873,4.153223496993659
1864.1728345669135,45.3958003809389,173.78244451654223,2.3085367524422513,5.1882351694778395
1864.5729145829166,50.92556006525456,172.89954531610258,2.353821935415709,5.751035230369866
1864.9729945989197,52.030417687986656,174.353723473349,2.3355044324111724,4.32769749566853
1865.373074614923,54.696196021729925,169.5756343998251,2.3288279793447413,3.483796248146811
1865.7731546309262,56.55590964900328,171.00916103880007,2.3893777641654923,3.715847594733166
1866.1732346469294,46.27159346096431,172.51587158535096,2.3540122681563407,3.9981091364503896
1866.5733146629327,47.186838227241545,177.49128861036448,2.300382364439837,3.312661403757243
1866.9733946789358,45.49832802509653,172.40271461561517,2.325038456208539,3.18580731576791
1867.373474694939,49.691002783297684,175.34094733352782,2.3259137871347857,5.798887620942528
1867.7735547109423,52.59102847106786,172.6648960986064,2.3326393974910573,4.355526187930915
1868.1736347269452,54.77351421094923,171.29994953495122,2.4308840080565046,3.4392025171882485
1868.5737147429486,50.61902006115894,171.8328451301836,2.3452148780713675,4.751289716376133
1868.973794758952,49.74214733467417,171.9691397430546,2.2494220044994933,3.147652013251339
1869.3738747749549,51.72734634943886,173.83980963492826,2.309623589550271,3.2058655827871974
1869.7739547909582,47.87858182639877,175.70770381391537,2.2545182388123997,3.432611901011336
1870.1740348069616,59.67620788984203,173.1108328762786,2.319098895304259,5.3910513778160265
1870.5741148229645,44.98636739937948,175.11975548252138,2.2532762456531157,3.857555999816068
1870.9741948389678,52.25498967890086,169.6804935488594,2.2983829878384823,2.0989381677355423
1871.374274854971,59.709523861494695,170.99627496924083,2.2728958165177398,5.012824651450739
1871.774354870974,51.74142416408814,170.16245565784635,2.3495692716255534,3.7921594412762727
1872.1744348869775,51.053247040482724,172.69966228931236,2.3347027381958267,2.5502552727307535
1872.5745149029806,50.48285088976897,170.95647239777324,2.3472780641519067,3.768976585988635
1872.9745949189837,51.29034467206088,173.61859764514367,2.331456030044598,4.431692783513573
1873.374674934987,57.6026319443998,169.40693802218544,2.2803447914845174,4.330719916995063
1873.7747549509902,43.36316328558203,171.7822774540039,2.35713627093336,5.4388281489110355
1874.1748349669933,58.44376326931474,173.33208390245943,2.4139632086039935,3.3105221580860027
1874.5749149829967,46.71366044426637,166.39190334062422,2.3539216313208597,4.022777564027778
1874.9749949989998,51.44238179177086,176.79944241339166,2.3209951347337285,3.418435837974617
1875.375075015003,50.891555354191766,170.7276716779171,2.281388507330982,2.737051547971041
1875.7751550310063,55.062326319877556,166.3131228940386,2.3026676729443833,4.671967209102613
1876.1752350470094,46.415232723479626,171.7111134208737,2.3575911737593582,4.326925295835369
1876.5753150630126,54.75607277586816,171.33962871385663,2.3828736192029956,4.176041646604403
1876.975395079016,61.10430608045198,170.99141150313514,2.350862927257502,4.283345240471552
1877.375475095019,47.654088944331974,173.614239346693,2.372903222087222,3.3863739909241994
1877.7755551110222,53.96535731206392,172.9449754750856,2.3696943751724024,3.1230604139978366
1878.1756351270255,50.658380316276194,171.76114304185552,2.362128197249804,3.9506236511850243
1878.5757151430284,55.10966134793716,172.08191986851472,2.316007511826013,4.8423892389244365
1878.9757951590318,53.58253264090005,170.63570224704253,2.349783084604515,5.192821317856819
1879.3758751750352,51.03984681760035,175.2753831145465,2.309370771493737,4.5356704312726475
1879.775955191038,55.65715883198683,167.07871426647208,2.344482828912483,3.9156536621640994
1880.1760352070414,61.02295808791801,171.0658731853333,2.3575000433904134,4.101156352414533
1880.5761152230448,53.14186555670124,170.81933729819121,2.411896726591732,3.8876446522290564
1880.9761952390477,56.88444508633446,172.63000115538543,2.2928360048512295,3.0506805509949726
1881.376275255051,48.93227000012141,168.42718323290654,2.3649655325623673,3.884244119677615
1881.7763552710542,50.37957915811736,166.11764823969762,2.405434665037246,2.7897811278941678
1882.1764352870573,56.194925330570065,170.80889380493136,2.3770191131937364,3.7515225704462596
1882.5765153030607,60.341751006480656,171.05991438086642,2.3804630451846585,5.152835647558765
1882.9765953190638,55.927736479972005,174.02083459312192,2.3711330687665564,4.495431617206382
1883.376675335067,53.35305507385654,167.06092557337786,2.4000387143967448,3.0918670772632653
1883.7767553510703,54.70246324668572,173.06355709316753,2.3050862836736745,3.765662893890078
1884.1768353670734,49.80368183527494,176.03534860814807,2.2936284294151235,3.149374397807812
1884.5769153830765,57.32339233897467,169.11238920254158,2.3492922227391038,3.7601593361851378
1884.97699539908,58.53468306055374,166.76943396450335,2.263579199751289,4.636377146494282
1885.377075415083,53.29700917198756,168.919341724878,2.3997316114150076,4.319243458500873
1885.7771554310862,53.32521991774127,169.91177888956597,2.399814478823344,5.777524291929458
1886.1772354470895,56.368916145320235,171.22622635878884,2.334131933542347,4.73758860646575
1886.5773154630926,53.658534112082144,168.2782620836603,2.337115206192769,3.9402304167118105
1886.9773954790958,55.240885938078065,173.5847401844765,2.3495321915226595,4.312199321299598
1887.3774754950991,64.00429880369704,166.85041137329853,2.354986959756676,3.6019998679053575
1887.7775555111023,54.7172944040474,165.2287316299067,2.358473113043171,2.855451942192423
1888.1776355271054,54.37201086809076,172.28352762529312,2.3761954389978857,4.795603434558752
1888.5777155431088,53.31516563169693,163.77021141236594,2.34744107154613,4.551728116977725
1888.9777955591119,58.98204762719701,168.88645803237145,2.3925537978311646,3.5452702905484026
1889.377875575115,55.38031384439444,177.13101044683793,2.3731438824702487,3.9508669735699686
1889.7779555911184,53.60763148963035,169.24673128242821,2.3315073014970884,4.718100482338469
1890.1780356071213,61.590233587989474,166.4149616174146,2.40967017283073,4.396087079871238
1890.5781156231246,62.083302404327334,169.0134363688139,2.3024151688865904,2.542207833789452
1890.978195639128,54.103046563483225,168.9699867120413,2.353538550124757,3.901293868478904
1891.378275655131,49.138407375706336,169.4386822272466,2.396381561427158,3.5660277990882454
1891.7783556711342,60.73442261189439,170.63279422817004,2.329261569202133,4.584294929625625
1892.1784356871376,54.06562194014419,166.3194496179427,2.3710462890596897,4.51251612564086
1892.5785157031405,60.066388152701265,173.0762004786529,2.380877155223618,4.7363820056125
1892.9785957191439,49.123184523748954,169.4102315545891,2.3252020597321303,2.781020355265796
1893.378675735147,60.67367111595881,170.5545598298055,2.3572032803176777,3.041912987316951
1893.7787557511501,52.35824234787539,167.1073441171024,2.354321538675216,4.5543608872398975
1894.1788357671535,60.22559958256456,171.83383055956224,2.338991405314789,3.183697375448262
1894.5789157831566,57.45921156356291,167.91541715869513,2.4536070622877553,2.4338131280437043
1894.9789957991597,53.685899351313736,169.19211845619864,2.3314948807900557,4.071008613492384
1895.379075815163,55.97300947140188,166.10567766414871,2.4026953279091896,3.20115503716762
1895.7791558311662,60.44588461007207,165.88633683332404,2.3472649677788273,5.06478725660923
1896.1792358471694,58.22360142683851,170.03942022968917,2.319990360888442,3.863953649056926
1896.5793158631727,60.23704355015625,167.15014963853403,2.3680470824358593,3.749291344592382
1896.9793958791759,65.90447557145117,166.06488809610067,2.3903768532215017,3.3197932845651765
1897.379475895179,51.8410203931227,166.53178657474703,2.401712003450743,4.88198774986923
1897.7795559111823,64.6660611588627,169.8274474018131,2.4278606215381573,3.8903207667944
1898.1796359271855,58.71380745232861,166.44781120334548,2.48365815603163,3.270861960659804
1898.5797159431886,54.80036758901875,167.66663166545496,2.376347047162641,2.956605675080581
1898.979795959192,53.173315009705036,167.93872417545126,2.340280850491802,3.527331979370433
1899.379875975195,57.83709774449305,163.04819171979253,2.3853974494023373,2.798257481898306
1899.7799559911982,62.37913203004119,164.1041810486659,2.3571117742532954,4.397768207843763
1900.1800360072016,58.281228271509626,168.563149566815,2.4052766270567885,2.12231071664014
1900.5801160232045,64.93487695769805,165.82036453857012,2.3168289698570823,3.4517180731024277
1900.9801960392078,53.184324691253494,170.2452592951308,2.463926350115273,4.04580792623641
1901.3802760552112,59.039378024935075,169.96100049203034,2.4039121823799596,3.825795306943523
1901.780356071214,54.176800973703244,169.2824674117413,2.302787248113497,2.9726989870974365
1902.1804360872175,60.73947620818455,171.97456618923175,2.342263259641447,4.069184867032758
1902.5805161032208,62.93100357788366,167.15803299770263,2.403744517686197,2.8266258960255417
1902.9805961192237,57.79884201934663,168.928610008989,2.418631748242624,3.5120561827853827
1903.380676135227,49.16339720531468,165.7860815706866,2.3211650374758523,4.045970690136707
1903.7807561512302,60.47433534349482,173.31871821246176,2.4010519762568525,3.8893882310432826
1904.1808361672333,61.523712201192644,172.0876182387064,2.2951135867234154,2.973614450408446
1904.5809161832367,61.49207579344881,167.09900778915014,2.3699098227294186,4.466256028827926
1904.9809961992398,64.91608629078105,167.9765774491159,2.418441039691986,3.5722579593389003
1905.381076215243,55.78672395573598,170.3491942785029,2.3523742750189744,4.0919676744878455
1905.7811562312463,62.88970307959944,166.5239738156478,2.314633576644069,4.715548378009421
1906.1812362472494,65.03668595677635,165.191169247367,2.381234447639305,4.381007448174994
1906.5813162632526,53.25003851980641,168.95864585451025,2.3516723076996318,4.377845206322337
1906.981396279256,61.74064324402686,166.91074750723408,2.4015184196141717,3.630663558789944
1907.381476295259,58.54287627341279,167.1131499496377,2.3413978629356533,4.106472932640607
1907.7815563112622,60.33097557312647,164.51103707547878,2.3463800891594846,3.6370346295779368
1908.1816363272656,62.145152318620426,162.2436244992325,2.296919922323589,2.4935576682590295
1908.5817163432687,58.90282013908809,167.06928881602238,2.3850320565303074,3.6980995129755643
1908.9817963592718,58.24609642488334,168.68250495483036,2.37227212262956,3.6559078916448695
1909.3818763752752,61.18263753665196,165.7967898307219,2.3316467811737795,3.9127446338699134
1909.7819563912783,56.79404646139575,169.89362780069118,2.387407756796277,3.3383330437834613
1910.1820364072814,56.89663372377381,164.48405158577043,2.4212120495435676,2.826563122000182
1910.5821164232848,64.054231514846,163.5484114111546,2.3719797347152975,3.9559568662802174
1910.982196439288,56.83826495784464,165.95846933373144,2.391802127674804,2.3751861157192327
1911.382276455291,64.19529084146882,165.86147927206434,2.392480675825938,4.587938737884024
1911.7823564712944,63.476901226281676,167.93434185426733,2.333847584483409,3.2308560261180514
1912.1824364872973,54.81969828987944,164.0135166387337,2.4647565343326256,3.6075476449879536
1912.5825165033007,59.10894813617578,169.31270797159152,2.3641312010788154,3.853133872643128
1912.982596519304,66.69181674736612,170.75135912390016,2.4096817006246862,3.8740276628816686
1913.382676535307,58.08677871008589,165.67784729490947,2.4146772840364124,2.269507322110161
1913.7827565513103,60.24977325708472,168.84167101281352,2.378796247034917,4.051209243275524
1914.1828365673136,64.05146958741341,163.01788748930784,2.4091229877161826,3.62973596350282
1914.5829165833165,65.43250846204283,168.28896747348495,2.395154842251026,2.874304443662665
1914.98299659932,61.38839446152686,168.16093699483753,2.3290871184743067,2.778108392822559
1915.383076615323,60.09999444774913,167.64322107163716,2.3729721814708125,3.10595566504439
1915.7831566313262,68.27488000576626,165.38765223753958,2.362231176210182,2.329588756294509
1916.1832366473295,69.63624313181097,157.98292053144894,2.368733272115711,4.741807813852316
1916.5833166633327,66.69119765807773,163.70625943143975,2.335512543460415,4.548354599910776
1916.9833966793358,63.21203454167944,163.68787377787132,2.4331993480464678,3.716261205093175
1917.3834766953391,59.73256961891295,162.74916577768076,2.4526907630235497,3.1716777039296282
1917.7835567113423,59.73859791236234,165.44260334733858,2.428199958664123,3.1882333497726925
1918.1836367273454,65.24504597532517,164.03183399025613,2.4403695133631356,3.9479235407254922
1918.5837167433488,64.92306592162406,162.9600140446431,2.376231174344956,4.7433116855739765
1918.983796759352,68.95021884945727,162.31690050169138,2.365034233177922,2.876339940843402
1919.383876775355,66.03984273298835,163.11753119084767,2.359808675452132,2.434223663034472
1919.7839567913584,57.51980397845943,167.65253108554322,2.4171821136584373,4.5620683002489955
1920.1840368073615,67.8338619106025,163.1387470792993,2.400969103625,1.8899360365971116
1920.5841168233646,59.727637112482995,163.44654750717402,2.3892644798152447,2.5085415476931003
1920.984196839368,62.27766314224932,163.53479332873184,2.4446257555272486,3.1136272514034986
1921.3842768553711,64.90787659037643,165.46672341704323,2.4094836287741934,2.0585422667805746
1921.7843568713743,71.98313068977198,165.70262543016327,2.360205522048547,4.192411892247939
1922.1844368873776,76.53337585512428,156.89318288337967,2.366981016063324,3.9840486054816764
1922.5845169033805,66.61368921086509,167.00179587058454,2.4219623283180485,2.8345497210693584
1922.9845969193839,63.54695879528791,167.981573242915,2.4368168197033433,4.313963699089935
1923.3846769353872,66.51056762480628,161.7081944861478,2.417679302959478,4.445622654832833
1923.7847569513901,68.01581647457137,161.84598587441837,2.4719519071739486,3.1915967294701013
1924.1848369673935,63.27502250552955,163.094232290771,2.4619405796931457,2.917571489705459
1924.5849169833969,71.83088368401822,162.2730542348879,2.414645331177324,5.081788705172329
1924.9849969993998,65.66251208756026,164.6661448724396,2.3639239417399547,3.8470658791807173
1925.385077015403,66.82523625976015,159.18334338710866,2.345530600306702,3.471253789356118
1925.7851570314062,67.58983835324167,161.19823263966612,2.3828974226596955,4.353116796169174
1926.1852370474094,66.70420634751494,167.78450648746144,2.4289834777379418,3.4999388644814076
1926.5853170634127,68.46518011729073,161.55949279488723,2.472382722923078,2.8500405703064278
1926.9853970794159,62.73180176438604,166.93221066141803,2.4164762701586966,3.3148359139919945
1927.385477095419,63.05884061183189,164.65565136165725,2.4469884954621004,4.077831004931163
1927.7855571114223,60.982499074340346,159.1878717725344,2.390888121753929,1.6493870131582318
1928.1856371274255,67.23202311121284,165.24316913858493,2.4260716630387607,3.008967206172403
1928.5857171434286,68.68049873416396,163.3045535164548,2.4345552840807803,4.342122506893831
1928.985797159432,67.48640961265396,162.4040009064115,2.3228969855102237,2.822495134631135
1929.385877175435,72.44368275629012,164.09907983183345,2.386002579591883,4.465218466714483
1929.7859571914382,65.81355182246517,164.61736176372102,2.440987148432692,4.356496950179206
1930.1860372074416,68.600951950919,165.14392157613386,2.4144364908283755,3.1686774100125072
1930.5861172234447,61.649056369280004,166.2648117526013,2.3560553995222797,2.762696615385874
1930.9861972394478,64.55715928518251,164.28383128918114,2.3071689669087707,2.9840968837015973
1931.3862772554512,68.97722958679678,159.76879303874733,2.390200105802279,5.342160084686116
1931.7863572714543,69.6808282682719,161.96822686820892,2.4024249915075973,4.70652115840205
1932.1864372874575,65.19771268069003,170.4544997176102,2.3703881915200413,3.3038361070042512
1932.5865173034608,66.17616206010445,164.85272162945915,2.4119248007160734,2.7135708529835627
1932.986597319464,60.47985920292069,168.90940467719764,2.426912767031952,3.290325540426802
1933.386677335467,65.21184761315345,166.4195420397026,2.4339402748220653,3.3883819406996594
1933.7867573514704,70.28992098349471,163.48031099840838,2.3133311155484595,2.1952897831858267
1934.1868373674733,69.11744457783036,163.5742516685985,2.35545114365107,3.2506948654535255
1934.5869173834767,68.9073344415286,162.67429187054609,2.39629190387722,4.241299106056178
1934.98699739948,67.1916227966237,158.36631881944666,2.4318175812996925,1.740632832911221
1935.387077415483,67.10844521734067,162.70111790216296,2.428953443617109,3.8381566333166313
1935.7871574314863,64.52637919970259,165.62793719685408,2.428711885551562,4.273527888168562
1936.1872374474897,70.05025385291809,161.04748411409304,2.3949529488409436,2.722072470371156
1936.5873174634926,69.02591220694083,163.52188273323975,2.3976364790127027,4.522716586391759
1936.987397479496,69.39697852755378,164.5664774402786,2.3820603636392534,2.611992777866904
1937.387477495499,65.41144752935793,160.1088823785479,2.442372582043501,3.5140438352766914
1937.7875575115022,58.98869865574196,161.20049463344384,2.3752761094145476,2.9127036812356564
1938.1876375275056,72.07696290390666,159.7297266557009,2.446547518991014,2.9094977267268556
1938.5877175435087,65.85908085993135,160.16493082585643,2.421310150018534,2.65825741540727
1938.9877975595118,64.40920178246648,158.94725756925286,2.411643750513741,3.7079878047380324
1939.3878775755152,70.71988879403546,159.86116263692813,2.387626171471344,3.82523143981506
1939.7879575915183,66.46338367627044,165.60702368063255,2.3601215162832507,3.0917378868224406
1940.1880376075214,72.35643227560517,159.7158808695744,2.388885226007725,2.0524185820566334
1940.5881176235248,70.66975309051742,162.26699932715036,2.402038746128414,3.4600757407084215
1940.988197639528,71.02083782590125,160.64004670320742,2.320925268913447,3.472326511329335
1941.388277655531,62.90735625944157,164.79084080470764,2.4082387883778162,2.9585474070390565
1941.7883576715344,73.30335959275226,165.0681297403547,2.4535535720597874,4.622937827998801
1942.1884376875375,69.58477494791231,163.89703824707104,2.4397138026618506,1.8752717718658953
1942.5885177035407,67.14663671500566,162.44893081663972,2.3976221837073233,1.3498796180666233
1942.988597719544,69.28105352352146,161.05276917533325,2.4197927229847473,2.5363590993263294
1943.3886777355472,61.68609369726502,158.59764787298852,2.396113057436421,3.6867161227422693
1943.7887577515503,70.50896010493811,166.3831670748326,2.42475395240468,2.2710793185705724
1944.1888377675537,64.83995497833627,159.57226677774568,2.480851229413991,2.3283858963598947
1944.5889177835566,63.629628611626856,163.0777644393116,2.458429769342948,3.871416385208051
1944.98899779956,63.03351701952475,164.014857139302,2.4409639944693593,3.478103434673559
1945.3890778155633,73.65612521637854,159.9251325737547,2.4008587318327206,3.4072087119126455
1945.7891578315662,66.77050871708431,163.85585229962524,2.4510130680713074,3.728227127537514
1946.1892378475695,75.50443501479876,163.11893829575132,2.3539813531229346,2.7604827693145615
1946.589317863573,67.30805020212826,165.4759969053081,2.4118026823849292,2.795032156954791
1946.9893978795758,62.703324790866134,159.93050148515997,2.4456851574736778,3.743654274763771
1947.3894778955791,65.1479268115107,157.83708682777407,2.4523929136589553,2.0175620406478343
1947.7895579115823,74.63830508376148,159.73600116683326,2.4500102913965525,1.376965376412974
1948.1896379275854,69.15226470971486,161.4699381392215,2.4354464651998056,2.7422128941012134
1948.5897179435888,67.66327054522995,161.04151544814272,2.4162620403459467,3.8312670463080107
1948.989797959592,70.5768171468261,159.8606694334062,2.4460473531001323,3.2887735701004766
1949.389877975595,72.02396061709491,156.01965284132024,2.3868506172905266,3.767945634947652
1949.7899579915984,74.56626999995366,161.91733863852374,2.3916141796913104,1.46689283986618
1950.1900380076015,75.97027507671343,165.62057992273225,2.4283063321894818,3.3301708380264476
1950.5901180236046,68.81656407749946,161.79903788602536,2.433199986247047,3.5987393554976905
1950.990198039608,65.03056423228351,162.11004371323486,2.353682066207804,1.9929134418657444
1951.3902780556111,68.75976519415029,161.96721793423438,2.4453465757124566,3.7611303586729963
1951.7903580716143,71.53337201064555,161.47772629316773,2.4584833539399398,2.9802313636355096
1952.1904380876176,66.715590450293,162.76338524845434,2.4249157558139167,5.524507335119498
1952.5905181036208,66.82014943700881,161.37187157594036,2.523418208194088,1.3236699200245527
1952.9905981196239,72.10178108434451,159.551068383885,2.401553986145023,4.158800388679404
1953.3906781356272,70.60964488700138,158.29222042468035,2.4148591763097578,2.7462618644397114
1953.7907581516304,71.01281404115889,159.60929797192446,2.4139306948923935,1.765975754440813
1954.1908381676335,67.92476227959084,160.96670384131366,2.4271160077587,2.6362711420275096
1954.5909181836369,70.11400287872284,159.34092982676725,2.417444090485155,3.2779861365885994
1954.99099819964,67.41527860361943,160.866850764595,2.3747496586777377,3.8841729306153208
1955.3910782156431,74.74935237215453,161.12885647327076,2.409588569683393,4.429997250627217
1955.7911582316465,75.40564449328126,162.06401761054204,2.427973515337835,4.188195898719556
1956.1912382476494,63.955723794032494,163.13825571370495,2.481448485608604,2.276660809921234
1956.5913182636527,67.69799833894854,160.07659801650195,2.520822006900248,3.9514125785931364
1956.991398279656,65.50522853467892,156.56256170790775,2.486577316965108,3.358652596666309
1957.391478295659,68.96628962597956,158.9197795520442,2.402568693365323,2.5203154364917477
1957.7915583116624,71.30740812514497,159.8433464585789,2.4061763690167814,2.8728720248309196
1958.1916383276657,65.91708740147132,155.09453251679432,2.4280599115967987,2.47295845043905
1958.5917183436686,68.10246974637518,163.10649474315343,2.5062391108539464,3.0689679696757977
1958.991798359672,67.84805148348839,159.94177247432526,2.4286628901482574,2.4540587557734916
1959.391878375675,72.76665233265132,160.4903197888693,2.3826020428729744,2.213910223322349
1959.7919583916782,72.28839129704195,162.90198017076014,2.416077137592921,3.4181506665248733
1960.1920384076816,69.19722238462634,157.86415009591718,2.4668277310367848,3.536419154587498
1960.5921184236847,72.86434127984295,160.82607254096177,2.4645637542523318,2.881965943884762
1960.9921984396879,70.04294802384976,159.06788587366827,2.4293775100563177,4.1248028982549565
1961.3922784556912,71.2153827071793,158.83402594497906,2.4651421755367977,2.821005186955153
1961.7923584716943,79.06786935351526,157.3155780744433,2.3472974877261756,2.785827317574208
1962.1924384876975,77.80768494748784,163.36200254553765,2.4427957048390176,3.5551649399885896
1962.5925185037008,67.31901629585512,158.21129994869477,2.473487481303357,2.9195895957986724
1962.992598519704,75.90749102909075,160.85088680680957,2.4061624288842913,3.0921540719636207
1963.392678535707,75.90508616034218,154.36700499628967,2.4064396773376675,1.0067804585831936
1963.7927585517104,68.13710270749036,161.95691372954747,2.365650912097965,3.0353420164034217
1964.1928385677136,76.07563856202299,161.59001142941312,2.5043196389591595,1.5590937650760919
1964.5929185837167,79.02234286313117,159.15573267083633,2.412331987639213,2.0429940031602354
1964.99299859972,68.45023712311296,158.29757833286305,2.4511935610354856,1.9504299177421118
1965.3930786157232,69.33991906151157,159.81784538769602,2.46612154348592,2.1835844638564224
1965.7931586317263,77.14980193662149,164.4928571970778,2.502859957464197,2.5775604911872745
1966.1932386477297,74.23407365437649,154.31594878663384,2.4366330490438024,2.6264716379157518
1966.5933186637326,75.42264336858459,160.6323943302962,2.4216228286605537,3.546137609297186
1966.993398679736,74.64744940573576,156.35169379115638,2.4505331237424866,3.191708981503627
1967.3934786957393,74.9159378182036,158.53447861654416,2.4953833603092925,1.4920500447495861
1967.7935587117422,68.11503344803415,157.91823876237672,2.4376223105846595,3.0786857331458286
1968.1936387277456,77.6776657622645,157.4209352754312,2.406642839405519,3.265824237622295
1968.593718743749,78.23393194770446,158.41948787784716,2.383615006494288,2.7475664306434373
1968.9937987597518,72.7048890363891,155.564271050746,2.3968004620300682,2.9609400554079315
1969.3938787757552,73.51512617001967,160.926827161409,2.480634375431622,3.1611557243436406
1969.7939587917583,67.63088677187586,153.82282390327435,2.4336394112470505,3.6198756866941464
1970.1940388077614,75.87831841425555,159.6120305344637,2.4225685424234014,1.7476100041577223
1970.5941188237648,76.17521050424548,157.4008466595809,2.4186349892896497,2.811407953110278
1970.994198839768,73.70359570439481,155.24457206733805,2.4510791200214954,4.212907659937192
1971.394278855771,78.51484888819394,158.63267221526388,2.4385019943878055,4.1389746362501105
1971.7943588717744,72.7458978008029,154.1892975369775,2.437557127176759,3.685831553535342
1972.1944388877776,76.40509626724477,158.13605375171335,2.502856884225882,3.434007796548682
1972.5945189037807,70.13217457892185,154.43480384940534,2.51080538912031,4.32775150517959
1972.994598919784,74.18047520432643,159.1005367267754,2.3852839753549997,4.537847386312962
1973.3946789357872,73.64081013242065,155.59195755067174,2.4631879467893905,2.8998598970010314
1973.7947589517903,75.30269267338076,156.73099467736583,2.419408436876648,2.227162461258805
1974.1948389677937,72.98627654390056,158.54911698462286,2.4409508447141963,2.786088718333408
1974.5949189837968,74.00110559622223,155.83878748132915,2.463649275459021,5.479322769992947
1974.9949989998,77.8934838278208,157.58126794948174,2.4431658736741837,1.7461547030959883
1975.3950790158033,72.90422380253464,153.89777331349902,2.461288872565248,2.624911517325382
1975.7951590318064,68.28664341208714,159.21584711097756,2.4793843664456467,1.8709225934665132
1976.1952390478095,81.77264296240897,162.0073885543119,2.4646429821551274,3.1006489284337535
1976.595319063813,80.36116267580577,164.53221003585665,2.4273800781554713,2.0384769750208873
1976.995399079816,69.7270171039753,157.73633042818818,2.428478431691346,2.9134505782363003
1977.3954790958192,77.7153021646981,159.43578145980536,2.3964503524177725,1.440226506097426
1977.7955591118225,73.00465548996273,152.970707302197,2.4202731605686276,3.494280043767141
1978.1956391278254,76.13026666935289,161.13624748521042,2.5333033722225284,3.97797023502703
1978.5957191438288,76.31265621075998,159.27726340097504,2.423530414370903,2.692879291363416
1978.9957991598321,74.2572480794853,156.08427975609354,2.4078645759622104,2.891899983819088
1979.395879175835,72.11861295752618,160.34462783137587,2.4687852628275846,2.869277646813192
1979.7959591918384,72.54998356168811,156.57318980581297,2.45196122388133,3.144761054952738
1980.1960392078417,71.70552713614208,156.02216338139553,2.448938993925789,2.969555569886255
1980.5961192238447,72.10082693756824,158.31355263729984,2.5135107116980846,3.614673167112721
1980.996199239848,75.21689660252035,154.4249611692234,2.479499327453819,3.9867289182232324
1981.3962792558511,72.67973589803638,159.59568500052075,2.4367191655596407,2.3491882797656016
1981.7963592718543,78.32782139360313,154.36006826986775,2.4413237007906305,2.753159749109934
1982.1964392878576,81.60510530312237,154.33347003692086,2.4385823611441,3.7221250264365096
1982.5965193038608,73.39208463759572,154.64309171446337,2.494057717583824,1.8637307901918934
1982.996599319864,76.72576099759662,158.77492087446137,2.447123762657293,1.4247552007114592
1983.3966793358672,77.8223964062457,155.29323285059382,2.3881042842323525,3.1826808209468056
1983.7967593518704,77.7668447069276,153.42432860146448,2.4582776123478567,3.3990306533543504
1984.1968393678735,76.2375021585425,155.23941165890514,2.399108550587312,2.4244684718269593
1984.5969193838769,78.95892115147858,156.63294656925243,2.5483372191087637,2.5397725066530215
1984.99699939988,77.97136173494353,153.7202098156857,2.422718893469805,2.3949538484832438
1985.3970794158831,71.1455538689758,153.75317492203357,2.4552478422871653,2.310011496446998
1985.7971594318865,79.62632777604352,161.87050378806967,2.4724265703792545,3.5588219503794325
1986.1972394478896,79.75202829755133,154.40088373581312,2.450927365190681,2.060129731857744
1986.5973194638927,73.20254258064237,155.704875094509,2.4512469060533792,2.7926430789701047
1986.997399479896,76.45992016140418,155.55472220668264,2.4800948412564936,2.2813548972342654
1987.3974794958992,79.09362554645571,155.37990674355248,2.5246432104058254,1.8419847273442658
1987.7975595119024,75.5748531512475,157.94730046849884,2.494666949464227,3.7029801354464693
1988.1976395279057,80.75547674462614,158.72507708921847,2.523478344719192,2.591628713187472
1988.5977195439086,85.97016710205402,155.5507714034204,2.4228434152436567,3.158921855016032
1988.997799559912,73.42150119094133,153.18555164392643,2.477772258860252,1.8024195877038065
1989.3978795759153,71.09168992204583,159.4240903496416,2.4716563509173737,2.4160688270066375
1989.7979595919182,77.88121973844515,155.9610324439055,2.479858094526171,3.615260386980771
1990.1980396079216,79.60192560452822,160.4867385022951,2.521230831810175,5.081006529657241
1990.598119623925,75.8415927272748,150.50867184327754,2.4577162706087066,1.4310453822195972
1990.9981996399279,82.62713513476317,156.5730015169167,2.450693156438124,2.8519904483509673
1991.3982796559312,71.50835437674522,160.84302085337805,2.4886371457813694,3.343589191806823
1991.7983596719343,79.68278721798556,155.1255113357949,2.3965135932568518,2.521802192881882
1992.1984396879375,74.53565387543549,155.4072602930184,2.4585305719720147,3.6952470761884877
1992.5985197039408,83.88424173024612,156.67225119736702,2.4629988584634344,2.323220085444153
1992.998599719944,85.02407221693805,154.49911689536265,2.431913691425011,3.1406906449589527
1993.398679735947,74.03431214709083,155.07871785911308,2.5113708219484137,2.600990842462866
1993.7987597519505,74.94928389251602,154.9773083865179,2.4269584270276607,3.9952586310466156
1994.1988397679536,80.6320834204829,154.216400316612,2.4643718462664372,2.4797171049575546
1994.5989197839567,75.6910734685003,158.82035756688754,2.4818909333938843,2.7404341517327806
1994.99899979996,77.10345941558582,156.8643337272024,2.524659728174451,3.7796384332531714
1995.3990798159632,77.43180948528047,156.30179050474106,2.470455572269245,2.201839817890993
1995.7991598319663,69.69635726754363,157.66038794748997,2.5086792774595787,3.080483854055373
1996.1992398479697,77.36413485361696,154.94197098384234,2.49961139116879,1.5686989127510322
1996.5993198639728,74.70465183257431,153.63141118962926,2.476879454139527,2.1576517092907705
1996.999399879976,75.53478916973178,154.02458057420068,2.428713324693356,3.3350050885538787
1997.3994798959793,83.32516574360943,155.49998036799676,2.4152624657269715,2.238073148582763
1997.7995599119824,72.56760646893082,152.81203614899368,2.477256882863117,2.5963333892706335
1998.1996399279856,80.8890894670484,154.17411715247025,2.451638883501041,3.427850918311747
1998.599719943989,76.56268934800613,154.09934437492086,2.510466416292251,2.571452422258149
1998.999799959992,76.60140974326774,160.66605524201654,2.5038785675495605,3.694524001796771
1999.3998799759952,80.92348367719948,148.38531879636108,2.467007318803485,3.2102590436477683
1999.7999599919985,79.16338260983787,154.83616149925655,2.428429808461643,3.3877832287169856
2000.2000400080015,80.12644576267382,159.56496350430731,2.4955134268594272,4.033546591320387
2000.6001200240048,81.75718310850253,155.52102234831003,2.434710816643942,3.2981993756117034
2001.0002000400082,76.59929532908588,157.06580136491039,2.4454341348918787,4.275015003385087
2001.400280056011,75.51529938050287,155.397834669791,2.4369390648593545,3.7745726673414524
2001.8003600720144,73.66299409455137,153.44611171479346,2.4709177589081905,2.628455983326429
2002.2004400880178,74.74093575880012,149.47599707843378,2.5236066989316965,4.083420881698496
2002.6005201040207,89.87756842961335,155.56093371437646,2.4769376745009546,3.261709132774186
2003.000600120024,83.09815245466535,153.07495177485404,2.459749960890842,2.736615834909589
2003.4006801360272,72.75301001176454,152.97997013845483,2.4167926037867553,3.2768408266844076
2003.8007601520303,72.90497832982435,153.7003478279496,2.5002397674929173,3.9457957725757504
2004.2008401680337,80.159405818916,159.27714411173827,2.4472752712947297,3.421801796236758
2004.6009201840368,80.45776031749907,160.8944267562216,2.483527917644278,4.517540750759531
2005.00100020004,80.50062357751624,155.3928630909478,2.464993309116734,3.930741041816267
2005.4010802160433,77.32127914018005,153.65560393616087,2.5130230645601483,3.481964070563489
2005.8011602320464,77.87492574596467,151.8423034626672,2.4735395208896187,2.244530354076588
2006.2012402480495,79.72352717715364,155.9247365394496,2.4778039995872962,2.9235769039449466
2006.601320264053,78.79047265870226,159.17883623948325,2.4999220909043807,3.126701630520752
2007.001400280056,69.60421539553677,154.07157720356915,2.5651000352193254,3.628712222027728
2007.4014802960592,77.59635876472906,148.71096418087737,2.516689597401278,3.5833394451093654
2007.8015603120625,75.14369555153232,156.30227510359384,2.4779358351840624,3.2112006098024413
2008.2016403280657,79.28355402635259,157.05951772159494,2.4819354229706896,3.1739727516127236
2008.6017203440688,90.5567539494724,150.60044308459473,2.461139611168895,3.6562121307062534
2009.0018003600721,80.11827618712749,154.9754779551322,2.444459707681994,2.395160676486779
2009.4018803760753,77.4264838422298,155.63171475680085,2.460674108270233,4.440654590962215
2009.8019603920784,82.39968261578036,154.29043593232757,2.4522218405144907,1.4487499313001087
2010.2020404080818,80.67472262673537,152.4660039493482,2.509565246802367,4.253081743260482
2010.6021204240847,80.45546345469569,156.9526742910047,2.440904480305056,3.0549056558802103
2011.002200440088,81.23322172767435,153.37445511210896,2.537401508737014,3.8954470427784336
2011.4022804560914,87.06234643104882,150.6401859077687,2.514474799499036,3.3868138316730123
2011.8023604720943,74.3425897165028,149.1998858611078,2.4855319151364808,3.3749564743317264
2012.2024404880976,80.7902610405532,157.4462908881087,2.485042533894236,3.5439491444802247
2012.602520504101,75.21941500469003,155.80659662103417,2.4630555199294437,3.7502347577382213
2013.002600520104,81.17581394960679,154.45581504325477,2.496466168795861,2.8424015606775956
2013.4026805361073,75.3074577448626,153.10631430567753,2.529501545799601,3.935809542291576
2013.8027605521104,77.34079309467498,152.85580013248685,2.458165676370426,2.242926863004116
2014.2028405681135,77.85757293306732,151.46042568396683,2.4252693693190026,3.1088011227619003
2014.6029205841169,82.96848694802428,153.04277551474738,2.515045929283299,3.7844328232973896
2015.00300060012,82.76594012997057,148.79302040857846,2.5002030102496504,3.9142913201284846
2015.4030806161231,74.13576950429176,152.22507994528863,2.442730615177048,3.4895577647552525
2015.8031606321265,79.36450605783826,153.2600730442406,2.458512129910135,2.808891209557222
2016.2032406481296,76.33219432823248,155.53447214208975,2.4537918506541483,3.8436788872254564
2016.6033206641328,74.16185135547654,153.88248879479977,2.4594819848889053,2.5935561953014408
2017.003400680136,78.35277275910971,155.94232371247716,2.475822234501626,4.532941971599698
2017.4034806961392,78.01149208161505,157.30074301389493,2.478412934305135,3.066872510880757
2017.8035607121424,88.97648337398017,156.54639845911277,2.463347372715052,1.9057321662658433
2018.2036407281457,81.02526245446779,155.05049476592225,2.45935586704283,2.1845384024889496
2018.6037207441489,73.80637002465859,153.8773030152085,2.4808333532770313,3.1780814901070635
2019.003800760152,77.08077166104658,151.36928200824323,2.4969936997945132,3.2579371355602214
2019.4038807761553,83.44803891631771,155.6448977053729,2.477934490323691,4.724741524173241
2019.8039607921585,87.73852492741113,157.96837170714076,2.537232345965505,2.3211848691303136
2020.2040408081616,73.0626783766609,154.59841444177593,2.511507484608368,3.1865511523070613
2020.604120824165,71.90838121322375,158.51062400855906,2.427847448380816,2.310470196667206
2021.004200840168,86.93301557830914,149.8780546513376,2.512726693404264,2.766938230108936
2021.4042808561712,81.0282963668701,150.78126451605053,2.516294633624734,4.5113233728684
2021.8043608721746,76.01696183687947,155.77954735773667,2.4749777564303077,2.25818923697395
2022.2044408881775,81.64855021748788,154.2773215573002,2.4328525197039785,3.6400334366150133
2022.6045209041808,68.98655170861387,156.87628602738778,2.4932753467339497,3.487895466091758
2023.0046009201842,79.5621608535582,153.52856842395423,2.4929355665011084,3.1574313033096817
2023.404680936187,80.87866674585435,151.3729085682889,2.4486682802716184,3.5955453766589716
2023.8047609521905,83.28279260507902,152.98464654818528,2.43577455716016,2.255236158508308
2024.2048409681936,75.54806470193965,149.66288545491673,2.4906093568777674,4.511595592423822
2024.604920984197,79.96393980554386,150.6492678946057,2.4850755587769076,4.729727824329201
2025.0050010002,75.93664120835686,155.8781874989744,2.4779941523240123,3.2308777320474156
2025.4050810162032,80.67662891731524,155.60556296196572,2.491633428744499,5.135050110987571
2025.8051610322063,76.09006814837275,154.30780631522768,2.451142863070361,2.880742764306014
2026.2052410482097,78.05501472371793,149.07448749301977,2.4781441200679137,3.5237392612763117
2026.6053210642128,75.71972598752275,152.458242820563,2.517151937023651,4.352362110514429
2027.005401080216,82.32270661488293,150.2690075282095,2.4821010864526056,2.8431331041988326
2027.4054810962193,83.16674454681728,156.2502811542512,2.4295009053149057,2.108611840513994
2027.8055611122224,78.80884034811174,151.8272689859635,2.477750986258686,1.928020435358814
2028.2056411282256,79.9142610404682,150.5500171218662,2.4541301686855563,4.869626906705053
2028.605721144229,73.9805334958444,153.31687491606644,2.507898743643215,2.8013460526491913
2029.005801160232,78.58938609963744,151.620182735675,2.5102425252105576,3.0796050120654894
2029.4058811762352,79.60007099313837,156.90829954031787,2.4314127321325922,2.34164032391989
2029.8059611922386,90.29646162259085,151.34047016098808,2.528397872835995,3.9942086698856145
2030.2060412082417,75.37742378158882,149.65817138808833,2.4538224857075797,2.6140034967491457
2030.6061212242448,85.69360610284008,147.7528901056589,2.560948758054224,2.8499835592185736
2031.0062012402482,83.83553995601049,153.03732695968233,2.4969008875296645,3.4863813551222984
2031.4062812562513,80.98146046620184,151.6887749455947,2.44926561091731,2.3993277384277087
2031.8063612722544,86.90380886986426,149.5008336523582,2.453710259938197,3.111526528870384
2032.2064412882576,81.3677628404422,156.02584441197436,2.513580803593221,4.3800162650541825
2032.606521304261,81.44559352141792,154.70076259523822,2.4842712208289304,3.6047367260962546
2033.006601320264,79.68569153329389,152.9421650985248,2.4963222179966835,3.370480003127084
2033.4066813362672,84.8012685520056,156.40377429851355,2.5649636732129193,3.4418792249965757
2033.8067613522705,84.30129016373246,154.62973670636154,2.4727457205478682,2.96264897655384
2034.2068413682737,77.42072547907571,150.8968840638507,2.5033759444541115,4.874876793106382
2034.6069213842768,74.65406831725736,150.33679007779418,2.558032082624237,2.6322553851497514
2035.0070014002802,79.12635795667377,154.9608007076056,2.512318639228945,3.4547764198397504
2035.4070814162833,76.74495048766123,153.88796049603968,2.4374927101267003,3.3821385724217463
2035.8071614322864,79.6974314049459,153.30279889191252,2.5222300197502787,4.101238962351014
2036.2072414482898,84.90730781661915,150.7437616475431,2.4557509032860323,4.180907132885992
2036.607321464293,78.1339747518828,154.36164227535943,2.5587987938143266,3.276920130929758
2037.007401480296,79.79711437114979,150.93498407620754,2.469866178466549,3.5392637085529977
2037.4074814962992,80.20532570595675,152.55091349737086,2.6218145661018606,3.5737817828856606
2037.8075615123025,83.37138543477165,156.40558047167556,2.561981439772826,1.4974922262738046
2038.2076415283057,70.99413190727722,151.1186658063772,2.4716730214301608,2.0482935240038986
2038.6077215443088,77.55851553499426,148.8210010559305,2.5045881081322987,2.839741971801863
2039.0078015603121,80.83367902952517,150.10502072620855,2.5341822648772063,2.878849743527577
2039.4078815763153,84.79168765631721,155.20524217434976,2.535630754452319,2.3730665277439758
2039.8079615923184,78.02618958937896,153.33962143508543,2.522224530182294,3.9365503019788384
2040.2080416083218,72.48961604376554,152.36409089682093,2.554863086235173,3.3429987384405373
2040.608121624325,82.4763000476093,151.3972330335849,2.5001025107902155,3.1739960758109977
2041.008201640328,77.45723198548775,153.86724315185097,2.490596002997717,2.3453031395829633
2041.4082816563314,75.24084204306384,150.51514990360872,2.49163248676322,3.319095024525156
2041.8083616723345,77.5025541075574,153.38633758990483,2.5400832058288425,1.2579145568692454
2042.2084416883376,79.26186106428742,150.77849204751826,2.520595640446023,3.2334566253991883
2042.6085217043408,77.58061050634456,150.34712814444703,2.5178787580514754,3.4189557655702503
2043.0086017203441,71.17655145274945,150.98239966613207,2.5382746825897646,3.5665557959042102
2043.4086817363473,83.58590684478499,151.62263495851406,2.4246600044141813,2.1263851742302
2043.8087617523504,85.09556847666995,152.42430814872904,2.519340527020947,3.562190526640618
2044.2088417683538,82.60018243464955,153.12044539667627,2.5159150865106734,2.5538904263031457
2044.6089217843569,75.44097788034063,143.2965100191879,2.5741580929810888,2.741785610690994
2045.00900180036,79.18298049200777,150.4841085206491,2.4464945694347286,3.9708603255880495
2045.4090818163634,79.95968745004818,151.5103161249904,2.5701567515867336,5.012587618613098
2045.8091618323665,82.377376420595,156.23809695992261,2.5111157259404826,3.4471927289317588
2046.2092418483696,82.65158709401854,149.76183093251024,2.5278878917904364,2.757266072152623
2046.609321864373,77.03715640985357,152.85541953504205,2.5755928855089167,3.566743125564316
2047.0094018803761,80.29706055547001,156.17278939577506,2.531213280204514,4.171922009332471
2047.4094818963792,81.79302700855473,149.13977317041184,2.5250231269690855,3.922416214926251
2047.8095619123824,85.78162215718865,153.39430882070167,2.518924477550845,5.6250554779085995
2048.2096419283857,82.770387013834,150.39106296142398,2.4901170066724054,2.863269656746571
2048.609721944389,83.10221619298673,151.1227256505852,2.508538734681893,3.6423269178421895
2049.009801960392,80.27452524915094,150.36429618949595,2.481278820663736,4.684705583614281
2049.4098819763954,85.5738854255701,150.53038921545127,2.5083365494617667,4.639555537709143
2049.8099619923987,81.56353106405446,159.15296814624978,2.416900752606207,1.8956501493485831
2050.2100420084016,76.47216032427211,154.4476789561965,2.5277171776040097,3.4581381271511313
2050.610122024405,85.52162510704409,155.0794317690373,2.505902576978034,4.653579933365165
2051.0102020404083,82.69099288902456,153.54381513653522,2.49753924616598,5.78364415000825
2051.4102820564112,78.11803973773064,148.28713034474217,2.519991902236892,4.039360215668513
2051.8103620724146,77.96268157375678,153.27930485221728,2.454072058426979,3.1872539130073663
2052.210442088418,81.05699499581814,154.9635684084396,2.5887973033809017,2.6794303278359024
2052.610522104421,81.71307327845254,150.13727708648946,2.507726543423781,5.2670630742284095
2053.010602120424,80.63874651806546,154.67382090892403,2.5062130516292305,4.08036440632847
2053.4106821364276,81.08365775567685,154.011270419282,2.47363941481424,2.8242475289369833
2053.8107621524305,86.62670059332324,156.87065295648011,2.513420398512781,3.345533068673891
2054.2108421684334,84.10109434872253,151.18641566892333,2.56814706307023,3.7615915980402783
2054.610922184437,80.56511755252716,149.47736361383636,2.5543102828639452,3.953899035465642
2055.01100220044,83.55507395876351,151.30803628436854,2.547254952884402,2.8045971923044704
2055.411082216443,75.64659567433054,155.79194725114155,2.5351360491324546,3.038405241167729
2055.811162232447,81.35486255582497,147.6231160997231,2.499139876623482,2.21290240743716
2056.2112422484497,86.9864464540945,147.0145004688147,2.4556753747046125,4.372579367892908
2056.6113222644526,78.86270802726588,152.40043492886,2.5058395097462878,3.2730212116049655
2057.0114022804564,76.32963053194386,151.06217858671326,2.5046441954324488,3.9249466957177646
2057.4114822964593,77.09668964924413,152.17987484388706,2.556227657742942,4.695296489585934
2057.8115623124622,75.33099657308745,154.51593612651763,2.526847155346024,3.7390129903147296
2058.211642328466,76.53456941879395,150.7635333035869,2.5791584862126564,3.478394548884264
2058.611722344469,78.17527805048788,147.45494053057968,2.562758882720695,3.729588995983422
2059.011802360472,74.01834108738186,157.24135599187827,2.496791659960186,3.630714385929071
2059.411882376475,79.68598681217547,149.6299770043806,2.4434372855283684,4.582825964866348
2059.8119623924786,83.21513235047662,149.4685492541424,2.5708552562767224,3.84032589532294
2060.2120424084815,75.95711526031639,154.86873521853047,2.5699962724970966,3.1619222909077145
2060.612122424485,85.64699843391912,151.14170437007832,2.461159838361677,4.441536971318825
2061.012202440488,81.59436057733684,151.93814346680006,2.576364161668431,4.59348649136147
2061.412282456491,83.65445107387094,153.2974833371186,2.5314643256992273,2.5443024176604
2061.8123624724944,76.88133435352574,154.79355478861598,2.5227909546067417,4.847088543158538
2062.212442488498,82.91092495559441,151.2452334412562,2.581137577155566,3.9185519444030716
2062.6125225045007,75.1048478826774,155.87325253535283,2.5705151814168152,3.8593461214590805
2063.012602520504,83.01294120705062,146.72855950934957,2.5429613539758997,4.444004017755063
2063.4126825365074,80.11828489508798,153.96241315751297,2.5360159525607155,3.1911238369272166
2063.8127625525103,81.62251769733845,149.95921148419973,2.541921006930745,4.414063654808291
2064.2128425685137,74.68532896843368,155.48399341967666,2.5014397134186366,3.355365188086992
2064.612922584517,75.7852322364347,152.4039105613578,2.5154135370745925,2.482904937321657
2065.01300260052,81.73183868951116,150.36221980778973,2.481699300746493,2.8707667417716656
2065.4130826165233,75.52655836842251,153.69746922928343,2.5046435941029346,4.128721851935185
2065.8131626325267,81.14941084815615,154.26942035480656,2.5034718332916537,2.924888640463724
2066.2132426485296,73.80428084796213,153.63746745867684,2.492895780839544,4.975509413722847
2066.613322664533,82.64138679832553,149.45497393319226,2.523947465581314,4.645086725942948
2067.0134026805363,74.2940664286809,150.8158538590676,2.505686782756687,4.76664895866005
2067.413482696539,81.40844143745022,152.01259650315018,2.5389026171684224,3.80598433602481
2067.8135627125425,81.67646007802134,151.91671121880168,2.4540864144629904,3.918740765429868
2068.213642728546,76.36115678919924,153.8915056525758,2.5146098557606194,2.763798109297182
2068.613722744549,81.45027152475213,146.97737038556286,2.5245697183795133,4.52173661250178
2069.013802760552,80.13746939468581,152.84812252335345,2.5070448839798933,4.035344839341056
2069.4138827765555,76.91348231656923,151.28523286408154,2.5127355407800955,4.191716874272376
2069.8139627925584,75.00739514985514,149.91201603902962,2.456381396793772,5.094942118130228
2070.2140428085618,71.16349044506805,150.15033195332188,2.534209101973504,3.265968541223626
2070.614122824565,80.38458834944115,151.46868606125145,2.546011828636863,3.6562978805317345
2071.014202840568,72.69838809442336,143.00099881012304,2.5400054425125296,4.025045950383294
2071.4142828565714,79.31020352281598,150.24936903160096,2.5619681832826586,3.021884850060422
2071.8143628725747,77.84587839199374,149.8121373352886,2.528634222943528,3.6267039150156304
2072.2144428885777,81.58670434211393,153.33291391976226,2.5398730102970792,4.177718421994657
2072.614522904581,77.63203115200318,149.98662075894416,2.5271209024332126,3.5296229295959938
2073.0146029205844,77.49212031865116,151.46233460853495,2.5485295958897853,4.843778586427506
2073.4146829365873,81.70671148476542,155.85569240036986,2.458087459190012,2.594500227277803
2073.8147629525906,80.08839736813769,154.48596143284004,2.485581265702922,4.708135360275925
2074.214842968594,79.98134554255043,154.25604301416513,2.5849471316957775,4.345570879577198
2074.614922984597,80.56196891619794,150.75116539507133,2.423199133685486,3.368289368471481
2075.0150030006002,72.51040779777982,153.35910919654418,2.5161536496591514,3.090580696635786
2075.4150830166036,81.64727015014223,151.41766608725626,2.5687947436214347,2.172662310666623
2075.8151630326065,81.03703167327814,151.51325970481176,2.5183150740853635,3.20755475480899
2076.2152430486094,74.4870875049437,153.0289882749994,2.505985589395461,4.6882679224355215
2076.615323064613,77.54378463517165,150.51377315547248,2.527502205949354,3.8125152907659245
2077.015403080616,78.32878741820062,155.74044710881188,2.5083386123856757,4.794651255244112
2077.415483096619,77.91356354382762,151.6094962114766,2.52383425310856,3.375277745356685
2077.815563112623,79.75214928598686,153.55780515955485,2.4954006578798937,4.443792918523734
2078.2156431286257,84.10696046855303,155.65318707300517,2.5672172732464142,3.3110678007568963
2078.6157231446286,82.67296992035448,154.59580236441107,2.5799340606072736,3.1195906384686785
2079.0158031606325,73.06106222096398,148.49705211892356,2.5177997874582743,3.813358065235823
2079.4158831766354,80.76188183318571,153.13447142560557,2.467806528416221,3.3741210253487006
2079.8159631926383,83.55262550124628,154.15211181938474,2.5024418507256767,2.6788960757521627
2080.216043208642,79.7470447184643,154.25825233225441,2.5161642699005875,3.7743867252545185
2080.616123224645,82.5262794040561,149.24883889717748,2.543872375707194,4.0124966050881286
2081.016203240648,86.17361580820773,150.39316881882885,2.483456060686962,4.94917000739967
2081.4162832566512,82.18117839183286,154.5260331120154,2.493134629612477,4.691087531065834
2081.8163632726546,79.04501124322479,150.13931684648983,2.5444514634926176,4.924782409427536
2082.2164432886575,82.18919849876217,151.2987574759625,2.5617028288785604,4.5323236634683015
2082.616523304661,78.54909538825274,155.99216653212397,2.499403532539162,4.2293626050377995
2083.016603320664,78.02548802318337,151.93765776968087,2.4710581912077605,2.9873760884953633
2083.416683336667,76.48418367704772,150.2450988828517,2.6558699398572463,4.097714234622592
2083.8167633526705,84.10309244159,149.87306855736682,2.555954478307476,4.462560771559939
2084.216843368674,74.53495699203594,152.9041873294275,2.5140580131166868,5.158410157322369
2084.6169233846767,83.89701011978002,148.74499531540724,2.5596140262930995,4.548849417820003
2085.01700340068,79.72549885539516,151.46520097231786,2.5199878778735036,4.999508820851034
2085.4170834166835,72.08695703890918,152.92249191622875,2.5597645417155253,3.1890119144539963
2085.8171634326864,79.1125551961201,155.34336391275326,2.5315648716535892,3.760908910056448
2086.2172434486897,69.19926586378837,153.77063236336173,2.5289496509730722,4.372980957662167
2086.617323464693,80.05845609781228,150.3230711172305,2.5208638845538625,4.965744470573637
2087.017403480696,81.05404105183007,155.0609528326041,2.4676190423431485,3.92830585108051
2087.4174834966993,75.1000220331634,151.37298637394684,2.6031439794556688,3.986062931646317
2087.8175635127027,77.9196077209899,149.03958456806723,2.4880634651139144,4.609287319219302
2088.2176435287056,85.19765880380672,151.70600552809032,2.4714272672188997,3.1664581950639574
2088.617723544709,75.31329614412701,155.73899729909508,2.5174159524742863,5.360682648467836
2089.0178035607123,73.05554898227194,152.56433827530182,2.487572361197255,3.379078617851483
2089.417883576715,83.17237250857261,152.19040506361665,2.524062355790617,2.5551687314316536
2089.8179635927186,85.05025115562651,156.26019007855274,2.5537398020442823,4.105770911444949
2090.218043608722,77.16851323558947,148.5970326349161,2.5661384911253173,5.4641855193550235
2090.618123624725,81.15305624348414,148.96987888312904,2.55901147659395,4.582306494982946
2091.018203640728,82.42622746130463,148.1529154425017,2.5142915831031543,4.721766000648736
2091.4182836567315,74.04315346041969,153.1330049775212,2.5285939002340028,4.161775855604756
2091.8183636727344,75.02428129059165,152.6266680618509,2.543017494599684,4.014562993034937
2092.218443688738,81.84106533794534,156.07652463574053,2.4564816839904013,2.908359267327021
2092.618523704741,83.60933623250054,152.83781752179505,2.5497061596389408,2.3446235172431336
2093.018603720744,79.07216434269978,151.22838057460226,2.4686791324812742,4.317020104539482
2093.4186837367474,73.25239600284738,152.2531017255842,2.6086720413273956,5.217935210256339
2093.818763752751,84.67056189313631,152.5529214759819,2.5109633877885678,4.451120311424611
2094.2188437687537,74.54875018889383,148.08948533771962,2.519833537695667,4.682634294648023
2094.618923784757,75.28205208883475,159.0551503140836,2.496523553627757,5.458693828396482
2095.0190038007604,77.9415778852419,153.58962840573827,2.502195067748928,4.462722146000657
2095.4190838167633,82.73814627063759,152.82579814465348,2.618438381243267,4.109597172182205
2095.8191638327667,79.88634205308955,153.84971058594073,2.5651689329307574,3.5609376705221365
2096.21924384877,78.07849004342643,154.09654794136236,2.4656642913764983,5.84158746336602
2096.619323864773,78.22042921643516,151.9830531300807,2.5878778853380826,4.653139129771847
2097.0194038807763,76.48923881178358,150.7679467195663,2.5755147762286352,3.4851265827539564
2097.4194838967796,78.49530205764545,153.8564852256123,2.5166110378891546,3.3112043858181024
2097.8195639127825,66.09172721158362,153.33414066282234,2.540200599935349,5.258743541534042
2098.2196439287854,74.97042171405899,150.35733933405888,2.5274068791459023,3.4345166778752754
2098.6197239447893,77.06868467336493,155.9420504634713,2.6069784922526975,5.755738230695226
2099.019803960792,71.44554819357691,153.14043407431552,2.496293075448068,2.0757248908785395
2099.419883976795,77.54076846567739,154.24439049284322,2.534053227018954,5.427218824177218
2099.819963992799,75.1231249152965,155.91262782310443,2.5111538412110286,4.686929325060573
2100.220044008802,82.90811200754057,152.50072644229272,2.4710236218159034,4.400583056694028
2100.6201240248047,82.1231532175623,153.25175831457295,2.6160750830131976,4.173658003289826
2101.0202040408085,73.91238371255116,154.49801527470788,2.481209935260253,5.834949013141195
2101.4202840568114,75.11645427282208,150.6745581730446,2.537339541891679,4.896375712594116
2101.8203640728143,75.36788233763426,152.63579841354309,2.458966856019769,3.616552297710746
2102.220444088818,73.80057142580053,152.82869361156554,2.5126912940726327,2.9723968048730747
2102.620524104821,76.33051615008786,150.1390230115479,2.545590832930232,4.497795109452772
2103.020604120824,72.46016588417851,158.33780280609145,2.495779413974142,4.36355594405447
2103.4206841368273,70.91338274226675,149.04021270552164,2.5522962685125004,3.1569968338719097
2103.8207641528306,77.86891179600829,149.32811590728335,2.5181166999896183,4.337077715327342
2104.2208441688335,77.8380818765908,155.8740651644635,2.575334520811168,3.9307689182493517
2104.620924184837,72.04427189129024,154.38698094925286,2.583453260590768,4.405895543293105
2105.0210042008403,78.78420372936827,150.05441324371787,2.5055633640946406,4.987771974625426
2105.421084216843,72.6173947926269,154.15325098603194,2.5321515257329392,5.609713330320878
2105.8211642328465,76.09696793659072,156.32055074277923,2.5364681632672004,5.1513515364240305
2106.22124424885,78.30596283297818,152.59135601275742,2.553950474554574,3.8557252478195005
2106.621324264853,74.8300958006463,159.18035259901748,2.529797016462757,4.7366700538066056
2107.021404280856,76.72314942483624,148.3896149983795,2.536874133887635,4.500706270917967
2107.4214842968595,72.77778832355956,154.4509946384338,2.5195721201354635,3.3932225100279316
2107.8215643128624,73.99664406551238,155.6496154388359,2.533959381828259,4.786239435516648
2108.2216443288658,73.89775952942813,154.9787048756623,2.5813075270270827,5.9617410030329125
2108.621724344869,71.67325505552479,152.25669806774332,2.5552721048991414,4.511116688663199
2109.021804360872,73.89052829942462,152.05891748972314,2.5575165803456623,3.2186238384898784
2109.4218843768754,68.34089457959136,153.91300928676176,2.5584254705355436,4.527001757008098
2109.8219643928787,72.50818291910544,154.85984889795208,2.5233853322837474,3.5406561161306653
2110.2220444088816,73.27041437780865,154.3446535542536,2.542324513748542,5.211371509676293
2110.622124424885,73.32200510241123,155.45681273254368,2.4861969560157213,4.949262456298679
2111.0222044408883,73.31723241898618,150.32788171241145,2.580387402852039,4.401547864897417
2111.4222844568912,73.97235483851213,152.32420810989345,2.418346594840352,4.282271981763437
2111.8223644728946,76.07305951256322,150.56236482660842,2.5262077138470773,4.386365437834809
2112.222444488898,77.58893693209868,151.9660817538799,2.5753568477008866,4.571743912975883
2112.622524504901,71.42707734781632,155.4885646880306,2.4751923718174207,3.95632964817807
2113.022604520904,69.14829991368391,153.23981053908068,2.5457630877027873,3.47293041314461
2113.4226845369076,69.72758726766318,159.50652622333243,2.5025647560818336,5.503129068403732
2113.8227645529105,71.88131236044657,153.49261089398055,2.5150655272283426,4.292907938715333
2114.222844568914,72.35649650041928,153.17823020120034,2.5676762609381556,4.7439437431230145
2114.622924584917,70.61795488672,153.31455196403195,2.5377805848613026,4.847637046746301
2115.02300460092,68.44693058800482,151.47485551754,2.4485024789204375,4.886151736743642
2115.4230846169235,71.74007380736737,152.94525649613033,2.4908368182221223,3.6986264186563345
2115.823164632927,74.22312631861332,155.92997683782005,2.5689231156263346,3.3061756989368027
2116.2232446489297,75.81010434565164,153.4162799192759,2.5478819615089954,4.185082330708177
2116.623324664933,71.13256591665045,151.16873790739226,2.599862962260206,4.981815556525589
2117.0234046809364,71.64224457399253,150.8608969344735,2.597255449630673,4.092117831490013
2117.4234846969393,69.51912753615825,152.06951204461353,2.5162704670227094,4.399793406529341
2117.8235647129427,73.03155726800541,153.40127044448744,2.630099230561028,6.394842507938567
2118.223644728946,69.69470195782104,156.22235983836583,2.530957070986019,3.2259608341601087
2118.623724744949,75.31174076255067,149.90913985189206,2.491478028295213,4.1075893420334015
2119.0238047609523,65.80628813420583,152.48294978645146,2.5046447801117355,6.238237576045992
2119.4238847769557,71.44147269389347,153.66563037960432,2.4397256951702455,4.69463430555177
2119.8239647929586,74.01437182828478,148.74311633744472,2.59427850387177,4.1749051260105725
2120.2240448089615,73.47494655190519,151.26609579988,2.593789986768189,5.684109454241442
2120.6241248249653,83.44112521070973,151.6732659815669,2.4893796928106475,4.802700732557838
2121.024204840968,73.99728990464503,151.4061420382265,2.520883821473325,4.489312684048366
2121.424284856971,68.51068898886825,153.89905703913232,2.5338214169128705,4.931318465743606
2121.824364872975,72.07358741539302,153.0413836597238,2.491579634711578,4.2604210612027416
2122.224444888978,65.27871669891059,152.0782009763963,2.4597850367283303,3.9824208567019648
2122.6245249049807,71.98928241446598,154.56014012852177,2.5215688945760344,4.715062529956255
2123.0246049209845,68.90715946516542,157.82192120057522,2.5171328219048035,4.006689588740468
2123.4246849369874,75.82837113678855,157.6365597909289,2.5144310694590324,4.833609563496283
2123.8247649529903,69.89580049905062,148.75585614100982,2.538866401337705,5.11816855054996
2124.224844968994,71.55377588468167,155.03001581146754,2.5871275046988953,5.52670062180778
2124.624924984997,69.4052136906397,153.16700934317268,2.5178106889620255,5.756221736189905
2125.025005001,78.82918470481003,154.02487030277473,2.536738517045684,4.538942520122516
2125.4250850170033,70.51487238593123,152.66637062292364,2.5589807374458133,5.272733816600149
2125.8251650330067,79.05586687263813,153.98132764759762,2.552055473113623,5.276911683429039
2126.2252450490096,74.90777327857462,154.09133375311288,2.5052953749051725,5.1548590348513725
2126.625325065013,73.50469414591959,152.2910761005746,2.5337086810345646,4.518767960717053
2127.0254050810163,72.97635550372183,151.52335761135362,2.5517351896737983,4.089632910253502
2127.425485097019,73.00134365713542,152.66853873027875,2.4846782647960275,5.323460537518308
2127.8255651130225,63.639932773426835,154.40210773380113,2.5803313209815055,3.566160989568372
2128.225645129026,70.15929642644943,155.34031195159935,2.587029479995635,4.727191604968456
2128.625725145029,74.57940829891024,156.00273466134337,2.500829597960529,2.908390500372797
2129.025805161032,70.92687480761684,152.6606075817859,2.5374612146359565,3.8920255376686503
2129.4258851770355,65.42513321935218,154.63259348301395,2.5553778714128446,4.269312441983794
2129.8259651930384,70.75944703264624,156.35631667478617,2.5078332238539396,5.85829097938384
2130.226045209042,77.70840352143848,156.89130396676282,2.5488921148187704,5.54130990862573
2130.626125225045,75.80221056691265,153.85766922845573,2.53612627906521,4.55760742416653
2131.026205241048,70.48903678046126,153.480034482249,2.470846542292505,5.594202446733275
2131.4262852570514,74.46500714605274,154.53796429900675,2.5478956600172196,5.730776128811557
2131.8263652730548,69.11508852896799,151.21385213209405,2.4854881715450574,4.902136685713923
2132.2264452890577,63.687287438471,153.63224100590503,2.567025366169405,3.933176464820847
2132.626525305061,66.7263188653001,156.00605130523178,2.5025709163542804,4.884379107934765
2133.0266053210644,76.59690003855145,155.7779498998141,2.5229287728891583,4.982444518112996
2133.4266853370673,69.17028916047039,153.52608575729457,2.584230901547338,4.084863876669843
2133.8267653530706,69.21339773596506,154.77489856905268,2.5491532898301266,5.37455318183852
2134.226845369074,68.90800994620348,152.19800079920483,2.486076070627919,5.314872950335192
2134.626925385077,77.64409635323567,156.04755556694428,2.4886140928091702,5.457184657511023
2135.0270054010803,76.45133238334813,154.12364479078627,2.5051930974296694,5.334435267305614
2135.4270854170836,78.74232512732762,153.6578672484294,2.544904151069639,5.705336720788052
2135.8271654330865,69.15049285344183,153.47315776733853,2.54340228485379,4.988184534450387
2136.22724544909,70.88840447041069,154.25012782321411,2.4952968306935728,5.303278817311945
2136.6273254650932,63.55833374978319,153.31773683171434,2.482281900532835,4.833881338889583
2137.027405481096,75.4514049922051,156.11302997409254,2.5401817000521496,4.6947160383604025
2137.4274854970995,64.79107963145242,153.50987760439898,2.5215907722917295,6.243175919143501
2137.827565513103,70.24759915292437,158.51108311710323,2.6150993490575623,3.5478409654015555
2138.2276455291058,64.90935566898605,158.222457510591,2.5302191264076255,5.894562487663788
2138.627725545109,66.86093848592074,152.36150253246547,2.6012680881841796,4.707039172452751
2139.0278055611125,65.78496852883336,154.79572322244653,2.4818243548342096,4.613777462944571
2139.4278855771154,66.61990343601039,153.02609322815397,2.4656516340238532,5.4334248292790335
2139.8279655931187,66.8120749796716,153.8675586993857,2.4837159287425776,4.0428486426759855
2140.228045609122,66.69242833994099,159.7218593460694,2.5760224377610075,4.592109967844742
2140.628125625125,72.13555463748256,153.97864509610895,2.59863795301356,4.576027352011555
2141.0282056411284,64.2992623652614,155.68009123258895,2.4970420851050625,5.088649606038334
2141.4282856571317,69.51715420576723,156.16495105979934,2.5098407272842813,4.632905653444011
2141.8283656731346,73.42288182031943,152.34236490529008,2.481436969120579,6.567576740278127
2142.2284456891375,66.41409956324232,152.7386586301043,2.4556621810194716,6.73477933746269
2142.6285257051413,65.51083371241721,151.89396847434648,2.556794544997926,3.690073931471807
2143.0286057211442,67.37582082326209,152.72689239930412,2.5369079246913526,5.753647779911503
2143.428685737147,72.93201735444394,147.8497061718473,2.5283344011740176,6.015659422836703
2143.828765753151,68.90453274766077,156.369366671733,2.4718391239967596,5.773674025944838
2144.228845769154,65.91802061486304,160.17669114276518,2.5933648912175595,4.823370346842321
2144.6289257851568,69.89295119822599,155.4442205322581,2.5075563282602884,5.165178001454537
2145.0290058011606,63.46263539251893,151.56762458457274,2.5489583645303635,4.772446017473352
2145.4290858171635,70.51139540103414,153.53514935335332,2.4693522975507736,5.045483734308599
2145.8291658331664,69.33433530056767,154.02885692950704,2.519833929424869,4.42437002955718
2146.22924584917,66.38241761617334,152.66621060682007,2.539028836102383,5.311175911154398
2146.629325865173,64.17285183900215,157.39491705064148,2.5403745255889967,4.211448285417612
2147.029405881176,63.89381436066829,157.30456248627928,2.5333938563669793,5.264282414332236
2147.4294858971793,69.49295128421019,152.4248984444196,2.5469039514414824,4.436242774078848
2147.8295659131827,72.1825501000726,157.16100934186989,2.481816110595308,5.611296893876651
2148.2296459291856,64.6301469089736,159.20028005306082,2.5348444506990595,4.913061393178118
2148.629725945189,68.92547957050935,160.17474804374163,2.5314112126549166,5.699832063001402
2149.0298059611923,58.65618599303218,162.61664880791463,2.536037913337716,6.34342056223324
2149.429885977195,64.57799231064952,153.23406503710217,2.529573657776403,6.760519122038797
2149.8299659931986,66.70420592818685,162.58518693438663,2.475658924348823,3.4773808409439475
2150.230046009202,63.10149708759659,154.67487000639952,2.4737817752081503,4.843269467990349
2150.630126025205,62.905806433617634,154.1151329526955,2.4378281122760694,5.2790133506990955
2151.030206041208,63.89212838049616,156.45004824685307,2.5590040396312927,5.900619121124993
2151.4302860572116,67.64324710754715,154.21344439702824,2.5593115249442295,4.222965048135567
2151.8303660732145,65.63620604365339,156.702597807849,2.5598485480055033,4.768483588258591
2152.230446089218,57.34346086601605,152.44134310773933,2.5382781938433934,5.669369161371784
2152.630526105221,57.72426805656265,155.181361683394,2.4405806335220226,5.643936847345948
2153.030606121224,63.69011143885512,159.0290639685272,2.484734538062527,5.889080749409985
2153.4306861372274,67.8586440255879,155.7094780209393,2.532515879287016,5.952903237060551
2153.830766153231,54.94802732483555,156.24330084455534,2.531015037628163,5.87983164021849
2154.2308461692337,63.84909992695472,157.11479486570417,2.5165781947540298,5.774890537796026
2154.630926185237,63.65282950376948,158.89079583640623,2.540137368745941,5.675584992113233
2155.0310062012404,71.22080014717508,151.86372940807593,2.525738058636744,6.17384717791365
2155.4310862172433,64.03681914474306,157.50090634132275,2.529992871774552,3.861638694727761
2155.8311662332467,67.01815038982235,155.40720856432324,2.4994882565679086,6.899640273924351
2156.23124624925,65.96034322445358,156.53226610697607,2.5642188807512247,3.911680979813177
2156.631326265253,56.78200256675743,158.80381608127303,2.50759390388061,4.823046728162923
2157.0314062812563,68.28588624035262,153.20689722302586,2.471483888133421,5.516093475650564
2157.4314862972597,65.98326880940725,153.6993294220591,2.4937537312903872,6.2467346722769435
2157.8315663132626,67.06322074853027,151.43109535111577,2.510537642446371,3.3235893533045586
2158.231646329266,80.64339987148978,154.93565524084443,2.564117758717331,5.708478118309025
2158.6317263452693,56.51014106506504,159.673667988976,2.5225470439549467,6.376084470286534
2159.031806361272,71.65336559110679,156.08530544365172,2.5166707123243515,6.548989887355803
2159.4318863772755,63.51261894796009,153.0757987809593,2.4740477426256504,5.206734662636637
2159.831966393279,65.7194000164767,155.25140264511495,2.5552899839555305,5.535169138450327
2160.232046409282,64.29555760854994,152.78558417654156,2.4976677580398956,5.29417377163483
2160.632126425285,62.68803174487487,153.73206211130673,2.5196186576620323,5.484223331215503
2161.0322064412885,62.01286563470945,157.55701313103566,2.5826997877910576,4.984188409613478
2161.4322864572914,65.51730382470697,153.69037014479002,2.543714456436752,5.10955027749321
2161.8323664732948,58.0374983834798,159.4468754985836,2.458103986462509,6.1797716076438265
2162.232446489298,67.01528837081183,156.52787350611302,2.452322731713904,5.9488960805539595
2162.632526505301,62.25482834668688,156.96019326436115,2.520398484512649,6.248222293294885
2163.0326065213044,59.30582010496196,156.09095367995022,2.474327808765111,6.037529441573699
2163.4326865373077,61.93239625016072,158.75983216078257,2.54864460455087,6.441169134480296
2163.8327665533106,68.66725499573394,158.82658516649377,2.524257329930599,6.591665200772452
2164.2328465693136,61.403389952708906,157.7474401711984,2.5290450431473865,4.507131823681083
2164.6329265853174,64.8844801758972,158.3630414052343,2.4940215435188664,5.228483828833562
2165.0330066013203,60.43264073791051,156.46225386071563,2.5918070097222943,5.738272468580273
2165.433086617323,66.29381962140818,158.38953953355735,2.6357145806788056,5.916688098881122
2165.833166633327,65.90969731098299,156.23103568218957,2.5107253869788475,5.410229687606911
2166.23324664933,70.4675050883403,157.12315094119336,2.53584706757019,6.687408196859294
2166.633326665333,62.27608815186351,156.47294747251485,2.525477691413656,7.553250097376273
2167.0334066813366,65.55810962718813,156.05863818632008,2.51104780259192,6.129738082328779
2167.4334866973395,63.18078085446098,155.52117498927282,2.4880055182763643,6.059813374288582
2167.8335667133424,67.87689344603966,158.45559148260205,2.4777414588055304,6.683452441856087
2168.233646729346,59.72284924684543,160.60543406335472,2.475566911519755,4.522777324384041
2168.633726745349,65.482850908141,160.29936811484916,2.537049810578377,6.049800716085578
2169.033806761352,61.62857123836984,154.27303412158795,2.4999014224948177,6.821845346520421
2169.4338867773554,62.055019915577226,160.68042926104073,2.417403665414765,5.5356992407575945
2169.8339667933587,62.58307772796402,156.7051389671649,2.538175472861205,5.08059429959424
2170.2340468093616,63.129209038909444,159.045620286143,2.51869524527228,5.924833115651284
2170.634126825365,61.55939697435654,155.32164040283797,2.5739359581829984,6.036578555123902
2171.0342068413684,62.78711913933855,157.98565747761114,2.534836065703693,5.369868774296021
2171.4342868573713,68.14458100024865,158.45868210158343,2.460605148920802,7.785397661379193
2171.8343668733746,65.67764051847108,154.00666562202565,2.430404742488903,5.737203861316827
2172.234446889378,65.11608533556108,159.28278549433796,2.4906514216214584,5.208940037678437
2172.634526905381,59.72082777720642,161.17103110547816,2.4942633237249283,6.068691185538199
2173.0346069213842,57.889436754594875,157.41378526990658,2.556830087988619,6.881611584308557
2173.4346869373876,65.17091330313256,161.2951720587968,2.518583779057189,6.181003360096118
2173.8347669533905,64.75710760708239,157.464999152163,2.564119850851631,6.5673099790452145
2174.234846969394,67.04671242012452,160.1078094294966,2.4656114826403535,5.493403186904378
2174.634926985397,58.64311795764651,152.48217196918466,2.5570466747379235,7.392553117922621
2175.0350070014,60.04375960117754,164.12042318321747,2.547105761747831,6.663575702382525
2175.4350870174035,54.306835904304286,161.8571387687155,2.437365730363564,7.064186416899675
2175.835167033407,59.197612588168255,157.4520758850911,2.5708275118609922,6.529985653644184
2176.2352470494097,64.65641119598321,153.27869513684794,2.521487646676206,6.90961000937724
2176.635327065413,58.70668901976104,158.97439774627807,2.533256402594733,5.563119950126006
2177.0354070814165,63.03704190220021,154.69005263946426,2.4828029012594435,5.880306411745645
2177.4354870974194,59.61547484523089,159.4576700860556,2.5682315587233737,7.362505438673283
2177.8355671134227,61.575993855825686,159.42024982082077,2.4696093278798292,7.545014148367619
2178.235647129426,55.59119414745437,156.08375591780413,2.55014765628832,5.391481091470926
2178.635727145429,60.424908524611155,161.28573824287668,2.549507642031343,6.520848699783651
2179.0358071614323,48.02155648426012,160.5434422985733,2.4775348275324074,5.988244313972809
2179.4358871774357,59.14046556758256,161.015376243312,2.5956534658166137,5.787326863375367
2179.8359671934386,53.268028817745765,158.64440150382393,2.525395475046813,6.584789596246532
2180.236047209442,64.51569478185813,155.13001289175827,2.5421046723756313,7.281667044424108
2180.6361272254453,62.70306595239027,161.16019550618654,2.4546775877250147,6.742218534024908
2181.036207241448,61.36176677056458,158.08640352765602,2.600283892006514,6.137283391381554
2181.4362872574516,65.48068210269895,155.3348237801726,2.466403508734452,6.816799970930957
2181.836367273455,55.50249508755507,162.2364390567836,2.5561911615647994,6.128960584160712
2182.236447289458,66.18904914130627,164.15204981466238,2.4752135782532596,6.758676220595447
2182.636527305461,62.829730565137616,158.84772440583447,2.490052463739237,7.558213298807404
2183.0366073214645,58.05604547607699,164.39608414706737,2.5461685740263786,4.791381611320904
2183.4366873374674,63.4459854687386,159.27412690448134,2.5555257461482688,7.102992360177389
2183.836767353471,54.37950660442949,158.1423809064059,2.4633763232651025,5.246040289253854
2184.236847369474,55.407738882868124,157.56517634670607,2.557649467312392,7.4720525629458425
2184.636927385477,56.17249219454935,163.28195101763546,2.555631520770178,5.991888477639748
2185.0370074014804,56.39193808115007,157.28692797711906,2.4761147195306363,5.539502777639642
2185.437087417484,54.18256002029851,161.12362327189103,2.5773781504713438,7.081998458811957
2185.8371674334867,63.20200997525481,157.93582182375033,2.454956169791856,6.829274548309949
2186.2372474494896,57.17509424496714,158.23136448081274,2.4880366385909563,5.750756559269945
2186.6373274654934,59.52131447077241,162.0062736214362,2.5319835540758837,5.5598859628251756
2187.0374074814963,55.73062208202339,158.52919275416167,2.4784755466160115,6.424492308394158
2187.437487497499,50.63029908415795,158.51604884820634,2.522964553465115,5.6234116507540675
2187.837567513503,58.893579836610186,162.40891786815556,2.5218472698341885,5.7497184674432145
2188.237647529506,50.064923586500726,163.61938404511952,2.5045125386161495,6.703620975049313
2188.637727545509,57.33995694856107,161.28671532101703,2.545081661259373,5.850666333870289
2189.0378075615126,52.041740773722545,158.08728114260833,2.5024401873768314,6.97684611302484
2189.4378875775155,65.36457246606595,158.49701332335755,2.5206240917689593,7.839992278083466
2189.8379675935184,60.96134823502305,160.0227653936379,2.5570080061244465,6.541307409892315
2190.2380476095223,57.63930431945707,160.67485817495904,2.5425621150272724,6.776558491262139
2190.638127625525,62.171472198269235,157.45253660298354,2.542159748978592,8.299212426532334
2191.038207641528,53.631704031233916,161.77957660571082,2.464535120629447,5.746962982929564
2191.4382876575314,59.09117562486697,160.2356569261924,2.5312761133045423,7.662352246712104
2191.838367673535,57.616759325788145,155.7826055631593,2.4749254239564493,7.578381698937256
2192.2384476895377,57.77382830509659,157.7996732677848,2.458588603017419,7.417492277368932
2192.638527705541,61.707364874109615,158.9118907034758,2.506755637839325,7.7797906664451695
2193.0386077215444,59.44809628118488,160.04040032040174,2.4732296381501095,6.9832174718299225
2193.4386877375473,57.573175218016615,164.99618236792543,2.540802574320959,6.304790088075695
2193.8387677535507,49.698860816915605,160.91896260225982,2.541534571522633,7.659179514170367
2194.238847769554,52.37833427284191,158.27226112911455,2.4326222604598913,7.702192797153975
2194.638927785557,55.627773107621906,160.9765313777093,2.475368235937908,7.692579184269059
2195.0390078015603,56.39216982227752,159.5956049432529,2.449880770684274,6.856349591617971
2195.4390878175636,51.397920604256285,161.33869572208627,2.489537840596158,6.260222943600258
2195.8391678335665,65.4654826774168,162.02930045200083,2.5260196882430765,6.9987096911383695
2196.23924784957,61.7843795626286,163.65214369563122,2.4978896646379094,7.611855878428127
2196.6393278655733,58.027292484255504,160.61964084459746,2.4837582250300394,7.690015854437383
2197.039407881576,55.80697260383633,164.82915200189822,2.5591219424505502,6.539266599147944
2197.4394878975795,54.56998693059949,163.0533039600224,2.4146857634877184,7.147789354430362
2197.839567913583,51.51113991778052,159.06624751167877,2.5561189791086654,5.860962327451398
2198.2396479295858,55.52872167655612,166.41118648379984,2.4846355102594218,7.708449322024313
2198.639727945589,56.14979210547308,161.75583584933133,2.503044507526614,6.306356776112688
2199.0398079615925,50.051720084127886,158.90244127815046,2.4848350493899463,7.573732822491784
2199.4398879775954,56.25544819586857,165.17453828634973,2.5674047128123427,6.038619775857567
2199.8399679935987,54.19768777306252,166.28880231168708,2.4562085468451498,7.795741153519932
2200.240048009602,47.087478079897565,161.06399687088407,2.5056745337854083,7.240631596686494
2200.640128025605,51.17715711379672,159.93973447156043,2.52605891322859,6.370642268137914
2201.0402080416084,52.864269972013986,160.82032065066215,2.4402764422086842,7.56138841105267
2201.4402880576117,61.96944538784459,163.09058253193626,2.4676747112299857,6.548598673771347
2201.8403680736146,56.54491921399513,164.55098668310032,2.4982964829349092,7.633126555498022
2202.240448089618,48.87680330187621,162.83525128401436,2.46850891197498,6.826797558642718
2202.6405281056213,56.06291010367379,161.71612438266075,2.471102636226665,5.681862904660072
2203.0406081216242,47.82959846336098,165.25972409844627,2.48948150066385,6.285391069491107
2203.4406881376276,58.24964381300357,160.78557612006708,2.5292078687432538,6.739625279770654
2203.840768153631,51.9344634733493,164.1980320086108,2.4892634226601906,8.191150716286504
2204.240848169634,53.34451871297217,160.9537361669383,2.545855611535698,7.830166255543877
2204.640928185637,58.92237194856308,162.80470260719525,2.4625535960393083,8.421001675573539
2205.0410082016406,48.370675076367526,161.49658280684625,2.452131275894699,8.457491191348073
2205.4410882176435,47.83102430274077,161.69429413319975,2.579005158708819,6.719462063277602
2205.841168233647,50.98529272842856,160.9439844375774,2.4753751125651036,7.009162060546462
2206.24124824965,57.373425324190585,165.30320212600515,2.4489979734407243,6.84362554058332
2206.641328265653,47.042773997306035,160.16245784904726,2.431492234807161,6.6481479550612255
2207.0414082816565,41.69181437533272,160.19798719168637,2.543917393937414,5.724876595871902
2207.44148829766,51.11611148834314,167.40493500092526,2.4869988649159893,7.198999014931436
2207.8415683136627,55.028053557143096,164.60104104677566,2.490239374092736,6.195078379480926
2208.2416483296656,57.522515668431986,156.2476961228897,2.493755343173567,7.208935790520912
2208.6417283456694,50.76923800415168,160.85147834084725,2.540375707194691,8.941641097940217
2209.0418083616723,50.87662987208464,157.7888826471381,2.492410312537141,6.854308178015727
2209.4418883776752,57.03843174405503,159.9964454397892,2.5930861069509397,7.430371851585667
2209.841968393679,44.84439576591656,154.5812864663866,2.504405766377778,8.012648271867064
2210.242048409682,50.66985606491002,162.13958431804465,2.5412570613393286,7.524347973941128
2210.642128425685,52.88625576097222,159.68177241071575,2.5307245337684114,7.546896065720473
2211.0422084416887,53.82210214742569,162.74104175642051,2.4967852589049735,7.035788878059517
2211.4422884576916,49.88671516588032,158.58320947502114,2.474491469942843,7.1530188260038265
2211.8423684736945,51.96446986636864,162.90810800654495,2.5109749715409837,6.58333137745847
2212.2424484896983,41.77421107974897,161.7184345639839,2.51782541795604,8.041002536262322
2212.642528505701,48.99539389847375,166.56558508199927,2.4742420323428367,5.983808019220461
2213.042608521704,53.3433434197472,166.39415214610443,2.5035219876802026,8.166714848590189
2213.4426885377075,47.50110900743866,164.88426062295588,2.546038546131828,6.279736258025945
2213.842768553711,51.56725574395824,162.15957747557047,2.5791091276867784,8.185639464100145
2214.2428485697137,53.019901296259846,167.99485630152265,2.5302058212095053,7.145366130439675
2214.642928585717,49.76336723052579,159.20418796465984,2.570260227264379,6.455799471463804
2215.0430086017204,51.716633746496356,159.6333272754993,2.470292625917157,7.917615308982991
2215.4430886177233,47.08512649876679,162.9882900177652,2.5232596041545228,8.210080028676991
2215.8431686337267,50.01095478753826,168.88844256862174,2.548440781287868,7.129500262900882
2216.24324864973,53.17967435925771,162.80317455070724,2.4587613236865242,8.069356310449217
2216.643328665733,51.268179505587035,162.90665760530246,2.4749046798026346,5.677712411495606
2217.0434086817363,48.195710347484805,159.8158174726898,2.5635570752923615,6.462222492972395
2217.4434886977397,51.34032016600971,165.84131310948982,2.454748506422022,8.565553504671204
2217.8435687137426,53.20358576829975,165.91539807787063,2.439817812533687,7.365625030590649
2218.243648729746,42.04714805570494,165.5611856315511,2.55429180938289,6.067731068671332
2218.6437287457493,54.785052073816615,162.07155739929036,2.5407515895112702,7.011357191653792
2219.043808761752,48.70565715410776,161.93402425747752,2.509873367897114,6.844685226491522
2219.4438887777555,51.65463535739368,160.52423766854807,2.4904666112094542,7.463598686161506
2219.843968793759,54.643743624009105,164.02304605898942,2.47445953214849,7.312736685408277
2220.244048809762,44.27022380223666,161.16873675924913,2.5029829281175977,7.765459126933708
2220.644128825765,46.82140116593497,160.98267223820352,2.55460070417144,7.579723979930215
2221.0442088417685,48.40730246406365,162.92351264138824,2.5006535176584217,8.736078044655674
2221.4442888577714,46.32890228573502,162.8164418131828,2.577490686183977,8.000922017603372
2221.844368873775,56.30617040890759,162.7510450026469,2.4545950772177676,8.040423537574021
2222.244448889778,45.841933638740464,165.31882751664438,2.4894249680184917,8.619421607877644
2222.644528905781,46.94952453680231,164.40712522551883,2.4749882955704368,7.389297053641658
2223.0446089217844,49.89205071166505,163.54596970397375,2.4462024293182507,6.703832665299334
2223.4446889377878,44.16877425734681,164.78080989368374,2.483181197326824,8.691939802135549
2223.8447689537907,47.29762369149432,161.90144086266943,2.505693183310208,7.848072155436588
2224.244848969794,50.053231713890455,164.70049838423014,2.5096636941990176,7.863921165469196
2224.6449289857974,47.35514868669664,164.8709132480232,2.5752060632499147,7.258823867377464
2225.0450090018003,48.21631555880227,160.79395625664887,2.5066591794868254,7.285057242363677
2225.4450890178036,46.37590983787631,167.09803474233914,2.5337774751528794,8.46897911841288
2225.845169033807,42.3388364939186,162.46250297084734,2.4901063150620226,8.592391594242436
2226.24524904981,49.586675713619684,164.94920789878825,2.5542743335305627,8.444797293904456
2226.6453290658133,55.223727530374596,167.69186757088963,2.5827786695448256,8.465185307899992
2227.0454090818166,48.18140292188084,167.15249294645133,2.507771718491001,8.299122883643738
2227.4454890978195,48.912764341932636,164.98165473130905,2.4465085965086666,7.962206379612241
2227.845569113823,50.68662222486838,164.04715069613877,2.4639484310637174,7.72977903656563
2228.2456491298262,42.74254594317514,167.3798110139773,2.496862712160486,8.851442034516767
2228.645729145829,54.5341782147679,166.75545718136894,2.5035290049521532,7.597311946062617
2229.0458091618325,48.43780288133901,163.58055049492165,2.5128888701295575,8.20538315405605
2229.445889177836,54.060401396633964,163.19702640773946,2.5030415931743253,7.279305912917337
2229.8459691938388,44.50544744287446,160.0612235807918,2.4845939459686974,7.408198933163551
2230.2460492098417,54.614553786876364,165.68509503555984,2.4585465195564282,7.759841617930055
2230.6461292258455,50.3477773164215,165.15122720802154,2.4997189423109734,7.318746873763666
2231.0462092418484,49.36428902231149,168.2564577450737,2.55755090986926,8.61331646693837
2231.4462892578513,47.99332545094936,166.37167573396366,2.523825614841179,6.909750100308719
2231.846369273855,45.9683392509107,168.86771998603143,2.5040927373053705,8.080708693890152
2232.246449289858,51.66993509880053,163.84689509377435,2.5235624209146548,8.120483899999229
2232.646529305861,47.33473285294635,168.4938891701118,2.467211405704363,6.5789950559333805
2233.0466093218647,38.810631147651534,164.3844784432118,2.461396644490108,7.68797776195709
2233.4466893378676,42.115913894152264,167.7090633153396,2.451488192530485,8.258523287300486
2233.8467693538705,45.74716121032823,162.17652802294427,2.476059543395582,8.410117563634985
2234.2468493698743,47.636560835467805,166.46965952102371,2.463861251606344,7.916865522838642
2234.6469293858772,46.076369340769,160.97854446313815,2.528742026180449,8.63500251751036
2235.04700940188,51.08490406102699,165.3309087722244,2.4610667211888533,8.019224090716227
2235.4470894178835,38.31105176293861,167.1581701181526,2.447638485208454,8.130788981978817
2235.847169433887,46.596391491695464,164.81344022718991,2.557117213955513,8.334383651396523
2236.2472494498898,38.65684707535649,163.5483871795088,2.4610249698579607,8.887858445976764
2236.647329465893,48.8744825877281,168.3484395935016,2.4848860514213547,7.618886745530554
2237.0474094818965,45.36481466524912,166.03319048517736,2.496461844266046,7.783210206390143
2237.4474894978994,47.32825370501411,165.12666609989313,2.4326043111694484,7.650761155187836
2237.8475695139027,42.101595931097535,166.51411834318733,2.527153580258034,7.933334841784893
2238.247649529906,50.582452602833094,173.0598771297176,2.5028802759507887,9.353299043966599
2238.647729545909,49.5391092625383,169.4108263916994,2.5393912533804017,8.68371440714484
2239.0478095619123,47.61415965451233,169.49240703363043,2.4495464901177284,7.333888695775525
2239.4478895779157,44.66984087347299,167.73378020533482,2.4803389725597143,7.771633020379298
2239.8479695939186,47.41542347661839,167.12010642759995,2.4776058452964773,8.563438168561076
2240.248049609922,42.17666706528331,160.77270300166248,2.4862439325238674,7.553255590655359
2240.6481296259253,48.3348629710916,165.12450931470107,2.4171596863187204,7.711430773587141
2241.048209641928,51.41912837219839,165.6796109318727,2.4794327232282476,9.38091502917762
2241.4482896579316,49.01237442038312,162.25293825764788,2.4175948142035426,7.82749471719009
2241.848369673935,41.72041407341432,164.10578440681655,2.4886399493101843,9.095179964805475
2242.248449689938,45.99355083884108,162.10642152379202,2.3888129529722684,9.348959658438366
2242.648529705941,39.28454031240407,167.02192462683786,2.399546894234271,7.771189266047502
2243.0486097219446,46.656061403397146,169.2239026961456,2.506002886558134,7.659249897746455
2243.4486897379475,46.078477685245794,170.0032089978506,2.451037093114964,8.163578384144548
2243.848769753951,36.706534202168385,168.33254950909375,2.4330451274193314,7.526849027927783
2244.248849769954,39.44857280735671,164.94644321451875,2.5230412223674374,8.507848433662964
2244.648929785957,42.873235756985046,162.5841462861883,2.4849595239997644,8.259772837471331
2245.0490098019604,42.712611493838494,163.08154129032428,2.506384294043279,8.72603425988351
2245.449089817964,38.98857929308238,164.3606885330921,2.464496349894321,9.568403670922205
2245.8491698339667,45.293017352023135,165.37045508898132,2.577975665281296,9.118118262254868
2246.24924984997,44.653792548457915,167.25271920645253,2.4462535885430783,8.868806116999151
2246.6493298659734,42.78179896892625,165.17619212177297,2.539856733617305,6.917862167027231
2247.0494098819763,40.44687001134445,168.6185800537071,2.4672641844949434,8.85869079987835
2247.4494898979797,47.5762095857732,167.25001898997746,2.4031794730844553,9.895383709966062
2247.849569913983,49.91454057262523,167.91665356669313,2.4883140523723712,6.1221575203050715
2248.249649929986,41.27038461315512,170.80052565997062,2.481229972101095,9.095377838761925
2248.6497299459893,40.667870109363534,165.058952721734,2.426225120178246,8.429683468987065
2249.0498099619927,44.9934658802911,169.1159484070472,2.4310269033433674,7.890635038471962
2249.4498899779956,41.508806758536245,168.0939302562497,2.4665646115398268,9.224676742096447
2249.849969993999,42.2958175559076,167.35484478984623,2.481178436444628,9.964843485788565
2250.2500500100023,45.72469546949593,170.46141859440613,2.367997165417459,9.230570229238527
2250.650130026005,35.04153083733851,170.50554994995437,2.5085828966533206,8.32674089081525
2251.050210042008,47.8652340268811,166.00154315225427,2.4463116329425842,7.882229256995876
2251.450290058012,42.7960149716646,167.9721424043712,2.4124543399923204,8.766019681535829
2251.850370074015,40.77278843801292,169.19036427097615,2.502998765642683,9.36216719390824
2252.2504500900177,41.97549392138947,167.86462620905706,2.4640424279864197,8.367305186256441
2252.6505301060215,42.09602024230844,170.06952057372948,2.5132640037999323,8.457958657121392
2253.0506101220244,35.2355740329287,169.3697869360026,2.4817648734308073,10.961184223678003
2253.4506901380273,48.05441409685953,173.30806445950395,2.463814800230519,9.579826018308015
2253.850770154031,42.15445254435906,164.96083214003153,2.457393969882045,9.650329240549565
2254.250850170034,43.67585562191271,168.54032211511205,2.4824386579802,7.575320742030313
2254.650930186037,45.62495288927332,166.63505074308475,2.446215072279823,8.191122959413883
2255.0510102020407,37.64922166763262,170.47648274984297,2.4282787920134887,8.829944851485964
2255.4510902180436,43.543089127613115,164.98320296660668,2.4864026339226784,7.982616265959024
2255.8511702340465,40.49418089943662,169.95184387282535,2.4558505320046167,10.077171993156306
2256.2512502500504,44.86758714525751,167.57088058335435,2.4625957341002467,9.938432844685494
2256.6513302660533,32.887569542542906,167.3705460535429,2.5044504126900398,8.396676512616395
2257.051410282056,40.9162949456718,165.6496630934058,2.455941557239786,10.263978322810452
2257.4514902980595,38.817801530767476,168.16318477999428,2.460718594808564,8.84677322118282
2257.851570314063,42.87476838622629,172.09709950773515,2.4357510901977677,10.935018873677109
2258.251650330066,42.94274751988179,169.38285683632824,2.4765857202197163,8.992588879701406
2258.651730346069,38.14914446563646,171.07501611290095,2.4729675136180536,9.3511276595004
2259.0518103620725,38.048254277825166,173.7274116393289,2.494622901394229,10.023430238699653
2259.4518903780754,40.371815688694625,170.28519288895959,2.435043469136531,9.938948668833305
2259.8519703940788,37.145662740934675,168.2888059986313,2.4395119005364294,9.33876255593981
2260.252050410082,44.01814929460575,170.91393996107797,2.4891252649301845,8.830599906463314
2260.652130426085,39.0915982617368,168.44507637713627,2.4671427144218296,9.36815386006393
2261.0522104420884,28.85891773421801,168.60476951293316,2.4204191329841356,8.31723611380257
2261.4522904580917,38.90625823566759,166.12610519179765,2.5085429256557097,9.105226324929843
2261.8523704740946,36.17028063380671,172.30149271258517,2.3879548890485394,8.109409303793688
2262.252450490098,33.718497012710266,169.0808544970761,2.486875697436208,7.58548601321684
2262.6525305061014,35.21327427558506,170.56111799229538,2.404506470834239,9.063868681733975
2263.0526105221043,40.52023275670391,167.57597782096576,2.5301563901193536,10.046685411870605
2263.4526905381076,45.31701899686125,171.3157601376215,2.3925500125618995,9.790842459408202
2263.852770554111,41.17529045022649,168.38104387794294,2.5000324376641267,8.998004308354838
2264.252850570114,37.416877208163676,169.9916279010728,2.4502847076985135,10.474460988405399
2264.6529305861172,41.587088358428346,172.60046367060755,2.4384929131648256,8.634954822364575
2265.0530106021206,37.84793503526088,172.44279124848876,2.4601790822224183,7.569272065150657
2265.4530906181235,36.82696464685823,170.4708069833577,2.477644698482748,7.371190907271439
2265.853170634127,34.90923171032133,166.16553793415827,2.415797405529997,8.185252360822703
2266.25325065013,32.44093108779923,178.12786878013623,2.418945931889211,9.79683743533091
2266.653330666133,37.810364347409326,175.07045944083623,2.4771649281561334,8.649027312257862
2267.0534106821365,39.924336170949715,172.57246089205657,2.382489588266396,9.538967415854637
2267.45349069814,38.82794199510148,168.9427176785461,2.427015998577836,10.500557411740749
2267.8535707141427,37.473136096997685,170.60169085254788,2.571613782229791,8.316782430629338
2268.253650730146,35.27684060878003,169.5870544619207,2.4108662159399485,9.592988109409605
2268.6537307461494,41.415885805596766,174.16516915273985,2.495098568198748,9.654686066996856
2269.0538107621524,33.63770592214204,171.72169912375733,2.425347442176934,8.548251398771205
2269.4538907781557,41.933935423323454,169.1649329993881,2.4687455923593697,10.333535540366585
2269.853970794159,34.744804684258426,170.00834313733705,2.474155627935775,9.033324930466376
2270.254050810162,35.66804084746577,174.0480763069459,2.49273658642869,8.96981066320285
2270.6541308261653,32.73501133096402,175.3052117929113,2.4391643864908237,10.97942472817055
2271.0542108421687,36.52117627262706,175.18564280449132,2.526325456360463,9.72166721949851
2271.4542908581716,42.35293113737528,173.31722560767366,2.422791451056139,10.0570044383861
2271.854370874175,40.43935497921972,170.85289898658237,2.455327887477417,10.414002951956329
2272.2544508901783,42.21595847211972,163.44047580821928,2.455363622867784,8.823024384553893
2272.654530906181,40.31653487652779,172.34694247871755,2.400266615670508,10.356573742648598
2273.054610922184,33.73924850703511,171.6592347399334,2.4333025682993212,8.968513091623029
2273.454690938188,36.7570036968531,172.07350760157368,2.4507894425402723,8.947639362735023
2273.854770954191,34.88586767608912,171.91802229385323,2.426634833866507,9.17904589315943
2274.2548509701937,43.25573940891088,168.52733026477722,2.5411467390908107,8.912299840322284
2274.6549309861975,33.07333398110272,173.29619331936502,2.409554273185325,10.080980666414249
2275.0550110022004,41.36260243996064,173.54287782066504,2.4898649762082803,9.650325765428633
2275.4550910182033,41.28722578327215,173.7278272866342,2.476534507983988,9.056877273943044
2275.855171034207,44.96176639385481,174.44804366090173,2.441309091605365,10.002758174081713
2276.25525105021,35.93269231880238,173.65132794662077,2.4068420228458516,9.256303251474687
2276.655331066213,40.34915939815607,171.17569918722245,2.4103063296250085,9.227285605141919
2277.055411082217,46.55519029023428,172.083230015241,2.419903360283146,9.541979289959615
2277.4554910982197,34.88700967537636,172.54765859741005,2.368777266104137,9.88708826207358
2277.8555711142226,31.14669122336054,172.6485935599275,2.399652523752499,9.841483341797337
2278.2556511302264,29.696371431622133,174.93436113725517,2.380075664802524,9.252288504868163
2278.6557311462293,39.99710368734627,174.10743383126288,2.4927926743692552,10.233856762997707
2279.055811162232,29.543784518142274,177.75103772946522,2.4632784859221095,9.391529674952766
2279.4558911782356,35.51752580929774,178.13324033208428,2.469560640296376,9.05873179050177
2279.855971194239,38.68675944585268,172.87555150059964,2.4612560136252197,8.421573569170345
2280.256051210242,37.60920263680581,163.1441185846536,2.443961875805625,10.395802235437612
2280.656131226245,38.5015639576935,175.8871381234179,2.4952901985378357,9.632437064156552
2281.0562112422485,37.62051925520668,171.503384544344,2.4120116754646883,9.804485367146368
2281.4562912582514,41.77869083111038,170.90985229355903,2.4402875494043794,10.485689149087959
2281.856371274255,32.78612330611286,171.97665323115285,2.4654810858508047,9.280377960989885
2282.256451290258,33.819864117655875,171.9153300781559,2.382327724066445,8.576036405289507
2282.656531306261,33.36995840517685,174.62174979537724,2.558616403850587,9.744629886230133
2283.0566113222644,39.714411697233594,169.25158903822836,2.435471630252474,9.948420683643967
2283.456691338268,39.928584887294434,170.5149448215394,2.439584129588407,9.505014838266757
2283.8567713542707,38.06553678221521,174.12617559895526,2.4837546277634255,10.9075232691429
2284.256851370274,40.92855509312752,174.88463548822847,2.4696520808786637,7.752835468858934
2284.6569313862774,31.416662883391464,174.99008873878395,2.4341507585546958,10.651045885190312
2285.0570114022803,42.73227078561797,171.47756550351048,2.437405997714278,10.401151617108166
2285.4570914182837,42.091179919615804,171.05837535728372,2.3716074765912505,10.146869645685106
2285.857171434287,38.87586866473841,172.29629672627104,2.4090868026217986,7.125952250087666
2286.25725145029,42.9960367413934,174.22137041834307,2.4516052796012584,10.835001056535232
2286.6573314662933,29.1781149267618,177.39414643065544,2.4482434460969658,8.99995529049134
2287.0574114822966,33.64288911233945,168.62058360264317,2.478904651529882,9.428157488926063
2287.4574914982995,32.735849986558314,173.24603667127863,2.4248076986663176,9.711041310731936
2287.857571514303,38.49967258648165,170.5248022424423,2.3737054334556045,10.186650054282483
2288.2576515303062,31.35019409882048,169.78448856586527,2.471034700818537,10.385453992165376
2288.657731546309,38.51805073234013,176.3910402684309,2.4857770866955775,10.601375616379567
2289.0578115623125,40.90784010411325,175.39371931786044,2.463830767762467,10.552973212992313
2289.457891578316,38.14444583536536,175.21420607838462,2.420922555829957,10.115814952649785
2289.8579715943188,36.4368913437218,176.45160582524562,2.4688097114524035,10.259389588093331
2290.258051610322,31.28896219500842,173.00811680254347,2.5637565071926427,9.067222181871774
2290.6581316263255,31.79193628243376,173.1841463044588,2.4307714544155425,9.35217275978969
2291.0582116423284,40.117017613470544,179.7883452719,2.373260626076985,10.682526726874805
2291.4582916583317,38.17545808343697,173.76582166541408,2.4018428849733042,10.649085706947519
2291.858371674335,34.841823264085036,176.27826144357132,2.449876984516194,10.571512382277863
2292.258451690338,33.26642259351464,174.51451751539793,2.3602288970809138,9.594089268295336
2292.6585317063414,26.77530983814983,169.9359998358532,2.430759788098192,10.747161243650886
2293.0586117223447,30.535934281599744,169.503105499993,2.4387592003829615,9.102911803625286
2293.4586917383476,42.406145949899454,173.22519801342486,2.484512150030611,10.906929943137332
2293.858771754351,29.580096923959815,177.37084030707413,2.475076100666358,9.849475021124286
2294.2588517703543,35.40161299828908,176.7591923510515,2.4568122071214793,11.418632326439214
2294.6589317863572,38.615569942406154,177.13147892519794,2.3352816502257103,8.86726137449481
2295.05901180236,29.50853047138628,172.43643950335542,2.458190420260925,11.508251974385962
2295.459091818364,35.209817815373036,179.00145060080914,2.4491278075057727,9.821465541762977
2295.859171834367,38.165721434516946,172.60719539706585,2.430703519639909,9.820156380907486
2296.2592518503698,34.40746944673044,175.6090931225421,2.3508148307144303,10.292708069978103
2296.6593318663736,45.77482766855202,175.1086984454462,2.388510232450875,9.59226549736793
2297.0594118823765,27.570893009778743,174.75738459012328,2.372465256097852,10.105151358455776
2297.4594918983794,38.42461097201978,178.59598174465654,2.3380943155141747,9.585993733592671
2297.859571914383,33.44322980772294,173.5440990054331,2.4181340445626316,9.628318297141014
2298.259651930386,37.16719126362626,171.99017708467895,2.385893277754412,10.591746383492431
2298.659731946389,35.790147999361636,175.47143423167907,2.5223734154459807,9.494047788987793
2299.059811962393,31.03803908753232,174.4790737103209,2.4101648650765073,9.613801355323647
2299.4598919783957,34.8327305327746,183.97923197553365,2.4682199432720675,9.143174233244462
2299.8599719943986,26.4315577109128,177.2841159675554,2.3532594575700054,9.851307045929609
2300.2600520104024,36.222910396608896,174.62650626948306,2.394372966950401,11.316771373236154
2300.6601320264053,34.94965031258141,173.06652641437924,2.419005130756386,9.603774735222462
2301.0602120424082,36.259093200766884,171.06296850648172,2.378355259768997,9.708240606911582
2301.4602920584116,37.88470276875546,173.25746194755735,2.3973451321788914,10.46170395756236
2301.860372074415,35.07082747199758,176.16461952214965,2.40506640822749,10.022941979894533
2302.260452090418,34.14116696407597,179.50227682357564,2.4039789562060987,12.11510888112607
2302.660532106421,29.97334046788399,178.79480219324006,2.4870903991278475,10.215562586918896
2303.0606121224246,30.597879464955763,176.61987397050393,2.4275646408406817,10.626752612327339
2303.4606921384275,38.14319469460576,175.2957080640176,2.431165500994263,11.126579228177933
2303.860772154431,39.09143732880952,176.83208061103718,2.433120317544718,11.124205982149983
2304.260852170434,32.34384005345955,174.91980874570874,2.4355877920078695,10.584146403841139
2304.660932186437,33.4308262784164,180.56859864951775,2.4073154333631908,10.281580094308179
2305.0610122024405,29.579239469876768,175.8559284032453,2.3973488023374165,12.042663689694416
2305.461092218444,37.839955007329785,176.16920405791535,2.4163986159475965,10.35658438512637
2305.8611722344467,35.76217533401562,170.90156651477326,2.455545023005979,10.095985170489685
2306.26125225045,40.81730872969454,176.0085377382127,2.4538688624051415,9.945595551970156
2306.6613322664534,29.49142892072587,178.64426525753265,2.39874944722046,9.09376244501668
2307.0614122824563,31.44532394378003,173.93960568733732,2.438624770206464,11.14542058567367
2307.4614922984597,33.83612636331918,174.78789504934446,2.3996728600936503,8.622588891187599
2307.861572314463,35.44964153294585,178.70218310381574,2.408355884047153,10.509373545604761
2308.261652330466,31.954707862986353,173.08439747361035,2.3876045367592513,10.36296404107839
2308.6617323464693,29.279584145979282,179.47610270479004,2.398823674155061,12.331717889421089
2309.0618123624727,36.251464517080436,175.55672417706202,2.4592862911653115,9.087310333083552
2309.4618923784756,35.56513827393204,175.97107051412434,2.4088731471777773,9.84462659650565
2309.861972394479,28.970620096719646,174.18812504581297,2.4101304220056137,10.469502235186653
2310.2620524104823,38.012965349854284,177.99818891836526,2.3463728416033005,10.43321831061378
2310.662132426485,37.22782531255115,183.25792703977305,2.391433841564316,10.164460625273197
2311.0622124424885,33.040412185863374,179.11708497370367,2.393692664059619,10.552152563102155
2311.462292458492,32.77817345940697,175.05764389359288,2.3697208036358237,9.622131312135968
2311.862372474495,34.63292969470435,180.11234344958095,2.403294066133516,10.92836635151491
2312.262452490498,28.927164406470162,176.53644721180873,2.3848006917017095,8.79824621283738
2312.6625325065015,32.451742842145926,180.81913116465614,2.404707981468253,10.647633261725383
2313.0626125225044,23.680085823813673,179.4543002857641,2.4059080651724645,10.20076940938576
2313.462692538508,35.753809172008076,170.1343632628474,2.362357204835359,11.506882832548166
2313.862772554511,25.960744465360207,175.03654271022359,2.3841783823412985,12.110890680348714
2314.262852570514,38.17949227193141,179.96214557962395,2.4027601428462266,10.454581003111432
2314.6629325865174,30.804793678125176,178.0346819415239,2.446575513361573,11.844775901324123
2315.0630126025208,31.23843336361077,175.1504200350198,2.409010317575041,10.492065995936635
2315.4630926185237,29.534359688931414,176.18002155993173,2.37180181126936,9.984813043841758
2315.863172634527,30.853701261254173,173.05250294176764,2.413776733182605,12.167183726457681
2316.2632526505304,37.640911634215264,177.6511735141064,2.4656554825679162,11.199819788349485
2316.6633326665333,21.976849802548493,183.45275578612382,2.433558433210074,10.799478453064255
2317.063412682536,36.99761344596837,179.99220158390509,2.4183275492609475,11.358389745146066
2317.46349269854,33.20388321037528,183.5096585454396,2.424986078524008,11.040730988098124
2317.863572714543,26.98611059796273,180.2932674043042,2.4530962896482276,10.778685630607232
2318.263652730546,27.47572664140139,180.70954178109318,2.43805853256665,9.78560643136818
2318.6637327465496,38.445699063194525,183.129518395032,2.4172388884996225,10.643008916320188
2319.0638127625525,27.921622481734232,179.19086699261845,2.436848857429505,11.3707174715689
2319.4638927785554,27.054143896508734,177.83293603129718,2.3503715064384916,10.786561570307176
2319.8639727945592,36.18107351387815,180.93585134722056,2.3330810114031473,11.619295586545963
2320.264052810562,32.950670295146466,182.04191850748796,2.3989893316093664,11.217005889725527
2320.664132826565,27.809774535428094,177.26042321498647,2.394986074252418,10.220210272880898
2321.064212842569,32.39336996068462,176.70933498175486,2.3700156035235183,9.880009719095233
2321.4642928585718,27.3896282618486,178.9132260050075,2.4243389750907585,10.822222882337808
2321.8643728745747,35.86206979521011,180.69756611085757,2.316322893632344,10.541191697290644
2322.2644528905785,35.67079007578127,180.66668378189698,2.3689788251252484,11.242230991244984
2322.6645329065814,33.52023037186617,175.16357798851365,2.370503484661399,10.411252756349088
2323.0646129225843,32.80612705719808,183.55545601338562,2.3239813422826363,10.506028552410902
2323.4646929385876,38.371890946426085,177.2258748240427,2.4487540806800774,11.853367844444218
2323.864772954591,31.29391830808724,178.21837282032598,2.334127939151452,11.142034168224848
2324.264852970594,26.536090476911273,176.67654886002862,2.364493263255725,10.473839867487554
2324.6649329865973,33.03027654404398,185.73105700006028,2.4238766609889817,11.062674634878185
2325.0650130026006,39.545743438540185,179.64236186035953,2.412929622360619,12.164219729957154
2325.4650930186035,27.112072542289123,176.9615973041048,2.342290894869876,11.30863945154704
2325.865173034607,29.695196137170996,181.3005926722918,2.41344726470762,11.560479869695927
2326.26525305061,32.777149940745645,181.11527043242958,2.3972686319384677,10.496830408221387
2326.665333066613,30.866447347280292,178.77465843307863,2.4785279779252725,11.932241986750261
2327.0654130826165,27.123936216299512,181.39693503001484,2.400893224274468,12.978066311628618
2327.46549309862,35.51204905962214,177.28352727835272,2.3786147398724644,10.502877916433572
2327.8655731146227,40.27663137875526,178.16569653111517,2.349532895758505,10.202993825511149
2328.265653130626,31.75322939242814,174.42358115631123,2.353551560291534,11.30138916047988
2328.6657331466295,27.32505011711129,176.19027062425093,2.3498186150314053,11.87379509004034
2329.0658131626324,24.718485987899847,184.07014529170846,2.437221181598073,11.112704260192357
2329.4658931786357,31.919622349487796,183.70545362422507,2.3826236455036596,10.355665030198606
2329.865973194639,35.27700408471276,179.8170607237619,2.404042126753825,11.123766107012072
2330.266053210642,32.73632835437597,183.8605174735303,2.441529315078441,11.701499622990148
2330.6661332266453,30.80059144533009,179.35349453620339,2.2861477944315065,10.909781729249993
2331.0662132426487,28.42805683349509,179.19553847597993,2.4311680428699107,11.733581547589166
2331.4662932586516,26.391813133636333,179.99561535570632,2.3817554874036166,12.191905399582755
2331.866373274655,34.07518518084395,179.592199712015,2.3964678543049085,11.46466934438235
2332.2664532906583,34.36736694806152,179.4165677632326,2.3454558923028066,11.262463472485564
2332.666533306661,24.505850661213117,182.86299806145632,2.3479129435659707,11.960622387851402
2333.0666133226646,37.02500420095819,180.4296749444055,2.39719745339807,10.62458079541149
2333.466693338668,32.93920115696532,181.88526147709388,2.4725530314650728,10.557996390791335
2333.866773354671,36.21895270787807,182.73211732357993,2.4168269603308574,11.120797760101503
2334.266853370674,25.230111213628575,181.17362658035316,2.4268404631385665,10.952831823684601
2334.6669333866776,25.113764243920826,177.82686644355172,2.368064427410333,10.715930015322495
2335.0670134026805,29.960013207385376,176.91964874037927,2.3512610580313424,12.835234931491852
2335.467093418684,32.546248996627504,180.72291924398715,2.3435615979815125,13.120699562395114
2335.867173434687,37.700167017666075,179.97186603242284,2.35478723970483,11.112374031178398
2336.26725345069,33.319043738780664,180.66740890254158,2.2917311110154697,11.480934461406692
2336.6673334666934,29.50439957454216,180.4576026223041,2.3443696846624666,11.269494388248173
2337.067413482697,26.350437003884668,187.00536257293348,2.3504762159437096,12.317965424833858
2337.4674934986997,35.3570981401667,177.26943625618864,2.3653997361774826,12.488667856142293
2337.867573514703,26.559849324220835,175.66859192427694,2.377207629057766,10.03451366694156
2338.2676535307064,36.91451388235304,181.52273707831765,2.3859590648642848,11.849294510321783
2338.6677335467093,29.245463447601107,179.79895715859158,2.3703872680001856,10.435177766790225
2339.067813562712,36.728086748299695,181.57828238880944,2.3472496629416524,12.899389280524181
2339.467893578716,33.06463433491171,182.2957995238476,2.291495998273633,11.857094377993736
2339.867973594719,29.784472508492296,184.0942125106526,2.3465408147821645,10.858328347935846
2340.268053610722,28.238809108666715,177.16362404525137,2.3301778096244994,11.336050458438935
2340.6681336267256,28.937098311477904,179.5875101633803,2.3872410453722868,11.31001285792737
2341.0682136427286,31.998727161172482,182.09870232606184,2.4044922793101007,11.973359560474561
2341.4682936587315,30.579212537678305,183.00032987001458,2.405185905215574,12.39886121735688
2341.8683736747353,27.880862910071393,186.60504336299178,2.3974433255572083,10.658814554921014
2342.268453690738,29.57950095075796,183.5578044008732,2.361346218160389,13.060420510819736
2342.668533706741,30.542649046131878,181.0735738247141,2.3453309377135647,12.885992725583213
2343.068613722745,21.70011538942525,179.03633210649795,2.3358468476288365,10.913192662734886
2343.468693738748,32.03483178338238,179.89844784351106,2.304952686645088,11.6836909186867
2343.8687737547507,26.270778906178617,179.8740406967362,2.4044483683565354,13.006081314512514
2344.2688537707545,25.564235796724297,183.04038087833476,2.357307250742987,12.63574131501354
2344.6689337867574,23.41648694294063,182.09116273117482,2.3139634507404456,11.391970899365512
2345.0690138027603,22.97899076637475,178.1857902420497,2.330278679388044,12.324782904992402
2345.4690938187637,24.721864857415923,180.45127777611998,2.3281805732020504,14.083002209834873
2345.869173834767,27.29706301148162,183.78088932729275,2.364101576420907,11.78129081929958
2346.26925385077,37.93607339256359,182.51203652985183,2.404600308549104,11.202950165379141
2346.6693338667733,28.009806329469967,183.1002230753743,2.347502925341052,11.858897197452135
2347.0694138827766,30.815011994307007,182.68151688926056,2.270841998292958,11.930082099207901
2347.4694938987795,31.697022146109802,185.83576020838296,2.3528968791869866,11.325076637738459
2347.869573914783,30.610841013159362,182.40513096270135,2.35373701585744,12.109858129796892
2348.2696539307863,29.768688867280996,180.8951749093012,2.350508570860702,10.764875656296944
2348.669733946789,25.289569001287262,179.61592106902123,2.3339274740550704,11.247794162447114
2349.0698139627925,35.86713462145833,182.5742767512434,2.367243960349139,12.398628093977544
2349.469893978796,37.285290519868965,175.89330466905014,2.3607124573334115,10.399932815494768
2349.869973994799,23.319347940893238,181.57902046997415,2.3565939583828124,12.538146942393258
2350.270054010802,25.947746485376868,181.5696877649968,2.3736131296512517,10.217797238483032
2350.6701340268055,28.91889706841358,178.71752039754125,2.3394344159510347,10.454078162233934
2351.0702140428084,26.17466439633597,179.85230823462624,2.336684508622993,11.45169629913988
2351.4702940588118,32.05175456211097,184.24125664707196,2.4108730297923864,12.092097752046147
2351.870374074815,27.110280024030548,182.83789638493712,2.377562437072959,12.934530802518987
2352.270454090818,38.67946937571671,182.5594557480489,2.3877861486886713,11.93211717292517
2352.6705341068214,34.77771560416777,183.11458487350845,2.4032725417362744,11.700460861075026
2353.0706141228247,30.86249338270091,182.62387887071998,2.374786147539517,12.373039214894161
2353.4706941388276,34.11721831110992,185.5429224228646,2.3904039228057865,11.224311256479659
2353.870774154831,34.43035096400212,182.7876568545125,2.2896145412322757,12.044204106072058
2354.2708541708344,27.748835374564734,178.8767302884026,2.3604744548335015,10.98474214985211
2354.6709341868373,26.738032494334185,186.64062796603295,2.3445194972985264,12.021984201777597
2355.0710142028406,30.314149983157144,183.53405403285493,2.4184555222185486,11.863640756728794
2355.471094218844,33.447198622307326,181.17782920115908,2.3879738930754097,11.335678849152902
2355.871174234847,30.556372261010313,179.56007877364857,2.3251701712168504,12.122694346995102
2356.2712542508502,23.692021437136496,183.7258470669066,2.364819649474983,12.129055437141513
2356.6713342668536,26.78898644899731,182.48546837891573,2.356135041412336,12.954117969651396
2357.0714142828565,29.70506978428821,186.75596019439016,2.3671209544116962,10.74077219380783
2357.47149429886,29.699375979355743,181.99787735769817,2.3077139148078936,11.975949000957947
2357.871574314863,37.89368438869853,180.81110293987913,2.3623881995910048,11.440072415731523
2358.271654330866,24.461441300064465,185.18581137321377,2.3383814287250813,12.75557113115104
2358.6717343468695,32.03002749831584,185.3011475675223,2.358325432705617,12.6743551699066
2359.071814362873,35.9668004623342,183.45104889477832,2.3175720161319235,12.48897825434273
2359.4718943788757,39.09922450264068,184.76164590583224,2.322664901035833,11.53104140319904
2359.871974394879,28.399313264762373,183.0177230071144,2.392541141837382,12.813902821720399
2360.2720544108824,31.986498093886816,183.73764533742911,2.3030456232107155,10.892824616024843
2360.6721344268853,32.304098864205535,186.10635536466106,2.3055174488290775,10.740068401400322
2361.0722144428883,30.81166127246445,184.79792290948282,2.342084512127394,11.118992314954303
2361.472294458892,29.639430135709393,182.85204278466156,2.312792326586374,12.124265906380714
2361.872374474895,31.784188695399212,186.69658948994729,2.3077870205270576,12.70251834825972
2362.272454490898,19.91717850791571,177.44385092669572,2.3469114773487205,9.792886298121102
2362.6725345069017,32.780715941054524,188.52633041164998,2.282026128778879,13.243216313774509
2363.0726145229046,30.563824047633386,179.17125826479125,2.3014306534973294,12.301205841364602
2363.4726945389075,29.176286511392128,181.90828345879223,2.423433404745871,10.953376451915155
2363.8727745549113,38.261107647017475,183.4134314081619,2.3591690844305155,12.299614305480413
2364.272854570914,27.381794535113517,183.18908306008194,2.3104481141427056,13.104123558310846
2364.672934586917,28.47749725465636,186.11072115332243,2.3565598864554818,12.720886578629639
2365.073014602921,38.06468374249809,180.9893597106346,2.3620452098353946,13.131806743259887
2365.473094618924,26.7792932203998,184.3249744559515,2.378649350740064,11.170749448144104
2365.8731746349267,27.9165436523862,182.26648133827135,2.3333073950972643,11.943724898286032
2366.2732546509305,29.53876772143325,184.48866578723766,2.376974489292644,11.546341457759327
2366.6733346669334,33.50007010349324,183.62753159666633,2.255897751067729,13.671309327877838
2367.0734146829363,30.979002928731152,184.06029700772527,2.2947044071077283,12.819869071095434
2367.4734946989397,24.988350028936576,182.49148771940378,2.3430328014491417,14.597103755732618
2367.873574714943,28.041633300142617,182.62932771836972,2.34918459594017,11.956509346967607
2368.273654730946,27.752743388415006,184.66070211574407,2.299049371969921,11.761942039523788
2368.6737347469493,29.885527752758183,186.3396878533913,2.345418974981309,12.238488024435325
2369.0738147629527,31.910434428239057,182.5224236120548,2.309610183646658,13.466486475486562
2369.4738947789556,31.892927522577374,181.88377012557766,2.3230071579008618,12.081939691884145
2369.873974794959,23.129498824575514,185.62675020398424,2.374598314987187,12.485403594230377
2370.2740548109623,34.50314755404684,184.0490942074478,2.3694868207432043,12.474207423787172
2370.674134826965,31.27189295062232,186.24369635873668,2.292768985697409,12.439436834715496
2371.0742148429686,35.81437569180779,181.93989759506178,2.2898835416525345,11.896888386096505
2371.474294858972,32.06806648318282,179.79257503008304,2.3152489924687605,12.31992513910438
2371.874374874975,34.711986174836106,182.94528555581297,2.3301485346158226,12.296609807471354
2372.274454890978,32.188692010014364,182.3983789484495,2.304425039103095,12.445557058069982
2372.6745349069815,35.72362520662988,184.15359507181532,2.371889405349174,13.217322085794443
2373.0746149229844,32.44433088129312,182.79459912235828,2.343682170699673,13.881893798791857
2373.474694938988,29.980667978847176,186.27524070622425,2.345552994617775,11.81190914137049
2373.874774954991,39.47946267367826,183.73814852550046,2.278171197447052,12.181510419005454
2374.274854970994,33.96366102972915,184.8703755677659,2.3750476902650566,11.845926900761802
2374.6749349869974,32.72067261005953,184.9237797453712,2.2150727736188744,12.666431429729188
2375.0750150030008,25.33905299100011,185.05242360325366,2.3607653668852646,12.096867040797948
2375.4750950190037,25.310008966759877,184.53989372070512,2.364299401373828,12.730163053709516
2375.875175035007,31.653462889369592,185.91173655810104,2.3091548315722887,13.431988614784006
2376.2752550510104,31.084439710882883,182.68095265410875,2.3768914024770353,10.539165704135334
2376.6753350670133,28.066010737414608,188.20332789583162,2.3229753773054416,12.96398134437116
2377.0754150830167,31.106969669698536,184.1479687595978,2.3275210074901445,12.213116534053704
2377.47549509902,36.9184759246545,181.49480467658296,2.338129528466571,12.96029503570693
2377.875575115023,33.36689858433553,185.27806199961873,2.45153619211783,11.885454974116255
2378.2756551310263,26.042965911938435,182.71396388916565,2.3773755550857394,13.570294820079791
2378.6757351470296,30.18306635083468,186.53912294370284,2.351168637729119,13.354548178464437
2379.0758151630325,27.431727534326935,190.4335067071837,2.2861365923736594,13.089225154391665
2379.475895179036,29.12367532029509,182.9766029706688,2.3279179415693205,13.27972580579423
2379.8759751950392,29.043283215213837,185.80733836512726,2.289175159459073,12.05923264588479
2380.276055211042,28.810823430247638,180.62085142185384,2.3541105330909997,12.17059574374872
2380.6761352270455,25.72491276812047,186.17741948868766,2.326370958911994,13.278791323635737
2381.076215243049,30.259272252781397,182.86124572970567,2.2752978014478398,12.07318849974464
2381.4762952590518,28.55228499065125,183.54614992448063,2.323050252155062,13.854391085741847
2381.876375275055,19.1021327762127,182.3875585510228,2.2853553850194697,12.44950315739643
2382.2764552910585,39.057414667851745,187.00352284782727,2.3249077658215134,13.120366172027806
2382.6765353070614,35.22659084602928,187.72360702564382,2.284023279008045,14.408706549226299
2383.0766153230643,29.39268119853795,185.29584150214373,2.3190133565895716,12.174766100558978
2383.476695339068,30.999917953915404,183.10817466390478,2.3474603535843537,12.805173559223268
2383.876775355071,26.265167381744202,189.27474225328578,2.31484741890095,13.603911538259759
2384.276855371074,37.762204223204364,183.45643250116936,2.3008621423394704,13.53196918753936
2384.6769353870777,38.59637991626211,179.95872979961803,2.3241571346510272,12.519058668729688
2385.0770154030806,31.662296512849863,186.54096502605788,2.343442045111609,12.37827152678257
2385.4770954190835,35.15832422386071,182.6640666450335,2.270796308997721,12.615473358932116
2385.8771754350873,31.794411935608295,187.9283646723987,2.3250390338876126,13.970575763332493
2386.2772554510902,25.775808897423584,184.5346659952255,2.366843820109451,12.59929347712047
2386.677335467093,29.50524519910768,187.0272887343862,2.3366181206199386,12.895340443517767
2387.077415483097,31.710460275626765,189.05207940440815,2.315511921132452,12.501669504905413
2387.4774954991,29.395148495134844,182.55633145330765,2.3383214304915656,13.417769339743215
2387.8775755151028,30.36969796028072,184.19361270115522,2.3303622285488315,12.987963287837129
2388.2776555311066,30.910064782494395,185.44908126375577,2.341937123215924,12.070989892175332
2388.6777355471095,30.98388070434557,189.51176683220052,2.2303667947572317,12.108852195354226
2389.0778155631124,31.548539573931066,184.0513871718347,2.2487170693358305,11.29518239166199
2389.4778955791157,27.12957498136614,184.24036567432626,2.350580014620922,12.23914583828398
2389.877975595119,28.536798484288425,186.95108249056926,2.2497074973604314,13.549476441447268
2390.278055611122,26.29977152458899,184.34159024132163,2.325512310737659,13.983425724207727
2390.6781356271254,35.3829934333233,186.1947323116139,2.294901168434918,13.482942092043288
2391.0782156431287,23.08314271683087,181.96315382594125,2.268668266011565,13.388259832280614
2391.4782956591316,36.15446716529257,191.40622591628468,2.32203480239686,12.853372415378274
2391.878375675135,37.12025419690381,182.5293552574689,2.315623426973925,13.584544545504102
2392.2784556911383,30.401260027509583,185.12229712467214,2.391529369382424,13.203635540449199
2392.6785357071412,21.232934181242086,185.87334981270644,2.2816570966675624,14.428152564420467
2393.0786157231446,30.236114263087984,190.76396891229706,2.3637881395952585,12.91579787546701
2393.478695739148,31.46086709128982,182.69765264673796,2.319815153018174,14.078901599697026
2393.878775755151,27.711830749112515,190.99636800311924,2.278812177849752,13.713707620873155
2394.278855771154,29.730342026721548,187.95721202131253,2.3367580464084496,13.612672374890732
2394.6789357871576,37.94935985916995,187.13399202060938,2.326953184916886,11.425006194948956
2395.0790158031605,34.52602206526733,183.6564743699198,2.3052931581034257,13.787412484012979
2395.479095819164,28.206161597483263,187.57253740944213,2.3140473503789396,12.951896052450659
2395.879175835167,25.552495692223367,184.3624140081891,2.279052496233632,12.708582813560092
2396.27925585117,30.673666476614944,189.36405020617096,2.269437268659074,11.887195073901546
2396.6793358671734,31.16712044519893,183.79582846642012,2.3323835549509724,13.078837173189275
2397.079415883177,34.0453239390591,185.9664934361766,2.2925857467823136,13.119909358800024
2397.4794958991797,29.95920714427216,184.8869324645632,2.2978778043001347,12.060407524114131
2397.879575915183,34.18678563945536,183.83185238400682,2.3118121365496664,11.933905634587688
2398.2796559311864,39.922082734971376,188.1793227470789,2.3107693062771775,13.511525751435201
2398.6797359471893,35.48451514336004,187.68985201539638,2.2425235679960167,13.829274301782961
2399.0798159631927,32.07156608826898,189.39873083360533,2.350685922498119,13.293796141822302
2399.479895979196,31.57309121973528,181.95133572483948,2.3036226984547117,14.071876690210845
2399.879975995199,30.92113680729824,189.08608610387878,2.290209219613826,13.09171963156981
2400.2800560112023,37.11289181315986,192.71373488390287,2.3150894957636576,13.12694469260871
2400.6801360272057,29.923935097891654,185.34528031805942,2.3068580196839905,12.446380779287352
2401.0802160432086,32.65730164900932,191.2363418699931,2.3276198901214933,11.941366460146218
2401.480296059212,32.72478487298666,185.8644710687742,2.3179981575153747,14.682825891731056
2401.8803760752153,30.556798770212087,183.11507015900284,2.3247344686238023,14.113650822731463
2402.280456091218,27.118374746103896,185.80554973198707,2.3496025685344,12.104096135134832
2402.6805361072215,33.944794759374346,189.21349291178657,2.330450374369036,13.352181482944593
2403.080616123225,32.45389836098481,184.52070950128834,2.2882289142195664,13.156995790347855
2403.480696139228,34.744250605327295,185.1382870765223,2.249275681181047,13.02727081126926
2403.880776155231,30.65461823038998,188.14578036862667,2.3604474061530945,12.92866148353821
2404.2808561712345,37.71839089737185,186.69219493711626,2.283770715570866,13.570281026284043
2404.6809361872374,29.37445160297867,188.16852942602938,2.2738999191480214,13.929175004546728
2405.0810162032403,39.7765029259847,187.32378758912483,2.222900114895352,13.605895277107845
2405.481096219244,25.98494410004843,187.95033277416974,2.305453493724745,13.196894236173312
2405.881176235247,34.762071279723955,185.69238604931232,2.2974158287937185,13.176832945955104
2406.28125625125,34.9725664061073,187.37414946484932,2.2304019787570635,14.061349900826551
2406.6813362672538,29.936819065163526,184.49788600784305,2.30868416914024,13.691917223764928
2407.0814162832567,34.86517698415278,190.0587120680788,2.2701725847763665,13.388554322086648
2407.4814962992596,38.33457926521447,185.27306355007582,2.3972603421693583,13.31090179871185
2407.8815763152634,24.398481257140563,189.70180399706643,2.26642120381064,13.625037890813358
2408.2816563312663,35.326335759473956,186.31641518488144,2.271336260382057,12.983319694361885
2408.681736347269,23.39222025580018,187.42598956583169,2.2533017226477883,14.024385331558857
2409.081816363273,29.55293762382269,185.70395202723608,2.338957049389908,12.515601485930713
2409.481896379276,39.98290108648559,184.42155787955286,2.2724806158890276,13.05623556533788
2409.881976395279,31.190090959907586,182.61964000460983,2.257945186029212,13.88337642230163
2410.2820564112826,28.87302656400085,184.36303633418223,2.3147705056822265,12.497254358188197
2410.6821364272855,32.828465873861006,186.2111913754021,2.230829192765156,12.154201083008434
2411.0822164432884,41.94385472356355,187.5700890359797,2.310599191912753,13.47209556636157
2411.482296459292,26.39785434360824,189.58557753932018,2.356402676783668,12.073470567396633
2411.882376475295,29.57203818981395,185.96428414672056,2.3073633808532352,12.400576024213127
2412.282456491298,39.820038771996494,184.89263458680657,2.309767844158139,14.053854005953546
2412.6825365073014,41.31449446641763,183.50941818526601,2.3186076318807096,13.293688371686773
2413.0826165233048,33.52367124386692,188.3348425918555,2.3517473269545763,14.494821982935413
2413.4826965393077,29.035233515736017,190.61095777086774,2.331309020892313,12.511474730542561
2413.882776555311,42.42920278883109,190.3368944232305,2.3000547853183053,13.409035981700995
2414.2828565713144,40.47831820478223,188.9638070286885,2.318178866808105,13.812715034649083
2414.6829365873173,36.87139096959746,188.80304879161577,2.24614151170297,12.565462769098751
2415.0830166033206,30.961381646912834,191.46827402607653,2.3121868370347487,14.336089317554418
2415.483096619324,34.07059446021344,188.07175085214197,2.2404695291424406,13.928005697374966
2415.883176635327,33.68132414519026,188.8740123612359,2.2655680388849095,12.240793391124988
2416.2832566513302,35.702553301336984,186.47367764936854,2.156504112470566,13.506767722607398
2416.6833366673336,40.23986751410861,183.88728598153332,2.29542194904961,13.854442233978691
2417.0834166833365,38.01057276226413,185.59933704767718,2.2531685479248957,13.082324734787395
2417.48349669934,30.240771370280175,187.30243419430184,2.322928408307059,12.379148878134707
2417.883576715343,40.11395988487215,187.49347513307134,2.293649984224113,13.794456020489946
2418.283656731346,35.91852745394871,192.17321348975486,2.3225663075927607,15.349308950282484
2418.6837367473495,37.472612360194105,187.57648598430507,2.233819317055147,13.27933028397629
2419.083816763353,40.64918743651863,190.33600277445404,2.31825984552345,14.852890811197009
2419.4838967793557,30.395701424607545,186.31660887244837,2.3605204042857,13.004224398858833
2419.883976795359,34.7580411873541,186.64032661564573,2.306414753379347,13.787026799330135
2420.2840568113625,32.83516808300621,184.11201796322453,2.3070251801114527,14.240320353868434
2420.6841368273654,28.749512125323957,185.59354395590702,2.281758455822264,13.624860594975463
2421.0842168433687,36.46807306782874,188.78145043910473,2.253551660274031,13.401869326033507
2421.484296859372,45.18806152173265,187.49733626240567,2.3045505059650178,14.229403256579978
2421.884376875375,27.8424443526991,189.85002692952074,2.21342443413016,15.170085761339024
2422.2844568913783,35.134869784083854,187.9598653782938,2.256523028062669,13.905788632122743
2422.6845369073817,37.887716768191844,186.63945170911177,2.2019569895943834,13.26084532665342
2423.0846169233846,35.87972555094217,192.90498897755796,2.244219584425998,13.530243508343212
2423.484696939388,34.99708217721481,187.31295377345492,2.29761477331078,15.70613902649013
2423.8847769553913,30.3152235076874,190.46848594422974,2.2917163901654143,13.806603587273674
2424.284856971394,36.50604243834476,186.57103612840316,2.2731054468601597,13.231428706947927
2424.6849369873976,32.61095698924964,189.3609381227489,2.2774537442354448,12.799163850695233
2425.085017003401,26.941753423462586,189.91966336324973,2.194772489772195,12.262732532326867
2425.485097019404,40.54354537158699,188.13334330344702,2.2548745209207848,14.022532715410263
2425.885177035407,39.66276389496086,181.73819946363724,2.24209345624557,14.263567403721227
2426.2852570514106,36.10021550384835,187.68213541097512,2.242556214999637,13.430661962576448
2426.6853370674135,36.87452715488243,190.724555827306,2.2924734066591945,13.744184212831927
2427.0854170834164,40.32046204838037,188.97881306787073,2.23364220726924,12.827909323933255
2427.48549709942,36.98581397013205,188.78621714898333,2.2434480880066183,13.878716070627403
2427.885577115423,39.770093612947335,183.37729017191018,2.1837259598039793,14.165640585924747
2428.285657131426,35.02996429716282,185.8929108205499,2.2550177990110973,13.360360329874126
2428.68573714743,41.5339983632485,188.73336188652928,2.2228438129150896,15.148877637089464
2429.0858171634327,37.6356761633688,188.7416485116364,2.2691006155987754,13.134830501871807
2429.4858971794356,37.19550936319624,190.76288286143875,2.227463958261233,14.039273172846809
2429.8859771954394,31.40612297278949,187.3743775780997,2.2692663527026964,14.499098216866344
2430.2860572114423,37.701552819959446,188.76123608612153,2.2588742192844804,13.76654157827535
2430.686137227445,33.29356706591707,187.79754561373477,2.3311209145622573,13.685496607222719
2431.086217243449,34.1362073380016,185.29898993269632,2.283706166883002,12.701066133521259
2431.486297259452,33.49608032649217,182.13640772860163,2.1898107498852504,14.937889310661838
2431.886377275455,32.56117970287242,188.8627519803623,2.212380144241334,13.723934642811914
2432.2864572914586,45.39403253129884,188.22923977224005,2.2647640706695586,14.297550625303026
2432.6865373074615,42.28942045231596,186.25788035296017,2.224942506752795,14.413619709425626
2433.0866173234645,44.714940188123016,183.76413363031324,2.1429829869149764,13.38056547341888
2433.486697339468,32.211583655621304,189.39496538016454,2.315281504149559,13.732918207267911
2433.886777355471,37.458158751356926,187.1641686452995,2.2896911707542635,14.966239632513913
2434.286857371474,32.06937861221219,189.2293096946207,2.2813044774792526,13.012584079992948
2434.6869373874774,34.53117918430703,192.5052000032711,2.2357563101271247,15.616340894522413
2435.087017403481,33.71228342900356,182.49925890718038,2.276740772098202,13.325748152228845
2435.4870974194837,42.41424201374396,186.11139307293007,2.2310444004623426,12.985648046729459
2435.887177435487,35.94238271832404,187.3443165200587,2.266998863426279,14.042700508420374
2436.2872574514904,41.8724938829234,191.51198283748823,2.221567649130425,15.711098793901996
2436.6873374674933,40.087413751321336,183.79087301341127,2.3186295746346395,12.423189897867458
2437.0874174834967,46.95771622189261,192.72829751805835,2.1947562835374876,13.846668071549551
2437.4874974995,31.8978915609498,188.23485025813545,2.3064454735423943,14.347986159094832
2437.887577515503,42.925383711641715,187.66157548520184,2.2582997846450037,14.001363072994748
2438.2876575315063,42.54727042705265,187.41259538099115,2.2367541662977417,14.287424828075443
2438.6877375475096,34.14132051090099,186.8230558037187,2.262603323910016,13.414880800494798
2439.0878175635125,42.136969677334775,190.53977475675626,2.284848157517887,13.516924915244456
2439.487897579516,39.526887024776556,185.25375126294523,2.3097758090543077,13.885334715082786
2439.8879775955193,37.34654216447929,188.79395964506548,2.267224037939454,13.107508081960372
2440.288057611522,35.035113291704214,186.97514176302738,2.218663529002819,13.982990392965023
2440.6881376275255,35.529092281769636,186.03523467839636,2.2561103136297405,13.71503944720942
2441.088217643529,46.6797189360851,194.4102791920553,2.326151258168144,13.657270872202156
2441.488297659532,38.55840671202137,188.9975415706163,2.3069817587867134,14.29695862281216
2441.888377675535,41.75966353968458,189.4874525531591,2.2890209706781515,12.591247469009446
2442.2884576915385,35.543276110402005,190.80290502921898,2.2840944009429376,13.871699614450094
2442.6885377075414,35.66345274968023,184.40906298215893,2.279842107615628,15.916026370435194
2443.0886177235448,43.18705424670322,192.34694272385357,2.2978121793591564,13.20040226143869
2443.488697739548,33.537318995781945,181.69739540612684,2.232795417532002,15.104812016705585
2443.888777755551,37.351534735169885,186.05124798456458,2.1964564131623776,14.12723304654755
2444.2888577715544,39.22552131965602,186.828760702468,2.2530199893563956,13.60821331923348
2444.6889377875577,39.612178622235305,189.43362435675232,2.2171572889360043,13.041112506523334
2445.0890178035606,38.52784504833246,188.5288878186665,2.2072611376594664,14.216392490660976
2445.489097819564,40.905279479342695,187.56763162977032,2.2202529555012323,15.274360469161325
2445.8891778355674,42.17145649282112,187.9570515387301,2.3480795042894695,13.807244481658843
2446.2892578515703,42.41686646497911,185.5441638244404,2.2537155022930215,14.060789584126834
2446.6893378675736,35.613632308039115,184.24811691995535,2.2623511237049714,14.94077540865024
2447.089417883577,38.49900559953937,189.8092535029263,2.1985853178046235,14.412070010451925
2447.48949789958,44.49370181532392,189.7288162676012,2.173335460890938,12.888422012706092
2447.8895779155832,43.372508157796695,191.95716344405804,2.2139299548040094,14.232196244578885
2448.2896579315866,34.381994035575005,186.02206124946133,2.303827100150972,15.36969277832408
2448.6897379475895,41.35910599851264,189.7301184549377,2.2592782493215315,14.137144787317895
2449.0898179635924,32.12028080023406,187.289589987458,2.2694597287830796,11.980273554855179
2449.489897979596,40.30115637119254,190.9756205834065,2.2746680044349317,14.49077889546761
2449.889977995599,47.78495807546919,190.5547163006336,2.2210815714896195,14.028157962823483
2450.290058011602,36.48302937717484,188.52800901779526,2.2998651027014754,12.730338170912267
2450.690138027606,37.018254002402685,187.15113620918729,2.218645859648736,12.85691215987018
2451.0902180436087,43.49284565347948,190.40206804907922,2.2998198966397645,14.987003585755241
2451.4902980596116,34.34693391446603,189.6165748354843,2.2608758842999626,13.627625190406675
2451.8903780756154,38.06876510604417,186.2875883747036,2.1712359475553344,13.494122041927676
2452.2904580916183,43.06742552150881,184.6783684835262,2.2124920925634615,14.198170268734879
2452.6905381076213,38.22662251080528,187.2755086467172,2.1706304143874235,13.717854868700272
2453.090618123625,39.90221875368118,191.78415112326562,2.288175492796862,14.319766466076533
2453.490698139628,43.90540089747789,190.86041013708646,2.2402718132737114,14.084035951262724
2453.890778155631,42.69762697531095,185.2117492061539,2.1517453286909403,13.292674004119915
2454.2908581716347,42.161724717466214,185.0713499834305,2.2555274740222324,13.850144773247004
2454.6909381876376,39.82119308383134,191.17542881328106,2.2186303797172746,14.619712231784819
2455.0910182036405,42.741378975893255,185.1474051386435,2.180384849173599,14.305424556660029
2455.491098219644,40.84987601783405,189.25730899137673,2.3064766344209215,14.212690643855934
2455.891178235647,43.2599199715719,186.44126852288895,2.2432711402551706,15.834480452189052
2456.29125825165,39.525077452464586,192.02123487788492,2.226864943980975,14.875705401941977
2456.6913382676535,40.866853557653364,186.04953673187018,2.2222484957748905,14.979104577655484
2457.091418283657,37.7218367186451,190.83077890975838,2.177318390347385,14.170626854498288
2457.4914982996597,41.6263890608021,188.43109830115102,2.1852924930624997,14.485741547845414
2457.891578315663,38.607379480011474,188.5958156486227,2.2884968008744253,13.970942987921195
2458.2916583316664,37.48037102934734,183.03573421224917,2.217771298285833,14.944034114467998
2458.6917383476693,43.05658441532818,182.45019978325098,2.2372366105340356,14.239819409318143
2459.0918183636727,42.95848965301897,187.40184620899373,2.1542087813407207,14.512160239974293
2459.491898379676,45.324822576836766,188.5661045512905,2.1828872279677447,14.468839438242325
2459.891978395679,40.55482743466783,185.13122364533106,2.2596331329638786,14.33188286444029
2460.2920584116823,43.99774678813086,185.2176640506173,2.249979641735421,16.70300638372648
2460.6921384276857,44.65513360974271,189.3380591072966,2.3046375374628028,13.825173625997117
2461.0922184436886,44.317647320809286,189.3362943393882,2.2878529626055255,13.823886469704513
2461.492298459692,39.322745589786884,187.57938680039692,2.2245392745274675,14.925693235391497
2461.8923784756953,43.309820554784885,189.86862583529236,2.2523196869729056,13.900214251620048
2462.292458491698,44.25613079515954,184.97679870427248,2.220372067101605,14.149131414253132
2462.6925385077016,42.91568174854536,187.01645095704643,2.314864090071474,13.519008203431488
2463.092618523705,34.62864940320391,192.01976703223272,2.2782686123441596,14.787237145702544
2463.492698539708,43.70430317212539,188.06446414153714,2.2387325925675974,14.8032238021936
2463.892778555711,52.000444552017896,188.20282700427086,2.239598984595846,14.153464878666874
2464.2928585717145,41.79832870807985,193.64510025954834,2.289016051370192,14.983245692306584
2464.6929385877174,40.41453103963799,184.3748677082609,2.2540448454240902,12.930639411846032
2465.093018603721,44.90877416290688,189.85708969709754,2.292847391426023,13.857377020933303
2465.493098619724,44.75361868676736,192.01857154711334,2.1423977429976806,14.292569922229623
2465.893178635727,48.3639564350632,187.03885459028217,2.248235032465076,13.496393984343865
2466.2932586517304,38.650635662789234,189.99227150898545,2.2088116045723023,13.040889416218455
2466.6933386677338,46.69690296823409,185.3801425972806,2.299328073555447,14.199156064166901
2467.0934186837367,46.22252360398281,186.11015890194864,2.2905737166979145,15.006274993917948
2467.49349869974,43.38188090996616,188.78100632480854,2.2296768795303588,15.4823047959131
2467.8935787157434,45.39502489119597,189.8064092979178,2.289435229591354,14.024319977677347
2468.2936587317463,48.24808953320273,190.6035382588061,2.298981982342316,15.054228171445455
2468.6937387477496,47.709679099424704,191.716274937754,2.2302819498627606,14.982367337354919
2469.093818763753,39.73867084561627,187.6143957965654,2.325832188167593,15.453471413284175
2469.493898779756,47.68188245176728,190.7576526355323,2.22535122078554,14.203856150901442
2469.8939787957593,44.23316654308029,186.9082746300881,2.2176749363279793,13.050605588054468
2470.2940588117626,44.87425681004965,190.00948105181376,2.2605424656443818,14.550924556144901
2470.6941388277655,44.96655457907267,188.26299345338174,2.211408603402579,13.689083625893787
2471.0942188437684,44.16396614257257,188.84828767508816,2.228627379485886,13.926630103946719
2471.4942988597722,49.6231033951898,188.78248691693446,2.2812456089450883,14.269747250284212
2471.894378875775,44.61289924070863,183.70138202307618,2.2252923197821204,14.244841610455659
2472.294458891778,40.56124513971841,184.89207032482662,2.1563790803181493,14.634465028746245
2472.694538907782,43.55712823519769,187.94776222435635,2.238529688973805,15.088949291889627
2473.0946189237848,45.93800249514949,183.46204792886675,2.195643189238584,14.237415093765145
2473.4946989397877,50.23221522473015,189.74691386353217,2.257764697584307,14.853313559824862
2473.8947789557915,47.82002230306802,189.83622009948948,2.2506612611948573,14.553733003703856
2474.2948589717944,42.09794346292271,188.4635043733236,2.2813304125552043,15.295372975434647
2474.6949389877973,55.53343731852627,184.83079462634996,2.258437323938019,14.401173837388995
2475.095019003801,46.74452254680434,191.0718326650996,2.265408346148556,14.493948408719948
2475.495099019804,50.87987699866143,192.70217170446674,2.194698159311458,14.262584368618525
2475.895179035807,45.264496661944264,187.9643012257554,2.2532858588802953,14.437293394566213
2476.2952590518107,48.09797784123867,188.8602160593092,2.2995297367474308,13.945261720569517
2476.6953390678136,49.4157459716515,188.07529725180098,2.192911894137667,13.870906863738831
2477.0954190838165,51.02412502286055,188.88375127821743,2.2921145490187143,15.202501918613875
2477.49549909982,50.47443525454287,187.24561394020535,2.1978190644924878,13.72020560566919
2477.8955791158232,49.82750602697785,187.44458774138513,2.1853831954153398,14.336322222287587
2478.295659131826,45.17226573134088,189.7815849848325,2.2309799686691005,15.408713040932682
2478.6957391478295,44.23966025058693,193.36744931666053,2.2474392042866715,14.319072646001478
2479.095819163833,47.95124184975589,183.9891141945104,2.2549445626377187,15.268992443573936
2479.4958991798358,50.44762560834627,187.21547003505947,2.1796767665509176,14.137902607648597
2479.895979195839,45.918664637447826,184.50936475434824,2.2352025109690996,13.774519684325663
2480.2960592118425,51.16480052448469,191.42589885205143,2.1900733082324177,13.344273528956657
2480.6961392278454,52.80927445049845,185.9616184004846,2.1576141274925065,15.674969346924332
2481.0962192438487,43.428346669319495,183.80789430280802,2.1796980366966188,13.71992123698378
2481.496299259852,43.840896959849026,188.99610316067546,2.1864888935028937,15.23176773446881
2481.896379275855,46.72215400139859,191.74595940911686,2.2370670829138453,13.838633287577249
2482.2964592918584,48.60930288252958,189.0285290065697,2.2619711432046046,15.697042633983827
2482.6965393078617,45.37590411444928,187.8656886694131,2.156634605773755,16.41307839146946
2483.0966193238646,52.97842330599502,188.36051302839488,2.2293225446033054,13.302916975382244
2483.496699339868,49.361439391218035,190.85853640618973,2.1678583635173823,13.788796764200507
2483.8967793558713,47.91863689677416,185.11951806454644,2.239772857529922,15.279540345961198
2484.2968593718742,42.11300323961462,187.00878761510774,2.1893843313123194,15.07587417010051
2484.6969393878776,42.68928503997375,186.13987696971589,2.1719254726238097,15.29135430304178
2485.097019403881,49.17260508159983,184.3349440551261,2.245651260400415,14.215161356449027
2485.497099419884,39.61431661790681,186.41648236278738,2.1898747918934296,16.268514071358226
2485.897179435887,52.29148953171094,189.98934483590864,2.200401126491348,14.777219208539945
2486.2972594518906,47.70467347434214,188.61897764137726,2.123929083806559,13.713474392035536
2486.6973394678935,61.40611633479739,188.79548748022685,2.250280641070952,14.488762376402606
2487.097419483897,57.7619701654551,187.53294820119217,2.2449458455135733,13.732636266054445
2487.4974994999,47.90117314897051,188.45692575307143,2.212019717437249,15.972423339363731
2487.897579515903,48.29838768795799,185.12880694832737,2.1503910481491615,14.175557553993125
2488.2976595319064,52.80292848648902,186.33798418487052,2.259562920397206,15.10193348545809
2488.69773954791,55.7302585123399,187.57305538104794,2.184232472770649,14.335504116447995
2489.0978195639127,42.46251484283074,187.7679303262329,2.192444714853951,14.223800500502314
2489.497899579916,41.96628801515603,187.85551641832848,2.302757451580625,13.19194648017781
2489.8979795959194,46.72090370728934,186.68992510181135,2.1818280620222095,15.202700725541153
2490.2980596119223,51.63733900739714,186.07273196803416,2.2393607448856603,15.767488984437412
2490.6981396279257,51.39131991603658,194.8910566971089,2.231855861758145,13.999324557989938
2491.098219643929,53.7804378277441,189.2437457636514,2.2246798842959343,13.499841653856848
2491.498299659932,44.8001763616022,187.989606656862,2.2200548461367666,15.382575765448502
2491.8983796759353,40.4320919414408,186.35348862371356,2.223533199433157,13.42679948074742
2492.2984596919387,53.22650997993785,185.7880464455544,2.2190591199013956,15.723260161820019
2492.6985397079416,46.5795372342443,186.56848764065563,2.205809610108972,14.027930573004785
2493.0986197239445,41.916321751359334,187.60676904340207,2.268043528610436,13.872596921857468
2493.4986997399483,50.66855926315388,182.15262831225994,2.1547926534822817,14.957757065516436
2493.898779755951,53.359116721064225,182.9090760836848,2.2478652875106664,13.932203262286386
2494.298859771954,49.796372176667504,185.21898989648338,2.239609559978979,14.200724917719944
2494.698939787958,48.55146937386167,187.3075033918554,2.2343617568825422,15.05326993385072
2495.099019803961,49.84375010710002,186.16974423691744,2.2508159145129123,12.83043661730672
2495.4990998199637,49.097276432820486,190.44131609025882,2.202144730410885,16.09127545948268
2495.8991798359675,45.2858982358881,183.01792083664571,2.130802737488271,14.815837202934517
2496.2992598519704,47.91791235510125,184.82326301381977,2.2023840159596495,13.750108762071967
2496.6993398679733,52.96037066331891,190.47938427628935,2.165343005031722,13.974213174839278
2497.099419883977,52.26064721127215,186.98429607355916,2.1754324883195597,15.584825876963786
2497.49949989998,51.74491871489554,188.845761910857,2.154727186346239,15.275821815025807
2497.899579915983,47.19089487106354,191.73874561183834,2.1850483311683297,15.907846056784999
2498.2996599319868,50.54434673799075,184.85290537250836,2.1799963675792378,14.255640673478043
2498.6997399479897,42.66102948686515,186.3157343581811,2.108478751597601,15.04248677491782
2499.0998199639926,52.18218472881252,185.85937261759392,2.2313116923159764,15.149830111289507
2499.499899979996,57.282753835245025,181.63019316994274,2.2918380048516345,15.368117162939535
2499.8999799959993,45.76989435127641,185.7167358911128,2.22699797851024,15.717026730130296
2500.300060012002,49.42186542013186,188.67125226262073,2.1943559402881654,14.244660646831534
2500.7001400280055,53.18120823362126,187.79575648491104,2.200008500002378,14.73037675274218
2501.100220044009,56.975406845375055,187.96749360287205,2.1850854298426228,14.336805605238869
2501.500300060012,50.27044162613905,185.45633376193214,2.205254090050986,14.786019561208956
2501.900380076015,49.39368956324688,184.73000141707854,2.19990072040408,15.390010151446122
2502.3004600920185,44.38639451466643,189.51834001618548,2.167468781689925,13.511161583613651
2502.7005401080214,52.77527962965948,185.07668261404956,2.2681569883938466,15.724984474097413
2503.1006201240248,60.62931353349967,187.0297738149837,2.141087078444391,13.929209915206952
2503.500700140028,53.66996612133119,186.67731753471367,2.2290393676521725,14.597698901169707
2503.900780156031,52.570978304334155,189.89750465006728,2.1959921237985274,15.841759370415408
2504.3008601720344,54.04802286515605,188.64579372782907,2.275808291268749,15.11199539467627
2504.7009401880377,52.814960866509175,182.95298674246337,2.213145661104275,15.124164470348752
2505.1010202040407,49.70694091787505,183.1959408643801,2.184851984686245,13.910963653963247
2505.501100220044,56.3518202632868,187.5856091328251,2.189078119716478,14.023090792569842
2505.9011802360474,54.06147995986029,185.95082188912892,2.2003219512184073,15.614230767859427
2506.3012602520503,53.32864961879348,184.94688887764275,2.1527544075797764,14.392747967538671
2506.7013402680536,49.45652312555952,188.59686158591603,2.167532684322311,14.470941488778479
2507.101420284057,58.67183586870637,186.49923537842105,2.1265522163515826,15.640811187971472
2507.50150030006,56.21645671356832,186.13434724895544,2.1607744906531305,14.032469553028658
2507.9015803160632,51.44582706090674,187.92521435779523,2.2011945008240357,15.090509686730433
2508.3016603320666,57.76469599164294,185.01013166472305,2.2091910038155773,14.912139607909936
2508.7017403480695,51.86701927949681,189.84128574226605,2.1177576614566247,14.878328294996793
2509.101820364073,50.82921300956505,183.92177638763337,2.191190317473617,14.468362447897727
2509.501900380076,51.01835554728134,187.5059486315981,2.218964210686964,14.42183182192916
2509.901980396079,47.07284993377085,189.4197622495459,2.189661444482922,14.025600572882363
2510.3020604120825,56.14326328810863,182.36331960018666,2.170577600233588,15.276970771962315
2510.702140428086,47.03249576463482,184.91942285567083,2.179195010162189,14.358837142937425
2511.1022204440887,49.54329175537526,188.6043063710157,2.173804329479191,15.67084082347841
2511.502300460092,46.254715536965385,188.61275129524367,2.1697201485971105,14.71866059674369
2511.9023804760955,54.312796384702054,185.26157822966974,2.201897920569793,14.053974602878245
2512.3024604920984,54.15580638634981,183.82414239472027,2.287009220321986,14.712885102015854
2512.7025405081017,53.55032033440179,188.0209885044355,2.1647115109736736,14.576822498803006
2513.102620524105,50.78681365540364,188.56017677599434,2.1814927252883636,15.715133863211788
2513.502700540108,50.36820935356072,182.65962730216935,2.191910544187388,14.614964671910464
2513.9027805561113,57.014642840040416,182.531310121593,2.166245425485406,14.691481010168765
2514.3028605721147,53.05497216195003,186.07387177176938,2.23743128772701,16.043941962389347
2514.7029405881176,56.62262556133926,187.0535950629413,2.098429806700468,15.323544517939839
2515.1030206041205,51.91620419975291,184.70181210804077,2.171787335867952,16.249292305255814
2515.5031006201243,56.28144926628913,187.11683898335014,2.2255278498654603,15.9285310854452
2515.903180636127,60.87030087669599,183.61221114236326,2.1807982441533973,14.213703348593627
2516.30326065213,58.10183184201684,180.06959584677634,2.1594962942175,15.717503176678703
2516.703340668134,54.20748116106462,184.26518365463318,2.209729080489521,16.147864927058524
2517.103420684137,56.985886389186845,185.45145284770757,2.2281226207698306,16.15592331558862
2517.5035007001397,55.09436856391998,184.57203873344946,2.2000655151416675,15.722170818883017
2517.9035807161436,56.18847183588505,182.3332269843523,2.1593636154844473,15.707704346216207
2518.3036607321465,54.954410204977606,180.65853992728387,2.2094340233713217,14.693519719750475
2518.7037407481494,55.69939678880548,183.88019864921696,2.174878509118532,14.267676168052398
2519.103820764153,57.30497250696088,187.3771498104768,2.220543678329081,14.657711928143463
2519.503900780156,52.583002463773795,188.24092548942045,2.249843413366434,13.609529187326833
2519.903980796159,52.59273520865195,188.03696901121194,2.0860679772459525,16.017441894243262
2520.304060812163,51.20186704522146,182.99499788741312,2.194512872064495,14.718387166909826
2520.7041408281657,50.45471147866496,182.11742497092175,2.120421079055083,15.979872640368335
2521.1042208441686,52.08639405935599,186.21002962016772,2.2873033826388354,13.963365539319883
2521.504300860172,57.69307248613801,186.52277903200655,2.170689401417882,15.816392894507421
2521.9043808761753,53.58373713096479,185.90187292529598,2.219052998385233,14.556086791862846
2522.304460892178,59.30897529192288,179.83254499823371,2.187570224208163,13.926164748161444
2522.7045409081816,57.492966585410926,182.66658073050533,2.1566454907108983,16.256994260395857
2523.104620924185,49.579651211244716,184.72549434017662,2.1516738743907875,15.84275927735697
2523.504700940188,60.17308760213493,185.98352141870902,2.251771434045064,15.127924572651906
2523.904780956191,60.89585618061131,186.6493398285448,2.2263712103824695,14.98719220282379
2524.3048609721945,53.776644772390384,185.05713697373852,2.2656676238339486,15.313171723913667
2524.7049409881974,59.532251465707425,185.4887310707082,2.1899341191077264,15.118758933746733
2525.105021004201,54.5248365249297,184.8390406129897,2.1990256503945504,14.3306982116693
2525.505101020204,58.44080792989921,186.30586822962502,2.1766152387159523,14.636310596584352
2525.905181036207,53.09138092194098,185.33876455374522,2.175614806434399,16.535930642179665
2526.3052610522104,51.076146456390084,184.68556340150496,2.145218969353107,17.106456254582213
2526.705341068214,56.816449226959975,183.8147546686229,2.190052366707487,16.220210661599832
2527.1054210842167,57.951894334347756,184.6532016279383,2.1549207694589723,15.35397051284064
2527.50550110022,56.95512830806959,185.62558729194714,2.203966827522713,14.70247813770512
2527.9055811162234,53.90870505654073,185.04677287591252,2.192891881398843,14.335385145412914
2528.3056611322263,57.144152907316595,185.29396618808184,2.1974009224275814,14.389334916150437
2528.7057411482297,59.91979010870068,187.66236111608865,2.2527021737538737,14.533744182747993
2529.105821164233,58.76183941412849,184.93196357598978,2.1839927625052096,16.69845748336374
2529.505901180236,59.77015300552329,182.60989616602106,2.215576235174143,16.42369049740793
2529.9059811962393,56.458360761656884,186.40458992944838,2.2671743798046258,15.57679624625787
2530.3060612122426,63.92429965513271,180.743099825997,2.237186703185314,14.212362325637875
2530.7061412282455,54.631273256957954,181.41792754349757,2.23085800188087,15.696347393714245
2531.106221244249,61.38467699530154,184.9237875145647,2.1722740545652632,14.792029263046716
2531.5063012602523,64.26039840330488,185.33771282640913,2.193538851715469,13.261506011341991
2531.906381276255,61.55479207270433,180.8964887653774,2.1314348025221506,15.214555186578497
2532.3064612922585,58.91931433558865,183.01431306987433,2.2039363346887013,14.312275791640426
2532.706541308262,57.71439889857894,182.41823184072877,2.194773251261515,14.340265457333718
2533.106621324265,64.07003625860257,182.6786803851933,2.184546517045577,14.787254206241338
2533.506701340268,54.33180568015855,186.21614094955308,2.2245163551340075,14.589765043113854
2533.9067813562715,56.24114765513408,185.58503145445465,2.1349362072535154,14.961831202274924
2534.3068613722744,58.629270971138936,183.7324300295108,2.248461537014549,14.92415586533543
2534.7069413882778,65.26789085427123,182.3766451700667,2.2189586208566086,13.490127086691459
2535.107021404281,61.9340350491637,180.32858757617348,2.1798848733503213,16.207721211800287
2535.507101420284,56.640383477753296,187.2141835494176,2.176584438312516,14.205492302584611
2535.9071814362874,59.36884946081148,185.10486352418425,2.201582651071775,14.230940230181009
2536.3072614522907,58.25021167944263,181.8186121396582,2.2430180249767346,14.730651988000742
2536.7073414682936,57.965680903885065,185.3448387624051,2.1860752515093105,14.90743275335063
2537.1074214842965,64.81763480960967,183.3306855159923,2.187600340974528,16.161860914196115
2537.5075015003004,55.512249290008164,182.74872522506809,2.1823932024226096,15.210762636682938
2537.9075815163033,67.53139443585184,184.51463254024614,2.252779983750355,15.44891345875741
2538.307661532306,64.50614140027103,181.5328135829993,2.1665754497574574,15.21585759753449
2538.70774154831,65.65352181748716,182.4869745983422,2.179983424467628,15.18185586662354
2539.107821564313,59.535068901174654,183.60967689480077,2.2395353102134483,15.244898531146955
2539.507901580316,60.883713657179705,182.01690668554096,2.186713675291114,13.451326315455148
2539.9079815963196,55.847415082625105,184.8976106732061,2.22615215769624,14.797947913282076
2540.3080616123225,59.57781319734272,187.8567798845504,2.144056366973045,15.928031030241161
2540.7081416283254,63.747415835063585,181.25743772302502,2.1721348400998157,18.152396758370344
2541.108221644329,67.05327390254035,178.9392931493072,2.2395640811249553,14.035364977413844
2541.508301660332,57.536509650953924,178.05653366982713,2.1529745176227526,15.337526629820955
2541.908381676335,60.59911694633931,182.64334625436518,2.173818740500381,14.542446300535866
2542.308461692339,61.55183456616196,181.32009293332843,2.1899819174563935,16.63759634929323
2542.7085417083417,56.66965083296443,183.45599920424024,2.1399933450334285,13.916610242004623
2543.1086217243446,64.71386471221099,183.2260418799881,2.1628533510460715,15.49972002767576
2543.508701740348,59.54804889927871,178.84456200179207,2.183758666701069,13.874101900276106
2543.9087817563513,61.75787215095225,178.27330809930837,2.180969127116194,14.745090149052736
2544.3088617723542,60.826938718381086,183.50812193265565,2.2301658126660877,14.97253588132987
2544.7089417883576,59.57256262902497,183.06449015085934,2.2404611105379804,15.85575331234335
2545.109021804361,62.7967934278689,181.61886084487696,2.1444117366652766,14.138250285574115
2545.509101820364,62.0574665239046,178.49789367170794,2.1829594000518378,15.530644323735581
2545.909181836367,61.52727800843677,183.77643707632163,2.205333339343153,15.014884560358794
2546.3092618523706,60.19553946371387,185.73477403464008,2.2388732743736712,15.217991946875019
2546.7093418683735,64.48203124453298,183.2069079673314,2.2068161784090785,15.76628862551862
2547.109421884377,69.91281693106956,180.35005475889128,2.189571516409863,13.97341267568288
2547.50950190038,63.95217925764237,182.536768920897,2.204456319517574,15.647739946127219
2547.909581916383,67.47125131948066,178.96661421131523,2.2046062345646726,14.543916384821385
2548.3096619323865,58.01990305016682,184.98317447334688,2.1404089985034678,15.875485694227445
2548.70974194839,64.30571145149801,182.49911965352922,2.1850928379304726,15.266150065349377
2549.1098219643927,59.37892851198034,177.8302160060922,2.235611870037272,14.830568645896498
2549.509901980396,57.95429782090275,181.45488568042882,2.1688169325292166,14.525828336690887
2549.9099819963994,60.99796579585495,183.32065297047114,2.1821560719087616,15.656113237454292
2550.3100620124023,68.81635931364225,181.28547256407944,2.1671457820244786,16.005837091351463
2550.7101420284057,67.94199100303571,181.38391003533846,2.0841615257860484,14.570363384248978
2551.110222044409,65.20696595977009,178.9680673385296,2.177410211039277,14.089778613385992
2551.510302060412,58.197016397110666,183.400715131341,2.1885302131701803,15.55106232682108
2551.9103820764153,63.63541829162172,180.3183462583365,2.155831966868684,13.836348745094098
2552.3104620924187,65.71991240452063,176.50342969633664,2.1300206265763504,13.950213937282106
2552.7105421084216,65.30767648847123,180.92129137828974,2.1408574845297568,14.14388444064007
2553.110622124425,57.32262268768329,184.2570690470633,2.2065261232018947,14.661075436293299
2553.5107021404283,61.22863585434631,180.79149988473245,2.2547377232358645,13.92373186396966
2553.910782156431,64.62554971366924,186.0582840013856,2.2310134186968824,13.441089394564376
2554.3108621724346,67.11881975934713,182.7401092473212,2.1218228374615578,14.083076310737802
2554.710942188438,56.280780545757196,182.468822926279,2.2096636033678205,15.504683968460297
2555.111022204441,64.50827052822449,181.25504081633545,2.1488350907419624,13.972712302945146
2555.511102220444,65.820273536578,181.35930124829724,2.151955220471854,14.716945375916263
2555.9111822364475,68.73767440340133,180.82530980404906,2.156652439443517,16.54570385787899
2556.3112622524504,68.20163928496709,180.68191988630167,2.2032609457531582,14.948160169777102
2556.711342268454,67.85130977203976,182.71835861123404,2.213276452025153,15.260649071677514
2557.111422284457,62.4119096152618,179.00508335183687,2.1708743689323398,14.22888749599417
2557.51150230046,58.07014038438645,178.60827147263717,2.1714433233551924,16.715565053333385
2557.9115823164634,64.22024389277564,178.44323745188123,2.193148491111253,14.550785672532546
2558.3116623324668,69.8891154618562,186.31845541936778,2.197190759293237,14.800344048206188
2558.7117423484697,71.54636532027266,182.4831457333262,2.221414291018128,16.035451713427474
2559.1118223644726,68.90452703775266,181.8713643929651,2.122885918220062,14.83536479887293
2559.5119023804764,67.86930027028106,178.4190691274351,2.174958675525521,15.017981098214285
2559.9119823964793,67.75992342098306,182.57381049957064,2.131334642525198,14.753207751723103
2560.312062412482,64.10613775519768,180.67650288366468,2.1719172136857194,14.757551306642807
2560.712142428486,65.89943812072836,181.45570818999082,2.1648084330048256,15.272648088576936
2561.112222444489,73.18484116321726,178.43096824992008,2.1718872591036957,15.41740077797421
2561.512302460492,62.82703059127344,181.22530353154852,2.1416705682657184,14.459217710151867
2561.9123824764956,73.14489170161049,179.7170395692193,2.1140729930644886,14.359692806590871
2562.3124624924985,65.48599079814628,178.8144677608314,2.089692639879945,14.483959510910337
2562.7125425085014,72.16397026905818,182.515514478503,2.16812974675868,13.848946881592955
2563.1126225245052,61.322930339693954,176.78761338643645,2.1560449771646013,13.696258104074793
2563.512702540508,69.3815644480538,181.99533965813367,2.146156840416321,15.20495876024708
2563.912782556511,64.17843168134446,182.24601278055297,2.2260068689192583,15.716694937027667
2564.312862572515,61.55181395361484,178.2869696070826,2.138639244754765,15.661218308417352
2564.7129425885178,68.17419390308322,178.38642243392243,2.2296032363829363,13.057323369293917
2565.1130226045207,71.42492302054599,179.83072815871304,2.2377979834073787,14.765369173800014
2565.513102620524,64.09404997290063,181.04431619161227,2.094723835781909,14.078223083707645
2565.9131826365274,61.56433208591194,179.9079065633542,2.1763719945082416,15.073332559833014
2566.3132626525303,67.27939602439916,181.32465419133857,2.156607019678863,14.622500320248362
2566.7133426685336,67.38321049152881,184.59878733865943,2.0560421267391793,15.428675758158727
2567.113422684537,70.01220323328178,178.87252316860395,2.1146493022455948,14.938181438824953
2567.51350270054,71.70307074036022,175.8042293170639,2.2033543276823915,13.435030661423944
2567.9135827165433,67.75259290423224,182.1072401736547,2.2530480482808635,14.176462341818885
2568.3136627325466,75.49762013597604,184.2008580010404,2.2083116629457704,14.953028599512171
2568.7137427485495,69.05768980927691,180.92452174109812,2.185075560032129,15.018728932069372
2569.113822764553,66.85997810545858,177.17314789989203,2.1712039551169946,13.82030984569071
2569.5139027805562,61.884135975964284,179.53259747423164,2.2392920220950043,13.713864863161742
2569.913982796559,67.36427524245802,176.9957190629744,2.2578445951008304,14.986180870161892
2570.3140628125625,67.15365872921733,181.34875705585364,2.148372108242986,13.81637337845731
2570.714142828566,72.42450280969021,176.31287457823066,2.0917784087933224,13.60249696365587
2571.1142228445688,70.51707781532697,178.89015316005668,2.0877836963203706,14.579352044094229
2571.514302860572,64.0333077655271,177.07889794439237,2.2245210265211317,14.542742207819785
2571.9143828765755,69.52322263041394,179.85596501073474,2.16969930599063,14.228784012768699
2572.3144628925784,71.6035291688466,178.57210386269918,2.17884845408645,14.366490839921875
2572.7145429085817,75.1125065493697,179.8788126074756,2.0998311377032106,14.93849570145274
2573.114622924585,72.63314951593448,179.44162813418885,2.1412692908084225,14.349214234558938
2573.514702940588,72.2090473779871,176.8678442471249,2.1595185552367013,14.979790336806014
2573.9147829565914,69.4883051127077,180.85032078694115,2.179593534594503,14.616716790327995
2574.3148629725947,70.88328147115853,179.109747123151,2.1552798005761384,15.053041391632847
2574.7149429885976,74.40989599553791,176.70876924277357,2.129675188880985,15.619286126850506
2575.115023004601,64.16237906406502,184.73073662089453,2.139731583989901,15.585891127933866
2575.5151030206043,68.17711161809103,180.2677226477342,2.2193944945974304,15.942803186547922
2575.9151830366072,66.56574091401018,178.6416219561093,2.1808015203687057,15.580465077395205
2576.3152630526106,71.2535407762478,182.51081044973967,2.19544625361315,15.098477138701663
2576.715343068614,74.73849351137171,183.52526421226239,2.1349561483323303,14.558540171798981
2577.115423084617,67.51014699308774,178.5051785300855,2.052710554813762,14.592701938541135
2577.51550310062,60.41702753753365,179.68477412022744,2.1498929897853074,14.198284864700735
2577.9155831166236,68.40932314726295,176.29390367962796,2.136109282412711,14.90169702579434
2578.3156631326265,73.79182114800186,178.3434617525521,2.1846888128825768,15.453521321094989
2578.71574314863,72.36792362089516,178.16122331745157,2.3021147635625954,14.31258587522415
2579.115823164633,72.0093832139414,179.0682871101038,2.19845122423046,14.860825176545482
2579.515903180636,69.25565438499176,179.38536488400655,2.280043034337335,14.346160085437695
2579.9159831966394,65.33824790925449,179.90018389442432,2.1933167364219393,15.052954649092104
2580.316063212643,72.59404403373404,179.04177400908685,2.145333096237082,14.44335671863658
2580.7161432286457,67.27398677522363,175.36777149730662,2.1844090627478003,14.288618146826423
2581.1162232446486,79.42549833957787,175.99532768419007,2.241683114493393,14.333587376218313
2581.5163032606524,73.04888650428025,176.92225106426545,2.243606502514713,15.277528842949852
2581.9163832766553,68.52175835512804,177.52935116884586,2.147378209582808,14.7947423680393
2582.316463292658,68.47605085954994,180.8084793745637,2.1804880354999994,14.526651566911344
2582.716543308662,70.62680045935251,175.22069623865087,2.113160273798157,15.075730615334729
2583.116623324665,70.11729895510545,177.18091579510767,2.2032892334426752,14.5321831192297
2583.516703340668,75.61911379522193,180.40329711885772,2.2324094942467756,15.762170519467142
2583.9167833566717,71.97365689047153,177.21731048958898,2.17184138083158,14.078994438316373
2584.3168633726746,68.37741902283501,179.06418554533946,2.14352941561209,14.705612367379992
2584.7169433886775,78.94140151890201,177.51034559936681,2.1846066698694897,13.728450690589256
2585.1170234046813,71.65230272543769,178.44712577664072,2.186877726183224,14.571807733084677
2585.517103420684,74.60559533820707,177.17986644174312,2.1734043305483937,13.502614330091708
2585.917183436687,69.17223325026869,179.36450549389292,2.177287673976841,15.440362545695185
2586.317263452691,73.13223864856342,173.77990924975708,2.1631682462356876,15.453470073260762
2586.717343468694,72.99858597685086,176.67989375237948,2.20994208828632,15.4645320782914
2587.1174234846967,64.26965054534912,178.2751446234652,2.199537319638988,14.857193965926104
2587.5175035007,79.9631804976947,178.8134064687862,2.130749706505525,14.127070878626903
2587.9175835167034,77.13821970053492,181.15692218765244,2.1296370988100097,14.187537110965339
2588.3176635327063,70.46015067466939,176.3922687177738,2.159873916879768,16.04876088415957
2588.7177435487097,67.71287016814561,181.01374262406668,2.1995118293130824,15.969949771343455
2589.117823564713,73.58493871546513,175.61260517659397,2.175951371931167,14.916208302999744
2589.517903580716,72.61395096340216,180.52682659523393,2.1442950703018417,14.40238429615114
2589.9179835967193,73.7620274807542,179.1938441163936,2.180475122268379,15.90648888055896
2590.3180636127227,73.17757525177251,174.8114161057247,2.15677652972016,14.25265752159517
2590.7181436287256,74.50786491337011,177.80746803759402,2.2052242614594424,14.987980631252189
2591.118223644729,78.34347920489779,176.8565094932908,2.183324273479811,15.883079645529484
2591.5183036607323,74.89774369892068,178.49321206632905,2.157389222103317,14.129026877011977
2591.918383676735,68.49750123608801,176.31564608867092,2.1792607945164417,15.458031776760539
2592.3184636927385,78.21688374501628,176.0502075668896,2.222602940559817,15.207628149425316
2592.718543708742,79.3993153110798,180.18548186985248,2.1472180701654096,14.756064273615976
2593.118623724745,85.5150232146128,176.4602902870959,2.1861130880296766,13.989400030198139
2593.518703740748,68.48247274004792,178.7174208910047,2.1671932111446326,14.201035928419827
2593.9187837567515,74.01734178416741,176.03218499164655,2.1870970685459357,15.0085608642584
2594.3188637727544,64.78649492920793,180.70634716276194,2.1438425003411283,13.634714299750069
2594.7189437887578,75.39627242405915,174.78790505957255,2.1744471724776866,14.87433403061422
2595.119023804761,71.05936960761872,174.89236335267927,2.2143566238655996,15.198906434466698
2595.519103820764,81.01415683013694,180.18292423382758,2.1325746309372677,15.550540003502691
2595.9191838367674,70.28982337844134,175.20310357987583,2.1168912037930587,13.639947956233275
2596.3192638527707,66.69916638446536,180.261923398705,2.118422963117391,15.80787275501287
2596.7193438687736,71.6381634392072,178.43253758361357,2.1232697421935134,16.107378583615443
2597.119423884777,65.68829069314853,175.7599414205313,2.193925512448602,15.075393501644603
2597.5195039007804,76.66136540956141,171.55689323676012,2.113895810740151,13.91298944860053
2597.9195839167833,65.46306258949829,175.98532469090358,2.158233281212073,14.47706857537288
2598.3196639327866,73.90335258846534,176.23112205320757,2.1949008434120265,14.697577547471505
2598.71974394879,65.54410172127304,178.83845128228222,2.1868570892865336,14.948097152510647
2599.119823964793,72.63968271362435,179.83481911070965,2.1547911024056545,14.745354273465853
2599.5199039807962,80.55960863135337,174.09446226509448,2.177874424606761,14.948715534906405
2599.9199839967996,75.49360575156453,177.75304911856546,2.174548581080469,14.647172127064028
2600.3200640128025,70.6616530058643,177.6067006788239,2.161319700865524,14.927813063824193
2600.720144028806,74.05512073786302,178.3197643420346,2.1618837999908034,14.34323826946807
2601.120224044809,74.31600244835852,176.82593201375937,2.25976341403173,14.4370090340062
2601.520304060812,76.19814858436898,170.66587563749025,2.2027491587508825,14.242611475666319
2601.9203840768155,68.90357694345789,175.07641503366875,2.2696344430777033,16.233084267754183
2602.320464092819,76.80435262779187,172.51849268164827,2.150562842449996,15.866214141368042
2602.7205441088217,63.67927907247571,174.8439775803716,2.1670769426524132,15.135117601557194
2603.1206241248246,72.03975738198525,177.74317352308447,2.117226091805949,15.746890070122943
2603.5207041408285,72.66833714065923,175.99865210612074,2.138165243097802,15.321144472841798
2603.9207841568314,77.21656266565904,178.04855606760952,2.246662510505807,14.823096786292133
2604.3208641728343,74.83528656531405,175.9752100286262,2.149743958686287,13.469299191778227
2604.720944188838,69.18370269022076,171.817449782125,2.247437204069211,14.459673504658236
2605.121024204841,70.92685713176523,168.70353023836654,2.1209733591935556,14.396994695057444
2605.521104220844,75.72210640657447,175.31999714198764,2.1286122612909253,13.754157251498027
2605.9211842368477,74.67135476894835,174.35543155545153,2.157146222014679,13.467251986746646
2606.3212642528506,72.73104553636652,172.3901014986393,2.1682911970426617,15.045893757219192
2606.7213442688535,73.18380376677818,170.52306213323084,2.2078116831892283,14.906830290520206
2607.1214242848573,77.9510860208622,172.8798835613176,2.1889672799529105,13.708789902540653
2607.52150430086,73.15459605684924,174.17257179131667,2.1543333985953756,14.041457459056875
2607.921584316863,74.93162995339992,176.2655021861097,2.165704195749063,15.562563006444522
2608.321664332867,84.02204518968634,175.01434131363717,2.1583264034745,13.92682506952958
2608.72174434887,69.70554659109939,178.50483721522212,2.1345561358738268,14.760990687357292
2609.1218243648727,68.05055797900776,171.83751459520155,2.1356784052289917,14.467870422745937
2609.521904380876,78.64961187377652,176.5709784002414,2.2123681877531363,15.020097574776827
2609.9219843968795,72.85767690373086,174.42833590631372,2.0981834159802646,13.925406671816978
2610.3220644128824,74.3559656850129,175.98847182818682,2.236062813188727,14.677617855765583
2610.7221444288857,72.56062673625807,173.1021745680549,2.1577084192366076,14.735759722603259
2611.122224444889,74.70205704249194,176.8142787566544,2.1405888373261144,14.780129223466748
2611.522304460892,82.19108341826409,174.81470984985006,2.2011418164482235,14.654418937072807
2611.9223844768953,79.06078528507612,172.3195603095813,2.2310236408992394,14.861994957695202
2612.3224644928987,79.35617220948389,173.92959285329468,2.2163850769330566,16.334843819647425
2612.7225445089016,70.29704200024679,173.3021994182304,2.1918199315403624,16.62555825458832
2613.122624524905,71.41167181373453,175.06542771942583,2.215287727543413,14.060212050328866
2613.5227045409083,64.71397226384887,170.83439003536728,2.10322189086982,12.712027983465665
2613.922784556911,72.88642650027327,173.6517606601267,2.151078445421486,15.03802851263372
2614.3228645729146,80.00408729498123,174.65467464668535,2.1355760044327834,14.705616668456972
2614.722944588918,78.29804640575054,173.69019062857814,2.2210807619563933,15.40040316532203
2615.123024604921,75.39685326464031,176.9161712162961,2.156829763430991,14.774405949069662
2615.523104620924,76.24601049297024,175.42502133817626,2.206060083021445,14.588280531182393
2615.9231846369275,73.63163326941765,173.41236991595983,2.1937542995608856,15.43939543066469
2616.3232646529304,77.25783244993374,173.91386401812935,2.1379052095328404,15.546140048561526
2616.723344668934,79.55358836131397,174.05233703647016,2.14899788715417,13.416685629604496
2617.123424684937,70.07746243849174,174.2624172238315,2.22430891465536,13.86743952624764
2617.52350470094,77.79018989062773,168.63098210804395,2.141618154871604,14.431013634124287
2617.9235847169434,80.37158257088882,172.38223472598895,2.177714680771633,14.588974378426185
2618.323664732947,75.03133947143182,169.36584130422054,2.141502101617203,14.324146772475462
2618.7237447489497,79.544093409727,176.21349565078611,2.160330702865702,14.846980937595532
2619.123824764953,88.04911107371707,172.80649024514142,2.1711286098162916,15.291153717459387
2619.5239047809564,76.42197567153303,172.41604954734882,2.1417479837427087,15.867065202240045
2619.9239847969593,78.46107902225856,175.08215089959302,2.1347335812986605,14.946628283838852
2620.3240648129627,73.9837761210783,173.8366936411928,2.1846924663245844,13.796204263389606
2620.724144828966,77.70881162358317,169.89998852865878,2.139543367348595,14.354716504308927
2621.124224844969,78.87234410937445,172.48497432353545,2.1409991491206117,14.40685493370088
2621.5243048609723,77.85772496610234,171.76495361980733,2.135957169391694,14.873341151937323
2621.9243848769756,73.04631892720079,168.18214322204318,2.1704980725530314,14.766628638155687
2622.3244648929785,77.9969377495783,170.75836097903058,2.211458813847555,16.09084982930915
2622.724544908982,83.06630999207,171.96574926405677,2.234069502102636,14.075733370258881
2623.1246249249853,79.05774924600027,172.07774429658764,2.144870494807906,14.747128776159762
2623.524704940988,81.1564785416212,168.6000383327237,2.260019764294048,16.31745506640787
2623.9247849569915,76.40544842385734,175.1252504879433,2.133920504449092,13.959851186013575
2624.324864972995,80.39770598160783,171.9312735550242,2.2175532574093504,14.538439600061658
2624.724944988998,78.55942658419109,172.22083426134304,2.1454473264667797,13.66069339422008
2625.1250250050007,73.68260329910932,173.06895239075078,2.1395833717971366,14.476517707492416
2625.5251050210045,78.8038613001726,170.03753140564513,2.1447364233506745,13.780898131033267
2625.9251850370074,73.60616107014525,173.08896340181136,2.172536376975081,15.236709531707644
2626.3252650530103,75.08423575610487,170.9707166286081,2.197942034684699,14.511294181797584
2626.725345069014,78.41551722014007,169.58724817607518,2.2016479790107235,13.639264927331451
2627.125425085017,78.8892655439814,173.2026192179876,2.137205212517344,15.05415391831424
2627.52550510102,72.9850797001867,175.4384539251023,2.135490842460912,14.519523029023913
2627.9255851170237,81.99930973800122,173.46159250584856,2.138525511449261,15.13210909982795
2628.3256651330266,80.11238418000866,173.89719444371525,2.17085197189327,13.445761327416246
2628.7257451490295,75.04607240252278,170.22838780224257,2.167016255389655,14.652961812358278
2629.1258251650333,71.75490805165933,167.47611177712153,2.137533034579232,14.970560021707517
2629.5259051810363,77.36552338351557,175.13568534504256,2.186443015429009,14.007142617601705
2629.925985197039,76.20089403811161,176.48679352633803,2.2662816748588273,13.332573962229688
2630.326065213043,78.47639001412585,175.14767298866758,2.1557115983113606,14.300395301716872
2630.726145229046,76.61015230549276,170.39132661186397,2.158682276733511,15.310052337552042
2631.1262252450488,70.0712131222804,168.28432733664135,2.198532982857355,15.22215685209398
2631.526305261052,76.58570466315442,168.44681514772455,2.1539188756229817,13.972496035757255
2631.9263852770555,76.95429745006511,166.84178683243277,2.203156349705303,13.282570371851207
2632.3264652930584,80.74872849515056,170.72275638088337,2.1477835403074974,13.957868654108855
2632.7265453090617,75.4582246258567,174.94547147979273,2.2499387451149224,13.92177782204403
2633.126625325065,85.00228878130974,170.5171833109359,2.1905749051241297,14.647438715208144
2633.526705341068,70.67722189870149,171.56720076209803,2.152114165916986,14.199975296887619
2633.9267853570714,83.60427477664346,174.19043052351628,2.1534998248787187,13.675034236326805
2634.3268653730747,77.4977756833208,169.6812360820578,2.1566291421024717,15.154699093165853
2634.7269453890776,81.86846336750882,175.7203315662054,2.2322259876392136,14.37724632549415
2635.127025405081,78.78402709419139,175.55176048641735,2.1267020579293865,14.606829135977792
2635.5271054210843,83.05736499502268,170.18376131143305,2.150871756156761,12.872073270478685
2635.9271854370872,76.98364054945037,169.00771350250392,2.1552615519604292,12.306188778742914
2636.3272654530906,74.17217558412212,172.1346487637296,2.1772402323644298,13.089077193107265
2636.727345469094,84.28186609420413,169.46274142432569,2.167164364666686,13.848166338231099
2637.127425485097,78.17874027371418,167.3801621854221,2.118501863992303,14.687147302927515
2637.5275055011,79.5513323904669,173.4146402909362,2.1623015173051985,12.345700584599019
2637.9275855171036,83.63616299830379,173.1926532029364,2.174457066227968,15.487189538909078
2638.3276655331065,74.6010119142146,170.4803031373762,2.153461069534611,14.34274476226963
2638.72774554911,81.14209420088747,166.87435061952976,2.2062031113203817,15.28788626829531
2639.127825565113,76.43146899852405,166.89768490141086,2.2156567561210045,13.4842068534892
2639.527905581116,78.29290720727445,170.17956209289355,2.175894495530585,14.589377857729271
2639.9279855971195,79.14085579951605,168.601800611824,2.188402387815358,14.247728023745426
2640.328065613123,72.88062602029143,168.93873684487446,2.0928904604690866,14.826976111236398
2640.7281456291257,75.79555656630453,172.28637035795458,2.1626417796173225,13.979024192701477
2641.128225645129,84.34420485170494,171.50440704387842,2.2198331613440745,14.537834158384685
2641.5283056611324,82.51330338949491,173.05681538349907,2.162858445447354,15.034197462572244
2641.9283856771353,78.74622202939896,167.074904874594,2.1504622676433827,13.624653934494196
2642.3284656931387,79.99713177471313,168.63349324783718,2.27121832737295,14.332518697149412
2642.728545709142,77.87514097257146,171.3289412972858,2.253033102156054,12.621536476375312
2643.128625725145,84.5055326056428,170.4917041195815,2.1991334627150194,14.686906283917908
2643.5287057411483,78.30449139754381,173.14248741796115,2.2261485486520023,15.681686187668102
2643.9287857571517,80.05958687541273,170.30291407334354,2.0917175706110744,13.115434314970331
2644.3288657731546,83.74226961212102,173.81188923512155,2.1494169968417753,14.03087989558673
2644.728945789158,76.07420694032123,170.4817141310645,2.1622860095112864,14.80134648048186
2645.1290258051613,85.44400636845273,171.727151049594,2.171811592112864,14.115046774104611
2645.529105821164,73.11177324619156,168.20301818572835,2.1618207073316817,14.214918646688123
2645.9291858371676,85.77656877178973,168.98760768878805,2.0795862878940428,13.762940551964405
2646.329265853171,77.79129099092029,171.16934642538453,2.19719839376671,13.726094327000691
2646.729345869174,78.33480274799047,172.86453891516416,2.203674840483012,13.992111790682547
2647.1294258851767,71.76877242247585,170.59530691677332,2.246177089000176,14.08763023045217
2647.5295059011805,77.53246018937153,168.5044198159811,2.1507424231548486,13.10194109322008
2647.9295859171834,75.2148491048471,172.0958358349018,2.14764311703302,13.987052589582582
2648.3296659331863,76.96553587680891,163.11271561386292,2.0754263054492332,15.287448506968516
2648.72974594919,78.8685329308942,164.9772556376052,2.171060243660649,13.690040636406692
2649.129825965193,83.27020794746021,170.17712339561763,2.2190258100352973,13.02824517380381
2649.529905981196,80.29032841009105,168.4485216451728,2.1586902341363983,13.889593004145425
2649.9299859971998,80.71110361830478,169.8672654380288,2.269079538082186,13.43168755305043
2650.3300660132027,75.11840960697882,168.45474897393194,2.173259934224047,12.925331568793094
2650.7301460292056,75.99716879748922,169.66136222811733,2.1895865856466012,14.099942343246294
2651.1302260452094,86.73439074342926,166.13827839295763,2.12936712067243,13.412959844002891
2651.5303060612123,76.61759925666817,169.54080840828817,2.195565589013089,13.473967431825722
2651.930386077215,86.20175603849657,170.54095821858346,2.105090695092243,14.089009389710828
2652.330466093219,78.62280448170691,171.04664873347429,2.21219929580878,12.732231994626343
2652.730546109222,79.62193359104845,172.9695305694948,2.21361757308456,12.55799563867973
2653.130626125225,83.91158109508511,168.48628649729181,2.239202347795454,14.480404342049484
2653.530706141228,84.73463451052952,168.50123727028864,2.1442233618647055,12.391470510311885
2653.9307861572315,79.22036443996855,163.94897182861646,2.1916371887855464,13.147201653358085
2654.3308661732344,78.1267975501059,166.36884285533483,2.2079611321420645,12.481054251789807
2654.730946189238,79.47184801942318,167.15516013727006,2.203294671909048,13.524374466536276
2655.131026205241,81.06272468971187,170.20418442350126,2.1511875414891803,14.248064125223793
2655.531106221244,83.29107855555095,165.9914298706784,2.090317511145486,13.987796738223492
2655.9311862372474,79.75735670375107,169.45035744678603,2.2000736395472864,15.803710145979517
2656.3312662532508,82.23015991471522,167.39605606048087,2.1802948467830054,14.752004824976096
2656.7313462692537,86.32183487477037,166.89782191977235,2.1639287803197687,13.129782826338992
2657.131426285257,81.30701916543816,167.90363854416617,2.2173553511607302,12.90927779606293
2657.5315063012604,81.04138024447718,166.24420432315938,2.185203848674342,16.024460802375852
2657.9315863172633,73.73171674967095,166.090224643948,2.1344370812479383,14.701332698655149
2658.3316663332666,69.29663365624222,162.84160704692383,2.11015220306961,14.314911457867296
2658.73174634927,81.38485400277627,166.42447253568136,2.1424583319583315,13.895413972144468
2659.131826365273,79.46345358297364,165.78525678480705,2.2835450774704045,14.046442637954684
2659.5319063812763,77.79462158816067,165.63607728438774,2.2169445334612643,12.634035775536969
2659.9319863972796,80.8384770656698,167.90909919067647,2.195787985229378,13.937370933555151
2660.3320664132825,79.63294730489282,168.45441801855398,2.181188234237437,13.860746145665013
2660.732146429286,84.39549104526266,167.3292814831837,2.178771282727209,13.072447651758013
2661.1322264452892,80.23822302811243,169.17832642162,2.2355683163749536,13.356911569700472
2661.532306461292,76.91509746783592,168.06972327880143,2.1694712702765195,14.991824201051214
2661.9323864772955,83.87206801345009,165.8342454587349,2.212387683961862,13.671469890993853
2662.332466493299,79.05109246592659,165.3558507933481,2.1755906602394663,15.420450037265766
2662.7325465093018,82.03357833562947,167.23619143394177,2.267352095832886,12.362849081135405
2663.132626525305,78.02520461344105,167.82973736538816,2.2196565632114686,13.329544623623821
2663.5327065413085,77.34255661683694,169.83115417481395,2.2400076263257107,12.501258621311738
2663.9327865573114,80.28515457121408,169.25574055750974,2.1670304304946177,12.763352776674932
2664.3328665733147,80.00601438139869,164.86543134101498,2.2329548690668686,13.060112080978527
2664.732946589318,81.87982667102179,165.9054460957043,2.178350064385063,13.966686921458077
2665.133026605321,78.89135471108722,167.77939692562228,2.1954794233578445,13.919639440954558
2665.5331066213244,72.6255181697158,168.71328080582177,2.256705936788283,13.154462282759743
2665.9331866373277,78.24448165626923,168.3321879608176,2.149820156211766,11.907347718211925
2666.3332666533306,83.15507117642996,165.76659226689821,2.1998893235925188,14.863411320413535
2666.733346669334,78.79411327197191,162.73279805937452,2.2095090062552933,13.444291780506541
2667.1334266853373,79.00150436268466,163.31212752235476,2.21301947680497,12.771494863151895
2667.5335067013402,83.93556442812599,166.43271260133886,2.1744195499519368,13.876072026397683
2667.9335867173436,77.14478592684063,166.54840034519833,2.2761342426072915,13.81126093769663
2668.333666733347,73.8236863519499,162.88789342062637,2.1411202712014403,13.381118068212002
2668.73374674935,79.3541950579954,165.68781986290804,2.251507947677495,13.749615572579609
2669.1338267653528,78.0614439352724,167.096309880365,2.2419912576783947,12.698275530351335
2669.5339067813566,76.13417453568609,162.5820853135305,2.269661400487185,14.221715484536567
2669.9339867973595,79.29826591947015,168.1645983940648,2.130335092841267,12.807754548276032
2670.3340668133624,81.96602210442913,164.40028205852138,2.159350355903316,13.112232762868247
2670.734146829366,79.96266488204132,168.4301990044926,2.2540218854541214,14.107147494292212
2671.134226845369,81.22716287530896,163.8946437985803,2.119504251899377,14.542668101269019
2671.534306861372,87.25188868755039,162.6038729361113,2.130570222648966,14.839492847729051
2671.934386877376,78.6253616245537,163.9673095822555,2.1755401317101892,14.406861466860766
2672.3344668933787,81.10849067713043,164.81705148824847,2.202997161358838,13.294292273340725
2672.7345469093816,77.95606167490183,164.02604673534222,2.259252479799749,12.312028213741543
2673.1346269253854,76.60489518638603,164.39962326300673,2.1884000059504762,14.660181333446275
2673.5347069413883,77.64772238810077,165.7169762546126,2.1717293392147186,14.6239534424004
2673.934786957391,78.06893769444146,164.3966084080767,2.208763860364356,12.981053148455274
2674.334866973395,81.41809424650937,164.60182682771284,2.2153425732631447,14.246800398097836
2674.734946989398,89.37231343647181,160.43665096106855,2.214459849467022,13.2352997496318
2675.135027005401,77.10725600238752,165.63162994997103,2.1899434406955107,14.693234072271693
2675.535107021404,78.29994828064319,164.37210405825016,2.119113164877488,13.0714692235924
2675.9351870374076,79.70857758378197,168.56363222450193,2.1608667764729512,15.05740822270369
2676.3352670534105,81.53848562780787,162.13183504020498,2.2546381504205524,14.09448776482787
2676.735347069414,81.00331463365723,159.90291917163935,2.2055670380508303,14.894709275465104
2677.135427085417,85.07891636952802,165.91180024635645,2.1854414500105617,13.07669563990286
2677.53550710142,70.2299874798135,165.17598069395484,2.2433282098382605,13.762795222189515
2677.9355871174234,70.38045972139517,161.73167798468978,2.1536570127789205,12.654364334349053
2678.335667133427,77.93689094443758,160.37154942006077,2.1901090380863315,14.0959733648717
2678.7357471494297,84.30142992748881,167.98263942133676,2.204895658335012,14.130987619849767
2679.135827165433,73.64106384110633,167.61771450477593,2.1819936521550813,15.320324163395062
2679.5359071814364,67.86415478157342,157.80715334205686,2.203943764953335,13.779265751420288
2679.9359871974393,82.17003146425651,162.82366078279557,2.1926710622407546,13.963816454829868
2680.3360672134427,80.85017410941781,168.07318864544544,2.1444717308672594,12.998762310093099
2680.736147229446,75.50454479519293,162.66610993016215,2.207972265258825,13.799394012193934
2681.136227245449,75.9126552225806,162.57336184661932,2.14784783754763,13.053219879378366
2681.5363072614523,75.96487611439336,163.03668913727614,2.20787633354407,13.44064226033889
2681.9363872774557,80.27463197016176,160.8851095900379,2.256488039026353,13.478365509480442
2682.3364672934586,77.31547182457128,159.36924740052967,2.190553611950536,13.047686974038218
2682.736547309462,81.78483354414537,166.20646056741836,2.1552082027505266,13.370643453479605
2683.1366273254653,68.37751906002696,158.91172697080503,2.197262055913488,13.010786400723571
2683.536707341468,76.35566919991041,164.0812968516268,2.1693378150458904,12.997951499205982
2683.9367873574715,75.26551507819772,165.62368859919363,2.226673158879674,14.153760731539833
2684.336867373475,78.73062599603254,159.72336904812363,2.1972504347924815,13.423431329251127
2684.736947389478,77.58965920946589,160.9850326194022,2.2718387452206676,13.551403679434774
2685.137027405481,82.9186908694424,166.27299494930088,2.2502470720042584,12.098535978993302
2685.5371074214845,72.27503837482564,164.51669477189435,2.1978845815966452,13.593754525070256
2685.9371874374874,79.87902552254894,161.58574545552602,2.23291351667508,13.66991367552585
2686.3372674534908,81.91468415529758,166.07915285789096,2.18884208634989,12.917470076752167
2686.737347469494,87.09181199502702,166.0345172763847,2.2062132414543503,14.894709858892952
2687.137427485497,77.72164734979958,163.63553492531722,2.1906820540799035,11.385828568651434
2687.5375075015004,80.92964010032524,160.65730606930023,2.2360831467453037,13.83520751667491
2687.9375875175037,72.39905469535152,161.81896716122867,2.263030954337388,13.768440292943067
2688.3376675335066,70.02898724188628,163.51351750810133,2.237944892936376,13.621924695378409
2688.73774754951,82.95782204986793,162.27110536281015,2.2431649944963516,13.320069722089036
2689.1378275655134,79.53800244333257,165.03510783878383,2.2434984560942115,13.610063577699748
2689.5379075815163,84.25542032769603,158.80848343048714,2.228917963961537,13.854460466813133
2689.9379875975196,74.02849114469979,158.84254543479483,2.1615879073992503,12.569589428645159
2690.338067613523,81.58205188066206,162.97575016018283,2.2754908574053623,13.380014902498864
2690.738147629526,86.957663111258,161.24016257555542,2.2799220866373613,12.984343384311263
2691.138227645529,81.1407707345676,160.84693701284317,2.1986851383682313,12.24630018278609
2691.5383076615326,80.54743932830463,157.9400360074941,2.1935080847178203,13.685348567386406
2691.9383876775355,79.45411142027866,162.35474659406785,2.233129154059697,12.650401620302368
2692.3384676935384,73.11474418551208,162.1197839130401,2.2309628936473356,11.893860128236549
2692.738547709542,84.79855414589645,163.8312449657953,2.20115123334932,12.651095431298279
2693.138627725545,76.91043405714127,162.3157754001166,2.1595277471730037,12.433481565205717
2693.538707741548,81.34901003797468,161.75804975729105,2.2220575176291564,13.885580495205847
2693.938787757552,73.05576272976026,164.97819935931105,2.2321886252952945,13.175528333257825
2694.3388677735547,74.56649516011933,158.70075585072942,2.2394666984791454,14.149036527635378
2694.7389477895576,85.00072857285559,163.26921262378147,2.2247092451079826,12.500021882312728
2695.1390278055615,77.84682665709275,157.69677685401484,2.200197600642084,13.72271937570371
2695.5391078215644,85.02440662283908,159.72523557310672,2.2511079490586554,15.285178544418196
2695.9391878375673,78.87326345282219,158.73608386115234,2.214288454647527,13.288383093081483
2696.339267853571,71.79308923431307,163.66926095715962,2.1933652256199565,13.682933337491242
2696.739347869574,82.70305823711554,161.49764905928225,2.2050446243570625,13.538465777831313
2697.139427885577,76.74893976861125,161.57427924713096,2.14274159158347,11.836009103111584
2697.5395079015802,81.87659960517621,158.78816088588417,2.205601250755706,13.432321290725357
2697.9395879175836,79.15563766957717,160.75280948283478,2.2407399307456264,13.198811015480016
2698.3396679335865,72.85488610576374,159.54052429128794,2.2271063102350888,12.735807026469145
2698.73974794959,79.65671830608332,162.35506446054416,2.2746550466154885,12.226315325674893
2699.139827965593,87.75622789451937,158.86603409234493,2.2036239422000197,13.478651076476389
2699.539907981596,80.91469354695718,164.61567906976958,2.233950890827825,12.135442168824587
2699.9399879975995,78.68370585113684,157.0497700619278,2.246484361139685,14.610162987572393
2700.340068013603,83.1857968482323,159.17004702048064,2.3088063861866464,12.984443830935307
2700.7401480296057,79.69736117529514,165.3270712607463,2.2212010369958604,11.90430575332158
2701.140228045609,79.66270648240825,159.9940450497931,2.1739621991564557,12.461578013561045
2701.5403080616124,74.42756977446777,157.74261632220023,2.249967060597682,12.640072077805456
2701.9403880776154,79.69858261106253,161.52551266160026,2.2910001817691956,14.782266301698872
2702.3404680936187,82.87370385570102,159.73747420807376,2.203791266818074,12.134460219606028
2702.740548109622,75.35604140145598,158.78450109589042,2.2506595528061712,12.738904983874198
2703.140628125625,84.3662537588052,158.08282306777926,2.266489435545593,12.391344585583123
2703.5407081416283,78.26904799785355,167.69185948160853,2.2583479009044325,13.210723677262221
2703.9407881576317,75.05201734413272,160.09057367605894,2.223013527276638,12.383500936313606
2704.3408681736346,82.56046919369325,155.85416614301053,2.190379082385625,11.879434334935706
2704.740948189638,77.3892321693407,164.35109378802107,2.215394633909284,12.624097277692279
2705.1410282056413,81.54056015579825,162.09333579912933,2.2373185515479963,12.530452464772504
2705.541108221644,77.30118138041067,158.59843647251137,2.255633084028528,12.285788010683094
2705.9411882376476,78.19425099772101,158.13085427743061,2.2329925644205826,12.318132625743175
2706.341268253651,80.37276096516503,162.09648944034723,2.2047699506868264,13.686516429370212
2706.741348269654,79.5266984285569,159.74477364891925,2.242513887496012,12.472528027464822
2707.141428285657,70.34519916792574,155.49649407008724,2.255035458550145,11.8105600578925
2707.5415083016605,73.80619403482869,164.72901536992413,2.236150733004792,12.337693038679939
2707.9415883176634,81.97227883252826,159.12552440033318,2.1878540390138137,12.740359643740772
2708.341668333667,77.68919021331733,163.89912381017686,2.214381390608602,11.6173624498264
2708.74174834967,76.0855374014689,163.30608515179966,2.25988748461948,13.976629358358613
2709.141828365673,72.70852155984942,157.55738711637372,2.1669918735450886,13.359361244058086
2709.5419083816764,73.78585691135427,162.59290934870654,2.138924305693266,13.798868421177467
2709.94198839768,69.97922238793132,158.33146306839393,2.2833144872403817,12.95784723563752
2710.3420684136827,77.6225396144464,155.24356433061365,2.2437884336159253,10.958583281138703
2710.742148429686,75.59478911887223,158.79917888949333,2.247942574807637,13.85118676996332
2711.1422284456894,74.08269686588804,160.80523927006175,2.180943145735106,11.9214257661812
2711.5423084616923,77.63669638658753,158.60488836138938,2.253860293437605,11.975873870491897
2711.9423884776957,79.32484757488517,158.94480739879398,2.2357133584232844,12.716008399699355
2712.342468493699,86.20116569517106,162.5221559851379,2.1616754391821655,13.682839440546529
2712.742548509702,71.73988380329396,159.880403343979,2.2823658991413027,13.412174861706418
2713.142628525705,82.38362042588807,157.45696557967392,2.2320888022264698,13.283842007590117
2713.5427085417086,81.59681718521225,161.2714461200664,2.2102459013191704,12.29860984462431
2713.9427885577115,74.54599125666905,159.96183471256984,2.2113183422986316,12.275222313180837
2714.3428685737144,78.43289456314967,153.1150263486891,2.146178607111089,12.803282640397676
2714.7429485897183,75.74664421454462,160.44143080710498,2.2508713750319354,12.411672983033336
2715.143028605721,78.27679662176894,160.301748614462,2.2379635010898333,13.216368563402693
2715.543108621724,83.52707075345431,159.32422668146006,2.220078180795887,13.158175635477745
2715.943188637728,79.86911603785367,161.45504154871705,2.279333836707024,12.956304565541727
2716.343268653731,79.43690971747415,157.49679213499428,2.173193976487881,10.451595279891396
2716.7433486697337,75.63666547937366,159.97113186256433,2.205032211033092,12.56387063862
2717.1434286857375,71.37674476504628,155.16471108459388,2.195258414214948,12.363495384902656
2717.5435087017404,76.43381009822126,160.05218395133005,2.218463438479587,12.574080466002341
2717.9435887177433,82.04847065047022,163.86957759999652,2.232671388357269,11.825264776098821
2718.343668733747,71.06736600088979,156.45238026460257,2.24753133184524,11.35794332221715
2718.74374874975,72.90932439268093,156.9927315436947,2.216810907635419,12.777313513484271
2719.143828765753,77.58804303235348,157.0700374631866,2.1959555199869993,12.11077552384454
2719.5439087817563,73.09728970160225,159.12303482474744,2.2988507772239806,12.844568045354725
2719.9439887977596,73.81839909096139,156.0935362838537,2.3282377003847117,11.837062498788974
2720.3440688137625,75.24633063475537,159.75745815583232,2.2378659941361363,13.495486196508557
2720.744148829766,71.43013623555956,160.77477787333288,2.202226585617045,13.152556628500218
2721.1442288457692,72.94764893672576,159.94701041995805,2.2918800744816274,12.578096953365256
2721.544308861772,79.60902881245246,154.14369479226957,2.1753565672436297,12.158918544346506
2721.9443888777755,71.51666997595044,161.00637059854154,2.220201691484004,13.000373937029783
2722.344468893779,70.30514444932746,160.81571567424754,2.2061145435102785,12.621366252775172
2722.7445489097818,74.12666966703915,160.50167440916573,2.1879452301465654,12.487060177711577
2723.144628925785,79.52438170664989,159.31247908795027,2.2234939323428353,13.11933369779492
2723.5447089417885,75.75831689330518,158.88507839833443,2.2004970882628263,13.415102607541929
2723.9447889577914,74.63677936797079,160.86993992188894,2.235940037415221,11.260760876557935
2724.3448689737947,76.62129436682626,163.0522416338722,2.236891647993715,11.41118255990764
2724.744948989798,69.40944170308488,155.81547892513342,2.2113228071643705,11.616065223887562
2725.145029005801,78.31916389454553,160.84814692650517,2.2217278663978806,11.027102076890904
2725.5451090218044,77.82180966835776,157.89217573320417,2.2276875735911266,12.167594933026637
2725.9451890378077,74.59822316471545,157.73855307856525,2.2696893108325047,12.686623019462765
2726.3452690538106,80.20620272383188,154.17655890231308,2.2317330302002625,12.178115480045893
2726.745349069814,71.61922884115057,157.26119521186163,2.2710338128381586,11.756657278138126
2727.1454290858173,80.58721956806535,155.4354231329143,2.261854595950017,13.073809543035187
2727.5455091018202,76.6395912717087,156.72450042662578,2.261660431644988,12.273761532163812
2727.9455891178236,74.62110278409588,155.09435618794572,2.2946909608210735,12.424360238078926
2728.345669133827,75.83317952562254,156.67337199313255,2.1947801934443305,13.062003601049021
2728.74574914983,75.42864119111944,156.73632354097987,2.2210079967033685,12.028648593459376
2729.145829165833,80.68352417101332,157.94957934942585,2.310847548283988,13.76402434070723
2729.5459091818366,71.44003543542517,153.62704665311273,2.2304039918543905,11.746196624498195
2729.9459891978395,72.64070226828244,154.0064923172474,2.1284735374664754,13.691387399455788
2730.346069213843,79.7796868882317,158.4815773484757,2.233342359383993,11.30180561824368
2730.746149229846,73.1957013910145,155.5398384547638,2.2472420545042318,12.48413139017647
2731.146229245849,79.12300987612804,160.17653887150166,2.137544098201493,11.54465226966328
2731.5463092618525,82.26132946891217,158.01030840255694,2.2959709647757234,12.942850324509113
2731.946389277856,73.7987858512486,158.92109870659363,2.2144507208491935,11.653115716950163
2732.3464692938587,78.07346906179714,160.888123374964,2.256528185433368,12.256888130952762
2732.746549309862,70.67497872846914,156.54445527225926,2.2347335988834662,11.492232016558027
2733.1466293258654,78.25008437900668,155.83999622532085,2.19262675949522,12.750905303970708
2733.5467093418683,75.96992663608417,159.41309157179185,2.2017291993790096,11.46496888187725
2733.9467893578717,77.00514044177811,158.46538303945292,2.207535669978009,13.324731722324714
2734.346869373875,72.47113370986654,156.68117974928597,2.2887560658721906,11.169617405053216
2734.746949389878,68.34920203790611,160.58619967570976,2.239818612673714,10.87831334523286
2735.147029405881,76.9463376371981,156.53513652477653,2.225237212070463,12.704443334116908
2735.5471094218847,66.61919138585141,157.10601770561075,2.209119907819192,11.458258211062326
2735.9471894378876,73.54255855270462,157.03562078555515,2.2947434410378293,11.914140241442185
2736.3472694538905,78.51552739548016,154.60470466388617,2.3058593843984494,11.6504797128905
2736.7473494698943,75.45691414259763,157.09392327332867,2.295075721431039,10.846514198413436
2737.147429485897,82.42090189276979,160.35077625569662,2.267778818891353,11.82331974708241
2737.5475095019,78.66586187270674,157.9303586840067,2.260070611887009,12.885147008441738
2737.947589517904,71.88741248620364,156.85480507075494,2.2002367046069895,12.664009314795234
2738.347669533907,74.54952816350114,156.33208389027897,2.2394389787754108,12.035205205427438
2738.7477495499097,74.18774927007277,157.5231726836735,2.222315578803822,12.727842834362436
2739.1478295659135,67.98517230366997,158.53007258451998,2.177048459415034,10.978656516230673
2739.5479095819164,70.48862182261782,158.13855232083827,2.292750348282536,11.554137142439295
2739.9479895979193,71.94320386582942,155.7457410959067,2.223035789463268,12.119359875400876
2740.348069613923,65.97708838513951,157.34745446431526,2.2991077446326953,11.686585532511756
2740.748149629926,74.24736109884886,157.69559672576082,2.28694170774202,11.581646412915942
2741.148229645929,72.99621163671662,153.93815690507213,2.274343053655039,10.806764045310778
2741.5483096619323,67.23573119840171,156.83726827520647,2.2769928769768155,10.090366203086228
2741.9483896779357,75.47866309540065,150.97413074074282,2.2282688321102273,12.397879124246266
2742.3484696939386,76.65950553436329,157.54457468805433,2.3275999576288564,11.926296359186258
2742.748549709942,74.63805453620493,157.95009986483586,2.2554162210185233,12.441437424087553
2743.1486297259453,72.36724618688186,158.1292616492345,2.266174408524493,11.358156152056841
2743.548709741948,75.96259102631157,155.23408603388833,2.228540707364775,11.125815404272986
2743.9487897579515,76.25070972498023,156.95578023471668,2.2176644492197393,11.689355572707768
2744.348869773955,74.69215183023806,159.70466132554768,2.274410875404748,12.355543145354282
2744.748949789958,70.0965022995039,159.6409684053411,2.2644282238473323,11.475074680297407
2745.149029805961,74.43347367658014,155.9955345428191,2.224562908979838,12.289704483352715
2745.5491098219645,78.04081918106274,156.37884223059393,2.1990099222079538,10.831256731882673
2745.9491898379674,70.80391404769205,158.77005315663914,2.2061607196291346,11.495159206303851
2746.349269853971,81.51343018009692,152.20315809563948,2.305214305868027,11.556226409290167
2746.749349869974,70.95010156666206,155.1100177321328,2.233250777633336,12.581417585912153
2747.149429885977,73.11291687780978,159.21933371508072,2.2446372174693145,11.754382609261267
2747.5495099019804,70.22372211490463,158.28126636485163,2.31662045183035,12.973104978815837
2747.9495899179838,73.73683678416032,156.72943924901273,2.214134751370731,10.486044670281807
2748.3496699339867,65.80466999757924,152.00487135676786,2.23035556037357,11.656064512087685
2748.74974994999,70.51890841018076,155.6080075330132,2.229099904104456,11.68357209007623
2749.1498299659934,68.2638262792152,154.22148395842692,2.3249891816568407,12.024039938485986
2749.5499099819963,73.10261771785908,156.48751803328057,2.340418285957049,10.86517666417249
2749.9499899979996,76.46772598172586,153.6003617892548,2.291162613870646,12.8513084887866
2750.350070014003,75.00235343096922,153.02338753892562,2.2928532451712806,11.50199700521507
2750.750150030006,62.859804637498584,150.38966055790954,2.238722056899295,10.609833967226136
2751.1502300460093,80.4425564373152,158.57062378969317,2.340248423779127,11.454517861500308
2751.5503100620126,73.38295683409179,154.48113512010758,2.27348278526717,11.204646322529582
2751.9503900780155,69.02312441649033,155.8380365709317,2.297319616975622,13.669589212464178
2752.350470094019,72.6846423860508,155.40434931831754,2.259395097676756,12.27076946709384
2752.7505501100222,72.68762672480335,152.7062944513698,2.2533162950954195,11.458345152027146
2753.150630126025,69.24193745745261,152.1923142456295,2.3309814038657124,11.316872250730896
2753.5507101420285,72.62719322788493,152.79194890390977,2.286471384094253,12.155028732070734
2753.950790158032,69.33156216544803,153.46273915680814,2.3233607842926634,12.181038785690525
2754.3508701740348,70.0696598124132,156.1527631310572,2.2759428241755093,9.040463169900788
2754.750950190038,68.86738060719907,153.2127047215408,2.2322195667995484,11.871839970158268
2755.1510302060415,65.80693545235539,159.53414131401948,2.2432456383669095,11.367549376209606
2755.5511102220444,72.04582524582092,157.70187304619128,2.2711236862566846,10.283980192506435
2755.9511902380477,73.72827235996019,157.12114029581423,2.2423713792143363,12.024774145469461
2756.351270254051,73.37094194938312,154.7675057496194,2.2235598301980906,13.105249364103182
2756.751350270054,74.5151804402043,158.81893242157008,2.31634245085403,11.741420426641813
2757.151430286057,72.4566522630461,154.45496044475547,2.246919031100088,12.16399979618517
2757.5515103020607,68.9519427716738,154.88873166094413,2.27467018646106,12.714614407324898
2757.9515903180636,74.36479613568721,155.3588993207625,2.2814170379777665,10.594760283676983
2758.3516703340665,65.49911023163662,156.6557658150438,2.2464753593655753,9.760552558752815
2758.7517503500703,67.24927960547262,156.46089148481255,2.328463822132419,11.759731177363772
2759.151830366073,66.9176958617612,153.6483893583584,2.2261770981776183,11.023766671707083
2759.551910382076,75.01699890335436,153.47146807696686,2.2817592672932467,10.110123736593527
2759.95199039808,74.38995599415125,156.3716285018491,2.281571013038188,11.13452223192551
2760.352070414083,72.48980015607704,156.52805057111047,2.269988725536993,11.766680908203325
2760.7521504300857,74.7498271906252,153.72483892543417,2.220715563746908,11.05303971302328
2761.1522304460896,66.8662576296302,150.70867416593345,2.3078584796548816,10.530318244625235
2761.5523104620925,71.69880403584742,154.12695203022105,2.3032004612872194,10.96852733550949
2761.9523904780954,69.72451567156826,156.17282537394337,2.246872094725335,11.119293837687007
2762.352470494099,73.53328792877824,159.09649262324416,2.3026296669608466,9.578820679201968
2762.752550510102,69.60516628237679,151.55716660059107,2.2897623672398018,10.995707520932013
2763.152630526105,68.4463542051507,153.4549160858944,2.2239779902991192,10.021965676358688
2763.5527105421083,72.06958250560827,153.51729007940503,2.2414822679625113,11.612159024438643
2763.9527905581117,73.33020918241911,157.84993949029132,2.3216081597703293,9.823594110992707
2764.3528705741146,67.07149851344143,154.3428722799174,2.2888915526951936,11.870061605439346
2764.752950590118,69.41968737444407,152.1318825885327,2.254381313541303,10.720045280313526
2765.1530306061213,65.34910357490627,155.76708355048228,2.243053441460836,10.600456149606526
2765.553110622124,59.5092646702158,153.32906913144438,2.2572162874435846,11.257849719612324
2765.9531906381276,70.22175777988937,151.25019139858384,2.2604929338329747,10.31689782174916
2766.353270654131,71.77372038258441,152.04989485425693,2.2448741796515397,11.220151388852361
2766.753350670134,70.3043163961758,158.58777626504437,2.2094832295244404,10.398887306983175
2767.153430686137,61.3755243033261,155.18421272981698,2.32519592253539,10.526596453775264
2767.5535107021406,67.68786859777673,154.46428347334265,2.318862835898424,11.283667393914254
2767.9535907181435,60.135144871446116,153.54151833670986,2.2295498665462583,10.035909786441103
2768.353670734147,74.40438570987789,154.8681701238217,2.2863756266269997,9.92268522945309
2768.75375075015,64.49818542024582,154.8101095428609,2.245277228291015,11.120106619024776
2769.153830766153,73.7806190892325,154.8118400390774,2.2713481373193107,10.887367980527367
2769.5539107821564,72.45886389693946,154.34060592869812,2.2684647179967143,11.03119427741412
2769.95399079816,64.98918568944661,156.19774153735153,2.265587049438214,11.145694322100006
2770.3540708141627,63.97635152043259,154.0559366077415,2.3632638170712563,10.916816921562663
2770.754150830166,69.82470021091487,151.52593657403315,2.265978897559065,11.344714880698278
2771.1542308461694,64.96143635934577,152.4125125293387,2.2517078356052145,10.923504933949477
2771.5543108621723,68.66397073459073,148.96898759254128,2.253982064337538,9.227018789969057
2771.9543908781757,66.23780931152707,158.95672046255822,2.3266837987513096,9.421851184534791
2772.354470894179,60.959362735747675,156.0198865735591,2.2192964890908566,12.34980616298136
2772.754550910182,59.07679160854234,151.7613256486538,2.255323987263936,10.794783341727248
2773.1546309261853,68.8198599088906,153.1055712219,2.3441505955987108,11.542189332360032
2773.5547109421886,65.58114446710196,152.1918535774539,2.2964863609045714,10.49269424589318
2773.9547909581916,65.52906340242714,157.6144544581885,2.2948534750982392,10.710097913722464
2774.354870974195,70.43872130005765,150.18261572360615,2.3729125817373724,10.381062207073182
2774.7549509901983,72.26267575880817,153.992901810142,2.297931213604903,12.703731122338727
2775.155031006201,66.39216729272394,153.4099761943002,2.2602008617030767,10.920809970228905
2775.5551110222045,66.0331910792411,155.72315790641926,2.2776966758595805,10.277547994691595
2775.955191038208,69.30919935957998,153.37098546108064,2.2440143498456697,9.371412409847201
2776.355271054211,61.79372925199849,149.2106154897871,2.3401214387601796,12.258832434197094
2776.755351070214,68.02673243193533,152.9536544725933,2.3133191684763346,10.536416172392794
2777.1554310862175,69.25411855903498,151.1265373932828,2.3357664328308814,11.249607141210456
2777.5555111022204,69.67975714216,153.7315684570411,2.3397628122492566,11.326198470520314
2777.9555911182238,59.12389571753746,157.09392187839333,2.275129030136668,10.258304903322598
2778.355671134227,63.737365657121885,149.13595918522148,2.254361768321374,11.153692180635405
2778.75575115023,63.18142533410551,151.46019204457406,2.29053819050611,10.119571987082173
2779.155831166233,67.005530585807,152.0554269287031,2.2581515129766787,9.79768626437533
2779.5559111822367,68.44027974023551,152.45967610974415,2.3001158767288956,11.508735990414563
2779.9559911982396,72.41527735363151,155.24084690884757,2.339257524663316,10.437741823366503
2780.3560712142425,64.35952517716777,152.9336352282954,2.2877045098741347,10.966224956932843
2780.7561512302464,64.25986697765012,154.38415148948448,2.300886740920228,10.86726518361316
2781.1562312462493,70.75943484435516,151.75754560221665,2.2915903463544924,11.035980054301124
2781.556311262252,67.25746567775435,153.87430799678188,2.3279108963993984,9.267503499635879
2781.956391278256,71.0519979140107,155.22169576733995,2.2695485057922733,10.031591709411753
2782.356471294259,67.04636205458658,151.4243432557554,2.208860341465196,10.22732768643602
2782.756551310262,61.172867408288255,155.1865639983705,2.3160117157172864,9.808801206390688
2783.1566313262656,60.37853141436318,153.34236356192375,2.3371494833865145,10.804258673560174
2783.5567113422685,59.41453534251209,155.80353179667492,2.3159505940306935,11.397629489697575
2783.9567913582714,68.17816118594028,152.66496785430016,2.2729462913730356,11.511317430327978
2784.356871374275,70.19354210096411,154.10045274254784,2.2536152801893534,10.150853482222441
2784.756951390278,72.74563724278684,153.02483635211152,2.3192562810124646,10.642830546593567
2785.157031406281,68.62947823811326,152.86501966269293,2.305596512905713,10.752806260376465
2785.5571114222844,69.8171152721828,153.73226256588774,2.2953669808723327,10.880323034281785
2785.9571914382877,62.754236967611945,154.4065293660914,2.373758903750134,9.667829968664163
2786.3572714542906,60.357019114318526,149.92036085814524,2.263450399891823,11.813815340131333
2786.757351470294,68.29122000741812,156.608308077098,2.3727862644229627,11.085573665745844
2787.1574314862974,66.46968766560703,148.3552060658053,2.3035188626922216,11.093476744515819
2787.5575115023003,65.13664728695701,151.27266192074666,2.2292877500510486,11.281118489143655
2787.9575915183036,66.16410547321742,152.7295371805424,2.2960058619963566,10.732645858522767
2788.357671534307,65.81495734635075,153.9768067935338,2.34201754339449,9.470466578670132
2788.75775155031,69.5649263055608,156.8672447689923,2.2894995609988866,10.168112959902992
2789.1578315663132,69.51689372033455,148.26217108569656,2.245575009159992,8.945415937121403
2789.5579115823166,66.42097585455105,151.61994082994164,2.2984502812503544,10.585277913325482
2789.9579915983195,67.53430103507074,147.5535589722341,2.2712089991874995,10.104804040215114
2790.358071614323,66.11418837832554,152.93135456949344,2.325633818407735,10.194705994338566
2790.758151630326,62.11996287948977,153.51335614501585,2.337362896517586,11.177267677347885
2791.158231646329,66.89746065481434,156.79317489607865,2.264642059052545,9.83540841676559
2791.5583116623325,58.19963983142357,153.10000180725913,2.279126991307455,9.986236061671638
2791.958391678336,67.89946396981497,155.39089829802705,2.3380914336109133,10.19243829784995
2792.3584716943387,58.81194465756591,154.22304014808995,2.2739388453949374,8.689785129843427
2792.758551710342,64.6392507244155,151.6581305152536,2.2654734693183673,9.935841533586592
2793.1586317263454,60.021286913327586,149.20684448916145,2.2620796210850775,8.146964382366383
2793.5587117423484,65.52118936507286,153.39993942411294,2.3237765725359707,9.654085306533592
2793.9587917583517,63.07753023966399,148.96555811851078,2.322529385186706,10.79355049718112
2794.358871774355,56.739673557219305,155.91740267153415,2.283269566977178,10.45410371877973
2794.758951790358,64.70683220948357,152.257994091357,2.311303435890081,9.607320025583613
2795.1590318063613,60.61755843787888,155.63504994038783,2.3726542039963663,10.102695299137217
2795.5591118223647,66.35890936980536,151.4307202783357,2.273075664335588,9.196940235122259
2795.9591918383676,62.744580783684626,153.28772634480578,2.234437798293406,10.041927109072404
2796.359271854371,64.22579363466471,153.1235077743917,2.331180224443979,12.374922846114192
2796.7593518703743,58.71854318288832,152.47225499728245,2.3090311169988613,11.494167368399792
2797.159431886377,60.09607855780668,151.48813974881435,2.2855163822572107,10.046478683668383
2797.5595119023806,60.523322117601936,153.53604556480587,2.3404710740888954,10.11934601725059
2797.959591918384,65.68903798849253,150.2248082580058,2.3484276025893625,9.194423242351474
2798.359671934387,68.87597158227422,149.50213306743836,2.2269984582095814,9.323484184506077
2798.75975195039,58.84989667847282,155.61848783243335,2.289696891477418,10.24149813843917
2799.1598319663935,66.28198354401368,154.31523417574596,2.408972929235862,9.518667136252727
2799.5599119823964,53.199776936461674,152.64813138134022,2.3400801886946128,10.64872673582824
2799.9599919984,57.005514545302354,156.6325411790702,2.3442600862509195,11.167976904176186
2800.360072014403,57.85083530760221,151.78674914780544,2.3646038937448712,10.165141780033787
2800.760152030406,56.1794843394181,155.74959372583504,2.3188432873533302,9.96724726819215
2801.160232046409,55.15863002851191,152.86863877690027,2.3505005389991718,8.528041778549419
2801.560312062413,63.04833979752806,149.85488988156652,2.347828515741272,10.457557338471602
2801.9603920784157,60.44333153706162,157.0241258756048,2.3411407750283684,8.93133151881022
2802.3604720944186,62.72038126355739,154.8682567410336,2.3071719339167553,9.49865649414782
2802.7605521104224,63.86770847905472,152.07657700357387,2.327408280265001,10.587515632436073
2803.1606321264253,62.07124603664843,154.1849035521632,2.2974651811041493,10.630448521164082
2803.560712142428,63.542694919160965,151.34575864127058,2.321986142472299,9.420219054016217
2803.960792158432,60.53628259619622,154.41612777047933,2.275208064154545,9.453071814425103
2804.360872174435,55.9691146468613,146.35399299055547,2.2907970692991957,9.207524455820094
2804.760952190438,64.85092987239695,149.7708166833934,2.3116040725730818,8.795468081161768
2805.1610322064416,58.165719616391385,154.75729651151838,2.28562305510546,9.232682491020793
2805.5611122224445,56.68218956094363,151.67403208192394,2.3036454890809335,8.436779002509118
2805.9611922384474,59.615223033445204,152.80624720686913,2.3177642344456237,10.260493630827536
2806.3612722544513,56.577885375844744,148.90984474186013,2.340887043584757,10.016419470179958
2806.761352270454,58.46155834201166,156.88609081686192,2.3632422974507747,10.135977572249509
2807.161432286457,61.40956423994342,155.23255898575658,2.3071962620137816,8.910781065509376
2807.5615123024604,61.328703628701575,151.74453061102773,2.3796276255820508,8.704994685545023
2807.9615923184638,56.24592552716513,151.22471013801723,2.3642438572040305,9.690606120440622
2808.3616723344667,57.788255995426276,154.80086425850442,2.347339306263727,9.68581711731782
2808.76175235047,63.93816534517784,157.17363061339677,2.333797819456818,9.503456432956165
2809.1618323664734,61.52811535296395,154.59265392323528,2.340893148242319,9.376419839987472
2809.5619123824763,67.74438388613181,157.62875651292043,2.3760869764709813,10.96335823416337
2809.9619923984797,64.06617413607734,149.88456594756389,2.378024884914948,9.92228583996254
2810.362072414483,63.82430186941381,150.133369582708,2.38295648455197,11.14473388963772
2810.762152430486,53.597055566241025,149.20107431118274,2.3316887510027837,10.570085735742328
2811.1622324464893,62.105304944541835,153.2696173299025,2.3527115686639624,10.904250253733398
2811.5623124624926,58.73870527750737,152.5962114231282,2.38473208529564,8.668780421554715
2811.9623924784955,56.648410973098656,151.76950991522224,2.3065190618354716,9.989601938976122
2812.362472494499,59.425543590347296,154.16491788880785,2.319208639122638,9.156364721972913
2812.7625525105022,62.43541232796363,155.21517493010663,2.3330645182713305,8.15777723216778
2813.162632526505,60.55891801845782,148.31297807885025,2.368884864790958,10.671996211743922
2813.5627125425085,54.94266500184283,150.62768338398553,2.369985786463589,9.226944382805664
2813.962792558512,61.32730908733352,154.16365053542896,2.3246224393916965,8.604519544536
2814.3628725745148,55.70798274941361,150.93732175739905,2.273990843909698,9.103649987331272
2814.762952590518,59.02587272421235,150.1047290872346,2.3446609095404787,8.78501985839785
2815.1630326065215,56.84649674268322,154.64036262390923,2.2985593439949246,8.853736776430829
2815.5631126225244,57.0851397920099,148.86424269189206,2.2761730836539558,9.218106413230952
2815.9631926385277,60.92623709690786,151.32821625989283,2.285694312989476,10.76673330134643
2816.363272654531,53.60110491677592,152.8981479235723,2.3497831571346164,8.83571750763383
2816.763352670534,65.443230484742,150.63655938305328,2.39164824707704,10.68287612438315
2817.1634326865374,50.278633685859994,154.02376890605117,2.339241460118662,10.021215585872016
2817.5635127025407,55.07279398142152,150.63865727376356,2.3466199200880227,9.645848265751914
2817.9635927185436,58.8447595944573,155.57756779457137,2.3859595900860744,9.914010281973262
2818.363672734547,59.601578183005216,151.73702212357293,2.277344775583906,9.313120469812565
2818.7637527505503,56.76279187395878,153.72513152406597,2.3604092856062073,10.31771621148205
2819.1638327665532,56.83547053429314,153.9077839376449,2.339617968133639,9.729139101534736
2819.5639127825566,58.607539223953765,150.4698415261504,2.363203259183182,7.930499504121569
2819.96399279856,55.94133505119437,146.9011422889547,2.3217010729661274,9.48590994338299
2820.364072814563,62.33858220943564,152.93311486720344,2.3088024698955585,9.862761788325574
2820.764152830566,60.02346958631124,152.20851290105588,2.347619910220969,8.99105601127175
2821.1642328465696,60.057559817295534,153.41412342579645,2.40844685643464,9.30993429854104
2821.5643128625725,52.601799733487404,151.45520580637552,2.377395310637223,8.705314786684047
2821.964392878576,56.04901367085958,150.94262121138703,2.323130948692667,8.080171273308538
2822.364472894579,55.064822441315435,157.0372388289833,2.290279577781989,7.928640016682772
2822.764552910582,52.14437932609446,148.33273689225643,2.277115610858487,7.925956004428526
2823.164632926585,57.50752148128745,153.84626391487052,2.397522163115787,9.677514299962349
2823.564712942589,53.81634455439377,150.57284869968592,2.3071548127880517,7.136720548296391
2823.9647929585917,58.488590267911995,151.16807240284896,2.332817520087627,8.582428745413747
2824.3648729745946,51.486242182800765,151.21312746408216,2.399166483552334,8.489756259620265
2824.7649529905984,62.54319209458325,149.99586447283477,2.2822419883851763,8.863216954575785
2825.1650330066013,51.981709540955535,153.43127632697204,2.406968657856986,7.590464599557943
2825.5651130226042,56.34425097997249,155.47879047846817,2.3376125095595577,9.38538519790938
2825.965193038608,58.53447285292364,153.17638138451198,2.302294861291556,8.030410181746502
2826.365273054611,52.98446199586012,152.25916802959105,2.3388242355343998,9.941528062827262
2826.765353070614,58.57688212159835,149.53417767089107,2.3202944892016957,8.524855237483532
2827.1654330866177,50.15025431468422,153.29210803951702,2.3673112459542076,8.932441416111446
2827.5655131026206,60.775439588389006,157.39088498993576,2.324233252470154,8.998614923246098
2827.9655931186235,54.92354646600477,151.04844046649873,2.2741729560886745,9.17765270520899
2828.3656731346273,52.38128651840737,151.0605842708517,2.3422962333055617,8.998535477476647
2828.76575315063,53.47019153528726,150.59838665882427,2.2973370147883183,8.613899802576048
2829.165833166633,57.802587508709244,150.77834023459224,2.360251683063266,9.2166915516048
2829.5659131826365,52.12908800207427,145.13959333018676,2.3050737304472437,9.301835202218621
2829.96599319864,51.369485682977356,153.0165971207923,2.333518469442335,8.303474886073076
2830.3660732146427,53.38078745490244,149.8914946923321,2.360822509949264,9.24334241392031
2830.766153230646,49.45911453246211,147.98128383339588,2.3455006399568092,9.842290422561605
2831.1662332466494,61.34918108752145,153.89168300454213,2.364496163007095,9.440296108213882
2831.5663132626523,51.701484496973336,149.30563015048435,2.3821703691815888,9.608148129999632
2831.9663932786557,57.19360394621663,151.16616842244272,2.3091214301521985,8.986452481688465
2832.366473294659,54.60510920878849,155.68131341628984,2.353342733413826,8.086664057976266
2832.766553310662,49.729204477175784,148.494734235223,2.223218297930967,8.174538271600275
2833.1666333266653,53.54365497821109,148.18904431802977,2.3667715511728047,9.064834516283385
2833.5667133426687,56.60364099782272,152.6967714041963,2.3453253742333997,9.549806368720013
2833.9667933586716,52.61476513345162,154.9003901846401,2.318499616908134,11.010997176200693
2834.366873374675,58.04046897586461,148.09418310797525,2.370945996581609,9.554398532614888
2834.7669533906783,57.25431320502767,153.05282711804566,2.405704675851343,7.81926684461284
2835.167033406681,56.744174813634785,153.48986670582994,2.3402355533543533,8.128473073589378
2835.5671134226845,51.13018298308821,146.89343139114243,2.3219631081521204,10.551781938253734
2835.967193438688,48.549767470232055,154.04175030999306,2.366836053361319,8.544135232883281
2836.367273454691,50.31514813648458,154.24137560379722,2.3072900584882916,8.740337784026208
2836.767353470694,53.45485931943533,151.27496043562599,2.334778276401904,7.9206737082245
2837.1674334866975,54.753476706269055,155.1900532139674,2.4105687441282786,9.927772673726535
2837.5675135027004,43.784517418694065,154.9052886054302,2.3646388702549537,9.062640822010179
2837.967593518704,52.33886390017419,152.32710621208685,2.2874519794582,8.02937915268601
2838.367673534707,52.904229352504466,150.94605895956184,2.2912298592245572,7.840687708477619
2838.76775355071,51.06229483798784,149.64816299131084,2.370071726660756,8.868200604345521
2839.1678335667134,57.23821188984332,151.99208342475495,2.398562599164235,8.644493760847041
2839.5679135827168,53.660928350123676,153.51634809682147,2.2998406948833288,9.261510299034622
2839.9679935987197,57.11531564316416,151.2876663021053,2.3830125311527115,9.020092204812437
2840.368073614723,50.91149591433401,146.6107125880073,2.418716133896708,8.35763051081513
2840.7681536307264,55.42608956582418,155.2828054027112,2.441495009576446,8.12087300516496
2841.1682336467293,58.117339976302596,152.5933331317727,2.3797077032278953,8.414662248491489
2841.5683136627326,56.72479778632896,151.17566701706343,2.3872089223039348,8.08877523499103
2841.968393678736,47.010463580657486,154.27477610482464,2.2820873466173284,8.411869756533694
2842.368473694739,50.26538956796175,155.95082711390316,2.451882606955399,8.515887587083544
2842.7685537107423,49.80055852232393,145.14200072012056,2.3453505505383956,7.771101247506442
2843.1686337267456,53.03942007530869,153.2401862380922,2.3315088360674863,8.980703492173513
2843.5687137427485,53.729063452507496,148.59584991789322,2.359116826287638,8.166533659104367
2843.968793758752,47.529390121031206,153.4183933174116,2.43026926001574,7.7760872321619585
2844.3688737747552,51.05769232436982,152.49877734518276,2.4586012762603824,8.155030370612089
2844.768953790758,42.60807383711889,153.77681603478754,2.375772748181065,8.616847224116963
2845.169033806761,56.3570771089761,150.9481190575662,2.4111565868895233,8.476198494575106
2845.569113822765,48.44138464247604,147.52207408791662,2.373438049864033,8.734192578443016
2845.9691938387678,50.6159940586404,151.08838796219794,2.3306745824840145,9.101908119822482
2846.3692738547707,49.05566988617521,153.24075929874738,2.431732503891405,9.413919563200261
2846.7693538707745,54.780184806771274,154.77165039709982,2.3482538522789786,8.58509562289173
2847.1694338867774,38.74793139917819,149.31331817677562,2.4350362122520757,7.487927253727225
2847.5695139027803,49.93347691747735,154.82047172759678,2.4260324963360813,8.114906235788013
2847.969593918784,49.478684412014005,150.6432614383541,2.3991279841506183,7.513489193604168
2848.369673934787,47.98953664803947,153.17938552560568,2.44820103952437,9.661179557843555
2848.76975395079,56.61119430518788,151.00904164099956,2.4648112281355496,9.880372842569821
2849.1698339667937,46.059260944628086,152.74991571949565,2.368982808294003,8.797460437560114
2849.5699139827966,52.598140443539755,154.53509267012362,2.3441157491706663,8.95074146744195
2849.9699939987995,50.838431703698866,149.24896950912563,2.302371503223184,8.45149549783492
2850.3700740148033,54.36205179421054,150.62804264084488,2.4672041780705625,8.530355927052724
2850.770154030806,46.54986366082343,152.80171296751254,2.360304003594093,6.94632183834119
2851.170234046809,46.18948215827189,158.35496107644005,2.4237669559151187,8.151917171340823
2851.5703140628125,53.40846923529484,150.20491924641442,2.3491892628202087,7.492922361753314
2851.970394078816,50.628402340419484,157.47531589086987,2.4408438938839443,8.409715752588538
2852.3704740948187,42.65039242698063,157.3983229958295,2.351782146768531,8.1237323852999
2852.770554110822,46.57604521952123,152.15646619583103,2.3325914553879095,9.71567166392781
2853.1706341268255,50.182019664194186,151.66703772949353,2.372393118516145,8.87831423609838
2853.5707141428284,51.89087156319407,150.69512651631536,2.359935284101755,8.359423886056808
2853.9707941588317,45.72632109662632,152.26784900764252,2.4055310179443823,7.90506905429763
2854.370874174835,36.689753732457376,148.93481777985198,2.3800957184608658,9.446248829216707
2854.770954190838,50.34331091100865,152.27447490560198,2.407731871628932,8.068283222894161
2855.1710342068413,43.27288392099531,156.2209241314874,2.3714549451377502,8.344405871213153
2855.5711142228447,39.988669578005776,150.96485654719118,2.3569633019927494,8.099690697192502
2855.9711942388476,36.63269027618058,151.90479880459577,2.360696728891718,7.7293968155589905
2856.371274254851,51.121999275532545,148.2679931886822,2.4663080145499707,8.068758524303096
2856.7713542708543,48.2847416832911,153.47042869482857,2.3939883662331947,6.4568184169630936
2857.171434286857,46.77195812753166,153.2111009170115,2.3061018580244577,6.775069937486902
2857.5715143028606,53.135110124342894,152.72396980161582,2.365114551116582,8.279787527650674
2857.971594318864,50.032859209842776,152.03765727694935,2.390267862652069,9.241495822407058
2858.371674334867,53.853428764888406,151.86303474175637,2.4606792594017017,8.252370933755005
2858.77175435087,41.72207665849276,153.86507822599364,2.428481009342379,7.384362016686223
2859.1718343668736,47.05972936538318,152.55387753653824,2.3509338702169944,6.793242282122606
2859.5719143828765,40.6361165583172,153.42913324057233,2.4850060678628836,8.56202047801338
2859.97199439888,46.09060533046408,153.19513807344742,2.3874944049076174,7.4675211974093205
2860.372074414883,45.91896376343413,155.48241948503207,2.439062718122027,8.422749630806814
2860.772154430886,49.325303684930205,154.3826993378254,2.343477613027695,8.20694279411194
2861.1722344468894,46.90665756843665,153.18892393709012,2.294219574091257,8.264585811878636
2861.572314462893,49.123715967350265,156.5195718643832,2.3342766976667395,7.895727217836947
2861.9723944788957,49.34966728915392,153.79112760648638,2.261068188688075,8.162667301988192
2862.372474494899,55.06157628799628,156.01999435117563,2.476032379028426,7.747099867932806
2862.7725545109024,45.08676676400514,154.29226715435885,2.400597105319953,7.321335473895648
2863.1726345269053,42.49009287712087,148.1876274065395,2.3554967115544505,7.04570454758837
2863.5727145429087,47.14488842455319,156.0722177542433,2.4110538150011753,5.895425698997172
2863.972794558912,42.85794562576783,153.16596826616976,2.4009882912226836,7.645479940159101
2864.372874574915,51.90156356305608,152.71622842828785,2.4187180327218076,8.992810965034073
2864.7729545909183,44.7476475665779,153.56776459179443,2.44272740789929,8.348319361688919
2865.1730346069216,43.5251594537837,152.02040465733853,2.383214445213026,7.933375556308157
2865.5731146229245,43.80929470293844,153.469093818703,2.3600825397847904,7.1509634093023715
2865.973194638928,48.47546889014535,151.4406806663049,2.428851619206413,8.523004162310013
2866.3732746549313,44.87820330322739,156.12509049284438,2.428298094953105,7.616657007386382
2866.773354670934,42.85006790902349,152.67466821358636,2.4006980606701456,8.959029945506247
2867.173434686937,51.98584020681449,152.02159696651125,2.4842343084016982,6.90119714833727
2867.573514702941,41.80760539126353,150.6853493179028,2.38008243315338,7.073082292244631
2867.973594718944,45.282557613400435,153.68939960421577,2.362063837824996,6.982239470316454
2868.3736747349467,47.65768430528479,153.50521292601326,2.4152443105298036,6.4613648600694535
2868.7737547509505,38.43144492689206,154.02868030231917,2.371985290718523,6.884434622845642
2869.1738347669534,46.78631379941631,150.50985096561539,2.419265269065049,7.703660941421871
2869.5739147829563,40.553489737419724,149.09557770109626,2.3665857292232872,7.038351488502812
2869.97399479896,47.97386389074739,154.68324683720815,2.384357464467881,4.510043296031849
2870.374074814963,40.741106189911335,156.8517987570061,2.476461510605476,8.441600388737138
2870.774154830966,47.27193043420557,150.5954229736712,2.385064775965548,6.221951963070017
2871.1742348469697,48.833498694533255,157.1562103371576,2.3697942200440076,8.027661838574222
2871.5743148629726,47.76539415933644,153.91387180821573,2.4490350767874007,7.568310278852645
2871.9743948789755,45.23456723098627,153.208110628793,2.3606255192574297,9.224303452970211
2872.3744748949794,43.21392184745646,152.25375633235961,2.375408365420848,8.315045037928005
2872.7745549109823,41.74344613826619,149.80837942048618,2.426647058868427,7.100876553215329
2873.174634926985,49.84343731518601,155.7612281208977,2.441579209225952,6.929997944452015
2873.5747149429885,41.07166850122811,151.3753090091179,2.453319561679661,8.680926955333842
2873.974794958992,39.63191407422758,151.38741177539245,2.375068998799003,6.285151464745504
2874.374874974995,46.352362683982896,155.83953301062638,2.4292551940909948,7.6056634019796014
2874.774954990998,40.41722932441692,148.67523235624066,2.3872271000549383,7.335181836222955
2875.1750350070015,39.71259458491238,149.59685489373325,2.3821013860947673,7.1526238118335765
2875.5751150230044,37.649687431429264,153.38385671217105,2.4549119054134363,7.697150084325727
2875.9751950390078,41.40390631578667,154.18593048757586,2.385256597019563,7.55312884869866
2876.375275055011,42.91631347725835,154.68826706117687,2.418821928233094,7.754551515126309
2876.775355071014,44.13135650291535,152.745828902462,2.414371484269248,7.486969363943541
2877.1754350870174,46.876220120617475,159.85032740515973,2.3657722778899855,7.697099911228511
2877.5755151030207,45.090783329421356,152.97893306950724,2.447699897706233,7.424820974127001
2877.9755951190236,42.13209159349209,152.99614318461798,2.4319207296647267,6.809769493344312
2878.375675135027,42.015380351077965,151.60526858517022,2.3305107565206455,7.327702408734068
2878.7757551510304,44.76157066433166,153.93231131097565,2.4215116859533383,6.740190827583365
2879.1758351670333,47.724195715754135,155.18493840663024,2.379947934857267,6.674605806979767
2879.5759151830366,43.05234407360308,156.68165328627026,2.4552014821965065,7.017202507824636
2879.97599519904,40.58393539651942,149.97485179903268,2.3539536379681767,7.177807867620074
2880.376075215043,38.402567059378136,153.10860962938682,2.397961274767425,7.288759057589556
2880.7761552310462,36.50698435249438,154.8660734385469,2.427151614992726,7.980922883872168
2881.1762352470496,44.8668619209649,155.24285531951116,2.4152940783235555,6.836298221619235
2881.5763152630525,44.427880003124834,153.8176605464297,2.444088181395151,7.379809413692147
2881.976395279056,44.33980891152186,155.18360630217006,2.353281904022051,7.3040172106643855
2882.376475295059,41.430313525292405,151.83157388810852,2.4805438338463834,6.7099684215735165
2882.776555311062,47.48749575795081,157.77536391509946,2.4359210650154757,7.243148600448289
2883.1766353270655,39.83829858746142,156.38896648157075,2.469751563672049,7.973626994276807
2883.576715343069,45.51107699406992,150.57205152436498,2.450779533421327,7.30795775978012
2883.9767953590717,41.45046898964806,151.27376671788946,2.4157921454051072,7.327331949846922
2884.376875375075,39.08769243366967,151.37155158549106,2.3653347735322456,6.569123321117543
2884.7769553910784,43.80708739291416,155.71129048319418,2.394606252184294,8.69580346761363
2885.1770354070813,42.99159840471653,150.83223340193706,2.4811761125239338,6.589370975292143
2885.5771154230847,42.697251171597955,153.2443566035628,2.4734558093933843,5.7611783346799825
2885.977195439088,41.51099980515198,155.2367201005711,2.3936985338194794,7.7709108400265645
2886.377275455091,40.951060886420926,153.96276268125447,2.3061941092905713,6.978277824486243
2886.7773554710943,50.57309072767262,154.8037911389761,2.41086194874322,6.81507544582452
2887.1774354870977,45.67382265543707,151.52063651175445,2.4083041864754486,6.608452921013004
2887.5775155031006,43.74552207404999,155.70102595482805,2.410263664762807,8.529664346248916
2887.977595519104,41.21905596920333,152.70978249259457,2.441837904773841,7.3033712920913345
2888.3776755351073,44.718360722092555,153.46036038999426,2.456186104399255,7.446916252107727
2888.77775555111,42.679812664184745,154.8955110742805,2.4611903415666787,7.124633824581264
2889.177835567113,40.6309845751215,154.58832398781473,2.439846974539392,7.198016974853554
2889.577915583117,39.23047194207026,154.42019933462848,2.3504275177714122,8.088322900454441
2889.97799559912,40.039856548794845,152.51347692962713,2.4092495779897165,6.7561954424820705
2890.3780756151227,27.600853889219778,153.671138667244,2.5154998614987383,5.778795188023381
2890.7781556311265,41.044226696205186,154.45561256308798,2.4387431206974735,7.626265156237084
2891.1782356471294,38.16742239010324,151.04275473887333,2.438924890363811,7.316669148373515
2891.5783156631323,46.4117482289134,153.35462214988627,2.4390286735963085,6.993188413742307
2891.978395679136,40.038425482620596,155.51081317633677,2.4417010182337955,7.270914202426412
2892.378475695139,35.125417203995546,151.3788527106418,2.3301974092612916,6.585233681324333
2892.778555711142,39.602213944516734,157.4949005764564,2.416376449740297,6.8859110364989755
2893.178635727146,35.53795716889341,157.80865297229442,2.424876694699493,6.7515352056830995
2893.5787157431487,41.53702265852312,151.55308753881795,2.4780866660440184,6.3712538291325265
2893.9787957591516,40.728379743256994,158.09152767045867,2.4291676614188367,7.7833423362651155
2894.3788757751554,43.317393165599846,154.370209321058,2.3618336361006804,5.6897675932705685
2894.7789557911583,36.24420015209014,155.80730413943283,2.445330451030388,8.695861389916146
2895.179035807161,39.465701957333096,153.5514139495388,2.3964061362816436,7.496637410281275
2895.5791158231646,33.79177546953849,157.1328465199004,2.3803193751300937,5.359970100092491
2895.979195839168,41.98028692844802,155.87283104674273,2.3960555555299043,6.590631304932669
2896.379275855171,41.172490984066044,152.85474272201176,2.451552638206641,6.6227524933970585
2896.779355871174,41.003179357342134,152.00981868198727,2.4806329021653086,7.058734464927739
2897.1794358871775,38.94964419219924,151.30493300332807,2.4500290628113266,5.941369619977625
2897.5795159031804,40.52572543522907,155.45857616762243,2.456421632197871,6.746150786226995
2897.979595919184,45.20771434740878,156.45309974974242,2.4504907751845946,6.611304529136124
2898.379675935187,37.57396438580689,156.68270140052672,2.436049732085665,6.105786215731649
2898.77975595119,39.19316632306512,154.79386656899615,2.4603009678297156,5.982171361683517
2899.1798359671934,34.218586452774666,152.2300260142139,2.336099234809825,7.4063205490097435
2899.5799159831968,35.01481695979289,153.45119337752942,2.4377197092134493,5.301725988865228
2899.9799959991997,38.80414743482945,158.07128018415324,2.3919045030222907,7.029021924181678
2900.380076015203,42.753927405060715,154.01303000611117,2.4806423411063707,7.272465400999767
2900.7801560312064,37.23863557226406,155.6175025618094,2.428664161323318,6.447360551381313
2901.1802360472093,37.245926289684036,152.60435319839658,2.4362118309027783,6.651867307266806
2901.5803160632126,36.48815404035856,156.16962141422437,2.3751939617416706,7.528538656019149
2901.980396079216,35.90304120305355,154.21879987510098,2.476492394103081,6.021646936197381
2902.380476095219,39.148598012436075,158.01480324059006,2.461333994670872,6.09200361826438
2902.7805561112223,31.906598521330316,157.36708820749251,2.4589398829574685,6.164748021462675
2903.1806361272256,42.94657810022598,154.22926347937448,2.4045615348719287,7.481216899279128
2903.5807161432285,35.08859623703897,155.18736420652905,2.4065567169556106,7.57062497972362
2903.980796159232,40.565641112803135,154.16189073457676,2.4468655282381717,5.4079235258224285
2904.3808761752352,32.52605178505822,152.0269161374418,2.4105602274879088,7.317486271327333
2904.780956191238,40.20970411464636,153.46787118527374,2.4561538677947166,7.1554905675323965
2905.1810362072415,40.150699003490466,156.14315864507623,2.352738999145517,7.731122368606814
2905.581116223245,38.92858654519454,156.4970616725811,2.4200904405782175,6.784227952419173
2905.9811962392478,33.3432036988087,156.09173941835456,2.5118784436750468,6.428640905446741
2906.381276255251,38.248533051355004,155.00265248273865,2.4580031800865436,7.368142354098882
2906.7813562712545,32.4478221687883,158.12642540909553,2.4475102921864664,6.999024629113508
2907.1814362872574,36.09898573505527,155.9895453434881,2.5206617594495238,8.223765565816185
2907.5815163032607,41.157969360503415,157.62591433923734,2.348228056520724,7.182771056119787
2907.981596319264,40.157690335728944,151.47058821275536,2.4094666078223947,6.5266138735013115
2908.381676335267,36.96246864928565,146.13642836181967,2.426444321639185,5.4524755262594855
2908.7817563512704,32.93365451479754,156.68945826565022,2.4772368359461385,5.9150217123540125
2909.1818363672737,39.34666639637422,152.4557891070352,2.4783399183659105,5.2190008398870145
2909.5819163832766,36.773567114963434,155.52444445071123,2.409083608859392,6.183737565548793
2909.98199639928,27.346799367858463,155.33835657100752,2.484051596739133,7.08467670413214
2910.3820764152833,39.690894730890385,160.10028072292937,2.42840971013462,6.32893431607806
2910.7821564312862,36.396052906638275,157.1701047954253,2.4934160902581026,7.137313140398448
2911.182236447289,41.235694280879436,156.6232489029874,2.404052326238548,6.578066890858748
2911.582316463293,31.978009564690765,158.33972044443388,2.440832420759582,5.973622350123203
2911.982396479296,23.585777111866314,157.20728061622233,2.426564361399152,6.3542979418298895
2912.3824764952988,37.34272796050543,155.18079069612725,2.4888177540125476,6.649990223034938
2912.7825565113026,37.32674789383278,159.04277153899508,2.4260700885820965,6.37182011690267
2913.1826365273055,29.33220888897513,153.62895649908333,2.4456875042585,6.369130843246223
2913.5827165433084,32.11560203052958,157.2508510274819,2.4680613167043153,5.621499028801347
2913.982796559312,46.985479650909106,152.61336050958363,2.470001919832382,5.878527408569997
2914.382876575315,34.677479369165674,157.0318468317817,2.4840717059935975,8.019860073214192
2914.782956591318,38.759376604157374,157.04431330097077,2.4574399125616218,7.184061412168431
2915.183036607322,33.16882701567947,160.79297798237445,2.432665580424669,5.010426112244107
2915.5831166233247,27.346488135468746,152.7295561528979,2.4358074956744393,4.284148158114794
2915.9831966393276,34.96320894932635,155.18007173735506,2.451221536609993,6.226915698446434
2916.3832766553314,34.51867571662382,158.7794425675419,2.460576828777657,6.868992514840381
2916.7833566713343,33.91874385075345,157.6016240502577,2.44510403393902,5.726527226254391
2917.1834366873372,34.99716814325586,157.2548350785781,2.4521560883654225,6.948088292489861
2917.5835167033406,36.45059208471824,154.45462141375555,2.3910941275087194,6.166779750419998
2917.983596719344,34.73115253477121,155.40894924729335,2.4788740996260787,5.976916095685618
2918.383676735347,30.214011829217885,160.0397778537824,2.459819259216916,6.700580571786602
2918.78375675135,37.153507633780336,156.83972787613348,2.493043733904437,5.658525455915961
2919.1838367673536,27.350330198751937,157.94837048040938,2.4533687548445764,5.8430130978130785
2919.5839167833565,26.885753905006716,156.76361518890678,2.384219113278214,6.59687849314918
2919.98399679936,37.98359095916699,154.13563092222245,2.439809112609385,6.024008982623549
2920.384076815363,36.99495501265557,159.46977293956144,2.4465409661229858,7.564542377853358
2920.784156831366,34.67761806541151,158.43537299849496,2.4846447544516423,6.580991951682495
2921.1842368473694,29.266052721291942,162.98357182477935,2.3725073931831373,6.517407638938243
2921.584316863373,31.957172755254824,154.72285603890117,2.457354479141405,5.9631925641057215
2921.9843968793757,33.6791228127387,159.36071313964501,2.4766425185982865,6.6910545339333245
2922.384476895379,28.288151662298404,154.06803339002553,2.4300234513000145,5.721633949891818
2922.7845569113824,31.65755601967739,157.78301283897196,2.459854786333936,6.194106665584007
2923.1846369273853,37.16526143099859,159.87380617809112,2.4321741445395606,5.223669301326193
2923.5847169433887,40.207758197373735,152.29523489502645,2.428457863529786,6.776771161650316
2923.984796959392,32.76372254573079,157.0064136953535,2.441688397055027,6.166231205983987
2924.384876975395,37.41066885756793,156.1540314775136,2.4299811530772324,7.5083024474818725
2924.7849569913983,26.672059017982356,155.85061175309312,2.486136435753746,7.824690456441422
2925.1850370074017,36.91001900392375,158.61212358727676,2.4297757247642817,6.51008232478482
2925.5851170234046,31.000666896527022,160.49453046757608,2.4234387194599907,5.942757344330222
2925.985197039408,35.39042220747831,157.40348045941295,2.530652806949816,5.1197711913484785
2926.3852770554113,33.114942809225724,158.2943906758875,2.498745019206492,6.589043779591092
2926.785357071414,39.332855700934296,158.11057967361796,2.386233857985843,6.022108210499782
2927.1854370874175,30.499039562524292,157.8735850747596,2.430481847022175,6.272960595709039
2927.585517103421,36.45312602571435,155.19012307433445,2.471148493524236,7.215030398015747
2927.985597119424,32.7709267130082,160.729128880948,2.4747767805338468,5.160345275432819
2928.385677135427,33.20232829627833,158.74067735828282,2.4025826708754425,5.069139700445286
2928.7857571514305,33.04706704404077,159.03469758080732,2.508920014675736,5.608157179783899
2929.1858371674334,30.347062222719828,156.07615755979091,2.4959605803178273,6.442989567666388
2929.585917183437,33.62097126073021,156.9894507730668,2.4826010738875874,6.218669035228411
2929.98599719944,33.37472801770682,157.7423682675998,2.5179667471011773,5.0469869622940955
2930.386077215443,34.538577812906425,154.39272537779834,2.482160997202903,6.357558609724482
2930.7861572314464,33.86027627397971,154.05341549977203,2.482383611213274,4.780140595914396
2931.1862372474498,36.66321654253518,156.81722603395815,2.52711771133586,5.059728173128796
2931.5863172634527,37.114600058706,159.67112216408302,2.5092286713551526,5.626382475425867
2931.986397279456,29.167744966275116,156.77783049195733,2.4318881180484397,5.2648463591550705
2932.3864772954594,36.7953471292174,155.90964351330405,2.4912439298247238,6.408338238920939
2932.7865573114623,28.525277305898022,156.4660532252577,2.439712289730695,5.914429046810722
2933.186637327465,35.572760263049084,157.41064994958472,2.4868152407865067,7.086667190223263
2933.586717343469,35.65135414304311,157.7107245335513,2.4860788236129197,5.465378373727756
2933.986797359472,25.47854311220372,164.05566827294595,2.4120399829835004,5.554289848041924
2934.386877375475,33.44748949820513,161.32503516735864,2.4628684081526258,6.609299098674239
2934.7869573914786,31.153700822610087,161.29716356424314,2.4787152330589977,5.557214405795134
2935.1870374074815,29.945088705505277,161.70354909571554,2.4510152237937457,6.81412993219866
2935.5871174234844,38.33637597934158,156.3320406063005,2.481416265679498,6.040579691415504
2935.987197439488,30.27142022662838,155.82030000751092,2.501423970278495,3.7146960939969675
2936.387277455491,29.614153168248855,156.15627822847603,2.4683236799456507,6.5280065600467
2936.787357471494,33.09631944710583,162.30708482485147,2.4788898744451338,6.30517350428879
2937.187437487498,35.490132919698375,157.65032814886632,2.5256004983761584,6.325116884127178
2937.5875175035007,32.135770015482464,155.9375273625532,2.4895481828710033,4.024343816280833
2937.9875975195037,37.32279387166008,158.03615905298074,2.479009217349862,5.0118272983796075
2938.3876775355075,34.73651929187156,158.56498846735823,2.4330081361788896,5.06036523111601
2938.7877575515104,23.855434661099608,159.88050869982183,2.49852655427661,4.847558970563847
2939.1878375675133,30.406434432655587,159.88494622888388,2.4852448485883167,6.903138246579219
2939.5879175835166,30.23331599050625,157.23532983693423,2.523740896573731,5.489347350688757
2939.98799759952,34.354870755596,161.0682536695034,2.474618058884849,5.458691563704973
2940.388077615523,21.895262415478204,157.80457863030125,2.4004429818871533,5.91874301335854
2940.7881576315262,42.54803500668737,159.06043919568222,2.405438656196897,5.9217911505261345
2941.1882376475296,34.43392859480355,161.216750042927,2.5032196923868373,2.7876665559220166
2941.5883176635325,32.86352266189658,157.94406290132858,2.451332808161287,4.92774311321252
2941.988397679536,36.95284139969735,158.17415556959872,2.491958469216446,4.303864262625032
2942.388477695539,41.560106353245104,161.12573759924064,2.479403386454966,5.743623597753368
2942.788557711542,35.62776150604943,157.55138296401302,2.4685059274062793,5.1815660595208195
2943.1886377275455,35.899677928714006,158.78299881478316,2.4716696056085916,5.414309032589033
2943.588717743549,32.58720273109486,161.1837112773335,2.4412521267762566,3.7285199468838046
2943.9887977595517,31.45872382543921,164.97907733556232,2.4755793539511735,5.132808558939289
2944.388877775555,30.08239701792232,161.40696078482583,2.4531725808692895,6.262167013131555
2944.7889577915585,28.642251159703065,161.12476456117335,2.462003013762801,6.487012803901429
2945.1890378075614,29.1601320602898,161.31999653087573,2.464287366453538,5.923952344001408
2945.5891178235647,26.467823550565956,157.3599555378792,2.468504745988217,4.269915802079396
2945.989197839568,31.528790780871617,160.38197239936144,2.514797656042209,6.335253997456583
2946.389277855571,25.056206281777996,160.06872378337175,2.473056415660767,5.896397019190523
2946.7893578715743,32.521514124366654,160.99737037108235,2.519532560989099,5.212924842026154
2947.1894378875777,31.57586905546042,160.5350571728968,2.540434169531341,3.676146117684092
2947.5895179035806,32.27264875048284,161.2435227024462,2.5134523443428,6.048568527639871
2947.989597919584,29.560470536405063,159.56619987330674,2.5009669670148194,4.801495250531586
2948.3896779355873,43.920901321799604,160.54209182770677,2.492994259418502,5.541715120057018
2948.78975795159,37.01876080025346,157.37680655135162,2.51486714057667,5.309070153308934
2949.1898379675936,26.56533945433654,159.69752439743456,2.4841581163218867,6.474662158342087
2949.589917983597,32.44056951304072,164.02539671661813,2.5202964462135893,5.133262243813227
2949.9899979996,29.043036304572325,161.3964590096507,2.5058069188706895,5.211093229521006
2950.390078015603,27.383482231608934,160.5983653739091,2.4671771688574884,6.475723341348825
2950.7901580316066,26.047830203958867,165.44230988772517,2.5177319871341277,4.6759188708862895
2951.1902380476095,33.10408022214153,157.35135133339247,2.485883378494705,5.843639344531851
2951.590318063613,28.617165636800337,158.03133975316766,2.478304183640214,5.022991694182292
2951.990398079616,35.18184245911551,165.13839924030017,2.463825840267303,4.36957277438949
2952.390478095619,35.25389818961099,161.0232667562166,2.4898379580788914,5.162276118082945
2952.7905581116224,36.7430375318552,160.3537515878535,2.523378158702532,5.704471368191929
2953.190638127626,27.806823779708584,158.0141436105387,2.5193987543794027,6.223854112360872
2953.5907181436287,33.08720482958827,162.18344023878134,2.4982974539841356,6.310439456699628
2953.990798159632,33.68531197627496,162.47749372243462,2.5084670412249404,4.884690152455582
2954.3908781756354,29.228916796395232,158.43235136904244,2.535667804073496,4.320538335298501
2954.7909581916383,28.009058196605096,160.87023969574693,2.479118958622138,4.845202126237031
2955.191038207641,37.50512783282979,160.43457805221018,2.440817526763924,4.1448434342122935
2955.591118223645,31.948310896186523,161.96584647229844,2.537795274155109,4.906053184344263
2955.991198239648,33.55386415928858,158.58041039198113,2.4648737374299903,4.796543389932014
2956.391278255651,27.693738865492666,164.5611328573816,2.458765162061754,5.641800668882776
2956.7913582716546,26.07733924363992,163.7736471448406,2.41484362607496,3.2850127158685782
2957.1914382876575,28.64949709047504,160.62906692278239,2.5098547352906913,4.452846372324531
2957.5915183036605,30.404415034456832,161.04897124009244,2.4224562104220766,4.449309519726527
2957.9915983196643,26.6172106980799,161.30206832461496,2.457613888489068,5.96943701342989
2958.391678335667,30.808687800565757,159.75055089016118,2.511462658917641,4.1186904212912
2958.79175835167,24.06840917774182,160.6410395993749,2.5171180023235764,5.181142235375585
2959.191838367674,26.3169901303726,161.12731980562063,2.4624799679477674,4.887383802454086
2959.591918383677,33.45596210314659,165.88864034560248,2.4834879968212547,5.814410552737464
2959.9919983996797,33.16300427845031,164.27657940348183,2.4542553570675167,5.4467518800579855
2960.3920784156835,29.15624841235833,164.30032453921666,2.4675272848626735,5.057211139849499
2960.7921584316864,26.629000088973786,162.9422452696083,2.500414792898366,4.506632378190256
2961.1922384476893,26.567133924683617,159.27794591160645,2.4700023471675814,3.458661605026947
2961.5923184636927,29.16075527975459,162.0214560015691,2.4806006481010225,5.128393916469511
2961.992398479696,33.209372056923435,164.6054127740108,2.4320810192518243,5.345327118363666
2962.392478495699,34.32214073725876,159.08762484608377,2.5362865692026713,3.65127122876126
2962.7925585117023,28.601281320592705,163.87885056247657,2.5116690195892595,3.914460226326365
2963.1926385277056,25.95207960645461,168.14825746325553,2.523279599025794,5.093550023548
2963.5927185437085,31.616456008845823,165.05062799568623,2.5434764183517222,5.153290176957842
2963.992798559712,27.230365156596832,165.98559572188628,2.459145902378934,4.0797701071041015
2964.3928785757153,28.431309829462133,163.05089017792082,2.4781126388336268,4.403367703420264
2964.792958591718,35.78563217963209,164.9794769031023,2.4169480308342077,3.3837803621907216
2965.1930386077215,33.773589369101586,160.81970042826936,2.6186502938687997,5.945155002209122
2965.593118623725,31.078017455302874,164.65876152369256,2.48734091924662,3.7938373342768115
2965.993198639728,25.339829772049214,164.3599223436148,2.5351633826480717,5.257957936546082
2966.393278655731,31.25487093327986,163.50366083643092,2.4443767340051896,4.786616059722153
2966.7933586717345,34.64208632179261,166.1239126101705,2.5340466062111204,5.836714382421679
2967.1934386877374,28.87148888452766,161.54202278097762,2.5687815678898054,4.161711806713779
2967.5935187037408,35.761440469234955,162.47651094195388,2.492352538692012,4.8350136146051765
2967.993598719744,35.511320274549945,163.23805812365242,2.4546133147763305,3.4177871024801423
2968.393678735747,36.97902016415689,160.4807016951137,2.48978049272025,3.2162452088407054
2968.7937587517504,31.52920603283929,163.67746228540045,2.4065446279905593,5.23469250573705
2969.1938387677537,32.64234024287991,158.86828628122186,2.4943813252799703,3.32018488601179
2969.5939187837566,35.934457987193326,165.8385545053384,2.529016145322546,4.556232453251067
2969.99399879976,32.052615686758934,163.39339279176525,2.4950267805048076,5.538464814050142
2970.3940788157634,28.243830561133123,162.03027305372322,2.485370088733202,5.317419413092404
2970.7941588317663,28.440718877648596,161.30235133372489,2.518115936335706,4.179067354299908
2971.1942388477696,31.175629670092988,162.85769133421692,2.5214507004947126,3.4306186419926705
2971.594318863773,25.046080413994993,165.22071460097757,2.431168931230097,5.0997236829387536
2971.994398879776,29.622603512072338,164.92541143699881,2.5013924695635805,5.756661144343776
2972.3944788957792,34.569537746238545,161.8482894159381,2.5955523016602258,4.143814507316912
2972.7945589117826,21.40644119320082,161.55317640116348,2.4449845388156954,4.021725309170969
2973.1946389277855,36.297889744699134,165.3667340277077,2.4952396716737164,4.235246070297547
2973.594718943789,34.638360551105045,161.97490018530138,2.5765964486798296,5.103268118472901
2973.994798959792,28.299105328487414,163.98689369712343,2.5433627294134915,5.6196302541155125
2974.394878975795,32.30142516682552,164.20292493710892,2.4789279139034432,3.6359872942347193
2974.7949589917985,30.130548939401265,164.73018060564794,2.5079761910239373,3.4199254706048894
2975.195039007802,35.02841395340147,166.15225554609455,2.499912238166607,6.481447795770035
2975.5951190238047,34.03007792217989,160.90579294292542,2.470338695650709,4.458514018462637
2975.995199039808,24.49035389917622,159.3419887771703,2.4975552770278187,4.793629731118571
2976.3952790558114,32.43137659532036,162.75802105314747,2.489589438689023,4.02873584784755
2976.7953590718143,29.251904518203965,168.73727717153324,2.505559691498875,4.96523721829783
2977.1954390878172,30.39823417454717,169.34577239619242,2.4713749821620987,5.332324790036686
2977.595519103821,27.14710333691839,168.92522444493352,2.4505050803795823,4.795143660638585
2977.995599119824,37.0456254680816,163.92183547971646,2.500176998192931,5.939045775972414
2978.395679135827,34.20701003194969,160.00607068664297,2.570690298496271,4.2760382354668485
2978.7957591518307,27.081763068200473,158.66089169499134,2.505629945530654,4.318224568222184
2979.1958391678336,24.696889773894416,163.04058603274908,2.489333252281417,4.704774357059932
2979.5959191838365,28.487525749040547,164.13774964301658,2.533014525030969,4.882759455862771
2979.9959991998403,31.76351060459483,167.94180916067268,2.496771310340997,4.684310990326548
2980.396079215843,30.982006894643405,166.91713026735337,2.5780773246833486,3.46560642178639
2980.796159231846,35.02979813700318,165.373558659553,2.5034503291860464,4.734358103983329
2981.19623924785,33.17342892885998,162.63792112305157,2.5318764412054,4.176236939299904
2981.596319263853,33.88890928478044,162.5181283488758,2.4739210179763624,4.002046383764862
2981.9963992798557,31.315337915158302,165.61299712236828,2.524476301701603,4.484088221691568
2982.3964792958595,24.448404555623064,166.77796183784605,2.515602910883977,3.680181448978147
2982.7965593118624,29.220888585516803,166.0727492173895,2.5025842672468315,3.5324060417785343
2983.1966393278653,34.242525003943854,162.5643173772629,2.4850184406569267,2.3396859588764607
2983.5967193438687,29.7949577892591,166.83530146413582,2.4798106800541757,5.821215582429199
2983.996799359872,32.01269457961667,166.33128318445512,2.5168680237923957,4.859397977045799
2984.396879375875,28.725023600083595,162.64776574114777,2.530972405428598,4.312811478810183
2984.7969593918783,25.880853382091562,163.42160729229087,2.5009681445371736,3.863876734824858
2985.1970394078817,29.507208593166506,167.1616789429037,2.517784078736606,2.0882847838884526
2985.5971194238846,31.237658844726496,164.91225013910596,2.505014367765796,3.7977655726652437
2985.997199439888,27.38000255399476,169.52951723795482,2.5107084756529257,4.944782628516414
2986.3972794558913,29.06159292710029,166.86765157119333,2.498984999879189,5.1173527498165745
2986.797359471894,26.248669501748896,164.45647855130633,2.5079559499801705,4.868993554868831
2987.1974394878976,34.485986758228194,165.70581875789168,2.615391794120462,4.473443124282837
2987.597519503901,28.834068691242024,165.94811492612249,2.5201675566070865,5.381421464418866
2987.997599519904,35.826198504892076,164.02705114735292,2.5337449499132525,4.067107987828746
2988.397679535907,36.133852245940396,163.62497307239232,2.525683779182036,5.189727587486681
2988.7977595519105,29.698761361899617,167.71838044185654,2.4978788002670846,4.005572301243387
2989.1978395679134,25.993634459851332,168.13659594171304,2.560378553171321,3.600010164511198
2989.597919583917,21.68872176883052,167.5914175667067,2.497198816855414,3.4920609775010747
2989.99799959992,24.149448519675452,169.92885387346323,2.551272802644631,3.4367656109220337
2990.398079615923,24.547940601932083,164.84476319225433,2.4959264621579424,4.807371833568305
2990.7981596319264,35.56324096787654,170.44355309010163,2.4711188294933306,3.677698933693155
2991.1982396479298,30.519142732842067,164.06429486693065,2.5243554319655246,3.437273652584754
2991.5983196639327,31.621143671853773,163.84364618631722,2.4657735663892164,4.826509640884494
2991.998399679936,21.18832188680168,162.0342656106416,2.5316054886812576,4.509745952964478
2992.3984796959394,25.285819591702328,165.37851688895336,2.4626319729722272,5.0093148814552455
2992.7985597119423,33.63408271643934,165.29258067111672,2.4978552964662772,4.641216078105381
2993.1986397279456,31.24133714901662,167.9256493811631,2.4535625856816883,3.6205659381943107
2993.598719743949,29.51429532463773,167.27949087465558,2.6240134656267258,4.2758794680719445
2993.998799759952,32.371760122667716,163.74632445053322,2.4451022688947712,4.3070698991445076
2994.3988797759553,36.66525452224372,165.80597300113752,2.511865919723524,3.4636262301580785
2994.7989597919586,29.24796425870817,165.91819996908927,2.557417111195277,3.3072665464205304
2995.1990398079615,30.420082183169892,162.46600087794005,2.553350796461031,3.6384263649658664
2995.599119823965,30.923857384100888,164.51272554333246,2.546158313184098,5.804330461306385
2995.9991998399682,39.73317268992938,165.09722788450904,2.4996236077433593,3.8369540606655566
2996.399279855971,21.778971053531812,170.66752718772972,2.5665632614156486,5.145551404694866
2996.7993598719745,32.921347468788625,167.6213265240887,2.5492611513268053,3.776462113998245
2997.199439887978,29.74170285604787,168.8573884755362,2.521422138912204,4.854618080531676
2997.5995199039808,32.480852140914266,163.5146758059372,2.5227568719485878,4.857720844733395
2997.999599919984,27.597525143198602,170.30612915702957,2.501179062643721,4.890004452736269
2998.3996799359875,30.044801884563686,170.6327062908131,2.4771510524595546,4.430422515280967
2998.7997599519904,33.100347282066,162.44347602242476,2.563223174061216,5.2143066076021976
2999.1998399679933,42.720784807195564,165.7354624006831,2.566424291517169,4.40737336884078
2999.599919983997,33.51612365093763,168.7976117159121,2.478769276630286,5.467815009644227
3000.0,26.906947005556418,169.22863963208553,2.5081787385251255,2.793380638501583
