TIMESTAMP,MD,WOB,RPM,TORQUE,FLOW,SPP,MW,ROP
2023-01-01 00:00:00,1000.0,13.207288476521038,133.28451249144763,3.8295623555122904,992.8860649638734,3786.6942701965295,10.675737574657937,3.7409014487616927
2023-01-01 00:01:00,1001.848998459168,13.683652154008668,114.06070490548376,3.84773209886845,928.7748679538404,3780.8421337823997,10.619206155491353,3.8175332872194843
2023-01-01 00:02:00,1003.6979969183359,12.316124049769625,122.59711337641887,3.8616942082099595,951.7280027440047,3895.4441577579355,10.678742366530928,3.883700750506604
2023-01-01 00:03:00,1005.5469953775039,10.629021111907178,117.33168713067921,3.8714486835368196,956.0937409779493,3958.6312216571096,10.53668120995789,3.9394038386230514
2023-01-01 00:04:00,1007.3959938366718,15.754826227614194,114.04767776905817,3.87699552484903,892.4576142927976,3697.7375249445095,10.868094720039855,3.984642551568826
2023-01-01 00:05:00,1009.2449922958398,13.516845489612678,118.69615763078484,3.878334732146591,999.7186514395769,3786.4382468969097,10.73507605782143,4.01941688934393
2023-01-01 00:06:00,1011.0939907550077,10.631514066458488,111.93107358567254,3.8754663054295024,906.0685516439395,3764.1284097095718,10.784829032474542,4.04372685194836
2023-01-01 00:07:00,1012.9429892141757,11.991456715386603,115.01568301526758,3.868390244697764,961.8275684560552,3877.0206128617015,10.55478303008644,4.057572439382119
2023-01-01 00:08:00,1014.7919876733436,13.783475087357262,132.28022828468755,3.857106549951376,913.8927955273691,3720.9799792217223,10.828527958278247,4.060953651645205
2023-01-01 00:09:00,1016.6409861325116,11.690586651134081,107.06407125068048,3.841615221190338,893.4394783064704,3941.207725438131,10.636340427126463,4.05387048873762
2023-01-01 00:10:00,1018.4899845916796,12.344997782423974,109.73346048757936,3.821916258414593,968.6984088226303,3914.1490637903653,10.662228684249564,4.036322950659299
2023-01-01 00:11:00,1020.3389830508474,11.66492441528823,120.25028547877577,3.791257809225901,982.0880317425579,3851.48885319771,10.61436133966976,3.990601348037083
2023-01-01 00:12:00,1022.1879815100154,11.927135275239364,117.95114499517743,3.7872913779899875,990.933159300114,3854.7963590020167,10.669353367966526,3.9982192313333673
2023-01-01 00:13:00,1024.0369799691834,11.147690838402674,124.79573490144625,3.7525815381052565,979.0468510527922,3993.110965851495,10.591579097636167,3.981170274488221
2023-01-01 00:14:00,1025.8859784283513,12.859762451653312,98.57335295647825,3.673089757414002,956.4994717001113,3983.571966180431,10.720355786006687,3.7517018203672974
2023-01-01 00:15:00,1027.7349768875192,14.579011616900884,106.69286441449685,3.6219853174821433,944.3086904636962,3864.1181250231543,10.599255411510663,3.5817514125383147
2023-01-01 00:16:00,1029.583975346687,11.2467991841789,134.45459780851763,3.576232228102873,931.7280617041342,3913.1390274676883,10.631484444494685,3.6291659496422897
2023-01-01 00:17:00,1031.4329738058552,12.691316658033653,101.68507847848375,3.5625257134382684,896.0555621088397,3794.631731711714,10.748099352273417,3.544611846295302
2023-01-01 00:18:00,1033.2819722650231,9.501638175240826,116.68373118551686,3.603372432945619,938.3011286226721,3739.567127223961,10.66358233458395,3.675775643794662
2023-01-01 00:19:00,1035.130970724191,11.624278598370514,103.38179535839798,3.69024776097094,918.9586885938994,3740.451264280871,10.674208313220802,3.707680121677642
2023-01-01 00:20:00,1036.9799691833591,9.656799768492293,132.50610836660468,3.7735850822501327,903.5151210308256,3973.310039934085,10.707801327779533,3.7718117669851465
2023-01-01 00:21:00,1038.828967642527,14.440325734165164,101.38659260281285,3.7964178681483536,922.4852001807877,4110.460278703441,10.787520569000966,3.6272716690588043
2023-01-01 00:22:00,1040.677966101695,10.968254552649961,115.37507617929545,3.83157193639679,932.1885852572516,3700.83695069004,10.72658298998382,3.705246760182407
2023-01-01 00:23:00,1042.5269645608628,9.43955430687279,117.27721097564874,3.8441803140343778,899.0053025865775,3793.3184312459025,10.667360954389695,3.7815480169917035
2023-01-01 00:24:00,1044.375963020031,11.447483388160014,127.29453564064075,3.813968430100651,1007.6791079094544,4068.6617275876906,10.795031903238678,3.7861575078456084
2023-01-01 00:25:00,1046.2249614791988,15.463651977747217,118.02306160142876,3.853106778471575,944.1385946681118,3869.60028611429,10.700967904775247,3.806892093152773
2023-01-01 00:26:00,1048.0739599383667,14.910728912529516,114.36225686791605,3.9147822699930837,940.0591674233468,3826.2238568262915,10.765306750467564,3.939987877127464
2023-01-01 00:27:00,1049.9229583975348,13.966270246564376,107.09182373232461,3.93604115275294,918.6349270339008,3950.597368129844,10.807058355876645,4.087231822825004
2023-01-01 00:28:00,1051.7719568567027,10.296628725393195,117.11552536655678,3.919313939230159,911.0685407886989,3717.7833226019866,10.6283295747229,4.063647645790899
2023-01-01 00:29:00,1053.6209553158706,14.822633917885675,104.50771481146525,3.896224686005703,998.424474796285,3709.3451647838438,10.801593886008893,4.096002573166557
2023-01-01 00:30:00,1055.4699537750384,9.352499030207666,101.66607453167975,3.8563677921900066,997.2610102035626,3807.9084429681575,10.61526839770481,4.020732978544103
2023-01-01 00:31:00,1057.3189522342066,14.68407098126103,132.77599515748895,3.8000698907167134,897.8130273160143,3925.1886655976673,10.714890995110812,3.9267167431731593
2023-01-01 00:32:00,1059.1679506933745,12.32274919816838,115.13381739739701,3.7945798252241465,956.3803228158089,4043.8996646127043,10.617487587282756,3.9197730939859294
2023-01-01 00:33:00,1061.0169491525423,12.955628406416805,118.40951309448502,3.835435450623316,929.1210652969141,3937.750824287166,10.831817006444343,3.8135471498767117
2023-01-01 00:34:00,1062.8659476117102,11.681132287325655,108.77029843517886,3.8394451927969286,956.0346612327195,3814.136644385968,10.743912642057497,3.7343690573895185
2023-01-01 00:35:00,1064.7149460708783,14.86732595389365,99.27641987210487,3.797862290853096,994.6841932681622,3863.8292053836435,10.754131273371016,3.6928456652904975
2023-01-01 00:36:00,1066.5639445300462,9.523688518787765,127.26601284816442,3.834559569332333,940.650298858022,4033.6810112554203,10.825881427144246,3.7465704938156033
2023-01-01 00:37:00,1068.4129429892141,10.281027543447886,122.2154118901831,3.9269910011027975,932.6907179147095,3613.762346650875,10.695823171783017,3.800297644684609
2023-01-01 00:38:00,1070.2619414483822,11.79402479516494,134.8566024480908,3.915907713982655,928.2972178444437,4041.147326756258,10.78468802309446,3.7383690818016104
2023-01-01 00:39:00,1072.1109399075501,10.983000586084849,108.11381731287072,3.9279909362681034,923.2091696513999,3830.3851915887353,10.807319797174125,3.720458901222595
2023-01-01 00:40:00,1073.959938366718,12.697882820471577,107.3569004905646,3.9487679253793484,1020.3602900124478,3989.8427528424486,10.585150173172464,3.899434338631477
2023-01-01 00:41:00,1075.808936825886,12.570301219713386,125.58771568709193,3.933536002549773,971.0705998721406,3853.8128824166006,10.608087105541475,3.895102287895024
2023-01-01 00:42:00,1077.657935285054,14.399388653642669,109.87427922085986,3.9878197679441607,954.5077903238863,3938.5340105564865,10.507535203471777,4.154515054397203
2023-01-01 00:43:00,1079.506933744222,10.80292313864183,139.26892746830174,4.017212937257122,949.023650785242,3690.1288809972843,10.819470122949335,4.096459584972241
2023-01-01 00:44:00,1081.3559322033898,8.478991634932877,118.59314962132139,4.00712569305586,927.8323065384459,3720.611336421308,10.727212908574893,4.028424251067763
2023-01-01 00:45:00,1083.2049306625577,13.129672962926215,104.69866767829359,4.009025402397688,950.3073733562509,4043.190856203761,10.665369872876594,4.128277274829481
2023-01-01 00:46:00,1085.0539291217258,12.458345928000531,122.31311620430762,4.043660439339803,943.2268571129824,4025.200877611086,10.870872381329367,4.1376211951330095
2023-01-01 00:47:00,1086.9029275808937,10.108628674511817,123.68029057902753,4.058496078033507,934.2053386109646,3903.329955412631,10.587791751683975,4.108608425172444
2023-01-01 00:48:00,1088.7519260400616,15.163358917870132,122.41803664090378,4.0097621157748975,952.3395141388714,3900.431200912639,10.763830689284243,4.064348487221923
2023-01-01 00:49:00,1090.6009244992297,13.662050861039102,119.95004741926817,4.030415523687434,923.2330381174175,3948.0721995670665,10.658472173809837,4.1181016290222106
2023-01-01 00:50:00,1092.4499229583976,11.233624820979424,118.65401323882261,3.972711939536125,983.5040167609429,3885.8461603244573,10.704212167869152,4.08613357977548
2023-01-01 00:51:00,1094.2989214175655,13.024875364799232,112.8294108752914,3.908854050363495,994.4480044291888,3750.051767515457,10.678111536850292,4.100482820267754
2023-01-01 00:52:00,1096.1479198767333,8.914860848788871,122.78144774378245,3.8785352272334714,974.435598980188,3780.380436800305,10.781488423772956,4.179584904722536
2023-01-01 00:53:00,1097.9969183359015,12.328399335652504,119.77063765840572,3.888453440695646,918.0095837515524,3914.455523842746,10.609396236548683,4.287651716298585
2023-01-01 00:54:00,1099.8459167950693,12.505323719093939,130.65882176170632,3.7498249870243816,970.9700855304764,3745.4067287040352,10.604772721382965,4.253832742662289
2023-01-01 00:55:00,1101.6949152542372,11.18992700777973,106.34529379435726,3.695916390018759,958.8273124317532,3858.4678064866303,10.574464192540546,4.126506330014283
2023-01-01 00:56:00,1103.5439137134053,14.200539872506683,115.46575984302721,3.6891777332456903,888.8882830857473,3797.6367694018427,10.627252462055246,3.9910053981060907
2023-01-01 00:57:00,1105.3929121725732,14.293907994406467,125.67963526711065,3.681796019585273,963.9125882724035,3914.351605963557,10.756028523092866,3.925240057227311
2023-01-01 00:58:00,1107.2419106317411,15.484307505316279,119.12589784373822,3.633142537442424,999.9000104664191,3929.228516820449,10.924656660691856,3.763302067423361
2023-01-01 00:59:00,1109.090909090909,11.469285750707625,124.22193971437093,3.710200550649464,975.5011320856077,3999.537774168882,10.99133270699393,3.8862300155115355
2023-01-01 01:00:00,1110.9399075500771,11.644417053050205,114.48440550945257,3.7189838109048523,939.5397014631892,3885.4741461646163,10.898734315830916,3.895920560749264
2023-01-01 01:01:00,1112.788906009245,13.609855132607606,117.19968295551158,3.743481000066004,951.3575752614483,3947.1148838380864,10.744529205332451,3.7734136995864356
2023-01-01 01:02:00,1114.637904468413,15.672498190349623,112.2334784075271,3.818853801990129,945.988815231618,3778.8605815588994,10.887787091624988,3.797493010231507
2023-01-01 01:03:00,1116.486902927581,8.549339685051164,109.69057337623042,3.843396047290055,955.4054363091451,3788.1224882492775,10.77363169515363,3.6253744415780367
2023-01-01 01:04:00,1118.335901386749,12.829044525243742,134.09058694735003,3.8675726284917595,895.1761870677537,3876.562209047605,10.722175122018557,3.7121031796604624
2023-01-01 01:05:00,1120.1848998459168,11.285968351306296,118.71924387713082,3.893672788279803,909.4054326616696,3970.2318635611896,10.705729358338562,3.852987620599238
2023-01-01 01:06:00,1122.0338983050847,10.827018920047395,126.3900814862659,3.9309534105613646,959.7075614138814,3882.3194115974766,10.701466011589961,3.7324370031357033
2023-01-01 01:07:00,1123.8828967642528,12.703058347914947,112.49866135050429,3.9523053157001558,915.6384924870705,3845.521280080162,10.702136874020825,3.54875762840806
2023-01-01 01:08:00,1125.7318952234207,15.57553281750204,113.68522852815009,4.0220171428507046,982.7609543336272,3793.005680929849,10.746016141519647,3.8097740566616816
2023-01-01 01:09:00,1127.5808936825886,10.01008785323988,134.582145112667,4.100014271335566,912.1104377779196,3778.101631791891,10.673699296902567,3.9492187525415376
2023-01-01 01:10:00,1129.4298921417565,13.577489927964583,123.38053712263074,4.062573365101904,978.6457697785503,4101.250490624664,10.845216170617517,3.998736044501089
2023-01-01 01:11:00,1131.2788906009246,15.304597858786776,118.9496497424864,4.093400187122905,984.4963806833878,3903.1872228364764,10.80790053240988,4.145706458493509
2023-01-01 01:12:00,1133.1278890600925,9.267943221837234,108.50721334006657,4.057398515792675,978.3145686941062,3973.023968175793,10.706625305513464,4.067518844102183
2023-01-01 01:13:00,1134.9768875192603,16.130401292842183,112.81909727197198,4.030797250750698,963.3463299554902,3957.763252387108,10.735788606144556,4.0916988302579975
2023-01-01 01:14:00,1136.8258859784282,12.495034477096866,103.125304858332,3.9991740702895857,953.9595957697294,3823.841038782382,10.68901462680147,4.191279618758721
2023-01-01 01:15:00,1138.6748844375963,13.622775717041058,115.46624084971273,4.059863108232174,941.1468693486933,3928.42060447144,10.801852969547358,4.257167031801237
2023-01-01 01:16:00,1140.5238828967642,15.095728955114504,117.29145078334415,4.002978325033652,911.2327278864141,3888.064620106176,10.735669884708201,4.139115853527418
2023-01-01 01:17:00,1142.3728813559321,18.493237862013395,135.2745271402099,3.99846728294476,967.0329018477688,3719.439433732376,10.735204158471802,4.098788531189322
2023-01-01 01:18:00,1144.2218798151002,10.741664194709458,107.8735354937622,4.040795625419631,931.2360553585572,3819.80807612496,10.772883415060338,4.2081134708303995
2023-01-01 01:19:00,1146.0708782742681,11.846669637294257,106.49327389828896,4.065703749473193,919.0100131449076,3843.996815553291,10.715570534286572,4.181280882417713
2023-01-01 01:20:00,1147.919876733436,12.911772915050328,111.99553227669712,4.082175611729006,986.8014672625736,3856.1247135227354,10.752691327637057,4.226830896603612
2023-01-01 01:21:00,1149.768875192604,9.404721745505178,133.6890170429579,4.14915831069174,975.8049263614134,3889.094168475342,10.79847758944747,4.25700096112401
2023-01-01 01:22:00,1151.617873651772,15.752712047626622,130.36160034827907,4.23001659781793,983.2635279846011,3928.0549077602896,10.71697753466284,4.495504166998617
2023-01-01 01:23:00,1153.46687211094,12.979140813332064,114.68587627735387,4.183968126451324,977.4620857828378,3860.7547232323063,10.737244204624842,4.313927772703556
2023-01-01 01:24:00,1155.3158705701078,12.25401745764601,104.83587682445776,4.172055532745096,993.2189019143855,3939.456721266031,10.67158207224675,4.467713561961536
2023-01-01 01:25:00,1157.164869029276,12.23951086968293,120.26479281292664,4.160091414711173,954.3086548025958,4191.16545975922,10.73014592561618,4.371928588010624
2023-01-01 01:26:00,1159.0138674884438,14.721037579733116,133.83264910977465,4.084328556057397,955.4455776252171,3880.1742211519318,10.682684907350527,4.203532813415695
2023-01-01 01:27:00,1160.8628659476117,15.328676041541074,112.42597097912711,4.049082783701708,872.1555411524902,4024.4593057271522,10.729309101830454,4.074948198375189
2023-01-01 01:28:00,1162.7118644067796,10.503019790049466,107.66881922058292,4.021538682044468,1020.1497481556961,3952.218098440278,10.72361232123395,4.229416832177299
2023-01-01 01:29:00,1164.5608628659477,16.345928819580887,105.22473592368368,3.9684705222787184,960.8143263322319,4059.9213784009426,10.79938896427603,4.184456638914867
2023-01-01 01:30:00,1166.4098613251156,12.684349301938466,110.1509662122641,3.871889261596396,953.9511322624774,4003.859267512368,10.755862732930808,4.17837678527847
2023-01-01 01:31:00,1168.2588597842835,12.810714734395003,114.78542538372052,3.878548254246782,958.0078393368726,3976.0858590237654,10.702963359705207,4.151062134432661
2023-01-01 01:32:00,1170.1078582434516,9.42152739506122,105.80210895005854,3.74192187073553,954.9912923437234,4015.277060610849,10.65318700294051,3.9033630454527737
2023-01-01 01:33:00,1171.9568567026195,13.041218188461555,121.97591620782599,3.7052870165114995,994.8964092860156,3907.8674731045217,10.790311147497931,4.052028999853812
2023-01-01 01:34:00,1173.8058551617873,9.764199212661282,112.2102659502684,3.643819891537569,937.7203158708227,4073.6113930595725,10.71327072547498,4.05668342832951
2023-01-01 01:35:00,1175.6548536209552,10.247198608899458,127.81203084727616,3.669897130857258,999.4521056337064,4025.2539004132436,10.604429070048647,3.9717342088236096
2023-01-01 01:36:00,1177.5038520801234,15.80916551397178,117.18976876179048,3.6455999929328833,972.1242852785156,4051.4150624262124,10.86239317890277,3.925746110249916
2023-01-01 01:37:00,1179.3528505392912,14.772575203653325,108.3855669778392,3.6607024398146164,911.5550751241271,3846.122879462566,10.700538403086247,3.9239163074434593
2023-01-01 01:38:00,1181.2018489984591,15.88328671019409,122.91651529549036,3.7053921297459635,982.2754559199212,3896.4228377773766,10.707426343442682,4.088258807889672
2023-01-01 01:39:00,1183.0508474576272,11.404724768746604,117.75248467202388,3.7551833009767326,1024.0961498527374,3999.127247101157,10.877123331133504,3.655427818029234
2023-01-01 01:40:00,1184.8998459167951,12.369751201961654,90.14226936912506,3.8807731886337526,908.0023339947878,4000.4348309290076,10.827673586150096,3.5442067300648024
2023-01-01 01:41:00,1186.748844375963,12.113487732264536,110.72078624741495,3.970436511314098,972.5046651502983,3958.532506192926,10.658644540436775,3.5203716253879835
2023-01-01 01:42:00,1188.597842835131,13.239784580163453,106.45408197656022,3.9951232919276793,961.8480126575246,3792.301656238339,10.770845634906053,3.8018657739361665
2023-01-01 01:43:00,1190.446841294299,14.082852637055513,120.26441516739885,3.9261090874493703,927.9081837496526,3917.875684225189,10.741200675036763,3.7481452782917932
2023-01-01 01:44:00,1192.295839753467,17.617454777968824,126.12489805543157,3.9050850993172173,934.3718491940028,3962.671007518026,10.618787046065647,4.578170126482085
2023-01-01 01:45:00,1194.1448382126348,13.323850259354352,114.72940571451963,3.929456915888572,980.167416333038,3889.0033760408073,10.904959492408837,5.67722235023204
2023-01-01 01:46:00,1195.9938366718027,12.792716714654885,132.21287186931391,3.822189279873264,913.3244710682342,3970.426668168106,10.833635024141957,6.7781677627873105
2023-01-01 01:47:00,1197.8428351309708,14.965870239821891,116.06051712081407,3.798891378073535,994.4272670522297,3836.775742792598,10.894576126462447,7.888650606694412
2023-01-01 01:48:00,1199.6918335901387,11.697077499829073,116.62615706539414,3.6735060616197783,1005.4442633898909,3889.8271405580253,10.848118628636538,8.730417688364764
2023-01-01 01:49:00,1201.5408320493066,7.9039509787475275,119.72214399474373,3.6569344613527877,971.1884239440446,4063.287022024364,10.436487015244053,10.219984858271072
2023-01-01 01:50:00,1203.3898305084745,6.826320012991056,134.42475845144494,3.598398407888107,975.093735641872,4034.0449931964654,10.658220782060791,11.878180353340287
2023-01-01 01:51:00,1205.2388289676426,8.031890359371397,153.2897491027227,3.5511053879054666,935.6520113599437,3812.8382082238786,10.834821746169128,13.149940399354872
2023-01-01 01:52:00,1207.0878274268105,8.686768633076998,113.78607561090834,3.389495765557899,976.6748890119538,3884.910565533371,10.77325768628903,13.793807360948488
2023-01-01 01:53:00,1208.9368258859784,10.133347073908354,148.53440034766604,3.3639255282399336,946.1163079533974,3850.7119176957667,10.700455568318205,14.757853968937189
2023-01-01 01:54:00,1210.7858243451465,8.84437414095415,155.33853663914948,3.2729842308589774,922.6366378046512,4121.852546635376,10.77589268052729,15.298242310815294
2023-01-01 01:55:00,1212.6348228043144,5.640201676511367,157.1058682534378,3.338997978835811,983.8343380175886,4004.5626771937946,10.794662778624776,16.165776216580262
2023-01-01 01:56:00,1214.4838212634822,9.8378699131653,124.95002973632167,3.225947289669313,962.7221232183705,3938.677450044243,10.683065692405332,15.754400044775425
2023-01-01 01:57:00,1216.3328197226501,7.938433078934966,111.83898796188284,3.1896645552094336,972.8902698133891,3922.254858278886,10.896646258207074,15.71865731157958
2023-01-01 01:58:00,1218.1818181818182,11.249042954755245,148.54070441108922,3.205221579956278,1009.708779409427,3910.695142347471,10.74198904994414,15.436163787501494
2023-01-01 01:59:00,1220.0308166409861,8.764314306635068,137.87924237837626,3.2900479218166705,917.8662525864282,3771.257843266187,10.867125930651312,15.416175861747586
2023-01-01 02:00:00,1221.879815100154,6.007302323134441,130.268457453539,3.3328485040494136,969.2226355866613,4064.3535781617525,10.6975714035854,15.126268724263863
2023-01-01 02:01:00,1223.7288135593221,6.359218572126782,122.54359657161498,3.3148715381693026,957.680596313841,3797.9325900416584,10.70980005856152,15.094052041659925
2023-01-01 02:02:00,1225.57781201849,8.782648038920104,129.69457188141592,3.2684148926193664,957.7581182105772,3931.322183777151,10.629883314137215,14.51177230169477
2023-01-01 02:03:00,1227.426810477658,7.510902957966389,151.72030693015918,3.296269111761606,953.981903258346,4020.0338586390417,10.717995930737704,14.718979974272898
2023-01-01 02:04:00,1229.2758089368258,9.520188396811244,128.18450078376844,3.372136248012076,980.900930550048,3846.2689026368207,10.770161664190532,15.60143096303959
2023-01-01 02:05:00,1231.124807395994,5.0,125.75548983471441,3.444594049774658,930.8224443438164,3915.2410077726404,10.89403131174722,16.050061622419985
2023-01-01 02:06:00,1232.9738058551618,10.559115290910292,128.85593676500412,3.444870568588266,991.1478516911825,3716.9950761193154,10.712928861850243,15.648509170355117
2023-01-01 02:07:00,1234.8228043143297,9.555745252875353,155.486472597477,3.406889731004626,907.9351761425118,3931.433304306017,10.804624664876648,16.00341985520727
2023-01-01 02:08:00,1236.6718027734978,10.592979697823584,133.48051339301202,3.3892619310201075,960.5686497599543,3993.47639433768,10.85633942080787,16.002028573397464
2023-01-01 02:09:00,1238.5208012326657,6.9518648374470216,129.2436042667693,3.397837891082485,972.7151316914686,4028.979845655443,10.79969068924873,16.422121250136623
2023-01-01 02:10:00,1240.3697996918336,8.927163646771826,143.45210329071884,3.3833198371516016,971.9443692125438,3828.2215556602428,10.819949414850758,16.47008707505345
2023-01-01 02:11:00,1242.2187981510015,8.328183036823717,138.72387321693893,3.336679542304551,960.0218645775897,3863.947720674172,10.74996766765759,16.017983134822206
2023-01-01 02:12:00,1244.0677966101696,10.29711429060017,150.96070749388718,3.3299173367907065,949.5451876203235,3829.9826375942894,10.809302998041337,15.938946976235986
2023-01-01 02:13:00,1245.9167950693375,8.145435203290326,124.60761549590777,3.34294577430462,970.7341575570737,3928.3016393389726,11.060522642365735,15.904822489210844
2023-01-01 02:14:00,1247.7657935285054,8.098784642907177,110.2442886911187,3.2601976695296955,911.238756964649,3791.3816453000886,10.78814085654497,15.994000497086017
2023-01-01 02:15:00,1249.6147919876735,7.654958583611379,125.75929579877202,3.2497148653428582,958.0786461123432,4076.9748484058377,10.79759547138792,16.053973407881937
2023-01-01 02:16:00,1251.4637904468414,8.215735084561485,144.46974302465372,3.1574423129999416,963.0957811411499,4028.8934487912434,10.671244140827998,15.241969742996886
2023-01-01 02:17:00,1253.3127889060092,8.898417983451981,99.0364293449013,3.182496995689035,945.5936251670008,3893.4724406502996,10.763743111096774,15.038713694903395
2023-01-01 02:18:00,1255.1617873651771,6.391638789413121,145.28406274771498,3.211108340709052,952.8130273339963,4012.931520872737,10.99026882699848,14.810286368627642
2023-01-01 02:19:00,1257.010785824345,9.409148639762392,139.83465154741,3.166890292091193,1011.7428915538547,3927.074462427405,10.569673643502414,14.177266244995533
2023-01-01 02:20:00,1258.8597842835131,9.705545868469146,142.69372256426092,3.128662040002326,913.9509231416753,3881.1163077553288,10.964322980889266,13.302023906450463
2023-01-01 02:21:00,1260.708782742681,8.938133758393901,129.5618852498712,3.1234306545969313,927.5971231387161,3821.192616555669,10.869172889532464,12.972476356100866
2023-01-01 02:22:00,1262.5577812018491,6.5960289250438215,113.28289018414297,3.154858149732747,893.5040295862426,4018.5916546733883,10.906304996924034,12.867581408929222
2023-01-01 02:23:00,1264.406779661017,8.045525339801676,135.3240099158668,3.2510897262985736,991.0812017301588,3888.3225738940155,10.757605935324836,13.366921797637026
2023-01-01 02:24:00,1266.255778120185,7.930858975000237,127.20245388378649,3.26159418591443,975.2287504816417,3793.0195000305416,10.68334666175816,13.372361947725775
2023-01-01 02:25:00,1268.1047765793528,5.937859492579505,111.17819061864813,3.2370682900878776,949.6149516801884,3985.7532354716323,10.985220591800045,13.269097930250506
2023-01-01 02:26:00,1269.9537750385207,7.842088989384396,131.59893961221545,3.2279517716462873,961.1664789797842,3745.942993489957,10.717554704432413,13.247166015394106
2023-01-01 02:27:00,1271.8027734976888,6.463594232546083,144.38199965768197,3.185033811397682,959.06156860666,3862.4681748821363,10.7720439150969,13.541791125131155
2023-01-01 02:28:00,1273.6517719568567,5.534453493061188,136.08925798771975,3.257745147741325,1001.7733799011113,3970.980848498735,10.866001813016293,13.72482400811134
2023-01-01 02:29:00,1275.5007704160246,9.776835925774833,136.04940225668645,3.2381038900663164,963.5210467119065,3993.268828863913,10.63568285323192,13.752645059032291
2023-01-01 02:30:00,1277.3497688751927,7.533984211646687,146.78925414536388,3.2806728369287734,964.3478344151355,3919.8410966775095,10.788635235768378,14.037614266197192
2023-01-01 02:31:00,1279.1987673343606,7.892151922995841,138.07359058114022,3.3010383482058465,978.525533494877,3861.6911511631656,10.67390760450224,14.436639745369071
2023-01-01 02:32:00,1281.0477657935285,5.868726566039012,120.7376524541616,3.2628915488469534,956.1001026326679,3969.6978839588182,10.81426694360698,14.265121985479034
2023-01-01 02:33:00,1282.8967642526964,8.466714816710832,118.85163135936861,3.2233607841520238,950.6422608031261,3863.3071510622717,10.76229520011716,14.452425359441783
2023-01-01 02:34:00,1284.7457627118645,8.212403836340549,141.47848470529135,3.1356220454368104,933.4491181772057,3885.683460840434,10.772850379522035,14.908846913658849
2023-01-01 02:35:00,1286.5947611710324,8.444791772529605,117.92080389630081,3.1464433638715756,907.81648802192,3934.0057023214913,10.753164008920265,14.913934524768987
2023-01-01 02:36:00,1288.4437596302002,8.107636146548181,110.65809505666505,3.0771821290908186,992.7300792501862,3968.997051478408,10.816713775926354,13.857890846890072
2023-01-01 02:37:00,1290.2927580893684,9.124039992277975,141.8789946692501,3.1203557174973238,921.6641287193424,3782.373366745484,10.824436707233552,13.570186384532457
2023-01-01 02:38:00,1292.1417565485363,7.930700394257665,111.25589461583687,3.057048556584556,972.7231913044035,3887.6955422925034,10.726908516743345,13.25451206422826
2023-01-01 02:39:00,1293.9907550077041,7.722042505629061,105.24118262145306,3.0108212834460053,948.6845509669894,4111.174610040228,10.896180219927352,12.258566098170263
2023-01-01 02:40:00,1295.839753466872,8.434602315366769,140.18274108082227,3.083710570266578,921.8597661876747,3920.0331668737135,10.815762783536584,12.578051015353935
2023-01-01 02:41:00,1297.6887519260401,5.619404505986824,142.0179658329282,3.097398502969,954.5190100099754,3872.301432025997,10.885061220990314,12.276938972452237
2023-01-01 02:42:00,1299.537750385208,10.360181455984234,152.61956087968827,3.11645535888922,927.6507636758552,3786.5686725841974,10.762597389829127,13.076926432566118
2023-01-01 02:43:00,1301.386748844376,6.027073415852893,121.75255279844997,3.111135479212175,949.130740917837,3951.310384608344,10.762370320533275,13.010819836389635
2023-01-01 02:44:00,1303.235747303544,8.854370643871542,131.25330441302145,3.152040384413397,945.561674579105,3713.693952194299,10.659117312668936,13.801885874704892
2023-01-01 02:45:00,1305.084745762712,5.0,122.67663145498815,3.121662118556676,899.065751192311,3927.7365590423624,10.950005225369386,14.400502588860515
2023-01-01 02:46:00,1306.9337442218798,9.65556378467944,136.90510027925623,3.1512764786227327,947.0437553582817,3814.6146888994995,10.669648045790884,14.826304937635344
2023-01-01 02:47:00,1308.7827426810477,6.600936271590292,117.71534877396073,3.2127300557075658,937.9438422639454,3989.1323857442676,10.835739356032098,15.293599898281158
2023-01-01 02:48:00,1310.6317411402156,10.024721038556496,110.8600716680664,3.2721503068455036,939.6151064267306,3737.778627669244,10.815212951374209,15.979229260990724
2023-01-01 02:49:00,1312.4807395993837,10.101550441289167,118.2729121164748,3.2828702453497804,985.6749146588031,3877.4426738141437,10.820359962635177,16.029110661884012
2023-01-01 02:50:00,1314.3297380585516,7.730907992481421,140.17017234784566,3.3163698508065695,965.2693892970468,3911.157760030002,10.738990293175199,16.656575096975935
2023-01-01 02:51:00,1316.1787365177197,11.54838540558433,151.65296821610826,3.3048163132151385,980.78343015374,4013.822521498629,10.735047258563048,16.79312711419238
2023-01-01 02:52:00,1318.0277349768876,7.663181678648934,131.70233502759191,3.281055502577176,945.9063203178835,3742.2812354444823,10.759960362581793,16.55882845794592
2023-01-01 02:53:00,1319.8767334360555,9.891220954035706,141.6219000690651,3.3727026420775643,958.2621009081151,3938.585037884236,10.86359729968847,17.079614277981815
2023-01-01 02:54:00,1321.7257318952234,8.176831093517386,102.96918136461112,3.395124381589244,979.3983266984428,3995.31640671076,10.797783175661872,16.72695028761238
2023-01-01 02:55:00,1323.5747303543912,9.169189111898364,110.58602785034465,3.4383838532569437,939.50767630623,3959.5030385007726,10.77969251729482,16.445192729826008
2023-01-01 02:56:00,1325.4237288135594,9.123298720862987,127.38220803041045,3.4252065897899486,971.7740499752059,3855.793327571417,10.781589663571276,16.34825768621122
2023-01-01 02:57:00,1327.2727272727273,8.947925762810707,126.54471521226506,3.513220849517656,926.9159609911019,4067.7596105028865,10.80645476835254,16.776519902981256
2023-01-01 02:58:00,1329.1217257318951,11.11416663401927,129.44985256230987,3.496718853772326,969.1608131033753,3859.505603332148,10.890406041902217,15.951619151855663
2023-01-01 02:59:00,1330.9707241910633,9.452299026153323,139.11921729639937,3.507006951806783,987.1328846758736,4097.575413177726,10.769983099416093,15.353033718779027
2023-01-01 03:00:00,1332.8197226502311,8.343826435084225,125.03809258780576,3.545911418263715,936.888811619933,3828.5884609532236,10.780558326087768,15.393815278860853
2023-01-01 03:01:00,1334.668721109399,9.36325034591772,122.2008232148936,3.5147523306258797,947.6788257245647,3716.8379805739855,10.776911144965958,15.269675004028297
2023-01-01 03:02:00,1336.517719568567,8.847799240625342,113.23111128778653,3.5239352254158707,1027.4161903053998,4071.5538743693146,10.82261297299788,15.516234151141813
2023-01-01 03:03:00,1338.366718027735,8.503414067481652,127.91646042679614,3.4969371258310695,996.9955704397696,3826.715538512265,10.85839366883083,14.975678229401634
2023-01-01 03:04:00,1340.215716486903,8.649879896900536,129.95212308370023,3.45509151796751,940.008380944941,4044.2315168817886,10.840892107216677,14.815990537423147
2023-01-01 03:05:00,1342.0647149460708,9.270837809920295,118.67964416678186,3.4418442582192306,972.0175490761928,4039.771637294285,10.655324273299081,14.84726204382796
2023-01-01 03:06:00,1343.913713405239,7.303094153665452,126.89630739937895,3.378155263930876,935.227673081593,3852.2527720193084,10.663240178739166,14.50830028400847
2023-01-01 03:07:00,1345.7627118644068,8.536533049118615,124.51852431490157,3.3577784646975237,949.3510574580419,3867.762879233659,10.714632951353945,14.151905604433415
2023-01-01 03:08:00,1347.6117103235747,9.976022360591562,118.01189787385024,3.2896268073438355,904.8247160634754,3880.0373105429144,10.91389111308891,14.10316496033791
2023-01-01 03:09:00,1349.4607087827426,9.563795041153712,143.27828734389894,3.2472627892018173,927.6126693520495,4026.9972756300544,10.713903757165143,14.089746916486522
2023-01-01 03:10:00,1351.3097072419107,8.089078851923302,132.41792716252476,3.196935440857816,936.5903399652648,3811.6893921576484,10.730766297156315,14.341409864903955
2023-01-01 03:11:00,1353.1587057010786,6.942293209260884,97.86110847129396,3.170413720513846,905.1385640455018,3924.900606279078,10.812910540520116,14.283070054983268
2023-01-01 03:12:00,1355.0077041602465,6.526936134331875,147.3068199127321,3.135700779752164,1006.693707670892,3827.279637967676,10.862236502287146,13.747312888161742
2023-01-01 03:13:00,1356.8567026194146,9.653102051388764,126.01230993142622,3.229778634091311,904.6966934311648,3590.6125583580106,10.703430722470065,14.479188084816588
2023-01-01 03:14:00,1358.7057010785825,10.343827129231645,138.96000245024308,3.2212148305176704,940.6482021798994,4039.6808438884586,11.048037398136254,14.942397026425965
2023-01-01 03:15:00,1360.5546995377504,6.525611796211369,117.08237381614896,3.2127873402398075,922.6728412923526,3708.256699274775,10.765224090255433,15.516201022831831
2023-01-01 03:16:00,1362.4036979969183,9.622785570325943,116.29587107299467,3.28828396275,983.2294590789346,3968.3477090729675,10.744346185459854,16.666641571968412
2023-01-01 03:17:00,1364.2526964560864,10.170669607773233,113.69027319715758,3.3143144219151734,971.3218006411448,4083.336625169836,10.705360780878312,16.79263339584046
2023-01-01 03:18:00,1366.1016949152543,7.395607457674288,145.31200909724384,3.3218532539958643,985.0225359874512,4047.5177153208583,10.788451050063706,16.512039360186478
2023-01-01 03:19:00,1367.9506933744221,8.55358363080052,134.63163251403353,3.3166376678643337,959.0104671242439,4082.7507486792547,10.762128844109213,17.16287774537219
2023-01-01 03:20:00,1369.7996918335903,9.486333336787398,142.909517015577,3.3749265154719907,998.0665396642775,3883.7117074413427,10.732531803140724,17.775644628471884
2023-01-01 03:21:00,1371.6486902927581,9.05476177674436,115.26800413359408,3.3751448647871296,963.4850034404607,3967.929354070484,10.796318776067157,17.813983528496763
2023-01-01 03:22:00,1373.497688751926,12.20266820685141,136.26121413270812,3.422148336209753,963.5490859474409,3906.0131379748095,10.659177378733036,17.530347942235117
2023-01-01 03:23:00,1375.346687211094,7.270617713884688,125.91697266767689,3.4365809783170773,911.8587847345256,3642.715653334512,10.647220237958953,17.140518938479598
2023-01-01 03:24:00,1377.1956856702618,10.573371401410943,134.74053835906162,3.4289527176542034,864.0737919073422,3937.216461173047,10.848709302774006,17.12203248574252
2023-01-01 03:25:00,1379.04468412943,10.719665832278082,126.84125419726742,3.494060465411575,979.7217255989381,3798.027692491856,10.769548259065544,17.23224516537613
2023-01-01 03:26:00,1380.8936825885978,7.973431791084465,111.86128068185238,3.4074430471980452,985.0525240216177,3830.2816780366297,10.868085936144817,16.528737784271645
2023-01-01 03:27:00,1382.742681047766,9.737687011998235,150.478505656994,3.1280215686950235,951.9098278661473,4035.307633621268,10.827714414590865,16.64769580795568
2023-01-01 03:28:00,1384.5916795069338,9.809666302532916,158.04956950720216,2.94616289117415,987.1237591960763,4039.836065129626,10.668379084655802,16.611480024165534
2023-01-01 03:29:00,1386.4406779661017,8.68025424144836,129.74861860312328,2.9185488314681924,959.381540331658,3909.8280064772935,10.900515322963171,15.91181877968105
2023-01-01 03:30:00,1388.2896764252696,9.478820672187123,117.05960612849015,3.010655840011427,973.7731312948425,3821.559781330953,10.86410754831693,15.167241293063126
2023-01-01 03:31:00,1390.1386748844375,9.367707107400097,102.20395795829403,3.2052114558421443,989.4435509116896,3943.429132787136,10.790932075601665,14.21829666224593
2023-01-01 03:32:00,1391.9876733436056,7.390360912942758,119.1312639403778,3.4798462157311945,1041.0873629621162,4007.8691878082013,10.848959430117834,12.980247494465944
2023-01-01 03:33:00,1393.8366718027735,9.065546495071363,150.36179006353674,3.929265614132598,943.1377774016162,4064.9536922042003,10.989376792709349,12.539036015969769
2023-01-01 03:34:00,1395.6856702619414,7.9503980979678035,133.75150383747396,4.330527794800675,952.0868226036282,4002.063525465573,10.924184976981305,11.021912228303817
2023-01-01 03:35:00,1397.5346687211095,8.666271242181336,132.2203707608988,4.823672610488987,966.0724415493834,3898.26274126574,10.862280747090884,9.677376666038285
2023-01-01 03:36:00,1399.3836671802774,8.238709387631076,115.06887970943258,5.322963294403543,934.7063499881071,3987.1066827268514,10.871317992101744,8.581024189320399
2023-01-01 03:37:00,1401.2326656394453,34.168543793049125,76.32089607977025,5.785955221430667,956.4564379989548,3850.001873713724,10.67602490436312,6.975204079716015
2023-01-01 03:38:00,1403.0816640986131,34.19273968808858,66.22872241009523,6.268649765266665,984.8486339906196,4001.4764273259257,10.682805358028148,5.595928355662991
2023-01-01 03:39:00,1404.9306625577813,29.6069084344907,84.54640211441072,6.7313112149199545,959.9283913761615,4114.921984856586,10.785296814465358,4.784443840791862
2023-01-01 03:40:00,1406.7796610169491,31.309850066818154,75.36705059533689,7.185789182440016,935.0962272130785,3727.2689396509422,10.937575982130333,3.633330127138323
2023-01-01 03:41:00,1408.628659476117,26.271125492750837,60.0,7.592138887750592,958.3860629048299,3797.331797412839,10.709374263020425,2.464777060379054
2023-01-01 03:42:00,1410.4776579352852,31.165875556031942,75.68435755805197,7.9434256109818575,1005.835435994546,4000.4796131307726,10.757453532983948,1.7933414320939873
2023-01-01 03:43:00,1412.326656394453,27.02918348645888,65.56346807265884,8.172470845235269,998.1280172439033,3903.843010816852,10.7402602985824,1.199150700172595
2023-01-01 03:44:00,1414.175654853621,24.779479764166936,75.78760358217043,8.30117335731433,922.0413083080457,4029.26771593401,10.79013073060464,1.1950886997888615
2023-01-01 03:45:00,1416.0246533127888,24.60951783480526,80.65666879292746,8.334034485578632,961.0018669436358,3836.4831015319774,10.833901912079806,1.1341650114002542
2023-01-01 03:46:00,1417.873651771957,26.210435914256234,75.8310913494026,8.229798187959876,952.4044883955986,3992.6234669279665,10.855936743517097,1.419346106580759
2023-01-01 03:47:00,1419.7226502311248,27.95547910488033,61.35828412613377,7.967160545078687,941.1392389122929,3939.967449809758,10.878444033327087,1.99999999999997
2023-01-01 03:48:00,1421.5716486902927,32.171282993120336,61.734742515754846,7.9477439659790745,964.7658032557515,3720.445692659983,10.924826114381963,1.99999999999997
2023-01-01 03:49:00,1423.4206471494608,24.78043662256371,72.87803166667504,7.933635918134303,979.2112425417521,4028.870195630459,10.65823266734007,1.99999999999997
2023-01-01 03:50:00,1425.2696456086287,26.743350910884658,62.00202809020091,7.924836401544369,964.7902130487043,3902.43221534524,10.860958127404782,1.99999999999997
2023-01-01 03:51:00,1427.1186440677966,29.328819165335243,75.00367532763593,7.9213454162092765,955.5516257651271,3879.8267910589875,10.818307283626517,1.99999999999997
2023-01-01 03:52:00,1428.9676425269645,26.26330630343764,79.69664129569934,7.923162962129022,927.5616388107743,3665.731914853359,10.797989341339742,1.99999999999997
2023-01-01 03:53:00,1430.8166409861324,27.1688905650273,70.73917480542042,7.9302890393036085,926.6289761648993,3787.036496946392,10.846122034160684,1.99999999999997
2023-01-01 03:54:00,1432.6656394453005,29.860645071035947,84.70105681739315,7.9298843917512825,945.2333740363616,4046.3416344090356,10.784306486846019,1.99999999999997
2023-01-01 03:55:00,1434.5146379044684,31.090712692239507,93.49386952158915,7.936972492508309,920.7388479155507,4017.961159602951,10.758521178050273,1.99999999999997
2023-01-01 03:56:00,1436.3636363636365,22.772756116314724,66.95546730497054,7.953313081824788,919.7331627162341,3975.9266078048117,10.904408618190503,1.99999999999997
2023-01-01 03:57:00,1438.2126348228044,22.31814671846615,66.642037047473,7.92294269979301,963.9260171158545,3941.543244738774,10.955875653588429,1.99999999999997
2023-01-01 03:58:00,1440.0616332819723,25.69102741308296,72.70890643634122,7.898817690820913,1013.2317641193189,3783.37939571497,10.91175386558052,1.99999999999997
2023-01-01 03:59:00,1441.9106317411402,25.413729373953586,60.0,7.880938054908492,976.8627708416453,3843.361262639084,10.690635949868318,1.99999999999997
2023-01-01 04:00:00,1443.759630200308,25.479449514644074,61.11443041547057,7.869303792055752,942.8066421858646,3896.1365018694496,10.948517899202969,1.99999999999997
2023-01-01 04:01:00,1445.6086286594762,24.018699082589883,73.49218467081991,7.863914902262686,980.3797806427442,3882.2045930703125,10.90654949710974,1.99999999999997
2023-01-01 04:02:00,1447.457627118644,26.260302067139744,78.81112553845487,7.864771385529301,923.2628532702212,3920.902384566752,10.898563052008027,1.99999999999997
2023-01-01 04:03:00,1449.3066255778122,29.182910531241006,60.32772284305288,7.871873241855594,985.1894522598525,4130.834725418907,10.75977012780469,1.99999999999997
2023-01-01 04:04:00,1451.15562403698,26.415588563371802,65.14561177374199,7.89939200012863,1026.7088792972756,3870.6718766738263,10.93870403024378,1.99999999999997
2023-01-01 04:05:00,1453.004622496148,25.580872733525233,68.69847594786934,7.911111530970351,968.419075078152,3892.3867191941986,10.831675475048035,1.99999999999997
2023-01-01 04:06:00,1454.8536209553158,22.365531746422636,63.230653776033606,7.991418236297229,971.2152962636841,3867.8237907648363,10.754638113988175,1.99999999999997
2023-01-01 04:07:00,1456.7026194144837,26.223981862084194,63.734394702843666,7.977872007990201,1009.6237768999794,4038.881843310868,10.908188066896162,1.99999999999997
2023-01-01 04:08:00,1458.5516178736518,27.40916815191577,63.49865546283405,7.90245285930257,968.2884237124763,3994.58565274198,10.914808875397833,1.99999999999997
2023-01-01 04:09:00,1460.4006163328197,27.83132374136254,73.31368426778162,7.860304749827136,962.2770234957062,3961.8682147179507,10.887700993361209,1.99999999999997
2023-01-01 04:10:00,1462.2496147919876,28.80858881451767,78.17078976637998,7.87273953437377,935.3110623670498,3905.4944647757375,10.705714087925546,1.99999999999997
2023-01-01 04:11:00,1464.0986132511557,30.19572846653628,77.98769052988418,7.825798098018651,1017.2753417850191,4015.808453151454,11.046969012199833,1.99999999999997
2023-01-01 04:12:00,1465.9476117103236,27.02639362888424,67.76955868020084,7.791454618608404,939.0300673207108,4042.595876141807,10.913143783792334,1.99999999999997
2023-01-01 04:13:00,1467.7966101694915,28.941576316400237,73.27621792775986,7.7697090961430275,944.0971521785611,4111.972517593957,10.923714768947624,1.99999999999997
2023-01-01 04:14:00,1469.6456086286594,25.518878375618414,80.48103568929807,7.76056153062252,959.6819338412764,3877.6008190180514,11.019416722455155,1.99999999999997
2023-01-01 04:15:00,1471.4946070878275,32.30869449292177,72.16385465526086,7.755204245018215,988.4419881783721,3912.838815042275,10.815069379053183,1.99999999999997
2023-01-01 04:16:00,1473.3436055469954,20.048597638826003,64.72817509662273,7.767582727958837,988.4613274961592,4013.0047151584276,10.868643077334399,1.99999999999997
2023-01-01 04:17:00,1475.1926040061633,21.833113745290447,67.98762705402254,7.710602931144196,943.8420309599849,3830.9617093437755,10.6862281942598,1.99999999999997
2023-01-01 04:18:00,1477.0416024653314,26.819703323608756,65.39635446389507,7.713523624689044,925.6924053496974,3869.2588969138087,10.99446873431728,1.99999999999997
2023-01-01 04:19:00,1478.8906009244993,27.081201575764123,77.03524471301769,7.7257652898528235,987.4395341130863,3949.579898001857,10.837305612788482,1.99999999999997
2023-01-01 04:20:00,1480.7395993836672,22.452770004920474,72.78468486068061,7.7473279266355375,946.0381088214878,3786.0023026910753,10.716741150758757,1.99999999999997
2023-01-01 04:21:00,1482.588597842835,26.682941318882765,88.31942142947187,7.778211535037181,952.72394945639,3956.560820774917,10.94189131863373,1.99999999999997
2023-01-01 04:22:00,1484.4375963020032,30.82552897178425,67.79745522579456,7.846647859162136,980.4850467682732,3882.6440953100796,10.784503787827992,1.99999999999997
2023-01-01 04:23:00,1486.286594761171,28.300342826358936,68.63699061788836,7.891440203619815,957.5317658667985,3970.1010724763,10.632587530947337,1.99999999999997
2023-01-01 04:24:00,1488.135593220339,31.77568956873832,77.41658126750575,7.930169462064122,923.0976319058548,3855.516724750213,10.823950161760761,1.99999999999997
2023-01-01 04:25:00,1489.984591679507,27.462504128481594,87.90641066693519,7.957637741362434,967.6315129832016,3860.1999176194545,10.966875555519739,1.99999999999997
2023-01-01 04:26:00,1491.833590138675,30.459959713184155,62.72762626507782,8.010061170892808,916.7280788266454,3843.0094505248853,10.796138678815474,1.99999999999997
2023-01-01 04:27:00,1493.6825885978428,27.9693173260201,67.25390439539676,8.039805578048297,943.9005681259652,3760.1481562920458,10.905362484617106,1.99999999999997
2023-01-01 04:28:00,1495.5315870570107,29.85401830686977,63.04158230875317,7.9727332092703955,977.3043373878617,3931.9298868281526,10.878930453017322,1.99999999999997
2023-01-01 04:29:00,1497.3805855161786,27.50396250915851,67.33765188870237,7.95352054198506,969.5065658467648,3865.60051690348,10.725868685897717,1.99999999999997
2023-01-01 04:30:00,1499.2295839753467,35.0,77.96355218058393,7.943056244585821,967.5461548700591,3994.760370964567,10.644498551174083,1.99999999999997
2023-01-01 04:31:00,1501.0785824345146,25.334223836513406,77.0651733490036,7.869366139226057,917.9694161192339,3970.0588374977388,10.912709962885812,1.99999999999997
2023-01-01 04:32:00,1502.9275808936827,23.350158380987846,66.69510738076524,7.864823509015472,952.9501573281836,3986.4922623142534,10.913885141048276,1.99999999999997
2023-01-01 04:33:00,1504.7765793528506,24.326241943932917,68.90017021007323,7.8377772270015935,964.0248382041913,3892.4839598066674,10.77080260848815,1.99999999999997
2023-01-01 04:34:00,1506.6255778120185,28.760334977248228,60.0,7.817948406747603,961.7027063522636,3983.1051892663295,11.061909927056218,1.99999999999997
2023-01-01 04:35:00,1508.4745762711864,28.16382582678014,77.03897201083062,7.805337048253498,962.2338471959358,3818.796813214052,10.826394193163047,1.99999999999997
2023-01-01 04:36:00,1510.3235747303543,31.135954555964698,70.37320303869743,7.826022847981333,915.7221107921182,3987.163442053571,10.920939801634074,1.99999999999997
2023-01-01 04:37:00,1512.1725731895224,20.269732655369754,69.63331443547747,7.813357692750304,948.7545633992922,3983.493178447263,10.86672341225891,1.99999999999997
2023-01-01 04:38:00,1514.0215716486903,23.849473835493367,70.39365942535298,7.830322751811952,918.1515475337137,4087.896245510604,10.872448159784474,1.99999999999997
2023-01-01 04:39:00,1515.8705701078584,32.07367672424445,78.4478859739311,7.823538541394223,963.551871768219,3948.8952630533627,10.95822605123448,1.99999999999997
2023-01-01 04:40:00,1517.7195685670263,26.26434563490014,66.5312879131943,7.826718419668939,911.6334873262579,3851.1293482650403,10.869655433357803,1.99999999999997
2023-01-01 04:41:00,1519.5685670261942,30.6577316811191,69.91551709704981,7.839862386636102,954.173353100058,3877.0612478544153,10.718140760779713,1.99999999999997
2023-01-01 04:42:00,1521.417565485362,22.752744406710505,73.21869556539849,7.862970442295711,969.0280352880862,3874.585859836816,10.713001089335211,1.99999999999997
2023-01-01 04:43:00,1523.26656394453,26.950572080599947,78.22192319459124,7.850475561075794,1041.1346964904587,3792.9383224927656,10.752528730915918,1.99999999999997
2023-01-01 04:44:00,1525.115562403698,33.846611170169446,66.81706384267501,7.856850081727581,977.6185198260305,3956.7589901978567,10.813728062882989,1.99999999999997
2023-01-01 04:45:00,1526.964560862866,27.179242268708684,75.24364475294536,7.881848392064763,945.7442987255042,3886.2265597285796,10.858164909498521,1.99999999999997
2023-01-01 04:46:00,1528.813559322034,23.835581426112988,62.73390591901496,7.914519396988969,988.3919622798774,4096.943989860001,10.606737962940517,1.99999999999997
2023-01-01 04:47:00,1530.662557781202,28.39112523412662,85.53744382967393,7.954863096500197,983.8568281162245,3922.6000376347884,10.94998688117885,1.99999999999997
2023-01-01 04:48:00,1532.5115562403698,23.80267843056641,84.21458280033612,7.896641136898457,931.6493589315585,3905.011292698145,10.97649665892656,1.99999999999997
2023-01-01 04:49:00,1534.3605546995377,28.56500784347332,66.34249118171672,7.908064244875401,908.3155024711922,3714.135654537685,10.897852284152357,1.99999999999997
2023-01-01 04:50:00,1536.2095531587056,25.60864238886941,81.01716536681297,7.923310831725599,935.507110465501,3902.724273236355,10.855686615516477,1.99999999999997
2023-01-01 04:51:00,1538.0585516178735,28.57891225019219,60.904418027569236,7.942380897449051,956.4242141922972,3980.665949044251,10.891201401149205,1.99999999999997
2023-01-01 04:52:00,1539.9075500770416,30.491660784273115,76.5455767605281,7.96527444204576,953.267089776736,3969.875320158379,10.819157705119686,1.99999999999997
2023-01-01 04:53:00,1541.7565485362097,26.675972164093146,66.11101933478388,7.962270351952541,964.1946449063562,4097.54069982305,10.922351294469815,1.99999999999997
2023-01-01 04:54:00,1543.6055469953776,35.0,60.0,7.981844088427811,1008.9478453553145,3984.07671832343,10.69222593066873,1.99999999999997
2023-01-01 04:55:00,1545.4545454545455,28.397204437276894,79.35971007213831,8.01361326018698,976.3780001104831,4049.6526733489936,10.85260716172091,1.99999999999997
2023-01-01 04:56:00,1547.3035439137134,31.56135887463762,67.12849242077482,8.030084913665863,1017.852375687077,4160.068543839038,10.863695746028116,1.99999999999997
2023-01-01 04:57:00,1549.1525423728813,26.203990238758852,73.50197001374802,8.007973982883927,974.446280154505,4065.9107849930497,10.795910645008764,1.99999999999997
2023-01-01 04:58:00,1551.0015408320492,23.260752773071175,77.41815980665652,8.013928581021975,932.625622450766,3880.506085157084,10.915025627178814,1.99999999999997
2023-01-01 04:59:00,1552.8505392912173,29.5115644661096,65.95252035707497,8.004786254030453,976.2081116321649,4053.598521083542,10.926963660985594,1.99999999999997
2023-01-01 05:00:00,1554.6995377503852,34.43572598602029,65.80303144304976,7.991426061965924,993.9830585791431,3857.0216091546463,10.882704941248035,1.99999999999997
2023-01-01 05:01:00,1556.5485362095533,25.440859754863112,82.35334028238212,7.979802753616609,1004.6444805243224,3974.677863210571,10.868063652695666,1.99999999999997
2023-01-01 05:02:00,1558.3975346687212,28.580688054922152,68.10503635493285,7.969916328982515,986.6863691465136,4099.702493909593,10.914692906268437,1.99999999999997
2023-01-01 05:03:00,1560.246533127889,29.292320084216755,68.78608143314482,7.961766788063637,913.9378160892475,3871.340419386896,11.092403455066433,1.99999999999997
2023-01-01 05:04:00,1562.095531587057,22.75542431614424,68.8773131936297,7.99328972404068,962.9514953813236,4010.4285800710386,11.003415234832358,1.99999999999997
2023-01-01 05:05:00,1563.9445300462248,24.84837714414862,79.99256414525672,7.967538621007404,951.1304806197758,4090.0871406591687,11.108561541499467,1.99999999999997
2023-01-01 05:06:00,1565.793528505393,30.67891334617249,68.0162615755522,7.945742857430905,934.5979236639099,3792.942884085811,10.86755746423102,1.99999999999997
2023-01-01 05:07:00,1567.6425269645608,25.964033443690425,74.72767662545553,7.927902433311187,964.3006730851674,4117.406841739343,10.926525486707021,1.99999999999997
2023-01-01 05:08:00,1569.491525423729,31.95145911254456,66.15899815040879,7.914017348648249,963.8195875798868,4120.5224600489155,10.962809740324847,1.99999999999997
2023-01-01 05:09:00,1571.3405238828968,24.50566443055978,78.3980443583564,7.904087603442089,997.0713549482052,3935.4368049735044,10.671067459236708,1.99999999999997
2023-01-01 05:10:00,1573.1895223420647,32.1091961768043,72.81850000477718,7.898113197692707,1034.9752805852029,3799.8007271386805,10.916626913219227,1.99999999999997
2023-01-01 05:11:00,1575.0385208012326,28.439287499001722,67.23444230321779,7.896094131400106,966.1278577552015,3703.605943429531,10.869355219787225,1.99999999999997
2023-01-01 05:12:00,1576.8875192604005,30.902672521511004,74.59835761365632,7.898030404564284,942.2647346324584,3907.395790859161,10.832399568169839,1.99999999999997
2023-01-01 05:13:00,1578.7365177195686,28.79453536442753,71.81851711309643,7.90392201718524,951.56743837907,3893.598517473076,10.894697964388888,1.99999999999997
2023-01-01 05:14:00,1580.5855161787365,23.889727134537722,65.17510461785389,7.913768969262976,1018.7129997313159,3741.948273140597,10.875269066913983,1.99999999999997
2023-01-01 05:15:00,1582.4345146379046,28.831225520138283,70.19701248722183,8.195603616972097,989.221694861603,3669.25230749152,10.975030667793607,1.9045270516936588
2023-01-01 05:16:00,1584.2835130970725,29.534572226317753,68.42523373626294,8.256438303466584,943.193707460448,4178.196428831299,10.89919768513093,1.762446198986942
2023-01-01 05:17:00,1586.1325115562404,33.34925561129349,62.1105893630062,8.208910411466142,986.4037709524648,3928.585451474232,10.862113512002393,1.7538855823237822
2023-01-01 05:18:00,1587.9815100154083,26.281755503562525,65.96288209066249,8.141154573194953,930.4575364810302,3922.483591030949,10.959757194028445,1.9012283775904282
2023-01-01 05:19:00,1589.8305084745762,29.477938207771597,64.06659165856537,7.9238237518991665,926.8553000117432,3854.0338465927584,11.04680814155755,2.108136107259624
2023-01-01 05:20:00,1591.6795069337443,30.425914324827602,60.0,7.6139548335892835,926.1778288783842,3874.5563414096714,10.769657777394498,2.1896017293123204
2023-01-01 05:21:00,1593.5285053929122,32.801928376736726,76.37335961886235,7.3289911870117725,954.4884073842053,4047.7048541849426,10.904302176275918,2.400667567414571
2023-01-01 05:22:00,1595.3775038520803,30.72518975523012,81.57178129242918,7.028373965609693,985.3434312571411,3855.559166723607,10.84106627982213,2.6061730337750566
2023-01-01 05:23:00,1597.2265023112482,34.57818764951313,88.96574286323899,6.663877008325737,1003.482116901398,3856.9707609523243,10.824529179835075,2.754233670010086
2023-01-01 05:24:00,1599.075500770416,31.167727004677026,72.20174926430697,6.273998611440528,913.515583621221,4111.158867315662,10.889421367526957,2.889667609532756
2023-01-01 05:25:00,1600.924499229584,13.016872699952472,95.13932470074464,5.836130386850186,933.7291310918337,4025.2359410634303,11.07496720840163,3.1710181051321955
2023-01-01 05:26:00,1602.7734976887518,13.742039222605957,103.64066258735859,5.455590279755779,988.5246404720054,4020.137139173926,10.984366349005793,3.4223556861394036
2023-01-01 05:27:00,1604.6224961479197,15.188954802688267,116.60425118581747,5.061172586282322,948.4356463624238,3909.9898352962596,11.024553204621457,3.7230905145676143
2023-01-01 05:28:00,1606.4714946070878,12.472111962052123,96.13632169549146,4.720130339960074,968.8612991860999,3906.917235982129,10.72801322417664,3.898780201208266
2023-01-01 05:29:00,1608.3204930662557,14.219137479395492,91.31318106755158,4.30316421047368,902.9239899529308,3990.9377399970444,10.92357902001191,4.0101883252776025
2023-01-01 05:30:00,1610.1694915254238,16.28614680270905,95.94652120565715,4.035952720298988,931.8504297072651,3837.3120874435076,10.975260441647038,4.135136330081431
2023-01-01 05:31:00,1612.0184899845917,15.265235725088207,102.92296683649352,3.840935172362662,976.1406900070976,3912.635267501624,10.909213668349768,4.285198620218793
2023-01-01 05:32:00,1613.8674884437596,13.729280070617406,104.71544931769147,3.730667120353041,961.1770777253665,3796.7170275269737,10.95759461718,4.439989442913033
2023-01-01 05:33:00,1615.7164869029275,15.21983180137732,119.4748091330212,3.7424188854288416,1022.0752340481398,3929.859199646607,10.896304062445129,4.493550258309467
2023-01-01 05:34:00,1617.5654853620954,13.77777562026043,109.28370333545102,3.7591398513125966,989.0774534176384,3998.6168636518214,10.757442374941759,4.404279639987664
2023-01-01 05:35:00,1619.4144838212635,12.329219639889454,90.03087402937358,3.9291468278094617,997.4163629821977,3896.216818114503,10.925930000980175,4.270896084431927
2023-01-01 05:36:00,1621.2634822804314,12.599859199570238,95.90516085426044,3.9185368610657703,905.0709669411768,4064.213251253306,10.903523266903765,4.364975749748683
2023-01-01 05:37:00,1623.1124807395995,12.042069086139252,103.27497493301124,3.8762680710560344,997.5767783303127,3919.6353042915207,10.73897716326023,4.401381918523663
2023-01-01 05:38:00,1624.9614791987674,12.391677809713586,112.57958194188807,3.857974702510296,939.3565432803673,3994.7418156311005,11.036877037056177,4.4351785541753035
2023-01-01 05:39:00,1626.8104776579353,17.693695286690986,117.32921915682002,3.7608231165131167,938.1151516574099,3867.195193942669,10.757434926749593,4.399480244557475
2023-01-01 05:40:00,1628.6594761171032,17.370804456792794,109.33161845094575,3.7333412543198143,955.6468955151623,3767.2159037828337,10.936700155272204,4.2292190090547015
2023-01-01 05:41:00,1630.508474576271,11.7295500603681,113.29955128847702,3.861297706794654,971.9781915944717,3767.6447352955615,11.04240410325049,4.3083225547602115
2023-01-01 05:42:00,1632.3574730354392,13.216013198930524,111.3765695845022,3.9475151755281814,995.241304197166,3812.1090921691502,11.079376385946706,4.207999451747051
2023-01-01 05:43:00,1634.206471494607,11.540390971269895,105.79373431751884,3.9582411676462823,943.3985612084762,3971.107747561096,10.8322016414614,4.040247143817348
2023-01-01 05:44:00,1636.0554699537752,13.671474859449454,119.94212154122108,3.989752229838687,977.4552324521578,3816.140762183604,11.057676637870783,3.8719542470240387
2023-01-01 05:45:00,1637.904468412943,17.874274360463396,101.47687350933518,4.057529662468898,906.7466575741058,3968.077606199119,10.835841910669783,3.9625780732635363
2023-01-01 05:46:00,1639.753466872111,9.544324860090494,88.13262702125753,4.087769440306603,973.7065674040015,3800.8964518601815,11.008574497835308,3.9216885903746674
2023-01-01 05:47:00,1641.6024653312788,11.757620002199666,107.61676405695273,4.110940458349687,955.9086978770787,4149.918635175173,11.007597232006505,3.9113359836643804
2023-01-01 05:48:00,1643.4514637904467,14.600361400063465,100.74965761212864,4.150132567174616,924.744517893542,3924.128631537362,10.920462876905173,3.88965740248926
2023-01-01 05:49:00,1645.3004622496148,15.16082810228771,98.4573570084112,4.157303491486788,975.7054803671604,3934.7848082702108,10.921608964052567,3.900265791372858
2023-01-01 05:50:00,1647.1494607087827,17.059439630235012,96.76504771059481,4.271094555498678,959.105014464785,3739.1832531177624,10.982362684405981,4.033228662411486
2023-01-01 05:51:00,1648.9984591679508,14.127609179795046,94.6881407918537,4.289675724689734,947.2903682705215,3853.1629715525323,10.846074763483074,4.087067774506902
2023-01-01 05:52:00,1650.8474576271187,12.628870522602991,109.03254739183335,4.292745710215202,915.7623986033874,4031.857573012257,10.856035654867483,4.04196032992225
2023-01-01 05:53:00,1652.6964560862866,15.654770673010516,113.66711518655254,4.30594168212167,1019.680247097946,4170.028768756906,10.844675246660445,3.9870710532624143
2023-01-01 05:54:00,1654.5454545454545,15.278659513310922,101.1423341326046,4.160957574185348,997.0878625208345,4188.371427583524,10.75608127157553,3.8628612528675803
2023-01-01 05:55:00,1656.3944530046224,15.019846136908408,110.43448977352705,4.177896963045396,907.0076214748103,4006.7247139576903,10.906139745910995,3.980854210676596
2023-01-01 05:56:00,1658.2434514637903,17.613393268888224,101.33634562168696,4.171688206588015,961.9075399441182,3919.0321601781725,10.803713126791624,3.940564425800783
2023-01-01 05:57:00,1660.0924499229584,14.239936107926065,111.47689712159962,4.065241912033805,989.4293566826489,4070.957051834775,11.078265051990753,3.7650725683602873
2023-01-01 05:58:00,1661.9414483821265,12.52668076553559,81.54999351374752,4.034488909180149,975.5277538346635,3906.138902437684,10.864925759054898,3.8354345873165707
2023-01-01 05:59:00,1663.7904468412944,11.496461572352986,99.7578674147104,3.9624073516674603,990.3013714528618,3874.5696795696795,10.757117761804848,3.8369387939525277
2023-01-01 06:00:00,1665.6394453004623,8.727318741898445,93.34213938384029,3.9695688215723335,959.6302707715705,3844.189372678044,10.793279127253358,3.8266938613774286
2023-01-01 06:01:00,1667.4884437596302,9.756098062360913,99.84861879430365,4.00436867734893,1023.3641144296345,3978.763992622633,10.911588426011098,3.9483453350668793
2023-01-01 06:02:00,1669.337442218798,12.553673623294435,119.24749092962354,3.9215922321503287,972.0680904648294,3861.552709531149,10.869858175154825,3.8436622884677707
2023-01-01 06:03:00,1671.186440677966,14.228577635249128,99.85658800000473,3.8490098357224856,944.4371570717228,3949.1358625801777,10.870153240519775,3.795162346034681
2023-01-01 06:04:00,1673.035439137134,15.572722702779036,107.0094081145196,3.8425586538409284,980.8613379147351,4049.0506063383486,10.822371371025838,3.8285539292361985
2023-01-01 06:05:00,1674.884437596302,12.92187339325978,93.28515853341109,3.8734959253777133,946.8158014002123,3953.5638339996717,10.907509201441364,3.9758364013490004
2023-01-01 06:06:00,1676.73343605547,17.808432718162756,107.87056389114983,3.827944146369433,958.2983507096462,3984.9978753280766,10.831699135943179,4.039037924160727
2023-01-01 06:07:00,1678.582434514638,15.835786424935343,100.05591638246503,3.863957771553234,995.963801597522,4002.394768668186,10.672283090955617,4.147569205021541
2023-01-01 06:08:00,1680.4314329738058,9.032043267930506,104.19529675239495,3.9226800249602802,1014.8426361034325,4237.248105339857,11.12225591480917,4.32172791969317
2023-01-01 06:09:00,1682.2804314329737,14.59936721740117,104.75848250120818,3.975387859894116,999.530318354962,3956.7865805132205,11.03906280188646,4.432702369974457
2023-01-01 06:10:00,1684.1294298921416,14.22863293556536,98.46375309694534,4.031569372817884,952.1627914282882,4163.177086438932,10.89410305564386,4.451313275606465
2023-01-01 06:11:00,1685.9784283513097,15.010091893877425,86.11702243066406,4.153064724099828,941.8230497634655,3909.879703387225,10.770053380109875,4.372346006199373
2023-01-01 06:12:00,1687.8274268104776,15.570815981383658,107.53354236434441,4.270505732006477,996.9013686581375,4103.023085257261,10.890299389961406,4.4395400812139005
2023-01-01 06:13:00,1689.6764252696457,13.154815424849192,96.28257786744454,4.339952887831894,974.9988979793046,4101.760347265676,10.91405191241218,4.4270512586569515
2023-01-01 06:14:00,1691.5254237288136,13.428913548860807,110.73619901518846,4.261336388415025,1006.6637825908795,4032.952286124564,11.00291503291612,4.297112176316708
2023-01-01 06:15:00,1693.3744221879815,10.887363086489506,108.51313871152747,4.3823049012814455,1040.6025678599754,4124.0459998034685,10.888221562516451,4.352049564005519
2023-01-01 06:16:00,1695.2234206471494,17.806760844301685,104.76843892311123,4.363672438292273,958.2502018543219,3967.195972104623,10.909833934927834,4.245302906739464
2023-01-01 06:17:00,1697.0724191063173,15.703375232462506,116.08070070411158,4.325949974774331,929.4313858361975,3922.095031795319,10.771918667411414,4.174171354729003
2023-01-01 06:18:00,1698.9214175654854,16.832725911658404,96.45313353705828,4.322415656604232,982.6828393102179,3918.102849538196,10.824730148337768,4.151507332658169
2023-01-01 06:19:00,1700.7704160246533,13.893408920199178,102.44216633342208,4.276379056630168,972.7906292273714,3824.881949369833,11.004580007190528,4.030879063065977
2023-01-01 06:20:00,1702.6194144838214,15.633785903490962,92.65877271851068,4.235629485988854,985.1775050314443,3896.714757757002,10.840181378908575,4.024041956087274
2023-01-01 06:21:00,1704.4684129429893,13.903932494936791,109.19941856681616,4.104511946844426,965.118467604524,3950.0265612470253,10.743323137633643,4.033415101910623
2023-01-01 06:22:00,1706.3174114021572,8.269840426344018,81.60508066807564,4.004575419086,1014.5523007481372,4087.80031272397,11.182973276047056,3.825007083898103
2023-01-01 06:23:00,1708.166409861325,12.898648478129486,114.06173468780372,3.981163898858353,901.5412057061611,3992.8121210407585,10.904493538292275,3.787896811297351
2023-01-01 06:24:00,1710.015408320493,16.73718369417687,97.8596385688992,3.999860950228152,994.768631925832,4010.873144673698,10.861610108156446,3.8912112748539185
2023-01-01 06:25:00,1711.864406779661,10.727476465818532,90.18442319149716,3.9793900981158994,952.2178129544241,4218.429238697753,10.887438168142507,3.8686844169016132
2023-01-01 06:26:00,1713.713405238829,13.495595818087534,97.62544698037247,3.9755706225402245,979.6390650774725,3965.439296063544,10.841732829804318,4.043808156613402
2023-01-01 06:27:00,1715.562403697997,17.976522265837097,111.28997803740454,3.9594614648963806,946.7816141536636,3823.738859116118,10.960617419964374,4.052565868487671
2023-01-01 06:28:00,1717.411402157165,12.64007767401552,109.99336625956869,3.9185609057903203,1006.403253866829,3917.0157962956023,10.796113027684315,3.995546290125386
2023-01-01 06:29:00,1719.2604006163328,13.166168921585527,102.88747289891828,4.02282884820012,997.4931775721193,4167.7810999283365,11.060355241774753,4.105097374412972
2023-01-01 06:30:00,1721.1093990755007,13.595514139370753,106.37946634958183,4.0542427817563995,1015.8290755282057,3967.7783134633505,10.816509720300358,4.051442794486493
2023-01-01 06:31:00,1722.9583975346686,16.103540457244534,103.60129979818535,4.12417767858036,1004.2589594470577,4107.735582989376,10.96763552620485,4.128204406883528
2023-01-01 06:32:00,1724.8073959938365,17.10104959382472,109.5934864006964,4.155801087418299,965.2816114572926,3996.904835348214,10.824752432384706,4.23892072391011
2023-01-01 06:33:00,1726.6563944530046,16.48826478343326,111.13084612109736,4.195494112584975,929.272020772948,3972.0378970301354,10.959095739611,4.122633306668974
2023-01-01 06:34:00,1728.5053929121727,11.889043614997355,93.77822479436922,4.241867520988258,997.7167274139018,3896.4308453743415,11.024443700461989,4.123503039872283
2023-01-01 06:35:00,1730.3543913713406,15.389074062367094,100.5156173702745,4.388800990430289,966.5226675796064,3840.712676847684,10.851738070434898,4.318664527234684
2023-01-01 06:36:00,1732.2033898305085,8.5967387330684,100.22056953974483,4.292461720276828,959.5272468103035,3928.008997469417,10.90102040229071,4.210637494565986
2023-01-01 06:37:00,1734.0523882896764,16.331133275105067,94.13080683029841,4.237800738944743,955.6447854379697,3786.471364327486,10.866274737715617,4.1944942071087254
2023-01-01 06:38:00,1735.9013867488443,18.401278652464544,110.1380959256712,4.273705584571729,994.7081735990968,3866.5762284996495,10.676161606781266,4.172408152425445
2023-01-01 06:39:00,1737.7503852080122,11.273761034864128,93.56580141035656,4.345364780145649,1000.0224762087239,4055.292480331768,11.036567007597752,4.208038989412927
2023-01-01 06:40:00,1739.5993836671803,18.76222510147544,98.22295052336678,4.32093129206444,962.7834029884627,3981.5192129677043,10.976338872920385,4.24901424163319
2023-01-01 06:41:00,1741.4483821263482,14.054373210804554,97.94215515592188,4.255369138634894,968.8571408793964,3951.011324061246,11.004986631222419,4.187342643318577
2023-01-01 06:42:00,1743.2973805855163,16.221351591348668,87.12483286983944,4.303134115992442,927.9274082078466,3952.0606211329687,10.840121388970108,4.022884805370943
2023-01-01 06:43:00,1745.1463790446842,13.950695040100362,95.70472652544026,4.398702316000193,986.9712743100184,4041.678220017444,10.952613696788452,4.049358369255254
2023-01-01 06:44:00,1746.995377503852,13.432816029352038,105.30380435648158,4.3793565932146015,1010.428143623961,3911.5222930243526,10.835517312388104,4.055474175262532
2023-01-01 06:45:00,1748.84437596302,8.787529357902127,97.10573985100366,4.352283692001141,966.4661347870272,3904.336339716541,10.76722010137623,4.001586659823503
2023-01-01 06:46:00,1750.6933744221878,18.576173763363528,102.312462772877,4.278040765051918,976.6396263076397,3986.9705880483743,10.849653519825242,3.9285018451051634
2023-01-01 06:47:00,1752.542372881356,15.776782896593724,92.48006785611942,4.166171949664118,910.5712392257925,3957.4451888186536,10.924465386661419,3.7670426303498257
2023-01-01 06:48:00,1754.3913713405238,17.91122177157334,105.42884653463533,4.087855889742224,923.4770777691306,3959.2858644761677,10.988609774479837,3.654948597925129
2023-01-01 06:49:00,1756.240369799692,12.092386847187374,96.46408756880251,4.095330537281938,914.158090151141,3870.946373258476,10.961592072194625,3.7207174837112875
2023-01-01 06:50:00,1758.0893682588598,11.928374740871245,95.16834301780449,4.067588905278209,923.7757711872268,3646.7626996510903,10.88253964854102,3.726026883607082
2023-01-01 06:51:00,1759.9383667180277,16.947981840428742,86.98959352495571,4.1449816423686965,945.525079894766,3947.974431570987,10.977521654639347,3.91263637219015
2023-01-01 06:52:00,1761.7873651771956,14.479604791950234,104.07764825460423,4.218281501056463,960.9933793807224,3892.4878969497413,11.099677798895698,3.9749200307941184
2023-01-01 06:53:00,1763.6363636363635,9.692945771429429,105.89519471063986,4.2737688040017465,990.3947760564762,4107.794380380824,10.997136576971375,4.019757142465299
2023-01-01 06:54:00,1765.4853620955316,15.849930104044684,110.7821891586114,4.300778715054143,977.3964210272314,4030.814545662701,11.019033754040832,4.017757890597285
2023-01-01 06:55:00,1767.3343605546995,15.805680201830762,105.4741392297532,4.293437444482016,889.749030047342,3677.586814974571,10.970759064540195,4.202439052074436
2023-01-01 06:56:00,1769.1833590138676,18.234604714666062,109.33114698880391,4.238545956604555,965.9740478213121,3930.251553420057,10.90787696673867,4.007661642551115
2023-01-01 06:57:00,1771.0323574730355,14.245537318283882,95.44799381082633,4.304997685605413,971.4648329477931,3912.240933567862,10.842791637748867,4.181524542069077
2023-01-01 06:58:00,1772.8813559322034,16.884331290358766,100.07317589551656,4.342787848350023,988.790029587871,3995.0290248907454,10.814413879698838,4.234015305631872
2023-01-01 06:59:00,1774.7303543913713,15.444777848172485,106.5384849023669,4.404176657107709,1050.0,4012.9066966423843,11.017093361412263,4.365771696425636
2023-01-01 07:00:00,1776.5793528505392,12.711488743409975,105.80122513553567,4.307825257023168,960.3187802027807,3917.6097189569205,11.167323592868424,4.3903452977906126
2023-01-01 07:01:00,1778.4283513097073,10.975731699248218,98.81771366464048,4.201013119249994,961.2094107658205,3931.603713647905,10.936896332071386,4.112614848911037
2023-01-01 07:02:00,1780.2773497688752,13.981817930777638,96.5311615460357,4.211087362110526,1004.3095361846645,3885.9400934480973,10.970349661634376,4.022383524501133
2023-01-01 07:03:00,1782.1263482280433,14.82267511710545,90.98647672162154,3.955586875293708,975.516918541539,3846.973191556995,10.86425235824218,4.137713522540582
2023-01-01 07:04:00,1783.9753466872112,14.611738910847864,109.59734748314182,3.7450812103500732,948.6499761383561,3916.426463103992,10.909668952823601,4.166302522960748
2023-01-01 07:05:00,1785.824345146379,13.03543967376628,96.55403234363767,3.7236122852180036,934.6085517724639,3850.9909579684986,10.958066182524655,4.179092999341481
2023-01-01 07:06:00,1787.673343605547,15.775314618208965,103.91265975416692,3.766045739591151,976.1539446533433,3931.8722579264704,10.971141830400647,4.06571410272766
2023-01-01 07:07:00,1789.5223420647148,12.326277729095178,112.39520377159786,3.9547728836486553,968.0194635679508,3690.4140040227353,10.812799146962822,4.0354865743853265
2023-01-01 07:08:00,1791.3713405238827,14.697976809257549,110.80504007172962,4.188367895037436,962.0305449267235,4148.327588114961,10.680861163475129,3.8889926151053773
2023-01-01 07:09:00,1793.2203389830509,10.971817338371329,92.63504137061003,4.544795847663956,974.4547098827103,4003.2526678910654,10.825110648093395,3.7960110276709536
2023-01-01 07:10:00,1795.069337442219,15.438391296981324,88.72974711149305,4.989548657688255,949.6595729403216,3990.775322583771,11.040866892283672,3.726042090220182
2023-01-01 07:11:00,1796.9183359013869,16.377604390733694,105.77633705024729,5.387378449007802,958.0080552606241,3899.712377242203,10.868865643860032,3.5780121838550762
2023-01-01 07:12:00,1798.7673343605547,15.637556327490188,104.03994733395947,5.853251347852896,965.1210491935288,3825.470633737154,10.829741906001486,3.291987982751643
2023-01-01 07:13:00,1800.6163328197226,33.29798220069682,65.55635899698841,6.246973012035678,940.3715975601832,3875.9721483450253,10.862025782410093,3.0426557043407225
2023-01-01 07:14:00,1802.4653312788905,25.951650354226633,64.24146119881667,6.654351420658846,969.4235499235347,4071.851743582103,11.083790325303942,2.7557006580997334
2023-01-01 07:15:00,1804.3143297380584,29.628215638992742,73.47121688428973,7.053066118233116,986.4572577707354,3770.4327580540385,10.84376570950662,2.6268880659076608
2023-01-01 07:16:00,1806.1633281972265,32.27109100297487,67.99025724021627,7.433845667395553,958.9863904379712,3876.4212787505426,11.0034152080208,2.3276598716017247
2023-01-01 07:17:00,1808.0123266563944,35.0,60.0,7.759999156582963,995.3631325280173,3898.3228369781277,10.99767976224639,2.2867069518917775
2023-01-01 07:18:00,1809.8613251155625,26.183540077274728,65.14892313107241,8.001004648953487,980.7225193482271,3970.093599992117,11.179878038460421,2.160352071526173
2023-01-01 07:19:00,1811.7103235747304,31.338500011341807,64.96549555878563,8.151453766551267,977.4509009430172,3988.711028923008,10.8452161697276,2.0002399906418726
2023-01-01 07:20:00,1813.5593220338983,27.862417993616422,71.75564825725847,8.183367489850028,989.1060164069468,4113.399413001603,10.844713428931367,1.8416104437095424
2023-01-01 07:21:00,1815.4083204930662,28.61006015936164,60.0,8.157962948943467,995.4582250218837,3913.176484859201,10.996688780814026,1.6788749583347828
2023-01-01 07:22:00,1817.257318952234,20.0310139983431,69.92716669196884,8.080822527246228,971.495082778659,3862.276084733926,10.929491632895473,1.8538020282997463
2023-01-01 07:23:00,1819.1063174114022,29.404173931893236,66.4715596512779,7.858264653147389,951.6797051441332,3898.719895944411,11.019596695393258,1.99999999999997
2023-01-01 07:24:00,1820.95531587057,32.170372085616386,60.0,7.855417889749253,943.4863589956007,3739.3967275815926,11.023321137217273,1.99999999999997
2023-01-01 07:25:00,1822.8043143297382,24.220666639565124,60.0,7.857585713890191,938.5708756545104,3912.350348174847,11.031069594940831,1.99999999999997
2023-01-01 07:26:00,1824.653312788906,29.61290684467756,75.55754330657132,7.864768125570204,960.0047589304031,3940.9490550389364,10.90495894594515,1.99999999999997
2023-01-01 07:27:00,1826.502311248074,25.778782869166566,75.26213834607057,7.8769651247892885,975.7028275939274,3847.054467053185,11.01643022156487,1.99999999999997
2023-01-01 07:28:00,1828.3513097072419,24.042202819279847,62.98401543488005,7.8941767115474475,968.876669030408,4062.5041884397256,10.89924835846963,1.99999999999997
2023-01-01 07:29:00,1830.2003081664097,29.879929587389217,66.91183212719335,7.916402885844679,944.1907153689732,3842.178105730682,11.014893298348268,1.99999999999997
2023-01-01 07:30:00,1832.0493066255779,30.609311260116872,67.56557172783441,7.993362963859648,915.3384934455039,4221.616526266112,10.850012591837825,1.99999999999997
2023-01-01 07:31:00,1833.8983050847457,29.78695705516767,63.48366150527071,7.99799647091355,988.0289809085477,3867.6500691723963,11.02268773291333,1.99999999999997
2023-01-01 07:32:00,1835.7473035439139,28.980482113128172,69.77168444213635,8.010552127856153,956.4873629788787,3964.550389336573,10.915316546565224,1.99999999999997
2023-01-01 07:33:00,1837.5963020030817,33.66348567603824,60.0,7.940323084260059,978.3738389719834,3801.644627930001,10.906082987151576,1.99999999999997
2023-01-01 07:34:00,1839.4453004622496,32.15240596071315,60.0,7.930928519968652,1001.3574014028266,3912.1776483752074,10.917430819163858,1.99999999999997
2023-01-01 07:35:00,1841.2942989214175,26.919711356104592,68.83806096240161,7.926169625477997,943.1670737316072,3988.248950963279,10.984622930328579,1.99999999999997
2023-01-01 07:36:00,1843.1432973805854,25.594715981028646,60.0,7.926046400788098,1003.2184416579377,3848.3323840343505,10.967284728897273,1.99999999999997
2023-01-01 07:37:00,1844.9922958397533,31.172256164969376,60.972162061852444,7.930558845898951,957.7988566318959,4110.689767314286,11.032054380367912,1.99999999999997
2023-01-01 07:38:00,1846.8412942989214,27.767484187895146,75.85851288566664,7.9397069608105575,922.9735178906235,3972.3701760174745,10.998749691280992,1.99999999999997
2023-01-01 07:39:00,1848.6902927580895,31.77064663909171,71.79868510657687,7.905794979871889,903.7498889389584,3764.466563709755,10.952511740511266,1.99999999999997
2023-01-01 07:40:00,1850.5392912172574,21.787890633364142,70.42128798972816,7.904341198697074,933.4496703893475,4050.199602571236,11.07652428120182,1.99999999999997
2023-01-01 07:41:00,1852.3882896764253,34.781143196622324,64.73781480022066,7.905794979871889,985.5029805708726,3858.293363083801,10.970558232469536,1.99999999999997
2023-01-01 07:42:00,1854.2372881355932,22.199483891157403,72.32401466461911,7.910156323396333,973.9281199463275,3943.6026614094067,11.023381685297462,1.99999999999997
2023-01-01 07:43:00,1856.086286594761,30.19212607442069,69.96882026630921,7.917425229270406,982.5350550627891,3975.2876843869226,11.251764590744616,1.99999999999997
2023-01-01 07:44:00,1857.935285053929,29.401543665004873,75.11057560485337,7.927601697494109,988.1484935553876,4045.834993816708,11.020843331426313,1.99999999999997
2023-01-01 07:45:00,1859.784283513097,34.25677219461262,71.44118779131055,7.940685728067442,990.3252578895061,3988.2315777855197,10.956435783281245,1.99999999999997
2023-01-01 07:46:00,1861.633281972265,29.710516734600724,72.58199488434408,7.956677320990402,988.7696955353993,3970.8192922438006,10.920222895220624,1.99999999999997
2023-01-01 07:47:00,1863.482280431433,35.0,61.445119735248895,7.975576476262993,1020.8532509970541,4152.456854091828,10.867504920319746,1.99999999999997
2023-01-01 07:48:00,1865.331278890601,29.23379697384434,61.80758315066384,7.997383193885214,1044.4643970666002,4174.647635866107,10.939173989405155,1.99999999999997
2023-01-01 07:49:00,1867.1802773497689,26.55050134078056,69.8746451407886,8.022097473857063,975.9287199456768,3935.113028541536,11.038790030366147,1.99999999999997
2023-01-01 07:50:00,1869.0292758089367,27.385548135684093,72.23837431139356,8.04971931617854,955.8107051704725,3955.6884820593964,10.83962352711383,1.99999999999997
2023-01-01 07:51:00,1870.8782742681046,27.303373640567056,63.80978955617356,7.99999999999988,1007.7372961319647,4006.822499721391,11.01110207767767,1.99999999999997
2023-01-01 07:52:00,1872.7272727272727,28.800333245695928,68.80638875941736,7.99999999999988,1018.0731923399555,3973.200330654404,10.955500000645763,1.99999999999997
2023-01-01 07:53:00,1874.5762711864406,29.879596641544076,60.0,7.99999999999988,961.6944266300055,3945.7674694798657,11.064116140127178,1.99999999999997
2023-01-01 07:54:00,1876.4252696456088,30.62227744485194,61.82937650169619,8.001232926156488,984.6258872224478,3988.473274379473,10.909094919115207,1.99999999999997
2023-01-01 07:55:00,1878.2742681047766,32.71786781191868,64.87641986726601,8.000547967180594,982.5436945310728,3870.691300573092,10.898077035883535,1.99999999999997
2023-01-01 07:56:00,1880.1232665639445,29.183234228890093,60.0,8.03820613693258,1019.2773535257388,3941.0982166696103,11.110907184551001,1.99999999999997
2023-01-01 07:57:00,1881.9722650231124,27.336569650791816,62.20608106355344,8.016403697744655,938.2982469962267,4055.6730393328507,11.011851098847792,1.99999999999997
2023-01-01 07:58:00,1883.8212634822803,35.0,60.0,7.996911431301739,1031.396370631818,3885.472540989327,10.80139756833402,1.99999999999997
2023-01-01 07:59:00,1885.6702619414484,26.78485700585059,65.92713630607055,7.979729337603831,1036.304254595853,4125.6228204607305,10.983259590168684,1.99999999999997
2023-01-01 08:00:00,1887.5192604006163,33.69095087613074,60.0,7.964857416650934,955.8295952100435,3878.4793022913427,10.888971345023355,1.99999999999997
2023-01-01 08:01:00,1889.3682588597844,32.196693525823335,60.0,7.952295668443045,935.8077132430664,3955.594521263926,11.068851632984606,1.99999999999997
2023-01-01 08:02:00,1891.2172573189523,26.350944929698,62.0556754627419,7.942044092980165,1014.7139830023799,4081.936843123695,10.970164471347632,1.99999999999997
2023-01-01 08:03:00,1893.0662557781202,30.54604960640305,60.0,7.934102690262293,972.0844774430345,4120.272937416706,10.833838713747268,1.99999999999997
2023-01-01 08:04:00,1894.915254237288,24.753103188708575,67.57734760479748,7.928471460289433,966.8332444868191,4167.689125089433,10.831059501851787,1.99999999999997
2023-01-01 08:05:00,1896.764252696456,27.726329483371558,60.0,7.925150403061581,963.9464530091426,3751.200865058765,10.768869566213695,1.99999999999997
2023-01-01 08:06:00,1898.613251155624,21.08223384547913,66.51458788751265,7.924139518578738,939.9013883756546,4031.8755410419203,10.998837352792549,1.99999999999997
2023-01-01 08:07:00,1900.462249614792,29.62740819220526,77.69779695588876,7.925438806840905,1032.336391743463,3976.0536415369947,10.815123205059173,1.99999999999997
2023-01-01 08:08:00,1902.31124807396,30.709348383040766,70.30779712050267,7.9290482678480805,931.5510135942556,3880.6842181451766,10.955858807821539,1.99999999999997
2023-01-01 08:09:00,1904.160246533128,31.276278210786487,60.0,7.934967901600266,1001.911907306799,4062.277896411602,10.836395894730702,1.99999999999997
2023-01-01 08:10:00,1906.0092449922959,27.84260480695038,70.00647232702099,7.94319770809746,906.184543473914,3848.6145199057123,11.086989160458032,1.99999999999997
2023-01-01 08:11:00,1907.8582434514637,30.83911444912822,64.14163980534076,7.969822729556975,1012.843142692053,4069.965849520224,10.932876297828301,1.99999999999997
2023-01-01 08:12:00,1909.7072419106316,26.25400110112231,60.0,7.9737367469790135,905.5290473161845,3804.188609035347,10.83146911749538,1.99999999999997
2023-01-01 08:13:00,1911.5562403697995,34.02315242794581,68.03308860560878,7.980901582889765,984.8105664766688,3985.9868308182636,10.861209987534046,1.99999999999997
2023-01-01 08:14:00,1913.4052388289676,32.57403791889582,77.87557323165743,7.991317237289228,987.2707439039266,3951.5096374141053,10.986158336154373,1.99999999999997
2023-01-01 08:15:00,1915.2542372881358,28.16391524227443,60.870573294397424,8.002993724100069,1014.1803038004568,4134.754831132708,10.911472402870787,1.99999999999997
2023-01-01 08:16:00,1917.1032357473036,28.621645488514744,71.88203787631628,8.019081854611398,1028.1838541013424,4047.955948663934,11.125197846337095,1.99999999999997
2023-01-01 08:17:00,1918.9522342064715,27.20817389364366,61.86543535565832,8.021328751203379,922.101637048715,3949.7513043799495,11.040329358100676,1.99999999999997
2023-01-01 08:18:00,1920.8012326656394,30.85430257411901,61.865222499381666,7.993174918755039,1019.3356468194971,4195.822827292146,11.19178265235036,1.99999999999997
2023-01-01 08:19:00,1922.6502311248073,34.33854357626863,70.85810120169312,7.968578739665703,915.0897330174365,3832.485932501971,10.992868075889785,1.99999999999997
2023-01-01 08:20:00,1924.4992295839752,32.76383804962643,61.941240617870385,7.947540213935373,957.1189081452109,3858.758084956153,11.120230881041872,1.99999999999997
2023-01-01 08:21:00,1926.3482280431433,26.722109648416673,75.13926815192188,7.930059341564049,1026.6247138186927,4055.97302789476,10.996299155157976,1.99999999999997
2023-01-01 08:22:00,1928.1972265023112,35.0,79.24160413259798,7.91613612255173,919.4149608808676,3955.454679774026,10.853682741689639,1.99999999999997
2023-01-01 08:23:00,1930.0462249614793,25.08941162243471,71.42148752873663,7.905770556898419,968.1094545348383,3974.6444315104186,11.160444109647203,1.99999999999997
2023-01-01 08:24:00,1931.8952234206472,31.796459473001295,70.59269806613044,7.898962644604112,951.2671383224188,3998.4968201327456,11.097906434752476,1.99999999999997
2023-01-01 08:25:00,1933.744221879815,33.83398776025266,63.92061451650388,7.895712385668813,970.9272835449368,3968.177830750079,10.966131919880807,1.99999999999997
2023-01-01 08:26:00,1935.593220338983,30.886152353232536,62.674124351338314,7.896019780092518,963.8510368693659,4044.1863653170954,10.986522748274801,1.99999999999997
2023-01-01 08:27:00,1937.4422187981509,23.08373015925591,76.73359610061875,7.9189946545863,969.2441773716212,4245.574087512428,11.10727201147998,1.99999999999997
2023-01-01 08:28:00,1939.291217257319,32.17753414887799,68.95208900101596,7.915800785332978,955.5019523616572,4013.7878530460894,10.867453031507136,1.99999999999997
2023-01-01 08:29:00,1941.1402157164869,35.0,61.98503966344649,7.917282103164456,964.1701587222044,3894.1033619346526,10.945982658237494,1.99999999999997
2023-01-01 08:30:00,1942.989214175655,31.545457311465956,60.0,7.923438608080732,972.984862395447,3960.685276294413,11.028933191314044,1.99999999999997
2023-01-01 08:31:00,1944.8382126348229,34.92265766808498,65.53888888468028,7.934270300081809,969.1426259553992,4106.013536147141,10.972645753057932,1.99999999999997
2023-01-01 08:32:00,1946.6872110939908,32.626877545714116,76.02944834919255,7.923815356641499,963.143809366769,3933.6077874733132,10.98958826469655,1.99999999999997
2023-01-01 08:33:00,1948.5362095531586,32.50117434024385,71.05865189630143,7.9331799967595975,939.7988610088195,4070.8339568188762,10.991182149044223,1.99999999999997
2023-01-01 08:34:00,1950.3852080123265,31.552927386229634,67.57287577485559,7.946279178218792,969.4067303618632,3939.8731814615503,11.065261701606493,1.99999999999997
2023-01-01 08:35:00,1952.2342064714946,31.0037098009011,62.29235667915422,7.963112901019085,984.1302802750977,3958.0714740929516,11.092541538306607,1.99999999999997
2023-01-01 08:36:00,1954.0832049306625,35.0,71.51164222804886,7.983681165160474,960.3737780817836,4050.533874688485,11.02945445518872,1.99999999999997
2023-01-01 08:37:00,1955.9322033898306,24.91882982522435,61.093053410201016,8.00798397064296,980.9964309667846,3918.4508851226615,10.972978777429487,1.99999999999997
2023-01-01 08:38:00,1957.7812018489985,35.0,60.0,7.963791907284168,962.3389520725497,3869.4951350180613,11.018875657408945,1.99999999999997
2023-01-01 08:39:00,1959.6302003081664,35.0,60.828134435823486,7.965468207872858,972.3845540442578,4055.4247417788238,11.082572006549073,1.99999999999997
2023-01-01 08:40:00,1961.4791987673343,24.756728682440862,61.802790002359494,7.968262042187342,987.3965029095148,3999.9741222868174,11.016235614539974,1.99999999999997
2023-01-01 08:41:00,1963.3281972265022,28.2793784060868,72.57420489337892,7.97217341022762,1022.1166045872757,4122.929726738309,10.956594623929043,1.99999999999997
2023-01-01 08:42:00,1965.1771956856703,35.0,66.4715089552006,7.977202311993691,941.1281165341129,3898.815186255174,10.855941263602967,1.99999999999997
2023-01-01 08:43:00,1967.0261941448382,27.17009471947994,66.75572658681345,7.983348747485555,1016.9757128362235,4034.7277614287814,10.97653470303488,1.99999999999997
2023-01-01 08:44:00,1968.8751926040063,28.71889523552598,68.28472338184231,7.990612716703214,975.071102445202,3913.3668211697527,11.145244290937773,1.99999999999997
2023-01-01 08:45:00,1970.7241910631742,24.617883589010535,63.08259731608975,7.998994219646666,937.6861394391024,3883.5517527146944,11.072291924906297,1.99999999999997
2023-01-01 08:46:00,1972.573189522342,34.205079184412526,60.0,8.00849325631591,959.493199293163,4153.381960533209,10.887116346910434,1.99999999999997
2023-01-01 08:47:00,1974.42218798151,35.0,65.5684125098551,8.019109826710949,1022.5653598112633,4189.112909975698,11.101720137428108,1.99999999999997
2023-01-01 08:48:00,1976.2711864406779,30.61607692340883,73.96641520412183,7.99999999999988,994.7453143498401,3983.309713131713,10.822216087544174,1.99999999999997
2023-01-01 08:49:00,1978.1201848998458,28.63689390958934,62.565722434966425,7.99999999999988,960.0562425013427,3932.1052303611527,10.926341221063417,1.99999999999997
2023-01-01 08:50:00,1979.9691833590139,34.30246060762548,74.49809379914274,7.99999999999988,1027.5039562034274,4024.561765551951,10.902154185952002,1.99999999999997
2023-01-01 08:51:00,1981.818181818182,25.81979270387974,74.41007094808552,8.202839790331629,1001.3762805927073,3951.4174549005384,11.103473642739187,1.8493071533994654
2023-01-01 08:52:00,1983.6671802773499,31.52959737150438,72.91183506319885,8.315387659229161,969.1124297402426,3951.63045725854,10.925761029752488,1.8674315829209396
2023-01-01 08:53:00,1985.5161787365178,23.893742597197306,60.0,8.33522469054453,924.6276619072725,3817.499540395827,10.964573050553208,1.9542207077706355
2023-01-01 08:54:00,1987.3651771956856,35.0,60.0,8.19282912560161,962.1996027862335,4166.643286182772,11.02012707013696,1.8784273705913932
2023-01-01 08:55:00,1989.2141756548535,33.34531758726428,61.750309607858455,7.988307989011147,965.7167910331573,3984.6515967305254,10.983804365270743,1.9544103502346533
2023-01-01 08:56:00,1991.0631741140214,35.0,65.30236625794355,7.715143329808902,990.579614408227,3879.3916236574573,11.133395660890569,2.1294818091736167
2023-01-01 08:57:00,1992.9121725731895,29.462739415441135,68.50852472337668,7.390606790990678,1002.9278739873355,4032.02209925861,10.980867532283256,2.310853584303785
2023-01-01 08:58:00,1994.7611710323574,31.42967805903947,63.81481359034799,7.143340330241217,940.2202142497244,3882.213989602355,11.153192018629937,2.5224534798616074
2023-01-01 08:59:00,1996.6101694915255,35.0,70.88164911781807,6.679902761090032,962.6899100422627,3929.6615437027094,10.932084291317354,2.641827062085872
2023-01-01 09:00:00,1998.4591679506934,32.00230244622353,60.0,6.304473518654152,951.8360990856535,3971.1402371289237,10.982109184233792,2.7307437346457517
2023-01-01 09:01:00,2000.3081664098613,17.367142583496115,97.40131187941606,5.807053705637204,974.4070261567701,3994.0950604321033,10.942177273652113,2.6976968204104503
2023-01-01 09:02:00,2002.1571648690292,12.37849130284653,93.94797866321454,5.3897357278097004,990.3585593146693,3900.5231636367225,11.134641496858553,3.074623051168934
2023-01-01 09:03:00,2004.006163328197,12.772925406502129,74.99322178017604,5.09441051085456,917.5248462039917,3865.843375815612,11.07069580972172,3.4487227997161494
2023-01-01 09:04:00,2005.8551617873652,16.741034740573227,106.67310782460407,4.801184426826617,951.8197063863424,4154.530814175406,10.974694057044335,3.7496923151217048
2023-01-01 09:05:00,2007.704160246533,14.208354876971008,99.7079818544121,4.543368566960943,974.7740390787835,3957.961255334806,11.135943328009503,4.020141264712082
2023-01-01 09:06:00,2009.5531587057012,13.417050924331626,97.45197714851506,4.274872335129873,1008.1065873482712,3988.7050794982315,11.013846506768981,4.01466266646777
2023-01-01 09:07:00,2011.402157164869,19.030025809575918,85.32125593710961,4.132311885524403,933.5616966412894,3976.4621477331752,11.169456104199206,4.255252759345269
2023-01-01 09:08:00,2013.251155624037,10.738686520213486,100.9613389851047,4.063258458155332,977.5121346615514,4018.7513104309237,10.953762257024412,4.3745519118199665
2023-01-01 09:09:00,2015.1001540832049,20.13118488991136,90.96778942885915,4.058691392070295,970.4146814860705,3975.446684913993,10.93650132062726,4.4019011528232435
2023-01-01 09:10:00,2016.9491525423728,14.787093382459215,105.39982098075366,4.112858614773057,971.4467519893168,4166.255369981709,10.939704333296865,4.380154004777489
2023-01-01 09:11:00,2018.7981510015409,22.488566124089118,112.99967564991032,4.247428079073521,919.6177253579424,4094.1889447129315,11.069469878389183,4.167636868647651
2023-01-01 09:12:00,2020.6471494607088,17.73844144941226,98.15560004674118,4.24143040853157,954.4133251805468,3929.289576267007,11.141053560503057,4.193720289705411
2023-01-01 09:13:00,2022.4961479198769,14.825897166953618,83.2207412057498,4.21332879545986,985.4448427780001,4110.480539358015,11.125510907203102,4.136932341295632
2023-01-01 09:14:00,2024.3451463790448,10.809108990795878,90.80051677495193,4.2152139714859835,961.5050486375924,4063.323730813222,10.995093110251679,4.085198144684923
2023-01-01 09:15:00,2026.1941448382127,12.753255923712812,95.25303836087726,4.200328612091357,961.6001273252327,3933.3217185642525,10.727105059156427,4.285208385050814
2023-01-01 09:16:00,2028.0431432973805,16.193354546301013,108.75350199813082,4.2266425174792435,1036.7427838993565,4008.526409330555,11.152194700236265,4.291182395671623
2023-01-01 09:17:00,2029.8921417565484,14.14185668212295,89.02844539657872,4.256130754470891,955.7655786835342,4041.6181273760967,11.140236411548221,4.1194446524472355
2023-01-01 09:18:00,2031.7411402157165,12.575514781364522,83.92024699010683,4.23451915398568,1011.6666857509886,4011.703436382432,11.161087536348647,3.9453147392556147
2023-01-01 09:19:00,2033.5901386748844,12.474270691129897,84.73295965660878,4.098896694359369,927.884066424386,3949.324563768655,11.019316497007306,3.7610559592439854
2023-01-01 09:20:00,2035.4391371340523,16.158645353138386,100.80538257072186,4.219538286746088,966.2745803737896,4086.2714916451246,11.009194119546674,3.821551110294274
2023-01-01 09:21:00,2037.2881355932204,17.75386322126043,93.78361843524283,4.217146703832123,949.7503393823637,3854.944437562915,11.098303349886192,3.8009874714803615
2023-01-01 09:22:00,2039.1371340523883,16.32496992789763,98.46926101141041,4.33147747448831,1029.0664544860024,3991.2949615628468,11.005007065790991,4.138660281185446
2023-01-01 09:23:00,2040.9861325115562,16.48176804828156,92.93756104498553,4.450294863337625,937.2859981285135,3995.9189916100936,11.016896970857415,4.280906601676851
2023-01-01 09:24:00,2042.835130970724,14.235004802498565,99.21727004383426,4.457172522614583,994.1631977882923,4118.575369846446,10.93100322042986,4.329722390074473
2023-01-01 09:25:00,2044.6841294298922,13.959625050183314,90.17175436200108,4.425984846865126,979.3639608043748,3803.6340519558275,10.78074841566909,4.310639073100947
2023-01-01 09:26:00,2046.53312788906,13.787576565797021,106.68489155432047,4.437438867727374,1026.6539901889587,4194.317104082297,10.898411618204117,4.1952995191543385
2023-01-01 09:27:00,2048.3821263482278,17.180719114585955,90.50271598362913,4.4644789526996185,994.9851580615248,4093.8227310178277,10.837783388765445,4.4347445188174355
2023-01-01 09:28:00,2050.231124807396,18.801036382046348,82.33705505486154,4.459938416735087,931.5833169187644,3999.9869619534725,10.849544399336224,4.4764759866370945
2023-01-01 09:29:00,2052.080123266564,18.989235768992994,105.80416926381503,4.354129466947377,978.4714265306199,3951.1167631102808,11.001627367631652,4.4204793092344
2023-01-01 09:30:00,2053.929121725732,11.281630290885856,79.73803893227621,4.269931640841829,986.9625508310558,3957.882623432394,11.010941831798963,4.381513305265478
2023-01-01 09:31:00,2055.7781201848998,15.07850519234661,95.31139921858858,4.3089424174272155,1037.0323905262546,3999.939332800716,10.983656738751465,4.283130637802306
2023-01-01 09:32:00,2057.627118644068,16.50561652552294,99.0583129432604,4.380698150489212,953.3434602633009,4057.999106934484,11.061761670045433,4.307811029083334
2023-01-01 09:33:00,2059.476117103236,13.288929693480725,91.6293775741524,4.369969476397302,985.1688211446453,4034.208644835312,10.957954005874852,4.28473235067605
2023-01-01 09:34:00,2061.325115562404,14.73091308276393,89.12500377721089,4.403608968415442,959.4828088504755,3984.2941351551326,11.040181222654866,4.227821733215516
2023-01-01 09:35:00,2063.1741140215718,17.01211188101489,105.02048645729715,4.274455508052899,934.5357955291277,4102.755110560614,11.01284073820425,4.125565881281581
2023-01-01 09:36:00,2065.0231124807397,14.639618609405504,91.2882323458345,4.233461450034966,1050.0,3891.669483606947,10.995152755268045,3.92922668918535
2023-01-01 09:37:00,2066.8721109399075,13.88289763152965,94.57661753147141,4.219071969348911,942.6471468455836,4040.1781570559097,10.98229873403291,3.7935209547783058
2023-01-01 09:38:00,2068.7211093990754,13.081419614215003,86.76913567558495,4.232411727337223,993.8645381428324,3901.6502143925322,11.03599679626525,3.8572670089878307
2023-01-01 09:39:00,2070.5701078582433,16.728393354020444,89.62870556354699,4.320905049024545,987.9242432939714,4029.769690524206,11.056714356883209,3.997774196762759
2023-01-01 09:40:00,2072.419106317411,16.67444249262601,82.21912813573766,4.392858035936316,926.5140656524043,4006.9894420716537,11.129902512303197,3.863289233362674
2023-01-01 09:41:00,2074.268104776579,13.567028742826626,89.25251624583937,4.354662574183052,965.92335700555,3970.964084079465,11.077456528226808,3.7319147969166826
2023-01-01 09:42:00,2076.117103235747,13.513032522740284,99.64175216661556,4.337694230239431,954.0405562612764,3770.541775913772,10.897242594877369,3.804283123238756
2023-01-01 09:43:00,2077.9661016949153,13.56239461428413,89.5105097199687,4.368825258820782,976.1577641774691,4120.317893128055,10.950094990075927,4.051962932337256
2023-01-01 09:44:00,2079.815100154083,13.699677285416149,94.77316320435618,4.328125378910933,1044.8677983138332,4243.358347865862,11.200045484520873,4.008796195775244
2023-01-01 09:45:00,2081.664098613251,17.754334998073052,106.2652928063776,4.322532527013389,992.0079156006576,4024.628901515285,11.099635974766842,4.059564354926309
2023-01-01 09:46:00,2083.5130970724194,19.52873854536541,93.96764835120531,4.378833293488501,932.5756613173922,3924.2715377561253,10.952617343694557,4.1664237384683735
2023-01-01 09:47:00,2085.3620955315873,15.485939676002719,102.8803075531001,4.382919384060843,999.3520114106888,3999.119054377275,11.019588604712379,4.375892267918388
2023-01-01 09:48:00,2087.211093990755,12.400143732446235,90.9932401724674,4.4821051433815775,931.4270082533817,4151.973567487306,10.772872363537969,4.487043340190625
2023-01-01 09:49:00,2089.060092449923,10.602257922771075,102.15636704473535,4.489013226516982,968.5130185524803,4208.35472683181,11.035579287103785,4.508528892594466
2023-01-01 09:50:00,2090.909090909091,18.000225116768224,102.67664803094003,4.501886715608562,1029.497815397414,3951.7144297589884,10.917234348202097,4.4317380052505735
2023-01-01 09:51:00,2092.758089368259,18.317767963904636,89.5410372230084,4.549200648230018,995.2092715277981,3776.5480960706655,11.018382098506695,4.437159836379692
2023-01-01 09:52:00,2094.6070878274268,18.214999008155942,88.76516896668268,4.505120762405523,977.7132043080919,3952.698439406446,11.138824791633207,4.384515918624906
2023-01-01 09:53:00,2096.4560862865947,14.532210623893642,82.21499201430984,4.430417171941049,920.9129854256815,3980.783643254716,11.10245411546606,4.294141484398831
2023-01-01 09:54:00,2098.3050847457625,16.259480671778302,104.63328231576651,4.3893209077789646,992.7236210056277,4097.9672707719,11.042880844565742,4.391004857211773
2023-01-01 09:55:00,2100.1540832049304,16.11131779223302,91.53186686591974,4.292300171560249,964.2334092781766,3987.250273623306,11.024568529570919,4.389631963253912
2023-01-01 09:56:00,2102.0030816640983,16.04681573380231,91.1646328427533,4.312653326040059,1018.6627864621254,4077.196233431239,10.978149468711338,4.460092034661824
2023-01-01 09:57:00,2103.8520801232667,12.993439725213829,88.77160702162385,4.3905834441470315,974.1673700823167,4153.635022824,11.150657013936124,4.594755330690948
2023-01-01 09:58:00,2105.7010785824345,12.454037273040026,111.46899869962446,4.420402613576322,980.5764691205399,3993.550497540488,10.949682747334073,4.70648589429058
2023-01-01 09:59:00,2107.5500770416024,12.803914632524611,93.44368604626335,4.342783564835319,956.8355228181698,3979.49282030943,11.074422403655674,4.544143798900803
2023-01-01 10:00:00,2109.3990755007703,16.496994987015402,95.36368125032845,4.327115761998986,967.9033856576257,4226.1741479099355,11.036262278055169,4.337478425813556
2023-01-01 10:01:00,2111.2480739599387,17.56067473354652,96.35993999269104,4.403329036673103,990.3199277275752,4027.562676542749,11.068911285638139,4.57044732755587
2023-01-01 10:02:00,2113.0970724191066,17.467655369066875,86.54214572200371,4.426568324241249,992.1920401815352,4014.6940618435237,11.053913620802755,4.54764011017228
2023-01-01 10:03:00,2114.9460708782744,17.176019075820278,97.599010223374,4.4371134472585965,965.4388786525052,3965.195541925226,10.95422196087906,4.605008915194017
2023-01-01 10:04:00,2116.7950693374423,18.368777324915456,89.95546771550791,4.439847261159841,969.8270425682471,3919.887579677223,10.920423541936202,4.602641583903853
2023-01-01 10:05:00,2118.64406779661,19.314858563463588,82.320923206636,4.546146574861532,982.5808312670592,4109.446897539267,10.94479908127834,4.792620782600788
2023-01-01 10:06:00,2120.493066255778,14.818531885036085,100.08356739101534,4.567854962162545,995.3538657554845,4166.095436470056,10.97053487544882,4.772192040042381
2023-01-01 10:07:00,2122.342064714946,15.28099332861512,97.67019918293445,4.581095116384214,1005.9463146346469,4012.9054239688076,11.098309404891971,4.639039649318021
2023-01-01 10:08:00,2124.191063174114,16.33398656270802,71.90428763110016,4.632922409795611,1007.7014294843851,3811.9664450500263,11.028847120549653,4.718612934551722
2023-01-01 10:09:00,2126.0400616332818,22.133520302994686,98.51656160323657,4.566923053636854,993.7064080013774,3940.329538038443,10.900965700254455,4.721721102555961
2023-01-01 10:10:00,2127.8890600924497,18.441429104711357,97.25261653179126,4.553002443192289,956.6491598072125,3957.011355845617,11.002107225266883,4.600766586877128
2023-01-01 10:11:00,2129.7380585516175,13.003105606405498,86.25563939749954,4.533433696336013,976.8813014462971,3957.0818937886042,11.11053823181338,4.610609752396969
2023-01-01 10:12:00,2131.587057010786,16.486825818771475,95.19197896077289,4.5233190081641546,987.0360784458727,4145.62489880553,11.094332241335016,4.6664933071192305
2023-01-01 10:13:00,2133.4360554699538,17.0512598184284,100.26912114450325,4.468637771047158,992.4634289136377,4087.3815751157113,10.971287003290872,4.648273701653082
2023-01-01 10:14:00,2135.2850539291217,12.580844015473687,99.92590719900873,4.442890612229311,959.6316529392953,4000.831596068638,10.770526653248897,4.780998596618747
2023-01-01 10:15:00,2137.13405238829,11.482615954386599,93.12534784772974,4.411377156209779,966.6853397403125,4045.9109966462793,11.058070884530796,4.657919358330989
2023-01-01 10:16:00,2138.983050847458,19.074000534099806,100.06025215676341,4.417999333698818,990.9321241613711,4151.457151780224,11.05648233822476,4.78488351001676
2023-01-01 10:17:00,2140.832049306626,16.81704219643114,117.47034236152857,4.380833101995567,998.8489526340785,3922.9483889518506,10.968343061931359,4.759475588366492
2023-01-01 10:18:00,2142.6810477657937,14.032335257656774,83.63937676620719,4.417894138279682,981.0920145483115,3934.1891973811116,11.00008559671571,4.781916094073392
2023-01-01 10:19:00,2144.5300462249616,17.03637503474201,91.92632507873329,4.375210681327394,952.2692178238655,3852.395027482663,11.075035790320259,4.565578010959175
2023-01-01 10:20:00,2146.3790446841294,14.180355569488592,93.35531878053054,4.46998064498689,1005.083983234641,3929.9177227906703,11.06911025706487,4.68747667371431
2023-01-01 10:21:00,2148.2280431432973,17.64356345321322,90.53780429993736,4.562394004788821,981.0241513444006,4067.581058120209,10.942130953374757,4.789789310445355
2023-01-01 10:22:00,2150.077041602465,16.64353320764512,89.1964954134577,4.4930656083736045,976.7528275168905,3988.001660599228,11.090324424206557,4.7256378367296055
2023-01-01 10:23:00,2151.926040061633,20.228888766326378,90.00150861294449,4.460929956360774,947.5543486903757,4095.6273779632133,11.09616401809591,4.773351821588788
2023-01-01 10:24:00,2153.775038520801,14.473303335116233,102.04429891539262,4.476631009349755,1004.8822013542967,4069.8119789489374,10.929752091586977,4.6790047476960055
2023-01-01 10:25:00,2155.624036979969,16.494272852503368,90.1201291235242,4.472488106599457,1050.0,4095.3919035920103,11.047504425752777,4.752603127835359
2023-01-01 10:26:00,2157.473035439137,18.24891906640518,75.71683144612855,4.399901132920498,1004.8879354172823,4007.455095775542,11.307405333795755,4.7191029083571685
2023-01-01 10:27:00,2159.322033898305,22.78477728407704,79.66350212825235,4.370114727247753,1018.9155349529818,4136.606382694446,11.04971244105606,4.725853385125325
2023-01-01 10:28:00,2161.171032357473,11.381246181650724,96.14826409214446,4.352897249884844,961.3051149526755,3980.646686113684,11.126777929972762,4.945354796880436
2023-01-01 10:29:00,2163.020030816641,18.900734915958363,103.89487030674096,4.281920967312889,973.405078426619,4092.10384969641,11.070037329956453,4.712976426390278
2023-01-01 10:30:00,2164.869029275809,14.444785159099203,89.8402804057622,4.290933254473041,974.9339906552416,4130.633679653432,11.087975163689475,4.590899706071024
2023-01-01 10:31:00,2166.718027734977,10.81784276939229,102.56263380288323,4.246463268485045,962.3671572327607,4079.0033539285205,11.038652831990714,4.550780549725594
2023-01-01 10:32:00,2168.567026194145,16.330854420596502,91.51892194938715,4.260324168937233,971.9914562787765,3860.87414269666,11.01121507234817,4.661471219872581
2023-01-01 10:33:00,2170.416024653313,16.910517398921947,100.10673115056485,4.19376949730576,992.1490614171439,3996.840961721116,11.121525831777191,4.451918116308348
2023-01-01 10:34:00,2172.265023112481,17.38026151379667,111.48743989505084,4.174361277314013,1041.783203960163,4149.669801703038,11.102726009396564,4.371936101072377
2023-01-01 10:35:00,2174.1140215716487,13.621278194279975,100.79189022029418,4.176026456928421,1010.0389904644389,4077.574877939882,11.200823500380205,4.271484726709505
2023-01-01 10:36:00,2175.9630200308166,12.817445679106328,99.29352477507709,4.137198687963888,967.7648804925802,4042.421297494267,11.093776380937589,4.3673207396416265
2023-01-01 10:37:00,2177.8120184899844,12.444525473131979,90.55453401870848,4.201721479130625,939.8045473459058,4058.818969925793,11.008993898167315,4.315415169680987
2023-01-01 10:38:00,2179.6610169491523,15.362988548227396,85.40072556698,4.311082993345895,976.5024760321161,4087.599626703985,11.059192785815975,4.308111546139711
2023-01-01 10:39:00,2181.51001540832,21.908954403858022,97.38292817301001,4.33531287412768,947.8018592744767,3989.1128624870485,10.987185971978832,4.25209318535692
2023-01-01 10:40:00,2183.3590138674886,18.537258434704665,78.2769002092737,4.332616095645801,1000.7789499333787,4145.663904398216,11.176958225302196,4.177761430757712
2023-01-01 10:41:00,2185.2080123266564,15.636015825908258,94.8424222969668,4.3249494015600956,976.6436634698676,4205.864974911343,11.100892410356508,4.100857829615347
2023-01-01 10:42:00,2187.0570107858243,13.087687045082246,87.62420395716607,4.312312791870629,994.1569374903947,3949.4478363550743,11.136663747148654,4.02138238192989
2023-01-01 10:43:00,2188.906009244992,16.815832904867918,99.11702406242395,4.294706266577401,968.1861996765123,4091.941644371525,11.151645145732294,3.9393350877013424
2023-01-01 10:44:00,2190.7550077041606,19.78458696925957,96.26914462145331,4.272129825680412,969.2630560909404,3889.4316113292844,11.054701804027555,3.8547159469297028
2023-01-01 10:45:00,2192.6040061633284,15.014275790875137,101.15488138247632,4.244583469179661,973.2259756247506,4107.896834174239,11.111297984467424,3.7675249596149714
2023-01-01 10:46:00,2194.4530046224963,16.793498706795003,93.06621379168249,4.21206719707515,913.1091486889045,3801.556964590008,11.132508590343301,3.6777621257571482
2023-01-01 10:47:00,2196.302003081664,12.944345894483869,90.6292201765506,4.174581009366877,995.1020559937407,3916.6044269165673,11.022479910164423,3.585427445356233
2023-01-01 10:48:00,2198.151001540832,14.976604549965625,92.390285526566,4.132124906054843,966.0043637080698,4041.1232912693704,11.018481149481918,3.4905209184122263
2023-01-01 10:49:00,2200.0,11.608710893344478,84.94949901598493,4.084698887139048,1016.7513082699057,4130.590436303331,11.171386891247556,3.393042544925128
