TIMESTAMP,MD,WOB,RPM,TORQUE,FLOW,SPP,MW,ROP
2023-01-01 00:00:00,800.0,18.429950424415427,100.54481721990614,7.016564506300341,964.0195721929148,3882.133857349897,10.756382834121881,2.3667191826627767
2023-01-01 00:01:00,802.0033388981636,20.41280821247515,107.93762646892708,6.935576191524527,949.6634265788168,3671.621947140793,10.745568748353675,2.4000704461344275
2023-01-01 00:02:00,804.0066777963273,16.788007114497276,101.39652001083778,6.862612266417163,917.3097288656686,3931.3586764991824,10.611075191436276,2.42962359627131
2023-01-01 00:03:00,806.0100166944908,20.02408969096474,98.72867181401193,6.797672730978248,953.0329049585873,3855.185803227013,10.789870211515103,2.4553786330734244
2023-01-01 00:04:00,808.0133555926544,18.75353399923129,95.36475701066131,6.740757585207784,954.3428365226238,3980.056736540673,10.554934356939047,2.4773355565407704
2023-01-01 00:05:00,810.016694490818,20.58021057411501,126.01113999248867,6.691866829105768,952.2009980252177,3709.769618300651,10.571327052729057,2.495494366673348
2023-01-01 00:06:00,812.0200333889817,18.208830950052548,105.72539459096664,6.651000462672203,933.3475606225943,3977.1021787705226,10.709463685413581,2.509855063471158
2023-01-01 00:07:00,814.0233722871452,20.2804267713568,108.44215554694394,6.618158485907086,906.7157851783684,3800.967513646195,10.639511728836752,2.5204176469341992
2023-01-01 00:08:00,816.0267111853088,19.770321631838762,100.05677303941323,6.59334089881042,971.6166096256152,3747.406402529915,10.752175043991702,2.527182117062473
2023-01-01 00:09:00,818.0300500834725,21.34747962787714,107.02664872458857,6.576547701382204,935.6932052088108,3681.3421453107235,10.779285923530136,2.5301484738559776
2023-01-01 00:10:00,820.0333889816361,18.51893081337204,112.1710064881901,6.567778893622339,961.1843462822554,3896.885780736105,10.796041627907574,2.529316717314677
2023-01-01 00:11:00,822.0367278797996,13.233361269310649,88.19006114126057,6.496989141647653,987.7708083011069,3970.8389362648554,10.789298847225268,2.442316372265512
2023-01-01 00:12:00,824.0400667779633,14.867477423301782,90.41995139042788,6.589572138085987,985.7482887772587,3921.431393443265,10.723312797010129,2.507388886566354
2023-01-01 00:13:00,826.0434056761269,20.37732779684755,93.90263558949023,6.595162464108682,931.4999183794756,3997.3330884536977,10.680124652474507,2.4790572312935724
2023-01-01 00:14:00,828.0467445742905,18.731091569384027,106.59400105806222,6.633379695995088,897.6498758450648,3703.04329564721,10.691905077655663,2.5005440483176673
2023-01-01 00:15:00,830.050083472454,15.972631455369779,110.01750667701783,6.59784038732892,959.4208862686644,3970.6516385514196,10.656731167899464,2.449780821686612
2023-01-01 00:16:00,832.0534223706177,21.57844716912103,110.97344045741457,6.639906902395858,900.1220319083645,3912.7180223213986,10.796096985903512,2.4227505025406653
2023-01-01 00:17:00,834.0567612687813,19.27868249364205,90.87784671063521,6.679727306437247,958.8885956940454,3762.8968441959305,10.57275872802661,2.4323697768775663
2023-01-01 00:18:00,836.060100166945,17.47029829999615,93.4065286862246,6.787566761584996,993.198791798857,3887.720774847946,10.628294784042588,2.4362752165294355
2023-01-01 00:19:00,838.0634390651085,22.197617037267214,79.54277823361312,6.915392000520087,913.0417080070171,3749.041463668446,10.786118469333879,2.461906677777356
2023-01-01 00:20:00,840.0667779632721,19.861541751872746,103.34698013380064,7.009101584251974,958.9510090147498,3735.9949208771623,10.873553448843692,2.4462110366025285
2023-01-01 00:21:00,842.0701168614357,21.77023856645259,100.0116814762542,6.9514346737019235,944.7399261820117,3910.563795015348,10.656008173933365,2.434620518174004
2023-01-01 00:22:00,844.0734557595994,15.463228423886715,96.9911100939881,6.943741165386932,927.692845137438,3794.4596399702177,10.776890872203445,2.354576468035038
2023-01-01 00:23:00,846.0767946577629,18.587215730050634,101.6246529731341,6.84638397072378,937.2631337184433,3867.092240416254,10.591342589882325,2.3104469912201404
2023-01-01 00:24:00,848.0801335559265,18.676438417793104,96.11543071692887,6.833730639478899,935.5997882895084,3907.0608992725,10.86269585073689,2.2348796529151964
2023-01-01 00:25:00,850.0834724540902,19.94292845580429,81.93611823808298,6.764748978440773,978.6600766625636,3753.0732013842844,10.702883165832041,2.250205351876482
2023-01-01 00:26:00,852.0868113522538,20.783297555960896,116.55372190916037,6.69735588200133,960.5858781437657,3778.3288167234155,10.563599916208679,2.1695499830266085
2023-01-01 00:27:00,854.0901502504173,18.359415902983173,84.40185867334674,6.617051602092353,957.8032721968456,4039.2589761952568,10.689123065574506,2.243610601858251
2023-01-01 00:28:00,856.0934891485809,14.804095739529078,105.10295385644432,6.587394916815793,942.4108847218077,3836.6938471652816,10.872539048759622,2.225637853539352
2023-01-01 00:29:00,858.0968280467446,16.67375617507289,81.57118143810479,6.5931477549585615,946.050387667986,3934.3883774648093,10.788163530226031,2.2408772528018597
2023-01-01 00:30:00,860.1001669449082,14.343629636272288,95.75454102391967,6.632470925151697,978.0958571316685,3841.601988241924,10.814510104920355,2.24085584205128
2023-01-01 00:31:00,862.1035058430718,21.504595091755537,100.09622098689867,6.6144994881506705,964.5735858006414,3882.953050241387,10.670271536115578,2.2197067994640904
2023-01-01 00:32:00,864.1068447412354,20.339189002690972,105.55055993520863,6.702238400326236,954.524734238633,3750.120578747745,10.732207027733127,2.3079123230879826
2023-01-01 00:33:00,866.110183639399,20.837767844003363,76.735464578398,6.734225387412012,929.5172979425398,3833.7321816306053,10.807673145425857,2.309891692594138
2023-01-01 00:34:00,868.1135225375626,19.014302257436714,98.03354911368444,6.847524357258073,993.0290943595713,3674.8454863007955,10.627299425913199,2.4038020560532853
2023-01-01 00:35:00,870.1168614357262,19.29670559096856,92.24866137849753,6.979792612171964,928.124261196808,3769.1918682624623,10.831725022833414,2.4602454711972923
2023-01-01 00:36:00,872.1202003338898,18.49686949061078,99.20890701580865,7.106544662771737,967.0522859432245,3982.3436774474817,10.69479965799334,2.488577855329962
2023-01-01 00:37:00,874.1235392320534,22.943277073123348,91.33117279973607,7.141770633552456,957.0351851015305,3700.0961124031614,10.602482352207618,2.5588733294175414
2023-01-01 00:38:00,876.126878130217,22.711073699607745,98.88994334286905,7.111079691576543,949.8144468633348,3768.1793163864177,10.772645081809278,2.564225048592986
2023-01-01 00:39:00,878.1302170283807,18.06620967267639,110.0217407390403,7.026895663671976,940.1981721398203,3756.2401433944437,10.884255200312879,2.523162421596992
2023-01-01 00:40:00,880.1335559265442,19.154516418029505,85.54594935811636,6.92442836816938,971.4827396669243,3881.732068485545,10.797024137822444,2.5554059307158465
2023-01-01 00:41:00,882.1368948247078,23.652344437837993,114.09847142321573,6.783776941898348,963.4914798342099,3899.0915967077785,10.76409860058168,2.5366035474511897
2023-01-01 00:42:00,884.1402337228715,20.827545105851232,92.61769731129863,6.70954987757762,959.6151567113538,4049.123203726063,10.771093465610344,2.5319571941951837
2023-01-01 00:43:00,886.1435726210351,19.770585892490846,109.20090249738153,6.633766643630049,912.2890520251304,3938.0016645180776,10.783121292128357,2.5657955496219
2023-01-01 00:44:00,888.1469115191986,16.23387760910075,91.89673963213589,6.595012282761719,957.2143054888691,4038.8278707558443,10.595655477378893,2.523374060995802
2023-01-01 00:45:00,890.1502504173623,11.933926916777105,93.66181341214003,6.567405750689653,1037.1039807923767,3945.0739761058776,10.669667314865068,2.5181470233052803
2023-01-01 00:46:00,892.1535893155259,12.75448236001232,95.60934862556903,6.492534705042759,873.5305882692484,3632.1403901064964,10.816041335108837,2.4166531143695975
2023-01-01 00:47:00,894.1569282136895,16.048409113411324,119.11659093840639,6.425660297915607,990.3376093677109,3993.6268705541484,10.842725498009568,2.396622741760508
2023-01-01 00:48:00,896.160267111853,18.751360140665415,93.87499417440117,6.54180228799206,935.3602266694946,3909.9529037412794,10.847584466107039,2.37694685966215
2023-01-01 00:49:00,898.1636060100167,20.5300447642791,119.81196048494365,6.58698630981555,963.4103467071188,3757.1551998604173,10.757295682569815,2.3612607664239293
2023-01-01 00:50:00,900.1669449081803,16.9832343444061,88.43245326373932,6.524642262731918,926.2346176715187,3913.741011284506,10.802787171331515,2.3144708596863723
2023-01-01 00:51:00,902.170283806344,19.963740282646942,87.71516422289785,6.469788207816886,955.2527568387077,3854.425840771902,10.706163251152194,2.17985062152195
2023-01-01 00:52:00,904.1736227045075,21.42023188585099,88.98619706392914,6.557001666383927,1006.7261442144552,3915.013849970245,10.846393160525095,2.214844114338648
2023-01-01 00:53:00,906.1769616026711,17.925979975835244,85.9908101168637,6.663636964249793,907.196025253895,3697.939154720516,10.754087622416877,2.235374571333306
2023-01-01 00:54:00,908.1803005008347,19.484434371052686,95.91132395425848,6.6915045202312875,932.8014569243694,3939.591742630448,10.741819774296577,2.299698259866174
2023-01-01 00:55:00,910.1836393989984,15.048574418479257,90.64354368696848,6.669210086420242,945.7528504885728,3762.649590176207,10.799315830959804,2.223539659755218
2023-01-01 00:56:00,912.1869782971619,20.625769981734255,107.09440516882255,6.5945883125309805,966.7898188636108,3864.1532224902994,10.783237155975318,2.2108300203763323
2023-01-01 00:57:00,914.1903171953255,19.247148667042044,100.04142689504398,6.480234145922436,958.1597809938296,3808.8591400432906,10.775343130747942,2.2003681538850426
2023-01-01 00:58:00,916.1936560934892,14.322940925356148,84.58519747167591,6.409571842458241,1003.8383353545709,3864.575012391831,10.61241487480347,2.174138168983866
2023-01-01 00:59:00,918.1969949916528,14.160983854902286,109.86578732927512,6.314588815321557,939.1972938535429,3879.4205851530837,10.616579099393588,2.1918126364458645
2023-01-01 01:00:00,920.2003338898164,17.4379956533285,110.8701755122955,6.349640267956853,898.2066209237968,4029.4238345897334,10.67542555199988,2.2691539423618736
2023-01-01 01:01:00,922.2036727879799,22.1990773206126,105.03201790425472,6.375133239622081,941.2512687480457,3781.5373359821624,10.877122761109815,2.263603881586497
2023-01-01 01:02:00,924.2070116861436,17.47944910774179,85.9351777018645,6.3524059670847,894.534554353158,3790.3826698944845,10.81173174589923,2.2496289062747383
2023-01-01 01:03:00,926.2103505843072,14.80222481553507,75.48192320594865,6.352485485489154,970.9215278739701,3804.509867538765,10.894043093652973,2.2161934292753465
2023-01-01 01:04:00,928.2136894824707,18.280562777841453,69.36993792826354,6.354354403467487,988.5295478829968,3972.5371679313466,10.546302010202318,2.2405336543189844
2023-01-01 01:05:00,930.2170283806344,20.17003006376281,109.89272091329057,6.406880070458027,972.9943982072948,3821.1039973985894,10.768598414100538,2.2341402050898833
2023-01-01 01:06:00,932.220367278798,15.979528559806926,104.61764488176969,6.470488901076816,936.3744874816316,3999.475293778551,10.799950918485337,2.228467452667848
2023-01-01 01:07:00,934.2237061769616,17.866525286186082,87.65142587583915,6.586047027158478,930.2245008884288,3969.8126659514587,10.745153007871831,2.2556944920688764
2023-01-01 01:08:00,936.2270450751253,18.51140477528193,96.6549032071284,6.696966372262805,909.7785092669426,3862.7593571520492,10.814916160607371,2.277415052684267
2023-01-01 01:09:00,938.2303839732888,21.762558830482625,79.53072444018397,6.679631849825222,968.1236721808306,3798.6702960711877,10.766324359465992,2.2668293050170187
2023-01-01 01:10:00,940.2337228714524,16.26035525077446,80.6679547895169,6.618933448711045,935.4608792404686,3826.961886981555,10.642643190135207,2.2788607817533006
2023-01-01 01:11:00,942.237061769616,13.374503869611065,89.3659654122639,6.615926668505696,929.5226485599211,3876.296311969147,10.725692341511424,2.2154865017156613
2023-01-01 01:12:00,944.2404006677796,17.925440823871504,101.89254602186327,6.684081737410652,988.2668697557185,3996.810442283794,10.788237315491427,2.3246313163304917
2023-01-01 01:13:00,946.2437395659432,21.28121502386283,97.46741153118,6.640501337834723,915.0919619263291,3844.218878014866,10.75480198287608,2.3323522901455314
2023-01-01 01:14:00,948.2470784641068,19.486351727012064,97.58228139518832,6.724955083783761,941.1519883009872,3946.3813126067794,10.694811889946836,2.36458283212628
2023-01-01 01:15:00,950.2504173622705,18.674865605505975,104.11869786948684,6.722136066336843,965.3281139936354,3817.29153504863,10.73223047551253,2.3277760900525593
2023-01-01 01:16:00,952.2537562604341,19.067999320330465,95.29184674413585,6.759287411927386,1003.969311138395,3981.1668002594442,10.79053675422185,2.364835135895048
2023-01-01 01:17:00,954.2570951585976,18.193175277632033,114.50545252491385,6.690501175233172,973.2560487458304,3824.017475159755,10.879839178822523,2.378511225537649
2023-01-01 01:18:00,956.2604340567613,17.28856901095258,88.44571052517901,6.709100523123536,1000.4095403563974,3895.6320546142615,10.821144512475087,2.452582414068147
2023-01-01 01:19:00,958.2637729549249,20.77868894842494,91.75527126348904,6.702996341001227,937.6628916851877,3967.5061273095143,10.625036940961271,2.445943054960071
2023-01-01 01:20:00,960.2671118530884,20.407672575927805,86.51328027588832,6.824652867804335,943.016312429483,3933.733261373949,10.828922257862374,2.5337995303485563
2023-01-01 01:21:00,962.2704507512522,20.82473051273365,103.84921827567896,6.875215478737079,962.4746306739198,3934.6914429181415,10.76669503012082,2.5408997719996242
2023-01-01 01:22:00,964.2737896494157,20.75542693181538,81.53680533733505,6.817341003220282,965.476100734847,3999.018549694037,10.72092258286614,2.5836198809709354
2023-01-01 01:23:00,966.2771285475793,21.524971405087136,91.40379177341478,6.889786303871855,975.4179940928295,3914.0451906526637,10.819633344172164,2.62883343529562
2023-01-01 01:24:00,968.2804674457429,11.434293873780199,90.27927187378029,6.930542675215919,1002.3528791775773,3930.330772414171,10.843116560924814,2.694995315688714
2023-01-01 01:25:00,970.2838063439065,21.840378098985905,113.1176187618584,7.054355841351141,931.1615320604586,3807.7834735524243,10.80263848934603,2.692296519658486
2023-01-01 01:26:00,972.2871452420701,19.826784336201275,109.03989578113139,7.074257244635307,953.3535401031932,4070.433312971066,10.824537410611196,2.621948540236722
2023-01-01 01:27:00,974.2904841402337,21.43436965700621,106.29724739018639,7.036533433979866,988.268350708882,3998.0917060550955,10.853402908505597,2.646203042784844
2023-01-01 01:28:00,976.2938230383974,21.561675278800028,95.38110698651715,7.017936127727264,970.6314105561034,3803.9920738362753,10.70254511410944,2.675428165037069
2023-01-01 01:29:00,978.297161936561,22.357900677467548,106.39847660033158,6.96925759947648,983.434360924856,3976.488227448762,10.940707235352649,2.650349401193172
2023-01-01 01:30:00,980.3005008347245,20.49991388327781,79.79884435623828,6.872965546323823,959.1515047250222,3808.6976001551143,10.651755299554079,2.6290359732484925
2023-01-01 01:31:00,982.3038397328882,16.44523645355821,103.29206752449132,6.878041897859111,1034.0752200457462,3972.862001409883,10.668097196054243,2.5548390752909063
2023-01-01 01:32:00,984.3071786310518,19.0228814347128,88.95333335293745,6.887264657975409,928.1189687198276,3936.556436916833,10.660554008450632,2.542499599792634
2023-01-01 01:33:00,986.3105175292153,16.931461408280235,112.69758842982806,6.902222683093241,967.81473746525,3885.0038259177195,10.735210085057165,2.461295102552305
2023-01-01 01:34:00,988.3138564273789,21.64393137360285,96.95189078261815,7.036402964860299,954.9317187595741,3852.5658789911645,10.872222233501976,2.3892146237857004
2023-01-01 01:35:00,990.3171953255426,14.162242638151325,110.85400865115386,6.9717166287129135,995.9978008597026,3948.124244663394,10.706974996328725,2.2622367874838227
2023-01-01 01:36:00,992.3205342237062,20.364606629484012,131.0943005801097,7.027585059843011,975.0873740941764,3856.5676367486135,10.814008234135219,2.183618176845774
2023-01-01 01:37:00,994.3238731218698,21.644083880502297,100.82184810544744,7.080935870437082,973.0077964170164,3987.588632068162,10.700021283056385,2.149391802238147
2023-01-01 01:38:00,996.3272120200334,20.018028886264094,79.17911740580641,7.214984568777501,967.3543601811108,3853.930263246361,10.72644798432143,2.142616974980457
2023-01-01 01:39:00,998.330550918197,21.136583867894785,93.05466820511411,7.324242162694331,965.7897588915457,3799.629401419699,10.673711729840957,2.0683189125254957
2023-01-01 01:40:00,1000.3338898163606,33.035117449100646,67.72361934382494,7.498967258728026,907.5773427342903,3711.9454513030287,10.554264555386354,2.111041828550574
2023-01-01 01:41:00,1002.3372287145241,22.278120147996283,88.1997390859861,7.583137974546356,927.0672060484898,3833.7842320133814,10.777190556708668,2.0573985242507047
2023-01-01 01:42:00,1004.3405676126878,27.556970414236062,80.12054516274031,7.656183230959817,962.0007889483305,3835.1124686872527,10.813618544369403,2.0688247337802546
2023-01-01 01:43:00,1006.3439065108514,23.157915607050217,82.37424288329223,7.815198016017784,910.328906568405,3683.909188672726,10.609055172001488,2.028944356081563
2023-01-01 01:44:00,1008.347245409015,21.914539760912373,68.45676645786993,7.824173303303577,952.6849729851058,3756.925094495236,10.911687846036553,1.990778070356012
2023-01-01 01:45:00,1010.3505843071787,27.346194090887387,88.35626778267236,7.895121327231099,933.8498736265663,3977.760827879877,10.538875832314044,1.9642052298998702
2023-01-01 01:46:00,1012.3539232053422,24.838561105855582,70.65291362802155,7.852486190410828,929.0104399001689,3909.6084617914444,10.708459431907547,1.9194617672747454
2023-01-01 01:47:00,1014.3572621035058,22.630795068754278,81.06394717089154,7.881036841916707,964.5745013051778,3926.2447946220536,10.652471948117562,1.99999999999997
2023-01-01 01:48:00,1016.3606010016695,29.71580393749741,100.16541300225083,7.912159218628095,915.8836777946487,3889.3560414803956,10.762178400804245,1.99999999999997
2023-01-01 01:49:00,1018.363939899833,29.286161038935234,65.88235917448411,7.872869831110608,924.213603742855,3876.833322677815,10.677154316872535,1.99999999999997
2023-01-01 01:50:00,1020.3672787979966,21.347647311577756,74.5777477341231,7.810015070208627,958.0942860483177,3835.415619457214,10.657599027194875,1.99999999999997
2023-01-01 01:51:00,1022.3706176961603,28.46071587612484,73.03019584247286,7.8124879331514245,988.5652026073411,3630.7927976372666,10.769090347249607,1.99999999999997
2023-01-01 01:52:00,1024.3739565943238,27.251409727691296,77.09370345954521,7.795061332240891,952.8546876655813,3872.061378580734,10.673759378388693,1.99999999999997
2023-01-01 01:53:00,1026.3772954924875,21.57073820757097,82.77810989125952,7.806622112642292,960.3598328270575,3913.337383530927,10.742555943418225,1.99999999999997
2023-01-01 01:54:00,1028.380634390651,27.872597687510634,74.81348423483978,7.828040639290958,919.8962437594839,3809.3175406994465,10.71323093084776,1.99999999999997
2023-01-01 01:55:00,1030.3839732888148,31.180531815801697,79.80128045510932,7.810100270336089,931.0477665011314,3925.0690870546086,10.712862412682036,1.99999999999997
2023-01-01 01:56:00,1032.3873121869783,29.26938950305438,64.13784219448068,7.830727355374787,959.8295580698863,3920.0527927125513,10.776928680321426,1.99999999999997
2023-01-01 01:57:00,1034.3906510851418,25.48903651282052,72.2482358135322,7.870752769661436,930.8547301895493,3932.058924972389,10.72242066819993,1.99999999999997
2023-01-01 01:58:00,1036.3939899833056,22.083802395042365,72.54754326640526,7.90882522972761,970.2889535830681,4179.885807816023,10.74368971576707,1.99999999999997
2023-01-01 01:59:00,1038.397328881469,26.999133850440295,71.73251912241352,7.911774865249296,990.820954532712,3881.862300601594,10.84396808040747,1.99999999999997
2023-01-01 02:00:00,1040.4006677796328,25.209795983850377,69.43158332530055,7.9621699590348625,1008.3310207048271,4169.393311765374,10.500719840903871,1.99999999999997
2023-01-01 02:01:00,1042.4040066777964,32.06168109905823,66.42114732884689,7.912261613096381,963.6976745031966,4095.3567970549548,10.72091083371712,1.99999999999997
2023-01-01 02:02:00,1044.4073455759599,27.960894527870902,70.43571040267595,7.904878093959103,922.0860662119978,4073.030153427399,10.636495365926793,1.99999999999997
2023-01-01 02:03:00,1046.4106844741236,23.655104140680745,83.47141082456581,7.907787724750796,942.4754966917271,3862.5790399402767,10.619726389275685,1.99999999999997
2023-01-01 02:04:00,1048.4140233722871,30.7286665881407,67.8817530982826,7.854614686331558,997.0420559435314,3935.6581744471014,10.644647982665667,1.99999999999997
2023-01-01 02:05:00,1050.4173622704507,24.906206102083722,76.52345195277596,7.850454025672897,931.8582912040982,4046.882739699644,10.806947107249366,1.99999999999997
2023-01-01 02:06:00,1052.4207011686144,26.77977955081337,78.32136175971509,7.854181593959878,974.3196743536972,3882.5913722210034,10.80162631717746,1.99999999999997
2023-01-01 02:07:00,1054.424040066778,25.244610197330772,64.02370212570479,7.88648338942856,972.9433214983903,3888.9398669863253,10.695611612694027,1.99999999999997
2023-01-01 02:08:00,1056.4273789649415,22.88685451286292,73.68011552092625,7.87087504432379,1003.6633265213179,3954.2062720456474,10.713611791729083,1.99999999999997
2023-01-01 02:09:00,1058.4307178631052,26.133336469158788,60.94218698018041,7.829407975162757,922.1354389081115,3852.9461047699815,10.69379829752953,1.99999999999997
2023-01-01 02:10:00,1060.4340567612687,21.789392263154575,89.49872989277283,7.826143446790147,954.7590152654302,3832.1986409242854,10.870699444573953,1.99999999999997
2023-01-01 02:11:00,1062.4373956594325,28.801196535904058,78.35955983734209,7.8574013800017575,974.2834896728807,3911.4490827749996,10.680075904321802,1.99999999999997
2023-01-01 02:12:00,1064.440734557596,26.82146249418202,72.29633391543565,7.8478918810429255,985.3044626500596,3864.146468911841,10.781108025576222,1.99999999999997
2023-01-01 02:13:00,1066.4440734557597,27.524696082872772,63.93240362306938,7.865640080071583,1004.9404918116551,3935.5506278614616,10.539743917433153,1.99999999999997
2023-01-01 02:14:00,1068.4474123539233,30.73067693115258,71.00802170596813,7.862314517961516,926.9818957116947,3963.2742207839133,10.863369723142593,1.99999999999997
2023-01-01 02:15:00,1070.4507512520868,30.82925733749387,71.25204522196026,7.86844032679244,899.6295913021451,3755.5796212022005,10.880159319883274,1.99999999999997
2023-01-01 02:16:00,1072.4540901502505,27.368808656267454,70.0878481129537,7.884017506564355,926.2094883533533,3829.4840410486163,10.63189091767395,1.99999999999997
2023-01-01 02:17:00,1074.457429048414,23.458571689949288,79.27751414413265,7.909046057277258,944.2941738794871,3900.6468845164336,10.744044274487022,1.99999999999997
2023-01-01 02:18:00,1076.4607679465776,25.420753546106205,69.2920896400369,7.922612909732816,982.7705927006514,4030.7557453477625,10.583950945544938,1.99999999999997
2023-01-01 02:19:00,1078.4641068447413,32.20096777044269,85.36219053606509,7.893842030822252,988.1617399766069,3939.1748308585684,10.84198902020072,1.99999999999997
2023-01-01 02:20:00,1080.4674457429048,24.891458486858557,81.42690414084836,7.911091365346659,985.3582710613164,3899.8012506337454,10.600999276159312,1.99999999999997
2023-01-01 02:21:00,1082.4707846410683,22.260433827744937,70.52962110873763,7.874257505259644,935.0258054510161,3821.711760424757,10.644124118941336,1.99999999999997
2023-01-01 02:22:00,1084.474123539232,29.017556221309096,76.52715317645678,7.87906629114132,1014.7008517320478,3981.364408967198,10.795417246595225,1.99999999999997
2023-01-01 02:23:00,1086.4774624373956,24.50972902385351,80.8341666451209,7.8880597853733825,939.5084126683375,3836.3650191181014,10.78273202175299,1.99999999999997
2023-01-01 02:24:00,1088.4808013355591,29.920986847373552,75.07946513127604,7.901237987955829,928.7962837518197,3945.0404733718046,10.938574915553879,1.99999999999997
2023-01-01 02:25:00,1090.4841402337229,30.431292884234274,70.18131391099487,7.918600898888662,897.3771828737327,3978.203489523051,10.763497306514868,1.99999999999997
2023-01-01 02:26:00,1092.4874791318864,29.80552313771276,79.18730131303258,7.982168822061435,954.7954781196136,3703.1380662608963,10.911533478106413,1.99999999999997
2023-01-01 02:27:00,1094.4908180300501,28.887649262656637,67.04001922520641,7.984556536423065,936.5860478128582,3954.498276271932,10.829425174042772,1.99999999999997
2023-01-01 02:28:00,1096.4941569282137,29.500533170798946,65.31748101713237,7.960198359870417,960.7800456440256,3836.4172989522717,10.662848485162426,1.99999999999997
2023-01-01 02:29:00,1098.4974958263774,25.645466190348394,81.64093732871588,7.96195851011787,957.1802010608384,3950.338282040188,10.731622368848148,1.99999999999997
2023-01-01 02:30:00,1100.500834724541,27.044091480524237,70.43654298387817,7.969150988929363,924.8663834244549,3821.7641625386086,10.815161746589121,1.99999999999997
2023-01-01 02:31:00,1102.5041736227045,24.6269521280017,74.3718960714122,7.979303724956538,958.678200906413,3778.5052193161596,10.804958286650567,1.99999999999997
2023-01-01 02:32:00,1104.5075125208682,27.085836926247733,79.73687187135242,8.003412209500688,966.2115968231509,4118.539334488191,10.8651600383577,1.99999999999997
2023-01-01 02:33:00,1106.5108514190317,26.192055461915693,78.13715030879916,7.974099402336162,925.067802101675,3765.3478032841863,10.683503954451718,1.99999999999997
2023-01-01 02:34:00,1108.5141903171952,26.304880075910667,85.67495633462795,7.93129166026237,982.6649578131153,3939.315827072911,10.74869837649417,1.99999999999997
2023-01-01 02:35:00,1110.517529215359,27.283190873794133,75.17381879683312,7.927577319797915,982.6739416964423,4087.9298186451533,10.804964276874122,1.99999999999997
2023-01-01 02:36:00,1112.5208681135225,21.572799316995862,84.77110982953123,7.949096069714154,955.84901858619,3853.683582612094,10.846017689635284,1.99999999999997
2023-01-01 02:37:00,1114.524207011686,27.604946751325606,60.0,7.8760771806173,976.9462555818479,3957.19702028599,10.812845928866452,1.99999999999997
2023-01-01 02:38:00,1116.5275459098498,24.54555139330596,61.93585979991803,7.815026517734362,958.0812365498928,3949.35925077093,10.803830938380338,1.99999999999997
2023-01-01 02:39:00,1118.5308848080133,26.059035848875922,77.66219352674976,7.791930763521711,970.8990300997226,3948.256055852181,10.783133839394914,1.99999999999997
2023-01-01 02:40:00,1120.5342237061768,25.338605309091502,75.62804063548772,7.7403795072575,949.2287040740416,4019.2156449144322,10.625781017166316,1.99999999999997
2023-01-01 02:41:00,1122.5375626043406,29.045127856707534,67.91465114774913,7.70231616623974,948.398221783931,3771.686655747313,10.82304562207108,1.99999999999997
2023-01-01 02:42:00,1124.5409015025043,21.09596873389276,73.08838639715809,7.677740740468431,956.6780125195504,3860.317537748265,10.81359999805344,1.99999999999997
2023-01-01 02:43:00,1126.5442404006678,27.77029596852646,62.14506132317041,7.66665322994357,958.7348927151127,4018.571460509587,10.69163113635641,1.99999999999997
2023-01-01 02:44:00,1128.5475792988314,23.204619935312362,72.1916367271925,7.669053634665161,912.8101785187094,3978.569457817173,10.842201217780849,1.99999999999997
2023-01-01 02:45:00,1130.550918196995,23.32804417388431,71.29374675338127,7.716706749128213,955.6749539404476,3735.8970427684917,10.86645633472887,1.99999999999997
2023-01-01 02:46:00,1132.5542570951586,19.497795030356176,80.9081190682225,7.728435876289921,991.6881211986148,3933.6772976888183,10.798890553101316,1.99999999999997
2023-01-01 02:47:00,1134.5575959933221,33.29807181331351,68.12102902431616,7.687688264145055,954.8333249206734,3988.6523272339814,10.84812124938181,1.99999999999997
2023-01-01 02:48:00,1136.5609348914859,29.120087515603068,76.02872580416415,7.701849133744699,904.9838190071099,3768.104556867406,10.923656303675758,1.99999999999997
2023-01-01 02:49:00,1138.5642737896494,23.698847025798738,74.1782868926002,7.728898181199301,931.6753483134804,3847.9337482685164,10.786002360632835,1.99999999999997
2023-01-01 02:50:00,1140.567612687813,28.044616459621512,71.68700655806445,7.768835406508859,967.2626369129853,3971.8690986708634,10.746415951218502,1.99999999999997
2023-01-01 02:51:00,1142.5709515859767,29.84937038397355,80.00498817496407,7.821660809673374,949.5030608304486,3851.1417086730353,10.619348130061974,1.99999999999997
2023-01-01 02:52:00,1144.5742904841402,35.0,73.70560663102283,7.8873743906928455,944.1831753554371,3770.2098541791643,10.822397896841357,1.99999999999997
2023-01-01 02:53:00,1146.5776293823037,26.64457856186977,70.67530190436369,7.875276741626438,969.7630064873596,4096.2699949072585,10.993317235787112,1.99999999999997
2023-01-01 02:54:00,1148.5809682804675,29.682711615838976,74.49753904733286,7.975259458007807,980.3961634530029,3947.1576755022506,10.814343552363226,1.99999999999997
2023-01-01 02:55:00,1150.584307178631,23.255205359951926,90.16270021691366,7.996414529700588,967.4162741639715,3800.608361065105,10.908672078930048,1.99999999999997
2023-01-01 02:56:00,1152.5876460767947,30.142974872214705,77.3835002658372,7.990600004751089,985.4192185741825,3868.1998492281714,10.797238403105593,1.99999999999997
2023-01-01 02:57:00,1154.5909849749582,30.27052614280374,74.27634493203092,7.918496640878465,1009.71874001044,3940.9631196029936,10.871854503530125,1.99999999999997
2023-01-01 02:58:00,1156.594323873122,26.346818352813468,72.24637798109165,7.918464564243323,969.6063557552292,3865.848513964768,10.69256785032338,1.99999999999997
2023-01-01 02:59:00,1158.5976627712855,25.49358094483579,75.71770307505288,7.949184728916587,957.1768362756334,4093.9187952789694,10.646213038973219,1.99999999999997
2023-01-01 03:00:00,1160.601001669449,31.286021713654446,85.3816196927668,7.905672548365124,1050.0,3806.767233399769,10.888778143903203,1.99999999999997
2023-01-01 03:01:00,1162.6043405676128,30.938697411199605,67.38291317680091,7.894153908617175,967.8120864091692,3773.158499283416,10.912553199943762,1.99999999999997
2023-01-01 03:02:00,1164.6076794657763,32.72203124954422,84.43187162042067,7.888642127216365,949.1674248148521,3916.717031400619,10.807515732638448,1.99999999999997
2023-01-01 03:03:00,1166.6110183639398,27.298841947132264,75.70588381872487,7.889137204162696,919.9849857612271,3784.3333008328646,10.791665894272942,1.99999999999997
2023-01-01 03:04:00,1168.6143572621036,22.218893059587426,66.23445096938816,7.895639139456166,887.3382289074794,3861.619896246022,10.916976329695482,1.99999999999997
2023-01-01 03:05:00,1170.617696160267,29.84154940677663,73.18123815548559,7.908147933096777,934.7854689291534,3992.3159286421096,10.924446679853116,1.99999999999997
2023-01-01 03:06:00,1172.6210350584306,29.889838567597156,70.72029062233212,7.875394092215383,935.9111776883959,3846.226902908929,10.663850370492893,1.99999999999997
2023-01-01 03:07:00,1174.6243739565944,28.468677940380633,63.906350411031646,7.883637921141535,964.1726492454782,3936.3525102979006,10.823707803487167,1.99999999999997
2023-01-01 03:08:00,1176.6277128547579,24.796655650722585,90.14235013141862,7.93955807387052,993.3006324313133,3986.076459545876,10.860586367073653,1.99999999999997
2023-01-01 03:09:00,1178.6310517529214,23.326147571730893,77.2161425478438,7.919914953747951,984.9348353758412,4031.8788450205516,10.782147634134889,1.99999999999997
2023-01-01 03:10:00,1180.6343906510851,31.023344985163188,77.46636939449651,7.9153962304214645,958.6271940114051,3870.7850968012835,10.689155754640918,1.99999999999997
2023-01-01 03:11:00,1182.6377295492487,32.03895735628013,80.06166255182707,7.906400911538409,958.2251836546413,3954.511740615382,10.986253340043032,1.99999999999997
2023-01-01 03:12:00,1184.6410684474124,26.49088663615456,68.91674857099818,7.9053085712162465,981.1865606156226,3997.549730578025,10.762691101850185,1.99999999999997
2023-01-01 03:13:00,1186.644407345576,25.644352045119273,70.32627063289421,7.912119209454979,945.4320471917678,3943.2781930108767,10.956587669986776,1.99999999999997
2023-01-01 03:14:00,1188.6477462437397,32.78705690073137,69.49372444714477,7.926832826254606,978.0670963064658,3930.0516771519788,10.692361363324206,1.99999999999997
2023-01-01 03:15:00,1190.6510851419032,27.812498789349878,77.60630451965913,7.914247670130621,925.4239224545732,3952.6893564038614,10.913026467867214,1.99999999999997
2023-01-01 03:16:00,1192.6544240400667,27.96728675351865,62.60237374938458,7.891694570510289,956.3574117654706,4047.215594904319,10.802464941625335,1.99999999999997
2023-01-01 03:17:00,1194.6577629382305,25.93419975026977,71.55041776088217,7.876647862965102,927.6856240647655,3699.89370828051,10.955756306482126,1.99999999999997
2023-01-01 03:18:00,1196.661101836394,22.026084632410655,74.20682064161416,7.86910754749506,975.4070390189603,3987.321480131486,10.723185697381677,1.99999999999997
2023-01-01 03:19:00,1198.6644407345575,32.49207362000722,82.51541521997147,7.869073624100162,1047.8978747476033,3843.8437116343625,10.814233897944993,1.99999999999997
2023-01-01 03:20:00,1200.6677796327212,24.667915313425777,62.17542536296672,7.901272141554334,964.7294296613791,3830.7647141343086,10.783167901944978,1.99999999999997
2023-01-01 03:21:00,1202.6711185308848,29.70202712095087,76.92188818646781,7.863804818665219,989.1384756389655,3869.118912054962,10.6342350249163,1.99999999999997
2023-01-01 03:22:00,1204.6744574290483,25.928043728885356,81.7628782564211,7.836175656299587,952.0283458109194,3924.785408637398,10.721259954908087,1.99999999999997
2023-01-01 03:23:00,1206.677796327212,32.07232657188545,60.0,7.818384654457436,904.6142540648455,3940.442019484395,10.948650383881706,1.99999999999997
2023-01-01 03:24:00,1208.6811352253756,27.958694371472937,63.84875916631293,7.810431813138767,977.2834963208671,3847.3474634941604,10.863396037801861,1.99999999999997
2023-01-01 03:25:00,1210.6844741235393,23.336344599455042,76.73933646253495,7.812317132343584,979.8879706558829,3941.066210910253,10.7914431025257,1.99999999999997
2023-01-01 03:26:00,1212.6878130217028,26.25683625373396,72.03047765590671,7.830396206351405,982.0050897077165,3838.7901526034607,10.660714121550422,1.99999999999997
2023-01-01 03:27:00,1214.6911519198666,29.908522353613883,73.58107771665973,7.848426960892338,1018.7028966553563,4019.1698267588263,10.807122175467262,1.99999999999997
2023-01-01 03:28:00,1216.69449081803,25.558462824996507,72.49484354115056,7.871199431699366,949.5254401584389,3942.7822254068333,10.713150801123783,1.99999999999997
2023-01-01 03:29:00,1218.6978297161936,25.454431152992996,75.26863846178512,7.821692777476196,1028.4427759232867,3844.3754940313447,10.937923385148132,1.99999999999997
2023-01-01 03:30:00,1220.7011686143574,19.424995294042418,60.0,7.830685728768832,1024.4027805893104,3974.202336336916,10.808475566008905,1.99999999999997
2023-01-01 03:31:00,1222.7045075125209,30.12283115626067,61.56085969809205,7.837438963881162,1030.020842519552,3970.103694601778,10.803796037499604,1.99999999999997
2023-01-01 03:32:00,1224.7078464106844,27.246380466928123,76.85904755018667,7.853694779568342,959.6173692822936,4099.223556672788,10.745385972954747,1.99999999999997
2023-01-01 03:33:00,1226.7111853088481,25.28787802136163,76.38400144358646,7.876746608994229,1020.1342281797539,3973.2247566135575,10.83866942808145,1.99999999999997
2023-01-01 03:34:00,1228.7145242070117,27.4563386319779,80.69917402273607,7.9065944521588225,954.9764146349314,3851.1781110074808,10.919299016495058,1.99999999999997
2023-01-01 03:35:00,1230.7178631051752,35.0,76.50937728558429,7.943238309062125,970.1530381678698,3942.3110954229014,10.71009634342732,1.99999999999997
2023-01-01 03:36:00,1232.721202003339,23.025920282407455,72.29279277721977,7.922919644505311,963.1153433299941,3993.8056757018567,10.933082295218021,1.99999999999997
2023-01-01 03:37:00,1234.7245409015025,26.31917639134861,65.02308659115738,7.946589472553184,977.1460484525895,4028.9299707023356,10.707429378576736,1.99999999999997
2023-01-01 03:38:00,1236.727879799666,25.85270664799525,79.52296701477312,7.974745222484735,1000.6751448294818,4006.0079979594702,10.972417936024778,1.99999999999997
2023-01-01 03:39:00,1238.7312186978297,26.52780806631052,80.78299462762045,8.007386894299962,955.983121907064,3921.2539241670256,10.790297577509392,1.99999999999997
2023-01-01 03:40:00,1240.7345575959932,29.57266540084766,77.78397865988626,8.04451448799887,971.6242537016199,3885.7414572466346,10.815008053819405,1.99999999999997
2023-01-01 03:41:00,1242.737896494157,24.38147313020484,78.83655552163256,7.981955719100939,917.6925508669531,3913.7623903717117,10.752373539231693,1.99999999999997
2023-01-01 03:42:00,1244.7412353923205,30.472782340663116,65.99508858959672,7.984650038033652,993.7103673612919,3985.484519288445,10.930391867396457,1.99999999999997
2023-01-01 03:43:00,1246.7445742904843,25.846503320583654,72.57865787232603,7.9880559207166915,941.8665478391015,3969.240492654134,10.794576217316664,1.99999999999997
2023-01-01 03:44:00,1248.7479131886478,25.283861364615838,69.4205457558933,7.992173367150056,961.4635194470841,3890.488181538103,10.771203354113757,1.99999999999997
2023-01-01 03:45:00,1250.7512520868113,25.91963627531777,78.51390643328547,7.9970023773337475,957.9198375053007,3892.801900221813,10.8254368251097,1.99999999999997
2023-01-01 03:46:00,1252.754590984975,29.183571436378145,66.07107024674423,8.002542951267763,985.3878911790538,3822.138236427116,10.874647407340344,1.99999999999997
2023-01-01 03:47:00,1254.7579298831386,29.561147026507754,69.02230752297979,7.998536936781647,978.0791649148927,3855.623411633559,10.755967377196907,1.99999999999997
2023-01-01 03:48:00,1256.761268781302,30.836316871123447,74.4758016388326,8.001226408145289,949.4976813025763,3905.165775311927,10.790786757997282,1.99999999999997
2023-01-01 03:49:00,1258.7646076794658,27.31382172597019,69.01660897246488,7.999838150433798,922.0242833637166,3983.3769501168563,10.87024383977083,1.99999999999997
2023-01-01 03:50:00,1260.7679465776293,28.758141462400513,68.47520499726848,8.001366729669009,895.2320970599134,3921.9547621828283,10.867880624343105,1.99999999999997
2023-01-01 03:51:00,1262.7712854757929,24.24628208142436,60.0,8.003075141755422,922.3129312985889,3838.626315587054,10.806050195393162,1.99999999999997
2023-01-01 03:52:00,1264.7746243739566,25.903804892743175,76.78607571344705,8.001813785177113,957.5833088209102,3807.2935918471067,10.849282056236646,1.99999999999997
2023-01-01 03:53:00,1266.7779632721201,29.766159632409938,75.49201588461817,8.000806126745315,975.7709583103183,4060.0866472830708,10.654308469539503,1.99999999999997
2023-01-01 03:54:00,1268.7813021702839,31.817236477820344,73.5774188405332,8.036463443634599,912.3577992132658,3896.9417016243033,10.734390224358513,1.99999999999997
2023-01-01 03:55:00,1270.7846410684474,30.872054668427655,69.0816140990044,8.015357420479763,941.6096316684678,3891.1235587308897,10.862483068355886,1.99999999999997
2023-01-01 03:56:00,1272.7879799666111,26.113988552088614,74.56680000074437,7.996495414353563,927.7754533209778,3893.6585254364454,10.873156537879593,1.99999999999997
2023-01-01 03:57:00,1274.7913188647747,26.135751209450525,65.77166954834027,7.979877425256002,964.0186536998277,3922.4396237825085,10.742928765700194,1.99999999999997
2023-01-01 03:58:00,1276.7946577629382,26.41594324956831,80.31858391210577,7.965503453187078,943.9277443248366,3920.528171085185,11.044228208220296,1.99999999999997
2023-01-01 03:59:00,1278.797996661102,26.613267783348274,83.8601382458037,8.010444275015688,964.3174758755763,3831.985421132674,10.946306742036278,1.99999999999997
2023-01-01 04:00:00,1280.8013355592655,27.08773206740284,61.72387527991361,7.968852349854652,1016.6431003628832,3815.26245505633,10.784926596181817,1.99999999999997
2023-01-01 04:01:00,1282.804674457429,25.94242950336051,60.0,7.933413896995239,963.682079208164,3808.178654033451,10.946530440455483,1.99999999999997
2023-01-01 04:02:00,1284.8080133555927,27.817157357627636,75.42978081444275,7.9026671822536905,982.7599655419391,4063.0010887201543,10.707511490962624,1.99999999999997
2023-01-01 04:03:00,1286.8113522537562,30.796546661522935,64.08174082962698,7.877535406167115,916.3295817183094,3740.3948991222155,10.911576631770208,1.99999999999997
2023-01-01 04:04:00,1288.8146911519198,22.584986863249203,66.90568988399615,7.858018568735517,983.870663491837,3980.9073716395246,10.845399243825792,1.99999999999997
2023-01-01 04:05:00,1290.8180300500835,29.7361981292168,81.98714068840665,7.8441166699588925,1005.2494556690059,4071.4200684978528,10.709161229006904,1.99999999999997
2023-01-01 04:06:00,1292.821368948247,28.922515596393687,74.10360469989831,7.835829709837243,973.880628397496,3947.168136809739,11.045402954041322,1.99999999999997
2023-01-01 04:07:00,1294.8247078464105,26.77496215339366,77.22881783132038,7.8331576883705685,1027.0724527308719,3953.9968037651893,10.823322288328885,1.99999999999997
2023-01-01 04:08:00,1296.8280467445743,28.852978611714672,65.58620154507209,7.843664839211396,947.0458581793064,3996.895331208406,11.024477436330418,1.99999999999997
2023-01-01 04:09:00,1298.8313856427378,20.081456346216342,71.70402964836603,7.84802034302549,955.6653743666378,3936.5804431276974,10.862661723072009,1.99999999999997
2023-01-01 04:10:00,1300.8347245409016,27.86001675612624,60.0,7.858433138339734,966.3135883154386,3925.3844097593274,10.734383136850434,1.99999999999997
2023-01-01 04:11:00,1302.838063439065,25.0114368767536,77.28503892740412,7.8749032251541315,968.4148135934298,4016.9135503455136,10.836443139864762,1.99999999999997
2023-01-01 04:12:00,1304.8414023372288,27.08408017558902,69.86902564627034,7.897430603468681,1022.1383498894137,3985.673454497978,10.775544591945708,1.99999999999997
2023-01-01 04:13:00,1306.8447412353923,24.924695315631705,76.0087852808079,7.923087760365742,950.5862213483456,3993.0303837571573,10.85813522918364,1.99999999999997
2023-01-01 04:14:00,1308.8480801335559,26.649890042117864,60.0,7.956509924631578,939.0911563914814,3926.1452035043076,11.11774528610035,1.99999999999997
2023-01-01 04:15:00,1310.8514190317196,35.0,72.71828804959259,7.936875954016199,962.5222022036863,4094.7618337043805,10.876443147635047,1.99999999999997
2023-01-01 04:16:00,1312.8547579298831,26.77091779909863,60.0,7.957614163884802,1001.2337020953222,3879.1485422112173,10.84900957254338,1.99999999999997
2023-01-01 04:17:00,1314.8580968280467,28.456752350042592,76.08651606418485,7.982165648224921,961.5713501780249,3908.4963619123346,10.850227856921485,1.99999999999997
2023-01-01 04:18:00,1316.8614357262104,26.284225290685733,60.0,8.010530407036551,963.1831589222946,4045.7607152040305,10.930009198709206,1.99999999999997
2023-01-01 04:19:00,1318.864774624374,26.13939703543169,60.0,8.0427084403197,999.6488970979241,3908.5099716390087,10.869036800797202,1.99999999999997
2023-01-01 04:20:00,1320.8681135225374,26.999040579966817,62.82087927456911,7.986585511724563,927.9536379878022,3729.6236381613217,10.865422834203578,1.99999999999997
2023-01-01 04:21:00,1322.8714524207012,29.378779875389007,73.24179067203684,7.988009162138323,966.2137482079252,3970.1311748434546,10.635195143580866,1.99999999999997
2023-01-01 04:22:00,1324.874791318865,26.318853509949285,81.06034966576446,7.988985414154972,900.4945802932691,3755.139535896103,10.756209367374412,1.99999999999997
2023-01-01 04:23:00,1326.8781302170282,29.25776406040699,65.85792744455392,7.990976001958269,924.4567251453343,3866.6776324981342,10.792377677104508,1.99999999999997
2023-01-01 04:24:00,1328.881469115192,30.794958871613208,65.94473593710649,7.9934089426067425,992.8102066263049,3979.7128964985036,10.824993668614727,1.99999999999997
2023-01-01 04:25:00,1330.8848080133557,28.882051395608432,69.05619292523197,7.996284236100393,936.8246966051253,3824.990899866822,10.974810949841963,1.99999999999997
2023-01-01 04:26:00,1332.8881469115192,28.784509422459344,72.414359657834,7.999601882439221,940.7965180054151,4001.117310583581,10.89095948818974,1.99999999999997
2023-01-01 04:27:00,1334.8914858096828,32.70952216741951,67.86210009671476,8.003361881623224,926.4234341527279,4020.2268508418633,10.69185797371153,1.99999999999997
2023-01-01 04:28:00,1336.8948247078465,32.61848395972972,63.438543926243185,8.020704663939757,939.8405094369757,3787.837549853675,10.589485626051674,1.99999999999997
2023-01-01 04:29:00,1338.89816360601,29.056010132897217,68.73669652840216,8.021130858813983,988.5378588546592,4085.785562480796,10.972457820907591,1.99999999999997
2023-01-01 04:30:00,1340.9015025041735,34.20001573014664,71.4187586717561,8.006104250661489,987.9849234792322,4145.636149302086,11.032044208260722,1.99999999999997
2023-01-01 04:31:00,1342.9048414023373,33.65016268478154,73.92232310226858,7.992740279810904,923.2140019079651,3802.501390588553,10.797622449713364,1.99999999999997
2023-01-01 04:32:00,1344.9081803005008,33.57715244201213,75.4239463050834,7.981038946262225,971.747602188307,4034.8627503239127,11.035641826141404,1.99999999999997
2023-01-01 04:33:00,1346.9115191986643,27.390953957588493,60.0,7.971000250015456,956.9096643027615,3925.3380761422086,10.944050422913394,1.99999999999997
2023-01-01 04:34:00,1348.914858096828,33.872732906303014,68.16666744537476,7.962624191070595,981.4793422764457,4048.2231502095915,10.68658446083333,1.99999999999997
2023-01-01 04:35:00,1350.9181969949916,32.62244772976611,70.01067122580994,7.955910769427642,966.2850267665054,3973.2596249941157,10.850730881183695,1.99999999999997
2023-01-01 04:36:00,1352.9215358931551,28.121960718210385,60.0,7.976656715636887,967.8537384461607,4004.405841512639,10.830373186348616,1.99999999999997
2023-01-01 04:37:00,1354.9248747913189,26.55371303172038,70.20114001049772,7.958937051625367,957.9233452736821,4000.8219221281133,10.90031035506693,1.99999999999997
2023-01-01 04:38:00,1356.9282136894826,24.574402905686135,70.99431554643495,7.944388605649691,955.0348968920574,3849.705185491499,11.010568432043236,1.99999999999997
2023-01-01 04:39:00,1358.931552587646,23.66498148730275,77.92541015580292,7.9330113777098585,954.7051393425807,4029.1656467871417,10.964600829323723,1.99999999999997
2023-01-01 04:40:00,1360.9348914858097,33.02171874068841,71.28620959645096,7.9248053678058685,964.616960727995,3668.1648616443167,10.838211508193114,1.99999999999997
2023-01-01 04:41:00,1362.9382303839734,33.615633924586184,74.63258521199687,7.919770575937722,982.5048561220907,4082.7043510354847,10.788885082203436,1.99999999999997
2023-01-01 04:42:00,1364.941569282137,31.401848170369732,60.0,7.91790700210542,960.262940171143,3854.044767693256,10.93908236757517,1.99999999999997
2023-01-01 04:43:00,1366.9449081803004,28.091446189446756,71.7495534094152,7.919214646308961,1012.6459196201225,4015.8918820357694,10.866461451548266,1.99999999999997
2023-01-01 04:44:00,1368.9482470784642,28.65952173845825,70.72033306929299,7.923693508548346,958.0566661522087,3815.006092590009,10.943370524241724,1.99999999999997
2023-01-01 04:45:00,1370.9515859766277,29.626065000694748,70.65315306791202,7.946807506174856,982.2372058265091,3879.190181497859,10.880011728408952,1.99999999999997
2023-01-01 04:46:00,1372.9549248747912,23.66487009554831,60.80841141329722,7.9490377392907705,925.3790437713516,3944.658514420384,11.018723091231546,1.99999999999997
2023-01-01 04:47:00,1374.958263772955,27.16083799409403,67.84952555846083,7.955343513094649,977.6248245345417,3917.3456915533748,10.887552760085168,1.99999999999997
2023-01-01 04:48:00,1376.9616026711185,29.540710179120868,63.92571032158251,7.965724827586494,936.7196331040542,3796.701068720953,10.924103308485373,1.99999999999997
2023-01-01 04:49:00,1378.964941569282,29.846975468979593,66.45597777580717,7.958972567214789,922.2514396636948,3896.875345462489,10.912654138123587,1.99999999999997
2023-01-01 04:50:00,1380.9682804674458,33.716488211866384,84.43753747183399,8.203371473482115,879.7148203805914,4022.454880822112,10.883390474102459,1.286807548630505
2023-01-01 04:51:00,1382.9716193656095,35.0,68.63689697342684,8.26961234425775,945.4780438531847,3737.371721243047,10.656515960601762,0.7549470992440347
2023-01-01 04:52:00,1384.9749582637728,34.37516904247143,73.76779426425543,8.314770961238805,946.5566173040855,3900.704999022515,10.82924018981845,1.013804542402196
2023-01-01 04:53:00,1386.9782971619366,32.347296616864725,66.37297694561154,8.229752750061758,963.3365869670242,3850.722130694207,10.842955107409386,1.426089261683236
2023-01-01 04:54:00,1388.9816360601003,24.871395700943346,60.0,8.040822831362187,959.7550395001653,3989.873202709297,10.899925500081691,2.2551705651715324
2023-01-01 04:55:00,1390.9849749582638,23.13158780138914,71.59561518229134,7.713086600810871,885.6612283824209,3865.2736639923637,10.844169643851467,3.2496121671521343
2023-01-01 04:56:00,1392.9883138564273,24.31926733728958,74.13456810291068,7.338643100133124,983.4177260281713,4032.3079630902057,10.838311494153173,4.37346903591366
2023-01-01 04:57:00,1394.991652754591,25.012708105221094,67.88886702174266,6.881220041104238,1002.4944095107728,3708.523705481362,10.962515930544642,4.897005358152982
2023-01-01 04:58:00,1396.9949916527546,31.274362413778853,65.99835303696473,6.407073889396366,974.407592742694,3933.514393675497,11.002253161152021,6.30584724098646
2023-01-01 04:59:00,1398.9983305509181,33.88264135857746,69.63201447630651,5.929132332812842,961.1978753456613,3887.528913342966,10.857284708525784,7.58219585286208
2023-01-01 05:00:00,1401.0016694490819,7.500384919872191,120.16100750164271,5.361594667908232,958.619491240427,4097.581930020867,10.8329940563215,8.441351728484152
2023-01-01 05:01:00,1403.0050083472454,13.372605775324297,107.76996655583534,4.868108781334592,936.868768985343,3963.4970035323113,11.000209418293432,9.648030970043486
2023-01-01 05:02:00,1405.008347245409,8.143847914773751,138.77822955839216,4.386092555847882,911.7551239615524,3827.836928897916,10.880025645074346,11.013460292641902
2023-01-01 05:03:00,1407.0116861435727,9.77368715124361,105.13468068543575,3.998534566147054,1007.478162377349,3910.1761131526587,10.871596574712791,12.406989473252034
2023-01-01 05:04:00,1409.0150250417362,6.429254464590552,121.28879100855036,3.6412573554548455,901.2560613530522,3958.736551495257,10.86303041474212,13.896905420614624
2023-01-01 05:05:00,1411.0183639398997,7.553551729858049,131.2138248475243,3.336357744109157,1006.0902242991042,3981.789666984193,10.757122801481074,14.578032468527422
2023-01-01 05:06:00,1413.0217028380634,8.026261733222443,117.16928935753617,3.095721877733841,923.4991696994327,4002.531339832996,10.855562464353563,15.13835107156222
2023-01-01 05:07:00,1415.0250417362272,10.361738581094416,140.46806168112155,2.9740818271388116,962.1371157596725,3939.488309339405,10.907699170940264,15.171861484220262
2023-01-01 05:08:00,1417.0283806343905,7.716133320014632,121.36954559948215,2.9586491168536044,1002.3916704082168,4097.572960598311,10.922330108126959,14.992350271964002
2023-01-01 05:09:00,1419.0317195325542,7.627278187306326,127.722594493931,3.044746602021749,964.9345831345773,4128.223460387087,10.918251248902411,14.63595069427768
2023-01-01 05:10:00,1421.035058430718,11.901219047206382,113.34415305224577,3.28010311235008,944.8152540805437,3863.3555441560125,10.801785939765765,13.679112549491885
2023-01-01 05:11:00,1423.0383973288815,9.83104618985637,145.31972972163632,3.249092288088569,972.9315672817797,3831.182193379646,10.832117239792728,13.988722209019027
2023-01-01 05:12:00,1425.041736227045,9.28066497336673,116.15184922591538,3.3661159746079967,947.5972620063444,3964.2817502717235,10.958364967552008,14.546218318569805
2023-01-01 05:13:00,1427.0450751252088,7.291686788093085,124.90952375835064,3.421972805628117,934.7321967401842,3905.2462001472263,10.835654060718195,14.76943367168727
2023-01-01 05:14:00,1429.0484140233723,6.615255339198965,105.27886081427566,3.427974317243997,948.6719314976848,3811.397847949505,10.879138060382692,14.955690084936757
2023-01-01 05:15:00,1431.0517529215358,6.9251807304454,135.09157658123192,3.3897627456103336,976.0905015657261,4167.909092042068,10.827408109814247,15.077439401137468
2023-01-01 05:16:00,1433.0550918196996,8.885661445039117,112.53788332304298,3.447676842591705,991.227492378225,4118.7400854703355,10.934026907831903,15.017962696400105
2023-01-01 05:17:00,1435.058430717863,10.102052423075472,114.12785118561216,3.436353367256218,1024.9832063972294,4050.512726174452,10.930925151163116,14.398138694770395
2023-01-01 05:18:00,1437.0617696160266,10.82939812148906,104.22887252973243,3.438848234708998,1004.0714323685047,3922.833623415748,11.024414588176864,14.95983407569054
2023-01-01 05:19:00,1439.0651085141903,10.79157745772629,121.50575469266394,3.4170025387298724,975.211466244739,3938.1060768979773,10.989908094579093,14.89110673064761
2023-01-01 05:20:00,1441.0684474123539,10.704897233934622,114.50446229611569,3.353055322554588,1018.7378588077647,4127.280752687449,10.887223659120442,15.150703290078177
2023-01-01 05:21:00,1443.0717863105174,10.61114123135472,102.72023394655048,3.449684433854789,980.0510529431227,3861.91308811498,10.958323104616003,15.77919494048514
2023-01-01 05:22:00,1445.0751252086811,8.778573817461831,120.56762260493564,3.4450102540661627,1005.2800025563499,3808.8397701960344,10.936400736856982,16.483478893861534
2023-01-01 05:23:00,1447.0784641068449,9.685980068554363,124.71281975090544,3.4529886393920477,946.5480559847804,3839.2197159980856,10.982780997321226,17.123932040309462
2023-01-01 05:24:00,1449.0818030050084,11.424743801869479,127.95935774638112,3.462708371196603,955.6057556345157,3699.21467586208,10.903064052286025,17.41062062585647
2023-01-01 05:25:00,1451.085141903172,8.32106432016039,131.02653186836255,3.4244919857288103,990.9397399298716,4095.524646742754,10.827300741356432,16.6774151077645
2023-01-01 05:26:00,1453.0884808013357,9.48719494666115,109.9560146133114,3.4187143753125007,920.1013459671424,3984.528553483588,10.887211537793954,16.462207031681164
2023-01-01 05:27:00,1455.0918196994992,9.579349456110215,138.3845806520674,3.39491203822225,983.6053736829674,4007.072377675393,10.865006211840564,16.084349926827922
2023-01-01 05:28:00,1457.0951585976627,8.812945219250095,118.44218276145148,3.3376384107270747,994.9566100576156,4112.1606437076625,10.999986240151742,15.686113919920334
2023-01-01 05:29:00,1459.0984974958265,9.751987219946693,139.89750077514327,3.325778499199486,1041.3910615333193,4017.897442475413,10.881367127324424,15.479432302015923
2023-01-01 05:30:00,1461.10183639399,9.548291929944728,130.68131157959795,3.3943885061069983,890.867271189019,3835.9980064744154,11.043216852926884,15.386623330528415
2023-01-01 05:31:00,1463.1051752921535,6.638123858088093,121.97141199543339,3.4462272879102915,1009.1902318841732,3922.0056784564863,10.812651021834428,15.637336356561331
2023-01-01 05:32:00,1465.1085141903172,9.13601863293022,115.13772272063731,3.500100077834838,983.1018867558527,3909.460822450261,10.93025927081563,15.078728694001162
2023-01-01 05:33:00,1467.1118530884808,7.871146315225819,127.497608004993,3.5118107716419567,955.0820145761945,3936.1905152856352,11.116944258255636,14.81292453856961
2023-01-01 05:34:00,1469.1151919866443,6.619200204190399,118.27423283641625,3.4784095298355173,1006.7602023405695,3845.308638500929,10.817636363326784,14.442852023325628
2023-01-01 05:35:00,1471.118530884808,9.09968070781623,122.84004237812134,3.4104939804025998,957.8403048027155,3788.1230293610984,10.922571951372978,14.020931309442595
2023-01-01 05:36:00,1473.1218697829718,9.493926443579827,135.40046609681687,3.414069604775599,991.3460819927096,3832.9922283796927,10.841246975957489,13.419924538704166
2023-01-01 05:37:00,1475.125208681135,8.66019266209878,126.23291554808635,3.35159864340274,912.3434806685784,3988.6548695111783,10.955994646262695,13.097269952899206
2023-01-01 05:38:00,1477.1285475792988,10.625075297816803,114.56646781945518,3.3801792698848865,938.4654756096048,3904.0624850649315,10.792965594956458,13.351000330573292
2023-01-01 05:39:00,1479.1318864774626,7.4774173962336565,132.61630584822464,3.3349197792934904,959.4160632124841,3808.040782395414,11.019222014846285,13.082987759313145
2023-01-01 05:40:00,1481.135225375626,5.521385762921615,116.65821238735751,3.32652225665459,1011.509907916247,4183.876744561488,10.747001974079046,13.548999221985177
2023-01-01 05:41:00,1483.1385642737896,8.29053701727711,116.67435006506344,3.3741825217169574,915.5416163154924,3738.438336839958,10.843384416884568,13.599969523515119
2023-01-01 05:42:00,1485.1419031719533,8.86563425788276,112.54007276309433,3.3433118799073807,947.2381525844532,3811.982267789344,10.753541282490866,13.392391178647394
2023-01-01 05:43:00,1487.1452420701169,10.028314278468107,118.48272342618802,3.313197675881996,934.9725346195931,3924.4071911983015,10.9230984594956,13.267055034287434
2023-01-01 05:44:00,1489.1485809682804,8.6611895826431,121.46879846031875,3.3099521016409126,973.3166613147116,3864.9617294770223,10.989616098028886,13.44029622671096
2023-01-01 05:45:00,1491.1519198664441,10.140704993830937,135.1739477743273,3.2995747011970846,929.7186956194467,3975.4992194909455,10.927851647027953,13.531955697304756
2023-01-01 05:46:00,1493.1552587646077,9.700342389007604,118.56995327903098,3.3166201735095777,956.076707767346,3749.9075415922166,10.878963958302917,13.586794148717075
2023-01-01 05:47:00,1495.1585976627712,8.00907929208091,124.41038650982681,3.3067056825923684,978.0584379565308,3918.6008843977947,10.893175837572782,13.416836981646906
2023-01-01 05:48:00,1497.161936560935,8.819043560922347,94.66650795018674,3.3855159352575197,989.6576070661338,4017.1519897336825,10.983010200850218,13.632107753054857
2023-01-01 05:49:00,1499.1652754590984,11.44521245340764,107.88490965528275,3.4955408706590716,943.7260614870318,4054.128975983569,10.895020001464957,14.22010212345821
2023-01-01 05:50:00,1501.168614357262,8.962604515285655,126.8662497049394,3.5582106185100555,955.035219851846,3819.032762748402,11.019790904243521,14.836287335297387
2023-01-01 05:51:00,1503.1719532554257,9.927724230139269,103.85049623995081,3.576422887301902,993.3454522725518,3959.8644967475902,10.851837736586385,14.862608718673865
2023-01-01 05:52:00,1505.1752921535895,9.06620814219048,126.05790635053802,3.552385901539418,943.5374722961438,4002.0153358465795,11.008625222994967,15.16692822207059
2023-01-01 05:53:00,1507.178631051753,11.617666818711589,103.87341775485079,3.5661866363269263,961.1942320981425,3943.3480898904468,11.008584450212336,15.777615237506259
2023-01-01 05:54:00,1509.1819699499165,9.203406426721862,123.67977708699911,3.5464946034567957,975.7028693719361,3904.753607802471,10.904028578394652,16.184939584145386
2023-01-01 05:55:00,1511.1853088480802,10.348633158360453,90.05281230844523,3.494717630141791,965.9056804523376,4033.998457371973,11.083379723644317,16.163148976426218
2023-01-01 05:56:00,1513.1886477462438,10.020949250573032,139.59760806163763,3.505711228171388,940.7004190506325,3959.8817892493307,10.91281965293521,16.81025121916451
2023-01-01 05:57:00,1515.1919866444073,12.063831266418962,135.3356738472166,3.497210406213673,997.0373602187346,4026.8235494580367,10.841543267250625,17.524315877709665
2023-01-01 05:58:00,1517.195325542571,9.603114957845102,109.15036563360675,3.5035372334813397,1013.424144006454,4028.4396594583113,10.950486503052389,17.60595914811974
2023-01-01 05:59:00,1519.1986644407345,9.900814486185993,123.411255843301,3.4177088211301387,976.0474756021852,3978.088003512413,11.007330223304075,17.284335556688127
2023-01-01 06:00:00,1521.202003338898,9.662440280218421,105.93385113689637,3.4181104868310426,1041.9604284710688,4006.483470767749,10.798548590180568,17.311796437107233
2023-01-01 06:01:00,1523.2053422370618,12.074638665352978,140.3986703278721,3.4135057281675425,973.2973116835506,3987.7309121952067,10.926019840640844,16.21987032004082
2023-01-01 06:02:00,1525.2086811352253,10.611791947650223,110.68454994770038,3.446829718142604,968.9812065385138,3756.9576957230297,10.912957097863211,16.430577384718205
2023-01-01 06:03:00,1527.2120200333889,7.974315247068794,153.02464755981094,3.408939485416954,924.3912782168472,4000.482730104022,10.961975996403064,16.63159742085912
2023-01-01 06:04:00,1529.2153589315526,9.06735494177933,127.92021097631059,3.407539985858768,979.2697929017573,3981.600754365416,10.910498850425224,16.951176256772833
2023-01-01 06:05:00,1531.2186978297163,11.665270497158188,103.86856774993286,3.405956260753745,998.1465481716522,4080.0143531753456,10.81372456801944,16.545109281228733
2023-01-01 06:06:00,1533.2220367278796,9.003146462558753,109.87529843836403,3.33570396280307,1034.4436294949933,3713.009007874976,10.804167959499267,15.846243415651983
2023-01-01 06:07:00,1535.2253756260434,7.378397190065375,113.44141110868426,3.267204789291367,949.0852439356307,3875.2188326751398,10.831804285875467,15.553898772179018
2023-01-01 06:08:00,1537.2287145242071,7.528677965839917,119.01481331271276,3.3391244275099923,1010.9525050667212,4098.673848984417,10.81711869158817,16.022840740895468
2023-01-01 06:09:00,1539.2320534223707,10.21974342604689,117.23559759364804,3.301248511691192,993.46226790631,3889.7827555458553,10.91703246709883,15.682846936743914
2023-01-01 06:10:00,1541.2353923205342,8.842126658032326,114.19961928097172,3.277548906974759,968.9777182005204,4071.874563397252,10.708193932658647,15.524959478356283
2023-01-01 06:11:00,1543.238731218698,14.437724533107442,115.30637951030562,3.323534491068643,930.6000600537784,4124.035139865391,10.775873518884152,15.889441461597285
2023-01-01 06:12:00,1545.2420701168614,6.728968041636777,108.30001673437879,3.3437310578438857,892.5855378409383,4002.450156371794,10.660019455043415,16.62577408044584
2023-01-01 06:13:00,1547.245409015025,7.396729945785814,113.7783751688897,3.276848376167618,975.7689413814588,4295.7240675641415,10.912246579771406,16.873023985124068
2023-01-01 06:14:00,1549.2487479131887,7.462973884496649,105.99544197408557,3.204892135327611,1009.4550819874995,3821.0000270547325,10.727683435866469,16.611690818017927
2023-01-01 06:15:00,1551.2520868113522,9.59204640502425,113.91606386911577,3.159391781480573,968.0254892799538,3989.2142773893474,10.960831794872673,16.271448972357927
2023-01-01 06:16:00,1553.2554257095157,9.31370100755499,101.97189637205193,3.1354090858099086,982.905534075489,3958.750311855047,10.810481715272704,16.779463713004255
2023-01-01 06:17:00,1555.2587646076795,9.950596363918686,120.89848737008549,3.120770942669023,965.2677089346907,4171.544552687748,11.015645232741432,16.19733975260721
2023-01-01 06:18:00,1557.262103505843,8.540415080347433,108.90368444839125,3.104527682365483,1027.7616364262008,4108.928546934728,10.926906829854603,15.541053472628771
2023-01-01 06:19:00,1559.2654424040065,11.658058351614343,103.9091096555236,3.0884435389318856,1020.7117556203732,4173.668894839634,10.973558883537864,15.07597242548434
2023-01-01 06:20:00,1561.2687813021703,12.19484696313002,111.40552235037076,3.074695542562854,930.534781553141,3853.334719011435,10.964090144300117,14.443413178886956
2023-01-01 06:21:00,1563.272120200334,7.201555305513716,119.32032524021614,3.050488246061234,971.6620064989822,3952.297278091976,10.928082809786543,13.942405016112131
2023-01-01 06:22:00,1565.2754590984973,5.0,131.72558522305957,3.1089946573441862,950.206116748504,3955.332739546994,11.165897099907648,14.34778255390431
2023-01-01 06:23:00,1567.278797996661,7.510927288675422,113.69445135483386,3.0615254975907717,960.8902584569643,3838.862257894524,10.903756659139393,13.702634352020912
2023-01-01 06:24:00,1569.2821368948248,10.098270758404052,113.44536006425646,3.127185531260081,970.4544158302274,3793.6880123059113,11.011463175016688,13.861493121180512
2023-01-01 06:25:00,1571.2854757929883,8.16685049214929,148.6024669406255,3.1311641645244395,967.4219963507035,3904.783127154304,10.847468404504044,13.725787537324953
2023-01-01 06:26:00,1573.2888146911519,6.6257813434043795,108.3479205167754,3.1480452431976014,972.3296995935416,3896.2502022171334,10.827281827475616,14.094969322022589
2023-01-01 06:27:00,1575.2921535893156,9.041323787866183,145.28898177022896,3.178303722325233,975.8948905246667,3930.9836708645175,10.94195919918391,14.273843338542203
2023-01-01 06:28:00,1577.2954924874791,8.496885969664513,119.37225063673061,3.2746124768260465,972.156913544485,3858.775293166522,11.046622561155136,14.486850275863478
2023-01-01 06:29:00,1579.2988313856426,7.2421685178255,126.64618671235084,3.2950849508422353,926.6210061977988,3964.546334767289,10.869447340232965,14.18879986441921
2023-01-01 06:30:00,1581.3021702838064,10.519289648384088,137.92612464963972,3.119463555086307,929.0849667418466,3843.4232320701,11.023680909150073,15.360554723155389
2023-01-01 06:31:00,1583.30550918197,13.193356516955951,82.46863727107981,3.1204420502272723,1003.4996398532907,3874.112778550634,11.013341040112477,16.301589760001164
2023-01-01 06:32:00,1585.3088480801334,10.198615808443977,125.8131954529361,3.1882862425936804,930.3994859619867,3923.2139442467296,10.900156921569774,16.294691201472247
2023-01-01 06:33:00,1587.3121869782972,11.283624432813435,117.97599512380691,3.24833508074631,990.2621699288154,4021.3168232245534,11.074097124152184,15.738659500194688
2023-01-01 06:34:00,1589.315525876461,7.786300375510018,118.12215616754082,3.4720352995754524,982.4571832140817,4093.043603295641,10.700067170563301,14.771635388773365
2023-01-01 06:35:00,1591.3188647746242,9.137398588923109,143.51195010383154,3.832962415913426,1028.259561504838,3783.767740853184,10.756044271354437,14.023201940868903
2023-01-01 06:36:00,1593.322203672788,9.15247434467839,117.65742553210735,4.153679276609874,927.127299531687,4032.243206046976,10.886812958463238,13.159168977800622
2023-01-01 06:37:00,1595.3255425709517,9.007276444224814,110.12925180278818,4.518477025562036,944.7541030132306,3771.794071253715,10.905515228682667,11.580020762253895
2023-01-01 06:38:00,1597.3288814691152,10.290692228994327,112.96118513628997,4.905378478278031,999.7286588421847,3975.2257235913207,10.969336144218644,10.33125277425209
2023-01-01 06:39:00,1599.3322203672788,9.718685319135087,105.66956092164048,5.28284008202621,1044.6404554750015,3989.279653611093,11.021548181009758,8.829254619456353
2023-01-01 06:40:00,1601.3355592654425,26.039444303535163,82.6363708295716,5.675226945823901,925.8853329535614,3919.081888643357,11.141945095163631,7.184766060227966
2023-01-01 06:41:00,1603.338898163606,22.125728189608378,82.00010720456477,6.027201969326161,934.2592920932935,3746.322515010413,10.926196160495678,5.694371010552792
2023-01-01 06:42:00,1605.3422370617695,20.54222789720106,90.11800192206317,6.478757603325081,950.1318369543942,4045.0381236190265,10.990402265452504,4.4957634615301565
2023-01-01 06:43:00,1607.3455759599333,21.867192752814837,79.31756421833181,6.8585956996008655,1047.562388389107,4061.3648228504503,10.96666210631827,3.66791506478746
2023-01-01 06:44:00,1609.3489148580968,23.633974248594672,65.88003931593354,7.230620458857239,995.7633332150201,4101.483980879285,10.965014780500871,3.155499255944696
2023-01-01 06:45:00,1611.3522537562603,20.654067045115017,82.5747936711063,7.377304222524908,959.9805757664478,3878.431875127182,10.881606291756235,2.4463870508599754
2023-01-01 06:46:00,1613.355592654424,21.461193700774793,77.48254905725186,7.497084174301731,993.0363194914752,3894.506245023078,10.707333622882578,1.9640061067263972
2023-01-01 06:47:00,1615.3589315525876,22.76865420279341,74.87515179246999,7.555540505293381,978.5891559939517,3913.295099807807,10.79647339317225,1.426353256854561
2023-01-01 06:48:00,1617.362270450751,23.28885281366903,79.29596240649857,7.646190523031122,1000.3849212575951,3930.6364387728713,10.917825379177676,1.338409153837744
2023-01-01 06:49:00,1619.3656093489149,23.90567972105773,80.6572655547574,7.58627196619307,959.482592180706,4108.232427112498,10.784342265894555,1.6076475742802234
2023-01-01 06:50:00,1621.3689482470786,21.175283780214123,79.02161698529632,7.3201837388497335,992.0376402393181,3912.746481611432,10.91199632519568,2.437646246767577
2023-01-01 06:51:00,1623.372287145242,24.42544564762017,87.94555082514032,7.304070326731592,1021.5977277616945,3813.9194119739636,11.025800692423058,2.464208577275839
2023-01-01 06:52:00,1625.3756260434056,17.983740505902176,74.16219854819484,7.317761555841244,992.229698415485,3997.5565730310564,11.030918573657052,2.486846241720863
2023-01-01 06:53:00,1627.3789649415694,17.586186208028586,60.53546022345996,7.217927461243867,938.3485908265953,3993.7961561882194,10.764821093808779,2.475129484522547
2023-01-01 06:54:00,1629.382303839733,18.98653580380976,67.198387020951,7.18122962523144,976.0117933626484,3920.035877671814,10.821226105325827,2.41696589023793
2023-01-01 06:55:00,1631.3856427378964,29.472594878972398,84.85009084050274,7.14018729419254,981.927072630487,3916.3931911104505,10.761992541926746,2.4525824879432783
2023-01-01 06:56:00,1633.3889816360602,24.62333866855797,103.35879280922822,7.048677006540102,962.9027928295639,4057.2414726492407,11.065385717068636,2.467160513334138
2023-01-01 06:57:00,1635.3923205342237,24.35195988330769,85.25643597575832,7.032628937273126,966.3173895411969,3727.260979910726,10.946486184056678,2.3912657664158576
2023-01-01 06:58:00,1637.3956594323872,17.613895790629297,84.29427221946948,7.128860314470529,969.0474764085152,3824.9656811738146,10.9403748706381,2.388070576186312
2023-01-01 06:59:00,1639.398998330551,18.4888120765539,88.19750274550859,7.143351555871457,962.9671678855674,3991.0142361793455,10.909203105735791,2.3723655242656476
2023-01-01 07:00:00,1641.4023372287145,18.87295937605321,76.88422350721035,7.147921845094121,994.6356041089529,3934.5106846976796,10.811274537662714,2.4196893387734533
2023-01-01 07:01:00,1643.405676126878,20.07787553927591,84.62185898495268,7.1214717217516394,946.1776763871252,3928.684199732193,10.871007776521783,2.4412634243586813
2023-01-01 07:02:00,1645.4090150250418,21.353288574632927,66.70614389075962,7.294297309984853,929.7315241510597,4139.9018522759925,10.860315817639282,2.5390441555797043
2023-01-01 07:03:00,1647.4123539232055,21.646562785198764,75.19771027003671,7.277993581390424,1005.4099101012259,4151.334905923107,10.778780656533026,2.54777790198196
2023-01-01 07:04:00,1649.4156928213688,21.75256667018126,101.31140435312338,7.273473122154572,1018.1532738963169,4059.0907066733052,11.049339556617502,2.5294682235801003
2023-01-01 07:05:00,1651.4190317195325,26.461626642470254,76.60599999617263,7.296190296537881,990.0798168401412,3955.9145697234208,10.898571757354327,2.4803159530846735
2023-01-01 07:06:00,1653.4223706176963,23.198222824755927,85.61178147249731,7.380768620880169,902.935686851984,3947.3982591243034,10.895233993707375,2.386590992449776
2023-01-01 07:07:00,1655.4257095158598,28.042940810919216,77.25434464760913,7.459240750959206,985.3240173373594,3988.241220664646,10.906904186780558,2.442795900681218
2023-01-01 07:08:00,1657.4290484140233,18.969912531970106,93.9972964299442,7.632058973766568,930.1207923414204,3902.2078737843945,11.039904310837086,2.455246971457687
2023-01-01 07:09:00,1659.432387312187,22.725718137015708,78.5566615903345,7.578707405134286,965.2590981153147,4244.633334051501,10.992016790680411,2.3925901385969395
2023-01-01 07:10:00,1661.4357262103506,23.625076518124104,84.76354313139822,7.583896038261465,995.2292866546591,3937.6956988622674,10.95116014834084,2.3948941902650525
2023-01-01 07:11:00,1663.4390651085141,24.279700250363245,66.0984576681083,7.539155390426825,968.1126646296908,3997.2185281891498,10.89835382634271,2.316325627445738
2023-01-01 07:12:00,1665.4424040066779,16.6533399658479,82.84006371166353,7.553184947731743,906.68889510872,4081.618092781101,10.973076103706319,2.323717011185117
2023-01-01 07:13:00,1667.4457429048414,23.783149308442688,74.18522384029681,7.438365022309934,965.5264708355056,4094.1381141143547,11.07638191428212,2.2987648941371575
2023-01-01 07:14:00,1669.449081803005,24.03260082389569,67.65695249046173,7.447688417424024,933.458549455105,3942.653070188258,11.066491776051347,2.27397514438933
2023-01-01 07:15:00,1671.4524207011686,24.974852484395928,78.65166697947983,7.417802462347376,940.2359993824559,3919.4795275474776,10.993677413493957,2.2514757802088146
2023-01-01 07:16:00,1673.4557595993322,21.563713116755263,81.86803200832954,7.470642434617221,993.9001716325378,4037.8900792773447,10.772219182796336,2.2875459675009653
2023-01-01 07:17:00,1675.4590984974957,24.77714119648842,68.39995130241147,7.4806330521903615,979.1942572595553,4047.3272291184894,10.99065040351616,2.2799682905533425
2023-01-01 07:18:00,1677.4624373956594,18.894029996554874,61.07428770096106,7.473723028337931,974.7958098271732,3957.5446801730386,11.035408061739707,2.3555952286485136
2023-01-01 07:19:00,1679.4657762938232,25.38564186599428,76.51790322107715,7.39248028744904,1009.7449487711837,4140.488299715968,10.951554608565159,2.346714265522921
2023-01-01 07:20:00,1681.4691151919865,19.102315100724148,91.74535042311997,7.458412457090576,993.6988741747061,3914.8541537514943,10.816060256187248,2.3847652500026695
2023-01-01 07:21:00,1683.4724540901502,24.90367576955902,79.03767963291958,7.4436765101749724,1000.1831715286405,3894.2143225564046,10.898552061680673,2.432865683807845
2023-01-01 07:22:00,1685.475792988314,24.294727235499522,69.99553264390765,7.465813887585583,961.5286177158099,3952.357893192924,11.022700606225365,2.3934723774003954
2023-01-01 07:23:00,1687.4791318864775,24.609004670335235,73.9663213100229,7.335226641025131,977.38835892643,4011.006873071716,11.076177289450063,2.357767999510355
2023-01-01 07:24:00,1689.482470784641,21.308513860582575,76.66951812106066,7.3909933825131,987.9612567488952,3900.1840627250967,10.922439998717216,2.369262667970142
2023-01-01 07:25:00,1691.4858096828048,22.60473624720166,95.29044430269266,7.331416055258742,968.7956511956877,3982.771636188035,11.02306171709351,2.2874101683482593
2023-01-01 07:26:00,1693.4891485809683,20.71691933554467,67.71692193495389,7.304677051825538,991.4573586433092,3938.921199479779,11.014135502918727,2.2982604237220796
2023-01-01 07:27:00,1695.4924874791318,22.968936072167537,79.05816860956968,7.240394410300572,970.3063759823442,3843.865424447977,10.811935234574419,2.2724667016826476
2023-01-01 07:28:00,1697.4958263772955,24.489213480719524,84.77853755115267,7.264009411837745,916.7583182587304,3930.7697798144527,11.169062295325013,2.3191376682897578
2023-01-01 07:29:00,1699.499165275459,23.216635389713797,92.95315767161799,7.197483987327484,919.2315446535983,3857.3441574816948,10.808558609764674,2.2394711196936035
2023-01-01 07:30:00,1701.5025041736226,15.016501323142846,88.09421051179642,7.245239094052052,965.823813680835,4062.528244460729,11.047791755971195,2.307492035377489
2023-01-01 07:31:00,1703.5058430717863,21.256790461588825,75.34583897810236,7.275353311304915,952.1658296775961,4015.2846917482416,10.846597185490323,2.3230027958013792
2023-01-01 07:32:00,1705.50918196995,22.437163770657687,90.87384863094434,7.368407536914953,985.1144878708805,3874.7081684170985,10.844657594044731,2.4034723475297275
2023-01-01 07:33:00,1707.5125208681134,25.958522331384422,86.05973747691094,7.3464644753853685,982.485495878813,4103.271113655232,11.069791393650501,2.4546363868755496
2023-01-01 07:34:00,1709.5158597662771,19.22663432623755,85.42237355144849,7.458898498703182,1030.7579479718424,4125.1706003839745,10.999256718454442,2.48817757551069
2023-01-01 07:35:00,1711.5191986644409,27.22001274631727,82.45593107863736,7.480067101873516,965.0255514936506,4009.588989051526,11.174861030509033,2.4997402785615885
2023-01-01 07:36:00,1713.5225375626044,18.510601711407798,83.0917359997293,7.4388184129958015,983.4484227839924,4026.3237480146863,10.786384113362375,2.5067870135762256
2023-01-01 07:37:00,1715.525876460768,24.563564897848437,85.48303489669127,7.410107863449043,949.2837921643934,3827.862886982937,10.96624548058027,2.5285657991492836
2023-01-01 07:38:00,1717.5292153589317,23.75761203236268,67.94135242386332,7.441670299840836,970.3447745109623,3989.9887717687725,11.12598691943122,2.557749324658367
2023-01-01 07:39:00,1719.5325542570952,27.182656347312143,92.86552967833019,7.445277831084073,952.3006365337693,4104.991575406305,10.982039917451694,2.572483971364169
2023-01-01 07:40:00,1721.5358931552587,24.816330640026955,92.75800227017088,7.435098662391972,983.9174868099515,4124.706822699305,10.952598799499972,2.566897287450175
2023-01-01 07:41:00,1723.5392320534224,19.626751867835875,92.87740115796832,7.325367708306635,954.398212355072,3906.968445406382,11.058759877285425,2.487474197792587
2023-01-01 07:42:00,1725.542570951586,18.385796828087877,95.48020568153704,7.331793113340214,951.0718553467798,4004.169864217921,11.105746160953096,2.4487491330696725
2023-01-01 07:43:00,1727.5459098497495,24.541302795299558,67.85190926354899,7.3444019835807435,981.3881574958288,4069.864210627864,10.86311607076075,2.4587552008349776
2023-01-01 07:44:00,1729.5492487479132,17.217945489710768,85.83264774151242,7.330946606620001,993.3113822329431,4105.400449402415,10.855841194764139,2.4250089433853175
2023-01-01 07:45:00,1731.5525876460767,19.607868509304815,77.90249746552777,7.333322626933143,938.8628354448141,4187.328972977481,10.997234521745327,2.3884058760193465
2023-01-01 07:46:00,1733.5559265442403,26.816708260744694,78.16086405433825,7.358277017710149,1005.8748620189333,4208.9793079064475,10.92660557657837,2.4324837422915246
2023-01-01 07:47:00,1735.559265442404,23.068055710653642,79.26838905395444,7.289891072327526,982.6198001230654,4006.3557798303195,10.970487813035733,2.398069967526837
2023-01-01 07:48:00,1737.5626043405678,19.386329196312072,78.26602007753733,7.286356685357674,947.8991115767741,4020.730128993143,11.019724226711883,2.405012411078656
2023-01-01 07:49:00,1739.565943238731,21.988258620277712,79.9209276088642,7.276251525181284,975.580237097762,3710.6945241173275,11.060540743008165,2.343101122652614
2023-01-01 07:50:00,1741.5692821368948,24.988707360959427,75.12132579085993,7.283303662879577,974.5906517364227,3758.61163156838,10.998133031190772,2.4303451444103925
2023-01-01 07:51:00,1743.5726210350585,23.35727219466426,77.43762638365305,7.361506210136247,962.603957815093,3947.703892309005,10.98967408837274,2.411469646824672
2023-01-01 07:52:00,1745.575959933222,20.931621024631312,85.9927158066719,7.4009106664190085,958.7077374240711,3969.1652231655125,10.808957905529612,2.4562828099636302
2023-01-01 07:53:00,1747.5792988313856,16.280474932209128,79.46258352792378,7.363525604348345,911.6558778059966,3875.989117982969,10.86846356813762,2.4778974411066743
2023-01-01 07:54:00,1749.5826377295493,25.51290449540968,77.32704635645034,7.397039714217051,975.2142302224288,4034.8014429443533,10.919938802903923,2.484934484507012
2023-01-01 07:55:00,1751.5859766277129,17.749266300001118,85.2881039905673,7.337376158587441,964.9994335595738,3933.5529741462574,11.038542364334544,2.4309815613088186
2023-01-01 07:56:00,1753.5893155258764,19.54166028131354,71.20078695174183,7.304534728746713,979.8298000242003,4068.1252467056893,11.109651186168032,2.392846004466409
2023-01-01 07:57:00,1755.5926544240401,21.440802246777316,82.16156431257431,7.28311315771156,1041.1757623245412,4081.0140136639457,11.122844971900287,2.3694695285961656
2023-01-01 07:58:00,1757.5959933222036,21.293821001146483,83.28239476150367,7.377174829566263,1006.5115359219337,3999.2341773843555,10.935011206888522,2.4218542301688313
2023-01-01 07:59:00,1759.5993322203672,20.672061355133415,84.14806282004086,7.217852051599214,963.2608081940963,4079.505114889877,10.997448069575777,2.4037406858208694
2023-01-01 08:00:00,1761.602671118531,24.374553659509946,67.73704758010625,7.22634976878357,952.872366773708,4104.355821045162,10.837635863314157,2.392225714887461
2023-01-01 08:01:00,1763.6060100166947,21.129689137268695,101.76944479221557,7.2239030459548506,975.0993298061728,3932.840659009562,11.041102608104696,2.3494877495246733
2023-01-01 08:02:00,1765.609348914858,21.492064180275037,88.14852560395184,7.213830613810156,908.9202298968232,3928.9465032085327,11.05041971855745,2.3991403861704574
2023-01-01 08:03:00,1767.6126878130217,22.54032216858913,73.4712112424606,7.212803923386449,979.1040419141626,3814.643392729012,10.945373583619808,2.3984184912794073
2023-01-01 08:04:00,1769.6160267111854,22.59820169302669,79.75996016589917,7.250291177957502,923.1491135996146,4053.393232247304,11.091128948764924,2.371910389787145
2023-01-01 08:05:00,1771.619365609349,22.3363026592459,81.73607660863051,7.328445634976406,960.9800403417702,3988.1385382581575,10.966578584223896,2.413044997797542
2023-01-01 08:06:00,1773.6227045075125,19.255576285465693,82.34275356854589,7.242975578132533,969.9843569073262,3979.6804179395035,10.931357750107605,2.397267727501477
2023-01-01 08:07:00,1775.6260434056762,29.53728024045635,83.62178249103432,7.206201449910928,989.2347366175603,3993.1308049515155,10.873478604098933,2.357526262048412
2023-01-01 08:08:00,1777.6293823038397,13.306367693061084,69.31121471650718,7.292465327641718,948.73014940308,3791.6049079871314,11.09398012288198,2.32629681412733
2023-01-01 08:09:00,1779.6327212020033,25.881251538208634,71.28128572259428,7.264518477786755,964.990788551133,4034.3661429593635,10.88817719557627,2.3145871416147963
2023-01-01 08:10:00,1781.636060100167,22.067044997674575,80.79493410986242,7.475039441890161,938.0684724298676,4031.051107792053,10.922098095183344,2.1395900871006384
2023-01-01 08:11:00,1783.6393989983305,24.48167790636295,77.85728829640169,7.689995682748145,977.2431608698529,3924.538793236535,10.923339507834587,2.0898272515396856
2023-01-01 08:12:00,1785.642737896494,26.146520195949712,79.07622054948787,7.73699742271698,966.3387807422898,4076.6190576575345,11.010017718120487,2.11340551474074
2023-01-01 08:13:00,1787.6460767946578,21.870610636618427,89.59269956821582,7.585036211526968,990.7729421135033,4021.5319678974806,10.921896807022202,2.1794420111651673
2023-01-01 08:14:00,1789.6494156928213,19.046663896328905,89.87153260539033,7.462158975795601,931.239325149455,3914.3157832173624,11.068921215452388,2.272705798507259
2023-01-01 08:15:00,1791.6527545909848,21.290125856746858,70.26160436305302,7.261415616278549,1050.0,3878.9407106647955,10.996210832674882,2.3234873089201407
2023-01-01 08:16:00,1793.6560934891486,24.684531707498973,64.47010286417324,7.026173797639992,927.1996169822944,4178.995036821084,10.943361107480372,2.622190384467749
2023-01-01 08:17:00,1795.6594323873123,27.30038229531693,68.23039893221643,6.741374618480138,1030.9778546101468,3928.4323284201905,10.977576266562973,2.8917155032654835
2023-01-01 08:18:00,1797.6627712854756,18.147016656105553,88.72724880146042,6.470361201588939,977.271262111555,4140.406174266667,11.028260053758645,3.2367932587385937
2023-01-01 08:19:00,1799.6661101836394,25.996742453373557,82.4150610924799,5.99060201899977,988.9040641522444,3933.9705291061223,10.919011978545312,3.257752255486029
2023-01-01 08:20:00,1801.6694490818031,15.15766789653521,114.09919659218075,5.710725754239766,1012.9493500710247,4047.1393637299893,10.948734774519979,3.5677212141317947
2023-01-01 08:21:00,1803.6727879799666,15.634316913474962,103.44198050725457,5.332504253093411,943.5551867798729,4010.637716802539,11.094307876584878,3.686971844963711
2023-01-01 08:22:00,1805.6761268781302,14.124077061639579,113.03658088172764,5.002648346041004,972.570791726433,3933.7950155342855,11.06939764823552,3.9651955129440495
2023-01-01 08:23:00,1807.679465776294,17.06842342170132,87.91948643033072,4.788533748987296,993.6014503396226,3947.0284841513126,10.962624983377058,4.1775007259732835
2023-01-01 08:24:00,1809.6828046744574,16.468447634304905,100.51353660014264,4.576901362184314,952.3813293702318,4085.3266411989207,10.966883879330927,4.322265130017874
2023-01-01 08:25:00,1811.686143572621,17.69448921729718,91.40023462171666,4.367723269202501,996.0408539954716,4069.503939826506,11.026175083791228,4.603461591522879
2023-01-01 08:26:00,1813.6894824707847,16.149861674542105,85.15129431053184,4.227628951678535,908.7821465289742,3916.3273978678485,10.794398873569264,4.7980931521635775
2023-01-01 08:27:00,1815.6928213689482,13.057226918647181,87.48836490005547,4.220882830579299,941.3809553623145,4119.567398401616,10.987724412624406,4.868274326776019
2023-01-01 08:28:00,1817.6961602671117,14.197372812284804,97.33321442532564,4.311735465072383,954.8528781350433,3953.174819869385,10.925175811211444,4.898740723933794
2023-01-01 08:29:00,1819.6994991652755,17.344766889033448,108.0919971082706,4.275913828672139,969.3040010737872,4079.335982871921,10.96764558476428,4.6563224378238335
2023-01-01 08:30:00,1821.702838063439,14.137544872261175,83.64236143069193,4.4132819965579735,978.4287287660987,4050.3802605678184,10.92172271754652,4.438838794609563
2023-01-01 08:31:00,1823.7061769616025,17.183419692723668,100.21455983414118,4.423889624207441,1013.6949749102621,4155.3228562209,11.034255616656141,4.460303688336994
2023-01-01 08:32:00,1825.7095158597663,17.60665523451607,94.32211217661147,4.362090380365627,967.5902401889173,3985.1189050861467,10.83340862526654,4.474966640415711
2023-01-01 08:33:00,1827.7128547579298,16.287569017725673,99.85426538752866,4.348807006725778,1018.5678875463702,4063.892818970829,10.853440235173123,4.4796699264264745
2023-01-01 08:34:00,1829.7161936560935,18.857511414338518,97.56515459250205,4.299889738989022,977.3222874905603,4006.1365205802485,10.973701866994556,4.385629340458462
2023-01-01 08:35:00,1831.719532554257,13.868652201317929,84.26661620858582,4.246093524094062,1000.0836415501725,4048.663347669827,10.771210715282216,4.272497342911178
2023-01-01 08:36:00,1833.7228714524208,13.668962823055905,90.31306592031959,4.252726554204773,976.958025205725,4034.6561959195046,10.995111201191012,4.345618688478364
2023-01-01 08:37:00,1835.7262103505843,13.833902763028032,84.99545404507076,4.230380238673229,994.6069928737206,3875.5539162835603,11.202037765089482,4.091773018988931
2023-01-01 08:38:00,1837.7295492487478,11.327321704187437,95.97802268539051,4.18060484140323,986.1190705575309,3994.369717267934,10.915455044520142,3.9744520160120747
2023-01-01 08:39:00,1839.7328881469116,19.06892933847512,87.91248594779536,4.208255436613686,1004.5174896025868,4120.956958184764,10.979892074873037,3.814683280214793
2023-01-01 08:40:00,1841.736227045075,20.432922975169582,89.49247931464262,4.215529172609587,975.4796644799343,4082.4707577019794,11.089209313288945,3.8363111701059447
2023-01-01 08:41:00,1843.7395659432386,17.014501393681805,95.02349965910699,4.202183567063105,1002.8587889692867,4037.210291914547,10.959615516851196,3.7446860204940897
2023-01-01 08:42:00,1845.7429048414024,16.85942014012276,87.09004136180299,4.2962861199244,988.0429226788111,4029.897244806402,10.908869345303197,3.7584562284106475
2023-01-01 08:43:00,1847.746243739566,11.764547499385017,102.41828893333877,4.355610519548761,983.8896474209442,4171.321822885951,10.900320616727258,3.883044066503117
2023-01-01 08:44:00,1849.7495826377296,14.10530754845331,86.06971357430457,4.354872581545305,991.6209138469784,3819.8059927699546,11.072666740492236,3.904119249484868
2023-01-01 08:45:00,1851.7529215358932,16.970893611339083,90.8454454411496,4.4587239823218265,978.4760048243816,4025.448376928999,11.021813841217474,4.164958692970864
2023-01-01 08:46:00,1853.7562604340567,16.227017594268872,97.53662266687677,4.568712592777605,954.1134355574766,4088.838416607801,10.958695865240381,4.34124473703955
2023-01-01 08:47:00,1855.7595993322204,16.27866822755254,98.19220154470321,4.628148298034035,983.6577336382677,4221.505682453123,11.150957509559598,4.341664661779835
2023-01-01 08:48:00,1857.762938230384,15.426616485961318,92.98430854096807,4.650877423532278,979.4936860859291,4000.1419890950083,11.002168699274188,4.344126044310043
2023-01-01 08:49:00,1859.7662771285475,12.645877636156543,88.69987114147925,4.581569079097143,992.8759452187388,4200.480575443777,10.936296120826093,4.222962667277982
2023-01-01 08:50:00,1861.7696160267112,17.02544792512939,91.30825659917559,4.565989839271652,989.1124778355374,3958.971455793855,11.176739146202166,4.4150149674330095
2023-01-01 08:51:00,1863.7729549248747,18.352711024172535,95.22522655210601,4.590536721242478,967.7330742224365,3923.9811955378627,11.085287965229531,4.309059483664907
2023-01-01 08:52:00,1865.7762938230385,18.13341163936333,99.31934923373754,4.580897015014758,1009.0835094838503,3991.1192100361604,11.066829738022903,4.408261899817493
2023-01-01 08:53:00,1867.779632721202,18.016717772991065,79.35943328060931,4.5878549867785345,992.2500175005548,4221.287353284364,11.271023492721918,4.407913502604687
2023-01-01 08:54:00,1869.7829716193655,19.52923442043628,85.30898963857676,4.463024384403764,965.6091871640879,4124.577110794206,11.0914326370178,4.365636387023916
2023-01-01 08:55:00,1871.7863105175293,15.536017408732462,91.84225430800471,4.44832308634384,968.9247123497128,4197.969123348513,11.055023211022696,4.169341010735042
2023-01-01 08:56:00,1873.7896494156928,11.83742052340513,83.19640955829567,4.409996154095996,946.0762274145935,4166.831379946743,11.099341417028246,4.0849328784001155
2023-01-01 08:57:00,1875.7929883138563,14.670201682915474,90.58461757105798,4.392002617627997,948.8822454533894,3953.0836590196755,11.011190592707887,4.1729984743713135
2023-01-01 08:58:00,1877.79632721202,12.36369001429107,107.18624546864746,4.333853166208243,1019.6918236150202,3916.7751991568725,10.985932974097711,4.294102205979702
2023-01-01 08:59:00,1879.7996661101836,13.559202627813917,96.31809228093599,4.285599057176223,985.5431767902843,3914.4939873834724,11.0872532565397,4.224412737978706
2023-01-01 09:00:00,1881.8030050083473,13.2142040798096,90.68742850887942,4.233770257005046,884.6731899958393,3842.203303212529,10.977308233235687,4.188341138029766
2023-01-01 09:01:00,1883.8063439065108,19.476071089788178,98.02547664527759,4.27397153500493,1032.204195878509,4043.328463276063,10.900441162650838,4.231544710233819
2023-01-01 09:02:00,1885.8096828046744,17.21391672388863,95.09256145138482,4.301658892566143,987.9192912701175,3713.0383018723032,11.233504442996583,4.293529536142267
2023-01-01 09:03:00,1887.8130217028381,12.169529865472338,100.0047894698034,4.242568451419579,992.1377704723577,4088.768011182567,10.819858941512807,4.384570018576699
2023-01-01 09:04:00,1889.8163606010016,15.59758297303787,85.57904716570975,4.2162443188832235,956.5621329371168,4043.2914957307635,10.997255900295956,4.2706534193799905
2023-01-01 09:05:00,1891.8196994991654,18.36291068027296,101.42420326246702,4.298078282178752,960.0680186645443,4017.7414927241493,11.009174320327114,4.354491275895615
2023-01-01 09:06:00,1893.823038397329,17.983095375321206,98.97892007205422,4.372696093059024,954.5129809707593,3991.668667791105,10.999459875096388,4.487417041372644
2023-01-01 09:07:00,1895.8263772954924,13.147547496907688,95.31509765485814,4.424213120012033,959.8905790102974,3741.2049165313874,11.020891992743937,4.391922139943217
2023-01-01 09:08:00,1897.8297161936562,16.383316503777717,81.78815000665165,4.407080982156587,1031.556444315871,3883.874214198589,11.109153853645326,4.292229343746728
2023-01-01 09:09:00,1899.8330550918197,15.499233316726816,82.27247388692592,4.3380129221523696,1050.0,4135.59530039004,11.000163586654438,4.230982980146927
2023-01-01 09:10:00,1901.8363939899832,16.33874073028444,91.09623688034814,4.350662591992727,964.2080983005986,4055.508556994779,11.009351364227694,4.266295984798592
2023-01-01 09:11:00,1903.839732888147,14.494194286855063,99.38239999889787,4.303135674960792,990.8807065484725,4067.789813493061,10.928220579364462,4.167292615107749
2023-01-01 09:12:00,1905.8430717863105,13.332420142041777,83.31347615663445,4.336175719007515,1011.5882077877646,3943.6122867550694,11.089896317598939,4.219109695272001
2023-01-01 09:13:00,1907.8464106844742,13.87618418863274,98.23995689106657,4.28094221523579,936.1866229924898,4061.4436403066343,11.116686930984004,4.063171187659716
2023-01-01 09:14:00,1909.8497495826377,20.095128457131672,97.81886901109415,4.213558351547982,991.4504635998067,4060.586537090121,11.031644556073795,3.951208284109929
2023-01-01 09:15:00,1911.8530884808013,17.17006738508179,90.81782666206506,4.2281923180471,1030.4022584132347,3964.356349346354,11.036121200194247,3.8751844958527877
2023-01-01 09:16:00,1913.856427378965,14.148615014609408,90.20260379027823,4.247217544449626,997.8042396120607,3885.181033515546,11.024875094796224,3.8470092253243875
2023-01-01 09:17:00,1915.8597662771285,12.02230787267476,109.77081378637604,4.254156765588613,992.7580036546457,3984.7695643536185,10.946519733585221,3.9506767181482147
2023-01-01 09:18:00,1917.863105175292,15.394991798497731,106.91393638356193,4.22429319735709,1008.0354283401814,3871.9876714293628,11.13109858012818,3.8264533049397484
2023-01-01 09:19:00,1919.8664440734558,16.482945541080017,91.94437188807946,4.25523593470381,982.5065155230049,3890.4729827651136,10.821545675555985,3.9299845220433003
2023-01-01 09:20:00,1921.8697829716193,13.316754748604142,80.26809144934823,4.330227357649527,932.5775407927123,4061.055343200637,11.133738221389956,4.134471535675487
2023-01-01 09:21:00,1923.873121869783,14.55117749661879,107.7458765794247,4.3932956180857365,1039.0170694626308,4259.609401878507,11.077142609124762,4.3126082222884605
2023-01-01 09:22:00,1925.8764607679466,13.137149111485222,92.70669327269297,4.388480871621906,989.325757949214,3832.5153792290103,11.135915496426342,4.413258978105592
2023-01-01 09:23:00,1927.87979966611,17.353321531494206,93.25500027580215,4.385233532716625,1033.1237092271783,3936.6590000324145,10.830573575724193,4.337095055205198
2023-01-01 09:24:00,1929.8831385642738,14.646048516206978,105.53225725025952,4.402628410985738,952.6586276019499,3899.36793473618,11.07426957580392,4.311855365721997
2023-01-01 09:25:00,1931.8864774624374,14.753586597117833,103.64607596840258,4.4914563302791155,1045.609279795045,4016.905357597987,10.813992741479689,4.446071786626861
2023-01-01 09:26:00,1933.889816360601,17.6076241988051,98.0219994284031,4.4431649306515775,974.8401459164571,3830.3712981436374,10.969015179170587,4.491556865977533
2023-01-01 09:27:00,1935.8931552587646,19.98353402231916,95.79872768824082,4.422708225021261,995.8297674621148,3925.4062204857073,10.663148027350616,4.315606673619546
2023-01-01 09:28:00,1937.8964941569282,19.566731826558467,92.38424188950536,4.347962709172028,974.3715969170881,4037.2447267829525,10.967690419993412,4.290368641137379
2023-01-01 09:29:00,1939.899833055092,15.37778210595526,95.28283116212508,4.38672278711053,992.1074497528522,4035.6443664956605,10.848018183372151,4.496006432527751
2023-01-01 09:30:00,1941.9031719532554,15.24028324359945,81.70596085955373,4.3995217752830245,1036.1659493790357,4010.9790810147238,11.198251164199503,4.571700470872142
2023-01-01 09:31:00,1943.906510851419,11.783537951347405,102.3172936855273,4.329123554252238,1004.083584560605,4040.224703989238,11.184076638221223,4.502138219601472
2023-01-01 09:32:00,1945.9098497495827,14.562026737022153,89.2968427037786,4.309873502322742,971.1508601947942,4007.999632965184,11.221805886864074,4.46069486749704
2023-01-01 09:33:00,1947.9131886477462,14.317445877072634,92.9957937362703,4.18974399276648,994.8776234533603,3964.619891448138,11.150117566640743,4.405565972859552
2023-01-01 09:34:00,1949.9165275459097,15.861999433819678,88.0769989832296,4.1378041279885664,966.4688668144995,3970.0614105949135,10.845942126015446,4.3311788197209875
2023-01-01 09:35:00,1951.9198664440735,12.634572611093686,94.66677644017562,4.14887035779181,981.5312425676962,3979.8399577143155,10.970657172235082,4.351782063676722
2023-01-01 09:36:00,1953.923205342237,18.494928890918423,80.60047106667369,4.176143931003751,965.4271412487665,3916.933782246448,11.025498564422186,4.2563901607230115
2023-01-01 09:37:00,1955.9265442404007,18.2555301925347,99.28651165000088,4.147405516417514,1017.2433636553484,3939.845322445419,11.068366535022358,4.3552242447130265
2023-01-01 09:38:00,1957.9298831385643,15.81353284974355,100.11846032440904,4.177741663793448,1009.5072710238753,4048.467651287852,10.972269013796586,4.4408673488901655
2023-01-01 09:39:00,1959.9332220367278,11.46502919448422,82.91201228165328,4.157493448208534,968.9548544515053,3921.0477549135135,11.1066488791451,4.4874795035473705
2023-01-01 09:40:00,1961.9365609348915,14.32529166056789,88.27187123493961,4.221962989046055,978.3473329338609,4122.085587882586,11.00980512032113,4.5896667081173685
2023-01-01 09:41:00,1963.939899833055,14.98089484156411,87.58469266949768,4.2454475246211985,1010.1528229290593,4179.145102896444,11.353483536939507,4.506843895089184
2023-01-01 09:42:00,1965.9432387312188,13.022618227462463,91.85962631349535,4.185506365250408,1022.4824364521869,3969.896525879846,11.028894559422287,4.308207226480384
2023-01-01 09:43:00,1967.9465776293823,18.533602327564125,74.72153986307356,4.123164450836857,1006.7366176158181,3840.6405616020925,10.938383749583595,4.166516457563199
2023-01-01 09:44:00,1969.9499165275458,17.763165102459364,93.44062866824184,4.1195204256578055,917.3835930127249,4101.242307513002,11.214986615314661,4.145425636122593
2023-01-01 09:45:00,1971.9532554257096,16.385691873038613,95.42965690078375,4.112059213208521,970.845505186548,4023.6606916119167,11.105398818387933,4.153744283694032
2023-01-01 09:46:00,1973.956594323873,14.380379596929872,104.52051095313122,4.09275562849437,1009.313515970552,4035.452761290404,10.916532949189353,4.13241209430847
2023-01-01 09:47:00,1975.9599332220366,14.37427874950798,89.42244946087834,4.135937526696203,1015.5019231415245,4043.2066243553336,11.062974341585889,4.089223563156754
2023-01-01 09:48:00,1977.9632721202004,13.024998264907083,101.53805543592371,4.103819412889273,944.1440534576079,3854.605401176675,10.861467209644665,4.131614631796591
2023-01-01 09:49:00,1979.966611018364,18.137038209411465,82.41363608995199,4.127262388851053,1044.0588877781688,3987.802795035135,11.201556623510283,4.319441130993344
2023-01-01 09:50:00,1981.9699499165276,11.584849791490456,89.53467376494714,4.140261886569135,990.0916136269867,3968.01009192451,11.207240158164081,4.325945029749495
2023-01-01 09:51:00,1983.9732888146912,14.36325483888703,92.90386359957904,4.15252186178228,962.3357052933331,4102.708814525733,11.022961807722613,4.325030939448939
2023-01-01 09:52:00,1985.9766277128547,16.36096655768247,101.88606969226143,4.164042314490549,968.7712366958647,4082.515949473422,10.961534705112484,4.316698860091739
2023-01-01 09:53:00,1987.9799666110184,16.29021369502277,97.94183966707791,4.174823244693942,1018.0970182125899,4149.325636708485,11.001073143420575,4.300948791677896
2023-01-01 09:54:00,1989.983305509182,13.847178011264518,97.48282524989189,4.184864652392458,959.9813045962915,4097.954394256959,10.866239832275618,4.277780734207409
2023-01-01 09:55:00,1991.9866444073455,14.381364589196108,102.20769977997028,4.194166537586098,980.4224643015035,3978.478908407352,11.178288402814637,4.247194687680279
2023-01-01 09:56:00,1993.9899833055092,14.869265931105064,93.29122179070191,4.202728900274861,926.8057056485014,4051.3166659758845,10.938349677959616,4.209190652096505
2023-01-01 09:57:00,1995.9933222036727,15.829246816347895,88.7633969848505,4.210551740458749,978.5918478409781,4097.179235943698,10.902551587971782,4.163768627456088
2023-01-01 09:58:00,1997.9966611018365,18.51908767753682,92.43408823109932,4.217635058137759,957.1234660292685,3959.809676802113,11.08531381443562,4.110928613759028
2023-01-01 09:59:00,2000.0,13.97681929236395,100.9448574957874,4.223978853311894,1013.69997537801,3901.036285325422,10.965985924802892,4.050670611005325
