TIMESTAMP,MD,WOB,RPM,TORQUE,FLOW,SPP,MW,ROP
2023-01-01 00:00:00,1200.0,12.24593526534031,110.26015326800035,3.5715030367713636,933.7096018256566,4084.974422597866,10.702925069370451,3.6641694161387335
2023-01-01 00:01:00,1201.716738197425,8.555287149092223,114.20500477867935,3.598014780748365,931.4966445480603,3732.98144484397,10.78235457699377,3.7675436680259167
2023-01-01 00:02:00,1203.4334763948498,10.42029185673062,124.67651530323523,3.62498145174168,1025.4867852843927,3892.9211934621694,10.675206013881336,3.859138155370832
2023-01-01 00:03:00,1205.1502145922748,13.818938536557049,121.69850965775215,3.6524030497513076,945.2770225188982,3891.2704918459003,10.707452446714985,3.9389528781734793
2023-01-01 00:04:00,1206.8669527896996,10.375289837727456,116.95312322047197,3.6802795747772485,972.2904255515522,3758.62542824342,10.843270326656269,4.006987836433859
2023-01-01 00:05:00,1208.5836909871246,14.255435226889883,116.71934877360562,3.708611026819503,925.3725375957151,3860.348936636156,10.644049256066479,4.06324303015197
2023-01-01 00:06:00,1210.3004291845493,14.704863128797916,134.3099016063985,3.73739740587807,964.5057194627054,3827.0007604416855,10.778297349653805,4.107718459327813
2023-01-01 00:07:00,1212.0171673819743,9.835907452249286,123.11618874271115,3.7666387119529503,958.9217527252791,3820.622261714666,10.765023674614232,4.140414123961389
2023-01-01 00:08:00,1213.733905579399,14.268230787856819,116.38919886617927,3.796334945044144,919.7131464324308,4018.9203882589154,10.657751115131514,4.161330024052697
2023-01-01 00:09:00,1215.450643776824,10.835095067179509,131.0420458894125,3.8264861051516506,990.4674324196027,3597.861288742062,10.757338563629068,4.170466159601737
2023-01-01 00:10:00,1217.1673819742489,13.988941853102387,112.59653656298927,3.857092192275413,996.3875159019857,3888.26622974082,10.880404741767714,4.167822530608445
2023-01-01 00:11:00,1218.8841201716739,9.872603861234678,120.28513192246245,3.9636222744164398,1007.1231196978964,3767.1403538683094,10.657061384248808,4.2222365036513425
2023-01-01 00:12:00,1220.6008583690987,11.676650424952397,112.3876485680708,3.955962569519751,964.4093623611233,3927.7624827296645,10.638029553796706,4.1139862072297175
2023-01-01 00:13:00,1222.3175965665237,12.137440368734532,108.92631587887624,3.9958013274889024,965.2230070115238,3905.464784260978,10.529642658145505,3.9409974150261395
2023-01-01 00:14:00,1224.0343347639484,13.369699287424462,128.79736663233484,4.033916232352167,1023.4160066071599,3881.003036897813,10.593831057670158,3.900193488171131
2023-01-01 00:15:00,1225.7510729613734,12.709746032467754,118.06551634536366,4.02761928959111,923.2887381109683,3768.1762144130553,10.739574280540994,3.854536845397685
2023-01-01 00:16:00,1227.4678111587982,11.208751820413996,123.2580094168609,4.006588916199147,992.1547297209587,3895.413261662249,10.738067737825602,3.619712012681658
2023-01-01 00:17:00,1229.1845493562232,15.23035840198297,105.49105504190527,3.9772587681440217,938.5871480736544,3915.2351188262514,10.705583105641127,3.7444860475238784
2023-01-01 00:18:00,1230.901287553648,15.426890088769076,109.29582707120598,3.9419370047005113,923.6475395874671,3778.6650870845415,10.868029760242194,3.68564626721167
2023-01-01 00:19:00,1232.618025751073,12.757475284835959,111.00595045822448,3.9958478453951622,1000.929275620506,3904.3176797511237,10.659116708378708,3.7363119309437716
2023-01-01 00:20:00,1234.3347639484978,12.137202638708319,123.07972567583296,3.9802323452008954,920.7371047727746,3867.809829679169,10.569980099871149,3.5975424675848173
2023-01-01 00:21:00,1236.0515021459228,11.901092343560903,97.15314163686178,4.057154312920356,938.7548971304532,3825.7194992783106,10.739193583065411,3.5885152082486402
2023-01-01 00:22:00,1237.7682403433475,11.084349173494944,93.51761168882788,4.10581663725488,962.4331847194067,3948.541061899811,10.831935297664884,3.7458182666453133
2023-01-01 00:23:00,1239.4849785407725,13.999103874280436,94.92780327126671,4.099063563598912,980.6714612659111,3890.586114039708,10.71395573639992,3.8250927233066685
2023-01-01 00:24:00,1241.2017167381973,12.609871509049452,124.9959186373864,4.013269710989438,945.9873497881289,3823.788595107623,10.626532175172969,3.9264196634561683
2023-01-01 00:25:00,1242.9184549356223,9.512547932034348,128.46592161966194,4.05548166848323,881.3696444364895,3773.2129774617106,10.547895911519166,4.164815490109914
2023-01-01 00:26:00,1244.6351931330473,12.47883041274829,132.08894464034717,3.9722042432952103,958.2600173232545,3948.2368055655606,10.864976921663388,4.091988309939787
2023-01-01 00:27:00,1246.351931330472,14.312405310577406,128.19831106609996,3.9259786713295064,994.0737022482043,3833.9839625370796,10.666878995239541,4.141998818273389
2023-01-01 00:28:00,1248.068669527897,14.17435567667198,111.33531298058602,3.8483901002477614,927.853838923701,3970.41207641814,10.93439793668749,4.0556798892174655
2023-01-01 00:29:00,1249.7854077253219,11.20461945343251,132.3727598019747,3.730748463023878,877.4573762211311,3794.3991966337626,10.70358422735377,3.968911703129791
2023-01-01 00:30:00,1251.5021459227469,14.265140040629744,109.8113900030084,3.7591703296752126,938.9743060765645,3916.5013712341156,10.908437702468602,4.015868736243434
2023-01-01 00:31:00,1253.2188841201717,13.429686061140051,122.14068243761669,3.744664808349574,970.4221249736174,3845.014133703657,10.637746837877112,3.981235238367553
2023-01-01 00:32:00,1254.9356223175967,8.534208491389832,111.2684172053609,3.68695029568657,979.6108891985,3848.73036182426,10.78625183180481,3.990845014674097
2023-01-01 00:33:00,1256.6523605150214,10.597617784585111,111.77796048664051,3.624181785203674,968.3938908491084,4017.6335025601,10.820268673449712,3.818288179365458
2023-01-01 00:34:00,1258.3690987124464,13.444948540613543,103.28469362724843,3.581854847176873,953.765159015789,3886.7825588621113,10.754845790655894,3.731245727075506
2023-01-01 00:35:00,1260.0858369098712,10.413653168072791,108.4857543345146,3.5307088509312723,916.7454681641556,3796.674087815851,10.632897330581438,3.6584711407349157
2023-01-01 00:36:00,1261.8025751072962,11.930014784462987,116.1964655014904,3.524385431502953,931.8152241664543,4012.8293495220028,10.745176073975847,3.4860550649535558
2023-01-01 00:37:00,1263.519313304721,9.669475589379935,110.8475417758663,3.4783402075687957,970.3612476773816,3619.8277234822954,10.760930190080485,3.4316830166937025
2023-01-01 00:38:00,1265.236051502146,12.681716302170292,108.29742434226698,3.5293737538331476,885.4560592563664,3838.1405622340417,10.788394775559754,3.4227770280819056
2023-01-01 00:39:00,1266.9527896995708,16.270110462450134,122.89202953567883,3.58575639805717,894.6126492124301,3950.04714313517,10.938726807563928,3.3635275587305316
2023-01-01 00:40:00,1268.6695278969958,8.611607074258902,138.31804225865352,3.7000854638065026,934.1232412850762,3673.6460761930794,10.759361802733798,3.4058173881948464
2023-01-01 00:41:00,1270.3862660944205,12.071917945874269,128.56962342738646,3.760352570830664,905.7058839326324,3815.356885779456,10.836259231151407,3.4147746887800188
2023-01-01 00:42:00,1272.1030042918455,10.660809930174047,95.30303996631218,3.8648229234960882,972.7346428182487,3859.0877556806818,10.737388948706123,3.6660797264149316
2023-01-01 00:43:00,1273.8197424892703,9.434729374405414,109.81170567020432,3.9026090115098824,959.7568241344932,3921.234231302078,10.701829798014943,3.644773193266695
2023-01-01 00:44:00,1275.5364806866953,12.934875945127999,108.47885294451092,3.923784164821629,933.4184743364048,3849.241764077863,10.8099745931035,3.698040654931636
2023-01-01 00:45:00,1277.25321888412,15.258455106946679,120.08885099231337,4.002882526728939,981.5087371999209,3975.798185514813,10.635886839400953,3.7098803593302554
2023-01-01 00:46:00,1278.969957081545,11.505179719375205,124.41697274136806,3.991827808474059,904.7682684232573,3942.6238971561556,10.65184650260438,3.654154344237928
2023-01-01 00:47:00,1280.6866952789699,14.755237500691777,106.85590783636336,3.9222267102847552,899.4237626299204,3818.116834802433,10.957544861628973,3.549893061639953
2023-01-01 00:48:00,1282.4034334763949,11.056785986450093,122.77646361080383,3.9113870729881626,965.1658249159847,3991.622570961449,10.732640364763505,3.5458636733575006
2023-01-01 00:49:00,1284.1201716738196,13.407057531692894,106.20612870476522,3.870910399859268,960.4598891451293,3990.508313278637,10.740331910803029,3.5021608536786353
2023-01-01 00:50:00,1285.8369098712446,9.042390849702764,103.514038210022,3.987799798615938,921.188813901042,3916.9027548814292,10.754271243221762,3.714781367082055
2023-01-01 00:51:00,1287.5536480686696,14.372611551090523,109.89036262590226,3.9384900505805103,972.4940115256124,3760.206246439711,10.738497263844783,3.7299235360773864
2023-01-01 00:52:00,1289.2703862660944,14.045992209650375,118.6616928914624,3.895752499933924,902.2556892406021,3956.580141828352,10.805133955516506,3.879210263669664
2023-01-01 00:53:00,1290.9871244635194,14.112822190057436,94.36801651462156,3.7793321232427197,934.5973022969525,3647.9776284937543,10.662182804252938,3.6813066394383123
2023-01-01 00:54:00,1292.7038626609442,9.21020736661466,117.41235913377871,3.711958183167957,920.9088451397909,3963.2820887643766,10.829746700098443,3.6748514148873195
2023-01-01 00:55:00,1294.4206008583692,10.751809745792315,110.48888573056918,3.686995219431507,913.361550900253,3845.5630051504168,10.77821137942078,3.696202373903282
2023-01-01 00:56:00,1296.137339055794,12.037596654371823,110.79845402412657,3.654887811540477,999.1374861225394,3872.7427080062685,10.734270461359182,3.6274791755632125
2023-01-01 00:57:00,1297.854077253219,13.878804232253284,134.50438917951,3.607563879147534,949.0412031662809,4078.298684842918,10.549274528476229,3.6276409510212018
2023-01-01 00:58:00,1299.5708154506437,10.112059893992368,120.2782777660511,3.6125997428625976,960.7413607850419,3878.860566900065,10.600576177823413,3.6228352573691067
2023-01-01 00:59:00,1301.2875536480688,12.607589373070496,129.57805529540948,3.645382207514527,953.6846655162742,4007.746117898326,10.864438810916095,3.80432187346036
2023-01-01 01:00:00,1303.0042918454935,6.336973092100979,116.55347859529226,3.6831658749762552,960.2867976093977,4006.0685018569707,10.589429273153792,3.892637621467107
2023-01-01 01:01:00,1304.7210300429185,11.623719062313565,115.61705974119201,3.701503776209966,936.3754194954221,3923.987813270681,10.762529153002937,3.9224038947747495
2023-01-01 01:02:00,1306.4377682403433,8.949056230990095,114.3928998367203,3.7352480989704606,962.4782572055875,3871.535181885289,10.688128594848806,3.936500018353801
2023-01-01 01:03:00,1308.1545064377683,14.566145599439462,123.83478167164128,3.7607080272761264,912.8441290989232,3872.201875851957,10.562330445475142,3.943841315423023
2023-01-01 01:04:00,1309.871244635193,11.555719625920126,118.75426773416078,3.807102442738544,936.5889593325924,4024.072024361077,10.653650835050463,3.8806503642549863
2023-01-01 01:05:00,1311.587982832618,10.334369591365222,120.72312193086059,3.897313870068679,978.4326081535751,3828.7893415864073,10.796365652637794,3.8681468663065823
2023-01-01 01:06:00,1313.3047210300429,13.53133148208971,123.09506224629835,3.945574723258549,960.6564451942365,3957.20622413001,10.669801938830132,3.863264003607814
2023-01-01 01:07:00,1315.0214592274679,12.686588953104868,125.47539909273902,3.94714613869326,919.3602160057094,3794.5263793276267,10.831152555467156,3.7703220059264715
2023-01-01 01:08:00,1316.7381974248926,14.11318404813926,116.54637481945569,4.056927129256707,962.416144067809,4028.7417911126254,10.760460700049945,3.9208258121940336
2023-01-01 01:09:00,1318.4549356223176,12.953049045251355,96.95463018937825,4.079238499044221,975.513191713515,3860.54808738087,10.786376527538177,3.8044305998729935
2023-01-01 01:10:00,1320.1716738197424,13.99665668109568,103.92458603542211,4.105214849447236,976.5448073282474,3918.956184995198,10.657434192537618,3.90982017538387
2023-01-01 01:11:00,1321.8884120171674,8.570643352914102,95.48158803151213,4.096592168662315,935.058352960385,3950.3223330839983,10.720379487365097,3.8694624119619534
2023-01-01 01:12:00,1323.6051502145922,14.230476392572365,113.29966561539334,4.100844190621111,916.1340528658625,3967.4222797516977,10.833904942511381,3.9057067636430314
2023-01-01 01:13:00,1325.3218884120172,12.069355350592371,115.23617782466174,4.0742239201034645,872.7189952015797,3762.3469480565673,10.693383000744804,3.7798617001138513
2023-01-01 01:14:00,1327.038626609442,16.085910952592656,112.27038892242457,4.070929209535135,946.8520157900666,3801.1458622501136,10.752785299697573,3.922103159109934
2023-01-01 01:15:00,1328.755364806867,10.884385894650396,118.23132785987885,4.081734102920111,994.8618029075022,3846.334066163119,10.670195939582538,3.8563989109362753
2023-01-01 01:16:00,1330.472103004292,12.810740736133777,100.99214413811215,4.062544257652809,945.6444365642576,3800.2377055858624,10.866688869444578,3.76641347087445
2023-01-01 01:17:00,1332.1888412017167,13.230062977674898,124.78535784806292,4.032863686648377,909.436372259972,3946.975235650119,10.781293292100948,3.8263023776117646
2023-01-01 01:18:00,1333.9055793991415,10.55270247755272,115.30334289211386,4.025289245819563,871.1913047738913,3895.0016129249175,10.958341903534441,4.0127896032030055
2023-01-01 01:19:00,1335.6223175965665,13.479977001891776,116.23627042594906,4.019534307059584,926.7562101912566,3831.0550710048005,10.828153992895004,4.3335006006445465
2023-01-01 01:20:00,1337.3390557939915,13.870615989799417,123.45613240485567,3.918841599749139,971.6416783911984,3804.031590666199,10.749466482895105,4.231297083941387
2023-01-01 01:21:00,1339.0557939914163,14.207084134511701,108.6159689104068,3.9188655226184994,944.3395785954801,3938.9955102409726,10.888856192160649,4.382489629348022
2023-01-01 01:22:00,1340.7725321888413,12.35693699331511,132.42231427425648,3.878521238607682,941.1945419491776,3800.5619676363067,10.828053821636333,4.424045119581469
2023-01-01 01:23:00,1342.489270386266,13.889690934338974,101.59105033528986,3.893195175830544,969.7706977053168,3814.895831469707,10.901436496916416,4.598927315413014
2023-01-01 01:24:00,1344.206008583691,12.363770850357186,112.85422574558571,3.8924527104362783,1018.0813922418623,4019.3305297958677,10.55705935471916,4.516414298931554
2023-01-01 01:25:00,1345.9227467811158,13.603995824745986,112.73863385125757,3.90464496197471,937.8922412715315,3841.8120675662453,10.5778683399701,4.556715982110899
2023-01-01 01:26:00,1347.6394849785408,14.8576864188224,123.10987494340475,3.8143827881562133,953.4326500174259,4113.688476328699,10.672671780222956,4.453755203934623
2023-01-01 01:27:00,1349.3562231759656,14.83951355009273,119.7690822709932,3.856452462714294,1006.5341407153268,3985.1607137658466,10.874708644070704,4.35203736678623
2023-01-01 01:28:00,1351.0729613733906,9.940068062561025,105.68327168085965,3.877576007462304,1022.9070574047361,3947.83812449057,10.674630026181262,4.086471510264292
2023-01-01 01:29:00,1352.7896995708154,11.825024603863199,122.66349450936737,3.8847194876915223,948.4104659437304,3851.5969983012337,10.806991018954834,3.926727982823488
2023-01-01 01:30:00,1354.5064377682404,15.901399193437234,120.60642337772529,3.911529244825429,955.3374232981822,3785.0499216881312,10.550836145747015,4.012897029598654
2023-01-01 01:31:00,1356.2231759656652,11.129083439433344,108.45943112905928,3.9276147197119435,948.5819768919391,3936.345995873419,10.802783545809916,4.140268465518685
2023-01-01 01:32:00,1357.9399141630902,11.704553673990826,111.34326837732293,3.9866162187477423,907.6928490772441,4012.517921833513,10.841567127379738,4.256323456224209
2023-01-01 01:33:00,1359.656652360515,11.574026082660303,108.32546755540623,4.083227570054884,940.6303847330578,3785.6882298037062,10.650064697764648,4.357624437082903
2023-01-01 01:34:00,1361.37339055794,13.638233883980126,112.08633361810789,4.1447508902079315,939.7994441731896,3987.433492589234,10.570789171488078,4.512880613446894
2023-01-01 01:35:00,1363.0901287553647,10.761536721283823,115.88917677446685,4.10355681727044,943.3432198551333,3948.7394322350824,10.897107295516863,4.422060790590766
2023-01-01 01:36:00,1364.8068669527897,15.074555635942554,111.48341804079557,4.145009130793542,950.1252102834709,3905.694340143894,10.772658361641318,4.466762561917641
2023-01-01 01:37:00,1366.5236051502145,11.69366814795746,106.12768900839086,4.13296378915669,950.795754115385,3834.755456970821,10.808212513151805,4.613339983073172
2023-01-01 01:38:00,1368.2403433476395,17.13766679147164,138.6569616023757,4.181208468536207,975.1578494251595,3799.326550612376,10.729514588245886,4.725880950371097
2023-01-01 01:39:00,1369.9570815450643,15.191060421313843,125.4774468912167,4.1402724550422345,938.0546182029294,3832.3603215907083,10.770404929812527,4.62001423374154
2023-01-01 01:40:00,1371.6738197424893,15.046359442307066,102.97870334639876,4.128721515707589,926.947784880957,3945.3005314440893,10.658240125231389,4.471985407281995
2023-01-01 01:41:00,1373.3905579399143,17.24592797726834,107.52594344067295,4.17529942785805,964.8608224184646,3865.563294648516,10.775792922293054,4.55303265539998
2023-01-01 01:42:00,1375.107296137339,12.791976666944498,111.84773229594748,4.126014367443974,996.4280282335884,4093.6369622794737,10.737327890754472,4.478370255457597
2023-01-01 01:43:00,1376.8240343347638,13.525215675370132,104.70072182917883,4.010978297780415,891.3169822011549,3973.8833874636466,10.835931510305858,4.249653439433598
2023-01-01 01:44:00,1378.5407725321888,9.056775689044727,103.78799078571733,3.93778537583693,985.9896722650182,3991.8350283802865,10.767990959628905,3.8616297517802085
2023-01-01 01:45:00,1380.2575107296138,12.763264592502654,119.45294781354352,3.860598631858209,952.6168652801744,3726.6086490977013,10.701206931188455,3.7132601518701787
2023-01-01 01:46:00,1381.9742489270386,9.629023013063472,102.76206141040485,3.8113834025664826,923.2210719522648,3934.512517776713,10.8986399712371,3.666379310868004
2023-01-01 01:47:00,1383.6909871244636,9.066110799739741,124.42932403941123,3.847387636853923,962.2689752258866,3924.063517881617,10.637198690612944,3.635950754045539
2023-01-01 01:48:00,1385.4077253218884,9.078131663429234,120.43914505620921,3.7606372393052423,978.8101702289365,3801.978470633513,10.611599686276897,3.540525158861389
2023-01-01 01:49:00,1387.1244635193134,14.528583358160763,109.11717217478663,3.731813160895327,965.3583984390618,3911.00719208588,10.563584253452818,3.6723646219513664
2023-01-01 01:50:00,1388.8412017167382,12.102474204733777,105.32776887352134,3.7371532636583957,910.0280660777759,3769.6570095698353,10.682873887197193,3.872491625750713
2023-01-01 01:51:00,1390.5579399141632,10.256679147961306,134.82629472326474,3.7215630546591827,959.8837150001175,3802.306307802867,10.729068378326367,4.031976786808737
2023-01-01 01:52:00,1392.274678111588,11.996784946789584,107.36227273081086,3.7704835780245816,920.4150027219774,3716.1029981020706,10.689082447727946,4.037919380115602
2023-01-01 01:53:00,1393.991416309013,14.588250831221819,117.34592737320727,3.83623789868995,966.4468646437394,3953.234309517304,10.699928819735506,4.273014113247324
2023-01-01 01:54:00,1395.7081545064377,15.985220789018033,116.88589478237597,3.9095963905272137,982.0652710908473,3940.356617492131,10.633753868353029,4.471966599486208
2023-01-01 01:55:00,1397.4248927038627,13.739162829901186,123.06738726343386,3.8205589161621116,1013.2999235706403,3922.7328929044575,10.714076481706321,4.2928491910358515
2023-01-01 01:56:00,1399.1416309012875,12.129567694300931,110.94919733563259,3.931678209588604,949.9717641392226,3729.7977983274845,10.75065062678859,4.439061103807675
2023-01-01 01:57:00,1400.8583690987125,11.826267266752174,112.27810913313175,3.958506791952655,978.8526227872245,3665.048084643711,10.726709240300737,4.439390877328812
2023-01-01 01:58:00,1402.5751072961373,14.300483183409156,101.09940255440391,3.9571431765031417,932.3873734953204,3714.3415040630734,10.723887275114782,4.246048593799919
2023-01-01 01:59:00,1404.2918454935623,13.084031159848493,111.04808821947708,3.9887051676067236,944.3697352651419,3837.581797684114,10.775262016284136,4.19111435449189
2023-01-01 02:00:00,1406.008583690987,13.083169223301244,100.97293807557183,4.0207306128462905,963.1022323476321,3931.9432268016285,10.769979083460486,4.175504179790693
2023-01-01 02:01:00,1407.725321888412,12.572797740234922,119.63978844055285,4.010513803085402,919.7501420362316,3816.33817527993,10.822880836476719,4.080052218920247
2023-01-01 02:02:00,1409.4420600858368,15.496210580391672,132.19803473401612,3.9451483674102654,983.1530056642571,3913.568098320703,10.782556970219416,4.032684133962151
2023-01-01 02:03:00,1411.1587982832618,12.869316685792018,118.4128374425257,3.908838536239907,923.3303764067587,4035.918098878982,10.654672775578947,3.92250893565679
2023-01-01 02:04:00,1412.8755364806866,10.624412550972934,91.14189633727702,3.966064229174707,1008.6328498684826,3884.5822296269043,10.80199407328268,3.899116183009856
2023-01-01 02:05:00,1414.5922746781116,15.471440413575275,114.70132715851274,4.0376775156173395,935.254397890226,3893.783159544824,10.90692925028341,4.0885485233950005
2023-01-01 02:06:00,1416.3090128755366,11.143586566799316,112.95960609397282,4.061006558480251,976.3755233516132,3831.9485574831774,10.627047032863276,4.227657157840026
2023-01-01 02:07:00,1418.0257510729614,12.818368327409436,107.29581701968137,4.007962328783311,939.3609220371765,4008.2618838820595,10.495984017049548,4.169643553855773
2023-01-01 02:08:00,1419.7424892703862,16.498053587900653,119.13797563416267,3.9545792154111714,947.994405456464,4147.395081458976,10.874685193469233,4.143118604867863
2023-01-01 02:09:00,1421.4592274678112,13.070717065073834,104.54426278801257,3.9268969008997825,913.0141452072203,4026.1155672259233,10.789569113473704,3.961705852413562
2023-01-01 02:10:00,1423.1759656652362,14.370098820987844,111.69002477572243,3.943936501079464,916.4194649034354,3953.06717729191,10.913362036956242,3.9763510290115223
2023-01-01 02:11:00,1424.892703862661,14.389517300123995,119.76097171338434,3.915987713212904,1000.8833970827247,3795.360991645945,10.854753027516537,3.978087560050808
2023-01-01 02:12:00,1426.609442060086,13.76868902926041,112.27429642938236,3.935479738045564,981.8491477022862,3946.2848377099253,10.764728589148922,3.9884856660022416
2023-01-01 02:13:00,1428.3261802575107,13.471219555563074,106.22660078857815,4.040091353740315,957.8900973846152,3990.524709470093,10.85695255220045,4.271739566470062
2023-01-01 02:14:00,1430.0429184549357,15.405670294366026,99.97199317351334,4.049190091905365,935.4913013813557,3771.4091368894624,10.780597854607482,4.253283166846488
2023-01-01 02:15:00,1431.7596566523605,9.866947481470058,113.56781132556277,3.990001827468756,945.5394116549193,3885.8179480691238,10.682350965151146,4.120659353062427
2023-01-01 02:16:00,1433.4763948497855,11.97744501589047,109.06357112157282,4.006223287550498,945.3813520209906,3821.918270690463,10.865065641918735,4.130933947080111
2023-01-01 02:17:00,1435.1931330472103,14.978167535808765,122.42293756570487,3.9728158218331084,966.4760812509744,4032.1617034635497,10.700841958720433,4.031873458246774
2023-01-01 02:18:00,1436.9098712446353,14.007303151743834,110.30816901071891,3.9331359742684593,926.371053202693,4125.606659931141,10.810967243455377,4.116339227059924
2023-01-01 02:19:00,1438.62660944206,13.683944564523024,126.05121745269314,3.9186174119210144,939.5403524872295,3951.448396274819,10.819306747712316,4.264201727129244
2023-01-01 02:20:00,1440.343347639485,14.347763538214611,113.74142145604999,3.8908160977056943,1015.7759149824651,3845.264353257979,10.698787349713315,4.255471653413795
2023-01-01 02:21:00,1442.0600858369098,14.146743904936628,108.86770088841088,3.8788431682907945,964.0250828739853,3798.3516403693243,10.718134801501497,4.260241088945811
2023-01-01 02:22:00,1443.7768240343348,14.690247171952606,112.07397877234904,3.885816085283452,950.1410989267858,3927.283860587794,10.649183971877738,4.352540162811318
2023-01-01 02:23:00,1445.4935622317596,11.111971621326502,126.66985028048272,3.8898218231251924,939.6109791844835,3802.1565820897495,10.952139902416766,4.390026772864765
2023-01-01 02:24:00,1447.2103004291846,11.45604536838906,114.1612562656025,3.9633743148736276,947.8543148140556,4075.1676071126617,10.594088972039486,4.396720615941068
2023-01-01 02:25:00,1448.9270386266094,12.44853047062459,124.78974003846784,4.018681277295705,1010.6165123872074,3998.503232590848,10.884833545657143,4.3010955499144385
2023-01-01 02:26:00,1450.6437768240344,14.524437750674938,117.44436668840903,3.9737411992263514,958.2712485474572,4016.3714852887747,10.717747862297593,4.154554706241169
2023-01-01 02:27:00,1452.3605150214592,12.882536650396125,127.87719506493275,3.953434604578973,952.3576028558144,4136.101178080078,10.626926171999788,4.03952806589033
2023-01-01 02:28:00,1454.0772532188842,11.383862162066412,108.96832538067574,3.983591679665849,944.4959829112876,3895.231321880203,10.764226261540479,4.003584686580074
2023-01-01 02:29:00,1455.793991416309,15.90651368276293,103.38908953596903,3.986648480968445,1016.7228042577592,3975.15863714051,10.665410386482508,3.851496564842168
2023-01-01 02:30:00,1457.510729613734,13.570794967469313,107.26790115211328,3.9964684147128917,961.2280892310331,3779.3161697264127,10.787598020745957,3.823395709808173
2023-01-01 02:31:00,1459.227467811159,13.989218491766634,109.25379942340244,4.014477697254698,956.6967092976939,3925.91761887654,10.725023880325738,4.025921025507261
2023-01-01 02:32:00,1460.9442060085837,13.328427499069651,108.33876116597462,4.054365145492236,911.7525893634011,3965.9659972849677,10.842698647893684,4.044914643267216
2023-01-01 02:33:00,1462.6609442060085,13.802878680121689,113.64153113363828,4.117686082580564,972.3059670213505,3854.8554393128384,10.72248729533576,4.250534434415987
2023-01-01 02:34:00,1464.3776824034335,11.071264616947957,117.6568900558761,4.12229051586472,1015.3831302576764,3975.242516008682,10.737502284758781,4.247029870101063
2023-01-01 02:35:00,1466.0944206008585,12.082765708190959,127.00898267084865,4.103950315728751,993.6920050170747,3905.7771711437463,10.885377518347116,4.2672010443512125
2023-01-01 02:36:00,1467.8111587982833,12.843556315981832,117.54368603810717,4.07394563870371,994.0890365649323,3808.0398140595426,10.83906236266638,4.172038568698015
2023-01-01 02:37:00,1469.527896995708,11.603723186018986,111.40576953257494,4.057790760327601,981.7802823701106,4122.190640934074,10.692786347380734,4.367421990939419
2023-01-01 02:38:00,1471.244635193133,10.024356312128592,111.99053179228521,4.047621564984533,947.0431424427912,3993.8509721542187,10.661119253085507,4.550439574909499
2023-01-01 02:39:00,1472.961373390558,13.582950989528657,114.90763776820428,4.014138188720202,953.6440774333155,3875.628052432164,10.772643493082692,4.639011335154913
2023-01-01 02:40:00,1474.6781115879828,16.955531497582296,114.3978461394282,4.050763758332121,977.1114622170652,3791.602947973486,10.73638830517515,4.64402722346421
2023-01-01 02:41:00,1476.3948497854078,15.247752237040574,96.07940281941717,4.011988834864048,962.025578578905,3958.9173352578387,10.924076829596084,4.659373269672579
2023-01-01 02:42:00,1478.1115879828326,15.935832875784504,125.64191495002251,3.960276076825653,938.336165480194,3890.2546021190246,10.968772912531326,4.7092846687140835
2023-01-01 02:43:00,1479.8283261802576,12.60519216659065,97.21762439686272,3.8990958850809125,921.0242447479471,3845.512416731687,10.611653631757758,4.561147897449931
2023-01-01 02:44:00,1481.5450643776824,13.39975633067579,120.50177487998083,3.8890135482198342,955.108474950303,3878.0245062946474,10.686776892018191,4.263007961843284
2023-01-01 02:45:00,1483.2618025751074,11.308419499551432,108.4825062848939,3.8581906636305527,970.0739027846404,3952.5414967192114,10.622826405720339,4.048954797449325
2023-01-01 02:46:00,1484.9785407725321,15.374291165307838,115.57990237911707,3.8685483123943847,959.8148237254701,3993.811407107303,10.826515272192132,3.8798181442045037
2023-01-01 02:47:00,1486.6952789699571,14.107289064336417,110.26679083584564,3.835443979517974,909.4199186782679,3975.0800388213625,10.821914134770259,3.6696466077538252
2023-01-01 02:48:00,1488.412017167382,12.652241518390813,120.4508582035788,3.8613900064357995,971.4969716325395,3968.5178591360086,10.879996729819092,3.661642264416006
2023-01-01 02:49:00,1490.128755364807,10.915749373026472,102.85427849501745,3.8150719432282942,951.3482440576693,4154.7725580823035,10.924673715689213,3.5613938274356367
2023-01-01 02:50:00,1491.8454935622317,8.61888430574202,126.51654046950414,3.788583433558272,916.8188551176207,3667.814540001707,10.798671470668982,3.502783017740891
2023-01-01 02:51:00,1493.5622317596567,11.011173537153683,107.00808745919319,3.7970733341582146,975.8883107907797,3896.388852790923,10.697511974480326,3.7167674214378104
2023-01-01 02:52:00,1495.2789699570815,13.179696760146532,100.64127583447357,3.8240446396466004,988.1541782596639,3963.6567176419367,10.65816853618176,3.6984974233443517
2023-01-01 02:53:00,1496.9957081545065,12.441816494476429,117.55142688701534,3.8718788656698364,951.1658839637435,3928.612032961299,10.87102793950117,3.8127361722429143
2023-01-01 02:54:00,1498.7124463519312,14.134301424390094,112.71477795277974,3.9483417030408905,965.5411003951958,3991.004799709572,10.742576621635585,3.7183911679833903
2023-01-01 02:55:00,1500.4291845493563,14.16911167094248,110.95195188610366,3.9664855427638583,932.9223828786098,3997.6879271980047,10.570983287572224,3.767134981809636
2023-01-01 02:56:00,1502.1459227467813,12.263138571042825,108.439832532051,3.954533768581436,957.2607004961299,4014.9375032620887,10.930456273331426,3.686891031739875
2023-01-01 02:57:00,1503.862660944206,15.446436981813166,117.32405322670351,3.9615749393083504,986.0907999070589,3942.556005454616,10.795295970576804,3.7727621998473246
2023-01-01 02:58:00,1505.5793991416308,11.038247931449266,111.7727604318897,3.97512112150712,931.3347992509517,3750.5617854448133,10.837720700245688,3.802871422874575
2023-01-01 02:59:00,1507.2961373390558,12.152290993441657,121.27313157721134,4.006385016652926,957.9300566410654,4030.6335425355223,10.685132844477941,3.9019818114887492
2023-01-01 03:00:00,1509.0128755364808,13.528378746771692,120.1995838139406,4.082019824160036,1003.2461252328392,4036.0580483741774,10.86262061797505,3.9901077393986744
2023-01-01 03:01:00,1510.7296137339056,12.182977942920271,94.24995672760888,4.021911849580882,1001.2911418789236,3801.8861662558006,10.612455307495367,3.878971900224753
2023-01-01 03:02:00,1512.4463519313304,14.039819928339774,102.52788017185347,3.992452773178014,949.6830676036474,4062.22236225778,10.792839145919668,3.812036697756299
2023-01-01 03:03:00,1514.1630901287554,14.118673933043857,115.28636396657843,4.002629186421073,964.5334387125416,3800.4797647551472,10.894249429747495,3.7078874359029763
2023-01-01 03:04:00,1515.8798283261804,11.1048824485949,101.68095229045196,3.9628268863717806,1001.477204282553,3734.333029247079,10.943132516671621,3.5972148364855485
2023-01-01 03:05:00,1517.5965665236051,10.932360015062661,123.72823217757781,3.9484281270011885,929.0447603821245,3910.273244975059,10.87860822231408,3.582443269743326
2023-01-01 03:06:00,1519.3133047210301,13.157329623932457,113.20930103426865,4.012803343751035,885.9191212071315,3914.2191000356565,10.80172070608898,3.5849314476689953
2023-01-01 03:07:00,1521.030042918455,15.465027379266092,114.1806499009831,3.986719471364562,939.5181793123314,3991.156930490236,10.782844930777419,3.678026044088255
2023-01-01 03:08:00,1522.74678111588,13.407224522886077,114.17667821843324,4.0449488887759415,921.1339581041807,3956.18888748108,10.893708678155333,3.9169389163677644
2023-01-01 03:09:00,1524.4635193133047,15.375113127775379,105.70996583456449,3.976584146753565,959.4283629093785,3847.1165886100744,10.905560182614662,3.871443530682506
2023-01-01 03:10:00,1526.1802575107297,9.26786532407139,112.04349241208031,3.9419695062842566,968.3819187625999,3896.3040758948846,10.82904865263003,3.805438296247911
2023-01-01 03:11:00,1527.8969957081545,14.912221905761925,136.58041224174633,3.9028207410067126,950.7848563991199,3912.5366986306485,10.785077438870536,3.88988300615758
2023-01-01 03:12:00,1529.6137339055795,12.974504549489614,112.95075028078632,3.8963333867588505,946.116463058541,3755.8835022116455,10.851937649331687,3.7651957758027947
2023-01-01 03:13:00,1531.3304721030042,12.257420747307908,124.85463482221184,3.861904244833518,965.7626561391232,3988.5412672741813,10.762817676178354,3.703725121204778
2023-01-01 03:14:00,1533.0472103004292,13.766707553709804,135.21708757686946,3.830110982802568,931.5108168967147,3997.950007440038,10.748173447965144,3.6652056164792026
2023-01-01 03:15:00,1534.763948497854,15.539070225509894,119.09517788801946,3.762780662695737,959.222436681289,4006.57829534695,10.684201987774726,3.606244830910777
2023-01-01 03:16:00,1536.480686695279,10.043218223590406,109.70747198872868,3.7957729426174267,982.575758613409,4074.8269802232458,10.921075645646711,3.626081702092024
2023-01-01 03:17:00,1538.1974248927038,9.652395919063013,102.50499183206159,3.8434649884224594,935.1676283720564,4039.4166587397585,10.829960550333483,3.7235614487723225
2023-01-01 03:18:00,1539.9141630901288,8.283804919859042,110.76432869839184,3.8491616875141568,943.995394771483,3795.40735433702,10.814520225533073,3.747862010434541
2023-01-01 03:19:00,1541.6309012875536,11.202634262242432,104.11519638276275,3.9632598687273326,991.9306429822276,3823.7862677296075,10.805146049392109,3.8600756774270253
2023-01-01 03:20:00,1543.3476394849786,13.034893924144553,127.12813221695924,3.942606357043809,950.0471961218668,3703.7389475650502,10.884852286401179,3.786665239741171
2023-01-01 03:21:00,1545.0643776824036,11.923488335493868,101.26389919052691,3.906014091205235,918.6063315418062,3970.2247882657634,11.017322122287547,3.6158616458492276
2023-01-01 03:22:00,1546.7811158798283,14.903422871947187,115.60094016143404,3.9133766669681087,1012.0869719666134,3975.489754944526,10.733156169001001,3.747485367605159
2023-01-01 03:23:00,1548.4978540772531,13.849383117046676,108.90988804023895,3.968399961275942,918.9553236575497,3862.036089136225,10.673578757041906,4.015959076667373
2023-01-01 03:24:00,1550.2145922746781,15.591112088053887,111.66778666766756,3.9080067004923285,957.1515202350572,4104.01074487867,10.791331491584822,4.045906217323548
2023-01-01 03:25:00,1551.9313304721031,15.288810725500788,113.13003713793152,3.984381951691495,893.5034584105681,3928.011803403743,10.730921631539882,4.242554714945028
2023-01-01 03:26:00,1553.648068669528,9.012597484049017,119.26277417699694,4.060371892290008,926.8208021765648,3997.962579032403,10.867916024401506,4.42375499630967
2023-01-01 03:27:00,1555.3648068669527,13.441446707945781,99.6842212419778,4.0790853061045675,991.7535841542007,3876.0820425375573,10.77701141286875,4.631693562951106
2023-01-01 03:28:00,1557.0815450643777,10.901745972438215,115.36863712579515,4.0872654225661655,1042.7878114075336,3804.258700793319,10.931283586955924,4.70460754443169
2023-01-01 03:29:00,1558.7982832618027,11.61543633736677,110.42851320328326,4.069425522988228,1018.3474508626973,3831.5080687301906,10.58344576975614,4.696555950962292
2023-01-01 03:30:00,1560.5150214592275,16.522258390097576,123.13266801992036,4.093772091738918,918.6650878918424,3732.928307591619,10.696633345827594,4.6244367152985495
2023-01-01 03:31:00,1562.2317596566522,14.81167384223467,130.19849332990185,4.122839118121992,978.1962858533417,3911.1790404549565,10.946718568348631,4.586267497693109
2023-01-01 03:32:00,1563.9484978540772,13.34705390361555,105.14237555305766,4.045844402420406,997.5312641531067,4087.4032452167007,10.821909469686618,4.428438252001477
2023-01-01 03:33:00,1565.6652360515022,12.470320023479474,111.02564992084174,3.9974643991755276,926.8781560257061,3903.502931217678,10.927514577741384,4.405971961757615
2023-01-01 03:34:00,1567.381974248927,17.775078358720144,113.5530573936926,3.9828654006617863,965.9997666432995,3789.763534747372,10.699176378211497,4.338453927676197
2023-01-01 03:35:00,1569.098712446352,11.784239265704485,104.08865836723352,4.0846696461119345,973.4215460475104,3928.5024856403675,10.894087217168881,4.415724166381112
2023-01-01 03:36:00,1570.8154506437768,15.391890974317276,103.57904117109359,4.138238683820763,984.9056826910626,3955.920250560461,10.874506889033716,4.496277428362924
2023-01-01 03:37:00,1572.5321888412018,13.996638043177926,97.33400124436938,4.102861537949526,1028.8585764264883,3878.287476499897,10.725501602812953,4.4790009778444215
2023-01-01 03:38:00,1574.2489270386266,14.618463363015607,105.44896343815586,4.094243621515467,985.7477959369618,4025.2107640238373,10.875866759100019,4.281417548224367
2023-01-01 03:39:00,1575.9656652360516,11.173820971497609,104.11307552804973,4.166551322372417,922.9966833090738,4142.737786218571,10.792900739181501,4.29848039969683
2023-01-01 03:40:00,1577.6824034334763,12.630149885040675,113.46667459377072,4.029778407947957,979.0883862845436,3993.7593880471527,10.733598702282807,4.1146828142309735
2023-01-01 03:41:00,1579.3991416309013,10.214315082176551,136.27380726583138,4.042556679671872,970.4503542681592,4077.977427417918,10.97375138029301,4.053469310530135
2023-01-01 03:42:00,1581.1158798283261,15.26273732271305,112.25520916580467,4.0572026475756235,906.8047552634231,3871.7844973774218,10.862062337303986,4.077055349337508
2023-01-01 03:43:00,1582.8326180257511,15.381837591102707,115.56557390032086,4.080046860315847,902.6691795376701,3968.372792909291,10.751459585556766,4.296605694490915
2023-01-01 03:44:00,1584.549356223176,13.999733885818795,106.84930134455692,4.035665672863533,1004.1566630795514,3983.2013084326018,10.919548641970147,4.293524012581969
2023-01-01 03:45:00,1586.266094420601,10.43557227961371,109.77661488919522,4.113163058648798,939.2793519373607,4002.4091436387343,10.848577140720774,4.3703612824772975
2023-01-01 03:46:00,1587.982832618026,14.82722297661998,104.77922947528741,4.157500824463193,956.087166091658,3889.6568981643686,10.716914713675308,4.480052402357881
2023-01-01 03:47:00,1589.6995708154507,15.547516716210806,100.8871548854452,4.1827019385448105,957.159253436496,4054.9335806910663,10.823271884820135,4.653518841744386
2023-01-01 03:48:00,1591.4163090128754,11.878672177291492,122.50130671636428,4.160807137630846,999.761119215061,4068.731676157106,10.779899992522209,4.624893025273549
2023-01-01 03:49:00,1593.1330472103004,10.767182862784589,111.00734175385172,4.222584313505635,933.3402266930734,3657.9981981160213,10.850535111263264,4.622118717648441
2023-01-01 03:50:00,1594.8497854077254,16.11568445069028,115.70954289579241,4.215740858350526,997.7962835546618,3871.8786328640463,10.840876767702659,4.373792519575886
2023-01-01 03:51:00,1596.5665236051502,14.508095971316374,117.93643777381655,4.244716760126135,967.0233899381097,3731.9889010266365,10.863972213295039,4.357869268078144
2023-01-01 03:52:00,1598.283261802575,15.07266245240991,122.37440280180759,4.185780689103519,926.8686664199789,3853.05653048776,10.728213701708748,4.351671983405943
2023-01-01 03:53:00,1600.0,12.837906551200724,111.29907587968344,4.1789031174829,945.3479986638923,3852.315035179548,10.769139481248098,4.278832785175544
2023-01-01 03:54:00,1601.716738197425,14.834258337730384,102.94336324005528,4.130125403985426,967.3418108781316,3959.2345340055213,10.802062075865734,4.178908630355095
2023-01-01 03:55:00,1603.4334763948498,14.086989758904297,116.89511009355884,4.139879755500964,967.7172037223987,3975.4468125430785,10.800685190682051,4.041395732676106
2023-01-01 03:56:00,1605.1502145922746,12.930486481962491,113.0803568186593,4.061201525800522,904.507828201615,4014.6330302975102,11.047352258219203,4.026492092377121
2023-01-01 03:57:00,1606.8669527896996,13.081913410295703,100.79956113402544,4.057647395489997,1001.1031526259442,3804.3988211128985,10.944142774177408,4.034930878235255
2023-01-01 03:58:00,1608.5836909871246,17.237769341733237,106.81620439912322,4.031911672390258,969.486560191472,3806.444834648102,10.83973192360626,3.9382346152402246
2023-01-01 03:59:00,1610.3004291845493,12.88642224780157,93.29540245729825,3.9901220974390137,973.47190582452,3893.051343858028,10.883377936151557,3.9728110223572477
2023-01-01 04:00:00,1612.0171673819743,16.73716119612775,116.46760069639056,3.8281835426822126,925.6524320582422,4054.4400450675666,10.747807406400593,3.723197734076845
2023-01-01 04:01:00,1613.733905579399,9.710357075324563,97.2212796073372,3.8744666202655504,982.5986079770144,3913.4491851138546,10.91099248423943,3.778322514062155
2023-01-01 04:02:00,1615.450643776824,11.289075652241374,116.72406518969768,3.826915646034172,932.2143635547174,3910.1203375119667,10.903404455609284,3.8285829629200965
2023-01-01 04:03:00,1617.1673819742489,12.889535051431714,110.26240792687413,3.7842971346877956,960.112002218352,3831.2651240861082,10.847850491863792,3.9517965463260425
2023-01-01 04:04:00,1618.8841201716739,15.305144932661042,111.28303987575066,3.757688854600252,977.3001704892698,3934.5955117353355,10.944995480862097,3.8487099426151556
2023-01-01 04:05:00,1620.6008583690987,14.894181927385548,121.77938283511138,3.833752392824083,952.8548543262241,3960.61918706862,10.764767573469827,3.8975596290712873
2023-01-01 04:06:00,1622.3175965665237,16.428301588282615,110.06023413328555,3.902288401065099,908.5184962603975,3964.906431964778,10.697821365757603,4.121777615399955
2023-01-01 04:07:00,1624.0343347639484,13.001685317229148,113.36008329266818,3.9498628833943306,966.9447757829255,4010.572852021072,10.93312054196114,4.237077942939317
2023-01-01 04:08:00,1625.7510729613734,11.286371327806728,122.31358949297933,3.9517456836735696,937.6299476438932,3871.60097009601,10.872182468789916,4.1285299408263425
2023-01-01 04:09:00,1627.4678111587982,10.446801777995134,108.04116333061042,4.058222584670502,997.2207627206619,4037.2036746045083,10.856849371553292,4.1440883239469555
2023-01-01 04:10:00,1629.1845493562232,15.385106497962033,122.44464833082951,4.062680098448989,982.0411741862509,3919.6862617114057,10.784992867764675,3.9391818982217917
2023-01-01 04:11:00,1630.9012875536482,9.167868737656788,108.57331077624407,4.167605979383575,975.0469778412302,3978.414935134791,10.913472658254104,4.074067006701462
2023-01-01 04:12:00,1632.618025751073,12.940313720494311,97.57713071057066,4.119444943419326,968.8688466807054,3920.9183653649743,10.69908111843866,4.081001589022075
2023-01-01 04:13:00,1634.3347639484978,15.43473442424177,97.13481404346234,4.056272054484696,954.9666923896184,3846.263531828522,10.78456741322498,3.9110833771347844
2023-01-01 04:14:00,1636.0515021459228,16.87093225727765,119.5619778050458,4.063199569729544,995.2508903068772,4087.3862035639463,10.84166475698831,3.988919188850214
2023-01-01 04:15:00,1637.7682403433478,14.21348546856556,119.28547869972324,4.0489324295663005,978.9663329308631,4042.766141662831,10.780346940237472,3.9865385608060886
2023-01-01 04:16:00,1639.4849785407725,12.055574153468594,105.60225046389208,4.056160576706601,925.912076869804,3865.3039735038296,10.746155163973441,4.25372687661819
2023-01-01 04:17:00,1641.2017167381973,11.482598294260391,105.37185909034261,4.060131182800556,899.2084119097701,3902.342683537,10.965885831082987,4.3296694030383085
2023-01-01 04:18:00,1642.9184549356223,14.204691719217369,119.89566678917834,3.988121599699055,937.4952395439734,3768.5732786357526,10.817611755921773,4.263840262980665
2023-01-01 04:19:00,1644.6351931330473,11.226655576472185,112.89794525376315,3.9221764777931085,949.0180771269455,3726.0657886191143,10.825395200306348,4.28089165912069
2023-01-01 04:20:00,1646.351931330472,15.012011487904436,101.50181650177191,3.8904564491599203,979.107683464984,3940.9846697790576,10.679516511145113,4.234156463564426
2023-01-01 04:21:00,1648.0686695278969,11.505338226064133,105.55682480061513,3.9223639009818907,963.8462305434265,4027.357906718995,10.892594798085035,4.231484387121624
2023-01-01 04:22:00,1649.7854077253219,13.003600968596922,109.8063416685953,3.8314088046131345,992.3341676933835,4035.4710398713655,10.827131094764255,4.143536250590918
2023-01-01 04:23:00,1651.5021459227469,14.567075048011441,114.5759011342265,3.895732713069256,935.399472199639,4060.2004980859597,10.980682590137839,4.039923303818231
2023-01-01 04:24:00,1653.2188841201717,9.799959205322198,120.04952332496472,3.961402503518651,982.4597640238038,4053.1197573322806,10.837932607071355,4.035064018663049
2023-01-01 04:25:00,1654.9356223175967,13.364735553477383,118.04098509589517,4.074735732888057,1047.8148584490737,3946.940971722369,10.899109242140636,4.13156849594575
2023-01-01 04:26:00,1656.6523605150214,13.73166031065148,109.4216073102731,4.145885214772669,911.3233222233988,3852.181608280982,10.80240022476772,4.224922920373519
2023-01-01 04:27:00,1658.3690987124464,11.945507782937995,109.0521512069967,4.182018402935776,915.8756231152472,3917.36211111062,10.92297861065937,4.045649870795158
2023-01-01 04:28:00,1660.0858369098712,14.330506618805538,99.63930973120524,4.14529893898309,933.3243491828284,4064.822136441455,10.97540139604769,3.7731772266075483
2023-01-01 04:29:00,1661.8025751072962,13.456518569670594,102.11378153568958,4.1923702644572876,943.7744411789412,3893.993579385149,10.739152743650756,3.769287572320426
2023-01-01 04:30:00,1663.519313304721,12.91404025468977,114.01934658499032,4.161281975970267,921.208486266971,3866.200743105731,10.94269921462266,3.664513960768508
2023-01-01 04:31:00,1665.236051502146,15.56708155880369,105.64044209062592,4.23002680536654,962.9308015815989,3859.988248084198,10.85454623410511,3.7734334681271076
2023-01-01 04:32:00,1666.9527896995708,15.119338774814274,118.12118458677334,4.220018662371262,961.7223785899943,3935.009626322509,10.860962498725542,3.8669204627428284
2023-01-01 04:33:00,1668.6695278969958,12.999015611780024,117.39831667828226,4.297491912586461,981.5118810972081,3945.117867949935,10.970331096040368,3.8795200853021212
2023-01-01 04:34:00,1670.3862660944205,13.057481393818364,105.42942939098187,4.333255005811978,921.2785774925866,4015.6435678359244,10.937791598570618,3.9858867652409176
2023-01-01 04:35:00,1672.1030042918455,13.591550438548406,100.70173708570326,4.37603804771118,957.9411570485354,4036.531717867834,10.682970734021804,3.9257771152705914
2023-01-01 04:36:00,1673.8197424892705,10.985786254880578,118.53753943932534,4.38755385968777,943.3843530035921,4127.04872018686,10.88692034065773,4.0380902486779
2023-01-01 04:37:00,1675.5364806866953,15.263302591222493,109.0824507405356,4.387876656980563,922.3164971867683,3809.7711704298777,10.84978426685045,4.1860539290287555
2023-01-01 04:38:00,1677.25321888412,17.06337203195899,105.41979511613852,4.3093608127752505,990.8170444268846,3886.95108818612,10.865098096674817,4.2264502562846165
2023-01-01 04:39:00,1678.969957081545,13.903199092201593,114.21250586334261,4.269340960209717,950.5124655438894,3901.981338129005,10.88000875749351,4.28786167750724
2023-01-01 04:40:00,1680.68669527897,15.599264255269059,114.72064128868143,4.369105879449608,974.747206138302,3911.135793182262,10.846547124885225,4.432892441978826
2023-01-01 04:41:00,1682.4034334763949,13.769654492971288,112.6161815188267,4.312279766252726,957.4789859288693,3915.2026957141948,10.752716626086505,4.351945898472484
2023-01-01 04:42:00,1684.1201716738196,11.277567462237526,100.0872721103307,4.262875147835161,903.8124481100826,3935.265787801272,10.734315263320697,4.504168890593929
2023-01-01 04:43:00,1685.8369098712446,12.339119306825975,110.05959238988744,4.276748955863584,958.1602285294662,3937.5668062969403,11.025256184198659,4.3982060667503475
2023-01-01 04:44:00,1687.5536480686696,15.113248586614617,114.58476731181715,4.235830233408865,969.5063736566415,3991.0816092078426,10.84809388714084,4.5056838368372
2023-01-01 04:45:00,1689.2703862660944,13.481834438797636,114.19954852283877,4.204758200704021,945.5907158439246,3821.8612928561915,10.995729716927316,4.442419715695025
2023-01-01 04:46:00,1690.9871244635192,15.465816605494128,102.67192441168169,4.127857954074289,982.5937127821089,3977.989315128563,10.865424536173194,4.300327827484605
2023-01-01 04:47:00,1692.7038626609442,12.401540021199343,105.78573793174968,4.092994175944361,1034.8610641281366,4048.754666499171,10.842613104802924,4.190944023155954
2023-01-01 04:48:00,1694.4206008583692,15.129004046749836,97.95973058047558,3.96906633858805,930.0331163770697,3833.538089329928,10.905260265501433,4.043343046895829
2023-01-01 04:49:00,1696.137339055794,15.584949930833492,115.09160459068735,3.918937220396413,931.5222949091603,3969.467212854274,10.786154301919078,3.956936518305577
2023-01-01 04:50:00,1697.854077253219,8.22757370535366,103.95559969800149,3.9149823321755375,999.6713870131318,3984.32201246473,10.88680159296911,4.000041442160684
2023-01-01 04:51:00,1699.5708154506437,13.272590498214837,115.79145282251181,3.9981567556757285,994.6571849566392,4004.968242092404,10.761220180806726,4.117910132191167
2023-01-01 04:52:00,1701.2875536480688,12.521034356728338,108.45442872729572,4.024553764099873,995.9087705666547,3965.812520712549,10.792747221859914,4.140197651037982
2023-01-01 04:53:00,1703.0042918454935,16.094775438588176,117.7395948032627,4.029562469790232,980.6783655544951,4078.3103509544576,10.790581266572444,4.014469382543794
2023-01-01 04:54:00,1704.7210300429185,13.719960833340522,88.16075880530055,4.0121088300273104,948.4000308188149,3872.195936510851,10.793682496247374,3.9489456347525747
2023-01-01 04:55:00,1706.4377682403433,11.472955674073484,108.42393209498117,3.9973554907985145,937.6868115534729,3963.913471125004,10.8131002199987,3.865623276664947
2023-01-01 04:56:00,1708.1545064377683,14.265305020231457,112.6984052142284,4.030698288333131,984.8131311413435,3987.046809323606,10.821641136318393,3.9348667833671405
2023-01-01 04:57:00,1709.871244635193,10.426966411748355,101.70249885835982,4.124640812538788,940.706761543892,3853.449193552443,10.650926143903657,4.091082199866008
2023-01-01 04:58:00,1711.587982832618,18.338677395816596,109.8002415038307,4.0790852405834475,988.0756475109681,3978.5985303207913,10.887879458426795,3.8901860483174193
2023-01-01 04:59:00,1713.3047210300429,16.196711533210326,117.73524377783907,4.1261231765981385,1012.880090304117,3951.164795725559,10.714174444399719,3.8829326379652707
2023-01-01 05:00:00,1715.0214592274679,11.88024453131889,106.94210777416421,4.231497530748996,895.3657120231317,3864.5387376849385,10.82725417718142,4.008495327842726
2023-01-01 05:01:00,1716.7381974248929,8.506804133067897,93.99069182940723,4.136213817755569,966.4013179509537,3976.563747433026,10.864103190643153,3.880486704422786
2023-01-01 05:02:00,1718.4549356223176,13.629094817359704,106.62384309582309,4.072965039581609,991.5663198377921,3905.328053033388,10.976574913901604,3.741409650217902
2023-01-01 05:03:00,1720.1716738197424,14.031317822942762,110.43759565891943,4.010212591444818,942.3784043143733,3857.723092603061,10.982405756762887,3.6590349162781055
2023-01-01 05:04:00,1721.8884120171674,12.610667696613477,101.60013258169691,3.9441032616587197,936.023239285275,3824.27598694344,10.763484858510127,3.578404313994043
2023-01-01 05:05:00,1723.6051502145924,16.951501520118335,100.35295217369652,3.9233126239007907,968.9937722070453,3888.812355472769,10.767583501733837,3.376972193046239
2023-01-01 05:06:00,1725.3218884120172,12.17980776559843,118.5165328669512,3.9119414761588067,992.0521075243312,3879.681312301447,10.726740457329658,3.317012270988103
2023-01-01 05:07:00,1727.038626609442,9.764123576847101,102.52871276370506,3.881132570683792,959.6735533535432,3756.7338465108724,10.848003301264901,3.3912471604631493
2023-01-01 05:08:00,1728.755364806867,15.607916192537875,114.60963730528819,3.822634669578021,973.4751063222716,3980.7107411403754,10.950236922861512,3.307624880037315
2023-01-01 05:09:00,1730.472103004292,15.275692143691941,91.4699742641451,3.841075972884569,1007.5663770043666,3864.4240041813296,10.90772617094703,3.3486158339762793
2023-01-01 05:10:00,1732.1888412017167,8.20312131735045,95.70851833365796,3.8983257835086684,946.5036177991144,3915.5582772635025,10.888760334725669,3.5339037539138953
2023-01-01 05:11:00,1733.9055793991415,9.351789872268647,121.92088692846401,3.9466004336232663,986.4049191860173,3750.4676094869105,10.720593620159883,3.7495691702583596
2023-01-01 05:12:00,1735.6223175965665,18.55441991796908,111.75750473738303,3.976034841637106,948.6096053339307,3860.0265262464213,10.787007117152235,3.7684707300573588
2023-01-01 05:13:00,1737.3390557939915,13.910641886804566,99.63049007335093,3.957279325109641,980.2074522974946,4020.4667367378815,10.879892222426214,3.872001513109697
2023-01-01 05:14:00,1739.0557939914163,17.763988993585933,103.54158790141206,3.978943469001752,990.9564785869904,3837.7382532067286,10.771774720770841,3.8321967811481863
2023-01-01 05:15:00,1740.772532188841,15.5756223631814,102.11555992230338,4.058434299176804,1024.0834698049748,3886.966125451232,10.943267441139687,3.9481260318295233
2023-01-01 05:16:00,1742.489270386266,12.389321575968637,128.83360887135788,4.141848495491515,983.6606316774609,3843.3172610725555,10.768844533169391,4.135846169638392
2023-01-01 05:17:00,1744.206008583691,14.943160009011178,115.12957623909128,4.180560829752681,943.1880748823974,3914.369662941044,10.729948474553783,4.14491031183237
2023-01-01 05:18:00,1745.9227467811158,14.057457262851582,102.62904690054079,4.136249491659437,1000.77540190057,4079.1595680664973,10.877594210615365,4.047919955127936
2023-01-01 05:19:00,1747.6394849785406,15.935056116583654,91.3555640963326,4.203978669934959,1000.710382308518,4071.4319954011776,10.835510747626914,4.318558497327903
2023-01-01 05:20:00,1749.3562231759656,15.736181357014305,102.57818032061505,4.250718239190876,982.4369684457624,3865.7005625170677,11.017300543607169,4.416359095899023
2023-01-01 05:21:00,1751.0729613733906,11.368970140510319,106.59079183479348,4.140159387333359,933.8556758157144,3979.545621794344,10.861175878680031,4.383032737589112
2023-01-01 05:22:00,1752.7896995708156,10.378521833690883,123.94181921990929,4.04399369554759,944.3801650904687,3871.857360171742,10.978622699597496,4.260313191303889
2023-01-01 05:23:00,1754.5064377682404,15.347048837800099,97.87432609044241,4.045868541181713,987.8758523268467,3761.797155798381,10.976790692249525,4.415530304828473
2023-01-01 05:24:00,1756.2231759656652,17.39510177839818,120.6652622651461,4.030293440955467,966.8149750332011,3905.1303355726727,10.799657212763838,4.2920808000043325
2023-01-01 05:25:00,1757.9399141630902,10.37591966030139,97.88304716437631,4.011691344841922,973.8308303371006,3930.1026586806397,10.780447880426792,4.280460968199348
2023-01-01 05:26:00,1759.6566523605152,14.061481640532211,111.97550956124873,4.033935684074894,936.0947726337886,3942.5898752232933,10.800331509137727,4.360627263320016
2023-01-01 05:27:00,1761.37339055794,13.76385090871957,113.71783330361897,3.9502649951265445,981.1611881070522,3914.529734879405,11.05645621055071,4.355044218728088
2023-01-01 05:28:00,1763.0901287553647,16.191656459212258,123.38923242702346,4.005160226548199,942.046736960173,3884.2180562443054,10.640948400132572,4.4281494813958835
2023-01-01 05:29:00,1764.8068669527897,12.616764854620511,107.69018713975265,4.001518212033361,933.7916498397828,3822.7868010948832,11.044976415149005,4.47931107744297
2023-01-01 05:30:00,1766.5236051502147,9.296486987290175,116.01452239371994,4.0401707791593156,1023.6981903032598,4021.358424348437,10.815788164005198,4.6114484098682365
2023-01-01 05:31:00,1768.2403433476395,16.27276240279366,101.83606161707861,4.073537082280871,1000.460305485521,4083.3596103946084,10.880413621702994,4.733980996820577
2023-01-01 05:32:00,1769.9570815450643,16.792885234220105,104.46582816775278,4.037363737313451,979.5874903043633,4047.020397762594,10.91032497016666,4.535355831550817
2023-01-01 05:33:00,1771.6738197424893,11.92985724913243,99.23604224793655,4.025060535192016,961.4257760517688,3923.960771488197,10.808171961730055,4.386846187763381
2023-01-01 05:34:00,1773.3905579399143,16.806797101373647,102.32826220905177,4.03846082086823,1011.4677336851026,4004.480699413832,10.598928626347561,4.285985012682179
2023-01-01 05:35:00,1775.107296137339,18.57135037735811,97.70263258957006,4.016707378769315,921.6005359449829,4122.118474441869,10.91501292761728,4.293574257014611
2023-01-01 05:36:00,1776.8240343347638,13.324600509818145,105.30819542119367,3.9811937297131212,967.6981370663403,3938.6950492146857,10.99099831201367,4.177663797917986
2023-01-01 05:37:00,1778.5407725321888,16.551664645761505,125.26721674339238,4.017636375190103,962.1807881060641,4043.7310326115207,10.998323673275651,4.029162579497887
2023-01-01 05:38:00,1780.2575107296138,13.583671504087711,95.92438606053811,4.0546705676510495,954.63613904341,3704.7092759677316,10.919734623459192,3.9677290945724457
2023-01-01 05:39:00,1781.9742489270386,15.772287376950585,107.97990789339872,4.152991059573757,961.3630707942625,3764.175488327235,10.856897232074385,4.071090247652701
2023-01-01 05:40:00,1783.6909871244634,10.606163995709434,90.95161015668386,3.9721250234575582,946.2022182405796,3817.9359774992163,10.695155972636625,4.039917319215364
2023-01-01 05:41:00,1785.4077253218884,12.309261059993654,94.8810353810801,3.766835246412021,938.6246864030367,4197.758639789142,10.813609542451642,3.8941807684803744
2023-01-01 05:42:00,1787.1244635193134,15.047579578838048,104.4642506449451,3.8149257653960573,972.4247979512593,4102.015914531146,10.764390643328355,3.824067429385652
2023-01-01 05:43:00,1788.8412017167382,13.55739011663576,113.65281870467277,3.9184280637155537,1009.7601507390071,3879.9691811389353,11.01470011153396,3.739080544337137
2023-01-01 05:44:00,1790.557939914163,11.548276701901461,99.98758056830917,4.031743724579852,957.6344182823075,3925.087067908591,10.818094286543056,3.566608757624087
2023-01-01 05:45:00,1792.274678111588,15.277715882089552,105.81578880324572,4.186983954869981,922.0702764679876,3889.0248879524415,10.886788581133857,3.4728558124385493
2023-01-01 05:46:00,1793.991416309013,14.907628963911645,93.8191552112426,4.484754532428033,992.823597710616,3854.1040635879635,10.85898213462422,3.4688648335374257
2023-01-01 05:47:00,1795.708154506438,13.823887849159858,113.10538408865335,4.70922048846201,914.2371088963689,3937.0848832096144,10.829557519636936,3.334131481659177
2023-01-01 05:48:00,1797.4248927038627,12.21933478377902,118.12593955177474,5.0784129497869435,1024.4846893374374,3903.161450772084,10.866266256176171,3.291782594912182
2023-01-01 05:49:00,1799.1416309012875,9.69968069533195,108.4348318371412,5.397344183301907,911.1788355368542,3913.5727869434936,10.884100792614625,3.164104986264295
2023-01-01 05:50:00,1800.8583690987125,18.19792591188712,102.64068401385198,5.802709464326,972.1822530990089,3911.0549614669712,10.76884224436901,3.0593321848442283
2023-01-01 05:51:00,1802.5751072961375,24.687376602776066,89.99034271108638,6.142938480270942,928.2976073084033,3981.131745543214,10.848925528910597,2.959487132083411
2023-01-01 05:52:00,1804.2918454935623,18.12930073426938,97.15177233787082,6.454793234067261,966.8058723703941,3843.9499603392783,10.697256997982418,2.7203258017471392
2023-01-01 05:53:00,1806.008583690987,21.71883853635401,89.66170313114311,6.819670479254521,981.97887914717,4190.366754600657,10.945252189695982,2.718332768318365
2023-01-01 05:54:00,1807.725321888412,19.84603076499916,84.29934036016857,7.063691375209422,973.3027472913,4083.338565252872,10.762803759550467,2.758606170461305
2023-01-01 05:55:00,1809.442060085837,21.67426608725001,70.6505730717713,7.329195008301685,932.4586765759358,3959.2103906579996,10.881399586895864,2.6965616391073226
2023-01-01 05:56:00,1811.1587982832618,19.861710746207944,99.20719343420656,7.61393754418852,930.9824159858993,3989.1494666480903,10.724723556315876,2.7507771723027457
2023-01-01 05:57:00,1812.8755364806866,23.207284023248636,95.56181371270063,7.7507408164601195,929.6672206273007,4009.9534749729346,10.97963717772409,2.7600648424684553
2023-01-01 05:58:00,1814.5922746781116,24.294130320116984,88.44876805739499,7.726962198709256,991.1496613523142,4097.493274431498,10.919799538533104,2.754254099569294
2023-01-01 05:59:00,1816.3090128755366,26.139468983115243,110.41342461040135,7.7046964981035,976.1925910463051,3881.7310299681317,11.090752770383597,2.8604244551276596
2023-01-01 06:00:00,1818.0257510729614,21.035922287160606,108.91065723383971,7.4223620326725275,936.0017935675869,4051.641597275202,10.783929263444309,2.834802808540098
2023-01-01 06:01:00,1819.7424892703862,20.07484039630761,87.20731060010982,7.323522353331827,976.4274608370623,3809.159560076863,11.014728002961434,2.7416652957964214
2023-01-01 06:02:00,1821.4592274678112,21.708632293812997,96.68148759568398,7.38168678091912,1050.0,3992.2570312090224,10.947499004485952,2.7477425439310372
2023-01-01 06:03:00,1823.1759656652362,20.304377131143692,84.75570181865545,7.257691332674162,965.1698723822356,3893.0425696166894,10.945666677259634,2.602649207804982
2023-01-01 06:04:00,1824.892703862661,25.17821655309879,74.13578700312368,7.131289711157115,851.9605409321692,3926.2160627225408,10.866926497026332,2.5360625211795256
2023-01-01 06:05:00,1826.6094420600857,19.685352695140143,83.42889809073715,7.0226840654376455,966.2550460024485,3842.5821856534726,10.866032713533313,2.4437261261729786
2023-01-01 06:06:00,1828.3261802575107,17.49910153471316,69.22156448189064,7.035915877471641,991.2543658247964,4144.543157922721,10.83669601611111,2.4272833467770263
2023-01-01 06:07:00,1830.0429184549357,18.91245111353895,91.56583039061518,7.030267390809884,967.9140978379814,3994.9221235531263,10.870429476422473,2.3106754379233454
2023-01-01 06:08:00,1831.7596566523605,25.478287739507046,69.79775675158022,7.0590109357153406,974.8573929302045,3986.4031629443634,11.054204822059853,2.3292444672135204
2023-01-01 06:09:00,1833.4763948497853,16.74233065692857,79.26736099533308,7.036991284080467,947.7206096326846,4000.464887057751,10.98142608633366,2.2653524092513004
2023-01-01 06:10:00,1835.1931330472103,22.488620147270936,86.75425368608325,7.062089633576967,857.3598993003931,3756.317286755164,10.979650555708556,2.417263025493099
2023-01-01 06:11:00,1836.9098712446353,21.383145842934354,94.00509856050915,7.057367553587193,915.7090257505798,4013.4530474292146,10.727391885277386,2.495161825643808
2023-01-01 06:12:00,1838.6266094420603,16.655652272740667,96.44889240502641,7.105911436456177,948.1108800737832,3803.1588380280105,10.782909358333598,2.45991341343193
2023-01-01 06:13:00,1840.343347639485,22.017253955715653,103.80748428721736,7.190857556669826,999.1268083339538,4001.757969049489,10.818271130454008,2.6239586809004622
2023-01-01 06:14:00,1842.0600858369098,25.787492151699357,90.6954097695865,7.242677592787405,960.2357243804427,3854.3819980274343,11.005685971151326,2.695490928021995
2023-01-01 06:15:00,1843.7768240343348,27.75974917740603,82.37843953023982,7.325642243943248,945.0990879092749,3836.3897587487854,11.010751247865265,2.7717710088222947
2023-01-01 06:16:00,1845.4935622317598,20.36176276765854,77.18966434732901,7.327903303735933,929.9011199494986,3875.594734069598,10.902097782010712,2.7511927881217195
2023-01-01 06:17:00,1847.2103004291846,18.347483353475553,100.23744500847708,7.336401990397186,944.760430871854,3898.3578002885497,10.890167325164496,2.7827484381936674
2023-01-01 06:18:00,1848.9270386266094,20.470418700602075,96.10584612624574,7.367632563884041,974.0157242786562,4030.914680323647,10.816623873906595,2.8515171435432696
2023-01-01 06:19:00,1850.6437768240344,22.273853574036025,96.99391014345908,7.434919904674585,1003.4799347643949,4106.553112095335,10.980823968698633,2.908272553308771
2023-01-01 06:20:00,1852.3605150214594,21.328960730923004,84.19166239237607,7.43085386902058,950.5747537464894,3808.534366472876,10.94440318748909,2.9145532044214364
2023-01-01 06:21:00,1854.0772532188842,21.96337336806584,90.41008595327247,7.444318443604045,980.9780562158826,4075.1472814908375,10.968334191288935,2.9014134912680474
2023-01-01 06:22:00,1855.793991416309,21.920334922317608,99.00452900849477,7.448837776968014,1019.3904454142794,4048.6967959645403,10.890208484245912,2.871670640994022
2023-01-01 06:23:00,1857.510729613734,20.82908521536283,94.812530516894,7.319286331707457,947.7389279823763,3988.569443580243,10.718633111477303,2.76789720918274
2023-01-01 06:24:00,1859.227467811159,20.396914763541545,100.78398260691299,7.275696542863795,1004.5818883899626,4134.589862859544,10.7224683958473,2.711410788187925
2023-01-01 06:25:00,1860.9442060085837,21.1527938916538,88.66273740788216,7.227520073040996,1007.3181765497317,4128.4888405075235,10.887728431862062,2.6203412279092513
2023-01-01 06:26:00,1862.6609442060085,28.159321827529734,93.32179494980254,7.1973364219097204,979.0925569904347,4239.746136481531,10.841037040889018,2.607195312700602
2023-01-01 06:27:00,1864.3776824034335,20.073839413695577,88.73798045998218,7.15614212779462,1009.8648339547995,4103.573647504874,10.833145499643523,2.4688948712554883
2023-01-01 06:28:00,1866.0944206008585,17.59899417665518,78.73856952100854,7.0321343959919735,979.6484707440494,3837.8358873392885,11.102954065230373,2.36213464182159
2023-01-01 06:29:00,1867.8111587982833,21.74507779313283,89.53176524911035,6.985154018978078,984.8383603195023,4087.5238198935112,10.811161267077912,2.3438841950371287
2023-01-01 06:30:00,1869.527896995708,18.69435550991924,72.71596446042982,6.938766528371318,959.4261133381074,3968.1747494842566,11.119740474018926,2.4280439393245117
2023-01-01 06:31:00,1871.244635193133,17.294515451171932,82.07387093180684,6.96770867132936,997.062767531443,3894.525366717631,10.782207100099654,2.421438069968301
2023-01-01 06:32:00,1872.961373390558,18.954940022558635,95.95104119890365,6.977369945996013,1003.4138745663855,3999.1970480258155,10.884543780628505,2.37856110560004
2023-01-01 06:33:00,1874.6781115879828,22.079481494761577,74.10324491520787,7.027636613304609,975.2299485072112,3991.965820933286,11.171872157530936,2.4272233238453
2023-01-01 06:34:00,1876.3948497854076,18.52061405700856,91.33963343950775,7.147150615408508,998.9526584492529,3825.4330675265765,10.922908769005348,2.4580118401107818
2023-01-01 06:35:00,1878.1115879828326,22.21968514241222,104.50169024423765,7.143914045378822,951.9410295662564,4032.1913090349153,10.846744058245621,2.430465563654122
2023-01-01 06:36:00,1879.8283261802576,23.53491673391583,103.2751155781669,7.227117761470596,960.1685671534906,3768.1312980463495,10.914444419328895,2.4644302713002624
2023-01-01 06:37:00,1881.5450643776826,19.49836964071193,101.97376954701478,7.37533449072123,911.8282304763018,3998.0978433677187,11.168897009378794,2.575170192399626
2023-01-01 06:38:00,1883.2618025751074,26.91030675175312,95.18454438692054,7.3665266681285875,956.4542415861434,3819.081673011901,10.678774157314797,2.643495835820283
2023-01-01 06:39:00,1884.9785407725321,20.557463098525098,71.87995239822955,7.342870328104463,974.5013502654701,4108.647230841738,11.064437775426773,2.6198235726169217
2023-01-01 06:40:00,1886.6952789699571,24.39628257606558,83.00376721451948,7.337823609620276,968.4847776336605,4059.7944499294154,10.886399418691635,2.5913513734725306
2023-01-01 06:41:00,1888.4120171673821,20.535677071205473,67.08263671198202,7.272829911740636,974.9620747371225,4043.0909057475374,10.991514854457277,2.582498395346795
2023-01-01 06:42:00,1890.128755364807,26.516879970333115,84.2907169245659,7.183447914753724,990.5321239155838,3837.0339353602717,10.864365406937718,2.493987189929088
2023-01-01 06:43:00,1891.8454935622317,23.429903704326726,86.42591419171114,7.114322218925794,936.0058144758523,3957.9687165734763,10.939204113405408,2.4306104117656537
2023-01-01 06:44:00,1893.5622317596567,13.250022122901724,83.53926644138416,7.044694141216533,963.8303354784107,3830.0151542022527,11.004075254724214,2.362328417132334
2023-01-01 06:45:00,1895.2789699570817,23.047158877679294,87.7903038105231,6.927280871266946,972.3138675330321,4203.087956725782,11.132896357936142,2.29086137797963
2023-01-01 06:46:00,1896.9957081545065,15.282558913415018,78.67406783514978,6.915699238499801,995.6556346014063,3986.280548818847,10.922913999107328,2.311736687041848
2023-01-01 06:47:00,1898.7124463519312,13.507211598424162,92.49286595994673,6.888707506238632,942.9164965143833,3876.955212763531,10.885254499869005,2.244772622263993
2023-01-01 06:48:00,1900.4291845493563,22.304274432017195,70.10522020850661,6.830230893713709,937.3778167396977,3960.2925457669467,10.900701648130084,2.2691305000024946
2023-01-01 06:49:00,1902.1459227467813,21.712187515056154,72.28826726830337,6.8861095110811785,1007.0978789898907,4090.938474139362,10.975811244480694,2.3720484377016273
2023-01-01 06:50:00,1903.862660944206,22.24853225638157,94.95925455734006,6.896064561292702,1005.4353394521519,3877.2641795839386,10.762567476578813,2.3452788568800074
2023-01-01 06:51:00,1905.5793991416308,21.555625515788886,80.2488265243449,7.0279620611936116,988.9381267118132,4124.288871363449,10.830962628778533,2.358068338332025
2023-01-01 06:52:00,1907.2961373390558,22.09980130188913,79.48060532306886,7.065194183451354,966.2313713745863,3953.439356145493,10.949426572505049,2.300987656657992
2023-01-01 06:53:00,1909.0128755364808,22.34186901296093,95.15518558864832,7.1734673154769935,972.6966415312104,3913.026997435931,11.065944593519308,2.3232735342429325
2023-01-01 06:54:00,1910.7296137339056,20.772044228393536,85.13851208209036,7.329991971253535,912.001065098509,3803.9809527221646,11.076483482558855,2.320815883800012
2023-01-01 06:55:00,1912.4463519313304,23.456643083141355,78.35473738612154,7.322766243436737,999.4599110116786,3872.7228196543088,10.745026121256505,2.337680050059889
2023-01-01 06:56:00,1914.1630901287554,19.977473645414506,75.54618786718272,7.410649371175846,920.4127981975932,3949.1026755420544,10.963833541105945,2.400454666448251
2023-01-01 06:57:00,1915.8798283261804,21.808822871479705,89.91017359084044,7.510349099203767,935.6763030064529,4073.9728535005843,10.808851689047422,2.403201720469963
2023-01-01 06:58:00,1917.5965665236051,25.109860496034944,72.650641547351,7.466442713652111,1009.3312098584106,3883.6892036874374,10.792835218041464,2.3847691848700676
2023-01-01 06:59:00,1919.31330472103,22.02504395951369,83.86212775336789,7.536978060107666,964.7121346720712,4000.934934802237,10.893257365141944,2.345157059648565
2023-01-01 07:00:00,1921.030042918455,21.72718955013457,87.22735799615845,7.464650912324469,975.4548017408893,3876.349881210168,10.984919242422515,2.266662627215587
2023-01-01 07:01:00,1922.74678111588,20.007643934417388,60.0,7.463831288543079,905.3054429990921,4019.0544885526283,10.932554225985736,2.255042940990588
2023-01-01 07:02:00,1924.4635193133047,23.456890051232932,88.34257427892071,7.430963933593258,962.4175412398426,3765.8215800658118,10.847939848452215,2.2367367619154974
2023-01-01 07:03:00,1926.1802575107297,29.465731336456216,83.81514644596142,7.488554159288471,1006.8475350909973,3932.015514856816,11.008431295589284,2.290422326485231
2023-01-01 07:04:00,1927.8969957081545,20.362258919529655,96.83905049121118,7.446746336067152,938.2815890108631,3940.381283738316,10.864225463571358,2.2252791190424186
2023-01-01 07:05:00,1929.6137339055795,24.75690127355514,82.60140174707547,7.478232353163781,941.3195380910306,3976.89938575536,11.04767874552115,2.29611590961572
2023-01-01 07:06:00,1931.3304721030045,25.216037701124655,83.18471710755884,7.5365320541895615,922.6281750055819,3865.4579383473592,10.741886692094402,2.31964014585623
2023-01-01 07:07:00,1933.0472103004292,19.883670665381104,74.87469226987794,7.465476332170456,912.1760487925287,3867.01458865627,10.996172324001716,2.319534194122711
2023-01-01 07:08:00,1934.763948497854,19.14540510798763,85.33621618781025,7.5482091346978155,968.6526369173891,3830.004973829471,10.873012413051741,2.3676540939454203
2023-01-01 07:09:00,1936.480686695279,17.544842862527325,80.36936752282996,7.649010902639629,975.5085077547274,3973.011471144728,10.784443711908343,2.3639941836136478
2023-01-01 07:10:00,1938.197424892704,24.20325429983913,84.6677352625069,7.574554448355112,948.4164162396427,3932.9374094209948,10.828908999376804,2.3344134439816293
2023-01-01 07:11:00,1939.9141630901288,22.983662104727454,88.37771702147926,7.48963691084265,948.4437041603238,3906.8702271635166,10.90987187712099,2.363484069763488
2023-01-01 07:12:00,1941.6309012875536,21.806851360316294,80.0093180163296,7.29702523683087,940.2076559127554,3911.839540457714,11.088972005618093,2.3432725265115124
2023-01-01 07:13:00,1943.3476394849786,20.78816137459998,78.66057197065336,7.202878200926635,909.2838611769301,3979.833680759872,10.92397926665529,2.3608830796325084
2023-01-01 07:14:00,1945.0643776824036,26.74770214914755,95.94610027982756,7.183317402213932,921.3164768871322,4034.7873620776077,10.997847150469765,2.3505566916973666
2023-01-01 07:15:00,1946.7811158798283,23.302720444339805,70.33419212935637,7.091042591423047,949.511681902565,3940.420291157777,10.950973983846051,2.330170704443207
2023-01-01 07:16:00,1948.4978540772531,21.271923219828867,91.47292150694138,7.087677330291954,1005.9858534790333,4123.538018370906,11.051847593205252,2.315898087446856
2023-01-01 07:17:00,1950.2145922746781,22.446773180300827,105.99334481607836,7.083374141737162,929.5571719520688,3944.398201332641,10.931502899037902,2.323573610364226
2023-01-01 07:18:00,1951.9313304721031,16.050396597454643,75.83483246344835,7.0451555846386364,973.8587016551954,4121.752611120583,10.88634225626863,2.314952610772944
2023-01-01 07:19:00,1953.648068669528,13.054706645921625,77.67009734039462,7.060702478784425,961.4153917631331,3986.6478159353755,11.020419115264602,2.2812145201130054
2023-01-01 07:20:00,1955.3648068669527,21.071878953204404,96.1456094191279,7.0037929478179315,978.6593544736603,3833.1979610690123,10.944594568473557,2.195474479168495
2023-01-01 07:21:00,1957.0815450643777,20.756482702770178,74.92728692851426,7.057149137937767,955.5465534023596,4027.195796340399,10.910146372379293,2.2180595409708026
2023-01-01 07:22:00,1958.7982832618027,21.498696088485744,70.04759341284966,7.121043183485934,958.4780691382678,3980.7591895821274,10.938525567630995,2.204547047530831
2023-01-01 07:23:00,1960.5150214592275,22.454271483234262,72.2943581335076,7.170310729097862,971.176869874764,3877.934738887816,10.922300551742634,2.145367181658076
2023-01-01 07:24:00,1962.2317596566522,21.53257431691655,100.29563518184452,7.231215521985781,968.0994196354508,3944.2684730479473,10.86530903065956,2.1692681391469426
2023-01-01 07:25:00,1963.9484978540772,24.95978616843013,81.41538988988854,7.3234250368518605,972.7007128544948,4037.076354859448,10.958427722006574,2.2756789189504407
2023-01-01 07:26:00,1965.6652360515022,20.962334906850504,88.30168761380541,7.4294104396631,955.8549213505124,4008.121858704552,11.056229622816655,2.3176924093357703
2023-01-01 07:27:00,1967.381974248927,26.393683871032636,75.47469087509367,7.480237514327325,924.1140414757485,3846.7394296685493,10.888187017711962,2.333292859135895
2023-01-01 07:28:00,1969.098712446352,21.526548557579023,69.16308971460144,7.6389208679730185,956.5293311234901,4011.23025996159,10.89467384353007,2.424087205913576
2023-01-01 07:29:00,1970.8154506437768,21.74616108116358,79.14066744792811,7.642407975138782,958.6355984259775,4054.643409760677,10.930544168013945,2.4642007469137948
2023-01-01 07:30:00,1972.5321888412018,22.33488825117077,93.08214182120729,7.581540272128944,977.2142773069082,3894.0510515604506,10.989892545634229,2.4574923173283385
2023-01-01 07:31:00,1974.2489270386268,21.42789077547931,76.75481626942953,7.603670046267943,1000.5363511078449,3989.268034625475,11.160801534749549,2.5175414880169513
2023-01-01 07:32:00,1975.9656652360516,20.982738315873846,82.24637609798056,7.618190109220848,995.4180871355529,3999.1787015931673,10.797348853122655,2.5468099097992876
2023-01-01 07:33:00,1977.6824034334763,26.855284178241718,93.32628388098743,7.689213812286955,950.37884006734,3894.0177944132233,10.99030041980515,2.5646566092436363
2023-01-01 07:34:00,1979.3991416309013,21.751684910501172,79.79080780154192,7.650448265108713,924.669969717639,4013.2656662708055,11.113691851745866,2.518791707821279
2023-01-01 07:35:00,1981.1158798283263,25.84230060815654,78.54370389846943,7.560809368224906,947.9637913862946,3821.2894958388874,10.982157663031549,2.504107557102764
2023-01-01 07:36:00,1982.8326180257511,20.65024780395963,84.24537917912565,7.554051238696148,955.9018665448408,4062.1161849254295,10.796314575856908,2.5649635838860645
2023-01-01 07:37:00,1984.549356223176,25.29067811297594,92.42672162074716,7.487111830247908,957.1256485123649,3984.4302310159655,10.850410445054578,2.564313862200465
2023-01-01 07:38:00,1986.266094420601,24.026001264479316,84.47984952925928,7.536981623325708,985.2482387962674,3868.314636779547,11.076541474808275,2.5468956717532785
2023-01-01 07:39:00,1987.982832618026,24.734377463075425,80.58657508251227,7.46987586627766,951.7529109069345,3805.3637937305193,10.945726620230792,2.497286160437552
2023-01-01 07:40:00,1989.6995708154507,21.171118866801997,95.13542093371898,7.397516419504287,1010.0006644504585,4142.782435891993,11.046898807494362,2.4279973560239645
2023-01-01 07:41:00,1991.4163090128754,20.527143685953696,92.38368035653804,7.288267290406838,969.1280418875679,3902.2402045472513,11.050116911976623,2.3724332033939692
2023-01-01 07:42:00,1993.1330472103004,16.78412471951096,85.48332505494787,7.267793923642753,974.4107279160357,3744.2587576119304,10.821088968132294,2.2726911334189035
2023-01-01 07:43:00,1994.8497854077254,16.91978119926487,82.02044985254315,7.164477803345692,957.0826000087885,3981.9676165372093,11.078184416305119,2.2145384764098557
2023-01-01 07:44:00,1996.5665236051502,21.84603983793381,90.56146711658498,7.094450872736177,995.7942970426434,3978.8241071110037,11.067440281361627,2.197419424558965
2023-01-01 07:45:00,1998.283261802575,23.21218541608376,74.51581449092038,7.003038737263244,1007.7230708578373,4140.093221097148,10.829006817093086,2.1266529101126554
2023-01-01 07:46:00,2000.0,20.17127904845282,77.66914201800333,7.017896973293848,929.6003013881452,3927.573802498744,10.905564424272598,2.1986681134166184
2023-01-01 07:47:00,2001.716738197425,21.638672983720546,91.02286545864487,7.036658811286313,991.873289208977,3849.0747361638887,10.954666587675996,2.2488105153008573
2023-01-01 07:48:00,2003.4334763948498,19.93673700081152,66.11824123587202,7.082958449202876,907.4170413291195,4058.89599565364,10.859452157677643,2.3241558396027737
2023-01-01 07:49:00,2005.1502145922746,19.827519129368152,61.242334311571035,7.192431868834287,934.4522385353536,3931.266608775217,10.996195131960018,2.3529152025988096
2023-01-01 07:50:00,2006.8669527896996,21.882043855549416,69.61051738495776,7.29323221458711,935.0106956785218,3964.5028138615758,10.971272728693053,2.3767550956324217
2023-01-01 07:51:00,2008.5836909871246,24.810415626336933,88.04073893227141,7.343931670629474,1000.5093746840627,4043.0450015179,10.967975552193186,2.3643186365506965
2023-01-01 07:52:00,2010.3004291845493,18.165391452029734,99.53864837123615,7.342350322488629,984.032589001347,3989.386084287436,11.056357011284017,2.401043800338454
2023-01-01 07:53:00,2012.017167381974,22.62414915158031,93.39011268039614,7.311403635924606,982.1190088656755,4153.162992514888,10.95158637535408,2.457463584731241
2023-01-01 07:54:00,2013.733905579399,25.91870594571341,90.82894428526556,7.244002303273797,1011.081858853457,4003.565575488519,10.99393291748629,2.3884702287614736
2023-01-01 07:55:00,2015.450643776824,22.57190890895845,94.67226729924894,7.283184363678805,1000.2452877476466,4052.09577083691,10.786755219139437,2.488207584851674
2023-01-01 07:56:00,2017.167381974249,22.68330096278452,99.84195779962657,7.336773133441504,919.3866476172427,3815.0645227579093,11.06362206247045,2.5346037881754917
2023-01-01 07:57:00,2018.8841201716739,21.984373929062883,71.94928920156106,7.431965891058379,973.6998548266312,4054.4153337886737,11.016979285804968,2.5679774433323184
2023-01-01 07:58:00,2020.6008583690987,23.025338090703478,85.21050255146314,7.511372703162982,985.6345140592595,4089.5609100752613,10.897918875463333,2.59553576598332
2023-01-01 07:59:00,2022.3175965665237,18.994734392123046,83.57062537290166,7.430608016652231,974.499230590078,4118.182158184853,10.969142819383803,2.5637404515920714
2023-01-01 08:00:00,2024.0343347639487,18.73561951467171,79.15589109701472,7.511441401648824,982.1965681998329,3824.558093240474,11.102279432020987,2.495744124269957
2023-01-01 08:01:00,2025.7510729613734,19.270754972432748,109.51257619562362,7.445008416947188,951.713034529859,3854.1722297683227,10.892202992943055,2.3786470595862395
2023-01-01 08:02:00,2027.4678111587982,24.129757863890823,80.29450192275264,7.454799342849617,980.5902085829078,4029.197545501086,10.953721296211773,2.328646007651775
2023-01-01 08:03:00,2029.1845493562232,22.317110258281264,60.0,7.4337436448929175,964.9691999398486,4003.9445801426027,10.953278737527551,2.3697219945938652
2023-01-01 08:04:00,2030.9012875536482,25.745994168168462,100.00209489376397,7.430348533223067,926.4514510233516,3849.8984965937666,10.940641529097205,2.40828409093546
2023-01-01 08:05:00,2032.618025751073,22.806872191277648,71.04729042713134,7.487811961157847,978.473591098851,4058.9693795981393,11.061533078021304,2.4925762422922775
2023-01-01 08:06:00,2034.3347639484978,24.109183590432313,78.00450633601474,7.574997689009612,941.2751320639393,4059.247691312355,11.03294637640796,2.586362729406488
2023-01-01 08:07:00,2036.0515021459228,17.52601200351142,80.03470595623105,7.524427057369474,946.1583204619179,4053.312310956408,10.90323760868349,2.593040352132943
2023-01-01 08:08:00,2037.7682403433478,23.058995244798425,80.6206863614736,7.496240744033649,1011.0656800090343,4014.72259842933,11.011112050816946,2.5528350864067386
2023-01-01 08:09:00,2039.4849785407725,24.737149502328663,80.46965347982575,7.53743455513829,985.9170632120032,3990.3492955722886,10.969894643926075,2.5566123820166835
2023-01-01 08:10:00,2041.2017167381973,19.15826955373736,84.60092296826781,7.399698387048496,986.9311067489278,3975.194045321776,10.983189372211767,2.512376544277246
2023-01-01 08:11:00,2042.9184549356223,26.619912843998385,87.75476069177151,7.282678637391456,957.1591312838277,3981.8913234688334,11.109251471559428,2.4058878208942542
2023-01-01 08:12:00,2044.6351931330473,28.432304308417464,76.64908999898306,7.238191327192844,973.7136940639955,4051.503116236383,10.883202705270216,2.423830177711014
2023-01-01 08:13:00,2046.351931330472,19.767510194576978,79.07157382452084,7.189195899637906,939.2361290439407,4026.241687260584,10.989549726780574,2.376314968613308
2023-01-01 08:14:00,2048.068669527897,21.72201456803671,74.86149974123784,7.216449087958762,972.0869617828185,3916.2588392938255,10.75876003791919,2.333917404941861
2023-01-01 08:15:00,2049.785407725322,19.557759521128574,65.11937054723377,7.315115426618219,966.4797680333745,3818.4881757157277,10.878098799887358,2.4092019746938997
2023-01-01 08:16:00,2051.502145922747,19.534482239488447,65.78776093168726,7.294160129717093,957.6284669229099,3881.4812541713495,10.853665013396643,2.3591983939404626
2023-01-01 08:17:00,2053.2188841201714,24.284879655759227,90.40240930830142,7.465800156491697,962.8763597809864,3889.428414554132,11.1434455902314,2.344410205669705
2023-01-01 08:18:00,2054.9356223175964,22.18343480211718,90.11023082897216,7.398778150506252,960.7648453937775,3901.404440357985,11.096846375015652,2.286109531274387
2023-01-01 08:19:00,2056.6523605150214,17.02490019433038,80.90136235392112,7.355718754429215,1010.9379001435799,4042.5309600439286,11.205044667174517,2.191504412052323
2023-01-01 08:20:00,2058.3690987124464,27.358468007705536,60.0,7.352434993744231,951.186751924591,3997.3776777238472,10.924741858017756,2.06783164162835
2023-01-01 08:21:00,2060.0858369098714,24.346919904840547,81.52728535945428,7.2457401114684385,993.2061838708394,4099.640148959888,11.049383136538783,2.0916225335885055
2023-01-01 08:22:00,2061.8025751072964,19.647521545762366,94.56177726358099,7.285334509472885,987.9488385172253,4046.592453009115,10.951384959984193,2.145539710311578
2023-01-01 08:23:00,2063.519313304721,27.81424902458275,79.81028460981909,7.365603549582939,1005.202517833121,4027.6170561147,10.964507288226649,2.2431482132359357
2023-01-01 08:24:00,2065.236051502146,24.07324883225895,78.39436910027702,7.367902236540928,931.9521846489232,3903.8076614383417,10.96106845565102,2.256008142207746
2023-01-01 08:25:00,2066.952789699571,17.791989193354926,60.91634469022584,7.39378361485755,994.6450391281726,3771.7774958474024,11.05192084304873,2.2566094399699943
2023-01-01 08:26:00,2068.6695278969955,25.11627309557929,81.38111318791886,7.411919899368017,1012.9776528379472,3987.4524884284197,10.959983476448977,2.277282593515771
2023-01-01 08:27:00,2070.3862660944205,15.024596896004034,83.58080100105244,7.361321633609253,975.3116553878392,3951.9384317752433,10.905907497518516,2.2998995591050893
2023-01-01 08:28:00,2072.1030042918455,22.05535502435029,74.63393078158707,7.435717671012541,1042.6179521837055,3888.252182173364,10.790610669799346,2.3430426447613315
2023-01-01 08:29:00,2073.8197424892705,23.544163091237955,79.95296312385284,7.56685930151795,1042.0562706500154,4065.649930670836,11.155187957547334,2.47988800422449
2023-01-01 08:30:00,2075.5364806866955,27.938973694506537,90.83034844481924,7.595987693955009,948.307223367526,3922.1171884366718,10.978539376815055,2.5591170304834137
2023-01-01 08:31:00,2077.25321888412,23.941986311124527,68.57253622225569,7.6325243743723235,991.0938574192116,4016.3576740511176,10.92702890027128,2.606326735218733
2023-01-01 08:32:00,2078.969957081545,23.581513162556224,76.28220354616265,7.7280624649734815,990.9588712954315,3913.320450206219,10.897642274327033,2.677065615474996
2023-01-01 08:33:00,2080.68669527897,23.623597086105885,75.56702506337062,7.69813087780162,946.6950155223848,3892.355140952099,10.97211335676309,2.697801547334951
2023-01-01 08:34:00,2082.4034334763946,28.139576495969063,85.06981643466537,7.676108671029447,991.2823236025029,3892.431907933671,10.827877361121395,2.665826733319
2023-01-01 08:35:00,2084.1201716738196,26.190478715793645,82.01795458978222,7.650560494396039,981.494519363014,4161.494166707586,11.01892595109203,2.6581761361281155
2023-01-01 08:36:00,2085.8369098712446,22.934090862841888,74.20420822387597,7.555652753147686,971.6622857713526,3920.580440234138,10.803115368771397,2.668424291174051
2023-01-01 08:37:00,2087.5536480686696,26.593890601387436,78.00415746978358,7.659115788197742,973.4180287942754,4097.033309741501,11.065016098949078,2.6724659465626575
2023-01-01 08:38:00,2089.2703862660946,24.00331854048428,99.05125560873401,7.457824784088989,984.0070791270551,3898.962054898087,10.907071688681906,2.626863615897725
2023-01-01 08:39:00,2090.987124463519,17.731008344553977,61.37971489068969,7.412173680929637,957.5379630986859,3991.330645565288,10.908215476074513,2.5243558408857227
2023-01-01 08:40:00,2092.703862660944,19.24452772061437,78.61206574660922,7.3759564738420735,990.4451150318764,3894.518145788249,11.040065310660884,2.471799720051839
2023-01-01 08:41:00,2094.420600858369,20.686955697981514,65.01950475907087,7.3022385259148725,943.4703523557419,4036.4449467460963,11.060456185210345,2.4878247865872747
2023-01-01 08:42:00,2096.1373390557937,17.318321688787996,76.4152432936379,7.25745393418674,951.4953001815471,3935.9370515567707,10.755672613958097,2.3196120874284643
2023-01-01 08:43:00,2097.8540772532187,20.3989997631791,89.18054819158172,7.3200896176126165,1002.1866733336727,3864.358169358129,11.075550114782393,2.3131096424166246
2023-01-01 08:44:00,2099.5708154506437,27.600195799280456,87.65598849172844,7.2590412211567426,978.2642388420968,3816.0287317752586,10.980077285856153,2.213976304100597
2023-01-01 08:45:00,2101.2875536480688,25.662033264838946,73.99793839770673,7.312262093668635,951.4897977409114,3914.6682558721927,10.765086390908749,2.1889282408895374
2023-01-01 08:46:00,2103.0042918454938,25.211120611011925,83.15909195937132,7.2973807983650145,936.7279871451283,3942.810084566879,10.854391653041908,2.190872589858226
2023-01-01 08:47:00,2104.7210300429188,20.510483940192994,89.51893265271792,7.366706942780388,993.9957404669452,3807.555293524083,10.903651303181176,2.242516872670761
2023-01-01 08:48:00,2106.4377682403433,21.004972257166155,75.40340230353515,7.459826242104724,986.036572076211,4127.821145197463,10.850550683240275,2.327041059321119
2023-01-01 08:49:00,2108.1545064377683,22.55193410382518,92.02148726432472,7.53661241822386,975.8810269776309,4090.530327820521,10.984487851835347,2.408813064463998
2023-01-01 08:50:00,2109.8712446351933,19.53033206021974,83.73459034304412,7.481566129397347,972.9257001474507,3821.7531324015645,11.016177254007301,2.3944587104730144
2023-01-01 08:51:00,2111.587982832618,21.783370011541443,64.54559998058667,7.419886774167516,960.5205550544105,3958.6064439904594,11.035610784418004,2.3863838769938037
2023-01-01 08:52:00,2113.304721030043,26.22625171895007,78.7739850269847,7.41387329195712,1022.4812986549705,4096.382648138615,10.8404237373208,2.409034754218057
2023-01-01 08:53:00,2115.021459227468,16.271564666488615,87.35749680589517,7.3169465911370315,950.0229760681649,3786.763962844952,10.999835644113986,2.382744806757263
2023-01-01 08:54:00,2116.738197424893,24.434737216861212,90.16992205327182,7.251224746385798,1020.4707190257201,3874.458542964997,10.797167531929485,2.3046009224425243
2023-01-01 08:55:00,2118.454935622318,17.012466596019394,95.27439981049965,7.278044372165234,1025.2953484929703,3915.6907456510507,10.913474370441056,2.4449051640498802
2023-01-01 08:56:00,2120.1716738197424,28.38876377499807,71.85538456896289,7.369958688903764,983.0795903743526,3979.551397160191,11.063546635611253,2.4989229183673483
2023-01-01 08:57:00,2121.8884120171674,18.6114057220253,79.11608602174816,7.495298712350143,958.2852765094536,3939.07031794275,10.955160225011985,2.5418390453378903
2023-01-01 08:58:00,2123.6051502145924,20.498031902318758,63.34585858429821,7.497433138421067,945.5243095449946,4036.8391750872456,10.82099459042257,2.5568439335891644
2023-01-01 08:59:00,2125.321888412017,21.36600056540583,77.56480191320574,7.473830697661467,1000.6317515184325,4013.8342136499587,10.868442287763841,2.4841437643554145
2023-01-01 09:00:00,2127.038626609442,21.828129057822554,87.89008413395656,7.49030640151001,925.3922282249446,4150.8535180183235,10.91273694340514,2.52149983251927
2023-01-01 09:01:00,2128.755364806867,22.98997583917607,92.4396316343117,7.431049496635699,957.9231614268929,3988.3636473990377,11.085651292644572,2.499005949967251
2023-01-01 09:02:00,2130.472103004292,22.93828403192905,78.36000359460698,7.471830877424587,974.2145533869797,3817.1067394884763,10.98524539693411,2.447906699826838
2023-01-01 09:03:00,2132.188841201717,23.63004771033131,90.73234942683075,7.499377353078353,936.1099171187634,4023.79684667428,11.024771867911685,2.495674612965477
2023-01-01 09:04:00,2133.9055793991415,26.640656506801303,84.68321602977664,7.3617751380656395,974.729831500323,3993.3343491346377,10.926052894099845,2.412528986073187
2023-01-01 09:05:00,2135.6223175965665,22.92449086491724,82.1164428126315,7.387974224717356,955.9657712394722,3925.0272633314607,10.997075389088366,2.429409750461643
2023-01-01 09:06:00,2137.3390557939915,20.582535996320004,105.05017009458878,7.3157846009581275,970.3195641803522,3851.82103490781,11.017477389298822,2.378069405650622
2023-01-01 09:07:00,2139.055793991416,18.80691800647777,70.57182142097241,7.32052594555063,945.2934283566651,3875.7753309317764,10.94384168684598,2.3296737485641184
2023-01-01 09:08:00,2140.772532188841,18.743547897881204,63.873810382453804,7.269729153542166,954.6342879930596,4067.3363515056976,10.871510668933123,2.3194243893291846
2023-01-01 09:09:00,2142.489270386266,25.244555992721644,90.88590496389686,7.2347474194829005,987.9728131511296,3823.967664605102,11.015328902736858,2.293380725719672
2023-01-01 09:10:00,2144.206008583691,21.138237343118234,77.6869666929726,7.227936794386886,1014.6249919618579,4017.773433000062,11.056431546581017,2.2779792923640536
2023-01-01 09:11:00,2145.922746781116,19.80331852042672,98.74390429863746,7.304360722316374,976.4868854009072,4180.055704849358,10.747751878467449,2.2963541434412447
2023-01-01 09:12:00,2147.639484978541,17.810067287902523,104.0244095020606,7.289460308676931,983.7533711340704,3914.8795831020707,10.964335486965053,2.2627496758757584
2023-01-01 09:13:00,2149.3562231759656,21.33930592501871,83.6737893424698,7.30624803455963,975.2017930322351,3787.2116444324415,10.901321688954372,2.240195082294691
2023-01-01 09:14:00,2151.0729613733906,24.69323886253519,78.56169237418202,7.447147427201479,992.9646505127471,3997.7632939583114,11.078001212110086,2.261383677033351
2023-01-01 09:15:00,2152.7896995708156,21.580028181294264,66.54129644797227,7.58459813096163,981.2558970513832,3806.388441415794,11.020386966919556,2.3499629703275606
2023-01-01 09:16:00,2154.50643776824,24.488876834229554,84.79642325845278,7.624486102083309,928.098105911013,3906.7416421824596,11.065640228124739,2.341245615925864
2023-01-01 09:17:00,2156.223175965665,24.06342643659447,99.84453576170738,7.61507161869955,989.4015297055429,3981.815297636969,10.992696908481774,2.344349836284407
2023-01-01 09:18:00,2157.93991416309,22.770138897892835,81.67045331482684,7.522128900409912,1012.1550333158586,4008.9750610078086,10.905650569997121,2.281113716985974
2023-01-01 09:19:00,2159.656652360515,24.39438865723869,79.94571955698342,7.399012444538938,947.3105531756144,3815.461505334004,10.982006236406233,2.2696404966909975
2023-01-01 09:20:00,2161.37339055794,21.82500032211887,93.70941247293234,7.441202921682114,969.5482619690874,4028.6330034129146,11.099300250570922,2.3216257382693186
2023-01-01 09:21:00,2163.0901287553647,17.950275361744232,60.0,7.400521024510084,965.0418921133411,3816.5821247845415,10.867804064321087,2.3059298975666507
2023-01-01 09:22:00,2164.8068669527897,24.106977994847448,90.1824590838929,7.356653392262486,978.8714262578688,4022.6574406596537,10.956084079938217,2.262784113901674
2023-01-01 09:23:00,2166.5236051502147,23.58063225610695,77.24988943351228,7.323717112840364,952.9206007735679,4143.1590761823945,11.077769012920479,2.280959152093658
2023-01-01 09:24:00,2168.2403433476393,16.90655344103535,88.63620239214099,7.274192530557876,954.6654667726318,3990.664329172267,10.822485002998928,2.2896531253423063
2023-01-01 09:25:00,2169.9570815450643,18.870691191140832,76.05679073998986,7.314071981387688,924.0866263103807,4004.086276425391,11.010219227190127,2.362639408897955
2023-01-01 09:26:00,2171.6738197424893,22.467519952957332,68.03381936712925,7.2941556374752485,962.2978222522801,3906.0391356941814,10.982205258804031,2.405462248490582
2023-01-01 09:27:00,2173.3905579399143,19.965256014168517,82.90690451718619,7.326461192698926,951.9642009361464,3823.042022724514,11.076970860523753,2.4468524023586027
2023-01-01 09:28:00,2175.1072961373393,24.12277402509001,80.35000197263066,7.440096229630774,1009.2879048171532,4019.9535563685995,11.143044447301754,2.5833521368436427
2023-01-01 09:29:00,2176.824034334764,24.43741978536195,81.369709257739,7.501624412613988,943.0040915326692,4002.502404773547,11.046724951006379,2.657118607650185
2023-01-01 09:30:00,2178.540772532189,22.509676935441426,88.29399702240202,7.543158390907926,1017.7030708934498,3938.1468833574454,11.109739771703502,2.653100155380506
2023-01-01 09:31:00,2180.257510729614,24.235598972088585,91.82762129180573,7.64474568397762,996.4459458396118,3792.314243715937,11.040251133896492,2.6749211332084646
2023-01-01 09:32:00,2181.9742489270384,28.75353249070999,80.88172730463891,7.635110853601966,1022.1858056281357,4084.3869607397028,11.039922777117988,2.63260872676867
2023-01-01 09:33:00,2183.6909871244634,22.801567919845112,84.28371020368886,7.966983379011508,991.4469844480313,4026.9075679113016,11.144338066003558,1.7476341792636991
2023-01-01 09:34:00,2185.4077253218884,24.53752758478834,81.34995908936067,8.149384597189808,941.7441623012871,4124.302296953109,11.016151342843091,1.7515513247975874
2023-01-01 09:35:00,2187.1244635193134,21.86803618677104,82.44419341572755,8.099404028426195,1044.6036389852493,4094.0190032513083,10.996502482417814,1.8621013171417045
2023-01-01 09:36:00,2188.8412017167384,26.972269008362616,74.52676868370891,7.890446406738341,983.1685012525229,4044.7870058549006,11.109929278717,2.0744083219145524
2023-01-01 09:37:00,2190.5579399141634,22.217436466925854,74.09937651698445,7.615334326610182,1003.3931312484514,4012.8195787161517,10.903349888132128,2.3645695226314256
2023-01-01 09:38:00,2192.274678111588,21.25375254136315,80.42651713098175,7.293983225683718,989.1974683746432,3948.907024795637,11.118565390726735,3.0869653152532033
2023-01-01 09:39:00,2193.991416309013,21.086173035056927,77.39684927441523,7.009890668053563,944.3160925294609,3899.4559577985433,10.907687329607446,4.497815569664568
2023-01-01 09:40:00,2195.708154506438,24.171251756858062,85.74635212350888,6.652211318064112,961.5321948778854,3913.465600619823,10.878621680018476,5.748051651310645
2023-01-01 09:41:00,2197.4248927038625,20.87682384467253,77.18665851690284,6.212481151907008,1021.9871781653142,4304.437768829575,10.99251425742477,7.123479028772661
2023-01-01 09:42:00,2199.1416309012875,22.899295394984573,80.8799633910058,5.829088903272577,960.408231054401,3984.249911866266,11.27541382290809,8.709119084114498
2023-01-01 09:43:00,2200.8583690987125,10.586617063761212,118.68680199013457,5.3762601930914675,958.7362549050745,4084.918576756019,11.039900429935956,9.533250390878928
2023-01-01 09:44:00,2202.5751072961375,10.564505093187217,118.16227239404853,4.906219836860596,957.7641434461868,4057.905683671269,10.895297061328831,10.662568637861632
2023-01-01 09:45:00,2204.2918454935625,7.932051760535654,105.96423801002328,4.538481529981691,981.432088321057,4021.6207213189628,11.013108546170871,11.85260464396672
2023-01-01 09:46:00,2206.008583690987,8.266740630750261,119.27062260019741,4.1312375071842,988.4836596545589,3919.238134847875,10.849826424123188,13.262353339913007
2023-01-01 09:47:00,2207.725321888412,12.139193994345538,109.5170478945767,3.7940410172213026,1015.6476111261608,3966.6403210942713,10.943962871450744,14.193450280040107
2023-01-01 09:48:00,2209.442060085837,11.043628970256504,126.50728206441973,3.547259397158141,992.652296226666,4061.669986067002,11.05245482723532,14.749413850847734
2023-01-01 09:49:00,2211.1587982832616,7.528164874451174,120.66010945115788,3.3264456127360114,998.2603016882326,3948.8565415023963,10.965101536206783,15.304897330582794
2023-01-01 09:50:00,2212.8755364806866,10.106675114889496,108.4476076787297,3.2203264050260394,987.1365145455925,3958.1163818980417,10.937571239110309,15.587831884965565
2023-01-01 09:51:00,2214.5922746781116,11.793432976801514,120.6052757941699,3.22570110574939,958.3772880355227,3974.024492032991,10.927934152950746,15.75916632734105
2023-01-01 09:52:00,2216.3090128755366,6.3800681982452065,112.06563377563276,3.3106248754116128,938.700193480115,4002.835206859806,11.121507121529739,15.23101354847883
2023-01-01 09:53:00,2218.0257510729616,11.291324275539106,104.51311798478514,3.5514684887074415,994.4085277434159,3916.854232284595,11.0245181285085,14.827372681535477
2023-01-01 09:54:00,2219.742489270386,10.367236957124122,119.26676320343034,3.5728182331909695,968.9920612188214,4128.303259582594,11.022343618531425,15.828618053634177
2023-01-01 09:55:00,2221.459227467811,10.291016438394385,108.92790937459037,3.5864886461245407,1001.7502251732417,4027.426190663852,11.053331259453191,15.367874600424443
2023-01-01 09:56:00,2223.175965665236,10.9510394008204,118.41723421937301,3.5771807254426995,925.0496612198021,4111.596242058923,11.118201500689567,15.551406445771319
2023-01-01 09:57:00,2224.8927038626607,12.483474277285907,102.64094018576081,3.578778849504733,934.9384849242198,3893.507960712652,11.183909010518452,15.964757637815161
2023-01-01 09:58:00,2226.6094420600857,9.561795014286533,116.9482959626594,3.6646227134382645,975.5408312960884,3995.53434524739,11.165526407072159,16.849062940032905
2023-01-01 09:59:00,2228.3261802575107,10.461868017218668,104.6439035692763,3.6997267872760453,957.9049981617428,4036.636372983027,10.769337943596076,17.460107135519344
2023-01-01 10:00:00,2230.0429184549357,9.475530495224625,126.16422035152634,3.687418419224098,944.969205229127,4059.304346276842,11.08130414814185,17.744754772395368
2023-01-01 10:01:00,2231.7596566523607,10.488580027415992,103.88351359884426,3.72060527684052,1012.4234934178836,4073.4366622566044,10.947362454686663,17.486322077053174
2023-01-01 10:02:00,2233.4763948497857,10.324189351290377,126.13374829992333,3.8034983960612223,1003.690159194091,4010.3797719352806,10.979736993625155,18.23840374937175
2023-01-01 10:03:00,2235.1931330472103,12.396620761098067,111.53823311572062,3.7066785799415873,966.4349100795943,4035.2151745653723,11.033197912180022,17.59238744350884
2023-01-01 10:04:00,2236.9098712446353,8.534831227279483,124.43021115423586,3.6887382115376535,936.9146300784258,3864.619280906572,11.10882954448269,17.936540314438126
2023-01-01 10:05:00,2238.62660944206,11.898157079932716,122.1184768116922,3.656211733141832,961.2836308947153,4112.961822508704,11.123339915927982,17.495543376022113
2023-01-01 10:06:00,2240.343347639485,12.154608208210872,105.62547016284343,3.601378897409763,966.6775305264817,3963.7969172406024,11.160669297051905,17.850347886712598
2023-01-01 10:07:00,2242.06008583691,12.320446402724981,119.76061337799955,3.557033356970689,970.7234832323013,4108.165835774702,10.955518475653447,17.587684988517996
2023-01-01 10:08:00,2243.776824034335,9.163734028726159,116.81718868912355,3.534140219875707,1015.525205112293,3990.6752011032017,11.049252580808465,17.20108640774856
2023-01-01 10:09:00,2245.49356223176,10.009394566801342,104.48531723996423,3.5433817999376425,981.9065518708549,4258.973840818263,11.126569459587895,16.818183574307835
2023-01-01 10:10:00,2247.210300429185,9.55378824694934,98.8551827955018,3.4787078559641955,939.9013713784275,4027.258855389086,11.105015265995808,16.790694512164816
2023-01-01 10:11:00,2248.9270386266094,11.943420215456754,116.92025015719874,3.413953487148999,1028.8040865390503,4021.152847352857,11.026146361780922,16.008823805679597
2023-01-01 10:12:00,2250.6437768240344,5.198496471027863,111.91826580185081,3.4256056613828534,985.9660230801072,4121.471837300668,11.16301942735204,15.831055417413136
2023-01-01 10:13:00,2252.360515021459,8.823839788473196,127.13057196226586,3.3777703212441397,951.6856452916986,4071.8673265155676,11.15576673858789,16.175546245408427
2023-01-01 10:14:00,2254.077253218884,10.443602482981738,97.62778135079085,3.4152232922906642,989.2697400098012,3895.371292979902,10.917174200031754,16.29731597015877
2023-01-01 10:15:00,2255.793991416309,10.447969415734551,119.72986793425635,3.368049240091878,980.8637507677989,3910.0425206844993,11.058310090497793,15.539882984522594
2023-01-01 10:16:00,2257.510729613734,9.707305582536183,105.52486835816214,3.329956068754961,1029.5050074585295,4084.3416001241667,10.991943800046947,16.009100745386135
2023-01-01 10:17:00,2259.227467811159,8.438881491518755,106.8933670322066,3.278558918223588,938.1510731555354,3935.0570480714077,11.010562399651052,15.742210823750375
2023-01-01 10:18:00,2260.944206008584,9.738314528816272,110.96807818806133,3.286546980448979,944.3844925741971,3977.693811621943,10.914808264299547,16.11647713092868
2023-01-01 10:19:00,2262.660944206009,10.09670134237406,118.74666377604112,3.285494065703268,965.4013968552969,4059.7323125260527,11.00785968470728,15.649494484335705
2023-01-01 10:20:00,2264.3776824034335,7.104984784529905,103.29506651779548,3.2948617339922732,976.3100007852044,3858.636742452576,10.880838611342023,15.221265844381438
2023-01-01 10:21:00,2266.0944206008585,11.656515986817894,108.48582144679297,3.35831420411499,1041.7055765201483,4107.239354000834,11.004919280511412,15.081044597738494
2023-01-01 10:22:00,2267.811158798283,9.365574414964536,106.71274748247093,3.4191204540883726,971.3638781018226,3919.558518398859,11.16423462819602,15.958792043291702
2023-01-01 10:23:00,2269.527896995708,11.456160589840977,115.47672146974944,3.3632192721336436,921.7006258815757,3766.147017850352,11.111591876079146,15.036292302899069
2023-01-01 10:24:00,2271.244635193133,8.428296748180232,96.28426403968513,3.403298316264655,946.3227320565368,4108.843067100598,10.904196376970187,15.526219193940296
2023-01-01 10:25:00,2272.961373390558,8.667192203228884,127.52327395452306,3.418707711799918,949.5708427801145,3984.323363471216,10.97777193537904,15.249717515276082
2023-01-01 10:26:00,2274.678111587983,9.59133441128004,99.83783857604442,3.4584581771202796,952.021670507894,3910.338868150066,10.889546970679385,15.985522098074366
2023-01-01 10:27:00,2276.394849785408,12.324009359358763,103.11891442737145,3.505545608907522,978.6801504627911,3938.6109343744565,11.09647841586708,16.209050802319382
2023-01-01 10:28:00,2278.1115879828326,8.10917167812403,92.9702283759728,3.4759101251111817,963.3896176445969,3887.5591127811144,11.351551426842077,15.878603130855815
2023-01-01 10:29:00,2279.8283261802576,9.846537149292505,109.0063352769862,3.5143288238116006,976.7777425839893,4069.4059161207797,11.203133421052268,15.722761648834886
2023-01-01 10:30:00,2281.545064377682,14.14214510426306,97.52540437019451,3.519242279572835,984.1876037551978,3966.1080275019567,10.852076603734377,15.867184978144369
2023-01-01 10:31:00,2283.261802575107,10.84880459439306,107.35186887525046,3.466172844763571,972.1971730357354,4004.559325433074,11.040261271228944,15.456167906723296
2023-01-01 10:32:00,2284.978540772532,9.70735998441689,112.53022325437806,3.565369786291973,958.9959308106007,3971.133892472627,10.921737587039425,16.170747372415278
2023-01-01 10:33:00,2286.695278969957,11.126897632094867,115.63517315643783,3.536847333942382,990.1083279201156,3883.798079950599,11.070252710707438,15.909236052170018
2023-01-01 10:34:00,2288.412017167382,8.496488789168694,110.65626200016992,3.572750374143946,1001.2637519344823,3936.427764455449,11.165218735472784,16.076349673082873
2023-01-01 10:35:00,2290.128755364807,11.707080628501783,116.06500326160301,3.521899412376166,1029.6561234809058,3942.371316926488,11.136027830098653,15.853204978296633
2023-01-01 10:36:00,2291.8454935622317,10.907164434243995,110.27795836569078,3.5320278758264774,1013.9476154184347,4167.273445917082,11.069412402256857,16.00266099545914
2023-01-01 10:37:00,2293.5622317596567,7.022233016787194,94.46287282118331,3.5377038107549224,1021.1580149167424,4233.646163280706,10.834952873121981,15.60080641461547
2023-01-01 10:38:00,2295.2789699570812,12.229100705313456,85.29946188414876,3.5257833617815146,1011.4768858080209,3816.468198600112,11.07611515606495,15.891251109624772
2023-01-01 10:39:00,2296.9957081545062,10.449689027589473,107.9936581970524,3.5294396385937516,972.3454740153006,3903.0312515853507,10.850320531416937,15.322809126725675
2023-01-01 10:40:00,2298.7124463519312,10.368309398022397,109.56054190228194,3.497614921478978,956.2775505576884,4022.6345823461947,11.04763471418523,14.975291945094723
2023-01-01 10:41:00,2300.4291845493563,13.232934701348707,88.00843739807797,3.5059315332375935,955.4149557448504,4117.944773128006,11.110116599143664,15.117352789527574
2023-01-01 10:42:00,2302.1459227467813,9.175232509142731,100.44403130390836,3.502628568371443,985.4211680050774,3903.971015414671,11.135106044082166,15.071764939752176
2023-01-01 10:43:00,2303.8626609442063,11.75119468883754,118.27813027979819,3.516133095337226,992.5493424914297,3967.695046062282,11.070709527175874,15.347630447176494
2023-01-01 10:44:00,2305.5793991416313,8.98428232980434,100.88231201221784,3.503947130129327,1032.030051118447,4152.5786038553915,11.081248163547038,15.924731767182475
2023-01-01 10:45:00,2307.296137339056,10.15960912857399,113.05554763716707,3.4765632420858026,991.5839995458302,3875.82771146671,11.344574809467957,16.212339012828807
2023-01-01 10:46:00,2309.012875536481,7.480737471436445,123.08366273681382,3.5014390072027024,942.2113247329291,4070.2395764875514,10.85546780962954,16.73963495215091
2023-01-01 10:47:00,2310.7296137339054,9.185040700033635,106.80277254337724,3.5151463923229453,989.3608840402003,4026.1806778901537,10.982405355518985,16.861425972976463
2023-01-01 10:48:00,2312.4463519313304,12.479826668541293,100.74463830780952,3.4710206282706437,980.9345753652956,3914.5217083778184,10.983310582659865,16.55468701817839
2023-01-01 10:49:00,2314.1630901287554,9.596939349756989,114.36392794895609,3.523499573573024,952.3109896391223,3924.5129834137415,10.928105892301106,17.014669902010215
2023-01-01 10:50:00,2315.8798283261804,10.266653467374859,122.40237331326477,3.566580805417252,947.6161342324633,4116.548610299247,11.00177391541045,17.155801803962305
2023-01-01 10:51:00,2317.5965665236054,11.851105814368152,119.32811253943997,3.517538891281415,988.0197283742158,3977.9035688473964,10.960359025598509,16.740851333228466
2023-01-01 10:52:00,2319.3133047210304,10.992269874595916,121.83529301762499,3.6296618009478845,987.6820284343006,4087.108301438117,11.087973105746348,16.78072255491639
2023-01-01 10:53:00,2321.030042918455,8.646694591204563,102.58625861208176,3.653465172589948,1009.9745875339739,3950.177568592298,11.043681056372876,16.248523003270243
2023-01-01 10:54:00,2322.74678111588,11.408730869352203,115.37562622306636,3.7027407808969937,956.6406269759348,3953.4457399894754,10.991983567832603,16.79414024838027
2023-01-01 10:55:00,2324.4635193133045,10.012489702253832,95.62010773104328,3.742654717149574,945.211734073249,4043.322779410584,11.11797454981059,16.597154810523666
2023-01-01 10:56:00,2326.1802575107295,10.674414620387711,107.8810625439387,3.7127575250624782,984.409493375126,3895.347614599751,10.963676802121977,16.481345489802386
2023-01-01 10:57:00,2327.8969957081545,12.667771872795225,111.4729136266835,3.658359115329707,1005.5860155599529,3847.5601474881455,10.787215567620624,15.872500610825966
2023-01-01 10:58:00,2329.6137339055795,11.204150523893459,123.22692594063848,3.5600020034881554,978.599303600895,3923.573280451108,10.822153884944367,16.086545704620164
2023-01-01 10:59:00,2331.3304721030045,9.183910712676536,120.81238489399497,3.6209584649513316,966.786910642096,3814.650394271015,11.029072062025033,16.57075343594526
2023-01-01 11:00:00,2333.0472103004295,8.964092922136576,113.75098211215166,3.6147646669077185,962.4231205011662,4108.672498752458,10.907878480750144,16.523873259349546
2023-01-01 11:01:00,2334.763948497854,12.216512602800696,106.58440383076712,3.6162823339197274,957.5630900817088,3897.8431583105703,11.292566143643427,15.944180511986902
2023-01-01 11:02:00,2336.480686695279,11.24874763182754,107.5962480815379,3.6131412535304586,949.7126703434,3946.5949312955877,11.054287092669956,15.469673860536403
2023-01-01 11:03:00,2338.1974248927036,12.313670624818421,109.11586191001895,3.635776666407808,1000.2438745439829,3909.5958194241666,11.21116623630685,15.969823117916484
2023-01-01 11:04:00,2339.9141630901286,9.607929594520368,103.2574951947515,3.6089346927203256,1007.819861726878,3939.60205651047,10.855842565017108,15.724712975784005
2023-01-01 11:05:00,2341.6309012875536,7.6764773181658015,129.8224942852903,3.571394532245831,957.0969170498448,3955.3889946251097,10.974188351723676,15.788724677857573
2023-01-01 11:06:00,2343.3476394849786,11.78460007879464,111.8283984478045,3.580949599375253,975.8435611375332,3855.006010181084,11.156941194167734,15.549586559450123
2023-01-01 11:07:00,2345.0643776824036,13.310706074524536,120.01250973010829,3.5772457392099986,993.720268847527,3893.5229730887345,11.068861043640421,15.575818380463438
2023-01-01 11:08:00,2346.7811158798286,13.676869380890764,105.87444917217941,3.5485385004435113,960.0262705327667,3884.347535670886,10.925054673239382,15.480950977435372
2023-01-01 11:09:00,2348.4978540772536,5.556708102988582,88.58056492547625,3.5592713109111807,933.2208109342088,3810.6824779509757,10.93960356039692,15.15241324036831
2023-01-01 11:10:00,2350.214592274678,7.269301604179425,106.20432036920303,3.538756653627467,953.1419302736741,3806.6981853657217,11.178243145022428,14.821273577469455
2023-01-01 11:11:00,2351.931330472103,9.015218769867076,118.61958306311675,3.459884094739171,989.555553034566,3931.333854928396,11.043445281316949,13.794741651442122
2023-01-01 11:12:00,2353.6480686695277,13.18795751562255,115.66860480578684,3.5344850039178937,962.383861049121,4100.560480191175,11.006680370657431,14.204368304439537
2023-01-01 11:13:00,2355.3648068669527,8.700384783932524,108.26458559971572,3.5051428583914754,971.1921772049288,3916.7072365518266,10.897887797009723,14.025781837641329
2023-01-01 11:14:00,2357.0815450643777,9.042871161411293,107.36583502022529,3.4825079520955677,965.2480980085709,4122.9105710300855,11.060907008672599,14.549401792060118
2023-01-01 11:15:00,2358.7982832618027,10.527166550213293,114.42236349692149,3.4427405514373013,998.3963022334466,3911.996142351636,11.109487504653702,14.812687518261175
2023-01-01 11:16:00,2360.5150214592277,10.237883527236693,97.8276453059221,3.3649728637278993,1003.7083074208296,4139.110110006224,11.054195091710653,14.5616868732475
2023-01-01 11:17:00,2362.2317596566527,6.864803353852932,102.13062655743624,3.415823986744161,977.6173313357212,4014.641336700832,10.831501862744528,15.10556077553007
2023-01-01 11:18:00,2363.9484978540772,11.533243569489798,103.57994984673674,3.501764092835689,1017.9170096270809,4053.271211310319,11.08663288903826,16.291578591906962
2023-01-01 11:19:00,2365.6652360515022,9.601393315090272,131.3894197649388,3.584497648314031,985.2823517776604,4090.630184888013,11.12062845358539,16.981367158996047
2023-01-01 11:20:00,2367.381974248927,10.174197940139962,106.05250434915973,3.5697516722217517,1000.0910813076908,4157.6834892461575,11.179951145373561,16.44503540992964
2023-01-01 11:21:00,2369.098712446352,13.291574661670248,117.16299447090819,3.616891455050675,1004.3295836332345,4103.901594715361,11.152312602432541,16.229207489969063
2023-01-01 11:22:00,2370.815450643777,8.616020701367619,115.28213231252225,3.5971831153716494,937.3278100239168,3924.531076442186,10.848798199904378,15.98259476660093
2023-01-01 11:23:00,2372.532188841202,11.293023150536651,116.2982455607485,3.652960812300483,943.1971956115901,4070.6582772701036,11.097028078121742,16.702716750696332
2023-01-01 11:24:00,2374.248927038627,12.646077771402132,100.33286929220084,3.660931272689217,979.1941219791468,3990.2190339946947,10.99635735707386,16.348112834382004
2023-01-01 11:25:00,2375.965665236052,9.515872081325229,105.38370149086334,3.596135442530027,962.0659344425485,4005.574677637238,11.049506233130408,16.78753834417728
2023-01-01 11:26:00,2377.6824034334763,13.115776269435557,105.9576722646865,3.7060969450688077,997.2967998045858,4018.4380404098283,11.047016618454924,17.403376634566097
2023-01-01 11:27:00,2379.3991416309013,9.51226014813905,106.8912243519553,3.662625249144841,1018.9314380649339,3935.913065002333,10.942912275688863,17.510124509399787
2023-01-01 11:28:00,2381.115879828326,9.753157704577118,122.99758377618201,3.582925882798799,1011.1001245180449,4009.6541410887744,11.182635100252545,17.610449213486675
2023-01-01 11:29:00,2382.832618025751,10.299271132793898,92.10154294986259,3.6196094888322015,968.8501515734434,4162.160899319411,10.993819736562743,17.311759139233104
2023-01-01 11:30:00,2384.549356223176,11.757974015882692,109.86285626674537,3.6092371096712825,1039.4608672735553,4048.3570469818533,11.02917160615744,17.135979218080667
2023-01-01 11:31:00,2386.266094420601,9.085948026077919,110.23267551634191,3.59531297218269,996.1232304028329,3852.9421943808966,11.016756256340187,16.926967198685638
2023-01-01 11:32:00,2387.982832618026,11.391910528690532,147.65101729111166,3.57783707636648,1013.8261241801782,3996.076330554171,11.050383723476733,16.684723081048283
2023-01-01 11:33:00,2389.699570815451,9.503894839797542,117.45163878901894,3.5568094222226514,974.8929527996504,4228.231166864031,11.083734219406223,16.409246865168598
2023-01-01 11:34:00,2391.416309012876,12.155379063332044,123.35853523481634,3.5322300097512054,967.2691994532048,4050.9531397775577,11.015015428431905,16.100538551046583
2023-01-01 11:35:00,2393.1330472103004,12.286988347425023,114.32197379930501,3.504098838952141,985.8253754389054,4035.98191514251,11.06948941453379,15.758598138682238
2023-01-01 11:36:00,2394.8497854077254,7.024177530979658,120.99602316909376,3.472415909825459,982.5037949507382,3704.185325726248,11.047496208879718,15.383425628075567
2023-01-01 11:37:00,2396.56652360515,13.203365905042743,108.28454663535648,3.4371812223711586,969.6389742411257,3855.268874403827,11.028127895267506,14.975021019226567
2023-01-01 11:38:00,2398.283261802575,8.450001322926184,117.42253989997808,3.3983947765892406,979.9007903004006,3919.972852529947,11.073314158846694,14.533384312135235
2023-01-01 11:39:00,2400.0,9.23995820006331,102.2860543025054,3.3560565724797047,965.888148137729,4127.020358298071,10.935822264753853,14.058515506801577
