TIMESTAMP,MD,ROP,WOB,RPM,TORQUE,FLOW,SPP,MW
2023-01-01 00:00:00,1000.0,53.46912400017063,26.693905587272614,135.36707048757128,6.297315876214962,930.6665146055456,3124.30165215439,10.360261367316246
2023-01-01 00:01:00,1000.4000800160032,53.29146309929501,26.761252146122857,135.71493165959816,6.393256747362394,935.7906312618248,3109.0633528697285,10.362086183219237
2023-01-01 00:02:00,1000.8001600320064,52.12674699208709,27.137032297585034,135.44010697934345,6.375600470922172,935.1259825602361,3142.430804895693,10.387509272085502
2023-01-01 00:03:00,1001.2002400480096,53.29019777149469,26.84912732505642,136.22494913215158,6.225296390716339,933.5627055134656,3118.719018032283,10.380824871113585
2023-01-01 00:04:00,1001.6003200640127,51.85403037290688,27.454670754229618,136.20466289672171,6.2432681426587004,938.1121117083067,3140.0926856629358,10.3860910174388
2023-01-01 00:05:00,1002.000400080016,52.40285775031383,27.110070130920022,136.1991492020722,6.304130884481634,934.8526359355329,3119.604714199492,10.384553000600114
2023-01-01 00:06:00,1002.4004800960192,52.50310581705687,26.796587534529,135.73968035531632,6.23228836928137,926.7919570235266,3094.882408996923,10.357945675040733
2023-01-01 00:07:00,1002.8005601120224,54.36175340776816,26.094424803227145,136.46871843216312,5.995201637352726,933.4700775613927,3089.38991286281,10.351616811164012
2023-01-01 00:08:00,1003.2006401280256,52.7754235135254,26.81843552906648,136.0385841699411,6.37539474480622,937.9291409654712,3148.3517866699003,10.384845429468303
2023-01-01 00:09:00,1003.6007201440289,53.04999280753214,27.294438087358227,135.35416219943633,6.352467685342892,931.6759347821845,3131.080176708958,10.390709141752794
2023-01-01 00:10:00,1004.000800160032,53.6965436969713,26.452672878416017,136.2431400971121,6.2876209136000965,928.8330314077456,3124.220575027583,10.356246069940985
2023-01-01 00:11:00,1004.4008801760352,53.81767696748446,26.812676482633425,135.71210616905125,6.157987806996248,936.8930181694159,3095.0630282947945,10.353121170606522
2023-01-01 00:12:00,1004.8009601920384,54.242004097840976,26.017449894401775,136.62399466796148,6.052976624856942,927.860660531579,3093.1122340754937,10.344360660597106
2023-01-01 00:13:00,1005.2010402080416,53.69706476342513,25.748932156770618,136.72652098305443,6.012073715673319,928.7640401920039,3102.0709813093113,10.353422542874519
2023-01-01 00:14:00,1005.6011202240448,53.39474233056624,26.90254372229483,134.68209292915512,6.199318888649119,931.553399473523,3145.5986330009414,10.354717515584971
2023-01-01 00:15:00,1006.001200240048,53.24345007762986,26.591033649246402,136.61211381696396,6.284316019995073,929.3724407151691,3112.3736350934005,10.364872163041698
2023-01-01 00:16:00,1006.4012802560512,52.01105914442806,27.049293596411154,135.05965147809184,6.3252187871375645,935.0651327433878,3122.994225430491,10.377541840736045
2023-01-01 00:17:00,1006.8013602720545,53.28314435429698,25.802824805409944,137.09487242150587,6.010021038207734,932.7064569807362,3106.803913296885,10.346801040872764
2023-01-01 00:18:00,1007.2014402880576,53.08675320778343,26.856783682847404,136.73424992753414,6.200285821690517,931.5833465576147,3102.491256122341,10.370259321745348
2023-01-01 00:19:00,1007.6015203040608,52.89678757959389,27.13438991546982,135.18460461807385,6.439669754763998,939.1682206098372,3141.923738503008,10.38393108441216
2023-01-01 00:20:00,1008.001600320064,52.859888808671336,27.675336047073667,135.80934916237413,6.570322602670473,943.4941839483,3141.223115466665,10.384971978981548
2023-01-01 00:21:00,1008.4016803360672,52.40363708871477,27.14878617579793,135.93891912294706,6.492335895927615,934.9491961641679,3127.3332781095605,10.374830473441778
2023-01-01 00:22:00,1008.8017603520705,52.53721026877809,27.550534829184247,135.52773761951943,6.3457224684616556,936.9290176315111,3136.751349873233,10.377787980039841
2023-01-01 00:23:00,1009.2018403680736,51.69347735116204,27.706836175092466,134.9819784694175,6.403480523514015,941.8881740668958,3145.9403263065183,10.386861789001818
2023-01-01 00:24:00,1009.6019203840768,53.816228289411825,25.997472981773278,137.5108046144028,6.052029078723531,925.7551911404383,3105.2781851485493,10.33248653572749
2023-01-01 00:25:00,1010.00200040008,51.23794869834954,28.636426635504407,134.44936000532041,6.592066814045282,944.422932151434,3184.3017847886194,10.41109970617483
2023-01-01 00:26:00,1010.4020804160832,53.27040679321639,27.384863090301234,136.2282565943636,6.397669387031502,941.499176847832,3126.1593556068324,10.370517332653549
2023-01-01 00:27:00,1010.8021604320865,52.89390424663277,26.752584410704046,135.05682998131456,6.333047824921859,931.67989958409,3112.5164657361065,10.3548521655551
2023-01-01 00:28:00,1011.2022404480896,55.11274300025858,25.317102131767392,137.71915846005402,6.045501655094816,927.6305301300032,3065.3457681629075,10.323893049870257
2023-01-01 00:29:00,1011.6023204640928,53.24209525582808,26.469840075171952,135.5859347887669,6.160940832762384,931.5578599302363,3118.553253885931,10.339160994806381
2023-01-01 00:30:00,1012.0024004800961,51.2410968771098,27.665021095497867,134.84966583875612,6.478576006683695,946.2004938457038,3147.2175487254085,10.39710566474518
2023-01-01 00:31:00,1012.4024804960992,52.548718481875305,27.305487995154508,135.71585682115588,6.380188768864501,932.9697404844215,3143.8833673787894,10.38823029941693
2023-01-01 00:32:00,1012.8025605121024,52.832553352627976,26.89688853424915,137.1882254602296,6.021087637731125,932.5027121467931,3126.490588542865,10.37192658458113
2023-01-01 00:33:00,1013.2026405281056,54.79034117547041,25.657358693302044,136.78181210348149,5.892024746143626,922.4332123529786,3083.132136517593,10.330013865578232
2023-01-01 00:34:00,1013.6027205441088,54.70414901529093,25.695690602075974,136.84225406195628,6.04043829874122,925.6175818409482,3089.120999543463,10.335313572382956
2023-01-01 00:35:00,1014.0028005601121,55.46510788962389,24.64399640058161,137.8865187025552,5.902165390224252,920.762880233572,3081.8975224947194,10.31109197827743
2023-01-01 00:36:00,1014.4028805761152,54.93866125106511,25.25792146749116,136.7389188397508,6.066777354517212,926.2130554674549,3097.7093112540097,10.314977591747772
2023-01-01 00:37:00,1014.8029605921184,52.66384237690349,27.04808577630475,136.23023202405142,6.261410923220642,932.1129050165828,3136.256111535634,10.384362366219547
2023-01-01 00:38:00,1015.2030406081216,53.77498431525589,27.015736268537797,136.21563231499297,6.179908407888312,932.4891503992127,3112.7346756701136,10.36865382807184
2023-01-01 00:39:00,1015.6031206241248,51.16012417434768,27.724372169028847,135.1694852845725,6.449539818544422,940.7484433382842,3132.7457897487116,10.404889758406334
2023-01-01 00:40:00,1016.0032006401281,52.82705441144079,27.116341116464167,136.31389110449533,6.2443964262096525,929.5487641123372,3116.1135401194333,10.394944344297036
2023-01-01 00:41:00,1016.4032806561312,51.558848449821504,27.8524340759078,134.93079221708513,6.57602804409069,938.2897560074869,3140.7945821771887,10.388015344711944
2023-01-01 00:42:00,1016.8033606721344,51.32031190266935,27.626752135769284,135.15613830895145,6.24678588317861,944.3276804722261,3140.751253192822,10.368172497162764
2023-01-01 00:43:00,1017.2034406881377,51.70936852205933,27.51664922826729,135.34631541204087,6.303208241071182,938.783729151322,3142.769867867801,10.395723907210286
2023-01-01 00:44:00,1017.6035207041408,54.12916732701749,25.522506933832954,136.6798371127452,6.013438782059844,922.2505309311936,3087.8024229514917,10.333387275213086
2023-01-01 00:45:00,1018.003600720144,54.06779665528098,26.38903899175412,136.5842655324343,6.03188002729309,926.8719977264437,3104.9139090413505,10.344235464828351
2023-01-01 00:46:00,1018.4036807361472,51.02453628216046,28.8089809076783,135.2396880782067,6.36602214157974,942.187267298918,3161.6573174475993,10.404937798787616
2023-01-01 00:47:00,1018.8037607521504,52.42752352449421,27.71330255012458,135.23617359840452,6.172192022720878,935.4972987725688,3124.8423488105236,10.369106681412864
2023-01-01 00:48:00,1019.2038407681537,53.99964802198335,26.63708304302469,135.74269144708808,6.148805202463148,929.4358893993442,3103.9518143059854,10.3719814622437
2023-01-01 00:49:00,1019.6039207841568,52.35751518729822,26.95423792382586,136.02926939950984,6.345380121463376,940.7195190199554,3142.9953931152745,10.392478790093733
2023-01-01 00:50:00,1020.00400080016,53.83567585545079,25.845199414107462,136.8620713181491,6.078509576026385,934.7546882245664,3084.6111946794504,10.316265253290934
2023-01-01 00:51:00,1020.4040808161633,52.9957908702393,26.995229626230294,136.11569871259567,6.420495893586143,932.791197814011,3127.357701449471,10.352239729605644
2023-01-01 00:52:00,1020.8041608321664,52.83220673431727,26.688439325902262,136.45979640869245,6.228587671273105,935.0379018155191,3119.2698994785474,10.353418480502052
2023-01-01 00:53:00,1021.2042408481697,52.89674684009567,26.799111202451147,135.2613288890614,6.234766117135662,934.9926618267301,3099.216187257598,10.35310955947744
2023-01-01 00:54:00,1021.6043208641728,53.068056419162964,27.199209028029053,136.2081837444463,6.287919839663479,938.1319417398335,3120.1898203488513,10.366349624614505
2023-01-01 00:55:00,1022.004400880176,51.66813769448805,28.186153223189454,134.13422080972364,6.540688756832794,939.7185895110043,3165.68308210208,10.406486006368528
2023-01-01 00:56:00,1022.4044808961793,53.85505622990646,26.259590634360425,136.37065835054216,6.408657529230884,937.7576590843521,3111.8363101187965,10.354076682218047
2023-01-01 00:57:00,1022.8045609121824,53.81165500522067,26.61226061839237,135.92003044122237,6.255362128454828,932.5041656924708,3102.0246946379543,10.3489722258028
2023-01-01 00:58:00,1023.2046409281857,53.6420117051046,27.160701354421104,135.80317579290883,6.3010106618442006,934.9709094913196,3125.1674339465317,10.357357288582332
2023-01-01 00:59:00,1023.6047209441888,52.39841764473844,26.836854153539473,137.00068614892092,6.13551868090072,933.2761719858654,3113.4114287719476,10.380852172948737
2023-01-01 01:00:00,1024.0048009601921,53.49470292411932,26.891575840446542,136.35814398742755,6.28136501163407,932.5896318254304,3122.3986490339917,10.360470210721763
2023-01-01 01:01:00,1024.4048809761953,53.24471131710658,26.613824286165467,136.753615257,6.283891135902318,933.2444655559282,3142.177185094435,10.356875559418043
2023-01-01 01:02:00,1024.8049609921984,52.18416572673464,27.114706764895136,135.64288466070306,6.488091316346756,933.1324283742763,3138.693351137019,10.367773209033675
2023-01-01 01:03:00,1025.2050410082015,51.0422514331774,28.613618282658237,134.6247995902077,6.711470011866103,938.0835829256778,3174.393922085867,10.415924048640552
2023-01-01 01:04:00,1025.605121024205,53.672935181271114,25.722119407552583,137.17983300329433,6.060245015710035,927.8615196089936,3094.8962194501923,10.350474709628998
2023-01-01 01:05:00,1026.005201040208,52.185971172420714,26.815864271595558,135.98547704866678,6.297103723843613,932.3522647273438,3115.917484054501,10.380208045494992
2023-01-01 01:06:00,1026.4052810562112,53.67828928864697,27.103564475524045,136.81170446171913,6.220197855576808,934.3034397423288,3126.689209008277,10.370367197765633
2023-01-01 01:07:00,1026.8053610722145,53.89813053950169,26.411228182769225,136.54099874267266,6.193790400943479,932.768685384257,3104.9350467202235,10.344081648766721
2023-01-01 01:08:00,1027.2054410882176,52.61714622958567,27.174268955190282,136.74585991328055,6.496053158193415,936.5212739005884,3131.6205662659722,10.36970525435081
2023-01-01 01:09:00,1027.6055211042208,52.933592926607346,27.343852239168594,136.6218014525519,6.359931227255223,937.7857663191467,3137.4938042591875,10.37708828723737
2023-01-01 01:10:00,1028.0056011202241,52.12157162455391,28.203218091513968,134.47150707023746,6.566347654565996,939.7405320186185,3145.5221912368247,10.40702441882546
2023-01-01 01:11:00,1028.4056811362273,53.84643997159318,26.538720364246473,136.2615520136115,6.410458509958051,927.7515574072283,3126.157898168666,10.356920566338754
2023-01-01 01:12:00,1028.8057611522304,52.975833422585964,27.25711965538578,136.06971004202526,6.045622393311666,934.2472350284038,3130.64354805179,10.382395265416093
2023-01-01 01:13:00,1029.2058411682337,51.480164363675264,27.805296926832003,135.1462149955458,6.427134717401277,942.789764930708,3141.1633142010737,10.384251038946768
2023-01-01 01:14:00,1029.6059211842369,52.71326858170974,26.97330392729851,136.16232887840368,6.321446101489745,929.5703649957657,3131.5769486297945,10.362988553854498
2023-01-01 01:15:00,1030.00600120024,53.10645653894194,27.411869742857576,136.12904597690488,6.274493900631518,935.4564215426706,3123.354783186881,10.361909259740216
2023-01-01 01:16:00,1030.4060812162431,53.230949736971425,27.2299701367112,134.99294580479327,6.261264746368001,937.8020735338025,3141.1075364872677,10.383432525399256
2023-01-01 01:17:00,1030.8061612322465,54.61883089614637,25.81728181968621,137.84590635537185,5.850454392977397,935.0920827693373,3103.6611360696947,10.336006151253974
2023-01-01 01:18:00,1031.2062412482496,51.96614247361119,28.11805761015493,134.93994262757195,6.428057677389997,942.5260566422788,3145.4673683474557,10.38912529398874
2023-01-01 01:19:00,1031.6063212642528,54.6858130353711,26.076135418023785,136.89927626018243,6.1133365275426375,927.5806828235902,3104.8320039179644,10.326279218510441
2023-01-01 01:20:00,1032.0064012802561,50.97959537494445,28.5529016972314,133.98250911885899,6.732945065934541,945.7502008403054,3170.7455290678936,10.445683376582275
2023-01-01 01:21:00,1032.4064812962592,53.63481516352608,26.62009616644041,136.930001517241,6.094215793289358,925.4069195860452,3118.459442600455,10.351637290636745
2023-01-01 01:22:00,1032.8065613122624,51.35459755509777,27.156757153554555,135.37135212352783,6.412632547122796,933.905665268772,3166.0483400434,10.39873409096729
2023-01-01 01:23:00,1033.2066413282657,51.685233056036196,28.61298676702387,134.19036165920198,6.739296860557927,944.740398372002,3187.4941579547635,10.41287239121438
2023-01-01 01:24:00,1033.6067213442689,52.80671088150646,27.8665569690143,134.96601204400426,6.309428443874837,939.4452177240671,3143.428035100611,10.389653124240333
2023-01-01 01:25:00,1034.006801360272,53.983657632109946,26.335582977569974,135.8807650016811,6.098859055215951,930.4939103781477,3105.5187613640446,10.360823270163893
2023-01-01 01:26:00,1034.4068813762754,52.064144480491386,27.440771209212684,135.0489134824183,6.42681730012885,937.3607043354001,3126.92723049543,10.393799780272339
2023-01-01 01:27:00,1034.8069613922785,54.359246567746624,26.717561027302715,136.28786858046647,6.087675123798522,928.8567085709627,3107.115513293393,10.342529099126232
2023-01-01 01:28:00,1035.2070414082816,52.144010202274735,27.47309069019792,135.12193473226802,6.52948413660661,938.8124287932599,3147.051650302595,10.403641559192046
2023-01-01 01:29:00,1035.6071214242847,50.719161037707565,29.46336329399486,134.16019885443248,6.6041285828530825,943.6679648346475,3173.5104189577,10.460359998582883
2023-01-01 01:30:00,1036.007201440288,51.79127544136108,27.78095108655207,135.18647736798405,6.419017926791482,939.8409058141135,3164.2807671154665,10.395390283809256
2023-01-01 01:31:00,1036.4072814562912,52.59921915755367,27.38657839286952,136.39310010829257,6.402513748040422,931.806791091851,3126.9512409834174,10.381775620681875
2023-01-01 01:32:00,1036.8073614722944,53.8503169729657,26.31694239652532,137.37278250529852,5.927688764616286,927.3157421493257,3095.3030641866685,10.340234060463077
2023-01-01 01:33:00,1037.2074414882977,55.07825462160813,25.899986114571316,136.85220828943818,6.12260034394223,931.2414262540457,3097.55478585508,10.327159390385397
2023-01-01 01:34:00,1037.6075215043008,53.2921768514246,26.999683955879103,135.86125442133465,6.360442759415672,934.4893838629202,3122.6367737391993,10.364825770510105
2023-01-01 01:35:00,1038.007601520304,52.50766566866258,27.92242449147284,135.10363792864004,6.54821017922454,941.0880085672965,3146.4854453770254,10.412325852187664
2023-01-01 01:36:00,1038.4076815363073,52.40568122176775,27.433194422646427,134.57138233602168,6.312907487957793,936.572249710939,3150.211609063783,10.362345133605457
2023-01-01 01:37:00,1038.8077615523105,52.896662589894675,28.3690043724837,134.55934680495332,6.514588919432905,937.8654616544391,3139.3737771519427,10.400039296382424
2023-01-01 01:38:00,1039.2078415683136,52.21724707354048,27.01046257205827,135.64419200377608,6.225073585475399,932.7285877164568,3137.345152363998,10.369912508953249
2023-01-01 01:39:00,1039.607921584317,53.13070492677578,27.161542770770854,135.58523496276456,6.31301815001413,934.8816811574848,3126.2534569041045,10.397574454105632
2023-01-01 01:40:00,1040.00800160032,52.35443940446911,27.215476159099644,136.12610703512374,6.315145917289836,935.4748590411515,3117.0695647164534,10.371170898270023
2023-01-01 01:41:00,1040.4080816163232,52.17426427833736,27.529478451401975,135.6255262262474,6.324822218390428,939.443845432076,3138.685697904999,10.384548760922794
2023-01-01 01:42:00,1040.8081616323266,55.53862109764561,25.763790856415454,136.3208505812155,6.04380137314593,927.4975290721238,3118.012352297881,10.349509188076981
2023-01-01 01:43:00,1041.2082416483297,53.23711932232627,27.627544804736637,135.95285911310125,6.235307782181634,937.9026699362475,3139.3213040485325,10.387961178446949
2023-01-01 01:44:00,1041.6083216643328,53.71737452940259,25.692337205286552,136.55087644691156,6.210188798185154,926.9135897708269,3115.644983850735,10.361694784533087
2023-01-01 01:45:00,1042.008401680336,53.679575147652294,26.40107885260276,136.73122293471422,6.366618822595483,934.3193590000478,3106.900177333365,10.365472029238301
2023-01-01 01:46:00,1042.4084816963393,51.43787254036998,27.930386676339808,135.0803353496056,6.472504549051553,939.2582994024827,3158.2367690080023,10.4027601874388
2023-01-01 01:47:00,1042.8085617123425,53.004644820274834,27.048885079546448,135.52092850298834,6.36939715733957,939.4950222467438,3119.36869468471,10.389646032373912
2023-01-01 01:48:00,1043.2086417283456,52.89185096758518,28.440437293698036,135.90374417241375,6.277331382512016,939.8683422156836,3160.458358399901,10.38958095624054
2023-01-01 01:49:00,1043.608721744349,51.584111874892734,28.372590523446558,134.36215968979275,6.458551616230783,935.5160817992527,3157.839510932292,10.409403449489444
2023-01-01 01:50:00,1044.008801760352,53.28504656205758,26.861909755830105,135.95069066150123,6.261756977475024,933.9067900960454,3113.857899318503,10.362138737611994
2023-01-01 01:51:00,1044.4088817763552,53.06650425117815,27.25251733404703,135.93770986608482,6.300216989433961,938.7659033552327,3132.74984143745,10.367195196037416
2023-01-01 01:52:00,1044.8089617923586,52.966952576338315,27.40037387310699,135.64285650169,6.39500562110262,938.9480671140393,3148.841754002495,10.38112101772813
2023-01-01 01:53:00,1045.2090418083617,50.774505311184306,28.039940898148775,134.56090603190464,6.65906889012206,941.0186816083769,3168.192611771824,10.415233734612432
2023-01-01 01:54:00,1045.6091218243648,52.72415225546809,27.90446752979939,136.40351305365374,6.405360074224178,938.1639375627778,3137.2207517467073,10.375390125728286
2023-01-01 01:55:00,1046.0092018403682,52.64619198580922,27.258108477331124,135.69268582385288,6.289605444989124,939.1903748077242,3154.766094405563,10.383656193321682
2023-01-01 01:56:00,1046.4092818563713,53.4609952714354,26.895336607840427,136.05135341579387,6.36374061513803,936.6949134984591,3123.4962849935187,10.371842191750298
2023-01-01 01:57:00,1046.8093618723744,51.75948321224551,28.128044009262027,134.58889112254846,6.525321421939036,941.091471299655,3132.457457312642,10.405231279556448
2023-01-01 01:58:00,1047.2094418883776,52.166407098359365,28.186542210673892,134.0584019135886,6.367044398870564,939.254472337709,3137.172820343572,10.378865335114904
2023-01-01 01:59:00,1047.609521904381,54.120573496541006,26.11621843187912,136.8728942750022,5.989894464433229,931.8270203636002,3097.171766376678,10.3466063348196
2023-01-01 02:00:00,1048.009601920384,49.23899428483532,29.49592521542217,133.62858106180784,6.635815491835721,954.093108592505,3203.712495387065,10.452027021276535
2023-01-01 02:01:00,1048.4096819363872,52.9716630350473,27.316804363418125,135.55167073369805,6.208923709638812,935.3771832812114,3139.202395779701,10.386704542347253
2023-01-01 02:02:00,1048.8097619523905,52.7657515768292,28.330979975955866,135.1579196796918,6.4779382140453245,937.8990697456904,3141.958619554599,10.401265685634485
2023-01-01 02:03:00,1049.2098419683937,54.67622784892858,26.16924342555395,137.3842590819754,6.032362172748406,928.068729049645,3103.1871346287007,10.34653587158797
2023-01-01 02:04:00,1049.6099219843968,53.7038536034914,27.546629656863864,136.54860961335342,6.233132191434682,939.1486529816904,3119.294127318364,10.372789452335091
2023-01-01 02:05:00,1050.0100020004002,52.579058777027925,27.84210554486649,135.1104948181602,6.661571526313062,943.458195054326,3163.9081572587384,10.406451491191133
2023-01-01 02:06:00,1050.4100820164033,53.99457620277645,27.706203875539057,135.38081373130512,6.538799892475574,938.2146111153105,3154.9372495741277,10.400206279317421
2023-01-01 02:07:00,1050.8101620324064,54.979354525624075,26.364153780256927,136.3371280152545,5.9763035309434605,927.1732205621934,3113.6774334626575,10.328195550830568
2023-01-01 02:08:00,1051.2102420484098,53.18202436429619,27.467083848858316,135.01339885524334,6.508179591685028,932.7792120163308,3144.755452080543,10.386708516085724
2023-01-01 02:09:00,1051.610322064413,53.56646496705663,27.583380945038574,135.5924367959655,6.462710766962599,935.4720442703476,3149.1112345936494,10.39270901950895
2023-01-01 02:10:00,1052.010402080416,53.2505394100241,28.097920301156382,135.0683096017931,6.454718510864708,933.5422146591948,3129.8849639520768,10.381554620841825
2023-01-01 02:11:00,1052.4104820964194,54.30621563816731,27.004952920475294,136.17058693167832,6.3031813499271,934.3732300116307,3124.2564769086184,10.372281688302094
2023-01-01 02:12:00,1052.8105621124225,53.38405015965629,26.83553712906164,136.9621818664664,6.3917881232484435,937.6853213877314,3112.5556012286847,10.357467347381437
2023-01-01 02:13:00,1053.2106421284257,52.95455098012009,27.066611522424036,136.46044763302177,6.424945650046034,932.966172127052,3137.024891769037,10.361807921987637
2023-01-01 02:14:00,1053.6107221444288,52.97110606365749,27.92944478610014,135.58387595581965,6.278604434915048,938.0211334692237,3140.529142055014,10.375739870602398
2023-01-01 02:15:00,1054.0108021604321,53.35679212590928,27.487613749068363,136.28511154674595,6.287104630613839,937.7702046400842,3101.584345286795,10.366239244117818
2023-01-01 02:16:00,1054.4108821764353,53.977807394991025,27.230576162190054,135.83991441699249,6.183879500715427,933.6362895002385,3128.983628577633,10.37427261440036
2023-01-01 02:17:00,1054.8109621924384,55.46780159086409,26.04832327714907,137.67386989298856,6.194518551234309,927.1007373448,3106.771494441965,10.353240506097249
2023-01-01 02:18:00,1055.2110422084418,51.33495768815516,28.86352705704735,133.6668317274382,6.561597872749121,943.2522382342535,3159.1685160238635,10.397312346168722
2023-01-01 02:19:00,1055.611122224445,53.785925363271936,26.75802680839201,136.68373545481325,6.158861871777146,935.712371453441,3120.0836085976257,10.357767907378976
2023-01-01 02:20:00,1056.011202240448,52.73632868562346,27.4453686966842,135.5375096219332,6.539896674633284,939.0977307731648,3127.3368554736817,10.398286450965406
2023-01-01 02:21:00,1056.4112822564514,51.821925034637395,28.619297184721148,134.34002615743535,6.587076667250456,941.6351457892457,3149.818972255234,10.407407793231313
2023-01-01 02:22:00,1056.8113622724545,52.65062858314595,27.651749121334195,135.73401858378028,6.529522309930823,938.5776929327641,3144.3331419782667,10.389893225793697
2023-01-01 02:23:00,1057.2114422884576,52.93095123296241,27.052139314948825,135.07455374163877,6.274745160855718,937.8016197327534,3121.345065995536,10.38748460662481
2023-01-01 02:24:00,1057.6115223044608,53.14213450068365,27.27519632878269,134.867154358446,6.358638624211526,933.982275482792,3139.0828129797274,10.384933917486698
2023-01-01 02:25:00,1058.0116023204641,52.05561310570068,28.645838553204417,133.57062902675264,6.749529634545449,945.5916611614024,3152.9388959291846,10.417228625476772
2023-01-01 02:26:00,1058.4116823364673,52.79018015068812,27.59901515620809,136.07158037661458,6.223061554012485,938.8363729488472,3135.037494187503,10.378797398908526
2023-01-01 02:27:00,1058.8117623524704,52.49480478186636,27.199102762197043,136.0634239643901,6.532139748529289,933.6003338739563,3143.3407449283486,10.377717881642088
2023-01-01 02:28:00,1059.2118423684738,54.843794504875184,26.209437329231324,135.77776345994874,5.976543193546196,922.3515550599101,3107.676838381793,10.353632119600832
2023-01-01 02:29:00,1059.6119223844769,52.17609094434325,27.340236864541033,136.4017878073168,6.456451428985544,934.0588308730922,3141.8095720564656,10.392945236700184
2023-01-01 02:30:00,1060.01200240048,54.01427287498163,26.845199698396872,136.3590449132322,6.0199342738508355,931.7297149195705,3127.8670478942895,10.363591236730006
2023-01-01 02:31:00,1060.4120824164834,52.04236294812512,27.494262352865185,135.4112982031245,6.446799137183521,941.4755306978085,3137.3564746104976,10.394434598872989
2023-01-01 02:32:00,1060.8121624324865,53.54690416316599,27.775392334573038,134.71994214771667,6.264214761867854,934.6662772653135,3127.253293275502,10.376133565244395
2023-01-01 02:33:00,1061.2122424484896,53.31867845023342,27.033167734012153,136.579780697825,6.493431162106933,936.3023818339653,3119.6117975153,10.377460897309142
2023-01-01 02:34:00,1061.612322464493,52.34407552061213,28.264252128707138,134.55473076077197,6.5110057106462635,934.5043232628881,3151.081539458015,10.417652853300991
2023-01-01 02:35:00,1062.0124024804961,52.46282897659711,28.32083361302928,135.26768649348443,6.482488401488845,942.3009921484207,3158.833840292642,10.429074489741781
2023-01-01 02:36:00,1062.4124824964993,52.91860578820321,26.857772541650995,136.17126462432637,6.432028245096412,935.5082384316624,3133.648171154075,10.37024202510078
2023-01-01 02:37:00,1062.8125625125026,54.678761349744974,25.830879593601686,137.66882924612747,6.00626929624418,934.6210094754451,3101.404919159517,10.332725285078103
2023-01-01 02:38:00,1063.2126425285057,51.94386621804529,28.421807148712166,134.35527278445915,6.6394558150184535,936.1938309660549,3142.386567344077,10.393751159257272
2023-01-01 02:39:00,1063.6127225445089,51.07781091404042,28.472585357925734,133.8919072044181,6.6464685369877365,945.8138143361266,3176.646190697019,10.427943155831388
2023-01-01 02:40:00,1064.012802560512,53.965705711376806,26.209431713422724,135.7133761932809,6.200372337699853,928.3598437663604,3134.965415835941,10.352014189400675
2023-01-01 02:41:00,1064.4128825765154,50.951064039686024,28.210510873981402,134.53522716144528,6.694913694542438,943.6727497084105,3180.0508563191224,10.439224648459447
2023-01-01 02:42:00,1064.8129625925185,51.04015237658023,29.707928915538123,133.85665426579385,6.662094858229722,942.5369788050349,3165.972383879646,10.450216083555343
2023-01-01 02:43:00,1065.2130426085216,53.61505796807441,27.218697308157616,136.2928474200202,6.375343722397143,942.47909545686,3129.66224408816,10.375655430575687
2023-01-01 02:44:00,1065.613122624525,54.881823890098104,25.95765756368466,137.4389722196418,6.179832574729119,927.9515066234901,3092.469508579125,10.333384697574301
2023-01-01 02:45:00,1066.013202640528,52.26937102599362,28.256282701157197,134.16363397407338,6.54939252476496,939.20787315607,3149.4015863329337,10.383941062928123
2023-01-01 02:46:00,1066.4132826565312,50.638355289581014,29.240332356923194,134.313717803613,6.859355993831676,947.814857851057,3182.504595255349,10.433811371703515
2023-01-01 02:47:00,1066.8133626725346,51.693266573747295,28.468969193529656,135.08699985531322,6.391674446443554,938.8690149257934,3177.751114052751,10.417906632430498
2023-01-01 02:48:00,1067.2134426885377,53.26023494367499,27.491113720281888,135.33200044340234,6.341902433665158,940.1521410385109,3137.0807882273516,10.37663108655025
2023-01-01 02:49:00,1067.6135227045409,51.845055745469786,28.41918139881656,134.61441515822236,6.598731082194827,945.1900562492066,3168.11375314607,10.43590019851134
2023-01-01 02:50:00,1068.0136027205442,51.725105989554024,28.799206379945485,134.2272025994299,6.79948716704829,946.9010970075581,3168.518366971074,10.436235832842344
2023-01-01 02:51:00,1068.4136827365473,52.57543248813027,28.764223766549705,134.77578243919194,6.557189097859464,939.4508791879458,3168.9377168294727,10.415975601437754
2023-01-01 02:52:00,1068.8137627525505,51.50169150548688,28.720168611194307,134.03866121334815,6.437882013252521,947.930515790812,3168.5148958762015,10.418650535336964
2023-01-01 02:53:00,1069.2138427685536,52.16349204753584,28.48996021638198,134.6113367322562,6.53569720843813,946.7235973532277,3174.4852284821154,10.413151847652387
2023-01-01 02:54:00,1069.613922784557,54.16049461092164,26.802870196744724,136.12802873318512,6.196765860742541,932.9189604233709,3116.897383015686,10.383152485179597
2023-01-01 02:55:00,1070.01400280056,53.84889753640138,26.317378568629877,135.77715071978673,6.069148124441447,936.8911184760134,3137.2779291590246,10.363635616538394
2023-01-01 02:56:00,1070.4140828165632,51.91545998641576,28.58528184253517,134.59470414386854,6.705282447430129,943.7368047449474,3168.307510395339,10.42435460888481
2023-01-01 02:57:00,1070.8141628325666,51.02541472476749,28.831100085057923,135.15940131498988,6.601705915661634,942.1820299888116,3180.309986417019,10.436032926283318
2023-01-01 02:58:00,1071.2142428485697,51.46672925278012,29.16120467256699,133.68494262975585,6.755264783478327,945.1232684503632,3184.3486264530543,10.43630429379918
2023-01-01 02:59:00,1071.6143228645728,51.38620313806643,28.641720514228602,134.20618045993803,6.5356773387237705,942.4570817291764,3172.7662403269887,10.41186145941725
2023-01-01 03:00:00,1072.0144028805762,53.01602391301841,27.334130496161976,135.36334963298066,6.499593839624457,936.1880571728269,3139.675662637357,10.37574863906087
2023-01-01 03:01:00,1072.4144828965793,51.91265461432618,28.98405620297265,133.94443435544542,6.640075411443522,947.5781306653129,3171.4963041685537,10.422976898356687
2023-01-01 03:02:00,1072.8145629125825,52.37073157455341,28.2335624419824,134.89636760480798,6.562918075116471,938.0598401627357,3161.228644239471,10.409031920979835
2023-01-01 03:03:00,1073.2146429285858,52.29369907646569,28.642320760561116,134.82639500226222,6.667993793969428,941.7699526032877,3165.5273278928876,10.428438628520421
2023-01-01 03:04:00,1073.614722944589,53.73514272157491,27.361575962702744,135.7157786014054,6.243549375050281,933.342010641564,3125.8306244993873,10.370795608111358
2023-01-01 03:05:00,1074.014802960592,49.39256019756332,30.67451982716028,132.78319421568142,7.149044697395929,953.5880581996278,3232.5920618307064,10.47612830089249
2023-01-01 03:06:00,1074.4148829765954,53.927271688919184,27.04240396986487,136.07586181765322,6.30468610070337,933.5690218623805,3146.581463613512,10.393212795139098
2023-01-01 03:07:00,1074.8149629925986,54.10268988706995,27.398231980784377,135.69917243541906,6.271466250845356,935.6525304839204,3134.981321091002,10.38823908651499
2023-01-01 03:08:00,1075.2150430086017,51.77400109664923,28.691192541796177,133.7529114506325,6.595276967640189,944.3704373995893,3176.985740860875,10.430284473077368
2023-01-01 03:09:00,1075.6151230246048,51.88517543518968,28.367788725101395,135.08118338666648,6.463336381818073,942.9916055609655,3170.1675285893066,10.390928511878466
2023-01-01 03:10:00,1076.0152030406082,52.432653441528245,27.82270529458769,134.9410362911989,6.512066635723452,941.395814735273,3151.152043051004,10.40632110806948
2023-01-01 03:11:00,1076.4152830566113,51.88591025293985,28.51518137811935,134.3376956438533,6.679855323778275,945.7934939767927,3176.315687350294,10.421105295886221
2023-01-01 03:12:00,1076.8153630726144,52.052417969467975,28.47130684697128,134.27756932629782,6.375163970595972,949.9958506054321,3150.2211854207303,10.40906487106646
2023-01-01 03:13:00,1077.2154430886178,51.96263938047552,28.28111584714903,135.29775699240375,6.62528704075388,940.8426512221756,3153.8491539874653,10.405481618363204
2023-01-01 03:14:00,1077.615523104621,52.38482595763621,28.37067825638858,134.32852304949174,6.764838246302668,947.9968114893211,3160.7291251428114,10.422157334998168
2023-01-01 03:15:00,1078.015603120624,51.593075096591136,28.679983090054783,134.03246184925277,6.498519177235017,947.8457743915657,3171.546751073486,10.427093646564412
2023-01-01 03:16:00,1078.4156831366274,53.377704335953965,27.532207719211566,134.7342632391963,6.223775492656551,943.3092711643915,3126.349971696991,10.423609040237928
2023-01-01 03:17:00,1078.8157631526306,52.086599902570605,28.92628139033194,134.58271668678717,6.790294366459904,947.2305024690752,3186.309650237803,10.43170874356587
2023-01-01 03:18:00,1079.2158431686337,50.67151803456521,28.553686330327295,134.3583686960432,6.781003405884134,942.9742076310309,3171.2267297542885,10.431913833447071
2023-01-01 03:19:00,1079.6159231846368,53.2706580260055,27.487857819369207,135.57458379709158,6.465478966856734,938.3078320715393,3147.1463629438254,10.394805722936594
2023-01-01 03:20:00,1080.0160032006402,52.25973059071596,28.26397036828365,133.31449756486558,6.434682631124878,942.836589616121,3158.767872041747,10.412519908437286
2023-01-01 03:21:00,1080.4160832166433,52.13862573243165,28.16036176752804,134.50941354246703,6.785052743652252,945.1967772453837,3144.13500129843,10.403168853107648
2023-01-01 03:22:00,1080.8161632326464,51.66216647759208,28.850917293995646,133.99309057901593,6.616533219988469,942.5499374787715,3168.793247337734,10.410122109785956
2023-01-01 03:23:00,1081.2162432486498,53.62932274884257,27.74327633220716,134.78512509623002,6.503500184037767,943.2484544124619,3142.176271723721,10.396875901210265
2023-01-01 03:24:00,1081.616323264653,54.63175501677896,27.078899552907423,136.44689392912764,6.293393039384027,933.775349756655,3121.324857293713,10.365215601020903
2023-01-01 03:25:00,1082.016403280656,52.91392930014057,28.046914453439246,135.04491729534308,6.7270042049901875,944.341128638615,3173.414024872921,10.3897393608244
2023-01-01 03:26:00,1082.4164832966594,52.243328958241406,28.577708532659265,134.66765406257548,6.631847694132198,944.1417762010085,3181.423055453901,10.43281667639685
2023-01-01 03:27:00,1082.8165633126625,52.909748290284455,27.38307180865052,135.89335699756455,6.460461635194968,938.1837050172393,3137.703370683237,10.389837684228235
2023-01-01 03:28:00,1083.2166433286657,51.78636468958981,28.092718021927745,134.2162064496077,6.551360342485926,942.2919942761412,3144.6677272374995,10.422573692347907
2023-01-01 03:29:00,1083.616723344669,51.89192832948303,28.456383676346974,134.40597678358,6.459899235203157,944.1579537976833,3152.350810690749,10.38869726280014
2023-01-01 03:30:00,1084.0168033606722,53.2109545101548,28.023754062187507,135.08405738925805,6.258024001195522,945.603773712501,3153.5517914843767,10.413185032827604
2023-01-01 03:31:00,1084.4168833766753,51.32633408609128,29.151980929197926,133.41191140641462,6.779960297339875,941.3975454186798,3182.9732442735276,10.43346057671964
2023-01-01 03:32:00,1084.8169633926786,51.975686624220224,28.64537429570271,134.63738712964926,6.516106478542398,945.8561608204535,3153.612041698985,10.434377503254577
2023-01-01 03:33:00,1085.2170434086818,52.92869551470517,27.536561026823524,134.76625661557776,6.529090362941937,939.9723206567478,3144.2345530425932,10.401327973548788
2023-01-01 03:34:00,1085.617123424685,55.19206071250565,27.41878566804029,136.6512286273573,6.297765556606065,933.6234258184382,3136.394575885593,10.37447125676518
2023-01-01 03:35:00,1086.017203440688,53.62135676847238,27.540602941101948,135.20005427738639,6.368222674314754,929.0273004574256,3135.172320154043,10.38457615105494
2023-01-01 03:36:00,1086.4172834566914,52.30420048850855,29.051675097153343,135.2097511428583,6.580226352463688,946.7353603548017,3173.30599903606,10.421435843475646
2023-01-01 03:37:00,1086.8173634726945,54.211018361714565,26.678657315495062,136.85748169721927,6.421040586762221,934.7085621427506,3123.6365134641574,10.368249862048764
2023-01-01 03:38:00,1087.2174434886977,51.49963527787549,29.002034170438602,133.77194225865694,6.803291362829795,944.3840214113856,3176.885254742278,10.431808833150622
2023-01-01 03:39:00,1087.617523504701,52.178839575407046,28.951040638449186,134.5216807783366,6.609634318570901,946.2606325263891,3183.477057612152,10.416823041330796
2023-01-01 03:40:00,1088.0176035207041,52.93140040115904,28.002307214344366,134.21816030779112,6.832873651815716,942.514445668207,3166.930624711905,10.412641666821703
2023-01-01 03:41:00,1088.4176835367073,53.29513437337217,28.074080668257263,135.69954760968125,6.437124923452314,933.647545062313,3152.566045627325,10.387244954645595
2023-01-01 03:42:00,1088.8177635527106,53.98376319501018,28.047329679951762,135.30084650088432,6.282323622168039,937.9963461022337,3145.097521678729,10.373375876474924
2023-01-01 03:43:00,1089.2178435687138,51.73829399336274,29.79218804430818,133.18367249323867,6.678446439033689,948.5862646745582,3181.493402749435,10.439794889482407
2023-01-01 03:44:00,1089.617923584717,53.548165641427325,27.404457032322824,133.5153687255824,6.288059052968604,936.7085958093303,3146.328022824207,10.391623839736672
2023-01-01 03:45:00,1090.0180036007202,51.11865046197741,29.643575300649264,133.2572650253657,6.984424646281803,950.1673449657161,3186.9647619086163,10.450711770781142
2023-01-01 03:46:00,1090.4180836167234,52.67580779528754,28.578670492206275,134.9577062428815,6.647440251832834,941.3849818238705,3154.3669806619105,10.412429258258452
2023-01-01 03:47:00,1090.8181636327265,52.79247044125455,28.141828560939484,135.44724410839456,6.621162680142077,944.4076422780165,3169.220547014065,10.404158822566494
2023-01-01 03:48:00,1091.2182436487296,53.102855782709774,27.741700395614213,135.10651574630867,6.536003490301471,939.1744039759683,3147.755014137244,10.38796673896011
2023-01-01 03:49:00,1091.618323664733,53.979328747359816,27.148291787720144,135.7933579775753,6.561588585534726,940.7005085412177,3140.044016892237,10.39428233292658
2023-01-01 03:50:00,1092.0184036807361,53.020290565242966,28.477259387384116,134.63555657633665,6.505586319602535,939.8618655245168,3155.7707816284715,10.374902213411168
2023-01-01 03:51:00,1092.4184836967393,53.113888045196454,27.709831363201413,135.11575092521085,6.480648292186314,944.2430218262889,3130.7605523811585,10.390387336785832
2023-01-01 03:52:00,1092.8185637127426,52.23623076361403,28.336440426394905,134.97177485718046,6.539113493513095,941.928392611236,3167.014962423616,10.424308975756244
2023-01-01 03:53:00,1093.2186437287457,51.932324288013646,28.134707483365084,133.71811246124892,6.495391042312779,938.2340460227656,3168.2817813991524,10.41195576151659
2023-01-01 03:54:00,1093.6187237447489,53.554141178678,27.699664645094668,135.35272888131038,6.469989707830638,937.6788080016578,3132.6808706749002,10.384318458765462
2023-01-01 03:55:00,1094.0188037607522,53.65666832778735,27.79614842261988,135.0543486333086,6.1367810342036,936.3323556529638,3145.8884366203524,10.369956248440312
2023-01-01 03:56:00,1094.4188837767554,51.71546575164274,29.093488399387777,134.52168778434034,6.689062783021781,943.0126346371522,3180.6615327398426,10.40842587594232
2023-01-01 03:57:00,1094.8189637927585,54.220996331078474,28.41026142585785,134.81232287428125,6.499935409260333,941.7368719357752,3147.4705654720706,10.40408714041573
2023-01-01 03:58:00,1095.2190438087619,53.9555175442916,27.670205074360826,135.5479894904455,6.429480708846099,929.12215465926,3141.6034690223833,10.387769259199121
2023-01-01 03:59:00,1095.619123824765,53.19508828617817,28.762316926198665,135.18423818136566,6.514673099807476,939.460435034595,3164.516963592418,10.428468599852083
2023-01-01 04:00:00,1096.0192038407681,50.81623844273899,29.58702513932178,132.83591194153308,6.866103040517787,944.2451502811882,3176.826521560506,10.428422665492898
2023-01-01 04:01:00,1096.4192838567715,52.67151614141368,28.524536403510307,134.51112948518127,6.520052257493582,942.871756137892,3168.065013850591,10.415998919853706
2023-01-01 04:02:00,1096.8193638727746,53.24546103878041,27.927420169098376,134.82277918787523,6.369446482935741,933.2075014621171,3149.6620804980157,10.415465594205081
2023-01-01 04:03:00,1097.2194438887777,52.274747214598285,28.901098058037025,134.86423557344156,6.75030733812316,945.1955336596786,3148.6104016007207,10.420331950796971
2023-01-01 04:04:00,1097.6195239047809,51.939039681957084,28.899764280979817,134.47167416969967,6.791869315246776,947.0191591596034,3176.8881624918076,10.41005665060428
2023-01-01 04:05:00,1098.0196039207842,51.91984230043362,28.30748373004292,134.29627589039342,6.56729509406475,938.5270305826606,3166.795814755986,10.445339805668366
2023-01-01 04:06:00,1098.4196839367874,52.84616138386616,27.771763962340906,134.41488435515166,6.506436393953399,940.9300425564006,3142.9201052128274,10.417648223159672
2023-01-01 04:07:00,1098.8197639527905,51.18387754488276,30.089216514450918,133.5566022201394,7.009801046441009,952.9959260973726,3203.938279497565,10.456601673677202
2023-01-01 04:08:00,1099.2198439687938,52.044436952093996,28.74911367412811,133.94484627202255,6.725691022936655,948.7786439380372,3164.072747523734,10.438829360965851
2023-01-01 04:09:00,1099.619923984797,52.30626132841893,28.706636981663802,133.46550541841071,6.710170458750837,939.824165399558,3162.4944637381946,10.430055800563357
2023-01-01 04:10:00,1100.0200040008,52.674273389924906,28.926158676419956,133.62480648566043,6.679507397591178,938.7237354091423,3166.60984506528,10.424687810294298
2023-01-01 04:11:00,1100.4200840168035,51.88415780584544,29.65404538944165,133.65596237896315,6.806701417767078,953.6245979587715,3174.8199412554427,10.433068182335186
2023-01-01 04:12:00,1100.8201640328066,51.65656394786062,29.17739375605765,132.96806268646097,6.853633147318667,945.6661971507862,3175.660395009546,10.445062602725885
2023-01-01 04:13:00,1101.2202440488097,52.349095541112725,29.467934012935025,134.88488598735162,6.629908818611744,944.5132577384338,3167.84619132605,10.445955289799429
2023-01-01 04:14:00,1101.6203240648128,51.73272494661567,29.2649521711131,133.43087525780564,6.777888511811038,948.3193895713442,3180.1407808308945,10.438062960157948
2023-01-01 04:15:00,1102.0204040808162,52.615535271212536,28.82169405229077,134.48346348119182,6.604467401520234,939.504474507614,3168.18288834823,10.419462194706963
2023-01-01 04:16:00,1102.4204840968193,51.95971117668142,28.629234664890692,133.77005381522667,6.7476534265100625,946.8412144065536,3175.9920332520596,10.433916821344122
2023-01-01 04:17:00,1102.8205641128225,53.44013575726624,28.769552403322756,133.96501459053766,6.520557330019851,946.5852960273488,3158.3852645648267,10.411069109490183
2023-01-01 04:18:00,1103.2206441288258,52.037099935563575,29.845880545277875,132.28685329034712,6.858366451541432,945.0305536484285,3193.8673396167824,10.432071821967623
2023-01-01 04:19:00,1103.620724144829,53.411159702347184,28.82822786208785,134.77730627940966,6.572783636135309,940.3558110833044,3159.5952661758065,10.417118884061232
2023-01-01 04:20:00,1104.020804160832,53.24489749264625,27.88382430157133,134.30041012813223,6.486013160428029,938.5038200881298,3151.610142669405,10.407480252968686
2023-01-01 04:21:00,1104.4208841768354,52.23978723902527,29.823090982431072,133.59701260813551,6.656918415873874,946.2021906097489,3207.2540460440136,10.43042390205472
2023-01-01 04:22:00,1104.8209641928386,53.40585664818818,28.907677612824838,134.52447094676617,6.425331254144988,945.9740663152264,3162.89360580721,10.422194992478506
2023-01-01 04:23:00,1105.2210442088417,51.86629731711647,28.04693325554987,134.47952567530234,6.615885356602983,948.0192239361772,3165.6882145260215,10.413694487666675
2023-01-01 04:24:00,1105.621124224845,52.36953129294411,28.799792728481613,135.12471966480734,6.672829766304996,944.6014255288137,3163.638172585263,10.411107812863207
2023-01-01 04:25:00,1106.0212042408482,52.53993611866995,29.140933308422508,133.77126142951616,6.892054023322826,947.1712369279174,3185.5722412500204,10.423706931786507
2023-01-01 04:26:00,1106.4212842568513,52.630895309512766,28.16141911049623,134.50605626353695,6.551714154174838,943.0284395912378,3162.371014870776,10.405854749680358
2023-01-01 04:27:00,1106.8213642728547,52.52552278417151,28.467974118517557,133.5520988920856,6.470711927091933,941.5705064015342,3149.0236208071356,10.423030294401272
2023-01-01 04:28:00,1107.2214442888578,51.883104076816416,29.366154753338638,133.73660944509805,6.73189787536837,947.514943225439,3174.129850543654,10.426220821470675
2023-01-01 04:29:00,1107.621524304861,52.186915592051136,28.896201600372194,134.1242388682421,6.859287317237561,942.4181355668846,3174.3507012856558,10.442524622546793
2023-01-01 04:30:00,1108.021604320864,53.16503107546187,28.282228304319993,134.41084945836906,6.5069911114330505,939.1508096301878,3159.1445712314667,10.415264388969323
2023-01-01 04:31:00,1108.4216843368674,54.48211902302303,27.61249464255308,135.83945107789685,6.475092595073035,936.0573863658855,3139.438393708379,10.375916297709585
2023-01-01 04:32:00,1108.8217643528706,50.495981280463624,31.22860389830353,132.20885475404992,7.103090517664684,952.5810344210898,3211.3622396825776,10.479473831390433
2023-01-01 04:33:00,1109.2218443688737,52.365475043618495,29.144212481712,133.36604968106613,6.777631882107787,941.9149190835305,3175.414383864234,10.425258206557563
2023-01-01 04:34:00,1109.621924384877,52.94704361794548,28.560580833220158,134.63545705099577,6.798668288149496,940.9007635111047,3180.8736120944704,10.416274711826231
2023-01-01 04:35:00,1110.0220044008802,51.00901982730613,29.53949853538455,133.20266615243472,6.683397461766109,953.3231048968086,3195.4750781771872,10.466031273087863
2023-01-01 04:36:00,1110.4220844168833,51.53361638415526,29.719583144854152,133.03861575365522,7.027915768994876,956.4708692111363,3196.997396552575,10.456353531526059
2023-01-01 04:37:00,1110.8221644328867,50.62087147146255,30.541189566121183,132.50820896472388,6.968998375173896,952.7841637988842,3195.54631121037,10.468144141028056
2023-01-01 04:38:00,1111.2222444488898,51.540804803776275,29.35742853396315,133.26883524920333,6.7091657026799005,949.9334671278915,3182.556671793647,10.435118076955892
2023-01-01 04:39:00,1111.622324464893,51.87731758141865,29.896093077799748,133.52782330837675,6.825960990310964,947.3563298567308,3180.569372857064,10.451846013304023
2023-01-01 04:40:00,1112.0224044808963,51.614024465812584,29.365253222383068,133.42058125819722,6.986322831234524,942.3437525374013,3185.097166850163,10.446687630108624
2023-01-01 04:41:00,1112.4224844968994,52.35676039239405,28.794362497259655,134.8729900289167,6.847810235370289,943.0894689494912,3181.7991456005884,10.4429706507568
2023-01-01 04:42:00,1112.8225645129025,52.3694654068888,29.350978673542812,134.17462624918602,6.5652886720413575,946.219278775529,3183.0292970870087,10.4284502673502
2023-01-01 04:43:00,1113.2226445289057,52.94451027255821,28.604815440559396,134.64472590739393,6.559034210905398,944.084935809648,3161.9405467681754,10.425739039879696
2023-01-01 04:44:00,1113.622724544909,53.6047104945305,28.5722074908613,133.97739352700478,6.79662707254325,945.1446237733385,3156.9962660016404,10.440656817691021
2023-01-01 04:45:00,1114.0228045609122,52.373121681945264,29.696657740321843,132.83554103437447,6.747305827855609,945.8718387312067,3189.025209839315,10.430167239884135
2023-01-01 04:46:00,1114.4228845769153,52.11061697076566,29.37785993114873,133.03024747291093,6.8374889297229915,947.4108387731181,3188.233981221588,10.445709115907057
2023-01-01 04:47:00,1114.8229645929187,52.89023714542012,28.50149509890205,134.45313563115803,6.391531176973189,942.3336905490106,3157.0323375743837,10.40860391061064
2023-01-01 04:48:00,1115.2230446089218,52.612466052917085,29.018261751518633,134.09680304415534,6.591355014355029,940.3749357806272,3161.30143688388,10.420605356207547
2023-01-01 04:49:00,1115.623124624925,53.417161418649165,27.726318107498905,134.87916331333182,6.386746761640804,943.0137702663382,3148.6879547470876,10.404897900070013
2023-01-01 04:50:00,1116.0232046409283,53.63416309071471,27.690310195164503,135.33701099419332,6.332723991377564,938.1886018502393,3143.9615524667015,10.406465156950603
2023-01-01 04:51:00,1116.4232846569314,54.28339765917628,27.834491041389082,135.2116289372359,6.3579640343750565,945.7634671773268,3134.6593143852633,10.396608554644716
2023-01-01 04:52:00,1116.8233646729345,52.63767938871855,29.09542182771734,134.2244858046441,6.700798645658381,946.9588954954173,3177.0567758755355,10.439435485764648
2023-01-01 04:53:00,1117.223444688938,51.861273611993525,30.257958750692126,133.10402717411185,6.8008933849203705,948.7096002247962,3196.2535088940526,10.454867273094953
2023-01-01 04:54:00,1117.623524704941,52.42788086337929,29.09352002191718,133.97500875912834,6.665727782267917,945.0411155915875,3183.7476641990024,10.430615497366343
2023-01-01 04:55:00,1118.0236047209441,52.478081291289406,29.271479402130172,134.16736742460344,6.819699123353717,944.4492945265017,3169.9487884823225,10.426639508056237
2023-01-01 04:56:00,1118.4236847369475,54.425596836095515,28.2312474815916,135.04570687728776,6.426002770224464,942.2717623871415,3140.030508327162,10.393326085066786
2023-01-01 04:57:00,1118.8237647529506,52.57395679700457,29.842297716805497,133.87785414186348,7.024621515341658,950.1578687914504,3193.451379053987,10.452471314937428
2023-01-01 04:58:00,1119.2238447689538,51.33901759323008,30.130445784329055,133.2835377402664,6.910578120147659,955.3182832876763,3214.285610112529,10.468027981164429
2023-01-01 04:59:00,1119.623924784957,52.6419348100306,29.763512677676214,132.9479249249097,6.845600783465339,949.5154429486156,3177.7384333896994,10.439079830564488
2023-01-01 05:00:00,1120.0240048009603,50.485782611101065,30.593087249341508,132.10221930912832,7.162580922097323,956.6647323696136,3225.878558371062,10.477483343750254
2023-01-01 05:01:00,1120.4240848169634,53.696220439684055,29.084258467038264,134.4266552849838,6.532926530599333,944.4226172712202,3158.498482489668,10.416028569404222
2023-01-01 05:02:00,1120.8241648329665,51.14028027612276,29.531066473710325,134.15853710398594,6.8825915195359,954.7729023270168,3212.4113296519254,10.461487881271205
2023-01-01 05:03:00,1121.2242448489699,53.16943111114409,28.842687908657588,134.2268700184064,6.581489734349651,945.518121836483,3161.1535258529666,10.419526724633112
2023-01-01 05:04:00,1121.624324864973,52.4574684594135,28.995684684708486,133.0915242056415,6.844311403864007,949.1088683960157,3194.412963457487,10.464812515004436
2023-01-01 05:05:00,1122.0244048809761,54.27990994481592,28.210747871389675,134.91370317768056,6.553298450754063,943.0500749645294,3168.2962726215674,10.402599627007998
2023-01-01 05:06:00,1122.4244848969795,51.88045305850536,29.533812404415652,133.7426734368145,6.751421047588064,945.3258921271959,3205.5699910273297,10.443671413706321
2023-01-01 05:07:00,1122.8245649129826,51.165239430414545,29.541630560517007,133.27547440296928,6.877560981318535,957.5596503555659,3181.4705896769033,10.4584221496084
2023-01-01 05:08:00,1123.2246449289858,50.91493251247256,30.29134189623746,132.54402673139202,7.042227541189543,955.2684599701082,3198.574703928871,10.463428484504906
2023-01-01 05:09:00,1123.6247249449889,51.67550529819846,29.821807417127044,133.23655342652478,7.169882487347286,954.938152294785,3221.3294893363754,10.486419145320522
2023-01-01 05:10:00,1124.0248049609922,51.636050367266215,29.2030171752656,133.07394860698741,6.8316506473841665,948.6595613451817,3199.994901477938,10.445023730179082
2023-01-01 05:11:00,1124.4248849769954,52.909193357084696,28.825941082513364,134.15306165821113,6.64756752992435,937.0533220993485,3161.869703251927,10.42590528798835
2023-01-01 05:12:00,1124.8249649929985,52.70668450023421,29.24707352333675,133.5007530930998,6.811110455812095,946.426639103295,3150.647982424858,10.437335295632664
2023-01-01 05:13:00,1125.2250450090019,51.498955075505904,29.865223839485676,133.47456505157817,6.854075917300675,952.3167378503714,3206.0723977849543,10.472357846864652
2023-01-01 05:14:00,1125.625125025005,52.43161265631697,29.99328670321578,133.5467437273663,6.673249770989775,946.8415062176232,3177.3851124054127,10.437251656234826
2023-01-01 05:15:00,1126.0252050410081,50.597238191355814,30.068832613358687,132.0326910679836,6.996332365554998,951.7084096951728,3206.651322116522,10.48876283177765
2023-01-01 05:16:00,1126.4252850570115,50.785285547737956,30.466411752423987,131.94285791118543,7.165102503104136,954.0024293167243,3220.4756282686176,10.479563854815233
2023-01-01 05:17:00,1126.8253650730146,54.04902150082093,28.44142956501935,135.3435811133332,6.75186590181933,945.7744908134027,3168.973138369934,10.424378382222997
2023-01-01 05:18:00,1127.2254450890177,50.864523212455516,30.459579344874733,133.2665408175071,6.804992941678576,957.0384931549765,3226.481628667342,10.460868288504095
2023-01-01 05:19:00,1127.625525105021,51.854281299510504,30.358135367214143,133.07708888088877,7.074406637688494,954.1843920474115,3208.770934677532,10.473683017933665
2023-01-01 05:20:00,1128.0256051210242,52.13348818024499,29.34852861586259,133.6251452806637,6.5807321409455435,946.3535699295978,3177.0630591339386,10.431749446076571
2023-01-01 05:21:00,1128.4256851370274,51.635573966907174,29.78618573880538,133.41478587009465,7.052799051309128,952.5596424210283,3221.558273123136,10.481939966805394
2023-01-01 05:22:00,1128.8257651530307,52.944935397986576,29.260236584169697,133.4475713670308,6.756759949952014,946.1361717399972,3180.456738694709,10.417123703018154
2023-01-01 05:23:00,1129.2258451690338,52.121247743377005,29.331558962721513,133.9795770489312,6.630265116935504,948.8027128315254,3183.6195261898156,10.44344893539332
2023-01-01 05:24:00,1129.625925185037,52.28970355309952,29.509666432027313,133.30339511999304,6.919581041774409,949.9088582978634,3189.6500883225794,10.440364782650782
2023-01-01 05:25:00,1130.0260052010403,53.70618097551029,28.510590743864423,134.14039363027982,6.833668193939152,942.9703519892907,3165.823922220819,10.40642851242156
2023-01-01 05:26:00,1130.4260852170435,51.7603243598226,29.76727023525105,133.32387576832002,6.9355393874539235,953.482150104742,3211.2941983227365,10.451816978621421
2023-01-01 05:27:00,1130.8261652330466,52.13373900879028,30.556343144541387,132.82166442866057,6.970520631180744,953.638959803434,3223.054243348331,10.467692641777806
2023-01-01 05:28:00,1131.2262452490497,52.84783904885251,29.144193398760944,133.1064850980297,7.011080697617285,948.592350735114,3187.442831438442,10.441319379189748
2023-01-01 05:29:00,1131.626325265053,50.23918857159195,30.540763769481103,131.8953976981401,7.006388550117989,951.5074972205306,3230.39620605665,10.479018998683037
2023-01-01 05:30:00,1132.0264052810562,52.055953549667024,29.926627389109317,132.52434738393583,6.711096198621239,945.9929884580376,3174.23522787521,10.44820783802766
2023-01-01 05:31:00,1132.4264852970593,52.11461961756202,29.626147740780468,133.94767798315695,6.726745145345602,953.0673416328539,3177.5123703914383,10.452166129956769
2023-01-01 05:32:00,1132.8265653130627,51.19082013239495,30.160814288962154,132.23823191511573,6.993039704269489,948.0935946703496,3215.850990150959,10.47436135666452
2023-01-01 05:33:00,1133.2266453290658,53.45285553229015,29.54692796730184,134.7562556298144,6.757580550246218,950.7947696518419,3180.574633426458,10.434722701949728
2023-01-01 05:34:00,1133.626725345069,51.341088598321875,30.737674813692863,132.25257694631844,7.0087879412063545,950.0020218427499,3208.3381161981597,10.480284894004413
2023-01-01 05:35:00,1134.026805361072,51.708078845556216,30.076552229553975,133.64796569676133,6.904748702612602,949.3866154968412,3203.601060743387,10.461390083563142
2023-01-01 05:36:00,1134.4268853770755,52.474793658795114,29.669559649355108,132.49359343943428,6.793119569420208,948.2202074659066,3201.5062246570433,10.43769317156126
2023-01-01 05:37:00,1134.8269653930786,51.47225173347559,30.92798513390918,132.57732784185447,7.054976293756652,961.6126556498708,3209.888429657517,10.486446800969484
2023-01-01 05:38:00,1135.2270454090817,53.24577929838742,29.771079197794347,133.8749064188508,6.774011667576582,949.5247263162971,3210.6486035645835,10.438128547942261
2023-01-01 05:39:00,1135.627125425085,53.896791478122104,29.305306021169734,135.00526771188126,6.564034082301121,943.1293167986372,3172.970656652535,10.425538184572442
2023-01-01 05:40:00,1136.0272054410882,51.50366901888685,29.517275900886826,132.66023686921807,6.641316761124776,946.3858004092526,3197.9494673628483,10.448623668736126
2023-01-01 05:41:00,1136.4272854570913,54.1054438086491,28.472153933761962,134.1272725912501,6.590595576773593,944.6071966998052,3163.889696523438,10.393999042024124
2023-01-01 05:42:00,1136.8273654730947,52.440952853072446,29.599888922826118,133.31729809728068,6.731482724916029,949.9590931276882,3220.030132431041,10.468919878147384
2023-01-01 05:43:00,1137.2274454890978,53.3665869614254,29.058106709472398,134.00054506390336,6.807685695733128,945.576097888195,3188.2545871018797,10.426989960327084
2023-01-01 05:44:00,1137.627525505101,52.04164979974914,30.786785932110345,132.91875995903501,6.926724185738979,951.9211356814845,3205.7354363072413,10.46078955586408
2023-01-01 05:45:00,1138.0276055211043,54.24246407178341,28.77179279595147,134.34340940187425,6.591289289426267,944.9388624125472,3170.2791579785876,10.42385245427934
2023-01-01 05:46:00,1138.4276855371074,51.29809887127476,30.054077153738223,133.55822183062702,6.943067490053316,955.2188979393632,3201.793327428028,10.464882704491025
2023-01-01 05:47:00,1138.8277655531106,50.17659895775281,31.181802757106645,133.13144237638963,7.163026531144401,955.8367782367169,3231.805259387407,10.501157832160304
2023-01-01 05:48:00,1139.227845569114,50.233697519979756,30.92052275240398,131.74253569692507,7.343385905660225,957.4233759054085,3252.9184510964883,10.492750071491715
2023-01-01 05:49:00,1139.627925585117,52.6501204918499,29.632329215426356,133.30364560403677,6.781514446195706,949.0402433998102,3205.157567867445,10.465728643057842
2023-01-01 05:50:00,1140.0280056011202,52.25395131999358,29.72558821337444,133.34736600522106,6.701832079076988,950.3544653408725,3201.435392740531,10.452394679624781
2023-01-01 05:51:00,1140.4280856171235,53.52675511609641,28.954301808391836,134.53938851028573,6.750842173667956,949.1521406612628,3191.0999359253933,10.43712831228865
2023-01-01 05:52:00,1140.8281656331267,52.49830582471334,29.52487670518957,133.5763015001253,6.848700966726739,951.3131597232883,3204.502409494936,10.453362463080303
2023-01-01 05:53:00,1141.2282456491298,54.3886252394752,28.962160348912906,133.65160159519004,6.712590818024228,938.183437613556,3163.6270996904154,10.440753942923175
2023-01-01 05:54:00,1141.628325665133,51.76018370902544,30.283435710376715,132.38553825837994,7.071748383521553,955.7432388543083,3228.162432530921,10.487947754164455
2023-01-01 05:55:00,1142.0284056811363,50.41417474346571,30.343358087474662,131.68172840451507,6.99898403412291,952.3658293904002,3230.191425068985,10.462371523833578
2023-01-01 05:56:00,1142.4284856971394,51.140615202061966,30.3766613128839,133.3482057633635,7.210166721585566,955.3496436779212,3235.8467815098743,10.499239719499112
2023-01-01 05:57:00,1142.8285657131426,54.19782017699647,28.99257188488839,134.1540805573304,6.649913640441194,947.3828168795052,3181.587434034474,10.424109853630647
2023-01-01 05:58:00,1143.228645729146,51.663454072182205,30.170081209079502,132.05559613483317,7.080879015384737,955.1866134822787,3231.6825581818607,10.48449359099837
2023-01-01 05:59:00,1143.628725745149,51.76171201469069,29.57208675564339,132.52946380210298,6.8384066661172795,955.0593066379924,3226.023167811153,10.446206044521064
2023-01-01 06:00:00,1144.0288057611522,51.40680323883632,30.659247365569456,133.08205903133464,7.016001640168046,951.7043222998047,3208.1280785483254,10.473649080369459
2023-01-01 06:01:00,1144.4288857771555,52.441985619557954,29.56344337112442,133.85970343674555,6.843009543492678,946.3912390401532,3203.127660603653,10.439420323736531
2023-01-01 06:02:00,1144.8289657931587,52.96693646338431,30.01618088807017,133.30323905500438,6.843800258139247,951.2906581670467,3206.232121728898,10.45828623356166
2023-01-01 06:03:00,1145.2290458091618,52.83957901569673,29.4454996103476,133.28519996548232,6.689596826157004,951.6928492455532,3170.0728290579127,10.440739698909672
2023-01-01 06:04:00,1145.629125825165,52.27649426510413,29.492263737827887,133.3193084391413,6.972346758073951,952.5850966811302,3184.8558068113603,10.447662894286657
2023-01-01 06:05:00,1146.0292058411683,50.91936638539542,31.13588020983751,132.04287018848342,7.107427216137701,957.8348702923779,3234.5785770086472,10.483303535790187
2023-01-01 06:06:00,1146.4292858571714,54.26054975187571,28.429807255378247,134.06285246038277,6.702823522792803,946.713824125497,3172.6106776684283,10.410090379017747
2023-01-01 06:07:00,1146.8293658731745,52.23655216434497,30.33501121091534,131.97451927085282,7.000811285354518,958.3809326067189,3224.4169894311303,10.475327702330432
2023-01-01 06:08:00,1147.229445889178,52.68162354650598,29.281346558845534,133.74234735806854,6.947338925805911,950.9033184996126,3196.7212567001266,10.447140373640202
2023-01-01 06:09:00,1147.629525905181,52.353194006758194,30.010091182907598,132.71989674365054,6.920465617156662,950.3396331783701,3239.3181579708344,10.48995695486667
2023-01-01 06:10:00,1148.0296059211842,51.96336524110449,30.241089248077035,132.91371374547353,7.159249779573098,956.1336627532845,3218.2961578223326,10.461420104582704
2023-01-01 06:11:00,1148.4296859371875,52.67826033609478,30.09020145311387,133.23342170199822,6.985889980064675,952.0051158618257,3205.0065059800195,10.466129781405174
2023-01-01 06:12:00,1148.8297659531906,51.965991716231116,30.68909417627503,132.93091213623475,7.150715161996575,955.2580458287879,3223.9009991242046,10.492289899485687
2023-01-01 06:13:00,1149.2298459691938,52.72180127615724,29.82892331926868,132.79967085487579,6.792279211603234,948.5245444732212,3214.680069394245,10.447282389038405
2023-01-01 06:14:00,1149.6299259851971,51.67097570379148,30.46677665938425,132.8247879285499,7.112493055302514,954.0117763047548,3203.716914435161,10.452137205136145
2023-01-01 06:15:00,1150.0300060012003,52.6749433837742,29.930740966465763,133.51308900339797,6.979720067628834,948.9815494296017,3212.0198730295197,10.43675253299628
2023-01-01 06:16:00,1150.4300860172034,53.34078263458075,29.606549144027035,133.5203147607867,6.754340854720099,948.2303797587315,3185.458211656885,10.417503704261868
2023-01-01 06:17:00,1150.8301660332068,50.056686418146775,31.5057048832769,131.73313375167166,7.007623326157739,958.8933245842896,3230.4254816524217,10.515235104050305
2023-01-01 06:18:00,1151.2302460492099,53.344440681672005,30.12094779308965,133.0221498807154,6.786157492278249,951.3632787167318,3184.420398165653,10.46117867813443
2023-01-01 06:19:00,1151.630326065213,52.14324624268609,30.09888252080943,133.7010924019213,6.898512538308219,955.3868308875484,3227.558011160451,10.478155837301026
2023-01-01 06:20:00,1152.0304060812164,50.059598109376516,31.350423771612697,131.54941810538125,7.303920400385981,959.5511192178304,3234.8399319470395,10.514904327918144
2023-01-01 06:21:00,1152.4304860972195,50.764930127911384,30.90848529336898,132.51334626617052,7.041184795154777,953.6104903302655,3222.9544539943045,10.475617481576865
2023-01-01 06:22:00,1152.8305661132226,51.512738706046356,30.284684184785498,132.78476696818552,6.9068078864332145,946.1330305930511,3195.8055885243134,10.485527673481544
2023-01-01 06:23:00,1153.2306461292258,53.469145478288375,29.351476630236345,133.2051199013772,6.780299049704963,951.3831609067706,3211.126940674385,10.450006550395699
2023-01-01 06:24:00,1153.6307261452291,53.253299057831974,29.493277633586995,133.0391962132967,6.930719559883565,947.8768101150475,3185.9097957457097,10.438566348506974
2023-01-01 06:25:00,1154.0308061612322,52.52899796306839,29.62887286313887,133.63800181423002,6.91878723734506,950.6244104312057,3187.5210754305713,10.46845799308995
2023-01-01 06:26:00,1154.4308861772354,53.89598478938758,29.323595459812854,134.20494000612797,6.775284427781897,950.3948751459087,3177.159277602331,10.442051361008913
2023-01-01 06:27:00,1154.8309661932387,51.49329730320073,30.681803197323223,132.1597597201972,7.0208276613325,951.8243067557444,3235.6564737803074,10.494041221025535
2023-01-01 06:28:00,1155.2310462092419,50.35379927195132,31.457403449380315,130.67708091791582,7.33612852925226,962.7596683806223,3243.5045947313843,10.530120356363556
2023-01-01 06:29:00,1155.631126225245,50.98590309299969,31.14269095131219,131.81704116537006,7.1115622369281475,956.1998171493217,3233.6633699137383,10.494654927505925
2023-01-01 06:30:00,1156.0312062412481,53.81110569999198,29.764496300119614,133.64133563964054,6.774832591818169,948.4419439795926,3191.466615366607,10.435164726925365
2023-01-01 06:31:00,1156.4312862572515,51.04285010006479,30.809866208246095,132.13994661627936,6.98096826374036,949.3575967425328,3226.7304313806408,10.473379009314296
2023-01-01 06:32:00,1156.8313662732546,51.73699017673101,31.15406602892864,131.9042889917854,7.108273709007767,956.7849780310344,3203.5102486528995,10.45763510935858
2023-01-01 06:33:00,1157.2314462892577,52.633737394452965,29.794458360049692,132.88089847131184,6.9091593085088014,955.2825257557366,3211.6371574161867,10.475197061751313
2023-01-01 06:34:00,1157.631526305261,50.57133317421231,31.623867758767492,131.71985638002602,7.331212412508627,957.0563931562424,3239.1030384022756,10.511529715268603
2023-01-01 06:35:00,1158.0316063212642,53.934754237543125,28.691555889992227,134.0955046945855,7.005298387733976,948.6681834878254,3189.240328762458,10.42373330302692
2023-01-01 06:36:00,1158.4316863372674,54.482535615827665,29.392806344724374,133.5317522254849,6.801900125695591,945.4205457561006,3196.6089638993813,10.434614229075226
2023-01-01 06:37:00,1158.8317663532707,51.746914092225296,31.136486929558316,131.88609704513516,7.269704550737922,958.4743327267032,3230.9957650519427,10.488974485463755
2023-01-01 06:38:00,1159.2318463692739,51.866808458066025,31.3690217938502,131.10396480159008,7.25063676072466,960.6470067876874,3232.209635860974,10.49504352037855
2023-01-01 06:39:00,1159.631926385277,53.90802244556856,29.124838075623938,134.18586148118325,6.652389244579334,944.9453384616426,3184.9707413039123,10.461388578900756
2023-01-01 06:40:00,1160.0320064012803,51.81131824105907,30.88186968890976,132.87626899596174,7.067956999587145,951.1022523095505,3229.305176210732,10.470834895694056
2023-01-01 06:41:00,1160.4320864172835,52.572269746876934,30.069116697868658,132.78513809482135,7.03311994784337,956.2931596864128,3202.242705029817,10.46516386902373
2023-01-01 06:42:00,1160.8321664332866,52.30714415135804,30.932260723421106,131.35389457397997,7.205761009606175,963.2155361839375,3207.827323075311,10.495943270703782
2023-01-01 06:43:00,1161.23224644929,52.63363742576334,29.855010180521123,132.40772963812782,6.947905497201924,953.062547773387,3200.680566010199,10.456048174470766
2023-01-01 06:44:00,1161.632326465293,51.93351100576155,30.02388743065004,132.36164279974813,7.028905390737831,955.5000158413832,3216.8440856909865,10.465894365771215
2023-01-01 06:45:00,1162.0324064812962,51.17817209894034,31.38318394133941,132.5703447893202,7.131500149919374,955.9921086423502,3223.496862881167,10.481497442855463
2023-01-01 06:46:00,1162.4324864972996,51.452806691327766,31.005101722992382,132.15447243977587,7.16130182379911,957.9858128884027,3224.498431389495,10.492050693884908
2023-01-01 06:47:00,1162.8325665133027,53.275880929205606,29.72319291982159,132.85632399933513,6.680314874318629,949.2013153920254,3183.6107874878876,10.440153017757831
2023-01-01 06:48:00,1163.2326465293058,52.02930213102779,31.457966437887652,132.05755289194184,7.1576987527297575,957.7955074072055,3233.609191700303,10.501161391668234
2023-01-01 06:49:00,1163.632726545309,53.15574517269698,29.581398359852777,132.7086462862799,6.760254289748026,954.9683007068292,3186.931210674825,10.459727994126764
2023-01-01 06:50:00,1164.0328065613123,52.35214194526603,31.075274676714386,132.02845738433103,7.037498473914066,956.3411138655122,3228.89213760875,10.452159197027568
2023-01-01 06:51:00,1164.4328865773155,52.18191288780092,30.617341816279694,133.01955146304596,6.975288245919805,955.3036523658651,3189.145111451244,10.456474260552834
2023-01-01 06:52:00,1164.8329665933186,52.424333492940846,29.729082594015697,133.34139888853286,6.876826885860417,951.4220042435662,3209.8361542844173,10.456232967450367
2023-01-01 06:53:00,1165.233046609322,52.63076705902205,29.97971847440532,133.70148671640985,6.794562882971717,950.5818509862145,3202.3346858990844,10.465151922643148
2023-01-01 06:54:00,1165.633126625325,51.35886784716454,30.621795680616614,132.05974719438083,7.16147637069638,960.7401327488762,3233.068552853073,10.481343796981175
2023-01-01 06:55:00,1166.0332066413282,53.451224986005805,30.22727192176352,133.69617786756316,6.846348758558965,950.6188354927425,3177.257983571994,10.45610594385667
2023-01-01 06:56:00,1166.4332866573316,50.97520116774454,31.907439692777956,131.04362819881715,7.251673169439987,961.8771565617935,3250.6163953638834,10.515884067436327
2023-01-01 06:57:00,1166.8333666733347,51.19065267850473,31.514591504551365,131.3352809594887,7.125362083078918,961.1728999940622,3238.866619597274,10.511480744779046
2023-01-01 06:58:00,1167.2334466893378,50.552647574376955,31.77553020364874,131.44076426961402,7.206033189720078,958.7169819453284,3256.584280262853,10.496408430746236
2023-01-01 06:59:00,1167.633526705341,51.581935937768826,30.605198012870574,131.93213820283063,7.281842046352616,953.7416467396812,3235.745055940511,10.480912954095508
2023-01-01 07:00:00,1168.0336067213443,51.04046811132497,30.962571789551937,131.169380277256,7.306678369896757,963.3107384889313,3223.2293579597767,10.482498981526623
2023-01-01 07:01:00,1168.4336867373474,51.18312253323018,31.442072787543673,131.36969884437252,7.299540977186099,963.7253744760837,3226.902899441138,10.535243313159251
2023-01-01 07:02:00,1168.8337667533506,53.46588978468391,30.508851021081586,133.88768303410546,6.868749486096368,954.4696470540026,3192.8695053026568,10.459698631471593
2023-01-01 07:03:00,1169.233846769354,51.52490859942612,30.486482472227674,131.64610857660458,7.164217540561887,953.1602695573655,3232.985675713294,10.502634649378143
2023-01-01 07:04:00,1169.633926785357,53.3129014384683,29.605604257210217,132.21754331931007,6.892120449791022,956.6885709957002,3217.9991176465796,10.455202778573884
2023-01-01 07:05:00,1170.0340068013602,52.93440444935539,30.38867514050793,131.55366504131146,7.0815061132974355,962.3622253310774,3227.0670652317754,10.497142908279281
2023-01-01 07:06:00,1170.4340868173635,53.57340832112842,30.17247180682143,134.43032267597758,6.837545949053237,954.2213416781669,3201.4831654499726,10.45225010451434
2023-01-01 07:07:00,1170.8341668333667,52.56609910287029,30.18757678575124,132.8665915235223,7.103434110547537,958.7441682945529,3209.7684627549042,10.470685549579533
2023-01-01 07:08:00,1171.2342468493698,50.76083836267045,31.634967909273666,131.18217339924507,7.375917609625752,963.8759269581874,3247.9916180145415,10.507617179396389
2023-01-01 07:09:00,1171.6343268653732,52.70440859682123,30.495118694482734,132.76789130452366,6.987556702857819,950.6800791180791,3222.5910765789763,10.459193706551849
2023-01-01 07:10:00,1172.0344068813763,52.01687346376739,30.577982645319388,132.48841166591666,7.241963638232187,956.8377758079193,3216.5446566823125,10.470119884183756
2023-01-01 07:11:00,1172.4344868973794,51.79701677946392,31.16445329707597,131.57656569641176,7.213613476483864,955.0410262423951,3239.340257670518,10.492705206445594
2023-01-01 07:12:00,1172.8345669133828,51.615685059313535,30.991463797591916,131.91049237233645,7.148984259517249,954.7214565621367,3220.2064631645276,10.479056179568946
2023-01-01 07:13:00,1173.234646929386,51.359323217169795,30.677526602715876,132.11442891359505,7.1330367540531965,957.3214301542074,3234.9788638867153,10.485469087932541
2023-01-01 07:14:00,1173.634726945389,52.1678003994457,30.79217568091301,131.79555165699063,6.989553324653258,957.1248017395098,3231.5757843495558,10.476883830845242
2023-01-01 07:15:00,1174.0348069613924,51.717050698758875,31.20209813975801,131.6720211774277,7.088632845989299,959.6447100802014,3243.174835064475,10.500959954448735
2023-01-01 07:16:00,1174.4348869773955,52.9639668355133,30.285925832252676,133.15107373832848,6.933388482204332,946.4389866457907,3222.8337769762156,10.456164527329781
2023-01-01 07:17:00,1174.8349669933987,53.433235327339226,29.231199832653395,133.03251279828237,6.8136256180361805,948.105931395855,3163.351088253365,10.460436656966015
2023-01-01 07:18:00,1175.2350470094018,51.780248322040656,30.28303737542651,133.11576455849846,7.249971802949056,960.2507213795201,3242.5833090052765,10.495170055362452
2023-01-01 07:19:00,1175.6351270254052,52.78878743529773,30.26151113795216,133.31894211230664,6.879034464274129,954.2479988109739,3209.5615680166743,10.460707271951796
2023-01-01 07:20:00,1176.0352070414083,52.17750094030383,31.058569972563276,131.58470243380543,7.1094572960789435,958.659474257223,3228.615116813331,10.499443006654232
2023-01-01 07:21:00,1176.4352870574114,53.01664022379101,30.79084942760141,131.03020906648734,7.100537835218859,956.6836699937836,3225.228286154803,10.476972377522218
2023-01-01 07:22:00,1176.8353670734148,52.83838295658627,30.61962753654982,132.11710878656825,7.0629664151978995,953.6739750467677,3220.1092109843808,10.472105128967534
2023-01-01 07:23:00,1177.235447089418,52.039326083346644,30.371762905794398,132.80112445076716,7.052203557746559,956.3272385874074,3221.1251551045634,10.469221938240112
2023-01-01 07:24:00,1177.635527105421,52.008148463408304,30.751476959338177,132.64381301434733,6.923257416934969,954.2758219292493,3228.4311999725646,10.480086995085758
2023-01-01 07:25:00,1178.0356071214242,52.14001958222825,31.195146322026172,132.00537946870477,6.91070401346042,959.848480771402,3236.641526225561,10.480824085062554
2023-01-01 07:26:00,1178.4356871374275,50.30158268273126,31.88548519925881,130.83074247259518,7.244006500733148,963.8483855914108,3252.9113820620946,10.523822739079044
2023-01-01 07:27:00,1178.8357671534307,53.08435927573737,30.349538814140946,132.94576999786528,6.794023299333508,949.1607920646131,3190.849616855456,10.447599143990649
2023-01-01 07:28:00,1179.2358471694338,53.3028070421591,29.738044768300586,132.59154136984324,6.8603743502587236,950.5681560319058,3209.0593246451936,10.474603917597333
2023-01-01 07:29:00,1179.6359271854371,52.21529093811147,31.016848436900553,131.52585007744256,7.1374905991686886,960.6715259462022,3225.0168383536306,10.496300647671184
2023-01-01 07:30:00,1180.0360072014403,52.32548664334473,30.580469795107877,131.8677854380927,7.2444454283694855,958.7850064945435,3246.009698073626,10.48285844399853
2023-01-01 07:31:00,1180.4360872174434,53.06088856491422,30.597449773641785,133.3319794714567,7.078194115774643,959.9209690091003,3199.5189215734717,10.462635146394035
2023-01-01 07:32:00,1180.8361672334468,52.77251898934471,29.985344256237084,132.15459321572558,7.079587154548804,955.9274146191023,3223.0922157079303,10.470510004278731
2023-01-01 07:33:00,1181.23624724945,50.63808850738507,31.489864014652255,131.4154001640584,7.441373177317557,964.5216534575778,3261.1728166228836,10.516789896050398
2023-01-01 07:34:00,1181.636327265453,54.151440200650384,29.427038201365768,133.76471762296157,6.757886456998592,945.0366602077371,3187.815931649734,10.45185004861032
2023-01-01 07:35:00,1182.0364072814564,54.639213377581264,29.64348540271432,132.89646358897434,6.7931297859137425,950.0532450238375,3194.660127200997,10.451363385889277
2023-01-01 07:36:00,1182.4364872974595,52.17961303946153,30.62888373965543,131.77078890646632,7.16978180349417,955.4276453181744,3237.4969321234084,10.483906485826344
2023-01-01 07:37:00,1182.8365673134626,49.940607388859014,32.16369249324388,131.19514684646978,7.3927340546879154,967.792025285365,3262.4150725933496,10.523367952083369
2023-01-01 07:38:00,1183.236647329466,51.52409689226905,31.07150145689183,131.411349386805,7.1352672128816454,959.237703457467,3246.4731776501617,10.487906817777112
2023-01-01 07:39:00,1183.6367273454691,50.935002144614266,31.58378458140683,131.31480049626933,7.478474181834739,964.2851498796418,3258.6878626557555,10.514877235995394
2023-01-01 07:40:00,1184.0368073614723,52.68225819026394,31.121373700436333,133.3448530271435,7.089157632640166,962.0027621648737,3214.238435874321,10.473752332071294
2023-01-01 07:41:00,1184.4368873774756,52.785283089178115,30.1092766589522,133.58641280547917,7.088788340014568,948.7086824681104,3189.6794803502053,10.462707444544284
2023-01-01 07:42:00,1184.8369673934787,53.9260352964862,29.732481595697035,133.21276060823536,6.714138833846749,953.5142716147653,3200.450445315547,10.460825243749433
2023-01-01 07:43:00,1185.2370474094819,52.87573800063711,31.31635494272689,132.73311391790284,7.019151166234945,957.7264124883808,3209.2570534514643,10.49595670697407
2023-01-01 07:44:00,1185.637127425485,50.69227810984339,31.74797302029805,131.37156428950175,7.32098450276413,966.9406532593872,3216.965640070734,10.503205702482278
2023-01-01 07:45:00,1186.0372074414884,52.81930755726394,29.96838375905719,133.2500435409505,6.998838939368413,955.2940759013939,3205.347807098251,10.464520630989341
2023-01-01 07:46:00,1186.4372874574915,53.246801888989964,30.341239052739873,131.71258235358445,6.785040442007794,955.0125599468947,3232.1234542766783,10.444801573303737
2023-01-01 07:47:00,1186.8373674734946,51.312623696994365,31.816776305431794,131.27424445984033,7.269201966036754,963.8817411879247,3243.025037277672,10.50025294750874
2023-01-01 07:48:00,1187.237447489498,51.39256433697283,31.596935126313788,130.1536075046714,7.571333310435512,964.9492631554222,3255.214299456471,10.5045353860318
2023-01-01 07:49:00,1187.637527505501,51.54433389579416,31.183507712880083,131.581417207994,7.282864360842753,964.7754627091601,3250.313509252787,10.510034528528
2023-01-01 07:50:00,1188.0376075215042,53.52191956971335,30.471851881982644,132.43599689589374,7.090391666910026,951.8096969824983,3214.8126188680603,10.491451213675559
2023-01-01 07:51:00,1188.4376875375076,52.51267718146899,30.62704251698158,132.94525587494778,7.028212643688387,954.7777864490022,3219.600009894416,10.487860851290959
2023-01-01 07:52:00,1188.8377675535107,52.55630727480674,30.955584049762894,132.84406800107257,7.068561646105325,959.8582915105948,3229.2697172480152,10.485263289798382
2023-01-01 07:53:00,1189.2378475695139,52.37375119291591,30.854978451910583,132.10432445154487,7.069170716191574,949.4808734411415,3220.602675236956,10.471865649100854
2023-01-01 07:54:00,1189.637927585517,51.796102238598806,31.42127375958549,131.1833855298981,7.3948078172330405,960.8245992613058,3245.4463101099004,10.496425443956223
2023-01-01 07:55:00,1190.0380076015203,54.20144297696713,29.733465847277778,133.5846638511217,6.95659837837651,949.8151723741129,3200.793177908654,10.445750318008667
2023-01-01 07:56:00,1190.4380876175235,53.12721335224109,30.98063420971173,132.11322393682906,7.104192363975841,954.6388230010033,3209.050928664787,10.471777330589404
2023-01-01 07:57:00,1190.8381676335266,51.83566287314988,31.15272269296765,131.41294958007018,7.28078378735259,965.57288425539,3232.591917391617,10.498515015762978
2023-01-01 07:58:00,1191.23824764953,49.645661625597214,32.12449576394504,131.22701979601607,7.29221058092936,967.2772338907461,3251.9197246013637,10.535122483879562
2023-01-01 07:59:00,1191.638327665533,51.67530012449934,31.177508335062182,131.40457598798878,7.017790555677093,957.3930680541662,3240.503029140615,10.483566564416568
2023-01-01 08:00:00,1192.0384076815362,52.21883533932384,30.827525998839793,131.95931740855352,7.11850759650788,954.5283702830733,3223.4792514304504,10.492770169102377
2023-01-01 08:01:00,1192.4384876975396,52.54747226634353,30.623849442730634,132.20677513290585,7.159356961592889,956.2426107859679,3228.6504768800646,10.475190849474377
2023-01-01 08:02:00,1192.8385677135427,53.14733183361747,30.22283819019582,134.2629653692607,7.134990063525909,957.0082782839622,3212.2710110100297,10.46902975568041
2023-01-01 08:03:00,1193.2386477295458,52.14905238856488,31.400530761326696,131.8057724731913,7.169001710876136,960.8222593394662,3229.579731065938,10.505948328822754
2023-01-01 08:04:00,1193.6387277455492,51.155026369102856,32.426633730372544,131.25467788019787,7.283203336656517,964.7463173516285,3261.4133691301026,10.5246735437293
2023-01-01 08:05:00,1194.0388077615523,52.76367557881976,31.005299766021874,132.71894585600907,7.170737931940985,953.4606647663916,3230.0377454683153,10.492608998233973
2023-01-01 08:06:00,1194.4388877775555,52.237022868741995,30.935934608883308,132.3374765052028,7.085911915977961,959.0900690097086,3229.5175112379534,10.476348804700617
2023-01-01 08:07:00,1194.8389677935588,52.30372227630089,31.63307190266614,132.3352346695512,6.9709627947076225,957.8814321452833,3239.2428685845935,10.499879912934537
2023-01-01 08:08:00,1195.239047809562,52.44638733948039,31.62872027560681,132.14212175514484,7.109409967246445,955.5636692302056,3226.5446469346166,10.487744845235639
2023-01-01 08:09:00,1195.639127825565,52.624978798868476,31.346889892931532,131.32651446870824,7.087647964206702,960.2765755516482,3235.8099303447466,10.497650870591501
2023-01-01 08:10:00,1196.0392078415684,52.9024372837243,31.11546547275281,132.2502118057871,7.266573209980676,962.2023326833366,3210.2733134568484,10.489874023584132
2023-01-01 08:11:00,1196.4392878575716,52.99854436211561,31.464110860838886,132.0841137749057,7.206601517729353,956.8403280721668,3224.0479212124415,10.494356400403724
2023-01-01 08:12:00,1196.8393678735747,51.92764082450335,30.655146189312354,132.53054765261257,7.020400462799638,956.9024675890757,3219.2541352349663,10.481081304740538
2023-01-01 08:13:00,1197.2394478895778,53.722067058910774,29.7988777687347,132.915911324348,7.083671570927488,948.6357075097927,3190.6522089733476,10.463844133015208
2023-01-01 08:14:00,1197.6395279055812,53.17007765681024,30.773249199669074,132.45054132887373,7.147561429580994,959.3093066781479,3239.280295237671,10.498910272096376
2023-01-01 08:15:00,1198.0396079215843,51.63728880654702,31.240451302400828,131.92863214224676,7.373372627917111,962.0503051535283,3238.0349179829755,10.507198513140004
2023-01-01 08:16:00,1198.4396879375875,54.34462304524033,30.02791691031206,131.55254347405906,7.064182762096133,950.6380495576683,3195.670590315433,10.473042077492348
2023-01-01 08:17:00,1198.8397679535908,51.83200757582804,31.539384900057147,131.3336178300982,7.221118458170459,957.8912310479204,3254.9979478696446,10.507005040191443
2023-01-01 08:18:00,1199.239847969594,50.488086879744415,32.66931610605165,129.46224239260863,7.555762524209622,972.4289182984744,3274.522873888886,10.530944724940193
2023-01-01 08:19:00,1199.639927985597,52.89380060312176,30.414749916546484,132.70099295511997,6.983328006700214,955.2561067543917,3222.290797317575,10.469006268557992
2023-01-01 08:20:00,1200.0400080016002,50.96523385007948,31.923357367869897,130.9662348016546,7.43441594489925,959.9002170006319,3236.53057045783,10.525383406005615
2023-01-01 08:21:00,1200.4400880176036,51.827557424227464,32.312170623588784,131.8866407543595,7.330470101916034,964.6823948493599,3243.1152079457256,10.501340399015083
2023-01-01 08:22:00,1200.8401680336067,52.72195524672428,31.36054078915823,131.92909710203392,7.283846021494312,959.207035773478,3255.5178956959558,10.503164557060664
2023-01-01 08:23:00,1201.2402480496098,51.5920437878998,32.04921560010431,130.98477205064526,7.4698426412918,962.1827109308646,3259.1394856564443,10.509516204652021
2023-01-01 08:24:00,1201.6403280656132,51.37091055302673,31.62645358116736,131.90006916976148,7.328053446547785,963.7561020542208,3234.4457709715753,10.494179304948412
2023-01-01 08:25:00,1202.0404080816163,52.309806839230106,30.768824640376224,131.58739752116963,7.195579285241088,951.1404680272349,3239.010338738061,10.49967759981552
2023-01-01 08:26:00,1202.4404880976194,52.60872634643313,30.856202651849387,131.35063382906293,7.22906348082222,954.4143576257567,3230.7199599378782,10.495009118624543
2023-01-01 08:27:00,1202.8405681136228,52.95839218269387,31.915645406694424,131.90601029768905,6.917304013655684,963.3340035631292,3251.6930854740103,10.493007825588258
2023-01-01 08:28:00,1203.240648129626,51.73081218459534,31.441031496488495,132.20590751591186,7.208845840146069,960.6166063618299,3223.3179410539933,10.501759983377593
2023-01-01 08:29:00,1203.640728145629,52.682190238419885,30.3060023645738,132.93574818630051,7.132980035061067,953.2506784696437,3219.1803806477847,10.475879765008258
2023-01-01 08:30:00,1204.0408081616324,53.580391804957934,30.648043980761138,132.70912047429277,7.154762872510209,951.0037415836985,3221.2520149535144,10.473330685495196
2023-01-01 08:31:00,1204.4408881776355,52.950758925115856,30.883659273062285,133.6569358871975,7.01555988309533,956.4396885949005,3211.368061413369,10.485465638499647
2023-01-01 08:32:00,1204.8409681936387,53.08416211742574,31.19408007202817,131.6427735509924,7.164512105119907,958.3993924301922,3227.029052772138,10.499854847447235
2023-01-01 08:33:00,1205.241048209642,53.45512764470993,31.05333411326045,132.10163252813248,7.027291877694616,959.0283271541314,3220.9823284838944,10.481047136633569
2023-01-01 08:34:00,1205.6411282256452,52.68676660299078,31.20491447773681,132.31809117728045,7.165810509841139,957.1863813093812,3205.6772386736925,10.500693887452845
2023-01-01 08:35:00,1206.0412082416483,50.91554505499965,32.12907262468322,131.3851605999775,7.6682045379508095,964.5969664212814,3253.800502321883,10.551684063264785
2023-01-01 08:36:00,1206.4412882576516,53.76702630334482,30.90609362558866,131.91368375829057,7.137532729405319,956.4739575680545,3218.1948846020505,10.475561635002087
2023-01-01 08:37:00,1206.8413682736548,51.937541385801595,31.44178229042393,132.32027673289437,7.2036676604852286,964.077688154409,3236.5229847185383,10.495184078231
2023-01-01 08:38:00,1207.241448289658,52.40655279199821,30.90494016987543,131.33424596209116,7.130499819051943,959.8597836685843,3223.9338425116393,10.485494461135913
2023-01-01 08:39:00,1207.641528305661,49.074666594162274,32.95736278473739,129.65383142811663,7.785397393723546,972.6967350620148,3290.7474925890238,10.559750327070375
2023-01-01 08:40:00,1208.0416083216644,52.09169235285827,30.7663825640382,131.81242841264668,7.068564931935554,959.9238546656987,3228.210188230486,10.520486844329783
2023-01-01 08:41:00,1208.4416883376675,51.3195461555911,31.959090841887882,130.59012468616348,7.298348760514588,961.4059479383344,3255.5624830901065,10.51530875565174
2023-01-01 08:42:00,1208.8417683536707,54.06394501749128,29.999009296408644,132.40357894629187,7.066253898636442,950.2354594780929,3213.934750032265,10.471353419841927
2023-01-01 08:43:00,1209.241848369674,51.170514327832,32.15843566778781,131.51822367545162,7.470119630900716,959.0608492407948,3261.257790235899,10.509591134756821
2023-01-01 08:44:00,1209.6419283856771,52.245207597290886,31.79856370830452,131.83789068989506,7.402189012855481,963.8320740882284,3241.085380321537,10.513019872534416
2023-01-01 08:45:00,1210.0420084016803,51.93282984444969,31.348877455042896,130.68639442939406,7.144862259505821,960.4899258143932,3230.5506383572424,10.485545150166548
2023-01-01 08:46:00,1210.4420884176836,54.527259455408455,30.827694293339903,132.67268162556437,7.0774314530184474,957.3846267562758,3220.3503948613015,10.457895772988628
2023-01-01 08:47:00,1210.8421684336868,53.55190818814745,30.527903744196028,131.96985324946144,7.185685941398635,959.0305672993451,3214.4722328784433,10.502814075623359
2023-01-01 08:48:00,1211.24224844969,51.13744582848917,32.097946223276104,130.73836673797098,7.470070655334511,968.3253810798437,3266.1374054470803,10.540121913339059
2023-01-01 08:49:00,1211.642328465693,51.78659230776088,31.35234219334677,131.54353965621488,7.2048760052654535,958.8471432262736,3238.229701229268,10.495246292858704
2023-01-01 08:50:00,1212.0424084816964,52.02268768470896,31.698672594174653,130.74984136579414,7.286364379861227,963.3411990953038,3220.262685708354,10.518781280051911
2023-01-01 08:51:00,1212.4424884976995,52.51963432473698,31.470023235715438,132.6321745036886,7.089361044101768,955.3062700453224,3228.7625157780967,10.481100156515115
2023-01-01 08:52:00,1212.8425685137026,52.99002225186597,30.786254011913798,133.05355672596374,7.2953438383601,954.5550728713818,3220.6707012581346,10.47404961009027
2023-01-01 08:53:00,1213.242648529706,51.76712275831486,31.948075655207283,131.0290098380635,7.364815650356799,957.3663506642981,3252.388036385328,10.519312492150743
2023-01-01 08:54:00,1213.6427285457091,53.0701388857638,30.704447650270303,132.1424171446722,7.121093582074825,955.3397404213487,3214.948538101382,10.491063329813906
2023-01-01 08:55:00,1214.0428085617123,54.734193973844334,29.503382154460844,133.29122029833337,6.782421745575967,951.8647058772447,3189.0033139894,10.444097188958501
2023-01-01 08:56:00,1214.4428885777156,51.070717135950304,31.870139284568484,129.39612039362214,7.5185925149649115,965.3584410817435,3274.850366349183,10.534779098762314
2023-01-01 08:57:00,1214.8429685937188,52.41531986891094,31.150301483881137,131.9796959102136,7.062886433379439,960.8158907178641,3240.6349336339536,10.491216816130299
2023-01-01 08:58:00,1215.2430486097219,53.523263247227575,31.242664741790964,132.22203901875957,7.011866048000147,959.300271837893,3226.9247418955338,10.497683263531231
2023-01-01 08:59:00,1215.6431286257252,51.37048253429196,32.14202293370314,131.0644933819873,7.364585345738899,961.6480590058096,3242.1956392254488,10.532777331078583
2023-01-01 09:00:00,1216.0432086417284,54.18215506934197,29.917247749994075,132.76227500068683,7.1808928302813255,952.2416377973573,3213.7161847717757,10.449671605602713
2023-01-01 09:01:00,1216.4432886577315,52.84301683149271,30.7355023026175,131.95055007786712,7.295996113335483,961.7165465931469,3221.319726174157,10.50484499659724
2023-01-01 09:02:00,1216.8433686737349,52.998063335336525,30.997467954819992,131.5055592770458,7.08385136575163,960.0456839407801,3226.5283970358128,10.48993512188376
2023-01-01 09:03:00,1217.243448689738,53.99660748434603,30.93779724959011,132.4026349700522,7.060252681187553,951.8414725268387,3214.611779877649,10.456368090399405
2023-01-01 09:04:00,1217.6435287057411,52.80343847581169,31.13810179950489,131.53295743256044,7.1695741971036995,955.5768623400248,3251.7019578031095,10.4988449686575
2023-01-01 09:05:00,1218.0436087217445,51.059169601729906,32.865475016149894,130.835041745439,7.520522586165512,966.9481029120302,3283.212710292563,10.54829970782874
2023-01-01 09:06:00,1218.4436887377476,53.16054491687978,31.405878708714955,132.75897237084612,7.185371697714911,955.348691954199,3228.7523701448285,10.483090354639353
2023-01-01 09:07:00,1218.8437687537507,51.89199727718104,31.85120200626058,131.0478640301229,7.424119689241114,961.853473586322,3247.2400698293472,10.518120258608107
2023-01-01 09:08:00,1219.2438487697539,51.92746799927611,31.55351943616303,130.72013341465822,7.15755295720537,957.5553295139778,3238.1928848684183,10.496592354677285
2023-01-01 09:09:00,1219.6439287857572,52.18046719888601,31.49510261804557,131.67656664643363,7.097380163386604,962.6129229413978,3258.6864811683595,10.481981039801328
2023-01-01 09:10:00,1220.0440088017604,51.748330140518355,31.984644767827998,132.07959787609633,7.343108274919103,962.6115947126876,3251.798412402203,10.507017040209112
2023-01-01 09:11:00,1220.4440888177635,53.704528262737256,30.297380742925476,131.96598484545055,6.950365252779768,955.0687995458027,3224.9146048719967,10.486781438206181
2023-01-01 09:12:00,1220.8441688337668,52.43710869658159,31.361739769029178,131.8835397566257,7.160226926671995,958.2642629526352,3246.8846182862007,10.506273105330374
2023-01-01 09:13:00,1221.24424884977,53.66966052400668,30.709874238798417,133.0941799949055,7.084842465939171,954.181680867491,3213.6786523936394,10.48821097061345
2023-01-01 09:14:00,1221.644328865773,51.45801365840807,32.39395560497966,130.70606908755818,7.299746531436666,964.3652663104015,3254.3250660462013,10.53499884106125
2023-01-01 09:15:00,1222.0444088817762,52.30414721672386,31.44057118091119,131.1122294698347,7.4922041413217695,958.7951097281862,3230.4996364576896,10.498540731791687
2023-01-01 09:16:00,1222.4444888977796,52.05259190809805,31.56164937649524,131.70508889545496,7.2228677812289686,960.2496865179097,3256.754638359901,10.523141693542277
2023-01-01 09:17:00,1222.8445689137827,53.45809677372618,30.99416040687855,132.38303955067684,7.0782500393196965,960.4546924820571,3223.2898625096295,10.478363269178274
2023-01-01 09:18:00,1223.2446489297859,51.38864077147142,32.138818097846205,131.15682292256207,7.43770962272303,959.1948317091679,3276.0441112963767,10.535720547069708
2023-01-01 09:19:00,1223.6447289457892,51.76780754307839,31.94206872570231,132.00498789805383,7.222775605718492,964.072908206382,3253.028773471519,10.530550919554587
2023-01-01 09:20:00,1224.0448089617923,51.63862975217907,32.153353419889946,130.70356761088016,7.49984084547496,963.1933431830262,3263.818612718288,10.532049015128385
2023-01-01 09:21:00,1224.4448889777955,51.096354865455304,32.04690251981035,130.1251796686994,7.461200144794943,968.968599425968,3252.7662372249115,10.529027864302037
2023-01-01 09:22:00,1224.8449689937988,51.90141530705057,32.87245003995474,130.96153478859642,7.34728957783458,963.2098985036668,3255.466533506309,10.52535816331432
2023-01-01 09:23:00,1225.245049009802,52.3012390634158,31.549029274476755,131.51288862460223,7.309102181468066,957.9045599497448,3233.8092037593497,10.50939106681941
2023-01-01 09:24:00,1225.645129025805,51.478639456075314,33.23573142670142,130.8073703882964,7.588507936169409,967.5060844800548,3282.725652698402,10.540885047622488
2023-01-01 09:25:00,1226.0452090418084,53.725897561288825,30.979660990854242,132.42715481268763,7.179652718976377,955.4832702125306,3217.063771840539,10.46947487922299
2023-01-01 09:26:00,1226.4452890578116,52.322422713756886,31.75033602126371,130.99005537504067,7.574531800222201,970.5250965033822,3266.2263785092937,10.5103409131656
2023-01-01 09:27:00,1226.8453690738147,52.56532336450009,31.53468412838121,130.89024781606594,7.135750191504202,953.6448084901408,3226.733246805208,10.514906819687678
2023-01-01 09:28:00,1227.245449089818,52.08894896264749,31.39590654877603,131.90854339186595,7.099383909908505,956.032769119349,3251.8976990783667,10.485071489662138
2023-01-01 09:29:00,1227.6455291058212,49.97639956505418,32.73099038034536,131.45945850722651,7.64011472966511,974.3344196404047,3279.2727637495573,10.551470935017973
2023-01-01 09:30:00,1228.0456091218243,53.43499659500513,30.58019978886567,131.8429128154579,6.952029685315754,953.2402392785858,3234.6634278484426,10.48811434276787
2023-01-01 09:31:00,1228.4456891378277,52.153238547248556,31.632522233834667,131.60810978349758,7.348812856831285,961.1331239821671,3235.0220863613927,10.50625504845434
2023-01-01 09:32:00,1228.8457691538308,52.00872326127499,31.067179398631666,131.53143011312827,7.2034829926870385,957.1853838808017,3237.2184954085906,10.498807353995605
2023-01-01 09:33:00,1229.245849169834,51.803471744932246,32.57735067738588,130.3494809641343,7.405535251364162,961.4696745522376,3231.824079472152,10.50681380269379
2023-01-01 09:34:00,1229.645929185837,51.917092698582564,31.539998023054206,131.60614806493766,7.2520196191649005,960.5474132637063,3239.586715304396,10.518582257770056
2023-01-01 09:35:00,1230.0460092018404,51.20229809076401,33.10414024578668,130.49523259505236,7.504588245041193,965.3619775254089,3271.5639654623446,10.544435384483533
2023-01-01 09:36:00,1230.4460892178436,52.518121241320586,31.819385405256842,129.84492010436958,7.405722902985513,966.2846179832285,3273.2158748272186,10.525612424165692
2023-01-01 09:37:00,1230.8461692338467,52.89075021648437,32.026454393051345,132.35222009100139,7.268107765054871,964.1261840123963,3220.794366653876,10.501508242120153
2023-01-01 09:38:00,1231.24624924985,51.95128523348557,32.54391019518631,130.81599934206645,7.317086421775867,966.8988118265779,3267.096764154035,10.524375965336484
2023-01-01 09:39:00,1231.6463292658532,51.85846481438401,32.00552575444146,131.20040958934172,7.348450522957339,961.6715884697938,3247.120239683954,10.511844129649274
2023-01-01 09:40:00,1232.0464092818563,54.00722749543918,30.201291081554324,132.43419129937942,7.195607526796107,954.5118611791094,3193.634680760622,10.471253259150417
2023-01-01 09:41:00,1232.4464892978597,50.39631254755103,32.97001098298101,130.40571122638667,7.563425302100964,970.3972023685827,3266.6700048598395,10.550569932527297
2023-01-01 09:42:00,1232.8465693138628,53.16743987769874,31.33879233085703,132.39471967527535,7.127084193145558,959.5191350079864,3220.7816484294985,10.4841162369744
2023-01-01 09:43:00,1233.246649329866,53.0261221812587,30.824895804474124,132.3323166341712,7.277478310539052,957.8421475149927,3231.1599426078906,10.489654847714798
2023-01-01 09:44:00,1233.646729345869,52.67369355544886,30.921084599828415,132.51109287781335,7.0804009005185,962.2165892486854,3231.489747468599,10.486348021724028
2023-01-01 09:45:00,1234.0468093618724,53.38674338524743,31.220010537334527,132.35359631792412,7.302676278790397,957.3656930823487,3224.716208501806,10.501684437531228
2023-01-01 09:46:00,1234.4468893778756,50.33722654292734,33.03397398774966,131.45485602556147,7.432371374381789,969.949521840466,3252.938062046176,10.53394621582995
2023-01-01 09:47:00,1234.8469693938787,51.07316044137809,33.295293277973165,129.5428909929028,7.7003740494402955,971.5054257642068,3288.5414992322744,10.553840152954873
2023-01-01 09:48:00,1235.247049409882,52.72196241089864,32.203193856924784,130.94439938333292,7.3963976183998374,960.1551897185307,3248.5510560911075,10.495397282106968
2023-01-01 09:49:00,1235.6471294258852,53.3986173585611,31.135592264282693,132.13908563238343,7.117764961413717,958.4401727796688,3247.2210575545682,10.496116207267734
2023-01-01 09:50:00,1236.0472094418883,51.40927568993554,32.06496338663748,130.55728699102698,7.351590196280934,964.5477662825828,3254.5589085278402,10.526995058517546
2023-01-01 09:51:00,1236.4472894578917,51.67962459085126,31.84119372786559,130.9769819476695,7.402483432639777,961.2389640231056,3260.47258939748,10.516709940187091
2023-01-01 09:52:00,1236.8473694738948,51.33462792783578,32.60780099601194,130.95086135506514,7.243251487610106,964.5472552083675,3269.751805820902,10.518728177962306
2023-01-01 09:53:00,1237.247449489898,52.19250190839184,31.925092663644364,131.4511930410692,7.322306518568354,958.7543479007307,3264.862154493172,10.512875536942047
2023-01-01 09:54:00,1237.6475295059013,52.44242730067774,32.039551965507314,132.00901510888917,7.348314002987513,959.1010667547482,3251.09609455207,10.500182579920708
2023-01-01 09:55:00,1238.0476095219044,50.728148227218874,32.714179022280135,130.29926293796083,7.466815791478582,966.1440577585337,3277.328115344854,10.541432702058149
2023-01-01 09:56:00,1238.4476895379075,52.59680135938224,31.14226719832528,131.36742584203466,7.350718976629798,960.8231735627934,3230.12544360734,10.522506768353002
2023-01-01 09:57:00,1238.847769553911,51.64896804057966,33.004585224138296,130.38184167194015,7.322784631235419,965.0803081047711,3274.0185325457387,10.535220487172936
2023-01-01 09:58:00,1239.247849569914,52.170454066422224,31.397053011156498,131.2300842074549,7.233280168712316,965.2259503976451,3244.130337609303,10.526518462783349
2023-01-01 09:59:00,1239.6479295859172,51.82826408559884,32.39749474599651,130.45225249960168,7.464889566070616,963.8367250938661,3273.099682839944,10.537216155196703
2023-01-01 10:00:00,1240.0480096019205,50.45607906058058,32.95741494656115,129.84143490830903,7.440407164162994,973.8408225196325,3264.968841700605,10.54198837462541
2023-01-01 10:01:00,1240.4480896179236,52.40071289969948,31.659282444036336,131.773022725156,7.141155539629226,961.4367447086603,3242.138920242482,10.510518299334532
2023-01-01 10:02:00,1240.8481696339268,53.093617965289575,31.484638351452872,131.26205622826802,7.325826571016597,962.4960810551617,3246.582899407431,10.482850517625174
2023-01-01 10:03:00,1241.24824964993,53.787505327616984,31.087513205934723,131.35368861800495,7.149102998816302,955.4631036876541,3226.552373111914,10.477445160950698
2023-01-01 10:04:00,1241.6483296659333,51.831148947889275,31.82104024183272,131.01439079437895,7.251254515913077,961.1717255420938,3257.5325027319245,10.506568261236067
2023-01-01 10:05:00,1242.0484096819364,53.21023815540466,31.24679254396031,132.71885650502531,7.165749174420616,958.3396688840298,3241.3256644397143,10.481163045639684
2023-01-01 10:06:00,1242.4484896979395,51.0095031056689,32.959614494660194,128.9918672770258,7.393391846344973,970.7823419842931,3275.5530315703604,10.543466413554414
2023-01-01 10:07:00,1242.8485697139429,52.22608051746171,32.28016373836189,131.1036959043229,7.297717535450847,961.6202599550555,3244.607696040302,10.52012474280969
2023-01-01 10:08:00,1243.248649729946,52.273666865969936,31.598423578538647,131.40744976830655,7.369132979563133,964.2662542600902,3241.841510819666,10.525883308576917
2023-01-01 10:09:00,1243.6487297459491,51.41797900131773,31.98040326897706,130.23040333391185,7.255017524134119,963.2767972496615,3257.742976098249,10.518152368157043
2023-01-01 10:10:00,1244.0488097619523,52.392687148142286,31.40944108267368,131.19544569950736,7.375442325870817,961.2770096471746,3240.909299846214,10.516170380550987
2023-01-01 10:11:00,1244.4488897779556,52.48645288032648,31.4567564022551,130.67233837015817,7.403953988538033,961.780802481232,3247.8001597277093,10.496846655551739
2023-01-01 10:12:00,1244.8489697939588,51.65705909680244,32.214578216347206,130.38954105837115,7.416178360825491,960.9613171074874,3270.300102176176,10.510310775783987
2023-01-01 10:13:00,1245.249049809962,52.744379661478845,31.34494890060414,131.4770787399837,7.261102515656522,959.3433886437879,3236.3662544329222,10.49755919123119
2023-01-01 10:14:00,1245.6491298259652,50.947406366660175,33.024568892042545,129.75735760644798,7.368948613335082,969.266114506351,3270.3861523439773,10.546406915908024
2023-01-01 10:15:00,1246.0492098419684,50.264284212191654,33.083862689431,129.20913402411483,7.7602237746180265,971.1488108295684,3285.5429354808357,10.551158830676762
2023-01-01 10:16:00,1246.4492898579715,51.63771057466662,32.26577018897458,130.6643985043953,7.423831052158318,965.6707910319392,3262.3000285031267,10.515571733861808
2023-01-01 10:17:00,1246.8493698739749,52.20393010682629,31.98452495109548,132.19249585787384,7.256040325839496,965.0479640942945,3244.6499781519997,10.510714583271929
2023-01-01 10:18:00,1247.249449889978,50.906075654472026,31.96983505158552,131.15048795170748,7.430733384432491,965.2503763553183,3279.530480172206,10.517516660093875
2023-01-01 10:19:00,1247.6495299059811,53.57651281844146,30.83738485965419,132.4509605703602,7.236313258756665,957.8585317266494,3225.9549652962633,10.474384287711606
2023-01-01 10:20:00,1248.0496099219845,52.378497202395586,32.0074721221854,131.7259886967558,7.346974169903683,963.6292292685293,3255.7810085258693,10.53242320198508
2023-01-01 10:21:00,1248.4496899379876,51.249379907224764,33.02432852146359,129.46222815981244,7.5158175541882075,970.6790532191599,3278.189142693648,10.567999166441084
2023-01-01 10:22:00,1248.8497699539907,50.390466691389875,33.25316241919992,130.25699666529306,7.637088002959169,967.8643275716186,3286.119783533872,10.52719599208058
2023-01-01 10:23:00,1249.249849969994,50.81202116280913,32.8643076411369,130.86673326353474,7.508392096322969,968.7171416559032,3276.5499268268936,10.521242901973636
2023-01-01 10:24:00,1249.6499299859972,51.853086524378305,31.638894253108855,131.31101517313536,7.4391370230687786,963.829407221039,3259.6677490128977,10.515034715893211
2023-01-01 10:25:00,1250.0500100020004,52.9209520718689,31.648682336127102,131.60770677510843,7.175918074466619,959.511277211797,3244.804532784101,10.489793725677771
2023-01-01 10:26:00,1250.4500900180037,50.63307417132415,32.65545416287682,130.76131303114835,7.579311705727526,966.7087429353023,3274.125199513273,10.55878749371502
2023-01-01 10:27:00,1250.8501700340069,52.98563950364865,31.200052724004014,133.15826284113393,7.1841259499407855,958.4281216962243,3229.6822870660794,10.484172025403492
2023-01-01 10:28:00,1251.25025005001,50.746616981110385,33.13834862131844,130.23880996934486,7.741413186581046,966.9111103903896,3286.38738648855,10.559042752576309
2023-01-01 10:29:00,1251.650330066013,50.47419943510052,32.64367262566612,129.91672745911748,7.413746642609183,969.7328997652218,3287.1261745010256,10.542712825798198
2023-01-01 10:30:00,1252.0504100820165,51.752096174037945,33.0688372384989,130.2980080882026,7.370602326582606,972.7518834311353,3262.979747367078,10.528277358099915
2023-01-01 10:31:00,1252.4504900980196,51.9905539917326,31.910697843428274,130.53175258165913,7.329917754679578,960.0513347915044,3242.13492283517,10.528708623470779
2023-01-01 10:32:00,1252.8505701140227,51.57391819909309,31.857151122607632,132.0513450032649,7.539899978984064,962.5382818248826,3261.7140730957844,10.530213494870356
2023-01-01 10:33:00,1253.250650130026,53.69827254015758,31.1211609222131,132.81801454633506,7.342797158317824,965.7462805153059,3209.473453919028,10.488921925819781
2023-01-01 10:34:00,1253.6507301460292,52.17736793071734,32.20306111945221,130.6157114074639,7.3701013107381605,963.3513234139565,3251.1954735714494,10.556596200631146
2023-01-01 10:35:00,1254.0508101620323,53.88851291456071,30.502485117942506,133.30319913295537,7.109200403887224,960.1179006356525,3242.378091331021,10.485966878781928
2023-01-01 10:36:00,1254.4508901780357,54.63489415182043,30.369990502266603,132.83356773655015,7.053418859478988,953.7959032008372,3231.6974866055834,10.469914281064773
2023-01-01 10:37:00,1254.8509701940388,52.936559318524374,31.683579623096627,130.90137783880004,7.413175534322083,962.8324138658828,3247.844347467686,10.535648699344598
2023-01-01 10:38:00,1255.251050210042,51.87737514621382,31.626276334088924,131.5532772605756,7.433485218739513,962.3561991353312,3263.9904319363854,10.521037228544186
2023-01-01 10:39:00,1255.651130226045,52.579254947300875,32.175404163386425,131.26584110119043,7.2408143182288764,964.2224055669047,3265.230815865961,10.534283615395717
2023-01-01 10:40:00,1256.0512102420485,51.80671685342606,31.74200007993987,131.64277996485959,7.324624827948766,957.2882729454615,3255.408203070042,10.5128935668491
2023-01-01 10:41:00,1256.4512902580516,52.159318395993445,32.47367220001938,130.21746585380725,7.187045654502008,964.4637126343215,3258.49043266413,10.4927952354364
2023-01-01 10:42:00,1256.8513702740547,49.46671916682503,33.713953934271764,128.62453614381062,7.874645596782035,973.6167039878522,3315.4726624467785,10.563521663968377
2023-01-01 10:43:00,1257.251450290058,53.90149047847582,30.52193187173407,132.7040352320366,7.124848052823006,952.1452793828137,3239.0518885616693,10.502033110826064
2023-01-01 10:44:00,1257.6515303060612,53.68759591804982,31.22569022384756,132.6655096267093,7.0686912678688865,961.9188452776586,3241.2493352479496,10.489541144013993
2023-01-01 10:45:00,1258.0516103220643,51.112937852449136,33.48970964790705,130.7746403921189,7.602053141458125,962.4528348663112,3266.051082000077,10.550520730316979
2023-01-01 10:46:00,1258.4516903380677,50.59568774769209,33.400302812642956,130.86831668795907,7.598564541196894,977.0178781468785,3310.090856877525,10.568568676901938
2023-01-01 10:47:00,1258.8517703540708,52.856830222078976,32.574260315862496,131.67903609210828,7.408236515427329,962.9071398879547,3270.290558209747,10.510084289227397
2023-01-01 10:48:00,1259.251850370074,52.76208050560465,31.647820691428052,131.7053387262719,7.1795190933930995,956.6148632053363,3225.5267992875083,10.497852080751702
2023-01-01 10:49:00,1259.6519303860773,53.65078396546606,30.916878999803576,131.69718321297094,7.338975076229809,960.6171920731516,3231.008690070658,10.485275533023957
2023-01-01 10:50:00,1260.0520104020804,52.38206451184005,31.603660238547402,130.45946523971207,7.506347179600369,962.5420976628026,3283.7977304225874,10.528577390224827
2023-01-01 10:51:00,1260.4520904180836,52.38948904500297,32.41051825757371,129.72373551344805,7.556565146821135,962.8646434995096,3274.213058700483,10.524382465082565
2023-01-01 10:52:00,1260.852170434087,52.322091052305765,31.8732139593679,131.01664336245403,7.225349333306945,956.8956685779713,3262.065691444373,10.50082862757331
2023-01-01 10:53:00,1261.25225045009,54.29412275676801,30.336403890296836,131.51210670582518,7.211549158494319,951.750121090577,3201.1782918014383,10.470204084389398
2023-01-01 10:54:00,1261.6523304660932,51.739844397991064,32.287718596918296,131.21173082839582,7.316641577816977,963.0125485170147,3273.3443410406376,10.52893442721582
2023-01-01 10:55:00,1262.0524104820965,49.81274121701939,33.24680681339007,129.9269624485825,7.620253510588067,973.1799873400832,3292.8516199318055,10.543585293370155
2023-01-01 10:56:00,1262.4524904980997,51.15649398634938,32.58914179333781,129.34379483758454,7.636475112904452,970.5864514104895,3281.6150651629273,10.53011270378657
2023-01-01 10:57:00,1262.8525705141028,53.19409033998499,32.32375477391701,131.20822786893902,7.351658968995945,957.8425353264461,3238.2271400868904,10.50373670142074
2023-01-01 10:58:00,1263.2526505301062,52.023675409565776,31.759579713939885,132.11298948889285,7.214765444764704,963.3915101213818,3242.507447276408,10.497521531181922
2023-01-01 10:59:00,1263.6527305461093,53.22812017602481,31.878581292655376,131.1093797490829,7.442894894209096,956.807994563973,3250.6487378056045,10.516115971978124
2023-01-01 11:00:00,1264.0528105621124,51.649472154065805,32.60882009305496,129.77082411011017,7.558826702522931,968.4146450967459,3272.341211765858,10.544269280558815
2023-01-01 11:01:00,1264.4528905781156,51.404345215356045,32.91857462873084,129.42370359260968,7.473148118821004,973.8069212998591,3273.320168516837,10.535063098417103
2023-01-01 11:02:00,1264.8529705941187,51.57708773302759,32.65567484213654,129.51953096163317,7.343038983026428,961.5093294844326,3267.9419055634676,10.524393218453534
2023-01-01 11:03:00,1265.253050610122,52.14561882220839,31.64966874745874,131.53414806451812,7.352430802192758,958.7355782367238,3247.5536146174854,10.516079123037754
2023-01-01 11:04:00,1265.6531306261252,51.35114986489282,31.948061811517327,130.25721149354814,7.464258528682746,968.5826301162429,3264.0284127347213,10.541236363395491
2023-01-01 11:05:00,1266.0532106421283,51.86989079798718,32.72249815717428,130.17499723961262,7.523023834285382,969.6576999475051,3273.504060274723,10.540470994058943
2023-01-01 11:06:00,1266.4532906581317,51.70351591745876,32.06531191486727,130.6269418713368,7.242419903320201,961.4327277469349,3246.6492953080697,10.525161160080659
2023-01-01 11:07:00,1266.8533706741348,51.526427064247194,32.77610968350912,130.1355481446924,7.496906201622336,972.3876811760965,3282.9899031569603,10.54976939136014
2023-01-01 11:08:00,1267.253450690138,50.99608818692173,32.10648480596034,129.92519631051454,7.5146286033498395,963.5770608116966,3271.571360734817,10.53288197903089
2023-01-01 11:09:00,1267.6535307061413,52.858894750049856,31.548309797150342,132.0397273515104,7.3632835759529005,963.210632837259,3220.537053151484,10.484372173938063
2023-01-01 11:10:00,1268.0536107221444,53.38534368343161,31.910873264167783,130.63479656670702,7.271139405188104,962.720081880708,3260.6995955952216,10.508912669275754
2023-01-01 11:11:00,1268.4536907381475,52.43636139464426,32.22128681482846,130.8300037554431,7.465946159273004,965.9340827467394,3242.8535031058996,10.509841731028063
2023-01-01 11:12:00,1268.853770754151,51.93341078054942,32.3557930545935,131.49371458447337,7.447936349362814,964.5140634208917,3268.8681588004256,10.51964782397365
2023-01-01 11:13:00,1269.253850770154,54.60338278200434,30.757653349877007,132.60814434062382,7.082369431127067,957.0206482419558,3222.093128184727,10.486241407859321
2023-01-01 11:14:00,1269.6539307861572,52.88692536738334,31.489861931817178,131.51029423866558,7.22915093659433,964.4869199056092,3262.206873701502,10.502955616047599
2023-01-01 11:15:00,1270.0540108021605,52.772843442854,32.373880983703415,132.2543293619271,7.2308061931179735,965.7227378290444,3253.6516221059383,10.516400689784643
2023-01-01 11:16:00,1270.4540908181636,51.1534338164407,32.31016811943685,130.38171433014466,7.555920131089666,966.6675254769624,3278.027276013293,10.52512790545567
2023-01-01 11:17:00,1270.8541708341668,52.08337612030767,31.895561656093705,131.0346461866963,7.308835296974654,960.4941114974215,3265.924945030033,10.510100711527562
2023-01-01 11:18:00,1271.2542508501701,52.43122052213488,32.1069786934493,130.9729315128136,7.282360463463321,962.4834793396815,3272.936111195456,10.532585616624376
2023-01-01 11:19:00,1271.6543308661733,51.14985501576523,33.197824519249245,129.8074306432109,7.5589591274333925,966.9942331576532,3293.3025809659657,10.55369893303553
2023-01-01 11:20:00,1272.0544108821764,51.56600199214248,32.4696127217265,130.19676288265995,7.414837619422093,963.2651102810722,3269.094065903592,10.530547663080723
2023-01-01 11:21:00,1272.4544908981798,52.04238018122138,32.02434778858725,130.89759807261194,7.4880375697663295,969.1401986618195,3247.0331211821904,10.507748311225566
2023-01-01 11:22:00,1272.854570914183,51.81241702518347,32.163789072499576,130.83165574259186,7.391055084993659,967.219083609722,3241.731485228561,10.528018654143933
2023-01-01 11:23:00,1273.254650930186,52.25371525514482,33.08098933768744,130.88475560249083,7.516260409808646,966.9338849214814,3263.912682632096,10.50889097802199
2023-01-01 11:24:00,1273.6547309461894,53.49953915855301,31.21465296208108,131.8057347698025,7.243034061192164,962.0388722984444,3228.8937754474005,10.49716594153119
2023-01-01 11:25:00,1274.0548109621925,51.03008063503017,32.35146160361743,131.0630923834009,7.285932222049095,967.5191574225158,3260.5559084394567,10.51953015358111
2023-01-01 11:26:00,1274.4548909781956,53.779372629204374,30.511696247737643,132.2889551503519,7.120032791885839,961.5015177887805,3221.8626995725213,10.487351333286172
2023-01-01 11:27:00,1274.8549709941988,51.59690857254134,32.221209744586986,130.6475404160173,7.131916028543191,957.9116174142782,3267.236169519822,10.52604729835149
2023-01-01 11:28:00,1275.2550510102021,50.464961682781905,33.50493576047069,129.09097698871545,7.590342273232542,968.7728075330103,3289.0051465742567,10.551204940569955
2023-01-01 11:29:00,1275.6551310262053,52.43844692976263,32.06672133843733,130.1539231931624,7.428485344883426,961.6489214615974,3267.5276337034284,10.525963607796003
2023-01-01 11:30:00,1276.0552110422084,52.6126159594687,31.808611218269945,132.0361143647347,7.299322555224671,957.4217277089499,3248.844086517632,10.531756679369398
2023-01-01 11:31:00,1276.4552910582115,49.70139537385827,34.29523058985638,128.88430334813265,7.572547479547309,973.9747561255186,3304.1406392556405,10.570957825800265
2023-01-01 11:32:00,1276.8553710742149,51.50860466583263,32.332956770113775,130.02569384635532,7.365569549402872,966.796721481296,3289.0558999793857,10.54414720698289
2023-01-01 11:33:00,1277.255451090218,51.46914373346526,32.59539500649625,130.2087610020009,7.231977163505828,972.657083038231,3273.980293149324,10.51644423212269
2023-01-01 11:34:00,1277.6555311062211,52.059380654967335,31.6901643418193,130.97628672914863,7.20738943110554,965.3710608781342,3253.045748397648,10.521212525772661
2023-01-01 11:35:00,1278.0556111222245,52.588069818705726,31.402216055970772,132.5054496702283,7.275897753605189,957.8079589005871,3243.607194671403,10.493721469522376
2023-01-01 11:36:00,1278.4556911382276,49.776821826504616,33.00161691390244,129.66376868413965,7.564890888410683,971.6539987333283,3305.895655066776,10.552474584697325
2023-01-01 11:37:00,1278.8557711542308,50.44385034743816,33.50874907373875,130.6503098115318,7.74471064792594,967.5729544705333,3300.6360818895346,10.575942604113942
2023-01-01 11:38:00,1279.255851170234,51.7390846731772,32.02510934762007,130.56888224248985,7.468340482785246,966.4607361118693,3273.4100165574932,10.531454174418716
2023-01-01 11:39:00,1279.6559311862372,53.848763056474674,30.869100005786493,133.18875255354504,7.118539980753754,956.8316377743228,3224.64411284179,10.469018466587196
2023-01-01 11:40:00,1280.0560112022404,52.981524804335784,31.889093762323977,131.68680176496287,7.417015198724343,959.2279912497946,3249.2406042031607,10.52807708986576
2023-01-01 11:41:00,1280.4560912182437,50.746920423371655,33.237180951801285,130.5014806640788,7.493500512382343,966.6907964945674,3269.873423200888,10.525869138198626
2023-01-01 11:42:00,1280.8561712342469,51.52561736009312,32.09089489975988,131.8388799112158,7.446909737643291,960.9643117720209,3249.7336719285277,10.510105972756307
2023-01-01 11:43:00,1281.25625125025,51.00793455919042,32.838393265265864,130.58781639471508,7.32981366952818,966.2132719751544,3299.5818709292553,10.550480140708013
2023-01-01 11:44:00,1281.6563312662533,51.48215965281498,32.18142695748544,130.72800885830176,7.605497577172513,968.7945930770327,3266.843821334782,10.539054255728207
2023-01-01 11:45:00,1282.0564112822565,50.647830015929195,32.24026329388795,131.55214760929826,7.369099559833001,969.973855055706,3257.4375741912304,10.542479206534624
2023-01-01 11:46:00,1282.4564912982596,52.622879667610306,31.36282275263452,130.9992923895471,7.2055334661619925,963.4138022740551,3251.2943679487757,10.513878024372861
2023-01-01 11:47:00,1282.856571314263,52.2081602121514,32.39689680660951,130.66905896604442,7.260126493512058,961.047677134927,3262.4044180907363,10.526488724174403
2023-01-01 11:48:00,1283.256651330266,51.37665650903289,32.42020798521312,130.32801979295883,7.547389569912438,963.2932174209926,3277.994890201679,10.53491893069542
2023-01-01 11:49:00,1283.6567313462692,52.8154127063369,31.22077538706305,132.48047134220016,7.146797486534552,958.5870473601834,3228.6064209156707,10.490012954967783
2023-01-01 11:50:00,1284.0568113622726,50.347795137889904,32.324713236653146,131.1127088923439,7.433823197686175,966.2472245069289,3284.132126162751,10.512399237691211
2023-01-01 11:51:00,1284.4568913782757,49.58358141898767,33.482725421105926,128.9978112770357,7.647402079062644,970.8644829025652,3323.6442624056253,10.573697611263292
2023-01-01 11:52:00,1284.8569713942788,53.32274725676954,30.717153474158962,130.9227310636922,7.153860526796634,960.0778078345081,3220.4902767706494,10.501659727080055
2023-01-01 11:53:00,1285.2570514102822,53.62401719239301,31.445878478861218,131.84607556782598,7.235411248185446,957.1906899707393,3229.619394433124,10.479006328294343
2023-01-01 11:54:00,1285.6571314262853,52.42441228068972,31.725670751514482,130.75871406007255,7.4796074384629545,964.0801229661208,3237.2752129635755,10.501540121392347
2023-01-01 11:55:00,1286.0572114422885,52.71292938519964,31.321659721360035,130.99713236771305,7.55376000672949,957.7096520776129,3268.6943193420993,10.516225544948883
2023-01-01 11:56:00,1286.4572914582916,51.236261138297415,32.59847618774403,130.5674570708021,7.411174729805864,960.7161192237447,3239.218492907162,10.521990084735112
2023-01-01 11:57:00,1286.8573714742947,50.666966460311045,32.50180953111122,129.35137308858947,7.586067957819819,970.8340177834968,3275.1716610693848,10.556538583029209
2023-01-01 11:58:00,1287.257451490298,51.2813169956901,32.62274519773373,131.14160639345457,7.418265114776538,970.6206133750657,3285.846773672613,10.560410976353651
2023-01-01 11:59:00,1287.6575315063012,50.618644801956926,33.42891313152999,129.6222960827885,7.782035442008391,965.768317421139,3277.4497318341173,10.553436942406604
2023-01-01 12:00:00,1288.0576115223043,52.21492843576149,32.307784092429515,131.5230946989828,7.4279088048402,965.3114353100987,3251.6618844862987,10.516230167531454
2023-01-01 12:01:00,1288.4576915383077,54.05742035890166,29.86361510511386,132.88472254007544,6.905421783559479,952.681396198162,3202.9333782086264,10.451176595105212
2023-01-01 12:02:00,1288.8577715543108,51.729116454628965,32.140321006005955,129.92486681388968,7.5158615784027445,964.1821245195897,3294.1610569962245,10.529855657448259
2023-01-01 12:03:00,1289.257851570314,51.01887871367465,32.33948064964962,130.62504651263737,7.439420591764724,968.0763387926635,3270.8929989890817,10.549196715982168
2023-01-01 12:04:00,1289.6579315863173,50.845870682060024,32.45628714096269,130.0762355948479,7.290683971852751,962.8400214315925,3274.015572401427,10.536846241952889
2023-01-01 12:05:00,1290.0580116023204,51.95816632458765,32.4123630121273,130.48619597439594,7.512735211194055,962.9458030322606,3256.4511655553742,10.541923377316714
2023-01-01 12:06:00,1290.4580916183236,51.57506531189325,32.80417638715643,130.32559512519785,7.662733250953998,969.4868779151387,3280.4338307584076,10.527157395708576
2023-01-01 12:07:00,1290.858171634327,52.75413715774573,31.777775958862748,130.7715212346735,7.383872938801393,962.3856728029051,3260.7671632936062,10.517542777588774
2023-01-01 12:08:00,1291.25825165033,54.43369043059476,30.850061212557236,131.32760646620528,7.119354247625651,956.938242230374,3220.252301713696,10.478343841075274
2023-01-01 12:09:00,1291.6583316663332,53.21377565223793,31.227884798194403,131.43126343588014,7.2689992225355535,960.1428455267005,3249.840029606673,10.511514143973235
2023-01-01 12:10:00,1292.0584116823366,52.07182619528472,31.866680992575077,131.703218690609,7.335955009591676,963.65335868206,3244.7811238701083,10.510799462169425
2023-01-01 12:11:00,1292.4584916983397,51.6072022841564,32.79029106773791,130.1430688938573,7.468828108724335,967.4577476275788,3248.5597317616584,10.540159372272251
2023-01-01 12:12:00,1292.8585717143428,52.76904012345002,31.33313039433302,131.69501323427494,7.226689579671154,962.102640414939,3244.7594569580615,10.497109898681744
2023-01-01 12:13:00,1293.2586517303462,53.24578851899903,31.68422522121283,132.01384234113294,7.312631721794246,962.1873231274453,3270.4481296846416,10.511907605488672
2023-01-01 12:14:00,1293.6587317463493,52.79743812424716,31.82048340653809,131.15953446544083,7.4778776104105305,960.9756658424214,3239.2565855207686,10.521948308349545
2023-01-01 12:15:00,1294.0588117623524,54.21687300772599,30.67597517092906,132.7025334728967,7.054338625918256,951.9819474306149,3214.207497367084,10.469196494801352
2023-01-01 12:16:00,1294.4588917783558,51.469162704109046,32.45050515895173,130.30868411801686,7.532947811138843,964.3565053687339,3288.935473063584,10.542150767049451
2023-01-01 12:17:00,1294.858971794359,52.859216856909384,31.476148676680808,131.6179333110923,7.224783159421179,956.5301816456679,3230.0706611049545,10.498831585194242
2023-01-01 12:18:00,1295.259051810362,51.635525454564544,32.52727019350743,130.10241921910648,7.519458995041641,963.8527842406531,3253.0890862997508,10.53125957790253
2023-01-01 12:19:00,1295.6591318263654,51.96837824847034,31.800872269777923,130.7131007542712,7.416257876175109,966.9262999523384,3251.576730259955,10.49791992654416
2023-01-01 12:20:00,1296.0592118423685,50.70064985024733,32.879251523553336,130.6688117259496,7.402619497870089,963.1983198163556,3285.3110630833976,10.529747992595919
2023-01-01 12:21:00,1296.4592918583717,51.68714023729961,32.160105489159264,130.86421206964417,7.430137433505031,969.4479770018297,3265.3272980402085,10.516207218675607
2023-01-01 12:22:00,1296.8593718743748,53.04962668065301,31.68402001887467,131.87513476121768,7.182915632147514,959.7733232583662,3246.3865980971814,10.503322771912707
2023-01-01 12:23:00,1297.2594518903782,51.49207460085546,32.68653754844158,130.25328389403268,7.564118639485447,965.9656750990844,3260.9965814069215,10.541436465922603
2023-01-01 12:24:00,1297.6595319063813,49.219558022307055,33.78638672021381,129.47963103093338,7.88630879933929,976.5945331691038,3310.7925566496397,10.583256680548908
2023-01-01 12:25:00,1298.0596119223844,51.88872804912597,31.875521986657127,131.41635135998425,7.182430665198142,957.5454822172948,3253.529063388332,10.526066487715331
2023-01-01 12:26:00,1298.4596919383876,51.502097976432,32.140957848339085,130.97940481637056,7.417876478429102,961.2598781798883,3259.4176292242028,10.534505671455591
2023-01-01 12:27:00,1298.859771954391,52.558336530296664,31.264903061993206,130.01179717079805,7.356237027998493,955.6346432312305,3234.179012808206,10.502123090478253
2023-01-01 12:28:00,1299.259851970394,53.41576207342693,31.15205711846126,131.69808334230467,7.103329304037519,955.736294227507,3231.5822431116194,10.46287454563859
2023-01-01 12:29:00,1299.6599319863972,51.93046245729271,32.225647912085876,129.84227686108818,7.484118401414484,962.9225973367874,3273.952953911701,10.538628674965686
2023-01-01 12:30:00,1300.0600120024005,52.31955125975374,32.178711189060024,131.21592193822505,7.460865113598961,967.8541826212082,3266.625718361355,10.515211388693869
2023-01-01 12:31:00,1300.4600920184037,49.8566743108982,33.08952606452685,129.91848846670158,7.479233619233875,968.1693007403678,3283.8447989629017,10.562683129899867
2023-01-01 12:32:00,1300.8601720344068,54.313166589275944,29.885755127699532,132.3938426322056,6.96373438706284,944.940470164492,3198.994287455493,10.465231428507536
2023-01-01 12:33:00,1301.2602520504101,51.46431111094766,32.34645554017286,130.95659114459662,7.536256148145546,963.4709774135897,3281.5135937068108,10.532428540523853
2023-01-01 12:34:00,1301.6603320664133,51.264839415906366,31.736267018069928,130.48966607462216,7.263706462483098,964.5807947623827,3252.671914739317,10.518974326033058
2023-01-01 12:35:00,1302.0604120824164,50.85968960358239,32.58663773129566,129.44957878195768,7.672763542489396,974.2239534230016,3281.5195180448723,10.574757999228083
2023-01-01 12:36:00,1302.4604920984198,52.08590944885388,31.321607006297707,130.78296249685442,7.33946697555175,961.8394268924683,3238.213895315845,10.521069637564489
2023-01-01 12:37:00,1302.860572114423,51.807579043287305,32.34399135663536,131.16279404471203,7.322458927632219,962.4083988071177,3250.202503996417,10.510416825658499
2023-01-01 12:38:00,1303.260652130426,51.806499979414106,32.17625981766673,131.15728098976717,7.474544445716094,966.4542099059013,3264.7085472302306,10.54698631992888
2023-01-01 12:39:00,1303.6607321464294,53.08119761435324,31.289573850694744,131.50123727315346,7.141968216504199,959.9454263508736,3239.8810285758477,10.491868325505152
2023-01-01 12:40:00,1304.0608121624325,51.1840519358605,32.485960181062914,131.19175470782966,7.379554761968181,962.6852832207327,3265.623717098397,10.547536168592476
2023-01-01 12:41:00,1304.4608921784356,51.96232785937195,32.07257752808617,130.8405647141283,7.380911886009802,963.668281772415,3261.7022945948847,10.540922962369299
2023-01-01 12:42:00,1304.860972194439,51.71022104900371,33.10174127760499,130.60332834002224,7.485036458334029,966.1873839615133,3256.0605874494718,10.541660677201746
2023-01-01 12:43:00,1305.2610522104421,49.849221469851905,33.73211505822412,129.2898848684503,7.713674013160409,973.2603180750131,3315.4632977961182,10.557570051387597
2023-01-01 12:44:00,1305.6611322264453,51.055889900195915,33.114120375066655,130.01391279304494,7.532405880110556,968.0763813057656,3272.956575457513,10.542019721193826
2023-01-01 12:45:00,1306.0612122424486,51.0515349348541,32.72207498447328,130.58301989849812,7.527202780935349,964.2396630160952,3275.9946951753063,10.552506418765978
2023-01-01 12:46:00,1306.4612922584517,54.409887209223676,30.063836419820273,133.2368623463355,7.015355217628468,953.4604677480515,3201.5823528704573,10.483988973276409
2023-01-01 12:47:00,1306.8613722744549,50.18787999232558,33.348818627246345,129.20314909586494,7.545741948051405,971.1011290070387,3289.606552262589,10.561255618914451
2023-01-01 12:48:00,1307.2614522904582,51.120343583501146,32.82915471409789,130.5137578808155,7.426271988015218,965.4766056753786,3259.1686601012257,10.528999762377072
2023-01-01 12:49:00,1307.6615323064614,48.78079730301689,34.52439664920296,129.63667248718878,7.645538338975563,972.9072117539652,3318.2421007801863,10.574137677426323
2023-01-01 12:50:00,1308.0616123224645,52.228189305193034,32.777953949329216,130.89623630733664,7.392125901724817,966.3759852497697,3251.992791700413,10.51410024721363
2023-01-01 12:51:00,1308.4616923384676,51.380741716925115,33.079572851627724,130.13026670347872,7.601220286416597,966.3991621032393,3286.824686439852,10.5527202280903
2023-01-01 12:52:00,1308.8617723544708,51.95844467069095,32.188067080776214,131.13248606899728,7.521393444655272,970.8143448715964,3267.5090303949146,10.540541927537316
2023-01-01 12:53:00,1309.2618523704741,49.70357007202041,33.13154427929293,129.4856783877568,7.655878675879819,967.1671492389872,3296.665514531316,10.54303743103338
2023-01-01 12:54:00,1309.6619323864772,50.04083025314611,32.62143173637252,130.00525449513728,7.633333356419713,971.3236114617144,3290.0272197584623,10.557626325212222
2023-01-01 12:55:00,1310.0620124024804,50.411157788652815,32.9948275376052,130.64370814935668,7.538877262937828,962.0696169201977,3273.883244863251,10.556664202298847
2023-01-01 12:56:00,1310.4620924184837,53.68835809481626,30.524477947906448,132.91919827290957,7.01750294477317,948.9765547497367,3225.6670564952105,10.48731348736063
2023-01-01 12:57:00,1310.8621724344869,50.702766897687766,31.135786423892824,129.76504654545863,7.266422541515243,961.9745925957429,3253.580692989009,10.538100072566602
2023-01-01 12:58:00,1311.26225245049,51.123582747818546,33.13770826274547,130.23309005130585,7.426724432474553,958.8792556755158,3280.4561256577003,10.535511964845524
2023-01-01 12:59:00,1311.6623324664934,52.74226308681019,31.6079435698039,130.72169343547498,7.24218256045189,964.2340589346196,3247.1868356980453,10.517027385036101
2023-01-01 13:00:00,1312.0624124824965,52.26711684568482,31.83085624613762,130.93425392452062,7.355525352023299,963.2902851780689,3254.751123242784,10.523577634094531
2023-01-01 13:01:00,1312.4624924984996,52.58988674087034,31.811487432447567,131.2286596870538,7.167979816658639,963.5114481112753,3233.5786773442233,10.51289434841411
2023-01-01 13:02:00,1312.862572514503,52.30939605178206,31.17628601803726,131.79329129647843,7.308639749466315,960.1411949500372,3237.0362091922934,10.511539238090794
2023-01-01 13:03:00,1313.262652530506,52.42705225694923,32.0873079266978,131.33987900978659,7.316599503938923,962.5830200139706,3270.239009880282,10.507092247468366
2023-01-01 13:04:00,1313.6627325465092,50.924411233729046,32.80307008095436,130.4652922706955,7.623598376655064,968.241349441312,3287.645524395659,10.553613401398703
2023-01-01 13:05:00,1314.0628125625126,51.016030362604916,32.06847593989164,131.0108894054161,7.511788296536107,963.4276267121501,3269.763926967252,10.53830291162785
2023-01-01 13:06:00,1314.4628925785157,50.445325796312346,33.49049784257219,130.36076049504916,7.560768907029421,967.8225749466382,3278.0053243658235,10.54724013574986
2023-01-01 13:07:00,1314.8629725945189,52.79576170451898,31.38886001572963,131.7201737928341,7.1624180673568905,954.5410728586714,3244.1159424456528,10.50358376051693
2023-01-01 13:08:00,1315.2630526105222,51.296821136465184,32.277963607628735,131.05017545710407,7.417252499824884,964.5070417591849,3251.2626152605235,10.520973758331028
2023-01-01 13:09:00,1315.6631326265253,52.14839479047839,31.802450810448754,131.07740890092796,7.544560624790039,960.6140236042627,3249.6652358121232,10.5178174945825
2023-01-01 13:10:00,1316.0632126425285,51.0001597213576,32.70555575643447,129.79180707650394,7.381682359717195,966.0999046182859,3292.7181892907097,10.54087236077215
2023-01-01 13:11:00,1316.4632926585318,49.89326386196928,32.69224541797064,130.4150010981488,7.600918594301207,977.9988989709744,3275.4112793337254,10.54459904804544
2023-01-01 13:12:00,1316.863372674535,51.70627007618232,32.30291034890158,130.68854059463717,7.305471701818701,963.695842001851,3269.247133657243,10.518287311768665
2023-01-01 13:13:00,1317.263452690538,52.024979192589086,31.69817055475912,130.2718945630433,7.35954864693799,964.1392731960366,3258.9334372528992,10.512151348709196
2023-01-01 13:14:00,1317.6635327065414,51.36018044757186,32.11762930426352,130.73416332556135,7.415028059297423,966.2877440535781,3276.1965648871706,10.535217762885406
2023-01-01 13:15:00,1318.0636127225446,51.398423178831074,32.18493268998775,130.82637885041328,7.368032808562774,967.1657217994318,3255.461542445828,10.53776467109214
2023-01-01 13:16:00,1318.4636927385477,54.20572022579186,29.9340826238142,132.38346025657322,6.859302547436658,949.9707619163456,3186.3877826849052,10.447125015127076
2023-01-01 13:17:00,1318.8637727545508,52.086928548926764,31.791069606931412,130.40705510956784,7.297378277167567,961.9712000159201,3256.4270696982708,10.52091995416521
2023-01-01 13:18:00,1319.2638527705542,51.63715549891098,31.83541106387439,130.7506794890947,7.1664107008891245,969.6218034889094,3249.4134386063124,10.52570060569938
2023-01-01 13:19:00,1319.6639327865573,50.33781635837315,32.45910695510623,130.3047038805908,7.682673199918695,965.4241669312793,3254.6983441897846,10.54042803379343
2023-01-01 13:20:00,1320.0640128025605,51.450268425148636,31.85342379010145,131.54275134625018,7.418367071339531,961.8841579168713,3244.4555706894275,10.511391037069114
2023-01-01 13:21:00,1320.4640928185636,51.28040199509743,32.49612313912366,131.10878415994165,7.41169914328046,967.6466990818211,3260.6493381529117,10.538558800357444
2023-01-01 13:22:00,1320.864172834567,52.017262697060325,32.503592462936126,131.03529733554734,7.334855764261133,962.4313805357799,3252.9850855797567,10.533665726925149
2023-01-01 13:23:00,1321.26425285057,52.557202056829354,31.394745688603663,131.75162597823962,7.208594240143086,961.1454611519734,3237.6750104559706,10.491295896562827
2023-01-01 13:24:00,1321.6643328665732,51.22428349534037,31.864854555120942,131.81073225001978,7.413682061981324,962.1888250009549,3250.434275705499,10.51738806111117
2023-01-01 13:25:00,1322.0644128825766,52.80704684135363,31.185563869733215,131.9693330392386,7.30946507450759,962.7298905162097,3239.7150132327906,10.502271244534613
2023-01-01 13:26:00,1322.4644928985797,50.6633728626361,33.07797547751319,130.27169854908024,7.634748945807276,971.1606003591911,3300.728170478859,10.548476832622345
2023-01-01 13:27:00,1322.8645729145828,50.670254093616045,32.38485345863096,131.14204027389925,7.502339282640472,963.8870631266601,3272.70345984204,10.536677390499287
2023-01-01 13:28:00,1323.2646529305862,54.06078154289335,30.375911024126076,132.37297297866658,6.851874426997558,951.1590524509659,3220.648506598515,10.478145235705083
2023-01-01 13:29:00,1323.6647329465893,52.232989365500934,32.10495800286975,130.73856862434306,7.386644419878102,963.5169622330205,3280.9672110167876,10.517149222089127
2023-01-01 13:30:00,1324.0648129625924,51.61699384748699,31.620861293143285,130.68833581511467,7.307958967834903,959.0345595857577,3236.4924651869937,10.490257829476414
2023-01-01 13:31:00,1324.4648929785958,52.3005884556316,31.054000320405585,131.64464124891163,7.092733562370275,961.1097256675409,3233.6955196814447,10.497956772796956
2023-01-01 13:32:00,1324.864972994599,50.492358569269896,32.25259820980419,131.85112546543633,7.4948374419150285,964.4631817304421,3246.879198468301,10.522292366055872
2023-01-01 13:33:00,1325.265053010602,50.950807075844395,32.470366433572245,130.56276825261386,7.658511961820258,967.9303357111667,3283.0860686641486,10.526902861950937
2023-01-01 13:34:00,1325.6651330266054,50.9007487888823,32.54884389248102,130.1902661618887,7.672797906084208,969.4160918013895,3299.2526920384953,10.55642208237976
2023-01-01 13:35:00,1326.0652130426085,52.79054327848269,31.658382399085347,132.32461329049642,7.254008271410606,961.0576747947365,3243.7324633749013,10.472761347405978
2023-01-01 13:36:00,1326.4652930586117,52.00881585899736,32.17731174436292,131.0376201321677,7.352529435319802,963.5563070770235,3274.6683296103124,10.527595018663089
2023-01-01 13:37:00,1326.865373074615,51.59652603371767,32.063176235140126,130.33035866876514,7.454716690014541,965.4403332181769,3236.6639475473776,10.512822378256638
2023-01-01 13:38:00,1327.2654530906182,51.79720035116966,31.96441765703728,130.63016939872531,7.314750062558071,965.6448047708564,3290.2412130156717,10.540256765288973
2023-01-01 13:39:00,1327.6655331066213,50.723086527743234,32.631913637716465,129.4134765604732,7.509320273598119,967.9631307102853,3282.794271428907,10.547917516035342
2023-01-01 13:40:00,1328.0656131226247,52.39786912359404,31.176221153011287,131.80371151107047,7.141340142834114,962.2156736067049,3261.2422033891107,10.50612010314311
2023-01-01 13:41:00,1328.4656931386278,51.877425308661664,32.39104454333739,130.7676191455207,7.332456864356678,965.2173768786762,3269.0099944278236,10.510495234376124
2023-01-01 13:42:00,1328.865773154631,51.68045354944056,31.49935661344749,131.78939212896714,7.256979228484618,965.0534382780726,3255.7177254988655,10.523500091059686
2023-01-01 13:43:00,1329.265853170634,51.90355607954367,32.127176465287576,131.05193967353063,7.326296999038477,959.2510517230957,3245.048047365423,10.492130200049209
2023-01-01 13:44:00,1329.6659331866374,52.58548382948421,31.224081104677424,131.32433784017437,7.294833226960368,960.0884036505729,3238.6039967423467,10.506694202670786
2023-01-01 13:45:00,1330.0660132026405,50.400655516023676,32.49759852914758,130.09164035936618,7.480281702449791,971.5801057377068,3260.284918288144,10.539479826735596
2023-01-01 13:46:00,1330.4660932186437,52.03574148967831,31.90581234226598,131.13492021076377,7.391878177367277,968.1207141794358,3267.2486794092656,10.525184270282862
2023-01-01 13:47:00,1330.8661732346468,51.45189048978676,31.593603863989397,130.41843376046944,7.320281486592177,958.6785233275247,3230.527289110092,10.523507906494515
2023-01-01 13:48:00,1331.2662532506502,52.241342476118525,30.94237259021468,131.54020357553438,7.21216825995655,958.6531263601038,3232.324127949276,10.482050681756197
2023-01-01 13:49:00,1331.6663332666533,52.63905795123147,30.647786824983747,132.13906990930016,7.199878029256262,956.4278335825185,3243.12600719938,10.497379487280378
2023-01-01 13:50:00,1332.0664132826564,50.98885589691321,32.03129197790142,131.06675113662246,7.589317425682479,971.6200483474144,3279.938799135071,10.542010018887353
2023-01-01 13:51:00,1332.4664932986598,51.26137969411824,32.22822944168987,129.96125149680765,7.384815046489151,955.3892291685472,3235.351268949797,10.514401129202897
2023-01-01 13:52:00,1332.866573314663,51.51644814788335,32.00076709078512,131.37011962012318,7.39451532559856,959.826578344601,3241.5959312059076,10.521975640997091
2023-01-01 13:53:00,1333.266653330666,52.86032496435082,31.176029019652447,131.42630467645907,7.09072638998792,964.0269210180934,3234.209978014459,10.502709691586576
2023-01-01 13:54:00,1333.6667333466694,50.66278370091309,32.7798428613543,130.03937928912788,7.413091773487339,966.0851809193466,3276.4721721673504,10.549746255568481
2023-01-01 13:55:00,1334.0668133626725,51.80360793386177,31.490575147865545,130.91821725397395,7.22817967964422,957.9193994123435,3258.5313553373294,10.507522356108284
2023-01-01 13:56:00,1334.4668933786756,50.84804442942803,31.66183044412963,130.3549031744423,7.502877644657873,970.5711474547497,3275.0586886413566,10.542256308329542
2023-01-01 13:57:00,1334.866973394679,53.157516451318536,31.31357061014557,132.88384548027838,6.896654851466095,949.859507442693,3204.120807774368,10.478519871460632
2023-01-01 13:58:00,1335.2670534106821,51.01882102099234,32.132773821699686,130.6557129057258,7.4168625688677094,966.8421556760321,3264.877832272927,10.520556639146955
2023-01-01 13:59:00,1335.6671334266853,51.66169097528845,31.609169562338888,132.04342253377348,7.346719511775484,957.403493543918,3258.2099961216595,10.532038649463125
2023-01-01 14:00:00,1336.0672134426886,53.019899009696545,30.320491681834213,132.41126726680878,6.93490874993781,952.5929584675906,3232.2362983754183,10.491536000118153
2023-01-01 14:01:00,1336.4672934586918,51.972228906102366,31.434715349505208,131.21602577452848,7.23254778023364,963.2510256492185,3278.327454157838,10.518438809409854
2023-01-01 14:02:00,1336.867373474695,51.550635948421004,32.43227061056863,130.98104890938953,7.457170881021142,960.4146238675713,3262.22113710469,10.523817299127295
2023-01-01 14:03:00,1337.2674534906982,51.15363545431695,33.05573036108839,130.9897783054652,7.567523154070075,967.6803731795703,3282.4821975647146,10.537106791004375
2023-01-01 14:04:00,1337.6675335067014,53.21946488094252,31.350846328719697,132.54312802545914,7.092018327496509,963.634611996055,3252.088765383938,10.50575745945223
2023-01-01 14:05:00,1338.0676135227045,51.9282845922999,31.509109365532805,130.57567644931711,7.229300938153967,961.956147777201,3260.998037085315,10.515095398414692
2023-01-01 14:06:00,1338.4676935387079,52.86864225269401,31.713582245680975,131.38846089801257,6.961426508837847,963.9034705820278,3231.438511192784,10.506011984289556
2023-01-01 14:07:00,1338.867773554711,49.61796073446346,33.16210606092014,130.2901438276592,7.736350211805112,970.2980410369271,3296.4849293935936,10.540132338197294
2023-01-01 14:08:00,1339.2678535707141,51.19762939204862,31.984597199648267,131.6802206070792,7.32486474095738,964.9649831532719,3247.0025876389373,10.495685391963471
2023-01-01 14:09:00,1339.6679335867175,52.440991152267735,31.48281450223664,131.5008665069417,7.413981102963647,952.4759202950776,3229.4796023960794,10.504495231855099
2023-01-01 14:10:00,1340.0680136027206,52.363814176707876,30.390175227335202,131.7865061874207,7.0966583575594315,958.4888304882643,3216.824127663942,10.481430076539993
2023-01-01 14:11:00,1340.4680936187237,50.63913197462754,32.084734070738136,130.5951239570211,7.491165107014104,967.3726878328439,3280.8250189549226,10.531398840696351
2023-01-01 14:12:00,1340.8681736347269,52.461568517609884,31.23587423306062,132.34940703238985,7.323400111789204,958.6886070614443,3246.574182606823,10.47825415666269
2023-01-01 14:13:00,1341.2682536507302,51.62567456900357,32.39468978613094,130.81891925615506,7.5742304746234765,970.19591364956,3272.6509705555754,10.543054191603613
2023-01-01 14:14:00,1341.6683336667334,51.00893205070014,31.74279993991089,130.2111000505036,7.450770238174939,962.7691306404463,3267.1023633919094,10.525753456756968
2023-01-01 14:15:00,1342.0684136827365,51.09860096454314,31.911374823851858,131.09081286545361,7.359102783933104,958.2965866997222,3257.5945728841684,10.532265107728957
2023-01-01 14:16:00,1342.4684936987396,50.31185646637995,32.78516373269811,130.5532274498679,7.551060859690058,970.5683928814311,3282.1973572132624,10.531218607320543
2023-01-01 14:17:00,1342.868573714743,52.20910189420423,31.227788955584458,131.95934429553893,7.043242633682979,953.1704455139477,3235.643239399362,10.490685500808722
2023-01-01 14:18:00,1343.268653730746,51.11284793919116,32.277562971584864,131.55392189533939,7.344763374008991,964.0015359022065,3252.6460742446006,10.526330039218578
2023-01-01 14:19:00,1343.6687337467492,51.632069981269765,31.425153981607497,131.7047027574356,7.312903329864856,965.7675530573028,3236.516245174148,10.513186324010249
2023-01-01 14:20:00,1344.0688137627526,52.838439494836145,31.24431727777466,132.15880911122335,7.247090196678012,957.8889182675493,3220.0904874165894,10.486644319909379
2023-01-01 14:21:00,1344.4688937787557,53.96652649142996,29.643051381081204,133.02954868011395,6.888600735421562,950.8779715438328,3208.561855629497,10.445861549555225
2023-01-01 14:22:00,1344.8689737947589,50.86947256484944,32.35838008551766,130.04841189446094,7.479585586019324,962.4590860739054,3251.0071805931884,10.52409136209752
2023-01-01 14:23:00,1345.2690538107622,49.95946543942531,32.57319587264542,130.86687402030614,7.5184347230061,971.4357573818666,3297.649215592672,10.533720376642718
2023-01-01 14:24:00,1345.6691338267653,51.17795357896201,31.860252581264774,131.02416653043008,7.450088728259108,958.5715247081963,3256.041293373193,10.508155099086997
2023-01-01 14:25:00,1346.0692138427685,49.56490928177259,32.81946886647777,130.04834900191534,7.597201318894032,970.0432555508485,3277.90614499101,10.542715256468991
2023-01-01 14:26:00,1346.4692938587718,51.31516039835768,32.07955159490404,130.7048338340449,7.431971398201605,970.0322226001596,3251.143009846851,10.51708806297842
2023-01-01 14:27:00,1346.869373874775,52.21109599034664,31.709133024854385,131.72156551592104,7.357685706819756,962.0865459791522,3252.6715905287315,10.502259317110704
2023-01-01 14:28:00,1347.269453890778,52.07998853642867,31.685664881754054,130.86742646724468,7.356431848142961,960.1006025512928,3233.033298600538,10.518286568929776
2023-01-01 14:29:00,1347.6695339067815,50.69941543273669,32.513696978852835,130.22931136925206,7.533411824880245,964.4783168553993,3267.253774108766,10.526797568430322
2023-01-01 14:30:00,1348.0696139227846,49.865165250675425,32.87168103554201,130.24144240171185,7.7385069895357255,966.1639133075475,3271.839237799087,10.537999900863028
2023-01-01 14:31:00,1348.4696939387877,52.124460337517945,31.11761117290466,131.18979558362514,7.419361483761082,958.4457266806583,3244.461236443028,10.503678224865807
2023-01-01 14:32:00,1348.869773954791,51.823241303254605,31.764682833057613,131.48387367599634,7.3447867640660425,961.8418285714044,3253.095881542496,10.499397417494956
2023-01-01 14:33:00,1349.2698539707942,50.95293400454833,32.03333113530789,130.50256325425744,7.366365270442523,966.552990887327,3250.6098329317606,10.527700386281253
2023-01-01 14:34:00,1349.6699339867973,52.277500405607576,31.326795793939443,132.13794359487616,7.329549595386602,966.1798386111141,3230.879334201781,10.517005641399379
2023-01-01 14:35:00,1350.0700140028007,52.08131556394269,31.18095118079179,132.07882560479723,7.015426109629727,953.1931484430394,3227.8275561116598,10.501176931199364
2023-01-01 14:36:00,1350.4700940188038,50.18351214628926,32.669469178036984,130.72594460786303,7.582706669220835,959.6007681376495,3281.845710709278,10.53880152308618
2023-01-01 14:37:00,1350.870174034807,50.997732396618545,32.02821100371314,130.74421062777253,7.250546854527946,967.951204518962,3259.1528937898624,10.524614029326209
2023-01-01 14:38:00,1351.27025405081,51.52139927392285,31.521372451868842,132.99827480889297,7.306570550401583,958.864706280323,3231.4260541565254,10.490595827766803
2023-01-01 14:39:00,1351.6703340668134,52.791995352039606,31.30277237662469,131.86991485192962,7.328654492237936,957.3069075273418,3247.2969280947364,10.487709867292537
2023-01-01 14:40:00,1352.0704140828166,50.34643118648992,32.60785750356793,130.13612160701422,7.3314174375053325,967.7945646829029,3283.036937087731,10.549192278185783
2023-01-01 14:41:00,1352.4704940988197,53.2967229645413,30.62625127651278,132.8822519350677,7.0303787557847315,953.8542839077736,3226.3311362070467,10.471192823451602
2023-01-01 14:42:00,1352.8705741148228,53.180611250754886,30.97859187174014,132.1476149046827,7.032725199787203,963.1337982106987,3221.4245904066775,10.494578835437235
2023-01-01 14:43:00,1353.2706541308262,50.48998941030266,32.520528413102646,130.30044707137162,7.256747171308035,966.5025906679152,3274.73309684188,10.535039808559386
2023-01-01 14:44:00,1353.6707341468293,49.062136305353654,32.9153264568955,131.3286935657999,7.522701004849228,966.4777077700566,3280.5865486141424,10.535500122560345
2023-01-01 14:45:00,1354.0708141628324,51.88923557393378,31.470411846239706,132.00104147469935,7.318980996495882,959.2648754522019,3235.757571699938,10.511482164794916
2023-01-01 14:46:00,1354.4708941788358,52.18635327492698,31.807353103210012,131.84024431752525,7.260487681772128,958.012997173007,3233.272548728094,10.488784267369336
2023-01-01 14:47:00,1354.870974194839,51.60552187631028,31.155807321345836,132.88089273516326,7.234652752838517,957.0333794919646,3228.13998209703,10.503880498814627
2023-01-01 14:48:00,1355.271054210842,49.62241877991942,33.57429018756941,130.26743697158722,7.446799966125973,975.0398551979961,3279.8772366437834,10.54790898815285
2023-01-01 14:49:00,1355.6711342268454,51.42954505501246,31.484990009583957,131.1027716276215,7.355448085199772,963.0709962287756,3242.3256529207442,10.519548939595174
2023-01-01 14:50:00,1356.0712142428486,51.17966220694692,31.794956884447018,132.5898468990769,7.1201007818029565,957.2019177531316,3254.2554592588262,10.507818395999646
2023-01-01 14:51:00,1356.4712942588517,51.596844298306976,31.85450647361311,131.90595639864205,7.09906730061481,961.1862326732468,3240.58503427366,10.503825460607931
2023-01-01 14:52:00,1356.871374274855,51.431909891706425,31.5004375157016,131.23501939415618,7.282715379191872,968.0739811695942,3249.1867646032874,10.524897708989116
2023-01-01 14:53:00,1357.2714542908582,49.7301398872304,32.72301766991638,130.1254936884199,7.619269827037811,970.4902220261662,3280.0092765728336,10.535133421744428
2023-01-01 14:54:00,1357.6715343068613,51.92479948615369,31.47833803629197,131.76099291893107,7.261663529750551,956.7588991830017,3237.047401801879,10.486247924339114
2023-01-01 14:55:00,1358.0716143228647,50.87792478412454,31.308997163808403,131.5612454194979,7.232830821011757,955.5343332599091,3246.729270347867,10.497818307130261
2023-01-01 14:56:00,1358.4716943388678,51.69369414014218,31.069634282547153,132.76368037115566,7.05424587398708,961.5263939497469,3230.1650338057016,10.49971355795015
2023-01-01 14:57:00,1358.871774354871,52.79663347221374,30.65346997743492,131.58268989956935,7.027286451201277,950.3672532607865,3205.297537187266,10.484210530225166
2023-01-01 14:58:00,1359.2718543708743,52.41915344110455,30.88036547559423,132.47429539302973,7.058193044476547,959.8298183148573,3230.596292000079,10.50073167154178
2023-01-01 14:59:00,1359.6719343868774,52.0774006724929,31.390123221614765,131.8816191916829,7.217033867215639,953.9260631161019,3209.886972312938,10.475282416865634
2023-01-01 15:00:00,1360.0720144028805,52.44261024627597,30.677454395869386,132.1425236435541,7.33257088097759,960.4406043743173,3231.0571658423446,10.48672038476886
2023-01-01 15:01:00,1360.472094418884,50.55398269069996,32.231860509711574,130.75077966800998,7.444342471324192,960.7618681220612,3270.220932050093,10.514743406833945
2023-01-01 15:02:00,1360.872174434887,53.32237091878017,30.221596364635463,132.3242754889913,7.096565879115939,951.7018747426263,3198.977474075508,10.468233569252625
2023-01-01 15:03:00,1361.2722544508902,51.377127872450494,30.532215066902804,132.12991805015875,7.180681691259149,960.6051006300778,3234.4876801004925,10.500020206758009
2023-01-01 15:04:00,1361.6723344668935,51.170305287343,31.57873779897184,131.14131373223904,7.173541290205079,964.8804156158935,3264.356619873457,10.497516116510386
2023-01-01 15:05:00,1362.0724144828966,52.37471128255079,30.184986766676126,132.0468818455669,6.983111755381659,959.3578582519394,3204.2561395728544,10.495873460974241
2023-01-01 15:06:00,1362.4724944988998,52.77706554775906,30.899579924823666,132.50488810203257,7.010751972102185,956.422754444804,3214.2394327741367,10.463821586984816
2023-01-01 15:07:00,1362.872574514903,49.62318393756867,32.700792378197036,129.76910385365636,7.519425835267639,969.5317617237318,3280.207110559849,10.56537273657653
2023-01-01 15:08:00,1363.2726545309063,53.13187032422667,29.992437754107193,132.5844470946381,6.903571420912894,955.6695618270719,3217.918840003416,10.456010927347442
2023-01-01 15:09:00,1363.6727345469094,51.541651012256594,31.23042426684757,130.7016449748519,7.273882084993373,956.5948924695,3250.106185139679,10.498003891065114
2023-01-01 15:10:00,1364.0728145629125,52.007453095682926,31.089827900277424,131.71322822259472,7.078333501957092,955.2204799421173,3239.1334754631166,10.487872517397186
2023-01-01 15:11:00,1364.4728945789157,51.2974900586045,31.317684088475396,131.7144806198135,7.482173768128448,956.7465699382522,3250.227843632192,10.501584417935357
2023-01-01 15:12:00,1364.872974594919,53.22861718609636,30.306346311578153,133.0099225667749,6.798667908477933,943.6600014137211,3199.8324155219525,10.45420908356858
2023-01-01 15:13:00,1365.2730546109221,51.264769401294615,31.69376570610484,132.30437792530847,7.369414301390842,963.5448710161926,3262.5181756222287,10.504388920989468
2023-01-01 15:14:00,1365.6731346269253,52.34068089003091,30.659407012366074,133.47545398877725,7.087188057735216,960.8029580433457,3218.7830345323473,10.485845793858065
2023-01-01 15:15:00,1366.0732146429286,50.86777670668693,31.818725397233166,131.20423532015758,7.318405163890631,962.4559752029427,3217.2467058852612,10.497935462008222
2023-01-01 15:16:00,1366.4732946589318,51.74965262505387,31.087887784016196,131.49783549403864,7.219337705924762,959.1390052463028,3214.2747395015676,10.500972307800534
2023-01-01 15:17:00,1366.873374674935,50.56636585742881,31.75903891188602,131.81231843300043,7.328765455050856,962.1449947162724,3248.9001532625593,10.5266998795535
2023-01-01 15:18:00,1367.2734546909383,52.863920541504086,29.88654695099239,132.8422666989043,6.890486033364297,953.7298998335656,3208.6935504372655,10.450313056996212
2023-01-01 15:19:00,1367.6735347069414,50.93358480578576,31.57730684864084,131.96930445003105,7.246499774132885,966.0776943114442,3240.5998931118493,10.526512857990253
2023-01-01 15:20:00,1368.0736147229445,51.45168083673515,31.706726394999336,131.58915236239832,7.299133177914121,965.7074224163284,3247.775723873802,10.516033288190144
2023-01-01 15:21:00,1368.4736947389479,53.21388381750448,30.650510100757252,132.65238102256438,6.9982387285829235,951.3724752531781,3222.016014147747,10.470088808338259
2023-01-01 15:22:00,1368.873774754951,50.707732524031805,31.417067488807056,131.26302189811256,7.1869245110403766,964.5751145649895,3251.6772304369615,10.503536752062171
2023-01-01 15:23:00,1369.2738547709541,52.30146512263355,31.398104549106225,132.50171642709248,7.217300171023782,959.5238688541253,3228.876754358164,10.483106321248918
2023-01-01 15:24:00,1369.6739347869575,50.934214825219286,32.09059975107793,130.97090379611333,7.100742829547899,964.8384923160742,3243.8298377217116,10.526680707830005
2023-01-01 15:25:00,1370.0740148029606,52.15121992888343,30.301975889045373,132.85195116974344,7.072510725792231,957.2499056075059,3218.346826823636,10.508833119632374
2023-01-01 15:26:00,1370.4740948189637,52.383261380252506,30.155476935680234,131.93979501034352,6.929826004627717,955.1125310182491,3221.244527148728,10.494190426990139
2023-01-01 15:27:00,1370.874174834967,51.75850421604309,31.185768408964343,132.84760315833125,7.1161014179041,951.6508574302053,3224.665951524826,10.46749786436997
2023-01-01 15:28:00,1371.2742548509702,53.325002222203516,30.53266506757421,131.9036033013565,7.0696067892822985,947.8861785237434,3212.362523307166,10.462712679628668
2023-01-01 15:29:00,1371.6743348669734,52.44015322057895,30.834374440090702,132.24360474755807,6.972241484600512,958.8520614712293,3231.5758093434015,10.485643634649737
2023-01-01 15:30:00,1372.0744148829767,51.305977584645056,31.382414830311138,131.49703911529446,7.458472419097497,956.1672593461788,3240.6602878941458,10.513558741640448
2023-01-01 15:31:00,1372.4744948989799,49.91334511340412,32.31579612062775,129.57664294542886,7.530973690957321,963.045689250273,3290.223840506438,10.539116824722095
2023-01-01 15:32:00,1372.874574914983,51.68798135624032,30.602250514261165,131.76417259947007,7.016099565650835,946.6408583600436,3203.506444576337,10.45862203919632
2023-01-01 15:33:00,1373.2746549309861,51.30489578332577,31.475631914364556,130.67928062455053,7.173283008551253,960.5759907171191,3242.3947383594477,10.513696750270588
2023-01-01 15:34:00,1373.6747349469895,52.57125567413686,30.62124591945444,132.65501857716274,7.008371724825427,954.9353127824892,3195.4922742618196,10.467181358882891
2023-01-01 15:35:00,1374.0748149629926,53.15596486730026,30.41548297679303,132.68903766941665,7.032639373160379,953.0890056594037,3211.0825733418324,10.470161243807086
2023-01-01 15:36:00,1374.4748949789957,51.83224826962937,30.869359303595637,131.62461291208461,7.139556561976654,959.2054423737677,3220.430461046816,10.509523296102923
2023-01-01 15:37:00,1374.8749749949989,51.64380276831236,31.79232216510502,132.17410178619284,7.272794621014169,959.2540633861522,3256.0477593354517,10.514166752916728
2023-01-01 15:38:00,1375.2750550110022,53.81257945441857,29.68372225305023,133.2544773203932,6.739523950271374,946.9101809925033,3182.5976668788853,10.44339143637515
2023-01-01 15:39:00,1375.6751350270054,53.11285615890073,30.48605845003299,132.93389085550496,6.8834280163921076,956.5705163922436,3210.7628129674813,10.484525916960198
2023-01-01 15:40:00,1376.0752150430085,52.126859781101274,30.759986901004307,131.742924049875,6.971020912845998,957.7986358574265,3214.4556870656193,10.488922730366447
2023-01-01 15:41:00,1376.4752950590118,53.316631595409056,29.958961832069292,132.45957934408597,7.0457198786866,949.7896625364278,3211.2389209203366,10.455383097495615
2023-01-01 15:42:00,1376.875375075015,50.9869749927878,31.208636374782188,131.26654794095475,7.331727432137471,960.916209279209,3240.9686656067915,10.499943800184033
2023-01-01 15:43:00,1377.275455091018,50.86655913485373,30.98928065246177,132.09100223331924,7.300467538474676,952.8245478850014,3238.516843437789,10.507528698864725
2023-01-01 15:44:00,1377.6755351070215,51.57520997484931,31.48260670513744,130.96438244571124,7.1435263420839785,959.5413631078862,3245.3746714053063,10.50338591577171
2023-01-01 15:45:00,1378.0756151230246,51.631193704925444,31.063761901052597,132.03078078255598,7.158715040884207,956.3036505793631,3235.669445611739,10.483565636863943
2023-01-01 15:46:00,1378.4756951390277,52.896612222235284,30.567981787552288,132.0499089666674,7.158284076074445,958.9623778401841,3207.360777151902,10.487182551457437
2023-01-01 15:47:00,1378.875775155031,52.019081390615014,30.20500495394355,131.95763076597765,6.951731390618889,952.538244814924,3225.932301650794,10.471818421145697
2023-01-01 15:48:00,1379.2758551710342,51.059790535363156,31.266761563876734,131.90577358308767,7.32680680323245,959.5682278229274,3246.056599722634,10.4875625975137
2023-01-01 15:49:00,1379.6759351870373,50.050739754587944,32.89327972304614,131.50249704695324,7.434600987141727,965.4549272251971,3275.848806842338,10.528758377246291
2023-01-01 15:50:00,1380.0760152030407,53.259158698331824,29.990091422978004,132.21872279893537,6.918393222938558,951.8923088802832,3218.343982563734,10.47283692457072
2023-01-01 15:51:00,1380.4760952190438,51.01692587538539,31.432317683584508,131.93258053248437,7.239402984543914,961.124927556072,3248.6517033814234,10.512548034496609
2023-01-01 15:52:00,1380.876175235047,50.51830085010703,31.006978814731582,131.2802822033824,7.1603614908223925,959.5316660677585,3241.0623476774,10.509447851193483
2023-01-01 15:53:00,1381.2762552510503,52.34989709824447,30.25766090841592,132.11332875750372,6.884325535488166,961.0102186853601,3216.312414192897,10.473910414202217
2023-01-01 15:54:00,1381.6763352670534,52.6380130303859,30.34677836734612,133.4312079038324,6.963573657224148,946.3523551945912,3228.3873390363833,10.455055145500152
2023-01-01 15:55:00,1382.0764152830566,52.616261786693634,30.27461070056376,132.21084260601242,7.066362374558962,955.7033223097393,3226.3881593282144,10.47873308551948
2023-01-01 15:56:00,1382.47649529906,53.123224946723575,30.26683596448093,132.70272928178323,6.994242073307952,949.7801979991448,3195.390317256891,10.450679334411152
2023-01-01 15:57:00,1382.876575315063,52.71102638488725,30.696669957973846,132.663150872763,7.116867160033901,954.8228517748178,3225.279943553861,10.480418154411328
2023-01-01 15:58:00,1383.2766553310662,51.07981675900638,31.26104394828262,132.69552664942756,7.368610522393366,959.0005814752149,3223.339558326693,10.491653251293503
2023-01-01 15:59:00,1383.6767353470696,52.982344997960084,29.69658751341094,133.35546522426617,7.073672792055853,954.773862333676,3197.8653774657655,10.463580374381722
2023-01-01 16:00:00,1384.0768153630727,53.03920525845466,29.561128572202307,132.6198311243761,6.937084248640717,950.5757368995214,3182.2418417574545,10.454202284839697
2023-01-01 16:01:00,1384.4768953790758,53.819279509264014,28.924500627701928,133.54804199569932,6.794791703704112,949.6790235559686,3183.37105334443,10.458582490232947
2023-01-01 16:02:00,1384.876975395079,51.96682992876507,30.165345587966907,133.00482101095633,7.161422142104275,954.6349117320422,3219.2397346109483,10.478574221688863
2023-01-01 16:03:00,1385.2770554110823,51.01327916735575,31.73500840018621,132.2547146465969,7.044796555711244,957.5234069295386,3255.127340049548,10.502201319079099
2023-01-01 16:04:00,1385.6771354270854,52.766768158945595,30.52449134105416,132.84921908131366,6.942773888493809,952.9458649891641,3208.2833028253926,10.469710224410386
2023-01-01 16:05:00,1386.0772154430886,52.2413597956362,30.661159445055024,132.16893544614132,6.864805524111633,958.2840678698291,3228.4386333758666,10.466748012796735
2023-01-01 16:06:00,1386.4772954590917,51.89660611056941,30.34236598179483,133.23222327992167,7.127646760187179,953.8808754639306,3225.6167636769223,10.468139317481508
2023-01-01 16:07:00,1386.877375475095,53.303667729294055,29.699604011028672,133.36231820692296,6.772473695700453,946.0871683488507,3217.2692453988275,10.460508318538764
2023-01-01 16:08:00,1387.2774554910982,51.894088681926846,30.301461188669634,131.8218310038135,7.424939334540825,958.6307409409046,3243.3448853249142,10.489299544222714
2023-01-01 16:09:00,1387.6775355071013,51.91582764996212,31.255760356611592,131.75367615491328,7.067626561649412,957.6865037557363,3241.157769304047,10.49695581236486
2023-01-01 16:10:00,1388.0776155231047,51.39325437233593,29.765873718004073,132.24717205581027,6.977622050138901,950.2600717627818,3215.831993385264,10.448410403027943
2023-01-01 16:11:00,1388.4776955391078,51.83482401067146,30.203814791443087,133.87683772855368,7.010096385252403,954.1172165741679,3208.789812411329,10.46644328851389
2023-01-01 16:12:00,1388.877775555111,50.7448075087981,31.396824158025133,132.3482424555762,7.179601446235662,959.0680333335865,3242.587579565093,10.503849375569995
2023-01-01 16:13:00,1389.2778555711143,51.00624971402341,31.485826582618618,131.24727462742885,7.117339866435172,959.9958549749417,3263.7976512922737,10.494493764907238
2023-01-01 16:14:00,1389.6779355871174,52.93107652309273,29.728685572753836,134.1154028110716,6.7512622586686,952.1510063511456,3201.7498181415085,10.43827557589249
2023-01-01 16:15:00,1390.0780156031205,51.919220783389264,30.40249665844604,132.53111604596086,6.874749958599859,954.7416779420403,3214.7298154507967,10.47127694358693
2023-01-01 16:16:00,1390.478095619124,52.086422286591066,30.401120345637455,133.17593805310312,7.001121352250911,954.1179092438426,3208.3227866138523,10.45862184005014
2023-01-01 16:17:00,1390.878175635127,53.20610845351978,29.107505074517046,133.02775165010416,6.8070814542287295,947.8103895885945,3183.1250139215936,10.452529714972846
2023-01-01 16:18:00,1391.2782556511302,51.55588401259679,30.588335574250845,131.70962013954164,7.350581348071096,962.6932671555558,3222.326491916742,10.508151078136468
2023-01-01 16:19:00,1391.6783356671335,51.37351517563571,30.415923304504595,132.53076984661743,6.905989911079645,959.3436671501571,3219.4094762499703,10.462914616831293
2023-01-01 16:20:00,1392.0784156831367,53.596316967232596,29.588345513916234,132.04960979431038,7.073948188850564,948.9085393254828,3209.8652114713286,10.449019485183802
2023-01-01 16:21:00,1392.4784956991398,52.99974687567639,30.375284027096573,132.74809348408667,7.0924001631148075,948.0397230734563,3195.580685477961,10.445745513663558
2023-01-01 16:22:00,1392.8785757151431,53.75375265504572,28.722937962552148,133.92584246244067,6.860924826504853,949.2136371683572,3173.108498069139,10.438023216150688
2023-01-01 16:23:00,1393.2786557311463,51.36935473486122,31.073140345878844,133.04872725301786,7.088120041093298,955.975504910613,3205.230441094072,10.479429064953584
2023-01-01 16:24:00,1393.6787357471494,51.98637984737323,30.64004672214366,132.36221615455355,6.970906609834033,955.2438133770428,3210.827328492298,10.46023697147937
2023-01-01 16:25:00,1394.0788157631528,51.79321195312896,30.91280896855527,132.86377680765423,7.178436756739377,952.8657725211772,3198.3341867554714,10.467960540081435
2023-01-01 16:26:00,1394.478895779156,50.00196723569882,32.54914601708195,129.98673886776845,7.28384010052536,962.8368876710077,3253.2222625753097,10.518251139777815
2023-01-01 16:27:00,1394.878975795159,52.346852679273844,30.55693894987317,133.05094451509194,7.075794383617534,953.7388258219947,3218.330985476815,10.475303535216725
2023-01-01 16:28:00,1395.2790558111622,51.618112474285354,30.172417258822964,132.07351687887515,7.032158960204393,955.3577425091399,3198.4770298284448,10.463892486172467
2023-01-01 16:29:00,1395.6791358271655,51.29286539298318,30.9911877397183,132.0430463820885,7.065644502594325,953.8916988859708,3220.5164902282513,10.492434580859234
2023-01-01 16:30:00,1396.0792158431686,51.582105848597074,30.068812189412174,132.96435968855474,7.012880602619317,952.7617325762976,3209.100733117666,10.453401786606651
2023-01-01 16:31:00,1396.4792958591718,51.81095977433652,30.10824773213599,132.78408466478783,7.077068266502158,949.771861193167,3209.927699833232,10.470120283819016
2023-01-01 16:32:00,1396.879375875175,52.05976262231846,30.406930966561426,132.58493518515365,6.9186134150853,952.2297457925608,3211.474369005431,10.46907447570833
2023-01-01 16:33:00,1397.2794558911783,52.90920229235113,29.7156160310297,132.57011456202133,6.9379895993581915,950.2611991190595,3201.123523502821,10.458284910205965
2023-01-01 16:34:00,1397.6795359071814,53.26911217255285,28.870343833578385,133.45922280198178,6.51456530801594,947.9156738327612,3162.510017235604,10.44499299373061
2023-01-01 16:35:00,1398.0796159231845,51.82898941546192,30.18636278626656,133.23823246756805,6.88474755843657,954.954197861942,3217.352827447227,10.464092740312818
2023-01-01 16:36:00,1398.4796959391879,52.89796052327847,30.183497988792535,132.68250682107188,6.891673058444013,954.0591037404158,3200.6475110872175,10.460568123756627
2023-01-01 16:37:00,1398.879775955191,50.67724961180373,31.871805675666963,131.3634716896291,7.312457834995928,956.4634328079885,3239.6348406775005,10.487739612156714
2023-01-01 16:38:00,1399.2798559711941,51.94388879597589,29.858118519530933,131.9149611779665,7.093713875219188,957.4364007337182,3193.7246637761136,10.489887079465037
2023-01-01 16:39:00,1399.6799359871975,50.59365865297427,30.51730015086325,132.82102620400065,7.073405392414776,953.2804544236387,3216.8778410319724,10.459641884836909
2023-01-01 16:40:00,1400.0800160032006,53.114160295374,30.08993057428177,132.20792494400578,7.01866517289924,950.7232374983736,3211.982530190428,10.463141318526366
2023-01-01 16:41:00,1400.4800960192038,51.13752232932024,30.490846040583307,132.61237935704946,7.100488919910903,957.405587921336,3227.2984426143685,10.459882046016343
2023-01-01 16:42:00,1400.8801760352071,50.31460661333821,31.32918921936057,131.1035431804055,7.269580017799933,958.6187511160106,3241.444153589949,10.49269642720698
2023-01-01 16:43:00,1401.2802560512102,50.92475099170746,30.879049911883587,132.6726027861423,7.149365339617546,957.6209429617708,3222.200262799773,10.502394013801837
2023-01-01 16:44:00,1401.6803360672134,51.15733217912699,31.0755741004684,132.08517272076907,7.081748080428131,958.6750661631778,3227.2591477648502,10.499044810013011
2023-01-01 16:45:00,1402.0804160832167,53.03771141995358,29.525935760517015,133.21783294894894,6.7900661554579,946.4767384019854,3178.9997427942358,10.45493376856042
2023-01-01 16:46:00,1402.4804960992199,52.32571482915869,29.931793206485622,133.60412284823917,7.035829623623513,952.25927701555,3208.514420399334,10.463954817821316
2023-01-01 16:47:00,1402.880576115223,51.26918422058805,31.019151094774436,132.550030417088,7.204576232939765,953.6283113039314,3209.5034404533076,10.488975548456217
2023-01-01 16:48:00,1403.2806561312264,52.400629951203776,29.98983377734552,133.07799810751297,6.997919269733724,953.0312095977889,3185.1812278758343,10.454806479007694
2023-01-01 16:49:00,1403.6807361472295,52.497370762362024,30.52733086864388,133.09304401855007,6.89874996585886,952.380015245669,3220.520924266159,10.47774388125317
2023-01-01 16:50:00,1404.0808161632326,51.95354618986346,30.519103904348086,132.0421169169952,6.867933640313783,951.4102316752022,3193.3874531079414,10.492998728618065
2023-01-01 16:51:00,1404.480896179236,52.41890817161345,29.81293421885171,131.99686573068314,6.82333968304003,947.0825296957815,3201.630895116686,10.463089766103066
2023-01-01 16:52:00,1404.880976195239,51.34556093730823,30.689772514665005,133.27510773781003,7.0090666210729164,950.7107711415583,3217.308341398922,10.468461888417359
2023-01-01 16:53:00,1405.2810562112422,53.500835214330024,29.12879776334955,133.47011278241018,6.7457017976545925,942.4333104764756,3174.373909786197,10.438456374101593
2023-01-01 16:54:00,1405.6811362272456,51.96363210508649,30.412727775937817,133.02010767483767,7.14667212756154,951.9619958966184,3224.6295173181934,10.486407449187706
2023-01-01 16:55:00,1406.0812162432487,51.82148970176451,30.652485602421386,132.56116412710497,7.162926693321217,959.141877876983,3210.167720446724,10.480082223213314
2023-01-01 16:56:00,1406.4812962592518,53.30835025434125,29.469694477634462,133.42121805418907,6.716537121420108,947.887314107705,3170.4694321514644,10.437734242229936
2023-01-01 16:57:00,1406.881376275255,52.82744450177776,29.98712560845902,133.7701301859649,6.809491064202896,952.7775199993237,3178.890074908005,10.458884677040196
2023-01-01 16:58:00,1407.2814562912583,53.80642214340707,29.360279396159182,133.61248978820328,6.807866751843017,944.0470276360946,3181.446901959407,10.46077414560638
2023-01-01 16:59:00,1407.6815363072615,52.19243295377461,30.3576894247276,132.2586239646922,7.083573069888639,947.0059252535287,3199.1522456899365,10.45673312700341
2023-01-01 17:00:00,1408.0816163232646,51.42115114479205,30.423485459224725,132.25967907800583,7.0350894404418405,953.8680702896631,3201.141477195069,10.473460975886251
2023-01-01 17:01:00,1408.4816963392677,52.98419470093498,28.7995398863301,133.62972701058501,6.566013702332239,948.4999397544705,3162.7823542478754,10.419711476711015
2023-01-01 17:02:00,1408.881776355271,53.26789704311953,29.52354336453925,134.0675886583761,6.684458100084245,945.1585482231661,3180.0028937194493,10.430160797838743
2023-01-01 17:03:00,1409.2818563712742,51.17946750462841,30.7698206653782,131.69150373719805,7.004445404445622,956.8767584275599,3238.3138933999517,10.478750053003333
2023-01-01 17:04:00,1409.6819363872773,50.97232921317211,30.8152392886033,132.56281803449548,7.04364321345081,949.4070164576341,3223.8388858974927,10.489115171613358
2023-01-01 17:05:00,1410.0820164032807,50.750043611240095,31.00357121371535,132.00846607324985,7.190791090388993,957.0052099016019,3232.8611938668514,10.476797774913901
2023-01-01 17:06:00,1410.4820964192838,52.53479709858079,29.67091947795132,133.0535816682088,6.893206517406568,948.2329365927329,3187.8849035949597,10.430178719341379
2023-01-01 17:07:00,1410.882176435287,52.21482270155621,30.23060489457483,132.42253004481597,7.00864705823366,944.314317503105,3194.3870430745947,10.448850745780575
2023-01-01 17:08:00,1411.2822564512903,50.61219611027501,31.037416226422348,133.45355786316992,7.257578762868475,953.2988933022425,3224.755342803811,10.46657990773015
2023-01-01 17:09:00,1411.6823364672935,52.499744734300336,30.212998027847675,133.03753437810906,6.782446629660995,947.9559725289279,3196.1224926707364,10.449687162851072
2023-01-01 17:10:00,1412.0824164832966,51.80441296919788,29.990110072810943,133.80475584358447,6.996978963782195,947.5512783065756,3199.1756481611274,10.452682504284983
2023-01-01 17:11:00,1412.4824964993,51.17764874952914,30.70840580847053,133.32355604651775,7.033356957096287,951.0024246305026,3209.449731068235,10.468627832865279
2023-01-01 17:12:00,1412.882576515303,53.88595921596092,28.965327888905783,134.08279547367187,6.656540098867837,945.9399387075615,3161.3927474076645,10.437153490673156
2023-01-01 17:13:00,1413.2826565313062,50.46286010712357,30.69726925375294,132.4310327802691,6.993379609659076,953.6139082659714,3212.7494000329616,10.473890904830228
2023-01-01 17:14:00,1413.6827365473096,52.4563823870212,30.24923277824486,133.15704742880664,7.060226916945345,954.6391121728437,3210.719686547699,10.466218329486946
2023-01-01 17:15:00,1414.0828165633127,53.259219520476016,29.995099300285677,134.7033501935087,6.70520248160272,946.0210968914283,3168.70321310596,10.444075130723286
2023-01-01 17:16:00,1414.4828965793158,53.598388417833526,28.723309094460515,134.3409304008146,6.513440177141577,947.2435754340958,3168.241862484809,10.410014878933366
2023-01-01 17:17:00,1414.8829765953192,51.01370257780115,30.29697312208168,132.05827071802818,7.051927358785401,956.2979810150543,3230.4152158374313,10.470623565973225
2023-01-01 17:18:00,1415.2830566113223,52.2015750389448,30.34141903396051,133.63998197696762,6.808976245595202,953.560633291318,3187.034006338559,10.442314701306335
2023-01-01 17:19:00,1415.6831366273254,53.08253442702939,29.167157009345413,134.363008614056,6.910918581223069,943.9133700785745,3191.4708883048406,10.434989034298084
2023-01-01 17:20:00,1416.0832166433288,52.87005334876004,29.195233610344225,133.2743677687927,6.795530148549572,947.9652526452011,3168.6722876385434,10.439839837765028
2023-01-01 17:21:00,1416.483296659332,53.74932814707103,28.26341311032975,134.94904583957427,6.534046639096363,938.8986212671615,3158.685257249619,10.412249131817338
2023-01-01 17:22:00,1416.883376675335,53.154927992892,29.1260970813074,134.90917819708662,6.645753851847486,949.620423703543,3178.080039657746,10.413957058162397
2023-01-01 17:23:00,1417.2834566913382,51.01208278296302,31.20025452637968,132.15438334045083,7.002817054859154,950.9794017810406,3205.3904268846272,10.466173209465317
2023-01-01 17:24:00,1417.6835367073415,51.85307852468519,29.335494480293956,133.10528967369376,7.05430773000103,950.1054931021348,3207.6780226241635,10.431019105997448
2023-01-01 17:25:00,1418.0836167233447,51.56620455655153,30.265542319170912,133.28563091534596,7.064712876568122,958.063578901273,3207.2859778323595,10.46950201413428
2023-01-01 17:26:00,1418.4836967393478,50.87037787499786,30.48218996419114,132.23547374078524,6.919889071704257,951.5036488442663,3224.0884489165805,10.473950387500073
2023-01-01 17:27:00,1418.883776755351,53.506033935606865,28.74371438718377,133.98514089915244,6.589057898919798,944.8411118360266,3157.1889177178346,10.4210423231922
2023-01-01 17:28:00,1419.2838567713543,51.00071996590823,30.518981482787172,133.28887307002506,6.963960503023215,949.5765302316162,3222.309830537513,10.471536700765595
2023-01-01 17:29:00,1419.6839367873574,49.173798028786386,31.983747631066045,131.7909593228968,7.1470278686712305,967.3869888287691,3246.2994049819563,10.501586318763007
2023-01-01 17:30:00,1420.0840168033606,53.07731357890873,29.718754208129173,133.55845823040494,6.644264510999627,943.0101958485157,3210.672498295422,10.44748314844168
2023-01-01 17:31:00,1420.484096819364,53.78369574418546,28.935825107621557,135.38226604397587,6.598561813399187,936.4982193790701,3166.59139398614,10.403242566885385
2023-01-01 17:32:00,1420.884176835367,51.669246731414304,29.954799857033347,133.4705918696017,6.880435613358583,949.0442522367928,3215.0963489901396,10.452681894859001
2023-01-01 17:33:00,1421.2842568513702,52.733191324089105,28.934568466680666,133.77365791317814,6.881612132211602,943.6441364095016,3172.0469797703195,10.427546296061868
2023-01-01 17:34:00,1421.6843368673735,50.907866306140804,30.10341604093118,134.32455044084003,6.861052206396985,951.2611842903684,3195.1748812178053,10.427189353208568
2023-01-01 17:35:00,1422.0844168833767,54.48329302000516,28.37822336612468,135.4503213064677,6.526537413193745,947.3903872282958,3155.9365247007554,10.406283756216439
2023-01-01 17:36:00,1422.4844968993798,53.248172765388205,28.51246500621111,133.082603671819,6.4587968406865075,948.8626620254048,3174.9355286706773,10.421821972596147
2023-01-01 17:37:00,1422.8845769153831,53.04425413851112,28.537888561970142,133.85223383482202,6.759318399879426,944.3925003387872,3168.3494065389887,10.408029855950025
2023-01-01 17:38:00,1423.2846569313863,54.1907059108045,28.06140945675003,133.887642229658,6.526040253044048,939.9395678734008,3140.5853415815695,10.407733146335266
2023-01-01 17:39:00,1423.6847369473894,51.51228659109365,29.45346367926051,133.19030435200492,6.812103794088686,947.7903856793469,3192.363392746805,10.454682954865966
2023-01-01 17:40:00,1424.0848169633928,53.79352669254975,28.51469279578263,133.57529989893897,6.588440578322698,945.9512498160872,3170.87853840767,10.430110204148813
2023-01-01 17:41:00,1424.484896979396,53.54010504347328,28.11677192613958,134.41378013353284,6.698705598774216,940.4181090883193,3144.6726670337243,10.412288062371154
2023-01-01 17:42:00,1424.884976995399,53.319851314005064,28.130335243010535,135.09558880427238,6.491012004908508,943.1914551212086,3169.996045676197,10.413472935914053
2023-01-01 17:43:00,1425.2850570114024,52.670674043974955,29.055252103606033,133.2578726782205,6.6504896924173265,942.8214431585606,3175.2838599170823,10.425820618815072
2023-01-01 17:44:00,1425.6851370274055,51.770717464703196,29.189604309835165,133.29212210661237,6.941069425718027,946.7355311492873,3205.4057524699288,10.461484454406037
2023-01-01 17:45:00,1426.0852170434086,53.20618699293026,29.1003415154172,133.98862418421263,6.877606372024978,946.3368232473847,3183.491226390253,10.438869151282676
2023-01-01 17:46:00,1426.485297059412,53.15449228870493,29.383650796762367,133.73100752589406,6.744390892534362,947.1722634868065,3165.605020586678,10.447108091301901
2023-01-01 17:47:00,1426.8853770754151,52.25835166901852,29.206331412477,133.8318955565884,6.693775289197072,945.4075818219526,3174.560116024848,10.436568733804137
2023-01-01 17:48:00,1427.2854570914183,51.72943741941487,30.181431028445676,132.03039498546772,6.890909980331425,948.512343984275,3215.9578240650035,10.445740128134794
2023-01-01 17:49:00,1427.6855371074216,51.853951250936305,29.250119172194513,132.9339351996454,6.95039270049448,951.366062864881,3202.151892139686,10.45220965844608
2023-01-01 17:50:00,1428.0856171234248,52.722440413741865,28.47066111777982,135.09051246443605,6.760486881634729,945.3372744017204,3151.9432867999903,10.414647113283793
2023-01-01 17:51:00,1428.4856971394279,53.36851132851582,29.10880260937802,133.1937514539919,6.624176902467008,952.6752263222304,3186.908457078706,10.442769745983354
2023-01-01 17:52:00,1428.885777155431,53.66815782143126,28.869092733667248,135.17803004393764,6.653470340654001,947.9652290959572,3159.154860463045,10.422536265145231
2023-01-01 17:53:00,1429.2858571714344,53.01058372076122,28.8520585918129,133.51008247811174,6.526983160903657,941.0064260802507,3150.0086068774713,10.424109599445767
2023-01-01 17:54:00,1429.6859371874375,54.43474485965786,28.769374474447368,134.1101150041692,6.6158007310164,940.1646498201408,3169.9418148088102,10.399870673569895
2023-01-01 17:55:00,1430.0860172034406,52.511844549010185,29.20603232180241,133.07634250047337,6.855921476418808,944.3510077151383,3189.360407269991,10.453439807002233
2023-01-01 17:56:00,1430.4860972194438,52.47387853659268,28.708839353985805,134.43720546058347,6.652137575342928,941.0584191968915,3182.232077771404,10.44305908237517
2023-01-01 17:57:00,1430.8861772354471,52.832044664255776,29.458844073442958,133.80482220656228,6.853206655693776,951.9654853045479,3162.0220855866273,10.422058636549675
2023-01-01 17:58:00,1431.2862572514503,52.88663700543936,28.797948010866154,133.9454979081737,6.79939589164401,951.5995887632697,3171.1941073312446,10.42453233817798
2023-01-01 17:59:00,1431.6863372674534,51.50204418456484,29.723277425084355,133.51845984934397,6.851496947240669,946.9676801550886,3174.573191023724,10.447345212244878
2023-01-01 18:00:00,1432.0864172834567,53.42881446773855,28.555834315795735,134.1233335802325,6.666133172919241,948.685167832538,3186.8213695743316,10.437342085152046
2023-01-01 18:01:00,1432.4864972994599,51.18686668667279,29.33066983933069,133.6855937017188,6.922013697893283,955.5587087813477,3185.6057894122278,10.445926072210797
2023-01-01 18:02:00,1432.886577315463,53.54091592870127,28.588649429424045,134.6846744029255,6.613753406164124,938.3282674670835,3184.863438151688,10.425736159091509
2023-01-01 18:03:00,1433.2866573314664,52.73097703966577,29.109646483373258,133.5887519067887,6.607835057548232,947.450623856394,3162.5269356418025,10.41698414915828
2023-01-01 18:04:00,1433.6867373474695,51.399128922046316,29.565239456685134,132.93044382497712,7.041463395126401,949.7937020986822,3189.235095018323,10.44778408118247
2023-01-01 18:05:00,1434.0868173634726,52.45370403412398,29.19234163322275,134.85220669523613,6.671620270902281,947.096445504679,3176.6332956910505,10.439897241661813
2023-01-01 18:06:00,1434.486897379476,51.80981622623637,29.572285676132037,133.81635428680787,6.738434961244984,956.866241799391,3178.9826158238693,10.446806214863583
2023-01-01 18:07:00,1434.886977395479,51.52409966933387,29.245011887487518,132.61955808801105,6.839483025806161,954.2441143076003,3194.3467935158824,10.447272663631788
2023-01-01 18:08:00,1435.2870574114822,55.203898395423494,27.28337003869202,134.92978212350587,6.501986106901723,935.8336044272544,3123.9403927342178,10.388445951229206
2023-01-01 18:09:00,1435.6871374274856,50.124563760197105,30.516628436755813,133.40156666422544,7.055876220548892,956.1854721206564,3201.35866557108,10.468140376472672
2023-01-01 18:10:00,1436.0872174434887,52.17305276886064,29.015176381437218,134.53122006313995,6.638181525390338,939.016991724199,3164.282697474056,10.409737478436751
2023-01-01 18:11:00,1436.4872974594919,52.21185663113467,28.856807118657148,133.60406235440138,6.825317095129024,946.9663718317381,3183.5523867821285,10.428900359922347
2023-01-01 18:12:00,1436.8873774754952,51.86154540007644,29.207037019021506,134.29136671484184,6.745342498215989,947.8967123545171,3183.991519904447,10.446601503786743
2023-01-01 18:13:00,1437.2874574914983,52.78729423909963,28.949388412775217,134.64472866304328,6.66590041101774,948.854388958217,3183.2763230228265,10.439387162554114
2023-01-01 18:14:00,1437.6875375075015,53.57844093532311,28.810370147838903,135.2526679755069,6.555577044803062,941.2527315209816,3173.235779410969,10.388130060103563
2023-01-01 18:15:00,1438.0876175235048,52.67910460092185,29.275404717566083,134.8607123202258,6.8413011715352186,946.6375770497799,3177.7365071948248,10.417536308903072
2023-01-01 18:16:00,1438.487697539508,52.63193761982139,28.63449139229274,134.6795247697645,6.837898776873079,946.057532527357,3167.7405173597467,10.427904328220938
2023-01-01 18:17:00,1438.887777555511,53.755631330654595,28.406898492226404,134.57348344514597,6.6051471156879575,935.0009531292391,3157.8054399558628,10.404558948433495
2023-01-01 18:18:00,1439.2878575715142,51.35476917064811,28.952132468958677,133.5469884283062,6.714563448981447,946.3534702837944,3176.2180926902874,10.44876653735043
2023-01-01 18:19:00,1439.6879375875176,53.23357366884896,28.54649626702087,134.03919936055235,6.693798145513203,942.8440218362753,3168.2491016494046,10.449024240690582
2023-01-01 18:20:00,1440.0880176035207,51.52437924181153,29.263455781613857,133.18555114297527,6.721983642845309,950.0156356794594,3188.1762005363576,10.43891363800065
2023-01-01 18:21:00,1440.4880976195238,53.99745913190075,27.612615909934835,135.1815142148983,6.360071553723483,942.0267274250939,3150.5480391988026,10.382986697348713
2023-01-01 18:22:00,1440.888177635527,52.390280860442196,29.103259581603055,134.85308854176213,6.598464008904094,942.7405246848074,3176.62287297001,10.413472624134206
2023-01-01 18:23:00,1441.2882576515303,52.23024951245474,28.978551114402435,133.49364170656432,6.644127229580471,940.8278856650608,3174.361455996824,10.428637117368314
2023-01-01 18:24:00,1441.6883376675335,52.39950939623915,29.52026432817079,132.76485067549123,6.829444570339456,948.8962428626708,3178.000157685316,10.437917633043918
2023-01-01 18:25:00,1442.0884176835366,55.54280959079469,27.11411948425266,136.65830751326837,6.215858073535667,929.2892874001082,3122.0805263307557,10.358686368302369
2023-01-01 18:26:00,1442.48849769954,54.105590433628315,27.670296883011314,134.87157080100263,6.46775863282323,939.0485336994499,3144.7637317203094,10.387514569983166
2023-01-01 18:27:00,1442.888577715543,52.39506168434852,28.818210200091976,133.54216935381237,6.68330114136407,941.8919066099589,3164.9576098367675,10.410524628914933
2023-01-01 18:28:00,1443.2886577315462,53.25257690887332,28.026652171044628,134.70555213648032,6.53423161099984,943.2790294876769,3162.554302974273,10.400846261688205
2023-01-01 18:29:00,1443.6887377475496,53.190968562951085,28.77446295042034,134.49538461619213,6.570718580406858,943.2938218707718,3149.172717105491,10.392256805100992
2023-01-01 18:30:00,1444.0888177635527,54.101617014969996,27.63103748586263,135.14941633646072,6.403269615044342,938.3552657216148,3141.8418084960613,10.380664489705286
2023-01-01 18:31:00,1444.4888977795558,50.886521910237136,29.008107302513046,133.73525970776637,7.002640656147907,954.2881791491385,3195.2317781493175,10.455689695404011
2023-01-01 18:32:00,1444.8889777955592,53.492699294472516,28.533353909913394,134.01909545490022,6.51897833566995,942.6426446853687,3168.367861254039,10.422919159348043
2023-01-01 18:33:00,1445.2890578115623,52.47280744605798,29.026503938898337,134.2228524963817,6.729418323087908,943.3177212361107,3165.7283176949118,10.422442508798783
2023-01-01 18:34:00,1445.6891378275654,52.5632119482078,28.24652340764989,134.5110163286973,6.508253339138822,941.3514970723368,3159.614454694871,10.41184187436995
2023-01-01 18:35:00,1446.0892178435688,51.23115979450651,28.99170300468287,133.91583173575478,6.773995340086092,944.1417242048956,3181.115132905723,10.435952250973836
2023-01-01 18:36:00,1446.489297859572,52.944031931568226,28.499784247620518,133.58625908934576,6.673280349355778,940.1387034849255,3159.436082869264,10.43605554327892
2023-01-01 18:37:00,1446.889377875575,53.25659777773419,28.279476444646342,133.8816535674958,6.794114026174356,940.8312676710775,3167.5034421465925,10.415612155863082
2023-01-01 18:38:00,1447.2894578915784,51.78401276525396,28.203007088447055,134.09745905514302,6.659265383485456,948.7251796589778,3168.5949221437836,10.41475133930374
2023-01-01 18:39:00,1447.6895379075816,51.65243513762326,29.74800084825,133.91306666133806,6.682731594159841,945.7639055762031,3184.92312051837,10.440209446170886
2023-01-01 18:40:00,1448.0896179235847,52.86619660113052,28.47269721380076,135.2032807386823,6.577583595712461,945.147265257326,3186.6686725598174,10.4255396195724
2023-01-01 18:41:00,1448.489697939588,51.98534648576481,29.213816427330272,134.74573699991214,6.738855549446096,942.9342849324723,3166.6055709244047,10.41938344243714
2023-01-01 18:42:00,1448.8897779555912,51.711802339972756,29.50116820518626,134.14052993547213,6.944352155298328,946.2709393924924,3183.9433376617967,10.419056012481429
2023-01-01 18:43:00,1449.2898579715943,52.40779286925643,28.914913408432554,135.19098258198858,6.67980888426746,946.0558064367431,3162.1760572371395,10.422190718903721
2023-01-01 18:44:00,1449.6899379875977,53.2553267888979,28.15824310019171,134.49475599079653,6.450341493973068,942.591077203022,3156.3469432734832,10.409218604841008
2023-01-01 18:45:00,1450.0900180036008,52.454517731582406,28.56446805668663,134.7299756690516,6.806912777543874,943.339408158164,3177.677713986764,10.43695342504355
2023-01-01 18:46:00,1450.490098019604,54.57347019329955,26.772576038702557,136.46099566435018,6.210326382545366,933.0497333126107,3133.6572089212577,10.38848713842041
2023-01-01 18:47:00,1450.890178035607,54.569609629590104,26.658198856442766,135.98492583009013,6.203381714447747,935.5339605189606,3117.255599631643,10.349131180665413
2023-01-01 18:48:00,1451.2902580516104,52.99767047880506,27.369651725242985,135.88035694276846,6.536407580791134,941.9256560420442,3150.567205242664,10.38526502216822
2023-01-01 18:49:00,1451.6903380676135,51.23809688333851,29.193226957874437,133.88761299284167,6.824972062879628,950.5597255059854,3183.275057391863,10.445731285902822
2023-01-01 18:50:00,1452.0904180836167,53.866591809315885,27.19083326167478,136.84514781810276,6.34433382128488,934.9172929409154,3120.1008431284035,10.357195325585353
2023-01-01 18:51:00,1452.4904980996198,52.013783910618926,28.50608819306648,134.25717664259915,6.633678590279247,941.0292863802546,3184.251954493024,10.422833655680677
2023-01-01 18:52:00,1452.8905781156232,53.59603537541576,27.58956102251496,134.81732851825595,6.584698912731654,940.9465655193412,3142.909480677702,10.391338228265647
2023-01-01 18:53:00,1453.2906581316263,51.87915104619551,29.08875953851346,133.4612925834556,6.697480163398276,947.4956014348875,3195.492471159971,10.438246696000164
2023-01-01 18:54:00,1453.6907381476294,52.209200023857,28.855700317937224,134.0733139191894,6.787694384449095,945.2051103899056,3172.4154427324056,10.415803347238466
2023-01-01 18:55:00,1454.0908181636328,53.17421075692442,27.768373403392197,134.6787323251929,6.3717797217426915,936.0625535981951,3165.0087259929187,10.405988267903783
2023-01-01 18:56:00,1454.490898179636,54.04612104908625,27.418779201190326,136.3045908601619,6.376625441496555,934.1774538748157,3130.163330919557,10.369263210646166
2023-01-01 18:57:00,1454.890978195639,53.189292233703696,27.64109739364122,135.38546928648003,6.2907276817799005,934.8518161961046,3132.002720007273,10.375580515875946
2023-01-01 18:58:00,1455.2910582116424,53.48693099774224,27.819120630288953,134.38793379113537,6.374353625860481,940.0609200193406,3155.233740157824,10.394344475631112
2023-01-01 18:59:00,1455.6911382276455,53.33746831760377,27.48947574035997,135.4214221804189,6.3804661075686635,939.4643487581759,3135.9919905729075,10.391605214091447
2023-01-01 19:00:00,1456.0912182436487,52.9349832733146,27.3488908241481,135.31385181859642,6.597656564447486,938.4048137602292,3156.1594935990356,10.395419211992623
2023-01-01 19:01:00,1456.491298259652,51.83811866538574,29.586999790212033,133.6876319931737,6.864383042462625,949.191461967352,3184.5355160648132,10.44713769125716
2023-01-01 19:02:00,1456.8913782756551,53.66530800717051,27.59315003029542,135.72973775563395,6.458304164916662,940.9958081259659,3148.7528452652627,10.394927847421572
2023-01-01 19:03:00,1457.2914582916583,52.49785496583979,28.8243499866957,134.45531479265807,6.616565181356807,944.1078469809031,3154.1720951028883,10.420195086713784
2023-01-01 19:04:00,1457.6915383076616,53.123513700492325,28.20542066533654,135.08637311290005,6.568749635274582,943.3578522527041,3165.712030700558,10.415009219411957
2023-01-01 19:05:00,1458.0916183236648,51.85860459397072,28.581799640460005,134.65648219620357,6.763366158696379,942.0562256404982,3159.3993889365124,10.421551608622078
2023-01-01 19:06:00,1458.491698339668,54.142153572528215,27.369451322506766,135.96019800991039,6.401618769249995,933.286859495161,3105.2958416516017,10.388462626232448
2023-01-01 19:07:00,1458.8917783556712,52.36154278175033,27.427762853879255,134.37240268910006,6.497070870123643,942.9018862514727,3158.3770165560577,10.402983906605604
2023-01-01 19:08:00,1459.2918583716744,53.451358779024865,27.82054360089744,135.90457172236776,6.6822367637040285,938.2795703055981,3154.067624413796,10.399125674389376
2023-01-01 19:09:00,1459.6919383876775,52.013784408729656,28.11756913392526,133.86510555100008,6.658781633038669,944.1731160464416,3169.1415164706023,10.403182397486091
2023-01-01 19:10:00,1460.0920184036809,54.278716707146316,26.766392289111145,136.03288319571877,6.286507133356531,938.7578597588799,3121.6604556701413,10.378592679107099
2023-01-01 19:11:00,1460.492098419684,53.99224096919576,27.400977887396586,134.78789673308796,6.381494416743306,940.0056174165302,3141.2783945906285,10.388115745158442
2023-01-01 19:12:00,1460.8921784356871,53.544585358256306,27.619929371932404,135.67808184647288,6.341094675448088,936.9577114916476,3152.1793609362376,10.40477058906905
2023-01-01 19:13:00,1461.2922584516903,54.38222366417694,26.618782284205775,136.47485474853673,6.161824555817806,927.7793912103895,3113.6988852468025,10.346786043201075
2023-01-01 19:14:00,1461.6923384676936,54.61249093567648,27.40402280379934,135.92945356081597,6.326034491232217,934.5758615218701,3118.2093549071938,10.382099300679666
2023-01-01 19:15:00,1462.0924184836967,52.62591281024195,29.20285956258712,135.29815457651557,6.683403508274839,945.7148906599883,3161.4024305884996,10.409557092820249
2023-01-01 19:16:00,1462.4924984996999,53.16360324362729,27.272913097949946,135.90247978859406,6.280120585610367,937.431767829674,3142.2902034007743,10.393625703347016
2023-01-01 19:17:00,1462.892578515703,52.34318442984024,28.33519454417931,134.54543934846546,6.368390777899112,944.7619991668232,3129.313548262043,10.395712780791738
2023-01-01 19:18:00,1463.2926585317064,52.49525177652695,28.238931355705958,135.20679372871427,6.447160297660291,942.2341680424464,3160.1183474245468,10.387473259362388
2023-01-01 19:19:00,1463.6927385477095,50.81652846763883,29.51006128496731,134.26801942302254,6.787335158273419,949.7075590968238,3203.9709308351994,10.46022947758649
2023-01-01 19:20:00,1464.0928185637126,51.941230229818935,27.831075447077055,135.39414970140479,6.653507997378406,939.9626849884538,3153.6840539410273,10.400308841499177
2023-01-01 19:21:00,1464.492898579716,54.06964518042453,26.790052713125093,135.86667876044837,6.269420771678884,930.1789381979213,3120.8647419943486,10.381810070471731
2023-01-01 19:22:00,1464.8929785957191,54.653943613393245,27.28027117506245,134.99670005779763,6.3539097247195055,934.105539520695,3132.7616616263635,10.36968003147529
2023-01-01 19:23:00,1465.2930586117222,50.64066632657061,29.122121078317505,133.75659785215026,6.8463644395991965,946.9009059460566,3204.9215032509883,10.452039064984078
2023-01-01 19:24:00,1465.6931386277256,52.08477847707129,28.455774492580826,134.92631226676627,6.4860413758512205,944.1062810670206,3165.5717593128497,10.407953554792575
2023-01-01 19:25:00,1466.0932186437287,51.459601030499364,28.61468610481386,133.9267205096807,6.795157608559627,943.9704071894861,3170.502964214567,10.408549353511134
2023-01-01 19:26:00,1466.4932986597319,54.98083955903483,26.620430106049334,136.43333989841608,6.125404837343147,934.9541116851669,3108.1724137829656,10.363802830962893
2023-01-01 19:27:00,1466.8933786757352,52.79975736041018,28.096746191029638,134.57581976345702,6.738905350897954,943.0766876747649,3149.5113381437336,10.420928095175423
2023-01-01 19:28:00,1467.2934586917384,53.97941804374504,27.53007382370424,136.21102226689877,6.375329560904469,935.4701433281052,3136.4429571895107,10.390889310588914
2023-01-01 19:29:00,1467.6935387077415,52.982567710945325,27.229417516549486,136.4332047962026,6.356552050083724,934.6019752048392,3136.914522048667,10.383363569557446
2023-01-01 19:30:00,1468.0936187237448,52.07627001511894,28.737732057065376,134.89808386068205,6.538317812769169,942.2120956138904,3149.066317321959,10.403197130762422
2023-01-01 19:31:00,1468.493698739748,53.832172881953696,28.046383926063786,135.3126570690799,6.442717631808467,938.4089364957489,3133.253899254446,10.378647483558051
2023-01-01 19:32:00,1468.893778755751,54.1388502192238,27.20743295840132,136.4447203200774,6.536751430139502,933.8015908948516,3138.3656207081817,10.366854029023465
2023-01-01 19:33:00,1469.2938587717545,52.938951240666924,28.10807950268668,135.31287571494337,6.5438544797674165,936.8378727363189,3147.726461248114,10.397762937562941
2023-01-01 19:34:00,1469.6939387877576,53.15215917313214,27.803616837645226,135.40409532941317,6.431375578380681,940.4444677153764,3113.6672062129196,10.398061637794191
2023-01-01 19:35:00,1470.0940188037607,52.86165162095844,27.554677791570263,136.07044984958938,6.428084451318737,940.3154482937215,3165.364961338372,10.39809871337233
2023-01-01 19:36:00,1470.494098819764,53.68315536008552,28.172066562784966,134.97460068939068,6.484749561172591,938.8197673471107,3131.9219783078424,10.368625468660913
2023-01-01 19:37:00,1470.8941788357672,52.460755259712215,27.976016723642605,135.00926076637845,6.579178753687997,939.2395087479454,3153.1024929506298,10.382871567012193
2023-01-01 19:38:00,1471.2942588517703,54.456626751618664,26.5787059881115,137.10497263387614,6.1285915517876965,927.0449183017207,3115.684079588374,10.342496672115622
2023-01-01 19:39:00,1471.6943388677737,53.83576686470365,27.234184772233963,135.84613880418107,6.335003696578549,933.7389440575337,3116.1822461985325,10.365170110810922
2023-01-01 19:40:00,1472.0944188837768,57.05841479866169,24.81408823054159,138.19483095494667,5.6867753322331644,916.9096595524165,3052.5600780246164,10.31609862061115
2023-01-01 19:41:00,1472.49449889978,53.659094449664245,27.663576185439364,136.11183828070122,6.3514781253825054,938.6114169389475,3135.133264483893,10.366302336694522
2023-01-01 19:42:00,1472.894578915783,51.97866626762683,28.700940764477906,134.57072027571004,6.4998098846414765,941.1055786632633,3172.6776731355712,10.402721160989826
2023-01-01 19:43:00,1473.2946589317864,54.910648924162295,26.709777252002116,137.09346412298993,6.100492975879639,928.3631237769879,3095.78312491662,10.348819409696706
2023-01-01 19:44:00,1473.6947389477896,54.56108277740527,26.97788063815999,136.1328485487169,6.1935512485341455,934.9799821358438,3119.9680155406186,10.380938071455654
2023-01-01 19:45:00,1474.0948189637927,54.32844959665326,27.196074739454012,136.17012231685257,6.267287525041217,934.8264815774947,3117.6323772888736,10.357223753144567
2023-01-01 19:46:00,1474.4948989797958,53.71492799037237,27.406762598823978,135.32431930820366,6.271580665781308,933.9351595496812,3128.343800376727,10.379146350308346
2023-01-01 19:47:00,1474.8949789957992,54.525572353153606,26.476229504413457,135.84486502248475,6.394734315718757,938.679311580042,3120.096189289533,10.381089478895987
2023-01-01 19:48:00,1475.2950590118023,52.74607820169127,27.690234271653875,135.22457753584536,6.38579423407371,934.1521854640207,3150.7715233860768,10.402901834521405
2023-01-01 19:49:00,1475.6951390278055,55.75102777993421,25.399045285054076,138.11001963376742,5.891969345025168,918.6009510306149,3083.8261421854772,10.315197529573904
2023-01-01 19:50:00,1476.0952190438088,54.4041389307622,26.666037630531875,135.5388982498999,6.347002545199581,934.3837520336579,3122.5316976780427,10.369221386129844
2023-01-01 19:51:00,1476.495299059812,53.18374101127521,27.126583172949907,134.99180123542996,6.460057132956498,933.0172053812762,3154.6298192500367,10.387054493606449
2023-01-01 19:52:00,1476.895379075815,53.90520009246479,27.350798619168682,136.71538274161796,6.17141157074583,940.3896119383302,3143.4657825688064,10.389275582807876
2023-01-01 19:53:00,1477.2954590918184,55.0636991498759,26.639340731399482,136.67112889459432,6.306270168493966,932.18504561026,3093.2061072820024,10.346953624073011
2023-01-01 19:54:00,1477.6955391078216,53.07609064534306,27.964005487098582,135.0351293920678,6.613082124134276,939.4569012534881,3140.7982885610104,10.395764743580383
2023-01-01 19:55:00,1478.0956191238247,52.192306075089725,27.26778472275353,135.5716966421494,6.6176789518711585,937.2763358714096,3154.122737195242,10.383113795996525
2023-01-01 19:56:00,1478.495699139828,53.57892085857132,26.913103917290094,135.90630456520486,6.285408343484841,929.9473599313313,3114.169402134937,10.35556199168088
2023-01-01 19:57:00,1478.8957791558312,52.03472225081482,28.356397673594735,133.51823569637133,6.483075824305321,941.3817282599791,3145.2831205756024,10.40994231434281
2023-01-01 19:58:00,1479.2958591718343,53.426224037814364,27.515703420670317,135.6061932899538,6.402172230781155,934.8670520116848,3133.0457223598887,10.388537472929613
2023-01-01 19:59:00,1479.6959391878377,53.35204287863952,26.622091510317336,135.3031619617035,6.210302129371081,939.7231063888794,3109.447379396333,10.404008685034503
2023-01-01 20:00:00,1480.0960192038408,53.72955912648994,28.08730414780949,135.4114620900228,6.335232167575587,935.6672783765331,3137.6045850640135,10.414775581396636
2023-01-01 20:01:00,1480.496099219844,53.91928459128371,26.64338699848531,136.5743530619373,6.083486583083143,933.2960678907748,3105.5600494678915,10.353831369726597
2023-01-01 20:02:00,1480.8961792358473,55.0313750390894,25.251710440303423,137.35990951652266,5.941379144270765,929.6639898325789,3085.3575026099925,10.346130449108003
2023-01-01 20:03:00,1481.2962592518504,55.092766435185354,25.933559320095434,136.32450344632352,6.044278472672254,924.6456063243926,3103.708054317321,10.32353843953333
2023-01-01 20:04:00,1481.6963392678535,51.83261922750465,28.35075078382236,134.76573316972545,6.509113709589903,942.572983222731,3143.28351314509,10.411414988807865
2023-01-01 20:05:00,1482.096419283857,54.93094151610424,26.651737055437465,136.93732716112464,6.079624816541807,927.3140411104308,3097.0838099426855,10.341692693054588
2023-01-01 20:06:00,1482.49649929986,53.44533499668685,27.014636725723438,135.1924270118772,6.277544949438305,934.2734257414797,3114.783531898459,10.368716668165597
2023-01-01 20:07:00,1482.8965793158632,53.79382552951128,26.50473043495267,135.73928160630564,6.325192451047259,929.8806962738961,3120.7435371759752,10.381641543937585
2023-01-01 20:08:00,1483.2966593318663,54.32349025041608,26.635692058166857,135.6369533088346,6.462558003186696,931.0801291429693,3130.0732894864027,10.360986198417896
2023-01-01 20:09:00,1483.6967393478697,51.11675018456955,28.610371617060757,134.9423953365172,6.548310905805051,942.9874501407811,3165.093740201787,10.406431189066222
2023-01-01 20:10:00,1484.0968193638728,53.75436713037392,26.41723522397039,135.3485598002833,6.241601924318825,928.4959630652205,3117.1437580656598,10.349565262817215
2023-01-01 20:11:00,1484.496899379876,53.55493924854813,26.36142880295995,136.78556096748815,6.1188928279958725,934.7920791589843,3101.4453099606367,10.35118711144244
2023-01-01 20:12:00,1484.896979395879,53.55157151096571,27.1534115512828,136.0222770615283,6.397744473219285,931.9355999684128,3129.958578204564,10.360994730098342
2023-01-01 20:13:00,1485.2970594118824,52.968734060125804,27.229780008621937,135.27370988472097,6.365155140810061,933.85104598333,3128.048606265164,10.390154687435993
2023-01-01 20:14:00,1485.6971394278855,53.67374002970903,28.061560070206347,134.67876446415522,6.338088999697345,936.7984811702486,3139.2364916657184,10.389476296143862
2023-01-01 20:15:00,1486.0972194438887,52.53578448926675,28.70482502646292,134.475121219414,6.727598478345315,939.6212554854344,3149.9437152060846,10.407176522775659
2023-01-01 20:16:00,1486.497299459892,53.62138476056609,27.327791610708303,135.92708338967049,6.248231280240057,937.9392386640548,3129.7614948057953,10.383801796941261
2023-01-01 20:17:00,1486.8973794758951,53.280210012747524,26.95097037179907,136.26141372715549,6.11755618718055,936.561699040607,3133.4016602243655,10.375334671295654
2023-01-01 20:18:00,1487.2974594918983,52.993481100200476,27.296453163131826,135.28884303971816,6.399169394098161,930.4248592659711,3135.3186337138186,10.369295819530628
2023-01-01 20:19:00,1487.6975395079016,54.937504457366416,25.917513974455623,137.5087870252956,6.043368517038052,931.6555447311787,3116.0784286435687,10.34345437844462
2023-01-01 20:20:00,1488.0976195239048,55.89513776162677,25.828825551565956,137.86651640454653,5.888624937966243,924.4471053659225,3088.2144150246504,10.323777491233358
2023-01-01 20:21:00,1488.497699539908,54.45464033329885,26.347306358823715,136.41313106363492,6.466246806498647,932.461171531116,3135.005240383917,10.351145847992415
2023-01-01 20:22:00,1488.8977795559113,53.82172130131591,26.861900699273182,135.93252570263513,6.291041115976277,939.0146549321836,3117.3038299047594,10.358090410699424
2023-01-01 20:23:00,1489.2978595719144,56.6922777495515,24.861493007480604,137.8820100586969,5.80672915855979,925.3518806017726,3083.233404783538,10.320213335571399
2023-01-01 20:24:00,1489.6979395879175,53.548087006158035,26.54935425279105,137.15922860210208,6.158857255655163,933.3529452411543,3121.082046369278,10.382268707162767
2023-01-01 20:25:00,1490.0980196039209,55.776947468577134,25.11289970573424,138.04833614991986,5.903437148940277,918.6192849157928,3073.4881560092604,10.309024229937997
2023-01-01 20:26:00,1490.498099619924,51.094635930717224,28.78783169277115,135.14066224577675,6.440306987546783,938.989247986855,3162.2983047190146,10.40839037344093
2023-01-01 20:27:00,1490.8981796359271,53.302362837083905,27.23009365611595,135.91673989124473,6.2759316611893405,938.8430277648529,3131.7653855876697,10.37569017807087
2023-01-01 20:28:00,1491.2982596519305,54.152214224983815,26.228570025667537,136.5742664110746,6.106156772014979,928.2909630771292,3106.299375019356,10.357340355816028
2023-01-01 20:29:00,1491.6983396679336,53.37814939517536,26.737532333203216,136.29267772865825,6.304545444840879,933.6577317021765,3109.141935036389,10.369544299020935
2023-01-01 20:30:00,1492.0984196839368,54.406033721678945,26.963554244033954,137.45862473137723,6.186820307330843,928.5153026227932,3120.208348662614,10.362159688732708
2023-01-01 20:31:00,1492.49849969994,54.132556060708886,26.552725570312752,136.43858007288716,6.049207221615567,931.0671629986806,3088.20970445656,10.34060551079784
2023-01-01 20:32:00,1492.8985797159432,53.952881876964994,26.40200332347851,136.93176337163922,6.272519948584454,934.8210697617715,3117.682942338984,10.344088234346971
2023-01-01 20:33:00,1493.2986597319464,52.4583353044798,27.775220279730608,135.2827476735683,6.294211120721448,943.4769401466544,3150.989716113183,10.401990739837979
2023-01-01 20:34:00,1493.6987397479497,54.221031801022605,26.96100453807787,135.73850265554307,6.155167585657157,930.1198575038878,3125.192164224802,10.358050596711816
2023-01-01 20:35:00,1494.0988197639529,54.005455829085165,26.128207538460835,135.79578429380499,6.1163340138025,932.999594975492,3100.533076048127,10.360606722150889
2023-01-01 20:36:00,1494.498899779956,54.950542815414444,26.320341615390056,136.63495302854832,6.197979581233791,928.8592276152048,3090.5037766322744,10.327063721362718
2023-01-01 20:37:00,1494.8989797959591,54.82075253932011,26.003672459238327,137.0024877008928,6.057883951988891,931.9731658187413,3112.3060945973834,10.363464126820018
2023-01-01 20:38:00,1495.2990598119625,54.296739400873335,27.256327099929575,136.71628274794017,6.267062165340283,932.5383701968259,3105.1957070779104,10.364209914300863
2023-01-01 20:39:00,1495.6991398279656,54.18582719557667,26.452535358192172,135.7810421334168,6.193896636527665,928.3897128590747,3096.49436930962,10.334932717761173
2023-01-01 20:40:00,1496.0992198439687,54.56086180112395,26.39486001069031,137.30960230483026,5.886783231093085,932.3914937679311,3099.1994179006474,10.350371474115795
2023-01-01 20:41:00,1496.4992998599719,52.700552139699596,27.12655791719664,135.58585375049992,6.353675754551615,936.5328615062887,3132.331914483353,10.37691479629217
2023-01-01 20:42:00,1496.8993798759752,55.64360945119244,25.06395914854109,137.5631391375279,5.770738597690839,924.0036409689931,3083.247360108359,10.323460611894737
2023-01-01 20:43:00,1497.2994598919784,54.34288678780833,26.132519164910303,137.09150892094578,6.145734538960727,930.0496562470878,3107.4518537323684,10.341306684530561
2023-01-01 20:44:00,1497.6995399079815,52.88785385215055,27.309300391348373,136.64255730609435,6.260241839961219,933.3013019834824,3134.9129791854684,10.375935897936063
2023-01-01 20:45:00,1498.0996199239848,54.94789770217002,25.562571289596928,137.43603010600123,6.12375496309534,927.9212026791699,3088.3090259090154,10.330998521429036
2023-01-01 20:46:00,1498.499699939988,54.58441605769225,26.13937270532022,136.40975103120775,6.029497293457045,927.2304035566638,3094.798345596909,10.32065571119312
2023-01-01 20:47:00,1498.899779955991,54.98459190934191,25.807711372885613,137.03575630030664,5.961645482479138,925.1946836990383,3092.548745796504,10.344778545087886
2023-01-01 20:48:00,1499.2998599719945,52.015321099374724,26.983909563655796,135.8177262993875,6.535126374259743,944.846018819953,3139.9084959064307,10.389378905223122
2023-01-01 20:49:00,1499.6999399879976,55.834669836994536,25.41856023539748,138.1898050568187,5.817566255884407,920.9523034263386,3062.8646214036703,10.322043394367586
2023-01-01 20:50:00,1500.1000200040007,53.43335672068162,26.8952440462233,136.17290702307773,6.407470624994377,936.15988113739,3135.164037306601,10.38295966442824
2023-01-01 20:51:00,1500.500100020004,53.620426891716264,26.528275314626217,136.1082298932013,6.251383015379801,932.2181243698674,3124.137121233331,10.36031123123521
2023-01-01 20:52:00,1500.9001800360072,57.89929370172066,24.638735500357125,138.14329121189604,5.634229334587359,914.5978523168534,3054.3155225979017,10.288494819999716
2023-01-01 20:53:00,1501.3002600520103,54.307999387596595,26.821139241496176,137.0054581536521,5.995749626371603,929.0088996545641,3109.986251671932,10.33397464831396
2023-01-01 20:54:00,1501.7003400680137,53.59029713113048,26.175625391024578,136.04460814864862,6.266292162184758,926.3372736169498,3096.047946403571,10.342144473979106
2023-01-01 20:55:00,1502.1004200840168,52.84609488565075,27.458218277105512,136.06162322029664,6.395104234784394,942.0279476726621,3116.7776150944337,10.379396594249648
2023-01-01 20:56:00,1502.50050010002,57.04023306909189,24.071230153998307,139.10973217822223,5.607469573167755,917.2447833820527,3057.9599278065475,10.2889644224792
2023-01-01 20:57:00,1502.9005801160233,53.46588633942948,26.94200529887833,135.73808633908655,6.31387512684484,933.7819520992178,3124.367476195967,10.374849090440767
2023-01-01 20:58:00,1503.3006601320265,54.56180246753388,25.807016463319993,136.95501926721838,6.164845158894319,934.103312005691,3098.061966172335,10.353722934563333
2023-01-01 20:59:00,1503.7007401480296,54.858293516397666,25.017411488933696,137.56462434050715,5.977056707914428,923.1472378962488,3086.4039720102114,10.325099348490074
2023-01-01 21:00:00,1504.100820164033,55.66894588868694,24.924831904976156,137.7962773254834,5.851374873134119,925.7783998718423,3069.8056033351336,10.310518390824377
2023-01-01 21:01:00,1504.500900180036,55.4518338599206,25.27266401794008,137.12294558108874,5.993546828115918,925.3638301142635,3081.4311247280502,10.31617634047738
2023-01-01 21:02:00,1504.9009801960392,54.28063956745985,25.8867450384655,136.89234479941769,6.2394694825430665,922.9099767761086,3098.0602656057727,10.340144160003792
2023-01-01 21:03:00,1505.3010602120423,55.61060846883277,25.238472749281243,138.1203810693898,5.8190027169380105,920.8741833713417,3048.606004870947,10.305255741276577
2023-01-01 21:04:00,1505.7011402280457,53.919100152503304,26.165354530338824,137.38434508635913,5.99709440915176,931.3708597806851,3111.4488176882855,10.341042501941844
2023-01-01 21:05:00,1506.1012202440488,54.47077654169791,26.103741017176475,136.31409939955188,6.000305024313135,930.1603254448935,3110.3062546543783,10.34767703311053
2023-01-01 21:06:00,1506.501300260052,55.34041967485303,26.09214916746724,137.60004985485574,5.983310335656886,928.0642698781973,3081.9655072329538,10.335837155830388
2023-01-01 21:07:00,1506.901380276055,55.39674487726458,25.156142396239005,136.80751826730602,5.890616029224767,924.2890299008615,3074.844785719967,10.327051498835615
2023-01-01 21:08:00,1507.3014602920584,55.161345145489456,26.227536484497602,136.37216612516386,5.888785211637063,925.9353237076434,3104.3107867323406,10.321246965743368
2023-01-01 21:09:00,1507.7015403080616,54.21790064368602,26.437897130504556,136.2910208999225,6.372467873819775,930.6663091151877,3122.7520129585537,10.355767024229298
2023-01-01 21:10:00,1508.1016203240647,53.37612512385626,27.439361850575498,135.38696946703786,6.367034732220042,940.882288323969,3100.4989544259247,10.36550674657545
2023-01-01 21:11:00,1508.501700340068,55.478702941779574,25.59583533572682,137.1112959183327,5.84298941221175,920.9984509924953,3079.99232867821,10.31566336399643
2023-01-01 21:12:00,1508.9017803560712,55.3790416152187,25.61487047660893,138.5493407140056,5.938360278606189,923.5198588827561,3079.0688549996817,10.311737036862208
2023-01-01 21:13:00,1509.3018603720743,53.30725486916532,26.559722312728987,135.97086188127457,6.0620781897016105,933.105872827819,3118.8300236687273,10.364598697883606
2023-01-01 21:14:00,1509.7019403880777,53.931936128837826,26.01515519268535,137.76524708874746,6.266986542460852,926.2212331304587,3108.390236777722,10.348742462597722
2023-01-01 21:15:00,1510.1020204040808,54.33363507994944,25.740277593241814,136.33213370830833,5.908647162498145,930.6237577908311,3093.591889857087,10.338852167620981
2023-01-01 21:16:00,1510.502100420084,53.96557450859897,26.96626339119819,135.5103365359957,6.255337317313449,928.1757621790327,3120.137107503365,10.361955076657951
2023-01-01 21:17:00,1510.9021804360873,54.887422250591605,25.811756270880213,137.7934485549239,5.850800317175561,924.2094184748565,3085.8437404006777,10.339320649601651
2023-01-01 21:18:00,1511.3022604520904,54.08628014749777,26.093044521872816,136.3638606236378,6.084374920205022,926.5189686298161,3111.4117563475224,10.347691236474104
2023-01-01 21:19:00,1511.7023404680936,56.03969010931166,24.828682619474222,138.20112563416353,5.945735461296532,916.8100492607925,3076.178485270175,10.311737099580743
2023-01-01 21:20:00,1512.102420484097,53.42165904896845,27.264777072946043,135.38159254723377,6.10706611139211,937.625096334257,3113.027495769799,10.36408475142828
2023-01-01 21:21:00,1512.5025005001,55.59240695186866,25.61175310435409,137.60281226028874,5.917057529873151,926.2705314424253,3071.606304212141,10.325343455672636
2023-01-01 21:22:00,1512.9025805161032,55.24907506889747,25.106726780684014,137.3390120311001,5.907398303266512,925.1223488105661,3070.4745536001,10.30883301032906
2023-01-01 21:23:00,1513.3026605321065,55.451051476809894,25.143041705033113,138.01137041333934,5.885946725725563,924.7118984486679,3083.7479230719,10.29855696010527
2023-01-01 21:24:00,1513.7027405481097,55.768402884746806,25.418665043279827,137.398420393625,5.936018156247831,924.122580547831,3073.7959320686364,10.312924877285454
2023-01-01 21:25:00,1514.1028205641128,55.26373218086828,25.478877249571315,137.72689053281067,5.98369573991667,924.6761901903092,3076.321190882628,10.333301317718144
2023-01-01 21:26:00,1514.5029005801161,54.88970001892672,25.62173384605777,137.75741940884194,5.909259964393937,928.7811243361066,3088.022088801044,10.342426179513028
2023-01-01 21:27:00,1514.9029805961193,56.29752960981948,24.54336979332701,138.57715183258432,5.944347021719943,924.7517183025839,3064.391488679369,10.303434182147685
2023-01-01 21:28:00,1515.3030606121224,56.72504983318018,24.444399465368335,139.00713597086212,5.519588796424923,914.1663206621452,3054.4266679827956,10.280719733138339
2023-01-01 21:29:00,1515.7031406281258,54.36974348545599,26.335485857652458,136.71838243650788,6.232079006687885,937.2179811376286,3103.045635541242,10.361090271821597
2023-01-01 21:30:00,1516.1032206441287,53.86826559170378,25.83499039506066,136.68313574482443,6.107110516296781,924.9650750135013,3096.2569410367014,10.34910163714889
2023-01-01 21:31:00,1516.503300660132,54.82467649265606,25.876219153065588,137.51750250398598,6.067181571241673,925.2998830715896,3092.4530770640936,10.334883171460792
2023-01-01 21:32:00,1516.9033806761354,54.72731760595215,25.92701442203672,137.09143578993798,6.114236667218342,927.6971066377079,3060.736708790972,10.354008304960217
2023-01-01 21:33:00,1517.3034606921383,54.32743224601647,26.3771262436618,136.76964290595564,6.164198337660232,929.9609769938506,3120.524597057008,10.33721131128912
2023-01-01 21:34:00,1517.7035407081416,55.68519105080423,25.08804327492547,138.07956713371345,5.794747316229598,929.0874441294445,3071.3234167996898,10.3213090195643
2023-01-01 21:35:00,1518.103620724145,57.06170761381911,24.414336797934016,138.31257749718486,5.641716216875293,920.6988069716664,3049.7113695800567,10.276978432541855
2023-01-01 21:36:00,1518.503700740148,54.930175062025945,25.42048570526285,138.27589727652452,5.799937825240701,926.2988029172884,3102.6980186591004,10.317100948443969
2023-01-01 21:37:00,1518.9037807561513,54.523240866802816,25.846606554840022,137.24587906086202,5.95652966798516,929.2782287111077,3079.372028359833,10.354903895301021
2023-01-01 21:38:00,1519.3038607721544,55.99975980449551,25.40086076653721,137.5242885866627,5.998775714100689,926.6744364342172,3107.6625695846983,10.331157701664504
2023-01-01 21:39:00,1519.7039407881575,55.27556555890205,25.133438567696157,137.7281254921089,5.964796030719603,921.92984092605,3084.053005147563,10.335980316139235
2023-01-01 21:40:00,1520.1040208041609,55.071819155905246,25.61427209389139,137.8927152400227,5.98310230750057,926.4865773679448,3086.029568679581,10.328445497750742
2023-01-01 21:41:00,1520.504100820164,54.63332055200703,25.91791647395776,137.15214234340425,5.894938199141243,928.6377759808638,3103.570946737243,10.3445476537083
2023-01-01 21:42:00,1520.9041808361671,57.02437169281583,25.157640754599893,138.4791320803898,5.684562228429273,917.0308839592749,3048.1426419744757,10.288616201879226
2023-01-01 21:43:00,1521.3042608521705,57.5679722724509,23.612266129430267,140.28204442467185,5.446280454965836,917.2019777477016,3011.972636700633,10.273047401593294
2023-01-01 21:44:00,1521.7043408681736,54.44018794667012,25.6557154890878,135.7500887521561,5.859434869377998,926.1180242895483,3075.4817216680954,10.329700254279654
2023-01-01 21:45:00,1522.1044208841768,56.08196674577385,24.58626830130052,139.28103912196062,5.623471241348745,915.2902367191597,3063.2821132268646,10.291013705133206
2023-01-01 21:46:00,1522.5045009001801,55.687403883749944,25.339030622115146,137.9768729574874,5.95482877947704,922.4309039576975,3073.530544568105,10.321885765535324
2023-01-01 21:47:00,1522.9045809161832,56.16095075764722,24.612093311599057,137.7469028177696,5.847336439674159,920.2269231567851,3035.730719416214,10.289047885858844
2023-01-01 21:48:00,1523.3046609321864,56.08734001120641,24.958652693673287,138.7745594801844,5.6875446949585164,923.8404426206228,3060.9423570137637,10.300951746305014
2023-01-01 21:49:00,1523.7047409481897,55.67996492213624,25.083316600451283,138.82197733966234,5.673685772841537,922.2372857539879,3067.940526858002,10.302446504554252
2023-01-01 21:50:00,1524.1048209641929,54.9850011957623,24.95151838523141,138.19712050030455,5.8082010253066745,924.4473015154317,3072.620146038987,10.312005647148586
2023-01-01 21:51:00,1524.504900980196,56.525570755823274,23.90495351365516,137.94868278826283,5.725964228186182,915.821041719888,3056.6444967000652,10.272584726794037
2023-01-01 21:52:00,1524.9049809961994,54.51256702924026,25.401543664572873,137.75673630244847,6.099031967908143,926.1887623119311,3097.1392019445016,10.33295712154094
2023-01-01 21:53:00,1525.3050610122025,56.59434920905467,24.009340889522562,139.40976838368658,5.645012285499121,916.2236776629411,3051.5482536731047,10.2815846977022
2023-01-01 21:54:00,1525.7051410282056,57.22613687098969,24.926244035264265,138.28781619760085,5.581062912323358,918.567238032076,3053.1549533892226,10.259609233437374
2023-01-01 21:55:00,1526.105221044209,57.30532209717646,24.547645859958248,139.3314246767731,5.486005871602978,915.684619695283,3034.9339499827324,10.260795419459434
2023-01-01 21:56:00,1526.505301060212,56.98595176945441,24.38089620334722,138.54589854028623,5.7122859331227,916.3055949234007,3058.4413131380884,10.283590362987752
2023-01-01 21:57:00,1526.9053810762152,55.40802058474367,25.428617824851187,138.0168878528128,6.04178224533082,927.2388367687865,3084.1078271286,10.335559982206567
2023-01-01 21:58:00,1527.3054610922186,56.20985750780831,24.438734484142024,138.29953982410183,5.932710673029057,916.8109420505659,3049.2245170509664,10.302388359629123
2023-01-01 21:59:00,1527.7055411082215,56.34742627946986,24.58326251804111,138.37408585559913,5.587861922654928,914.729939386835,3065.3112997442854,10.28320415030226
2023-01-01 22:00:00,1528.1056211242249,56.43442680020511,25.130800140769335,138.50612600549326,5.750059678149006,917.0773752534299,3058.6009841227533,10.292319776101667
2023-01-01 22:01:00,1528.5057011402282,54.98964910176881,26.066486399987983,136.79844280712683,5.862007241678971,928.2461169250896,3090.681964966908,10.336967365736937
2023-01-01 22:02:00,1528.9057811562311,55.21998924778045,25.47530197577652,137.79680001638903,5.789150947373738,924.2986114746303,3069.650721106542,10.307853942552763
2023-01-01 22:03:00,1529.3058611722345,55.37282376245257,25.563022258518796,137.95501486949448,5.800642318262521,918.4687913665871,3087.334657790454,10.305921390362567
2023-01-01 22:04:00,1529.7059411882376,54.815139797771984,25.640329246500567,138.04434335405884,5.901211744324485,926.5705326988789,3064.5633847965996,10.33052457404308
2023-01-01 22:05:00,1530.1060212042407,54.67390070534623,25.640077713727944,137.4702134618786,5.903529488014862,926.1710210548365,3104.2020391585215,10.340788634374647
2023-01-01 22:06:00,1530.506101220244,55.591410087852175,24.693301275502318,137.36943343919225,6.079308849850668,920.7477354861593,3048.3253585251705,10.301379008206805
2023-01-01 22:07:00,1530.9061812362472,55.2122912920347,24.909607225694675,138.76028411662182,5.785800236378262,921.2831934039301,3053.989820077523,10.312351671582345
2023-01-01 22:08:00,1531.3062612522504,56.51612626332358,23.737357634124475,140.10742349970204,5.647753224341048,910.3946050724534,3035.469122471399,10.267913673619251
2023-01-01 22:09:00,1531.7063412682537,56.08825720270018,23.91650500276422,138.70368845525567,5.643776186552125,919.2431942386935,3047.428309935405,10.284671184424688
2023-01-01 22:10:00,1532.1064212842568,57.08462158567484,24.37983914523476,138.19830482538106,5.94889766519649,915.3474042724675,3051.402664068503,10.304459053634762
2023-01-01 22:11:00,1532.50650130026,54.562218510586575,25.433106154946223,137.0533051704456,6.031431768095331,925.4218160992418,3082.846052493603,10.32378687256829
2023-01-01 22:12:00,1532.9065813162633,55.361065861472966,25.70913587421922,137.49325527524218,6.021439603564204,923.8162727635093,3072.96880680075,10.329709537799534
2023-01-01 22:13:00,1533.3066613322665,53.953189624675545,25.423435505070888,137.55098620238093,5.918367654611618,928.2417584248833,3088.8590552296396,10.32833120363655
2023-01-01 22:14:00,1533.7067413482696,56.68343241178889,23.971604237287394,138.97461922155202,5.703490657010409,916.0458718841036,3039.4647327508287,10.274469177942715
2023-01-01 22:15:00,1534.106821364273,55.78598301649326,24.23002572453232,138.1307744206364,5.76216246193794,921.3514920282706,3063.915855056266,10.287648695288606
2023-01-01 22:16:00,1534.506901380276,56.33830826545486,24.84846550811491,139.1423492317816,5.67541931598325,915.2328471856663,3053.9792039316108,10.281208518632651
2023-01-01 22:17:00,1534.9069813962792,57.27127385204903,23.944235343678073,138.6741805193986,5.623811048362034,918.9942970312865,3051.2841749205772,10.291134850313831
2023-01-01 22:18:00,1535.3070614122826,53.84160203603781,26.57875104457508,136.03781505726013,6.137378750732784,932.4676097686499,3116.0379867285487,10.347955787211282
2023-01-01 22:19:00,1535.7071414282857,56.168520711144375,24.67608570026016,138.08639222735076,5.83052596897605,926.572598257354,3053.2579709817333,10.312703054535213
2023-01-01 22:20:00,1536.1072214442888,55.46082588704925,24.850103979195868,138.0780316400482,5.9375319787659295,919.099382218322,3044.2600422060914,10.298112611134805
2023-01-01 22:21:00,1536.5073014602922,57.22708976878626,24.223781615360576,138.47904793977258,5.645192327695533,915.0883786844977,3031.7731280302755,10.28334101862947
2023-01-01 22:22:00,1536.9073814762953,57.102689345999956,24.5423206592767,139.13181132992383,5.542083565479242,920.8991899800859,3052.317143629127,10.29803103588591
2023-01-01 22:23:00,1537.3074614922984,55.97804251023753,24.721205983812865,138.41501867172943,5.839310290005237,925.3072644903906,3064.6460393547186,10.292840037959737
2023-01-01 22:24:00,1537.7075415083018,55.61222877079459,24.841400868869002,138.09581305238257,5.935089818952039,922.1669168537079,3037.8449098792926,10.311286108138033
2023-01-01 22:25:00,1538.1076215243047,56.43513014923567,23.750685166020094,139.01502068138015,5.454428247823284,913.005675439977,3041.7035897371115,10.286792804683063
2023-01-01 22:26:00,1538.507701540308,56.4574336082656,24.178065949584802,138.99467645141596,5.863050816417085,914.7211455099069,3045.848407219552,10.2747469638815
2023-01-01 22:27:00,1538.9077815563114,55.951311089535174,24.731840722975416,138.2415577746132,5.929507792575047,921.2849136835296,3063.965634921973,10.294086458519862
2023-01-01 22:28:00,1539.3078615723143,55.563420838274986,25.654826756194726,137.3635095263135,5.9160926382062335,927.0506719355884,3066.823343680249,10.314482275735967
2023-01-01 22:29:00,1539.7079415883177,55.29392110655156,24.779138145076892,138.73414024724372,5.694699868150683,920.6627592151567,3090.7884608907607,10.308196063046266
2023-01-01 22:30:00,1540.108021604321,58.70025695883611,22.86767922721461,139.64199573533708,5.445871534225031,905.5474668434839,3007.6264596256106,10.240742843269347
2023-01-01 22:31:00,1540.508101620324,54.60322328900084,25.185767230353427,137.21647229089436,5.747214495562957,926.724460681794,3062.0349094932412,10.298721263951784
2023-01-01 22:32:00,1540.9081816363273,54.18717172190215,25.944859863198285,137.50401960708416,5.97479939130915,926.6132026513773,3094.8800681852813,10.330013409720022
2023-01-01 22:33:00,1541.3082616523304,55.404176546591614,25.076812787712885,139.01631640133547,5.760002199160746,925.1986117078415,3090.05796105611,10.318831473151342
2023-01-01 22:34:00,1541.7083416683336,54.79196245098749,25.393889348445118,137.7286257986466,6.004342198341138,921.3199574240726,3076.0567574332326,10.332418177476736
2023-01-01 22:35:00,1542.108421684337,55.841136296468285,24.99042269527236,138.98789038198373,5.984431551148615,925.7780449780919,3053.5643474958024,10.320427957616957
2023-01-01 22:36:00,1542.50850170034,57.76813637144262,23.802296555183908,139.3427514511471,5.549505277534055,911.3459355302818,3027.221274389591,10.251682686605667
2023-01-01 22:37:00,1542.9085817163432,55.09245259926587,25.633517837232837,137.18109994281735,6.06021866794192,929.4528166897549,3083.0158910517644,10.324921816356769
2023-01-01 22:38:00,1543.3086617323465,56.0846045451147,24.34926506328318,138.6337533409754,5.726964289003515,921.9728731712441,3066.2810680553525,10.287817797504816
2023-01-01 22:39:00,1543.7087417483497,55.089943622091944,25.255565977367752,138.46568051029135,5.862144809687655,918.2787866018823,3085.050101016441,10.31143585426374
2023-01-01 22:40:00,1544.1088217643528,55.13673753706128,24.633136985171,137.61055244384963,5.669651846395371,921.6830008523892,3070.6979311342184,10.300199624391743
2023-01-01 22:41:00,1544.5089017803562,57.22274722449643,23.773856677785837,139.33393032994334,5.528194511935215,919.0664510579227,3017.7087444013314,10.26950139357821
2023-01-01 22:42:00,1544.9089817963593,56.67295533585537,23.983636413703017,138.89221624300612,5.57916260988825,915.4228531277091,3035.1369195973944,10.278736734644813
2023-01-01 22:43:00,1545.3090618123624,57.09655130937347,24.298027528565022,138.4685292955405,5.658914016096015,922.761850941399,3040.4712760801413,10.293384345667853
2023-01-01 22:44:00,1545.7091418283658,57.3787726620849,23.41739777384387,139.14594211189595,5.517903970618291,915.332724650929,3039.722007376738,10.260041608355662
2023-01-01 22:45:00,1546.109221844369,57.297921396807446,23.455861122510303,139.8177577790782,5.516041001013069,918.3764383453125,3038.8344442392577,10.257960586668752
2023-01-01 22:46:00,1546.509301860372,57.14651704412587,23.421105270587997,139.3438573598287,5.8204690908149725,916.5092024301084,3053.0416333279513,10.27898179632056
2023-01-01 22:47:00,1546.9093818763754,53.8609488137478,26.311191921702854,137.2416562349752,6.2775611850613355,928.8805608388452,3106.449654759977,10.3632657827233
2023-01-01 22:48:00,1547.3094618923785,57.29723661267614,24.01468514854605,139.26480308708645,5.754068327409163,921.616021672126,3034.488868711511,10.261895813922507
2023-01-01 22:49:00,1547.7095419083817,56.426894731532116,25.0341197012693,137.6571847751827,6.009179722134446,924.1169625649563,3065.5303101970744,10.295740082424938
2023-01-01 22:50:00,1548.109621924385,58.16581027720995,23.74723800862621,139.54691268563292,5.702602013656564,914.0044271362178,3019.776151608364,10.27225470144838
2023-01-01 22:51:00,1548.5097019403881,57.74272378172692,23.124402608770655,139.1708759300436,5.490929083988639,914.1646135310344,3032.3635120376266,10.27186457946854
2023-01-01 22:52:00,1548.9097819563913,57.64122216047044,23.790220851677173,139.34367225815373,5.512606771834053,912.0580949040115,3023.7514301362376,10.26807787668026
2023-01-01 22:53:00,1549.3098619723946,58.8038763650775,23.298219409410297,139.48149005320826,5.440290242584958,911.1592345012019,3028.9199326987655,10.243931601516628
2023-01-01 22:54:00,1549.7099419883975,57.07805439451716,23.53901585911758,138.91906900529582,5.563620379506689,918.9438735331986,3043.3492924327074,10.277467567900745
2023-01-01 22:55:00,1550.110022004401,58.982788473431015,22.754744813465724,140.45013180761651,5.224935445336581,907.9859001739854,3025.2495316907775,10.243016548666551
2023-01-01 22:56:00,1550.5101020204042,56.97565792339331,23.81811642399804,139.2156356293647,5.566711323705358,911.4508812249998,3035.6811342578208,10.259866675533491
2023-01-01 22:57:00,1550.9101820364072,55.82696184526911,24.522921565321646,137.89446774766301,5.620577285231699,917.6390664377298,3065.04942709786,10.308166986873708
2023-01-01 22:58:00,1551.3102620524105,57.294854265982345,23.913865194663636,139.5662228343541,5.64767727602364,916.9031303624192,3041.579507770436,10.279735109606019
2023-01-01 22:59:00,1551.7103420684136,56.18301305728707,24.43410021844693,138.66633794532765,5.593193720622121,915.8415601419113,3046.7906738686725,10.27071901322419
2023-01-01 23:00:00,1552.1104220844168,57.44873037538917,23.048169507094354,139.2347675388649,5.517170941178636,909.4591760584165,3027.447306599301,10.26368975129845
2023-01-01 23:01:00,1552.5105021004201,55.592869774474075,24.13245251389475,137.99979276429406,5.751905341664153,915.7484467856873,3065.565018390221,10.288079602831981
2023-01-01 23:02:00,1552.9105821164233,57.99514968971708,23.434094399323914,138.33297565574367,5.5397704815580875,918.6229560381647,3022.6746127164392,10.284979725831013
2023-01-01 23:03:00,1553.3106621324264,58.59988693187879,22.515537218074783,139.834544365612,5.264409208009461,910.7237368695119,3018.751462093964,10.238343451102436
2023-01-01 23:04:00,1553.7107421484297,57.221937119970946,24.090722545958208,138.54565003453806,5.4636669162904745,915.4705283932207,3020.4097693029385,10.268125984322008
2023-01-01 23:05:00,1554.1108221644329,57.63535463926567,22.954431057045856,139.8051476283771,5.581846325783732,911.1469175632444,3035.0863008570323,10.269098185995967
2023-01-01 23:06:00,1554.510902180436,56.3802209254119,24.561583251006642,138.55609554532202,5.676963291877045,917.5976431631414,3050.9787052288343,10.317949884268598
2023-01-01 23:07:00,1554.9109821964394,55.95763619611651,25.315575767265955,138.70710964072967,5.92170030419364,921.0791487710653,3076.9581062907273,10.331711367051502
2023-01-01 23:08:00,1555.3110622124425,56.999189752160106,23.631895774994415,139.39156257530018,5.573631284115477,914.2028775298309,3028.4410068051757,10.271146861695753
2023-01-01 23:09:00,1555.7111422284456,58.039079311134756,23.114914383508502,139.3212464304423,5.465225489589991,907.6981140785373,3022.508206991403,10.262955666943672
2023-01-01 23:10:00,1556.111222244449,57.18687190811755,24.128069063329384,138.0017798707074,5.680711229902304,920.2752868132993,3051.2093298983878,10.287766338387028
2023-01-01 23:11:00,1556.511302260452,57.483844679335476,23.8775453918839,139.52627644016533,5.539192649346722,915.8998649353694,3041.312025892705,10.266185509838312
2023-01-01 23:12:00,1556.9113822764552,54.838863516126764,25.11955412366524,137.53202320479198,5.850715069211043,922.0475238003713,3080.5880044245873,10.30465650381017
2023-01-01 23:13:00,1557.3114622924586,58.29379327370285,21.937002736462826,140.0703686600729,5.315253758778111,911.97544311059,3004.5327807850194,10.255328947956304
2023-01-01 23:14:00,1557.7115423084617,56.99701715857419,23.296829337918115,140.2646025425149,5.79432423173583,916.6858035294664,3026.2518985962993,10.26858938164981
2023-01-01 23:15:00,1558.1116223244649,58.182929787849694,23.20242154805744,140.27154319164174,5.310628609577627,909.3061233735513,3029.939877644573,10.27051650246135
2023-01-01 23:16:00,1558.5117023404682,56.329153342660746,23.790087637167108,139.41997932293268,5.548848374599463,917.1672971329027,3033.660225452689,10.268792215396342
2023-01-01 23:17:00,1558.9117823564713,56.586915471338884,23.79876682323559,139.8990046460835,5.509159891657991,915.9592832039989,3027.8186593098603,10.266308172472618
2023-01-01 23:18:00,1559.3118623724745,58.664246819030765,23.35892641354451,140.17320448878016,5.342216201706313,913.4164785821087,3027.972892947998,10.257602597821485
2023-01-01 23:19:00,1559.7119423884778,57.06732031933612,23.972363899711482,139.7776881972932,5.7086846796246915,919.9246079749504,3042.0357285632713,10.267370110681902
2023-01-01 23:20:00,1560.1120224044807,57.812256834989206,23.214927863315882,139.39329592852164,5.440010711078127,915.0146804612917,3021.7009306386467,10.27022814441779
2023-01-01 23:21:00,1560.512102420484,57.54583593786308,24.276325795969495,139.2328486320778,5.304097524260631,916.3918297051324,3025.1716237718715,10.264026808912321
2023-01-01 23:22:00,1560.9121824364875,57.63863694526739,23.905117482804037,139.09417408487457,5.5825168039500275,917.5228727057605,3042.1468121726693,10.265920166661193
2023-01-01 23:23:00,1561.3122624524904,59.049109655220875,22.791402468666035,140.34090024257054,5.2756458253661656,908.8353588510392,3005.633591085248,10.233298765836528
2023-01-01 23:24:00,1561.7123424684937,57.18672762143041,23.574851485177717,139.38257131827172,5.525627526422381,914.2226285480752,3025.74684456334,10.283791002736827
2023-01-01 23:25:00,1562.112422484497,57.998920937890155,23.350082448977798,138.93388119716042,5.5252215062228025,914.3913595456638,3018.728302387221,10.267985840364654
2023-01-01 23:26:00,1562.5125025005,58.0335728121629,23.423748102133175,139.49735193468143,5.418263840298237,911.3228750309858,3024.9011533014327,10.255854440207653
2023-01-01 23:27:00,1562.9125825165033,55.87496564322387,24.53886358797789,139.30634268483294,5.685573712217091,920.5219139129964,3068.965255724482,10.280154526301223
2023-01-01 23:28:00,1563.3126625325065,58.05906254623755,23.247771754197988,139.6489185062296,5.76566045319524,911.9132618610387,3027.5937629765085,10.271635092866987
2023-01-01 23:29:00,1563.7127425485096,56.45398348534727,24.696485235103687,139.19656730425703,5.4528706928902135,910.7681132453974,3039.002243860641,10.295663717102231
2023-01-01 23:30:00,1564.112822564513,58.69507866020573,22.99408173064488,140.01950840375596,5.270784291506102,912.1615676375054,3033.7278728711694,10.238333438208418
2023-01-01 23:31:00,1564.512902580516,58.93390546729739,23.075548837669547,139.58508340934847,5.192924036027185,903.1036163214541,3003.9253717388287,10.23270715466839
2023-01-01 23:32:00,1564.9129825965192,57.121565489395465,24.343438263035765,138.64838802211267,5.8744826444349565,916.2452000501326,3049.935233254058,10.289387295170394
2023-01-01 23:33:00,1565.3130626125226,56.49289387544535,23.883724316202628,139.5634279569202,5.559646405794524,918.8783204247613,3042.916221228154,10.289592384567804
2023-01-01 23:34:00,1565.7131426285257,57.54047362712346,23.575119577615702,139.2472805639763,5.475327687904948,914.2612401127545,3008.4754679005387,10.25328287804456
2023-01-01 23:35:00,1566.1132226445288,57.034272652688855,23.68480342070945,139.7790721300857,5.498055768586426,917.8267584405663,3032.064538892606,10.277453851220114
2023-01-01 23:36:00,1566.5133026605322,56.573249423003574,24.293183116239735,137.8959278394667,5.748503904841928,912.0842460287581,3057.680248366573,10.27986572677645
2023-01-01 23:37:00,1566.9133826765353,59.468580588425255,22.1452888759759,140.50469748144747,5.308231575057064,908.8361960584941,3015.678486198221,10.224607666282287
2023-01-01 23:38:00,1567.3134626925385,58.31971240741179,23.581934592883382,139.88838997373068,5.525148257410861,912.2995149309918,3023.321075063827,10.279831288956018
2023-01-01 23:39:00,1567.7135427085418,55.90569842684776,23.876844420094695,138.81910620288386,5.7674394363763035,919.7762001838759,3045.875201794668,10.26762070605384
2023-01-01 23:40:00,1568.113622724545,56.92782406588336,23.893229160676736,140.20866924682775,5.683333044754664,921.2565511511755,3056.448178078426,10.273314659005138
2023-01-01 23:41:00,1568.513702740548,55.54244974243952,23.88209886736355,138.7241412604706,5.566167025134479,912.9106256503729,3044.488982378414,10.288727434868749
2023-01-01 23:42:00,1568.9137827565514,58.80992013561495,22.91427495271576,139.92822707885372,5.400762412075411,909.6126092703532,3018.0631420393875,10.238170411896686
2023-01-01 23:43:00,1569.3138627725546,58.87271515358763,22.373349336582162,140.26828380227263,5.622557088876677,912.3626760572797,3016.4821052238417,10.239445762133522
2023-01-01 23:44:00,1569.7139427885577,58.51096225838154,22.696095481763404,139.86316434750026,5.421022681892957,908.415541291233,3003.6065501342873,10.240805255484693
2023-01-01 23:45:00,1570.114022804561,58.94657544159621,22.765630827916272,139.80778407250887,5.317359510457649,912.987775753911,2993.4132443099766,10.21258666613459
2023-01-01 23:46:00,1570.5141028205642,59.463594396584945,21.708663469878616,140.36880098185827,5.080790266371396,904.2760487906069,3002.789589170987,10.233676908553015
2023-01-01 23:47:00,1570.9141828365673,58.82142231923436,22.3601604658445,141.07069660220984,5.33923948820539,905.8977926591534,2971.474921940126,10.23100774590325
2023-01-01 23:48:00,1571.3142628525707,58.74200401374471,22.545056600720276,140.1130537937608,5.446359247158502,906.0645234560502,3002.8998094224016,10.233919887891904
2023-01-01 23:49:00,1571.7143428685736,56.91793187150822,23.784303811965763,139.9455987274455,5.644111526703244,916.5766638201993,3026.8579752506,10.25999931724603
2023-01-01 23:50:00,1572.114422884577,58.170053837743936,23.813234920592066,139.46269263498863,5.496692081112317,903.6260922470843,3035.7196520026173,10.245847109465148
2023-01-01 23:51:00,1572.5145029005803,56.213563868286634,23.97763709633332,138.88247132596933,6.019023802586705,918.6812794239257,3069.588717429176,10.27824048731694
2023-01-01 23:52:00,1572.9145829165832,58.12830815959952,23.044142239052523,140.4409678521299,5.462007621392665,913.5578850937823,3004.475424210246,10.246706200502784
2023-01-01 23:53:00,1573.3146629325865,56.83165411627375,23.44310266927494,139.1854434465019,5.667740408664385,910.0641743266433,3059.955195429094,10.269966855153303
2023-01-01 23:54:00,1573.7147429485897,58.340180048624816,22.200360961492972,140.20193537838037,5.284397916133461,902.2372761885343,3013.3364362780067,10.236881391728065
2023-01-01 23:55:00,1574.1148229645928,59.26076970733995,22.289798476944874,139.51083097084566,5.321881780462654,911.9843952576296,3008.592011185468,10.246023884766256
2023-01-01 23:56:00,1574.5149029805962,57.373382373784736,23.736008450279048,139.7667218307431,5.590341595574555,917.5625001623698,3045.2622567183307,10.271576795577694
2023-01-01 23:57:00,1574.9149829965993,56.55808157838399,24.304965752320083,139.2367427290698,5.698596260174186,914.7135290686623,3046.579707393898,10.306250040777744
2023-01-01 23:58:00,1575.3150630126024,58.72664424917523,23.07626832677916,139.03346551320533,5.448796584230994,917.0323914555466,3018.4759366877397,10.26709948910664
2023-01-01 23:59:00,1575.7151430286058,58.216235869219304,22.885766898052598,139.9619617132103,5.431097329033901,911.2721142404046,3017.3738592753944,10.255168416063094
2023-01-02 00:00:00,1576.115223044609,56.06338037668863,24.39926330489921,138.21619139228187,5.679628061339646,922.4399366724325,3048.422135063086,10.295878279245915
2023-01-02 00:01:00,1576.515303060612,58.62244983220465,22.08177291073089,140.59370530050316,5.369803097681633,906.6026029406044,2995.34301047987,10.24766676667284
2023-01-02 00:02:00,1576.9153830766154,57.81243637129636,23.193100863363743,139.49532553776672,5.498417173608278,917.2858743002253,3016.362697058556,10.256104391762253
2023-01-02 00:03:00,1577.3154630926185,59.52478810752442,22.884575751389846,141.04554680110357,5.430156985301561,907.7889548875419,3004.4583232663167,10.236268311763201
2023-01-02 00:04:00,1577.7155431086217,60.219096990027055,21.54917434230523,140.80664412297764,5.139119743851559,904.0706577079874,2994.7240676219185,10.237248926192335
2023-01-02 00:05:00,1578.115623124625,57.281814193224484,23.5961662062331,138.45866069404204,5.416688784313423,917.6654946190272,3037.905030705606,10.272123276803573
2023-01-02 00:06:00,1578.5157031406281,58.865413228301634,22.858525152446216,139.7790347663288,5.382691731716651,909.5788729505086,2999.9099109876506,10.243289688331188
2023-01-02 00:07:00,1578.9157831566313,57.219219241748384,23.517826930482876,139.0851787438466,5.615756626088512,910.5617126853747,3040.983577267816,10.268444691778742
2023-01-02 00:08:00,1579.3158631726346,56.172311891251624,24.65818254080578,138.59650178729908,5.874162852563146,920.9501668918914,3073.8416930147437,10.294503390667732
2023-01-02 00:09:00,1579.7159431886378,59.85995568310578,21.39537035598056,141.08994709083308,5.070762599044392,902.4311489543019,2976.0217089380685,10.207053322201556
2023-01-02 00:10:00,1580.116023204641,58.20122292693998,22.557054481378998,140.54663741817836,5.400115667644015,906.6244960498065,3024.5855283023484,10.242625309537315
2023-01-02 00:11:00,1580.5161032206443,60.1497171621331,21.94868180533055,140.64167769914513,5.305516138937379,908.5062157595735,2997.7042024833067,10.221642734650004
2023-01-02 00:12:00,1580.9161832366474,59.295539599383225,22.599552424131435,140.44779136083363,5.362846964485508,914.5387234548799,2990.2549607191863,10.241257034234582
2023-01-02 00:13:00,1581.3162632526505,58.276518018774404,23.391338130965437,139.58958154650819,5.341481774601462,908.1803821040947,3010.664940707689,10.272417811609836
2023-01-02 00:14:00,1581.7163432686539,55.58616676917639,24.95393320541308,137.54428185359282,5.78869678868957,923.2813078051206,3067.7341298409483,10.307288517305077
2023-01-02 00:15:00,1582.1164232846568,57.16019249717401,23.970109547790262,140.2337253032255,5.547633497974376,911.9928814880953,3025.579005419068,10.26145512348113
2023-01-02 00:16:00,1582.5165033006601,56.016223479735736,24.368098724201737,138.21916511590527,5.88757588585828,926.000940368466,3030.236739778891,10.274318611252703
2023-01-02 00:17:00,1582.9165833166635,58.264959422827864,23.382491648378892,139.69236850502418,5.447079488450328,913.089207462251,3012.7038490551745,10.241091797204147
2023-01-02 00:18:00,1583.3166633326664,58.2426924100412,23.473466698175734,140.628287852217,5.377170343247878,912.9959510075732,3008.304040120416,10.24535831956425
2023-01-02 00:19:00,1583.7167433486698,59.00107374509428,22.463547845581836,140.9532453753247,5.154418573431103,911.0057370545233,3020.1524076619057,10.237288482819572
2023-01-02 00:20:00,1584.116823364673,57.83274922747745,22.923007107653266,140.48553851420425,5.452835415744993,913.1783412802481,3027.870992107125,10.264965780586234
2023-01-02 00:21:00,1584.516903380676,57.59359452051954,23.37154992981946,139.89712215959491,5.419736585350608,912.282476151734,3017.867280134917,10.266499165441632
2023-01-02 00:22:00,1584.9169833966794,58.67678939973281,22.265988447413267,140.25031899128223,5.300107555424486,912.178771274892,2997.6008611899665,10.24605910548947
2023-01-02 00:23:00,1585.3170634126825,59.78384340274801,21.34680501862844,142.59943769775776,4.925030103162522,904.0036171177858,2979.027798900357,10.219930916910272
2023-01-02 00:24:00,1585.7171434286856,55.34708060227946,25.79526918349001,138.09126425353617,5.860425780287943,921.1276621678486,3071.5478248141485,10.313559319472143
2023-01-02 00:25:00,1586.117223444689,59.25818132296379,22.13251909750308,140.4233042061289,5.207298659059102,905.7402299677581,2997.4624880948204,10.226959182443286
2023-01-02 00:26:00,1586.5173034606921,57.50470770205649,23.229321923921802,139.8895508976202,5.540845670650393,910.4762680965839,3014.8460983424507,10.260724333915041
2023-01-02 00:27:00,1586.9173834766952,57.95963830847649,23.02398655604203,139.80233784958682,5.3929984012423695,915.9869228224576,3029.1253821474447,10.267957327160012
2023-01-02 00:28:00,1587.3174634926986,59.485629025789244,22.145554676238262,140.64374200400678,5.194299688931376,910.8078127715246,2982.525571382459,10.228493877576172
2023-01-02 00:29:00,1587.7175435087017,57.84628520935609,23.313121999321716,139.22240290028105,5.4643076673268745,917.81158914004,3008.1888538741537,10.250900123614704
2023-01-02 00:30:00,1588.1176235247049,58.53906027954779,23.392621890474377,140.5161878186908,5.435682528859976,910.4407309153693,3015.3148234934247,10.25387351966142
2023-01-02 00:31:00,1588.5177035407082,58.72052717183837,22.55481525154431,140.36675802967983,5.570782330899069,909.0508483439766,2995.5543936842378,10.238247393525583
2023-01-02 00:32:00,1588.9177835567114,59.862120248607226,21.6601777095789,141.23663044919303,5.261660373945571,902.9542485254613,2977.900136079007,10.222554218052585
2023-01-02 00:33:00,1589.3178635727145,57.67989408936885,23.57230027690483,140.5615952104385,5.521840635337484,913.0715777498425,3038.3680040288154,10.25764168538709
2023-01-02 00:34:00,1589.7179435887178,57.335534070916985,23.76893499298229,139.40172839055492,5.509079750409228,915.1199722671842,3033.8736648830363,10.249689321280323
2023-01-02 00:35:00,1590.118023604721,58.45509795159769,22.98418326540027,140.0731538141697,5.236285265010369,912.1807979161941,3026.17277314556,10.263633597434634
2023-01-02 00:36:00,1590.518103620724,58.72153301986848,23.04279642981789,140.13455339403444,5.424853591276837,911.6851403891051,3004.662721473913,10.225598470978307
2023-01-02 00:37:00,1590.9181836367275,58.11905412680605,23.500562175567268,140.019797640923,5.498344137385823,910.1052634769742,3013.719192354659,10.255733025744204
2023-01-02 00:38:00,1591.3182636527306,60.34081115727938,22.13935364826383,141.3722052351352,5.133869539271866,905.6407769405114,2961.950339035144,10.212838547966625
2023-01-02 00:39:00,1591.7183436687337,60.89130732507729,21.671116877365435,141.8167133854836,5.165278853610862,901.2134885987712,2980.2008406814384,10.207361722526356
2023-01-02 00:40:00,1592.118423684737,58.54414167325061,22.932029375838617,141.0233939156595,5.394601187074505,902.8756880173133,3008.4624430326116,10.230994132370997
2023-01-02 00:41:00,1592.5185037007402,57.478878339052244,23.271043673144685,139.1365463965203,5.49932957747368,911.1154707699457,3025.228397333963,10.284549851232358
2023-01-02 00:42:00,1592.9185837167433,59.08005586485262,22.72512858307442,140.782795664933,5.438550251125786,910.7713827643753,3003.920394798656,10.251749562546399
2023-01-02 00:43:00,1593.3186637327467,59.51950146774814,22.554192041244285,141.41929257221247,5.375169498513441,912.6571061968021,2985.917788103315,10.22458936345853
2023-01-02 00:44:00,1593.7187437487496,60.01666080271674,22.106711436128627,140.85704938809178,5.2493806568918755,903.7259918929665,2992.1552349146286,10.223848106738243
2023-01-02 00:45:00,1594.118823764753,59.812806230952816,21.61382685107482,141.3383680806743,5.1007132041448315,902.4994217136091,2981.708125079984,10.228072469723244
2023-01-02 00:46:00,1594.5189037807563,60.73459654995956,20.422014938876625,141.58002733396643,5.050437890811871,901.6436619783946,2979.8868326899546,10.196079055759416
2023-01-02 00:47:00,1594.9189837967592,59.30510933575544,22.1819463492944,140.53469082937232,5.405951428498531,905.0251693292637,2990.2812644312494,10.244711175763655
2023-01-02 00:48:00,1595.3190638127626,59.98470943639313,21.247958052927387,140.79808798535808,5.1917686679552,901.2164055430019,2976.458628408129,10.196527686251567
2023-01-02 00:49:00,1595.7191438287657,58.526886705705564,22.60094265771152,140.93588552184653,5.1818177968417105,907.8581572254859,3002.248868971992,10.225074979252941
2023-01-02 00:50:00,1596.1192238447688,60.01087439788829,21.636145954142016,140.28135654102542,5.192259292508883,901.9023639820862,2976.3279828885306,10.189400889799677
2023-01-02 00:51:00,1596.5193038607722,58.831354198987086,22.953506044649796,139.5094563667189,5.492848302230797,906.3126658396918,3028.8433913202366,10.274017522809261
2023-01-02 00:52:00,1596.9193838767753,59.553266859497995,23.00936378924015,140.76042833001236,5.363317658669278,904.3123519730796,3008.154544792362,10.209476154696452
2023-01-02 00:53:00,1597.3194638927785,59.12470099064793,23.248405721082126,140.71294528714012,5.406288516542316,912.3103204317714,3003.9297525615034,10.249850636097344
2023-01-02 00:54:00,1597.7195439087818,57.58409401457574,24.055132006761838,138.989007350994,5.539712883137052,917.0785030744587,3031.775711245362,10.289527493913102
2023-01-02 00:55:00,1598.119623924785,58.81672568939633,23.196024879210587,140.67856549974536,5.179178257978925,912.1316363932792,3017.521825242747,10.245772441390779
2023-01-02 00:56:00,1598.519703940788,60.56379277825644,22.083037373653653,141.11712810392615,5.096389524384761,907.8471570959036,2989.028435390229,10.219034321812028
2023-01-02 00:57:00,1598.9197839567914,60.57333948945884,21.28900692247714,141.95226632491716,5.216858067461013,899.5011470247009,2978.379934673336,10.218440029996126
2023-01-02 00:58:00,1599.3198639727946,59.824072103297596,22.04542904129131,140.87599492767984,5.287351870476331,904.5825720089938,3001.7270155749825,10.22267006071492
2023-01-02 00:59:00,1599.7199439887977,59.162310816895,22.49327931229767,141.2112962093485,5.234179723669438,904.085039547763,3001.9937873541267,10.231291114665186
2023-01-02 01:00:00,1600.120024004801,59.83270708959934,21.72010911470958,140.38676714378056,5.402777381298384,906.5149882971907,3002.902715264746,10.229010982263073
2023-01-02 01:01:00,1600.5201040208042,59.07561261843362,22.896260050481125,139.57339361313683,5.508205600354464,908.4944876341033,3016.6584551866113,10.246255358980767
2023-01-02 01:02:00,1600.9201840368073,59.370959248691335,21.81786672296213,140.7143601232976,5.228086319153496,907.2134424451309,3002.6078581549364,10.235982004963134
2023-01-02 01:03:00,1601.3202640528107,57.188102531103326,23.811888386914486,138.97390065608275,5.706250622482121,912.7797818103186,3051.008518653145,10.285220264897244
2023-01-02 01:04:00,1601.7203440688138,58.84381496175065,23.02988031657478,140.2415026945638,5.201768065893679,911.8662285336292,3007.968072520838,10.258875174399812
2023-01-02 01:05:00,1602.120424084817,59.80428232452642,22.33929625155252,140.9031658789606,5.301306672277186,903.646060063422,2996.824945940592,10.224993999033446
2023-01-02 01:06:00,1602.5205041008203,59.542257545338565,22.62541805218783,141.2769685208307,5.308660976046994,904.013864843028,3014.692875174988,10.219432633853527
2023-01-02 01:07:00,1602.9205841168234,60.1945523415411,22.559215881406768,141.4235175227862,5.308427881027417,906.384332851208,2992.4510731168793,10.210897234631519
2023-01-02 01:08:00,1603.3206641328266,58.398657358546465,23.402064621150625,139.21436901128376,5.55121183396255,915.596802467126,3027.870839992058,10.282831733169852
2023-01-02 01:09:00,1603.72074414883,59.17976348613981,23.208510417272574,140.06127369883234,5.254890602948963,906.4608880844552,3006.0732050609263,10.245794219942274
2023-01-02 01:10:00,1604.1208241648328,59.27466877218217,22.212013035642624,141.70547850358565,5.2155563364665,908.4715347503767,2996.2252167101747,10.213533551522168
2023-01-02 01:11:00,1604.5209041808362,59.84669327344273,22.344406784133426,140.14901289868652,5.482250639495032,907.7383635335985,2984.199708179404,10.238399809218127
2023-01-02 01:12:00,1604.9209841968395,59.657224810111046,21.936018960295648,140.65441080148932,5.234120562642279,911.3935533892507,2995.633356904886,10.216463541314134
2023-01-02 01:13:00,1605.3210642128424,61.15487350364627,21.821850608029024,141.98656599602123,5.115853125591716,903.3257741530067,2964.2071646871373,10.20672774503277
2023-01-02 01:14:00,1605.7211442288458,59.39171828365271,22.41814845049643,141.71374523254138,5.020771492039071,910.7378157014573,3011.0846671842437,10.21604498372722
2023-01-02 01:15:00,1606.1212242448491,58.701634146088495,23.698451576246843,139.64815305196143,5.389617817037761,912.5183819295481,3025.9082011122255,10.279339185591859
2023-01-02 01:16:00,1606.521304260852,61.23262117721988,21.480487425272578,141.54953539839505,5.135772959190197,906.0730057709782,2966.3282218623685,10.198222673741528
2023-01-02 01:17:00,1606.9213842768554,59.25976859494394,22.166586635798225,140.01927438408805,5.1562436604223905,912.4310352576781,3000.559342186048,10.225798257576846
2023-01-02 01:18:00,1607.3214642928585,57.67751136674188,23.891619209776124,139.3098080781791,5.6348648785759,914.8009086515858,3044.3557819168773,10.268039754650811
2023-01-02 01:19:00,1607.7215443088617,59.94687250196133,21.29939137962878,140.61642568672374,5.085995218010491,901.8172799106493,2973.9819716207858,10.240523692614719
2023-01-02 01:20:00,1608.121624324865,58.222962703297505,23.07357967063238,139.4504221116717,5.351075874876896,910.3128457504713,3048.522921107364,10.257838606348091
2023-01-02 01:21:00,1608.5217043408682,62.13815905898299,20.341236563607676,143.09803284445124,4.755297401704411,896.2348616825597,2929.6851364330896,10.158235224574652
2023-01-02 01:22:00,1608.9217843568713,61.226501770183546,22.24181958721946,141.2545592921028,5.250628550698785,898.8013507225011,2986.68727679428,10.197975762311119
2023-01-02 01:23:00,1609.3218643728746,61.12152056927417,21.254160145943136,142.300028898666,5.0510374973271475,898.7306148501344,2962.6964562846,10.177281072190526
2023-01-02 01:24:00,1609.7219443888778,60.52125401759954,21.281253314841294,141.68385436255906,4.9441579782834575,904.1548114441895,2961.628458961221,10.20258308580579
2023-01-02 01:25:00,1610.122024404881,59.45583556278049,22.498528145450543,139.79814208090346,5.389645524307388,910.0188894868595,3009.1756631801463,10.223017707367315
2023-01-02 01:26:00,1610.5221044208843,59.33594705545162,22.38176788973532,140.79978747669085,5.4529261193282315,902.5177214095474,3006.3776333447745,10.254588441816198
2023-01-02 01:27:00,1610.9221844368874,59.19487454843641,22.666233310123495,139.70185139935447,5.300641060845648,904.7382245622384,3022.995143391138,10.247115422389772
2023-01-02 01:28:00,1611.3222644528905,60.28381469310811,22.308865337126804,140.4211057112839,5.356150811604783,913.0983289224558,2983.400428831001,10.227339825926926
2023-01-02 01:29:00,1611.7223444688939,60.60335133397208,21.546122777039024,141.06344513335577,5.265294450789438,907.5861499569002,2991.2682601017577,10.227462371743059
2023-01-02 01:30:00,1612.122424484897,60.865184739778286,20.742220017470576,142.40467060853052,5.089752665457808,897.9909732829882,2963.2009402121566,10.202203205024208
2023-01-02 01:31:00,1612.5225045009001,60.32411936390179,21.514820782915855,141.0774656009087,5.058804727354433,898.5472400857008,2983.8772418879626,10.211347864862985
2023-01-02 01:32:00,1612.9225845169035,61.468970538219146,21.059407419296537,141.49671389304024,4.874079107962775,895.6510560458307,2969.5390156673143,10.18351633412882
2023-01-02 01:33:00,1613.3226645329066,61.75071304173108,20.129641522093973,142.81442875927178,4.655209952490059,896.4177784914908,2926.4680221550684,10.172142573326887
2023-01-02 01:34:00,1613.7227445489098,58.91852798963281,22.682594982472974,139.89515952101826,5.350651019848406,916.7516211721866,3018.9496071273416,10.2540127103376
2023-01-02 01:35:00,1614.1228245649131,59.08348018062454,22.33762601482998,140.51546036125174,5.2175685109959185,912.203031176182,3007.579716323252,10.232439879476471
2023-01-02 01:36:00,1614.5229045809162,58.61580302714558,23.604884866142278,139.66501785935242,5.4840551021480595,908.6917549630662,3033.149866466641,10.264087068678327
2023-01-02 01:37:00,1614.9229845969194,61.063452327051436,21.61518218949644,140.81940901557365,5.104018104549629,901.6556446168269,2975.080105057281,10.210635328151382
2023-01-02 01:38:00,1615.3230646129227,59.294290498461365,22.622209693548943,139.34797522180514,5.544704831591948,907.0436331476731,2996.9580717535177,10.246754633385397
2023-01-02 01:39:00,1615.7231446289256,58.437608391850574,23.264093303585486,140.9837240564183,5.401264498740268,911.7437567379999,3024.0299303822535,10.266190141560552
2023-01-02 01:40:00,1616.123224644929,60.910012438141585,21.434258706849345,141.56067315291335,5.084930231990644,898.0401002769216,2995.1989355877517,10.192001593779242
2023-01-02 01:41:00,1616.5233046609324,57.61045284329959,23.41058258243562,139.31978274634199,5.401157483276861,913.6718397538607,3043.7468953794037,10.263003346136776
2023-01-02 01:42:00,1616.9233846769353,58.363388324504406,23.364574751092704,139.55530386506916,5.651099126115465,908.5448084064126,3029.675894360421,10.252362343340273
2023-01-02 01:43:00,1617.3234646929386,59.13248345733902,22.79691525272431,140.75798657480266,5.218096210101767,910.6008470316027,3017.753176646245,10.233126001839357
2023-01-02 01:44:00,1617.7235447089417,60.32347643392702,22.07932890828432,140.61814136993405,5.154256329549558,904.1269333858706,2989.1389713537405,10.225562206639568
2023-01-02 01:45:00,1618.1236247249449,59.38900955380786,22.154744538903067,138.98086595575623,5.405218581430272,907.538484751121,3007.5998186414013,10.227650257484827
2023-01-02 01:46:00,1618.5237047409482,59.82668098454125,22.502880701629426,139.99014454437568,5.381992647318649,910.7697316537066,3018.054266211503,10.232236361195675
2023-01-02 01:47:00,1618.9237847569514,61.026683048105056,22.23292544227434,141.23193773247831,5.283579034884457,907.7538042643034,2964.265617924261,10.229425631773216
2023-01-02 01:48:00,1619.3238647729545,59.95082901799061,21.956147760357112,140.5063078189114,5.360542281005704,913.7311203911755,3007.414773929655,10.22996618518832
2023-01-02 01:49:00,1619.7239447889579,60.80723500426846,21.017220551893622,141.8078688328416,4.995273750963208,901.0750191515617,2978.3925205043865,10.181066343433663
2023-01-02 01:50:00,1620.124024804961,59.6171898434954,22.383987019431746,140.288654943374,5.388667398980966,907.0027898887096,2999.856747307674,10.230518405216335
2023-01-02 01:51:00,1620.524104820964,60.59551001785598,21.524157976112765,141.20122453085904,5.192200698099518,905.6121623995597,2982.8872629033995,10.213204657819274
2023-01-02 01:52:00,1620.9241848369675,59.545540569128285,22.037416309312075,140.364443076544,5.239407101708118,911.3398045830513,2997.4314187987984,10.246652332722386
2023-01-02 01:53:00,1621.3242648529706,59.054073823935845,22.761036344843067,139.46847848856038,5.449872689999457,911.7800030270698,3009.2832357063767,10.226652787949874
2023-01-02 01:54:00,1621.7243448689737,59.951009792362306,21.63168195129755,139.8836882630557,5.2075684949052885,901.0641413149187,2990.9359056448297,10.216454974770958
2023-01-02 01:55:00,1622.124424884977,59.72493470401339,22.77469241988109,140.3035639639374,5.351169361796311,912.9730649321409,3014.477161072266,10.244590981775199
2023-01-02 01:56:00,1622.5245049009802,60.48071847949897,21.81392899004705,141.04771907138257,5.2163838075487075,906.1308862093744,2989.2120336659805,10.21994970908362
2023-01-02 01:57:00,1622.9245849169833,62.867109922288314,20.126482164886728,143.0534573450649,4.81227455084104,892.9053102483292,2930.2046846228477,10.155587225971386
2023-01-02 01:58:00,1623.3246649329867,60.1810782153212,21.875733841715327,141.24692865069954,5.075353435608992,900.7985558765795,2972.8264241091456,10.194378760793974
2023-01-02 01:59:00,1623.7247449489898,62.088957448651115,20.628188251555883,141.7043162688812,5.016560611813963,899.1561725932478,2974.7282892453095,10.170290071532863
2023-01-02 02:00:00,1624.124824964993,60.85590595213391,22.04531673482604,140.12697309904723,5.026133533024976,896.9004377798685,2993.094111650352,10.199387227338274
2023-01-02 02:01:00,1624.5249049809963,62.904841263354264,20.687385034716446,142.01956500071847,4.776493647069754,896.0797127811592,2929.9631041294947,10.171475397695284
2023-01-02 02:02:00,1624.9249849969995,61.00465658960187,21.43213576610812,142.16011015260716,5.061889170852394,897.499852352413,2976.775513370085,10.203479458607136
2023-01-02 02:03:00,1625.3250650130026,59.93320760821799,21.85826183795124,141.4999852912669,5.240536872178886,904.0168223678738,2984.3581640527846,10.219963742468583
2023-01-02 02:04:00,1625.725145029006,59.84725072183771,22.983677491940487,140.31906991320122,5.452545370392266,907.7582619169921,3017.8130225821965,10.252061739899736
2023-01-02 02:05:00,1626.1252250450088,61.102099581391144,21.41090747073986,140.9872360708235,5.107086507680843,897.0966179591322,2987.0815146524146,10.202476035361
2023-01-02 02:06:00,1626.5253050610122,60.923991260790395,21.217786690103118,141.22881563453348,4.921728081342,904.2562471726959,2973.182875283251,10.198102900857972
2023-01-02 02:07:00,1626.9253850770156,60.262702470758555,21.297687873861985,140.93318400834877,5.128817098345223,896.5306831389021,2970.4967518992585,10.192616495514917
2023-01-02 02:08:00,1627.3254650930185,60.46211708257181,21.862446481339447,141.11653647634103,5.184223111732183,903.6439330921827,2974.3275412111852,10.222112246861968
2023-01-02 02:09:00,1627.7255451090218,61.7961085512706,20.188456976696937,143.09532337940033,4.890847571357703,893.5038849735832,2955.362563608886,10.175118003601158
2023-01-02 02:10:00,1628.1256251250252,59.9430467802914,22.541710777454067,141.21308592371747,5.236885822932122,913.2045540479401,2988.9483246867007,10.215592137384078
2023-01-02 02:11:00,1628.525705141028,60.87450863402435,22.524746671480635,140.96747461302206,5.160992079899254,904.7553777130637,2982.751666899323,10.222210469495996
2023-01-02 02:12:00,1628.9257851570314,62.15932458997943,20.636893674943217,142.74863449222138,4.784953273038266,888.9635881854688,2950.939621494504,10.16440866299721
2023-01-02 02:13:00,1629.3258651730346,60.73643727333967,22.290438591018898,140.72821276008958,5.039965422092517,905.8996782748192,2980.1018071916574,10.216803464134866
2023-01-02 02:14:00,1629.7259451890377,61.338477006755596,21.389400514476954,140.5399438301787,4.968164798838193,899.4186978947927,2993.6771990948923,10.21055439996603
2023-01-02 02:15:00,1630.126025205041,61.38099365586918,21.555031664700817,142.56795742587016,5.093014641629368,904.02423572995,2961.651518968318,10.211943709366258
2023-01-02 02:16:00,1630.5261052210442,60.240465917768304,21.3633682575383,140.132123730624,5.049291257997607,905.1418590037289,2949.29530586287,10.19992619567486
2023-01-02 02:17:00,1630.9261852370473,60.41686976002292,22.110807463029932,139.9012275073654,5.296744515069041,910.4727584393382,2987.0405212232554,10.231144391514619
2023-01-02 02:18:00,1631.3262652530507,60.57545578350763,22.4595171890104,141.96106735543518,5.126872625219524,905.1943860886723,2991.424849388086,10.231397041575491
2023-01-02 02:19:00,1631.7263452690538,60.916327612081666,21.476081474845078,141.3498735655622,4.994679204295994,905.464978843049,2989.524876102629,10.234957891817869
2023-01-02 02:20:00,1632.126425285057,60.66607496748851,22.06996973655777,140.70047966515014,5.102127594093811,903.5915459436113,2978.8911241628025,10.222592485959899
2023-01-02 02:21:00,1632.5265053010603,60.76539913400835,22.164419362209447,141.48162647323514,5.379044654742204,902.412769792661,2983.4870407683193,10.219405824881006
2023-01-02 02:22:00,1632.9265853170634,61.44671664537277,21.80566590728037,141.90328312080888,5.078475020728089,905.182852066666,2975.9109636376093,10.207247524154395
2023-01-02 02:23:00,1633.3266653330666,60.88978093097226,22.092719816086092,139.86083676850365,5.367031088766426,904.0666671392715,3020.0276666739023,10.249705628962772
2023-01-02 02:24:00,1633.72674534907,61.301165871954474,21.64600189001501,141.2451357115549,5.106042727704641,901.9069876725426,2980.1460321997215,10.201788878082056
2023-01-02 02:25:00,1634.126825365073,60.224892685572165,22.67599290692192,140.71515045515588,5.2161242330010325,907.5116427308619,3004.3515344197676,10.249648199762422
2023-01-02 02:26:00,1634.5269053810762,62.34182988289712,21.123514462773237,141.79458172130026,5.0842388291304585,900.5085803997083,2978.4367284624086,10.205849988771833
2023-01-02 02:27:00,1634.9269853970795,61.34741795814866,20.916829093807493,141.72775265558138,5.048105815324808,898.7377118117494,2974.467528083191,10.201306131675192
2023-01-02 02:28:00,1635.3270654130827,61.3192003548536,21.627019512733806,142.19572294716903,4.964230091831191,900.9541539072073,2956.3583828673122,10.18536097221069
2023-01-02 02:29:00,1635.7271454290858,61.89068836168696,20.75269043746446,141.118979707617,4.863811855755028,897.4596114530334,2941.059142436347,10.171935202440324
2023-01-02 02:30:00,1636.1272254450892,60.58901634027911,21.530099546251847,140.70224127290908,5.206921413444994,910.2047874660335,2998.9726225477616,10.226748491115227
2023-01-02 02:31:00,1636.527305461092,61.2755557283,20.665077624612074,142.2001142678432,5.043267094162244,897.1648895119139,2943.71316059204,10.179551607563049
2023-01-02 02:32:00,1636.9273854770954,60.11951405464915,21.59538770845281,139.9595419346404,5.163217579289677,904.6398517808079,2998.8320674431366,10.220860861403839
2023-01-02 02:33:00,1637.3274654930988,59.417383829405274,22.7527833719154,139.76450434238149,5.672350718538386,906.6177530364291,3008.0853860558996,10.246170240420865
2023-01-02 02:34:00,1637.7275455091017,60.88984488293941,22.364284293623147,141.3227301538473,5.149512254864253,903.214877523365,3007.0976724726866,10.231595068079244
2023-01-02 02:35:00,1638.127625525105,62.006285814659485,21.499751020377612,141.20670107794504,5.140113454887759,902.9789349520637,2976.7722312703254,10.193774581925334
2023-01-02 02:36:00,1638.5277055411084,62.151072014408804,20.891207512094137,141.41744929414105,4.751353348240655,898.3317992071065,2942.7067755858075,10.17937397768395
2023-01-02 02:37:00,1638.9277855571113,58.493869093312306,23.397058182948047,139.85643329595368,5.5579097000933535,915.1133747024272,3044.715100210011,10.285339950365833
2023-01-02 02:38:00,1639.3278655731147,61.05398539371356,22.38166437567386,141.17672161854452,5.246588094046697,910.4892319592498,3004.850088270895,10.216546255934547
2023-01-02 02:39:00,1639.7279455891178,61.8887156550324,20.727745475926582,142.2321804748127,4.813609806828651,892.5946159738588,2943.4554370215055,10.189259596676195
2023-01-02 02:40:00,1640.128025605121,62.24255815044215,21.006485841995612,141.95442938812764,5.1324523994064775,906.0989840039929,2955.208771810642,10.190030621955007
2023-01-02 02:41:00,1640.5281056211243,60.42973381037409,22.276439626966503,141.5198214792698,5.242216945646327,908.5016892866464,2994.872368660467,10.219598415197996
2023-01-02 02:42:00,1640.9281856371274,62.66379792415674,20.226333095254226,142.62352734294265,4.8483789310871215,895.4110857781556,2957.450130803669,10.183093520251232
2023-01-02 02:43:00,1641.3282656531305,61.46580293226051,21.41280846065291,141.97856194344294,5.1002873115959195,902.348455783753,2996.0456331784244,10.181702701241155
2023-01-02 02:44:00,1641.728345669134,62.44421683498923,21.01398295602582,141.76677259405105,4.899506495657824,896.4586392971079,2969.2275977599925,10.191041770335207
2023-01-02 02:45:00,1642.128425685137,61.49013708290331,21.48153873697057,140.3961133135379,5.248266646353481,903.8880865236702,3004.5467520845777,10.21488389882267
2023-01-02 02:46:00,1642.5285057011401,61.65964559490706,21.824269048919106,141.68239981541305,5.221050551031971,909.2827795647491,2980.288963997755,10.217341147076246
2023-01-02 02:47:00,1642.9285857171435,61.408091121603505,21.80576769909137,141.8878332129306,5.164242335422957,901.0931480713418,2984.8397532873337,10.206124215045985
2023-01-02 02:48:00,1643.3286657331466,61.94732549554344,21.183185162964985,141.67418083951557,5.090769143023572,899.7162892057928,2963.346396698833,10.196411401607804
2023-01-02 02:49:00,1643.7287457491498,62.63273695461963,21.17286680107541,142.2313662237809,4.881657993748316,898.136021735549,2963.7742925706725,10.17185005595624
2023-01-02 02:50:00,1644.1288257651531,61.31584047234471,21.352079928070804,141.63737797270213,5.172281230661486,898.5159170109401,2970.004753458075,10.189152055951647
2023-01-02 02:51:00,1644.5289057811563,61.01304839193992,22.633012164711005,140.55817956663373,5.275966235959996,906.1046645467843,2994.7475144080818,10.233649978586001
2023-01-02 02:52:00,1644.9289857971594,60.11200183774602,22.50389095058056,141.39119341883506,5.407592442936966,904.5446322569031,2977.2930313586594,10.249257243995299
2023-01-02 02:53:00,1645.3290658131627,63.840759844132634,20.29114218418829,142.89915462708055,4.83191938066682,892.280494984945,2928.8009357479445,10.177110349514603
2023-01-02 02:54:00,1645.7291458291659,62.570981997632074,20.844453889365997,142.1778192030865,5.007798965225699,897.2695911079296,2964.6841706043174,10.17598240403011
2023-01-02 02:55:00,1646.129225845169,60.38735333872984,21.6434803310121,139.8849907224662,5.1342279334256355,904.8406641270102,2995.528610627037,10.234140901406537
2023-01-02 02:56:00,1646.5293058611724,62.73336660411395,20.363666298851285,142.55990127187658,4.8447293825264275,891.0160032496848,2958.3877030252393,10.18208199226205
2023-01-02 02:57:00,1646.9293858771755,63.34068633588146,20.860094925200638,142.13965495777873,5.101002754772454,895.8186889749375,2942.510200297453,10.15900314469616
2023-01-02 02:58:00,1647.3294658931786,60.90595249085651,22.09524346589369,140.90433710017138,5.08474213047334,905.8456249983204,2997.8435142561893,10.23112881495778
2023-01-02 02:59:00,1647.729545909182,60.164030380379494,22.47899246471483,140.41274073840808,5.1833492368555065,913.1994401057714,3018.0463085344277,10.251205043999942
2023-01-02 03:00:00,1648.1296259251849,61.77356283498691,22.819000054106134,140.29989074344562,5.3077205277349675,907.864198070257,3016.732741051932,10.230502016762182
2023-01-02 03:01:00,1648.5297059411882,61.57630791806257,21.90800331600124,141.0312085738564,5.184982086995633,907.2813305246726,2991.2567339333755,10.208225231400966
2023-01-02 03:02:00,1648.9297859571916,62.56344582898329,21.10981220840132,141.8809419046958,4.950701776150397,898.4649204404914,2957.4262775743973,10.193632646281914
2023-01-02 03:03:00,1649.3298659731945,62.31949686648401,20.643733409281307,142.6836873506988,5.0242175260010065,902.5032440608219,2978.454705406883,10.185902649740456
2023-01-02 03:04:00,1649.7299459891979,59.3545756815596,23.166053678683756,140.7050506018308,5.518803664505075,908.3208599626719,3028.7272356196963,10.27775207849525
2023-01-02 03:05:00,1650.1300260052012,61.27315745788869,21.904365462041312,141.59694575486955,5.139339125918561,904.930703082072,2967.949207632858,10.221910975097698
2023-01-02 03:06:00,1650.5301060212041,62.71852777379323,20.8881098733054,142.5743035323292,4.9698038059858485,902.046363618948,2947.4047092933993,10.19313813370903
2023-01-02 03:07:00,1650.9301860372075,62.42398071346971,20.392913438943495,142.7575538829381,4.909503082399457,899.3196841823758,2940.266214900876,10.15113229823537
2023-01-02 03:08:00,1651.3302660532106,59.44888784228861,23.674206376927952,140.36098745059854,5.3422998342159245,916.662647099363,3008.698506127658,10.245156603105988
2023-01-02 03:09:00,1651.7303460692137,60.8347453775436,22.310160632810234,141.389538293882,5.10341682676347,905.2187662052146,3008.032046168279,10.248663261510082
2023-01-02 03:10:00,1652.130426085217,59.89892588896157,22.777487276097677,139.36316770655688,5.442988022263188,914.9731539690633,3024.982047419932,10.250278324443531
2023-01-02 03:11:00,1652.5305061012202,62.26706172458792,21.100439579540197,141.76930525342286,5.035750694664516,901.9829733028997,2963.766229010547,10.194872403980904
2023-01-02 03:12:00,1652.9305861172234,59.73083909751861,22.68796978367579,139.88634124232777,5.336969004253843,909.2504458571331,3007.347672387952,10.245015833126917
2023-01-02 03:13:00,1653.3306661332267,61.42670796232229,21.87317168626643,140.65040445843522,5.016587524845874,911.6780423559709,3019.017122660014,10.221100426904913
2023-01-02 03:14:00,1653.7307461492298,61.06556015783198,22.299296304495552,141.188569946042,5.176277545951184,905.4608768972638,2994.4566865914085,10.24154456422891
2023-01-02 03:15:00,1654.130826165233,60.87650543599342,21.53297878890811,140.65353319427575,5.244837141106812,903.8356209675244,2983.5012154516776,10.215556511584651
2023-01-02 03:16:00,1654.5309061812363,62.25480949297078,21.258023576961502,142.46631342209074,4.792943820281195,897.896551781022,2952.5265123061763,10.176483882504938
2023-01-02 03:17:00,1654.9309861972395,60.95395385621492,22.197659375796267,140.65716155392735,5.280271799365656,901.4680728500947,3013.4348127273383,10.221694490049012
2023-01-02 03:18:00,1655.3310662132426,61.64264543660275,21.786997117949813,140.95640672809887,5.127304990313012,906.5265660337463,2993.7439656436513,10.230377304019147
2023-01-02 03:19:00,1655.731146229246,62.03324114944836,21.577554093328054,141.5554578437955,5.099484982315481,904.1605693550184,2967.5151196427255,10.1915479834018
2023-01-02 03:20:00,1656.131226245249,61.53050020195501,22.362797925314126,141.7488125805461,5.151302538201624,905.2215290596537,2980.9186749859086,10.225457007236026
2023-01-02 03:21:00,1656.5313062612522,62.36510052557035,20.744065252293886,141.9555495976473,4.802235072220428,902.635885420385,2938.2203429990363,10.181384653903297
2023-01-02 03:22:00,1656.9313862772556,60.54198029850697,23.215552051146673,140.38103408927668,5.468857143188635,907.0653685760113,3004.4701494500455,10.221966489187555
2023-01-02 03:23:00,1657.3314662932587,64.09729281765965,20.622876296862124,142.17877134525799,4.909375712344901,889.789618000837,2929.204989785664,10.176131159167857
2023-01-02 03:24:00,1657.7315463092618,62.14017332952395,21.877386139540146,140.90792221255583,5.206211287625763,909.1380575016235,2971.1534101568905,10.214497635029907
2023-01-02 03:25:00,1658.1316263252652,62.888202739227104,20.605917984768,141.5693155357172,5.049708526697976,901.5409081113954,2971.003780065821,10.19539569283842
2023-01-02 03:26:00,1658.531706341268,62.82770640958758,21.494169888549187,141.5841562242635,5.150222689836204,904.1845035190536,2986.596264989508,10.217527871992829
2023-01-02 03:27:00,1658.9317863572714,61.5529055873453,22.125515365019393,141.23080151074072,5.290481248278816,903.8758056642768,3004.4300964282806,10.218899985812484
2023-01-02 03:28:00,1659.3318663732748,62.94709606772794,20.828544006431525,142.26812224220294,4.933280452153068,900.6327889849716,2950.6408621063824,10.186706035716512
2023-01-02 03:29:00,1659.7319463892777,61.16512310005626,22.509592394046525,140.50161081298918,5.364107627232059,901.9279903864839,2983.218514173239,10.209401635484282
2023-01-02 03:30:00,1660.132026405281,61.0311431932763,21.69136452959461,141.2703598071445,5.325292314581471,904.2289728177788,2983.2773333934356,10.213064967330972
2023-01-02 03:31:00,1660.5321064212844,62.03258448769959,21.02229977700249,141.84308255270773,5.067632818808652,897.7008010411981,2985.4266492147003,10.196513503345113
2023-01-02 03:32:00,1660.9321864372873,61.61313365750588,21.68563735732863,141.11679663857726,5.1396380863175315,904.9358852824595,2986.7442108590694,10.205994045222097
2023-01-02 03:33:00,1661.3322664532907,60.74389834595411,22.62070704652004,139.98172887791603,5.16378501493988,910.0895036741094,3018.8218468067694,10.237761310568917
2023-01-02 03:34:00,1661.7323464692938,63.087478370132,19.94052687617149,142.89461896333634,4.828967464457008,891.252169861691,2947.7946497608486,10.15642597535969
2023-01-02 03:35:00,1662.132426485297,63.587566882422486,19.49906098525211,143.05342435357775,4.943619875182003,895.735886121176,2936.5838918679065,10.143543425313926
2023-01-02 03:36:00,1662.5325065013003,60.08081786059846,23.217035855962695,140.16024001703693,5.276884860465641,910.7945526450291,3019.488358219816,10.240939372829963
2023-01-02 03:37:00,1662.9325865173034,62.52698455584514,21.24569602933337,141.82101346377357,5.167260096406653,903.4291266482561,2956.1465076691484,10.203212637601633
2023-01-02 03:38:00,1663.3326665333066,61.5915077479743,21.54638528147101,141.48036025841813,5.124025919684605,903.4971282020965,2965.9092936740267,10.203413674762457
2023-01-02 03:39:00,1663.73274654931,62.81504272790587,20.715371700541777,141.50915907901862,4.932119895927355,900.9393835959319,2964.3746908799576,10.17937225655697
2023-01-02 03:40:00,1664.132826565313,62.48418210139942,21.439904877913055,141.96677590362808,4.849510579057892,896.6410239494763,2961.474048521292,10.18144455392159
2023-01-02 03:41:00,1664.5329065813162,62.34491574607243,21.144607793526642,141.9161628980736,4.982123569596815,896.1132823095646,2991.7820660850193,10.195262845587324
2023-01-02 03:42:00,1664.9329865973195,62.60492392581791,21.50787173545786,141.32092042249155,5.166069344754816,897.9833499585744,2964.0740271797736,10.209325287139345
2023-01-02 03:43:00,1665.3330666133227,61.56937675414494,21.84781143621599,141.49782483362912,5.273188261604399,903.3860415484148,2993.2415097178564,10.225835597157149
2023-01-02 03:44:00,1665.7331466293258,61.05304939535212,21.509884338906584,141.16540614640957,5.197517146860614,899.4605809646455,2993.744335049164,10.21164618251401
2023-01-02 03:45:00,1666.1332266453292,62.01603860618807,21.020794994137542,140.7789281166266,4.986034335466534,905.2388459782296,2973.257742781244,10.186918932564714
2023-01-02 03:46:00,1666.5333066613323,61.38138155469322,21.8908111638861,141.1385707736108,5.1505587450741865,906.3915113466821,3008.4866250087925,10.229801667695215
2023-01-02 03:47:00,1666.9333866773354,62.64429405434492,21.38625373488655,141.84195903439002,5.01106520632053,902.5048389632628,2959.6626602852016,10.198161926560948
2023-01-02 03:48:00,1667.3334666933388,62.56087788369079,21.246711446364092,140.89869685645735,4.993734910424008,902.7904834739112,2977.4275891086513,10.212631170688809
2023-01-02 03:49:00,1667.733546709342,63.71588797840845,20.943037113748208,142.6756212847607,4.830735462347858,894.5089485049971,2947.568152044096,10.177408725960335
2023-01-02 03:50:00,1668.133626725345,63.5953681131758,20.420298147143527,141.732846446052,4.8716866923567865,907.6352612583576,2965.2044456349277,10.16640066305572
2023-01-02 03:51:00,1668.5337067413484,61.78900209382305,21.49830635615882,141.62060121279458,5.117559147831996,912.3593948826211,2978.3807490959025,10.211269014797463
2023-01-02 03:52:00,1668.9337867573515,63.71010770918026,20.81908560087646,142.62312183955703,4.860336897191383,899.6029305133679,2934.3768377343454,10.175330346735752
2023-01-02 03:53:00,1669.3338667733547,60.71827656734111,22.730385577425228,140.1251348497943,5.324700947822076,904.6935569114859,2994.727570174192,10.223887849788136
2023-01-02 03:54:00,1669.733946789358,64.65480297187226,20.11745926891279,143.40339426609995,4.889498577525761,897.6440742016957,2926.0902106992066,10.156553853718956
2023-01-02 03:55:00,1670.134026805361,63.44323418529642,20.24332237202067,142.65183300645097,4.85807762901108,891.4560766638264,2946.415015538351,10.184062487428138
2023-01-02 03:56:00,1670.5341068213643,62.35037176392612,22.178862982477693,141.22675352932802,5.179878340506412,907.179863183308,2977.46687630778,10.212160637090713
2023-01-02 03:57:00,1670.9341868373676,61.414219251881256,21.805002122901765,140.55056820939893,5.342799371250329,896.3203275689388,2976.262967260248,10.214816276353472
2023-01-02 03:58:00,1671.3342668533705,63.42525477120451,21.077004899295012,141.37255566538818,5.085219243955519,899.4126737790092,2968.90993413048,10.189650730978823
2023-01-02 03:59:00,1671.734346869374,63.51141786131356,21.357141159275134,141.55701780694733,5.102846634299755,902.8771832607516,2951.923248776155,10.17597156391988
2023-01-02 04:00:00,1672.1344268853773,62.3713041663125,20.916131370521267,142.4504286947348,4.904548245900894,899.872049391454,2960.5431932844326,10.184560246462166
2023-01-02 04:01:00,1672.5345069013802,62.584917589167944,20.754911653988906,141.05493867749942,4.933963849895501,895.3411822906212,2961.1707823543275,10.192226113634264
2023-01-02 04:02:00,1672.9345869173835,61.63548944992857,22.222302586379186,140.76617078518885,5.229608478576255,906.7371315868947,2994.393337912851,10.2116220782457
2023-01-02 04:03:00,1673.3346669333866,61.57533992942842,21.491378345119823,141.1490748190229,5.135292325023354,904.5572724892036,2986.62112601676,10.212253198679116
2023-01-02 04:04:00,1673.7347469493898,62.434938089867984,20.54440164667258,142.07056551941017,5.1873099827650595,902.3897129456402,2971.0764623716964,10.207336561100597
2023-01-02 04:05:00,1674.1348269653931,62.02631938891747,21.66631307792303,141.1855421432696,5.112043934454945,903.3746456229298,2980.375737905266,10.211004866537532
2023-01-02 04:06:00,1674.5349069813963,61.3647104037857,22.095006170129658,141.0142783011818,5.24602469128141,909.0429842563625,2990.210096730415,10.231634253916177
2023-01-02 04:07:00,1674.9349869973994,64.48374244445277,19.794140663834643,142.59648580151242,4.904663267302874,897.5896009089428,2950.6534780039688,10.166982084805147
2023-01-02 04:08:00,1675.3350670134027,61.59241331814303,22.121976952424692,140.4350979134569,5.210591673444472,904.2422805872403,3001.4138967561735,10.215436772295872
2023-01-02 04:09:00,1675.7351470294059,60.540829473891954,22.04933393206045,140.55469375280268,5.260141425809009,911.2072793476023,2992.3861636514425,10.224317338941553
2023-01-02 04:10:00,1676.135227045409,63.5814656210137,21.12325108836015,142.4088579648534,5.002789794903819,898.5796033140075,2961.247288152617,10.18606973319526
2023-01-02 04:11:00,1676.5353070614124,61.47681932368167,22.19607481133215,140.82137458333324,5.209893408501487,906.8326362055953,2988.051232846624,10.228420119365119
2023-01-02 04:12:00,1676.9353870774155,62.32929454856528,22.66758932829528,140.38988256247163,5.171169813169416,911.3738680520966,2998.7092246115344,10.2352911395907
2023-01-02 04:13:00,1677.3354670934186,62.601439667973544,20.404295418293557,141.78238792138222,4.778413996366899,901.886836763977,2943.144183041682,10.175164485221345
2023-01-02 04:14:00,1677.735547109422,63.753224406620106,20.118129776672504,141.65107153805658,4.965129106959756,896.259775511596,2953.665662852929,10.176806858443621
2023-01-02 04:15:00,1678.1356271254251,61.99431707863019,21.704884769554425,141.59798070463125,5.147521773685485,898.8175322781141,2983.005883979438,10.204983835095575
2023-01-02 04:16:00,1678.5357071414282,64.67491536563774,20.19384162658865,142.61766581815164,4.940857431463788,901.2550450120578,2933.663930850272,10.171097584235268
2023-01-02 04:17:00,1678.9357871574316,64.65719653080886,20.620198336549997,143.6434761373977,4.901205383392686,893.5685452270849,2930.1297489038534,10.16341055645269
2023-01-02 04:18:00,1679.3358671734347,61.55957370171366,22.163592869311756,141.0674500798601,5.344168870011077,904.976113113786,2980.874767035882,10.202710310377046
2023-01-02 04:19:00,1679.7359471894379,63.88431646355791,21.01720829100994,142.526753701408,4.9501594191395215,897.1273452450137,2940.7815801946376,10.178170843972904
2023-01-02 04:20:00,1680.1360272054412,63.1438688155613,21.258960422815417,141.6644473333723,4.965024940635691,902.8125247690064,2970.502219377232,10.205167261491937
2023-01-02 04:21:00,1680.5361072214441,61.831708732042074,22.22912277755326,140.82553152878603,5.38991558044793,912.5718751723589,2997.980886302772,10.208051487008888
2023-01-02 04:22:00,1680.9361872374475,62.91848036889455,21.39896998839067,141.70828586472933,4.991611708990765,901.4868545056164,2991.0686318314574,10.218348887478756
2023-01-02 04:23:00,1681.3362672534508,61.49340114863284,23.286284374657086,140.02785236867902,5.277554584231415,917.5141466467464,3004.0970124705914,10.249668608809797
2023-01-02 04:24:00,1681.7363472694537,62.741204456619585,22.030529566870282,140.9919685834042,5.165488492011274,903.3196891249494,2972.2017400957598,10.214583790212263
2023-01-02 04:25:00,1682.136427285457,61.45137046441883,22.03225911428533,140.81239706548573,5.2087466388701795,905.6140815392716,3006.098846010002,10.225477155680766
2023-01-02 04:26:00,1682.5365073014605,63.740386815947154,21.216167857498064,142.20007811709775,4.996928070629471,901.421831135682,2960.803362805667,10.203518343196224
2023-01-02 04:27:00,1682.9365873174634,62.052342798157525,21.471286578288197,141.47917941910322,5.137830278116486,903.1637421591714,2988.1438819606024,10.200386440370671
2023-01-02 04:28:00,1683.3366673334667,62.479161180405946,21.660769383945794,140.6023243607024,5.077702025563175,902.6925637953013,2985.177643921562,10.212101340586706
2023-01-02 04:29:00,1683.7367473494699,62.87424101366586,21.595558769952838,142.36344172790604,4.968331318946335,898.7395069635434,2970.189011068825,10.1984592506729
2023-01-02 04:30:00,1684.136827365473,62.531818372813895,22.72931167356263,139.7747342687153,5.40295707847949,902.525149686561,3008.904936090781,10.241218280692921
2023-01-02 04:31:00,1684.5369073814763,63.8623002184709,21.136355756332858,142.36595724289882,4.818035352640265,892.7049652457425,2951.464837619744,10.166169496701857
2023-01-02 04:32:00,1684.9369873974795,63.750567426032994,21.04946597924925,143.10309590769265,4.985575076712633,898.6311540584903,2958.0743822233376,10.189966896458744
2023-01-02 04:33:00,1685.3370674134826,62.45974571107016,21.657205918660285,141.28951922177893,5.099170874877357,904.439897119208,2978.0585517356817,10.187392803332502
2023-01-02 04:34:00,1685.737147429486,60.97032046606931,22.348946679655043,140.37217086312103,5.378620712027411,905.1038232190114,3015.8460315892967,10.253510993501303
2023-01-02 04:35:00,1686.137227445489,64.46690929655901,20.79990509030989,142.5693774282432,4.919027203155261,895.4761484371337,2944.5221399491415,10.158437693586468
2023-01-02 04:36:00,1686.5373074614922,63.345620947789996,20.892881748511396,142.2952439732132,5.018271650729737,899.9348571626297,2969.03660176018,10.181177573679932
2023-01-02 04:37:00,1686.9373874774956,62.99837698233875,21.042584789746492,142.24048507949894,4.957608372809413,898.3173524508537,2935.717520023601,10.168874281561312
2023-01-02 04:38:00,1687.3374674934987,63.92212279216345,20.480950047102873,142.25723991539402,4.923485070590091,892.9155550841689,2928.6399557265127,10.176585788327012
2023-01-02 04:39:00,1687.7375475095018,62.71398962157081,21.43202645698272,141.10867126094362,5.2483687894254745,904.7532653393241,2964.04059998202,10.215743470602275
2023-01-02 04:40:00,1688.1376275255052,63.04958482367894,20.74243792370866,141.17494131716577,5.067852073041986,900.2903949987963,2966.6294729490232,10.190496510036802
2023-01-02 04:41:00,1688.5377075415083,64.03166937770627,20.6628329607521,142.27937231489196,4.948676527203895,900.1353123748972,2940.320920574522,10.182465741565485
2023-01-02 04:42:00,1688.9377875575115,63.36818981423583,21.095370458845668,141.5588166124125,5.098154635024203,896.6386479888915,2986.4031421452796,10.18914559629161
2023-01-02 04:43:00,1689.3378675735148,62.797703344070015,21.665938096814664,141.37550132120768,4.969040644242402,903.5497148683681,2981.593327792463,10.193190193633356
2023-01-02 04:44:00,1689.737947589518,62.43389231085628,22.5452832454946,140.41938449499543,5.213812166081641,902.5008123292617,2998.18444603392,10.223131776581832
2023-01-02 04:45:00,1690.138027605521,63.66864504650435,20.703470527914483,142.25679687220352,4.942087304384098,896.3320371784984,2942.7284063761513,10.195526802599241
2023-01-02 04:46:00,1690.5381076215244,62.381169234006634,22.33981432756483,140.89212882225866,5.195161724111902,902.3695958326839,2981.7836541680094,10.233084390605109
2023-01-02 04:47:00,1690.9381876375276,61.98883056771753,22.60552431978508,140.5672829778459,5.273435916448202,905.0010632155066,3018.0970762656257,10.23871149061859
2023-01-02 04:48:00,1691.3382676535307,63.1803760562283,21.562598203721915,141.47964339615905,5.163281487646998,902.9905359115651,2998.690748891117,10.212165200746933
2023-01-02 04:49:00,1691.738347669534,62.612176683744416,21.073463267583048,141.53891194961852,5.1041320779120865,899.651479037882,2977.464999264674,10.197586817623376
2023-01-02 04:50:00,1692.138427685537,64.91481890462788,20.236748329605717,142.44932020136247,4.847461412110952,898.6511934874371,2920.544734141936,10.17207975625916
2023-01-02 04:51:00,1692.5385077015403,61.427537050730926,23.246330669734522,139.81987375239407,5.385362945346287,915.6609445455595,3018.309562265247,10.26228812440808
2023-01-02 04:52:00,1692.9385877175437,62.096167440877785,22.459671495540658,140.7254464929129,5.098329992707249,908.4941502996486,2998.069330712636,10.224722601968002
2023-01-02 04:53:00,1693.3386677335466,62.87092974381331,21.74356259437671,141.72349020576016,5.234685744882166,906.1230566385634,2982.089207040621,10.215655782908572
2023-01-02 04:54:00,1693.73874774955,64.35418657682762,20.686254518373953,142.7999137685466,4.860440795331349,898.2476241078599,2936.1438586116547,10.167205105088703
2023-01-02 04:55:00,1694.1388277655533,63.37138922119477,20.91194361956852,141.3331663475785,4.89801937522509,902.9690164499102,2981.316314019168,10.18462083056807
2023-01-02 04:56:00,1694.5389077815562,64.70111951436105,20.575665310714694,142.45729397299255,4.860936229389003,897.4170242379085,2951.0126151686536,10.173607433211806
2023-01-02 04:57:00,1694.9389877975595,62.0161712235911,22.908770486508946,140.93417457748217,5.417954139797163,914.1271845773002,2989.247108808184,10.222119134173248
2023-01-02 04:58:00,1695.3390678135627,66.26430295456478,19.646488851159887,143.02248412729278,4.637199396576597,886.4502601850932,2917.8139107008524,10.143840741211935
2023-01-02 04:59:00,1695.7391478295658,61.28373672166227,22.031658361647995,140.89416909912094,5.319958590411126,903.9209991983835,3012.3909962545495,10.21922092582417
2023-01-02 05:00:00,1696.1392278455692,62.5543678501989,22.4307518840671,141.2584100174078,5.310028063975737,901.9208875714405,3000.1852963514625,10.233367913746962
2023-01-02 05:01:00,1696.5393078615723,63.13032643032146,21.127658633313764,140.84401652856724,5.126680979998698,899.4775009718256,2968.341197534708,10.220754809062973
2023-01-02 05:02:00,1696.9393878775754,62.97190594910282,22.44089852324023,140.73651743513255,5.33275305948307,900.9595843977015,2979.069043999333,10.223742309220546
2023-01-02 05:03:00,1697.3394678935788,62.187390002392576,21.954158322584284,140.93009650999352,5.115650100283971,906.5934930806511,2972.4325715732516,10.218836742376814
2023-01-02 05:04:00,1697.739547909582,61.32591099736693,22.724226217130965,140.66897298022215,5.224961443553888,911.1562926149336,3003.5174485488596,10.248797912884616
2023-01-02 05:05:00,1698.139627925585,61.88494257556713,21.719755900402234,140.20717148751146,5.1506216283407555,906.8442969423776,2993.2319921831277,10.234481957069677
2023-01-02 05:06:00,1698.5397079415884,62.26233440764397,21.719131702562027,141.4997603768424,5.259227827037874,901.3034612773806,2997.238518634876,10.23431408548107
2023-01-02 05:07:00,1698.9397879575915,65.69357477193357,19.471761887696207,142.65417493744582,4.67239115241617,888.0226757040518,2911.9755908394436,10.12911944079369
2023-01-02 05:08:00,1699.3398679735947,63.15111610955251,21.76042206056861,141.6911782588793,5.146392274705064,907.3535091917557,2998.95559535912,10.21651734929336
2023-01-02 05:09:00,1699.739947989598,64.74373546120188,20.54549862872685,142.47764624405644,4.916211787919466,896.9595573556337,2964.479841615285,10.181738975838286
2023-01-02 05:10:00,1700.1400280056012,64.17564849126396,21.19525887355055,141.91261388011367,5.061715472347756,895.4677747016834,2950.084526593359,10.185389257530352
2023-01-02 05:11:00,1700.5401080216043,61.702367572108265,23.245651049525687,140.84983963520972,5.256735092402519,903.8557661783699,3009.44143357623,10.243719766279728
2023-01-02 05:12:00,1700.9401880376076,63.000197400336546,21.473269182428908,141.28393547681586,5.0545123627583255,899.0193979534928,2981.74745428268,10.197143263342412
2023-01-02 05:13:00,1701.3402680536108,64.08082978181886,20.817547965728775,141.91235588994763,4.946202709302026,897.9054662710912,2957.5959308275296,10.207707390958534
2023-01-02 05:14:00,1701.740348069614,63.36844493377073,22.505686290806835,141.14262194594278,5.304534038869013,904.604558399409,2987.2435343754464,10.215551463585893
2023-01-02 05:15:00,1702.1404280856173,60.1691127469662,23.230492959858466,139.41914476922653,5.630942523273746,916.3395202615985,3032.976721750643,10.260477575793324
2023-01-02 05:16:00,1702.5405081016202,63.66295911648992,21.15329413195781,141.3354996532619,4.896446863838629,899.7463285440143,2966.2799581134273,10.190682561925913
2023-01-02 05:17:00,1702.9405881176235,62.39700872778302,22.385838134444125,140.3825566094733,5.2539576046439205,907.7092829478531,3007.869757880126,10.223181372286644
2023-01-02 05:18:00,1703.3406681336269,64.78495235232016,21.552670958611134,142.0879128276159,4.770115568743268,900.4395298137043,2971.489748598528,10.184704537688035
2023-01-02 05:19:00,1703.7407481496298,63.01185146954501,22.13166142101197,140.77876444877026,5.25924935537948,900.4814446107888,2990.2764300380622,10.213044017497971
2023-01-02 05:20:00,1704.1408281656331,63.38914625482172,21.444428851518772,141.5521702371797,5.314501396416513,908.2288681577702,2982.4841820069237,10.205238918620493
2023-01-02 05:21:00,1704.5409081816365,62.896183213446456,21.674921806316124,140.73452832833667,4.972944436969122,902.5331011881569,2983.268814114185,10.221071535597943
2023-01-02 05:22:00,1704.9409881976394,64.14167538831408,20.853601734357245,142.94705607482237,4.74376131751982,898.1085083887125,2954.717117942557,10.171977363799042
2023-01-02 05:23:00,1705.3410682136428,63.8230502702016,20.6353331461958,142.98600164192356,4.955722522252065,894.5648687273037,2945.024059114602,10.194348235119934
2023-01-02 05:24:00,1705.741148229646,61.79733542853095,22.581238756700884,140.33505118232998,5.310001077211689,908.3416921013497,3028.551199596109,10.216104550829755
2023-01-02 05:25:00,1706.141228245649,63.62704785151928,21.289211732609303,141.759984701098,5.093946830020013,903.6910398268094,2995.506522073635,10.188735770892796
2023-01-02 05:26:00,1706.5413082616524,63.98957396593152,21.20449492658735,141.8601301591916,4.816876805112573,904.3406504378972,2973.797835628683,10.20102461981292
2023-01-02 05:27:00,1706.9413882776555,63.947732160767224,21.163370173975004,141.51502277137857,5.019309702885177,898.5665858282539,2967.863683929087,10.199730174672013
2023-01-02 05:28:00,1707.3414682936586,63.92282809577492,20.667614127385875,141.7470409838391,5.080773083469419,903.2989928319025,2968.4944907251765,10.203593239880876
2023-01-02 05:29:00,1707.741548309662,63.8549718715512,21.533260836502578,141.81901096773703,5.316516223780992,901.3433892402649,2952.399425327616,10.20308048688843
2023-01-02 05:30:00,1708.1416283256651,65.20181112030667,20.941918364453453,141.33102654580586,5.065419293642816,903.4133730161919,2944.760407921844,10.18329012157778
2023-01-02 05:31:00,1708.5417083416683,61.99864886541934,22.853796950376854,140.68103870617992,5.207016163623489,903.3451418673255,2995.5080272368673,10.236369404115374
2023-01-02 05:32:00,1708.9417883576716,60.81233463895549,23.227300737272106,139.70210607937105,5.489340133654871,914.2684495600986,3026.340956329584,10.244205780321657
2023-01-02 05:33:00,1709.3418683736747,61.87825362743976,22.8485177975285,140.705441104592,5.431421128209095,901.6178289939642,3008.3802813957595,10.245321632321117
2023-01-02 05:34:00,1709.7419483896779,62.90821856483258,22.570218742605167,140.75286369494012,5.250601623002544,908.0411545682437,3012.8120857104873,10.222168158634386
2023-01-02 05:35:00,1710.1420284056812,64.3815298722923,20.7342879625663,142.28123507458938,5.013394668352679,900.938955401101,2947.7775653750027,10.208023317268484
2023-01-02 05:36:00,1710.5421084216844,64.73073824282538,20.374412949516643,142.4988205662584,4.907044538308186,899.5558787714918,2955.5531196585866,10.159377373749546
2023-01-02 05:37:00,1710.9421884376875,63.57900956184922,21.777871808840224,142.3604919441502,5.193939403525534,903.7213506749007,2965.821234937735,10.201273836727086
2023-01-02 05:38:00,1711.3422684536908,64.27885530176977,21.39733549979176,143.01008603523744,5.079775175432545,898.7316068357314,2961.1497051817364,10.207309618036918
2023-01-02 05:39:00,1711.742348469694,64.28981565487157,20.889776880331812,141.58609021389762,5.064786966451478,902.227341166947,2978.8033831265193,10.193669768382943
2023-01-02 05:40:00,1712.142428485697,65.0762678979769,21.05556359694684,142.76120368497652,4.867527819871975,905.3154620382222,2961.978360585709,10.179205482267372
2023-01-02 05:41:00,1712.5425085017005,63.497246717051304,21.695618347541615,141.30834983480014,4.927318463289411,901.3660755301286,2959.8394490648498,10.174280418775878
2023-01-02 05:42:00,1712.9425885177036,65.02882293876839,20.18254020030438,142.4782635208454,4.8379452059825825,897.5458214036811,2953.3844329595395,10.15373901692833
2023-01-02 05:43:00,1713.3426685337067,63.49141233344368,21.731591163659097,141.227820491731,5.068412281208246,901.2564424878201,2979.664717193728,10.212987080680474
2023-01-02 05:44:00,1713.74274854971,64.75895837268688,21.088746950600093,142.401794893394,4.939732007154676,902.0311377051713,2940.325839602284,10.204944744935736
2023-01-02 05:45:00,1714.142828565713,62.58021219672534,21.74607969707234,140.46147367075585,5.312410813521439,907.7244076871375,2981.6017057735216,10.21112057841924
2023-01-02 05:46:00,1714.5429085817163,64.09573583629314,20.955449559080645,142.704945668163,5.135400297870733,897.7436715977856,2961.1047066481765,10.194068492191981
2023-01-02 05:47:00,1714.9429885977197,62.11107498615718,22.7979464322792,140.8962327680628,5.20054906650981,910.6726879684492,2993.578705343553,10.264265636039896
2023-01-02 05:48:00,1715.3430686137226,61.78026249613908,23.142201088927777,140.03980984273724,5.458662287403543,915.004880276732,3037.852400033245,10.264396450225151
2023-01-02 05:49:00,1715.743148629726,63.10280899791776,22.477419319039523,140.66832321573784,5.196712864076856,908.2976499478266,2991.1795968775637,10.235303831597118
2023-01-02 05:50:00,1716.1432286457293,65.28272162206427,21.063732537947157,142.74250298923613,4.943809705433584,897.1313002078857,2959.194917963244,10.17250648169391
2023-01-02 05:51:00,1716.5433086617322,62.52658060958807,23.222694897386358,138.66172522455625,5.1639507891406975,913.8182379513687,3015.521699159717,10.261911534015603
2023-01-02 05:52:00,1716.9433886777356,62.775849753743316,22.803033503135048,141.01135855956204,5.099219494635634,903.4149281274246,3002.6332437266096,10.219349655877705
2023-01-02 05:53:00,1717.3434686937387,62.958537003452754,21.79006920645693,141.2627721426871,5.148663099777417,903.9634293389857,3001.858210179497,10.205838616834297
2023-01-02 05:54:00,1717.7435487097418,62.06767528502945,22.550257062839997,139.55979547674178,5.386315814237875,908.2339385129709,3010.012918588034,10.249706686318907
2023-01-02 05:55:00,1718.1436287257452,64.0861634150001,20.892004756085694,142.40732064960918,4.946620339459353,901.4896529041938,2975.3142975420396,10.177504791597551
2023-01-02 05:56:00,1718.5437087417483,65.21394895242751,20.355357305675156,142.92196917976565,4.914737321993118,892.6125216379496,2953.6485640769038,10.17116755110102
2023-01-02 05:57:00,1718.9437887577515,64.78980296092145,20.88630010663516,141.34948721317824,4.943187560889711,898.2778895127525,2957.2792238235024,10.197971246321947
2023-01-02 05:58:00,1719.3438687737548,62.32193818274633,22.422402576638554,139.4708505058318,5.530377777531878,908.9816229489868,3018.1682619841963,10.238931704050186
2023-01-02 05:59:00,1719.743948789758,64.96270285648109,20.79514493683383,143.2985212556994,5.074217974265534,897.9414523721821,2929.9776031626184,10.179642113945535
2023-01-02 06:00:00,1720.144028805761,62.92827866445226,21.703751092975786,140.7898411390081,5.1492998303372595,906.8592755663202,2988.5679677406024,10.217407352091914
2023-01-02 06:01:00,1720.5441088217644,62.85129642284582,22.007882557583258,141.19114348888365,5.35264293449962,902.895293299681,2996.475362203111,10.225612800066557
2023-01-02 06:02:00,1720.9441888377676,62.139240413952216,22.783326163230686,140.99994174222311,5.372894785829743,912.0790268291616,3009.4061222201362,10.23729619608789
2023-01-02 06:03:00,1721.3442688537707,65.25215434801163,20.797981066723676,142.33925246873923,5.202971934464331,899.6201703355043,2959.2839954933424,10.199132456310197
2023-01-02 06:04:00,1721.744348869774,62.9956129498927,22.225625704363168,141.4922793136462,5.123757126520747,902.5195365533729,2993.7745294622387,10.23691315019097
2023-01-02 06:05:00,1722.1444288857772,63.258733581051615,21.656166882536095,140.22115595730122,5.128179750680379,902.3571282625956,2969.3654302475848,10.21323039340529
2023-01-02 06:06:00,1722.5445089017803,64.81589801389978,21.48338357609371,141.7332736129833,4.912922667589959,904.5327825596789,2951.5588827756046,10.187278023594384
2023-01-02 06:07:00,1722.9445889177837,64.21598440093545,21.466135815610432,139.9218406091162,5.002576049370777,903.5517363013843,2965.8449456315593,10.212916176781327
2023-01-02 06:08:00,1723.3446689337868,62.26421330498185,21.735423494234126,139.80505412661333,5.308301194403508,903.9831051758835,3014.2959188379123,10.229709623220467
2023-01-02 06:09:00,1723.74474894979,61.81207317141741,23.51178050277127,139.28283002333964,5.533456266490287,911.0737672994861,3015.8320175041868,10.263703858735509
2023-01-02 06:10:00,1724.1448289657933,64.17128289573441,20.55465840821544,141.4619914185757,5.081963654474829,902.2387213919634,2960.9223862740478,10.1858412592177
2023-01-02 06:11:00,1724.5449089817962,63.68945007581852,21.2506468864225,141.33424198738902,5.184042390134389,905.4054214069567,2982.6905523077276,10.194423040369186
2023-01-02 06:12:00,1724.9449889977996,63.15474360427134,22.0004585390653,140.72433224643365,5.23392699923328,907.6364275458761,2981.15957050547,10.227771075163204
2023-01-02 06:13:00,1725.345069013803,60.824349098262665,23.840205224278808,138.92435314738074,5.639958341112321,916.6236323706187,3038.410366862531,10.273580954464272
2023-01-02 06:14:00,1725.7451490298058,62.16019706321016,22.94425737187921,139.97958221111122,5.342937526280362,913.8910574732423,3026.30842098245,10.247930504747707
2023-01-02 06:15:00,1726.1452290458092,63.03864912920364,21.997193983059784,140.85664703218237,5.197011007764016,905.871577413637,2993.8812914682735,10.244121060754512
2023-01-02 06:16:00,1726.5453090618125,61.62042415981709,22.84870537603646,139.24998648618185,5.469592910285174,909.8471243456528,3040.7146269970035,10.25741316566608
2023-01-02 06:17:00,1726.9453890778154,62.95077154445872,22.995781596599535,140.1043729671708,5.33523632003279,912.8703571058844,2987.233929264691,10.247067850685145
2023-01-02 06:18:00,1727.3454690938188,62.75926808638988,22.323658799132502,140.45445880730256,5.385284257819707,909.5411510504842,3000.6000257821916,10.238774494818985
2023-01-02 06:19:00,1727.745549109822,63.706489402876805,21.73398986388597,140.58610836483334,5.348250433942426,904.9977448637799,2996.374756550624,10.237934970650253
2023-01-02 06:20:00,1728.145629125825,64.93038613185112,21.020734615258167,141.33002619019092,5.1669932041081115,900.3219914518066,2966.684261847388,10.188369935172835
2023-01-02 06:21:00,1728.5457091418284,64.95098185260507,20.332577445434577,142.8707829276637,4.814563822699526,897.3235311122507,2942.265611034688,10.19162901754716
2023-01-02 06:22:00,1728.9457891578315,61.612105524320626,23.051773722241993,140.0451363283456,5.462148661195392,911.6342875807997,3019.322261496361,10.26262620296553
2023-01-02 06:23:00,1729.3458691738347,62.83441481751295,22.780722020305966,140.0025223814182,5.23445372082527,909.0117620750383,3013.0277483305467,10.2343845596778
2023-01-02 06:24:00,1729.745949189838,65.64689698967572,20.708515781989302,142.05285392591676,5.077037371588261,895.4650349116059,2956.451668694534,10.188391891324764
2023-01-02 06:25:00,1730.1460292058412,63.05801636064597,22.481664335033756,141.17732650999946,5.329031996183501,912.4476730708664,3001.3678760252424,10.237670874584435
2023-01-02 06:26:00,1730.5461092218443,60.95773270306659,24.003661574677427,139.21050299722688,5.720622941610686,915.8885986911489,3060.6614498440676,10.273156744500318
2023-01-02 06:27:00,1730.9461892378476,63.13520711433346,22.42969705586184,141.11312817092093,5.363633488153082,900.6658067362439,2992.7500596181135,10.221988729864856
2023-01-02 06:28:00,1731.3462692538508,63.89376032467867,21.647770839510205,141.2088230337162,5.130130687668365,901.3213469947648,2982.445684652005,10.199344386734623
2023-01-02 06:29:00,1731.746349269854,63.230897247973736,21.651219259187524,140.45615801505318,5.31321783442041,905.4115684954457,3007.9690679435557,10.247205779019671
2023-01-02 06:30:00,1732.1464292858573,65.48149261057708,20.989483747427954,142.43168239474466,5.0573936441469876,892.0853345754847,2971.265237722744,10.19556758880898
2023-01-02 06:31:00,1732.5465093018604,63.871908725369124,22.025213361995824,141.0456684108413,5.1706681369911,904.5966003732134,2982.395331695992,10.241154562226036
2023-01-02 06:32:00,1732.9465893178635,61.83959587602345,22.831221627474488,140.06002444150985,5.352239004245495,913.3866503203801,3016.112282067173,10.247808014983399
2023-01-02 06:33:00,1733.3466693338669,64.13292887475595,21.355884143854954,141.54975385293153,5.066972777136524,901.4919440643077,2968.4406620994623,10.201278704689
2023-01-02 06:34:00,1733.74674934987,64.78404587048624,20.71069365183357,143.26717073452176,5.16696731531317,901.3233026802059,2967.196238891102,10.185121340859867
2023-01-02 06:35:00,1734.1468293658731,62.401457137982696,22.320507336607086,140.27772119004362,5.256620700168284,909.3548833277235,3008.149131574215,10.246489569906132
2023-01-02 06:36:00,1734.5469093818765,64.19366331999721,22.139723818036263,141.04757234770085,5.12022860462761,900.9323252266627,2987.9578648351994,10.215063608405146
2023-01-02 06:37:00,1734.9469893978796,62.04548812623297,23.392951099639866,139.2875067354942,5.571174456053348,910.8832994757091,3015.5134704418524,10.236165170630237
2023-01-02 06:38:00,1735.3470694138828,62.00743162869699,23.708864686642862,139.87414985121143,5.500078515028669,909.9962799450718,3037.6179198973023,10.26553567781432
2023-01-02 06:39:00,1735.7471494298861,63.423784840815664,22.587846741165865,139.69978804758588,5.368568704760482,911.195462714951,3011.763706393392,10.217698186214134
2023-01-02 06:40:00,1736.147229445889,62.13082789054732,23.408380089518577,139.8308160108049,5.351676172715878,915.3266864273527,3024.795779900076,10.271652521269628
2023-01-02 06:41:00,1736.5473094618924,63.621807428852854,21.52313963858701,141.09632057764549,5.233221290646308,901.492120436688,2985.0825063348275,10.216249982099843
2023-01-02 06:42:00,1736.9473894778957,63.16447613348261,21.8267055888139,139.90777587523777,5.348396729560292,899.8770999485075,2998.531311258527,10.225294918113358
2023-01-02 06:43:00,1737.3474694938986,63.26143921046379,21.914530553351003,140.14108650078194,5.270080844727579,908.5680366385653,3006.508248213991,10.233150265393643
2023-01-02 06:44:00,1737.747549509902,64.96438399441219,21.308126257797596,141.82150825916526,4.937005786698881,897.5738441934742,2974.4953916526165,10.181470103853833
2023-01-02 06:45:00,1738.1476295259054,64.3673326127091,21.91959944137086,141.83433697755692,5.249659937249751,904.6339196490915,2986.854449568485,10.210424539940938
2023-01-02 06:46:00,1738.5477095419083,62.42942751660179,23.36162767561648,140.37652129989473,5.319219124686816,906.6770957691709,3012.841781188058,10.246282501560382
2023-01-02 06:47:00,1738.9477895579116,64.9151385928133,21.4476433473882,141.626119787519,4.932061864944751,900.7670350346989,2963.310050551552,10.19232100364699
2023-01-02 06:48:00,1739.3478695739147,66.7094090048977,19.703803523517006,143.53973635356715,4.749683106850546,892.6264656479837,2933.0897272979746,10.167112456777302
2023-01-02 06:49:00,1739.7479495899179,63.01073860627555,22.92116910585123,140.24021837220582,5.47777236121998,901.1623000912293,3013.9352125411165,10.250258798032256
2023-01-02 06:50:00,1740.1480296059212,62.998499004048405,22.93150853021935,139.56474383595406,5.416158266122681,913.9488782514017,3015.0424987305505,10.247165753554217
2023-01-02 06:51:00,1740.5481096219244,63.06711691714517,23.178309667545417,140.03948662122812,5.345696208928518,909.687416869696,3025.9546733484176,10.245897650839149
2023-01-02 06:52:00,1740.9481896379275,62.669928947396514,23.589638516308842,139.3321925237814,5.23000564290341,909.5587532125104,3025.458528303412,10.239983580644788
2023-01-02 06:53:00,1741.3482696539309,61.58410767574845,24.3672976469171,139.6415941355779,5.584209211965521,916.8363393527837,3034.60633366857,10.273528541341046
2023-01-02 06:54:00,1741.748349669934,63.77537171643431,22.325397180514056,141.28451699395586,5.250800506208805,905.5387983336215,3012.7821647823193,10.226517913998586
2023-01-02 06:55:00,1742.1484296859371,66.95557366504225,20.31098994152112,142.41858425046502,4.790031994124591,895.2502861752325,2939.3983536394294,10.162033099349586
2023-01-02 06:56:00,1742.5485097019405,62.920687829454714,22.77907337979793,140.6182219281458,5.47913081349769,904.218550386339,2997.1830840563384,10.227046644678031
2023-01-02 06:57:00,1742.9485897179436,63.3405002062359,22.83840950263145,140.05442898356316,5.406419698304544,910.4860965190927,3020.3625466961416,10.256560423929376
2023-01-02 06:58:00,1743.3486697339467,62.68340762305981,22.458483734504192,140.8065491791021,5.10816500680175,902.9437380937758,3011.6219866904485,10.24601821824219
2023-01-02 06:59:00,1743.74874974995,63.775307997747845,22.17784606615693,140.40164622897873,5.154046967055389,904.1460064159368,2981.9395901134,10.20615525243114
2023-01-02 07:00:00,1744.1488297659532,63.13366275218168,22.628439944527198,140.41436099051862,5.4372973916289284,914.4999364917619,3012.0236872100645,10.242724124560995
2023-01-02 07:01:00,1744.5489097819564,65.76423597326807,21.184576390257785,141.33486982989643,5.023484598872039,894.6880561138568,2959.0435003084863,10.197981383267496
2023-01-02 07:02:00,1744.9489897979597,63.39056239000159,22.112502187043678,141.32314183175362,5.196513554411108,904.3295616096376,2993.1608300658163,10.231849388244262
2023-01-02 07:03:00,1745.3490698139628,61.78355808205383,23.115661589040958,140.15883008024798,5.4631572158167465,906.6345643999207,3034.559086681226,10.261821226727015
2023-01-02 07:04:00,1745.749149829966,63.16996872459658,22.760184717714317,139.91277953855223,5.163063077189539,909.4129848016454,3007.405567623905,10.246226086094227
2023-01-02 07:05:00,1746.1492298459693,66.1750158705742,21.51866442965492,142.48242448125737,5.01945739855839,901.3068401766327,2972.4508819390135,10.196339579987148
2023-01-02 07:06:00,1746.5493098619722,65.0413490039251,21.681158509115615,140.55653614457114,5.091701320074654,904.146370241519,2966.950120803548,10.219236507177998
2023-01-02 07:07:00,1746.9493898779756,64.11292460088652,21.938902787758806,141.63685322913187,5.206061661790253,902.6865369876848,2996.576218073706,10.206296056598996
2023-01-02 07:08:00,1747.349469893979,62.09233720354146,22.884222110011862,140.93370159274085,5.419326341442468,903.1497287490627,3006.4130704664976,10.246241850666856
2023-01-02 07:09:00,1747.7495499099819,62.10118334734511,23.67531332630245,139.63535082764082,5.657244137248707,910.2444045178719,3026.2888990583833,10.257238117590074
2023-01-02 07:10:00,1748.1496299259852,62.304599012765486,23.378348401667907,139.42463656799305,5.424590273858604,917.3887630800549,3033.406080039993,10.275208825470115
2023-01-02 07:11:00,1748.5497099419886,63.50790281685336,22.465088564733627,140.79619965970645,5.14860400545619,909.7369970579831,3004.129287658119,10.220216838072586
2023-01-02 07:12:00,1748.9497899579915,61.16626316277939,23.66947105280108,138.71392865495613,5.572511628367858,916.3004359271924,3041.7887111519626,10.283610654520004
2023-01-02 07:13:00,1749.3498699739948,63.98822227779497,21.939304621309894,142.1332874012213,5.165229628805715,906.5311976176407,2985.8860379629778,10.21653577095831
2023-01-02 07:14:00,1749.749949989998,61.370246914347675,23.61904648027183,138.88634314208835,5.511877138612184,912.5360924447808,3033.7480763986787,10.282135977564211
2023-01-02 07:15:00,1750.150030006001,64.31439416469692,22.605909411330867,141.19371998038804,5.445236441715628,911.5842855709691,3003.351906957164,10.238342307736518
2023-01-02 07:16:00,1750.5501100220044,64.04878793165184,22.613805862933198,140.06365027662162,5.3374177236648634,906.1426781854373,3009.9847051569805,10.239368712677946
2023-01-02 07:17:00,1750.9501900380076,63.05499382743834,23.021360822359433,140.7367354442192,5.627267563628209,912.5048946793418,3010.081674370666,10.271459414592663
2023-01-02 07:18:00,1751.3502700540107,63.55654269904205,22.730488867749916,141.48290642000327,5.313065496386961,904.0686335782912,2997.552122414864,10.228672455545906
2023-01-02 07:19:00,1751.750350070014,62.66126179550813,23.09160075744609,140.21505327288628,5.294699817161805,910.1700423152743,3018.7078932255436,10.258598971442412
2023-01-02 07:20:00,1752.1504300860172,62.80738465039606,22.98133038036703,140.07500521992168,5.350652614691966,914.9771983997209,3017.6563451183724,10.263769827779479
2023-01-02 07:21:00,1752.5505101020203,63.65959158661913,22.624758817178517,139.58638241758325,5.505099949876362,907.6152811159164,3016.4070646983187,10.257323417194712
2023-01-02 07:22:00,1752.9505901180237,63.32820792979522,22.714868860609638,139.5013846942382,5.294784151515775,912.852631017814,2989.476429264232,10.24204995689218
2023-01-02 07:23:00,1753.3506701340268,63.20478273743682,22.42190152203912,140.28701294092582,5.442542276118736,906.7857102597769,3010.0360603008276,10.243512352764057
2023-01-02 07:24:00,1753.75075015003,63.713827654822985,22.7464723850827,141.0247947185531,5.316923409759516,906.4026924397488,3017.31406859259,10.235069408449414
2023-01-02 07:25:00,1754.1508301660333,62.865055790492804,22.976759482141063,139.4904976385483,5.374687684723576,912.1795806924478,3016.7852800791916,10.254089032101543
2023-01-02 07:26:00,1754.5509101820364,62.01321822492584,23.688885670675965,140.26648204362596,5.736773195690234,918.6335686343567,3043.864790850807,10.266712775981835
2023-01-02 07:27:00,1754.9509901980396,64.84250108549466,21.860505395941892,140.79614443005454,5.119212959729618,903.5150082404347,2975.2134228923633,10.213331048883525
2023-01-02 07:28:00,1755.351070214043,63.112498355170985,23.37837208124224,140.04952244653194,5.348030494372622,913.069238074842,3002.7767766104366,10.266631475729248
2023-01-02 07:29:00,1755.751150230046,64.27700501906692,22.580810351793698,140.81383506090316,5.2575815460427595,910.1950826866185,3002.2361270540773,10.225872817572673
2023-01-02 07:30:00,1756.1512302460492,64.12337329061883,22.199730381929875,140.73308988907618,5.196007197432127,903.9473879675592,2995.219161766899,10.227542656619095
2023-01-02 07:31:00,1756.5513102620525,63.83259098657064,22.69709474312668,139.6606425455303,5.490278057593082,902.2762581081415,2995.106295725899,10.22226899496471
2023-01-02 07:32:00,1756.9513902780557,63.036726138788666,22.230267039955912,139.85649185703238,5.486729574433861,908.798287816899,3020.703906641652,10.24486922353451
2023-01-02 07:33:00,1757.3514702940588,63.05034316315483,23.358993664371383,140.30399214671002,5.313360049300127,913.4615925822684,3008.1036591425036,10.252141533101048
2023-01-02 07:34:00,1757.7515503100622,62.72861205694506,22.97130234642479,140.18845501987647,5.31790264916973,907.016084515787,3004.0352057046985,10.247801063280018
2023-01-02 07:35:00,1758.151630326065,62.918865491049466,22.867429352242425,140.48151296296496,5.179315985286123,912.9249480218848,3004.900823048955,10.259280581343146
2023-01-02 07:36:00,1758.5517103420684,62.86941391238715,22.605323787252306,140.505686264518,5.402832231596027,909.3034332747658,3003.749393298354,10.234083872399545
2023-01-02 07:37:00,1758.9517903580718,62.13890121648954,23.426948920574052,139.32159163899738,5.462940710628978,919.3591228437488,3036.222987210105,10.259187395741888
2023-01-02 07:38:00,1759.3518703740747,65.00864024110031,22.217418918736918,140.48417116377877,5.21630076239642,911.9381791191697,2987.8020500505536,10.216909401669149
2023-01-02 07:39:00,1759.751950390078,61.850715412939955,24.084382600090986,139.87940006766013,5.413903660599749,919.1471471207568,3051.9521103596094,10.292091941937368
2023-01-02 07:40:00,1760.1520304060814,63.27145637495259,23.157134338579677,139.36565250733975,5.404591237338301,905.6404534757179,2985.9864520390174,10.251686342938465
2023-01-02 07:41:00,1760.5521104220843,64.11319668795053,22.12381360505276,140.35998376292122,5.444045699451935,899.7874295389819,3008.358072724947,10.216100270720098
2023-01-02 07:42:00,1760.9521904380877,65.4443591398173,21.46687150554836,140.82919421856016,5.150343043671366,903.7008489691193,2986.818318006412,10.223297141422389
2023-01-02 07:43:00,1761.3522704540908,63.194361787752385,22.850462946136226,140.5813274380706,5.294110412074882,912.3393746992142,3010.2091287663925,10.244852967773069
2023-01-02 07:44:00,1761.752350470094,62.747210439181416,23.47163818109589,140.41782899347587,5.466767759491314,913.7403416472582,3010.1707205042667,10.266123661429429
2023-01-02 07:45:00,1762.1524304860973,61.645299823016956,24.11043582063882,138.80367294645717,5.650629205635321,915.1345233065377,3029.65403654926,10.299119921210002
2023-01-02 07:46:00,1762.5525105021004,62.70867207737833,24.136655667039168,139.42267798719385,5.785828899219912,910.4132702161367,3042.636516716643,10.260990321181145
2023-01-02 07:47:00,1762.9525905181035,64.88487289633842,22.139681423834517,141.0846457253171,5.194826180533052,908.5461906311635,2995.881204343105,10.239724539515727
2023-01-02 07:48:00,1763.352670534107,63.495538917488055,22.918050727902646,140.9837387282419,5.278627722572431,915.9323313983771,3016.7192092154187,10.246805889920477
2023-01-02 07:49:00,1763.75275055011,63.80859070014651,23.119489274787416,139.19489200146378,5.401115427532495,908.346706542758,3013.4638589886713,10.24341043948921
2023-01-02 07:50:00,1764.1528305661132,60.91326634351388,25.146327967843675,138.5915520229974,5.822007757873243,923.6955650128953,3072.646314371123,10.304963400548765
2023-01-02 07:51:00,1764.5529105821165,64.02749455712132,21.942320433384157,140.84116536264423,5.331433949089279,914.8335346911491,2993.397201865669,10.218487903543902
2023-01-02 07:52:00,1764.9529905981196,62.515903584932424,23.558042925730852,138.92113379923558,5.685822913287137,915.4759430148799,3037.1278535511756,10.276604109783632
2023-01-02 07:53:00,1765.3530706141228,64.20826672823797,22.330091059145083,140.73904387739185,5.487434331485777,906.965281675104,2999.5425638232377,10.230295165668663
2023-01-02 07:54:00,1765.7531506301261,64.46557051991294,22.819026205936545,141.499070817355,5.112558091787402,905.9287008624682,2984.4325656876313,10.206758797834027
2023-01-02 07:55:00,1766.1532306461293,62.27738864931968,23.961090562911078,139.25205022456805,5.5732434374447415,916.04421043554,3057.7532217572807,10.27472201791842
2023-01-02 07:56:00,1766.5533106621324,61.531191780359315,24.208004315875883,139.8347111041791,5.500903178686663,922.1108442849285,3037.309999248035,10.298717378969231
2023-01-02 07:57:00,1766.9533906781357,63.81436851947277,22.68806621018961,140.5611801626496,5.375053513441806,906.7195814048328,2983.855911652231,10.233300040792605
2023-01-02 07:58:00,1767.3534706941389,63.71482128002984,23.24451998108365,140.06201128140557,5.317414180674667,910.4569272044283,3000.8315059056936,10.238735932626378
2023-01-02 07:59:00,1767.753550710142,63.36301153191038,22.978723573756604,139.98156256834494,5.490197169735834,906.08476363042,3021.577523880452,10.252315234762376
2023-01-02 08:00:00,1768.1536307261454,63.301933791509406,23.47324651484983,140.15254715223517,5.394357333014596,910.8495793371036,3018.9640475338156,10.261384810625637
2023-01-02 08:01:00,1768.5537107421483,62.59960760506733,23.38136679526989,139.24441271907938,5.749500063047864,912.1246835643989,3020.4010119667655,10.272166729860905
2023-01-02 08:02:00,1768.9537907581516,63.13307408255595,22.683111967811747,140.09366607729783,5.254452651736148,911.3636665492351,3015.3416768430825,10.235046888007616
2023-01-02 08:03:00,1769.353870774155,63.30786171851176,23.487844884141513,139.86981613103552,5.549097290111587,906.6520464294131,3017.1361142078076,10.228707879903032
2023-01-02 08:04:00,1769.753950790158,62.26183672369841,24.223167977930984,138.71281067175903,5.7713593490387325,920.8889922040987,3054.7918804550995,10.277588108418506
2023-01-02 08:05:00,1770.1540308061612,61.65895133783376,23.60838022569697,138.70854819172425,5.683199315406329,913.9779874387351,3050.9324082264366,10.290156046152063
2023-01-02 08:06:00,1770.5541108221646,61.28820637284753,24.297141487660923,138.51515040195238,5.671952584649564,926.0668194922708,3087.018999340718,10.310445519973374
2023-01-02 08:07:00,1770.9541908381675,61.44685334494949,23.95460572861922,138.65958824726906,5.729324142245758,921.9332853397884,3036.7888376712585,10.277976168651394
2023-01-02 08:08:00,1771.3542708541709,63.22483344043847,23.42705076465192,139.88042664940568,5.5217436461806555,914.927679501495,3009.410081126134,10.260433210751433
2023-01-02 08:09:00,1771.754350870174,63.05236144630946,23.699851041662694,139.49574664371934,5.354895765953409,909.4839140021921,3037.481499989052,10.273767142955647
2023-01-02 08:10:00,1772.1544308861771,62.80093472508578,23.246305530199898,139.46168903165233,5.64724906384648,910.9623040179323,3035.7344205084514,10.258966176332935
2023-01-02 08:11:00,1772.5545109021805,62.63845668524842,24.358218670739273,139.53969628855012,5.651361289767907,915.3936591177406,3037.0488938562544,10.296644768036348
2023-01-02 08:12:00,1772.9545909181836,63.24888928144783,23.329491803080707,139.4882319581377,5.664587648571676,911.2068559120509,3016.2023584493877,10.262846099900571
2023-01-02 08:13:00,1773.3546709341867,62.76389903600255,24.078206479873575,139.6003810878924,5.563957112523977,919.7113673873557,3039.0711407204626,10.2761468891311
2023-01-02 08:14:00,1773.75475095019,63.1757655326038,24.157338500121853,139.2582220752538,5.599786341875738,912.6608230454499,3044.2591341043403,10.258525823118337
2023-01-02 08:15:00,1774.1548309661932,62.99354787362038,23.51717839045851,138.35226812435056,5.468289301010803,912.5636881037766,3024.8329047680027,10.261209608358794
2023-01-02 08:16:00,1774.5549109821964,62.33635630139946,23.684448837568908,139.17603142183225,5.555211777537513,911.7423406928094,3031.9498411355703,10.277871044937323
2023-01-02 08:17:00,1774.9549909981997,63.5479413739945,23.114828420575,138.93597047347015,5.43004365353426,909.2104335823464,2997.5500240213173,10.234839469198699
2023-01-02 08:18:00,1775.3550710142028,62.68922681851574,23.743940489890182,139.17923670457816,5.536478467363381,916.5281276733284,3033.409660909628,10.265072993733277
2023-01-02 08:19:00,1775.755151030206,60.301900692529536,25.460185568976353,138.47011322189556,5.820323280439559,919.1599555033988,3075.9091301167923,10.316982877729728
2023-01-02 08:20:00,1776.1552310462093,61.673818345024266,24.64474526736493,138.0462585782907,5.435224690894769,919.8842794753986,3071.371375405268,10.30361956331783
2023-01-02 08:21:00,1776.5553110622125,63.07450435053807,23.545651085497322,138.2600109145901,5.480933609750079,916.1112822458033,3027.919012905618,10.261820168952557
2023-01-02 08:22:00,1776.9553910782156,62.266163471135755,24.19842602345583,139.94666620383722,5.660801074552529,910.3141027198503,3044.9564317160957,10.275372309401929
2023-01-02 08:23:00,1777.355471094219,62.86891397467927,23.528346543555585,139.2944759490283,5.378510490128053,909.3098581287823,3021.4249588564435,10.25017020518032
2023-01-02 08:24:00,1777.755551110222,59.88097530670614,25.369721268506733,137.5069694144598,5.836304938149238,925.1869861043689,3083.840959797201,10.328958669053755
2023-01-02 08:25:00,1778.1556311262252,62.59301943776432,23.90034204297584,140.2267586987439,5.309446331091547,916.1326721094265,3041.903379495561,10.273258576168512
2023-01-02 08:26:00,1778.5557111422286,60.81443075264723,25.24237420648764,137.98434816286027,5.930957092551826,927.725407320305,3095.324033483465,10.298721461671853
2023-01-02 08:27:00,1778.9557911582317,63.988725164037696,22.737704671501422,140.71403469073164,5.253924003956771,907.0317161837314,3027.2382532242186,10.232562784290401
2023-01-02 08:28:00,1779.3558711742348,62.514970269844525,23.84723237437798,139.65561422376885,5.71086435643752,919.6963668838604,3041.831729306384,10.282207364734479
2023-01-02 08:29:00,1779.7559511902382,63.41429308282558,22.77686708224657,139.31110721817333,5.450226321577181,908.8001601142493,3009.652987778296,10.273911540901702
2023-01-02 08:30:00,1780.156031206241,61.3426115210022,24.750574767968164,137.67685077347502,5.786807066960338,919.2752356358865,3062.608599655073,10.30435990670345
2023-01-02 08:31:00,1780.5561112222445,65.22614845263404,21.84041393271577,141.49167092587115,5.250742979503624,905.8298776232264,2997.164853536882,10.215523036597494
2023-01-02 08:32:00,1780.9561912382478,61.95347625753126,24.404575625869665,138.3835178185414,5.605921258216124,920.5011349639082,3053.2428168285664,10.285282602518684
2023-01-02 08:33:00,1781.3562712542507,64.9242407054845,21.484432210183364,140.65173865881712,5.1263173947857625,903.2426461903001,2983.2044924224883,10.208089618657404
2023-01-02 08:34:00,1781.756351270254,62.88156410785153,23.213882723968567,138.76527508957216,5.618485112016437,913.1584567246855,3025.239166153523,10.276150428084188
2023-01-02 08:35:00,1782.1564312862574,61.16674925403535,25.00977735087281,138.335466068604,5.824785532820193,915.6175137587304,3049.6923538278907,10.304322849773095
2023-01-02 08:36:00,1782.5565113022603,62.59594052235128,23.577485401559166,138.87100255858206,5.693666442599423,917.4533927655563,3052.818871858551,10.292692979389924
2023-01-02 08:37:00,1782.9565913182637,62.29092095271637,23.03682661700571,138.90645538354067,5.50498482675796,917.2781008268199,3045.1187518695856,10.26544367090022
2023-01-02 08:38:00,1783.3566713342668,63.20352714121468,22.671318849775457,139.43271492706683,5.386362260688623,914.0548792396031,3049.5875045292933,10.243147059411148
2023-01-02 08:39:00,1783.75675135027,61.396007807937025,24.891193370874838,138.79015535597205,5.620145829677924,914.7204529754619,3057.4344894524133,10.306024945808026
2023-01-02 08:40:00,1784.1568313662733,62.261136969853425,23.450603808010968,138.608003036463,5.707593888579225,915.4489241093662,3035.1333708684583,10.293453095841762
2023-01-02 08:41:00,1784.5569113822764,62.35474736839493,23.583641239384704,138.8264583773487,5.409104634197773,919.646985822297,3035.0880457060716,10.266232822152194
2023-01-02 08:42:00,1784.9569913982796,62.690363435956044,23.292146384512044,138.1772566968058,5.35432393097251,915.7858649423599,3034.547755092287,10.268132474910145
2023-01-02 08:43:00,1785.357071414283,62.136516736580745,23.79706643829921,140.0897949238393,5.406696855530594,916.0649279047124,3055.1772914942953,10.284274377711586
2023-01-02 08:44:00,1785.757151430286,63.13588040024172,23.577689887373477,139.76241585790964,5.355905239043236,914.9978271585732,3042.8892856933912,10.268732523424179
2023-01-02 08:45:00,1786.1572314462892,62.523495209698986,23.97756881050601,138.6308012108124,5.795436505363374,919.0015175885864,3033.1131342673343,10.283970317029617
2023-01-02 08:46:00,1786.5573114622925,61.61723864536104,25.061389706800355,138.04590996519232,5.82133294253577,920.4676202694551,3056.2195526646137,10.280445447050855
2023-01-02 08:47:00,1786.9573914782957,61.15631018702701,24.404533620459105,138.24118818286618,5.679062519910941,919.3986701553077,3048.9987337672246,10.291704466271593
2023-01-02 08:48:00,1787.3574714942988,61.36211437334311,24.554288229403976,138.40678864188206,5.749478031383729,922.7220218342859,3064.856634491392,10.296633977680527
2023-01-02 08:49:00,1787.7575515103022,64.53938703833126,22.38963525701244,140.07396183212646,5.408990928726684,903.071665002301,2990.613385605128,10.221653883486582
2023-01-02 08:50:00,1788.1576315263053,60.2577621447963,24.88344401751217,136.54722508940503,5.938479667920235,927.5018295831165,3068.621173741581,10.303845042151588
2023-01-02 08:51:00,1788.5577115423084,63.16982021578746,23.2768570651573,139.60608197545835,5.656461642133467,908.9089377773807,3001.369488674298,10.25078496200732
2023-01-02 08:52:00,1788.9577915583118,64.3060855462195,22.709843725466037,139.3885258607182,5.368360542587658,911.4840932568098,3019.695834019644,10.23611818632157
2023-01-02 08:53:00,1789.357871574315,63.074874930868575,23.703144607216,139.49483808600274,5.479168680957203,913.7856804900388,3044.50938415007,10.268006239385155
2023-01-02 08:54:00,1789.757951590318,63.49100567649946,23.651203908850224,139.40543709902244,5.456669881598004,913.3918880913772,3027.9666756233314,10.280433057084693
2023-01-02 08:55:00,1790.1580316063214,63.18738867394963,22.721189165320475,139.17704511783867,5.491906647727856,916.8680792102432,3024.015811321013,10.257077798030878
2023-01-02 08:56:00,1790.5581116223243,62.11294509640203,24.520350025678233,138.60418745432375,5.754785861725874,919.6450874023993,3041.9674750305976,10.27959478106829
2023-01-02 08:57:00,1790.9581916383277,63.30302937982054,23.848175135114534,140.65448320548072,5.475770658770398,911.9808655789358,3020.53840488279,10.267548111621918
2023-01-02 08:58:00,1791.358271654331,62.467189869260075,23.83246893464788,139.50206907390717,5.572704457701836,921.2342360761385,3032.083317880596,10.283900089325126
2023-01-02 08:59:00,1791.758351670334,58.841293969285424,26.238213558053513,136.26627444103204,6.302298531147978,934.233576091893,3099.2001316299234,10.363208048257976
2023-01-02 09:00:00,1792.1584316863373,62.423738275534724,24.556732584790225,140.04105089503048,5.708957109441429,914.8623193544155,3059.817630950252,10.257940787326012
2023-01-02 09:01:00,1792.5585117023406,63.23610578681607,23.99504405907758,138.97360210579683,5.4980410077850985,906.5485420460286,3001.6809566862116,10.258354823185273
2023-01-02 09:02:00,1792.9585917183435,62.409347573485036,23.840455997217983,138.70255801689675,5.533078040472738,916.3519667820415,3045.4703325753476,10.271015439391956
2023-01-02 09:03:00,1793.358671734347,61.641482705094894,24.934471405828006,137.9446673242519,5.824572098765556,926.6509351084329,3072.8353379901837,10.301746428901986
2023-01-02 09:04:00,1793.75875175035,60.90437308618714,25.727288828709927,136.48323430930046,6.060048189844822,928.714314583384,3106.5728469538763,10.343073770578378
2023-01-02 09:05:00,1794.1588317663532,61.40966254103967,24.65561359891373,138.7371763166266,5.8061937366207435,928.1434310474764,3071.848895056478,10.309304769317594
2023-01-02 09:06:00,1794.5589117823565,61.097675264264346,25.12674058651772,137.87749766922894,5.773018348650484,921.9538518315713,3071.99572691675,10.30251844642539
2023-01-02 09:07:00,1794.9589917983596,62.84296950883582,24.485290110433297,138.63421802738156,5.578993175576346,916.1447048493155,3034.4702569738274,10.281585907284935
2023-01-02 09:08:00,1795.3590718143628,60.807387138262335,25.779848112744816,137.3934387647264,6.025010884837023,927.0654943268004,3095.7010958510937,10.334837501129877
2023-01-02 09:09:00,1795.7591518303661,60.157224917786394,25.681764206409625,137.07925335937767,6.201646838883689,929.0206819794311,3089.4183394676124,10.330588963605017
2023-01-02 09:10:00,1796.1592318463693,62.6233358584484,23.894032851807957,139.10264729192048,5.462085482317348,917.4816534821649,3025.2462034910477,10.28252958190803
2023-01-02 09:11:00,1796.5593118623724,63.863775466447244,22.91222291101019,139.28335986603082,5.463691028980944,916.3860072143746,3012.2926955838075,10.258680303481404
2023-01-02 09:12:00,1796.9593918783758,62.12248542149764,24.47301367738824,137.78894472274683,5.712381870808478,925.0702869995259,3047.010516730021,10.300065059906746
2023-01-02 09:13:00,1797.3594718943789,62.64480540520481,23.238633983436085,140.47411188112136,5.5280517885544525,919.4455625759742,3023.1214628769967,10.27341832257698
2023-01-02 09:14:00,1797.759551910382,60.54358478241744,25.10148048409105,136.91116482499794,6.09330463898529,926.9133051093936,3081.852228178341,10.33326997763717
2023-01-02 09:15:00,1798.1596319263854,62.66541425739859,24.462277779315265,139.6080027568195,5.693666881018044,917.0457158783522,3047.8141007867093,10.285675343546043
2023-01-02 09:16:00,1798.5597119423885,61.786435688030096,24.062055967776928,138.55032449223543,5.547891961185686,917.5035882434049,3049.557151840566,10.268403314535343
2023-01-02 09:17:00,1798.9597919583916,61.01774574633109,24.547122507024312,138.615076560693,5.8911949454879435,923.1820133322844,3065.604024712538,10.301325989538418
2023-01-02 09:18:00,1799.359871974395,61.87972527924107,24.49568875665562,138.77288832747624,5.814486848802919,919.7542021308278,3043.5682019772707,10.277238610646437
2023-01-02 09:19:00,1799.7599519903981,62.87493556944121,23.69442871734615,139.45613662018388,5.506473646966776,913.2052912989021,3018.8164317439064,10.265676611425162
2023-01-02 09:20:00,1800.1600320064013,60.56434006790879,24.865083385502214,138.26579569980683,5.752418804899169,921.6974517654868,3062.110720289736,10.3291971008975
2023-01-02 09:21:00,1800.5601120224046,61.89365881539148,24.825730721485346,137.71769678652038,5.777631392971392,922.0504950139301,3063.67820870169,10.283289768641694
2023-01-02 09:22:00,1800.9601920384077,63.237757414464994,24.091481421167714,138.8052088485518,5.59897037508824,915.0907707035753,3046.9209162313596,10.263959050243235
2023-01-02 09:23:00,1801.3602720544109,61.42414598965814,24.88887332652583,137.42072083897597,5.780247018835726,921.9615081042803,3077.05358003294,10.313553877714329
2023-01-02 09:24:00,1801.7603520704142,62.18482436011182,24.633101571820127,138.50485015977858,5.866753264438634,919.8719046934134,3067.4407428466734,10.306326128399931
2023-01-02 09:25:00,1802.1604320864171,60.800526323522284,25.17002535588378,137.1657830728538,5.82815662863131,920.8299130524404,3085.472649072687,10.298513235137605
2023-01-02 09:26:00,1802.5605121024205,61.78501899025112,24.518777985315396,137.63680120390006,5.756235918555728,918.3267931955614,3057.334502709851,10.293668094785122
2023-01-02 09:27:00,1802.9605921184238,62.7897512339837,23.880712409289917,138.7606984249016,5.77691973327418,915.9964985171075,3064.577754024684,10.278132957175194
2023-01-02 09:28:00,1803.3606721344267,62.231141762667036,24.658147451269606,137.49606444249727,5.685956054091301,916.9210552667925,3056.9203999775423,10.295287652238159
2023-01-02 09:29:00,1803.76075215043,62.26300788972329,24.01882499365977,139.21661385506795,5.4315204290237915,912.9828119757309,3060.9994446389846,10.27435592532888
2023-01-02 09:30:00,1804.1608321664335,61.722085403289746,24.35863268825377,137.9336356486905,5.68782896607832,918.9172295875112,3048.737436642726,10.279470460706412
2023-01-02 09:31:00,1804.5609121824364,61.42552551298059,25.226897313409605,137.20647940309772,5.949795030777681,926.5316895211089,3073.4334250166767,10.316383347745425
2023-01-02 09:32:00,1804.9609921984397,62.02982582493203,24.429196943115826,137.68293435283536,5.771953087403201,921.060076638996,3046.1257121074204,10.291563606230923
2023-01-02 09:33:00,1805.3610722144429,61.44591135366576,25.130864389392592,138.64904082266665,5.836019492561228,919.3442835811226,3074.3188130415324,10.334717356773998
2023-01-02 09:34:00,1805.761152230446,60.798535029185636,25.031629946320084,137.02724468144194,6.074590550911279,928.7267823187146,3073.2221697925725,10.321137431085953
2023-01-02 09:35:00,1806.1612322464493,62.29097040900146,24.152571973869172,138.55005647876456,5.561505391318278,919.1085034067173,3055.875156218604,10.284129028065836
2023-01-02 09:36:00,1806.5613122624525,60.38299441206068,26.02244341367924,136.3124486847569,6.0379454705741065,923.7370589388498,3090.0883143401848,10.321953985420098
2023-01-02 09:37:00,1806.9613922784556,60.85997672067445,24.235491946483325,137.86350818895247,5.765126243114793,919.6477442896332,3056.425791433343,10.29997521920993
2023-01-02 09:38:00,1807.361472294459,60.81810343849141,24.838262255899128,138.93102596293883,5.972767490288207,916.5463381071894,3064.5699825446213,10.304562115234907
2023-01-02 09:39:00,1807.761552310462,61.284124993164944,25.3845596270528,138.0853535414826,5.716368660920988,918.0044696086034,3083.866493781503,10.314959335506638
2023-01-02 09:40:00,1808.1616323264652,62.79484105871513,23.639949525433124,138.9477699447806,5.608819963177481,920.0250266489458,3038.249379966543,10.270116185867723
2023-01-02 09:41:00,1808.5617123424686,60.07431451479734,26.332138029381632,136.73262025047399,6.096473655578489,927.6954730589882,3086.5783780095308,10.352304587378828
2023-01-02 09:42:00,1808.9617923584717,59.62900398813353,26.13267069675427,136.91308046426357,6.17768609657044,928.8160771960529,3106.6166443905117,10.330602146547056
2023-01-02 09:43:00,1809.3618723744748,60.88564399544927,25.786404240428425,137.43508436567691,5.879530289833085,925.1922078538989,3088.1672286146895,10.34265233130789
2023-01-02 09:44:00,1809.7619523904782,60.687672799258394,24.955813531929792,138.2841031956747,5.910561911748494,923.065777636633,3078.733472277522,10.318473153742268
2023-01-02 09:45:00,1810.1620324064813,60.79546558364969,25.278151365908677,137.51718157347665,5.834922556129677,925.454819768331,3087.751232519636,10.31245113853389
2023-01-02 09:46:00,1810.5621124224845,61.165745828495574,25.100312198193965,138.2811127092873,5.831730873738591,915.249755755901,3075.244201857925,10.314877597668902
2023-01-02 09:47:00,1810.9621924384878,58.93346593422562,27.677939261974156,135.72214933303513,6.332218169481203,940.4328671697441,3124.7048218423474,10.370322847135148
2023-01-02 09:48:00,1811.362272454491,60.55807329086274,25.181571926358266,137.6289402123984,5.85654086666402,923.417127311881,3064.844171161169,10.307692803687381
2023-01-02 09:49:00,1811.762352470494,60.57760804729829,25.545380066852665,137.07059324262457,5.7729026180733545,924.2622471952787,3108.9358455649854,10.318833446423167
2023-01-02 09:50:00,1812.1624324864974,58.92818474763624,26.400218925571284,136.41749450448663,6.177439733498222,931.6035166790562,3098.2169243008443,10.362881207791721
2023-01-02 09:51:00,1812.5625125025003,62.339072165647075,25.17253319150796,138.58712964126477,5.690309732947082,918.9510110189279,3067.4522142877877,10.301086371347353
2023-01-02 09:52:00,1812.9625925185037,61.27782536307888,25.521931739494473,138.18954644919063,5.782025450875847,924.3009970134159,3091.692300422518,10.309762996038335
2023-01-02 09:53:00,1813.362672534507,59.506213184188475,26.661801603785683,135.9773172417198,6.009458537850752,930.4842185760058,3104.3325562284126,10.355254606389694
2023-01-02 09:54:00,1813.76275255051,61.17897904851236,25.27947689066503,137.2664276593218,5.875061893415011,928.1509834259901,3082.480846889606,10.333513011171362
2023-01-02 09:55:00,1814.1628325665133,61.64300769261062,24.777160661623533,137.7639283818608,5.869630291410321,921.0392234213753,3075.520925762158,10.321680134429393
2023-01-02 09:56:00,1814.5629125825167,60.0824629200393,25.987556644422156,137.34573356832894,6.123536568929952,925.5596880342217,3100.2418759632114,10.326657361663111
2023-01-02 09:57:00,1814.9629925985196,61.752507456989825,25.203436657872675,137.98650733201842,5.868247511473977,922.2913906281885,3069.0282218301027,10.315969862303985
2023-01-02 09:58:00,1815.363072614523,57.69567026663543,27.880925124907854,136.14787746652394,6.3870285398722295,938.9115656732511,3147.9313193638336,10.377904083365891
2023-01-02 09:59:00,1815.763152630526,61.29258716677321,25.3165565076981,138.16842503417374,5.858591622391816,916.6900629491004,3063.1503028568372,10.31727857208698
2023-01-02 10:00:00,1816.1632326465292,60.73548821274113,25.27299097236088,138.14679765359142,5.884705104295633,925.6841388897525,3078.515937516185,10.33495883652566
2023-01-02 10:01:00,1816.5633126625326,60.86805869291818,25.507257401363375,136.8381719979367,6.087286196377179,924.705717136105,3099.393694838523,10.34178637411253
2023-01-02 10:02:00,1816.9633926785357,60.98409317104011,25.55436452684521,137.59593277944168,5.981419192756372,925.9285182974509,3077.975233311836,10.327986229027683
2023-01-02 10:03:00,1817.3634726945388,58.940256412612435,27.298041611722795,136.48048894913384,6.180327647339747,930.5958280304408,3123.0231727252394,10.354176899724022
2023-01-02 10:04:00,1817.7635527105422,59.11809920013924,26.247032306109073,136.17278443419966,6.238013399924536,926.5258144091249,3095.2604078378404,10.356787758123234
2023-01-02 10:05:00,1818.1636327265453,59.95465348689351,25.786081291096338,136.45525970625062,6.237631958155984,935.1106908502862,3131.86710208661,10.345972288536586
2023-01-02 10:06:00,1818.5637127425484,59.89576016018348,25.484122018120228,137.57255247727838,5.917864742386695,930.5908100081292,3098.6121358054643,10.329214333377612
2023-01-02 10:07:00,1818.9637927585518,60.264217106963976,26.263133465476773,136.66252999741084,5.93715919823612,929.3271070658506,3104.6959872662987,10.340649697266356
2023-01-02 10:08:00,1819.363872774555,59.06808485012522,26.387020083919005,135.74466485576013,6.111614177870605,934.4851447994016,3128.048357721258,10.361222256379031
2023-01-02 10:09:00,1819.763952790558,59.6515401572267,25.693453558732827,137.94835732108453,6.22142802642721,930.4911247050724,3090.607639789028,10.341000704449874
2023-01-02 10:10:00,1820.1640328065614,60.2429344312651,26.27896976453262,136.1388601698357,6.024761626253605,929.9084894455262,3115.944606048333,10.341304010289011
2023-01-02 10:11:00,1820.5641128225645,59.43105348468302,25.851976336162824,136.49115880430404,6.38141776457698,928.1307357757994,3097.1512567547547,10.360900550749768
2023-01-02 10:12:00,1820.9641928385677,61.63156144651064,25.148614638456113,137.38332945557784,5.800150156332872,924.9298468099943,3070.856658721865,10.304152784000772
2023-01-02 10:13:00,1821.364272854571,60.70510507444113,25.15444760977265,137.0276927034405,5.841789699517258,928.446024410221,3075.42479389859,10.325504840540283
2023-01-02 10:14:00,1821.7643528705742,61.199982833153214,24.950713942039815,137.9703606839416,6.024763283878501,926.615606647984,3061.873164777021,10.319289463139912
2023-01-02 10:15:00,1822.1644328865773,59.14763997375174,25.96085043240973,136.69572627999358,6.2028785799948585,929.6866951350157,3096.7533031899147,10.356183464180754
2023-01-02 10:16:00,1822.5645129025806,61.239602631514224,24.692174942104646,138.1900056130844,5.908385668282215,924.2713425824749,3069.82548698153,10.321532845247672
2023-01-02 10:17:00,1822.9645929185838,58.176651320533935,27.22082857815252,134.79244262668257,6.368274340476044,933.9635082007068,3114.5670684840466,10.370699946937732
2023-01-02 10:18:00,1823.364672934587,61.09493274549881,25.521317118283275,138.08920080870263,5.805015623624489,926.5796202925917,3061.986343464483,10.295275904579444
2023-01-02 10:19:00,1823.7647529505903,60.09481013384373,26.05868056702515,136.47169342158335,6.1863688544249,933.3549253727689,3101.55764840918,10.330297538865281
2023-01-02 10:20:00,1824.1648329665932,61.40454484948486,24.68548728837622,137.1962490023306,5.844603421958085,917.8200149707088,3065.5820854601325,10.31716719246704
2023-01-02 10:21:00,1824.5649129825965,61.99866823097938,24.736488673973206,139.08161960307302,5.783301665477736,925.0355126148057,3063.629227365232,10.304388938293195
2023-01-02 10:22:00,1824.9649929985999,59.41890761526822,25.94842513656743,137.01962549429834,6.13698626471742,936.683660556607,3091.4955163957397,10.365917984695647
2023-01-02 10:23:00,1825.3650730146028,59.80042075056236,26.132081671397263,136.59493446625663,6.28511716716628,932.9358730734704,3106.553410057464,10.364528056708581
2023-01-02 10:24:00,1825.7651530306061,59.47501383356102,26.397808266795828,136.7332348222061,6.29900455753961,936.4848737303028,3113.7765790477742,10.369295950350821
2023-01-02 10:25:00,1826.1652330466095,60.14841053503741,25.90001642585092,136.8249119273479,5.915642211955013,928.1354679002308,3105.495391066819,10.35025167902047
2023-01-02 10:26:00,1826.5653130626124,59.72689797999538,26.69856073258793,136.39172956447408,6.201064863727585,928.0411661660589,3096.650701885412,10.334779998255428
2023-01-02 10:27:00,1826.9653930786158,59.27475485714332,25.807791840816677,136.8975980433331,6.151362804155159,927.79182703814,3096.6769445792356,10.33413440501189
2023-01-02 10:28:00,1827.365473094619,60.08386138789909,25.339068494423817,136.43925985745102,6.076764223159082,928.4184014276583,3089.466678203998,10.350809478969898
2023-01-02 10:29:00,1827.765553110622,56.58032568326636,28.462009661790372,134.11169681025297,6.649935623711092,939.7869342854309,3153.0482446649457,10.415692944706121
2023-01-02 10:30:00,1828.1656331266254,59.838784106612565,25.462305355172788,136.43171845086934,6.064817080292824,927.4620225352646,3100.6268590787604,10.342865695746276
2023-01-02 10:31:00,1828.5657131426285,58.20308219416658,27.311735847144455,135.22109934695453,6.14906362151714,938.3901762812891,3138.8239339000866,10.389109094700494
2023-01-02 10:32:00,1828.9657931586316,59.62729873189321,26.80943900498954,136.6233476647737,6.205021074428727,929.244108407583,3114.7112947433593,10.3629217889314
2023-01-02 10:33:00,1829.365873174635,60.88844366862667,25.12428401392439,138.05851939678485,5.836997928772278,923.6645858803951,3073.143516546858,10.308910110944858
2023-01-02 10:34:00,1829.7659531906381,61.08786170389102,25.428349098542327,137.30792655156836,5.929583479583944,925.5153255354387,3077.2513193035993,10.314253931205995
2023-01-02 10:35:00,1830.1660332066413,60.50152512917426,25.69427399122862,136.6798969851539,5.972067424846387,926.298227362281,3102.467912867585,10.342531472245176
2023-01-02 10:36:00,1830.5661132226446,60.17684838308882,25.44105078205904,136.919481892075,6.106478427601897,929.110190765307,3091.377513487747,10.343869591420852
2023-01-02 10:37:00,1830.9661932386477,60.89943618235103,25.614843064158336,136.5208358127667,5.907155622055983,927.4252069204668,3082.004291091296,10.35098796940342
2023-01-02 10:38:00,1831.3662732546509,59.19849593536714,27.515675697435828,135.85331697901705,6.419840686086298,934.274358329773,3138.5962770825677,10.378068545533607
2023-01-02 10:39:00,1831.7663532706542,59.114679911489304,27.239192965662763,136.77764470047208,6.27884393378662,935.5707029279152,3107.461624680423,10.359886348722316
2023-01-02 10:40:00,1832.1664332866574,59.128970976144785,26.62946388011597,137.48262505172175,6.354561782413509,934.1035220707605,3116.9224641199403,10.36569909551036
2023-01-02 10:41:00,1832.5665133026605,60.26444212312792,26.0705556858425,136.33893196929034,6.263758281789686,933.692150924477,3089.1003312912876,10.34040360980604
2023-01-02 10:42:00,1832.9665933186639,59.954253944804975,26.58162394117664,137.02040543552533,6.334202602755717,930.6511063247947,3114.8187171980803,10.344091717006215
2023-01-02 10:43:00,1833.366673334667,59.92994731901372,26.58443142819871,136.50993531679399,5.9776709783072315,928.1640503704288,3108.4597608716335,10.34498157273287
2023-01-02 10:44:00,1833.7667533506701,59.475264422575215,26.27875599554151,136.01112687628162,6.193091662276303,930.1850308839789,3095.103594781893,10.357317465766704
2023-01-02 10:45:00,1834.1668333666735,56.51031989621151,28.282896321042163,134.36045000961496,6.444493241659356,943.9730393670488,3137.556273439128,10.407493950992674
2023-01-02 10:46:00,1834.5669133826764,58.57106249655468,26.714974441131293,136.10854764242487,6.603091006806444,933.4978601882771,3125.2006229228336,10.373295271891402
2023-01-02 10:47:00,1834.9669933986797,56.41867748679781,28.567013376955064,134.06654450827796,6.662819849871485,942.4674109349212,3181.889754688964,10.424680649814173
2023-01-02 10:48:00,1835.367073414683,59.191197877091795,27.22732673070101,135.76043163663778,6.411129385807737,939.6771013226361,3130.4702567963514,10.373289562298053
2023-01-02 10:49:00,1835.767153430686,59.4118182686213,26.105115263193206,136.28742588947384,6.216884530133984,927.1720759467431,3107.6732771983447,10.35747720908737
2023-01-02 10:50:00,1836.1672334466894,57.29904806720232,27.907879276641424,134.56459338680366,6.250630608299846,941.4520927582075,3143.2015924118255,10.38930682039076
2023-01-02 10:51:00,1836.5673134626927,61.34172572323138,25.402201722364097,137.47794093029484,5.796726302065424,922.9909390520362,3060.925898894215,10.315931790559576
2023-01-02 10:52:00,1836.9673934786956,58.05988527636517,27.503777717497965,134.46649077039726,6.283876398072467,935.275260993634,3139.0088595419716,10.377859374072909
2023-01-02 10:53:00,1837.367473494699,60.57724963287854,26.468790841782138,136.88546964536826,6.061887988842635,926.394952943884,3110.1079278452485,10.333524066830774
2023-01-02 10:54:00,1837.767553510702,59.42097477618124,27.203258413771305,136.08510922494415,6.308180909322944,931.8758131657627,3115.654446577015,10.373470495528032
2023-01-02 10:55:00,1838.1676335267052,57.131106590774095,28.65975535989977,133.83924115685747,6.715251996400972,943.2212320152167,3167.8550227102246,10.428044564315128
2023-01-02 10:56:00,1838.5677135427086,60.119435221519936,26.900130560325582,136.939818619387,5.856013951119896,931.2227337131884,3103.5461904693384,10.35146524194153
2023-01-02 10:57:00,1838.9677935587117,59.68019097514685,26.396907069401585,137.34261969385727,6.120072092553768,932.9663554254726,3124.28403984663,10.356230971692861
2023-01-02 10:58:00,1839.3678735747148,58.78676926426292,26.602301412858793,135.4927758188151,6.347198775675212,931.8578204509331,3137.8252408548187,10.38680955941606
2023-01-02 10:59:00,1839.7679535907182,57.57840612734199,27.651680758080694,135.92874421978422,6.580987177492258,934.8575490395157,3133.1607393119502,10.389624262410331
2023-01-02 11:00:00,1840.1680336067213,59.8009999179574,25.8713779161085,138.10693666700527,6.128519140603174,930.0477541272496,3085.4236914458984,10.35806430656232
2023-01-02 11:01:00,1840.5681136227245,59.37556227128583,26.65040967983902,137.8534274149313,6.1375898158458675,932.6324813363585,3098.5366887247387,10.353837401451763
2023-01-02 11:02:00,1840.9681936387278,58.38606715624499,27.35558922638852,134.91493713579703,6.412072793591658,932.6395320678577,3149.0654153182545,10.359302526824242
2023-01-02 11:03:00,1841.368273654731,58.18182246333063,27.587955686665037,135.15020380887137,6.170588378610641,938.2960768007325,3135.351795668638,10.353470834815454
2023-01-02 11:04:00,1841.768353670734,59.444344017792496,26.660407852890586,136.28480696046856,6.239613780069704,931.1671243924867,3106.3578112311116,10.366838778519197
2023-01-02 11:05:00,1842.1684336867374,57.84352787826234,26.959158753592106,135.80517170859682,6.2999363845479,937.9198000800379,3100.9919907589046,10.359435620110585
2023-01-02 11:06:00,1842.5685137027406,57.83804756456192,27.845566041789493,135.90564795744888,6.3949256985929575,936.7895772637646,3138.4784264160294,10.391186979212826
2023-01-02 11:07:00,1842.9685937187437,56.27217978103653,28.229410163834086,134.85155041342878,6.731538393358911,938.5253383184618,3165.761566194195,10.401704062445893
2023-01-02 11:08:00,1843.368673734747,57.28729583066625,27.931050684677945,134.5227333445419,6.500409751902492,938.348507058458,3150.2049585616155,10.393242966650785
2023-01-02 11:09:00,1843.7687537507502,58.29447428684233,27.529953304242483,134.9297707313498,6.382410362604751,937.8328431505264,3147.1519391193933,10.396793116514115
2023-01-02 11:10:00,1844.1688337667533,57.95902316914166,28.026583320015753,134.97474714515423,6.4404821147287095,939.0642739481425,3136.6403587980703,10.393481016184081
2023-01-02 11:11:00,1844.5689137827567,57.33574166895793,28.14749472403975,134.02623356159037,6.586247697987038,940.1663290413309,3157.881652554569,10.398719512972065
2023-01-02 11:12:00,1844.9689937987598,59.62612033444948,26.435370425402727,136.52579682696378,6.199708566705509,936.2180524884538,3099.735225784285,10.361723932215389
2023-01-02 11:13:00,1845.369073814763,57.27351354073115,28.617973123883576,134.4030911945262,6.50352555729701,934.9162779875841,3150.090670540199,10.426399529778111
2023-01-02 11:14:00,1845.7691538307663,58.953096599934845,26.561416117747804,135.50507774746134,6.091402726388398,929.7044876816562,3106.843902123989,10.36549110211135
2023-01-02 11:15:00,1846.1692338467692,57.27870235578215,27.467322918230334,134.4788545157497,6.40477838096743,939.0222238302262,3161.9750618870744,10.392289352382278
2023-01-02 11:16:00,1846.5693138627726,58.387366278935296,27.174531616902005,136.33572675396445,6.180288419771077,933.4790272082092,3123.2353702660876,10.37480489505507
2023-01-02 11:17:00,1846.969393878776,58.31968393881711,27.751771479496533,135.75267314653732,6.361085377198511,938.9211191667125,3133.88459873319,10.400922925201982
2023-01-02 11:18:00,1847.3694738947788,59.027662621799664,26.26259754391116,136.19204736229352,6.24806280616676,935.9243832964542,3133.3045658575797,10.376321817734517
2023-01-02 11:19:00,1847.7695539107822,59.22771284686355,26.200216239092818,137.0853207048152,6.139608224608479,933.9574065661619,3103.888038219288,10.336877462374146
2023-01-02 11:20:00,1848.1696339267855,57.45746687375732,28.61842045229018,134.95511433187048,6.594238915694134,944.2891470153138,3148.8539976191614,10.419914801088444
2023-01-02 11:21:00,1848.5697139427884,57.62811906338339,28.227250213945375,135.03220143545488,6.703288894167829,935.2182080554663,3162.42511497145,10.3975092916043
2023-01-02 11:22:00,1848.9697939587918,57.925252228856905,27.86998806961935,135.1617857263577,6.557062801701269,934.2567600498882,3149.092903884289,10.396667316163152
2023-01-02 11:23:00,1849.369873974795,58.442227594322084,27.134010056180973,135.93611091010905,6.430031871530038,938.359067497765,3123.577559986494,10.370118387138543
2023-01-02 11:24:00,1849.769953990798,57.042544754548516,28.04135035449861,134.6032506936079,6.616393854381504,945.1316187321792,3152.173926270275,10.417115291801315
2023-01-02 11:25:00,1850.1700340068014,57.73731152476956,27.26916296730846,133.923711055341,6.50488240985641,941.8445824433484,3154.817637600946,10.396144038501154
2023-01-02 11:26:00,1850.5701140228045,58.574838534121376,27.832058501994332,136.35053611587063,6.3713905237115975,932.9728938915513,3137.261851951089,10.390694510123534
2023-01-02 11:27:00,1850.9701940388077,58.3143477930564,27.555276759918378,135.35288447271645,6.489188688294796,938.1333844751873,3138.2229026316186,10.395346603799767
2023-01-02 11:28:00,1851.370274054811,56.974744954283324,28.3603473394388,134.084440644667,6.6474002078853704,940.5965478346709,3163.8506189014356,10.406987085744566
2023-01-02 11:29:00,1851.7703540708142,57.31262867925296,27.91457565747322,135.7516782534652,6.394302465505544,936.7054813466599,3151.4988625095775,10.404584644116465
2023-01-02 11:30:00,1852.1704340868173,56.39574297331874,29.259132800254275,133.7150365313214,6.786968975285622,946.5519915201336,3168.1050998149976,10.433271305054713
2023-01-02 11:31:00,1852.5705141028207,57.79648231650772,27.4026094238721,135.57797523884324,6.379802923173679,942.780560459545,3133.1889912290494,10.38704838495684
2023-01-02 11:32:00,1852.9705941188238,59.26918830100425,26.964673728761397,136.59314635495033,6.084996942182409,932.2051936178711,3115.697246001967,10.366226876200777
2023-01-02 11:33:00,1853.370674134827,56.85327575503509,27.271081333421055,135.04869287137106,6.521870477024919,944.2483542782591,3164.0400969194156,10.4151862653769
2023-01-02 11:34:00,1853.7707541508303,58.17104546002048,27.40309652160601,136.01458967758927,6.294216172640963,935.3203872717372,3134.260113761835,10.39949558767034
2023-01-02 11:35:00,1854.1708341668334,57.74753083185632,27.806282669985226,135.24105649447307,6.356126996462593,932.956885094177,3153.965878121443,10.387364033677379
2023-01-02 11:36:00,1854.5709141828365,57.845041758770705,28.04178961481886,136.00019745834288,6.450581915938918,942.0605905866181,3147.191158234551,10.403588445991208
2023-01-02 11:37:00,1854.97099419884,57.27912048865971,28.111690473314606,134.21391222968396,6.43534684920245,941.6604778736286,3143.1365046760093,10.409285539054352
2023-01-02 11:38:00,1855.371074214843,58.48304808458674,26.79274044591324,136.39266214392524,6.335624836200785,939.5329488892565,3108.69945450131,10.383687143280845
2023-01-02 11:39:00,1855.7711542308462,58.171394140623065,27.12999192850807,134.7754272540591,6.310117403946808,939.116119489121,3123.7010788695225,10.381013719866637
2023-01-02 11:40:00,1856.1712342468495,56.58864909011243,27.4958961420035,134.0819756176907,6.655225183785507,941.3110248540713,3173.1476847148765,10.413535015656008
2023-01-02 11:41:00,1856.5713142628524,59.28747549924633,26.047595283023256,136.75678551052007,6.106266269361906,934.6502011363633,3119.4314666770388,10.34356462218606
2023-01-02 11:42:00,1856.9713942788558,56.15401191487131,28.91834991986414,134.4094756896109,6.612012846517418,939.6485946549622,3162.0711733810704,10.399774682042933
2023-01-02 11:43:00,1857.3714742948591,56.41661592065565,29.53148143289842,133.86466445581243,6.728350325839815,943.7293764709467,3171.9082805536486,10.435873776633976
2023-01-02 11:44:00,1857.771554310862,57.57969274713093,28.064441137297838,135.10255913041206,6.440463964474632,942.7400435441483,3143.6474480198276,10.390309320304317
2023-01-02 11:45:00,1858.1716343268654,56.6573365239435,28.32632712392768,134.1704224663532,6.383669620229012,936.7223143898665,3158.3168655610207,10.417567034964238
2023-01-02 11:46:00,1858.5717143428687,58.11339394606322,27.33212688872633,134.52485706848006,6.470895229485174,939.5121957798044,3158.6644814785386,10.382427700499582
2023-01-02 11:47:00,1858.9717943588716,54.7474425535391,29.570034413704125,133.32382643970536,6.9627687430916705,954.2036620758021,3203.484920025274,10.466939434827077
2023-01-02 11:48:00,1859.371874374875,58.52850028703173,27.151111444232455,135.42717150046693,6.241888426059629,939.5150666816371,3139.407166291898,10.377699520750452
2023-01-02 11:49:00,1859.7719543908781,58.00107560755695,27.094260865580427,136.3604319390498,6.32874002846351,934.677492379465,3138.039012983408,10.37075977610084
2023-01-02 11:50:00,1860.1720344068813,58.16279747409698,26.723387927583026,136.07556549422821,6.239117801769237,936.193713833908,3128.1478071509505,10.360340391634747
2023-01-02 11:51:00,1860.5721144228846,57.76581537187141,27.70963183096027,136.03951111789704,6.462881372303725,932.6637496576166,3109.251057804271,10.3775601750338
2023-01-02 11:52:00,1860.9721944388878,54.82995594947588,29.63147526065959,133.42740365561258,6.891715587844486,948.4630202806833,3188.9150134290417,10.458650926176592
2023-01-02 11:53:00,1861.3722744548909,59.52972920899292,26.568381740490214,136.0287559767564,6.240785828040379,932.9367656585023,3103.5028986445013,10.347867402704757
2023-01-02 11:54:00,1861.7723544708942,57.14834377189979,28.51042496092372,133.7212700316052,6.561656936526009,942.8165525267102,3145.6965142602157,10.399066038183783
2023-01-02 11:55:00,1862.1724344868974,56.64803814630846,28.173402893753867,134.99322507447582,6.580605966191839,940.3524186851319,3166.035584854132,10.414734766895902
2023-01-02 11:56:00,1862.5725145029005,56.70902213375686,27.653682795880318,134.60480129211945,6.366130511642843,945.0370042884057,3133.013717090315,10.39686504752754
2023-01-02 11:57:00,1862.9725945189039,56.30592975803971,28.96804438884866,133.6087598070849,6.729187709380943,941.3055516213377,3172.2786349160174,10.4428457798342
2023-01-02 11:58:00,1863.372674534907,56.76104415238449,28.548001922099907,134.39325450108234,6.65445619070837,943.2620032623163,3163.1815922687733,10.418632058993982
2023-01-02 11:59:00,1863.7727545509101,56.39869728113866,28.59384476173995,134.27716083396012,6.663396536230701,944.6555005466112,3152.559468973254,10.417025166849879
2023-01-02 12:00:00,1864.1728345669135,58.56380723090598,27.352186413183592,136.0347906452818,6.52795924160209,931.5285550058617,3130.3700172688377,10.385750163714608
2023-01-02 12:01:00,1864.5729145829166,57.60609797168213,27.99662947933942,134.8068263534915,6.637070433346921,945.1162213122813,3161.6173815734132,10.407537409882687
2023-01-02 12:02:00,1864.9729945989197,57.454052362677274,27.958049308438138,134.65702456836777,6.684570440461036,939.4078113924155,3145.19378185101,10.405861646300169
2023-01-02 12:03:00,1865.373074614923,55.208809842338184,29.72247812215453,133.96949273338117,6.630381642094665,949.2771544951524,3199.022594142653,10.447354681004374
2023-01-02 12:04:00,1865.7731546309262,54.20307066502329,29.962746967879497,133.23623798237523,7.1051525360114995,953.0246294138345,3196.980616031335,10.440407299272103
2023-01-02 12:05:00,1866.1732346469294,56.61508644680078,29.035425163021507,133.78249530803237,6.710787044477795,940.5939230279221,3175.3756782066475,10.434826432870834
2023-01-02 12:06:00,1866.5733146629327,57.3559043735929,27.25130559928827,134.84162851282795,6.4509312025692465,934.3615489672942,3127.865801534223,10.393023315863944
2023-01-02 12:07:00,1866.9733946789358,56.96711150183553,28.667347927942888,133.72122953713225,6.777435525874138,949.7461201708275,3177.651479285188,10.440987439016734
2023-01-02 12:08:00,1867.373474694939,58.26845694646662,27.245576042248796,135.66345917430306,6.353050103471975,935.7887689511786,3128.6156641755747,10.371248431705741
2023-01-02 12:09:00,1867.7735547109423,56.18116190897071,28.509131505915377,133.82948149545456,6.511585128924387,935.10252864458,3169.261745999329,10.422139748183817
2023-01-02 12:10:00,1868.1736347269452,53.25910537809693,30.910761847649937,132.36092529371098,7.226371863118193,954.7535338907203,3216.1333693429324,10.46148370442534
2023-01-02 12:11:00,1868.5737147429486,55.95824141826154,28.513896076943215,134.2923519812839,6.562505047815478,943.652412699168,3172.7085899380395,10.40163515631752
2023-01-02 12:12:00,1868.973794758952,57.330831086813966,28.259648256072232,133.69311490061574,6.409147138418025,940.8659278462828,3159.4190127659144,10.39869928848758
2023-01-02 12:13:00,1869.3738747749549,56.55796870552616,28.68031582848428,133.72907978094997,6.599600310781297,937.3157237761164,3166.3394536443284,10.411248311941225
2023-01-02 12:14:00,1869.7739547909582,57.86045701715917,27.186596718501676,134.3384723766314,6.2921076485427685,935.3542137284846,3124.368649305869,10.38703297281145
2023-01-02 12:15:00,1870.1740348069616,57.07783306247033,27.78057411893685,134.76208471159202,6.514672830964737,937.8868323631696,3149.4220857633795,10.413762352674102
2023-01-02 12:16:00,1870.5741148229645,58.088985315462736,27.227680020160033,136.53638938215195,6.273646284149005,934.8333720320768,3110.7071506660636,10.382854841150664
2023-01-02 12:17:00,1870.9741948389678,54.990623955505434,29.630078578048433,132.14669120404346,7.048108604042804,952.6488902869879,3202.908646407878,10.463218305538463
2023-01-02 12:18:00,1871.374274854971,57.342676588731116,27.94076642644484,134.3917060496113,6.534481543678493,940.8916938748828,3154.8203138304975,10.404824610985044
2023-01-02 12:19:00,1871.774354870974,55.16951563756063,29.460033658036416,133.44191527544615,6.734067056785443,952.8231785492848,3205.028444869417,10.431469490224357
2023-01-02 12:20:00,1872.1744348869775,54.75478174726055,29.448521170182097,132.957473772606,6.755257011963819,955.3838337284308,3203.3670979903995,10.459316510367705
2023-01-02 12:21:00,1872.5745149029806,55.45904003695563,29.1583013251002,133.1905663744708,6.73745220433328,944.0372566870842,3174.2293896687206,10.450771838621078
2023-01-02 12:22:00,1872.9745949189837,56.72649855243714,28.03972217969243,134.98445186490565,6.523621356962153,940.5244058806292,3159.7569464100857,10.394790950456944
2023-01-02 12:23:00,1873.374674934987,56.645117065181125,28.07820914892351,134.189262197579,6.570571770347803,945.5150440313427,3163.6912053010237,10.421579173251121
2023-01-02 12:24:00,1873.7747549509902,56.89024748802864,28.75150242791651,133.9262765482366,6.4614040166095945,941.5467175378374,3170.9895891072965,10.404443691153677
2023-01-02 12:25:00,1874.1748349669933,54.55889154269465,30.114963963666217,131.69366105202806,7.019244431048016,945.0294477140008,3203.2411001395694,10.486370582479593
2023-01-02 12:26:00,1874.5749149829967,54.45666336151712,29.91377702925968,134.15199322723694,6.877418525601685,950.8102553719992,3210.8397605857936,10.448816196619878
2023-01-02 12:27:00,1874.9749949989998,56.41406465590227,28.02714968888152,135.49673662321965,6.419427066642197,944.0957120694126,3141.927487118731,10.402948451987124
2023-01-02 12:28:00,1875.375075015003,56.31745798719116,29.31997349595625,133.78289113218136,6.763327495046588,941.5983134759489,3175.374645988705,10.431598457088356
2023-01-02 12:29:00,1875.7751550310063,55.252808965038845,29.78752693708536,133.8363603352019,6.846422078513844,947.7056641185056,3173.356718006857,10.435693510186708
2023-01-02 12:30:00,1876.1752350470094,55.59429584130249,28.944029134488655,133.85965956033945,6.669585853752588,939.5050192347744,3154.2449231616115,10.448365804815692
2023-01-02 12:31:00,1876.5753150630126,55.027601300892655,29.588981435252023,133.61914612960652,7.032633120872823,952.1539019678011,3184.5846873302207,10.465992998406053
2023-01-02 12:32:00,1876.975395079016,55.485855754963026,29.054776274419268,133.18107943957398,7.023111634825987,948.8436042068693,3184.5398993688063,10.425378374951093
2023-01-02 12:33:00,1877.375475095019,55.307654614274014,28.838221162860787,133.45711569407698,6.825136849834461,945.7116519008355,3198.1629650019227,10.4430101717812
2023-01-02 12:34:00,1877.7755551110222,54.74753384969134,29.152564211672075,133.54294372953194,6.818149544369715,948.573898767927,3184.0533280041736,10.450429200583997
2023-01-02 12:35:00,1878.1756351270255,55.37557900290932,29.014954394515552,134.4732216698506,6.79853206328507,942.8160917668547,3177.374910387169,10.445954156293114
2023-01-02 12:36:00,1878.5757151430284,57.382657832611045,27.65905739984591,135.0843937082912,6.439590358600573,944.6930602596677,3143.2315445579015,10.410718375447015
2023-01-02 12:37:00,1878.9757951590318,56.07902915203083,29.157523899110924,134.78308202580655,6.593486537057727,942.466217950497,3183.7894553795986,10.416890173621475
2023-01-02 12:38:00,1879.3758751750352,57.29762633119607,27.75283567493203,135.2178845295104,6.250677559868944,939.318685983865,3135.4195606740955,10.378402259982206
2023-01-02 12:39:00,1879.775955191038,54.10829247259675,29.940994275982636,132.67200836592346,6.874058895000602,948.877106388967,3200.389304786928,10.456475526949594
2023-01-02 12:40:00,1880.1760352070414,55.00286724054398,29.88592597145837,132.4776986532289,6.713255310047407,955.6550211666488,3187.9389417538046,10.4453879401023
2023-01-02 12:41:00,1880.5761152230448,54.29614094115144,29.903877351119835,132.81087500432983,7.044537577632078,957.6594685653143,3189.833600244453,10.468695802444694
2023-01-02 12:42:00,1880.9761952390477,56.29474613824185,28.549519125645762,134.3940100734231,6.597445393262913,950.8617289262605,3156.547635436856,10.418159840829999
2023-01-02 12:43:00,1881.376275255051,54.706447925420406,29.29401969733517,132.9758396207107,6.933729626793891,957.5041741636581,3190.459716045205,10.473284468383229
2023-01-02 12:44:00,1881.7763552710542,52.134340756263185,31.74106226855166,131.10289317690453,7.335021145415555,958.5641816877043,3249.7269981266936,10.510615229984124
2023-01-02 12:45:00,1882.1764352870573,54.44264208453833,29.65509581505508,133.7235035189737,7.0284105180228895,948.4204290322676,3175.6261740947575,10.465685518821104
2023-01-02 12:46:00,1882.5765153030607,55.556566037840255,29.41006792270926,133.9105428998718,6.769152047592974,954.2763324543583,3192.889313690674,10.440773472931184
2023-01-02 12:47:00,1882.9765953190638,55.497933693006324,29.181316633661684,134.77586901177023,6.72184822114999,944.7132920792532,3176.9121500637243,10.416041044829973
2023-01-02 12:48:00,1883.376675335067,52.71293728064388,31.57981900361307,131.35464667552864,7.22077230173172,960.982942512292,3216.346137906979,10.503890321378472
2023-01-02 12:49:00,1883.7767553510703,56.7786270167606,28.424649739284455,134.21248929199436,6.7211110945107375,940.6660857474498,3158.387442781981,10.403067165220982
2023-01-02 12:50:00,1884.1768353670734,57.563140590311214,28.038718767413847,135.67814108509336,6.561769440823756,937.740744688068,3159.5972054183426,10.377475286512967
2023-01-02 12:51:00,1884.5769153830765,54.56734753728602,29.57373301823436,133.13143836807464,7.030060252155621,953.2517221990151,3188.491802742191,10.46100287297552
2023-01-02 12:52:00,1884.97699539908,56.00327462272327,29.202483555540283,134.0179763915227,6.484653690576844,938.1589627057614,3163.0794744647933,10.413368015012123
2023-01-02 12:53:00,1885.377075415083,53.6308735589786,30.148631549539967,132.5517657704888,6.909909521145934,955.1739724431243,3236.2366054686368,10.462611686512426
2023-01-02 12:54:00,1885.7771554310862,55.37403730481093,29.464456058690452,133.55408916380281,6.915261974267229,949.9755830759389,3191.6688607031947,10.45015100781608
2023-01-02 12:55:00,1886.1772354470895,56.571255094244655,28.653244242907174,134.72617574333154,6.72605188601678,942.9321210473694,3168.094731546443,10.413955214772871
2023-01-02 12:56:00,1886.5773154630926,55.92936480355027,29.98526769891574,133.2942505745626,6.83968559529593,949.5545922346204,3188.5758937693254,10.432742720933385
2023-01-02 12:57:00,1886.9773954790958,56.26175888242198,28.777287960846323,134.67785663116751,6.608033798180295,944.7274540030764,3172.8615237881536,10.43371652993946
2023-01-02 12:58:00,1887.3774754950991,53.55203181679627,30.841574415752106,132.620394845895,7.145082163677297,955.9552982046708,3226.536923966302,10.477815735681192
2023-01-02 12:59:00,1887.7775555111023,52.54825130286425,31.20638639820217,131.460631523701,6.973752066701264,960.1549230851396,3211.1143570438544,10.505579414113988
2023-01-02 13:00:00,1888.1776355271054,54.838082819610776,29.02369964070565,133.470612860336,6.815347317259873,943.9123501862571,3156.7225765683124,10.438956002682575
2023-01-02 13:01:00,1888.5777155431088,54.05156406588303,30.569970280631704,132.48373699179243,7.0054802642564775,961.4581002146933,3201.1163205950274,10.475290360970096
2023-01-02 13:02:00,1888.9777955591119,54.43281280323189,30.75543774124881,131.67973828979268,7.025682006197283,954.8523013394474,3219.1773762415655,10.481189636601142
2023-01-02 13:03:00,1889.377875575115,56.752401753719546,28.294597673422196,134.16003918042395,6.6765372250535275,943.0081171479837,3166.29946308829,10.419112808448173
2023-01-02 13:04:00,1889.7779555911184,56.10038360800218,28.72342811951024,134.73652517371266,6.682436590946316,951.7851850921351,3160.170522054034,10.441950853711697
2023-01-02 13:05:00,1890.1780356071213,53.10124788512443,31.047426572273537,131.98152627852227,7.153503893411464,952.0290668383534,3228.026258224552,10.498228076391795
2023-01-02 13:06:00,1890.5781156231246,54.39851294181285,30.330729745835693,132.55828129183686,6.941382101186835,957.8106409314634,3204.1747410141606,10.455864541860127
2023-01-02 13:07:00,1890.978195639128,53.67148007512621,30.25506151491111,134.19463697555105,6.956487318309504,950.5659198679444,3188.521135242883,10.457827068818448
2023-01-02 13:08:00,1891.378275655131,54.22313167935945,29.766622515786075,132.23490478707657,7.014205268614728,951.8248921907573,3205.982737871054,10.462800162364873
2023-01-02 13:09:00,1891.7783556711342,55.39875150620124,29.01759000650488,133.50916646482204,6.527897979439979,942.5320799491112,3169.6654462116567,10.427170701064586
2023-01-02 13:10:00,1892.1784356871376,53.75241823455494,30.34915927393077,133.41247786562508,6.8379480310599705,949.0392405239272,3213.3700690716396,10.471751778034756
2023-01-02 13:11:00,1892.5785157031405,55.221673758596495,29.29686759447682,134.12249217582178,6.653352864708759,946.0221692851585,3182.286478013865,10.429900625937822
2023-01-02 13:12:00,1892.9785957191439,54.4638220229668,30.06349544333989,133.17427326190705,6.927138884240977,951.1046841501138,3185.5290916242084,10.454297048560152
2023-01-02 13:13:00,1893.378675735147,53.74065623113906,30.385772061635397,133.22684258130664,7.02999281370133,954.6373088524326,3217.9267839885933,10.469474381172878
2023-01-02 13:14:00,1893.7787557511501,54.60176377353628,29.461276740527243,133.39337320501323,7.047703190855712,951.046788188738,3183.178454917606,10.449314460661835
2023-01-02 13:15:00,1894.1788357671535,54.5640968698073,29.30325170621238,132.79921457931098,6.746889621680824,947.8475636631239,3175.7426255978717,10.455427514558547
2023-01-02 13:16:00,1894.5789157831566,51.21836564542334,32.40242536440931,129.49251873892905,7.564474560294269,969.1525560581929,3262.4468637530854,10.524866010080565
2023-01-02 13:17:00,1894.9789957991597,54.55982597861455,29.617580251874955,133.39589879959817,6.592305002154431,955.7239096323267,3182.7092336944893,10.449039164226313
2023-01-02 13:18:00,1895.379075815163,52.29765789267854,31.43606537001594,132.149422313819,7.236934484977307,964.2766088988743,3241.2089396650554,10.503098162563028
2023-01-02 13:19:00,1895.7791558311662,53.91477221222637,29.436166821411394,132.8762182135448,6.938255467498877,950.0611493902218,3189.108036369884,10.459014860967503
2023-01-02 13:20:00,1896.1792358471694,54.9773658251465,28.928882152751225,133.9870150218285,6.793482967415266,948.7572654014397,3192.078366715727,10.428303458535504
2023-01-02 13:21:00,1896.5793158631727,53.535867453852475,30.761009283299646,132.5386881976825,7.022310595641305,956.5942592453955,3235.2421658432113,10.474260397738934
2023-01-02 13:22:00,1896.9793958791759,51.62148179497691,31.354438706912813,130.69421761850484,7.261246543260102,964.988717260032,3242.0243757571575,10.505719531178151
2023-01-02 13:23:00,1897.379475895179,53.37675092368121,30.406316849652736,132.4258724944551,6.890179468986349,952.8158807071162,3216.3848950053116,10.481372097832402
2023-01-02 13:24:00,1897.7795559111823,53.124093934279706,31.291296460958698,132.20776861601013,7.230378209342496,954.4399954839672,3208.0931512498664,10.485933288105096
2023-01-02 13:25:00,1898.1796359271855,50.27498161737989,32.14700206626416,130.0987620916977,7.501639745797875,969.6962650943785,3265.8554946645295,10.545437032899747
2023-01-02 13:26:00,1898.5797159431886,53.75071125054683,30.7276755795307,131.96678254518474,7.154145489546799,957.855496813381,3219.091991752388,10.47800223543797
2023-01-02 13:27:00,1898.979795959192,54.74777917910801,29.768980444080555,133.27003125795582,6.889364182931351,947.907796074164,3192.774747425176,10.4611168983168
2023-01-02 13:28:00,1899.379875975195,51.29545765416843,32.10572170536106,131.0372140551688,7.3336739088123695,965.4448098193939,3250.0676836861153,10.514905268548834
2023-01-02 13:29:00,1899.7799559911982,52.89430950518695,30.937687289257198,132.81763403468676,7.13873427050124,961.298721259143,3216.5780712315836,10.496616316984738
2023-01-02 13:30:00,1900.1800360072016,51.86474717282502,31.32428644702074,131.42346877249136,7.475476833215321,959.9008603749327,3235.9404485928194,10.526687751620445
2023-01-02 13:31:00,1900.5801160232045,53.05814854361035,30.370429108813106,132.149984984236,6.874589727862057,951.1641870092018,3208.383054133903,10.474019768055328
2023-01-02 13:32:00,1900.9801960392078,52.014726560998874,31.24261201659627,131.77941335765283,7.001652527686799,957.4841020864891,3219.0982066164847,10.484103677523299
2023-01-02 13:33:00,1901.3802760552112,53.29839595710703,29.91899454607373,132.53471766060116,7.0629638022331545,956.480909625772,3223.894813033428,10.459093173076553
2023-01-02 13:34:00,1901.780356071214,54.71665976262105,29.483493933874172,134.16639587195095,6.7923891857308805,948.5416613914925,3193.3782747590044,10.448867259135675
2023-01-02 13:35:00,1902.1804360872175,55.225990369019335,28.81808060546326,133.58042124716061,6.768687363668532,950.3030354639667,3184.8587584715915,10.4375598530463
2023-01-02 13:36:00,1902.5805161032208,51.642449436238806,31.45867706952915,130.48256845820697,7.288702949002102,962.0804801924552,3257.131787615092,10.518116012339334
2023-01-02 13:37:00,1902.9805961192237,53.2687066897557,30.23994243917058,132.22883063573056,7.21034904692196,960.4851024374412,3221.5092838065884,10.475079959991273
2023-01-02 13:38:00,1903.380676135227,53.92068581030849,30.082921893721444,132.9570992177331,6.832155682898575,947.550618866865,3197.1006011216436,10.45136824246354
2023-01-02 13:39:00,1903.7807561512302,53.817837326963435,29.735878456554435,132.51472214543702,6.778414713211429,947.065493832975,3209.838923046689,10.459568673548189
2023-01-02 13:40:00,1904.1808361672333,55.43527983832539,28.868150046606257,133.8990939005959,6.661581251817826,945.4566932906854,3170.646592263546,10.424289522653874
2023-01-02 13:41:00,1904.5809161832367,53.19531928791815,30.387533079614663,133.19738085492665,6.979916310472346,949.3134689566173,3190.7496998785878,10.469836844409645
2023-01-02 13:42:00,1904.9809961992398,51.76708222967917,31.029162935619514,131.37120372474382,7.098571754288427,960.7221334549552,3232.2092344525113,10.492986190293696
2023-01-02 13:43:00,1905.381076215243,54.79983008711476,29.116418842427965,133.79069474249897,6.812126252894912,942.452509457383,3198.4343336281486,10.435474229671991
2023-01-02 13:44:00,1905.7811562312463,54.19196567466013,30.00668803721043,133.7873675452549,6.842686477595818,947.704422525929,3181.898350538023,10.441301626745748
2023-01-02 13:45:00,1906.1812362472494,52.709004950585964,31.477669814421883,132.46082734090947,7.100151669629718,956.2633746298862,3223.6175654598833,10.485391143679362
2023-01-02 13:46:00,1906.5813162632526,54.39869840389778,29.31324744867608,133.14299729482985,6.843943299290692,945.5568121019238,3181.9594906301522,10.457113345283332
2023-01-02 13:47:00,1906.981396279256,52.0844683668075,31.491268613442028,131.26839677056614,7.025635618681656,957.5788017695172,3232.658122420191,10.491914152463604
2023-01-02 13:48:00,1907.381476295259,53.19064844613471,30.069080061677827,132.5453555190393,6.829839617314647,951.4593776582434,3191.842121831692,10.450409524713494
2023-01-02 13:49:00,1907.7815563112622,52.98044349455296,30.361334277972755,132.61000367057537,6.989251572224909,960.0563530966718,3209.4483218567966,10.49169341325907
2023-01-02 13:50:00,1908.1816363272656,51.816784653398244,30.95673204924972,132.09852495993076,7.2889395242324175,955.7496265997456,3231.862774088788,10.507332035902717
2023-01-02 13:51:00,1908.5817163432687,52.83000080858137,31.257211985273145,131.72954265413577,7.335524176786111,957.3579904723542,3221.746100009595,10.49195094028142
2023-01-02 13:52:00,1908.9817963592718,53.30575672359907,29.8967745818169,133.7415089215077,6.915627545196672,955.2286860379457,3223.159829321918,10.48343706580468
2023-01-02 13:53:00,1909.3818763752752,53.53862928706215,30.91901303634804,132.22710478178084,6.960663643870466,952.9723215502216,3210.254974680312,10.46896399346067
2023-01-02 13:54:00,1909.7819563912783,53.27183845054127,30.27329189280486,133.05503149677196,6.9603421939471035,952.7666280939575,3203.47486365573,10.47489707784327
2023-01-02 13:55:00,1910.1820364072814,51.06448845037461,32.67026198822094,131.56381520326963,7.431259652619604,961.0597932515836,3254.5769812436206,10.518841777075778
2023-01-02 13:56:00,1910.5821164232848,51.92205008846345,31.177543414109106,131.78566625049473,7.1474885214334085,964.7661029323134,3244.313929420725,10.512066563190617
2023-01-02 13:57:00,1910.982196439288,51.968355388059585,32.05834320987567,130.79676594578424,7.355591949700208,962.4917589470931,3247.585093914426,10.513629524143546
2023-01-02 13:58:00,1911.382276455291,52.00569892637176,31.274566712243235,131.7700042160688,7.185314961883682,955.7136631898782,3215.2304449478374,10.482645973883798
2023-01-02 13:59:00,1911.7823564712944,53.374724286971635,30.72520740831292,132.56073363680994,6.877732113196124,959.8292743088459,3212.3758571948165,10.465316557438458
2023-01-02 14:00:00,1912.1824364872973,51.02465603644834,32.206969972132285,131.15815575766385,7.476645351682702,966.230157607647,3258.9619084401165,10.537834124694506
2023-01-02 14:01:00,1912.5825165033007,54.015794532327305,29.766502220925567,132.37634344275477,6.759066772038745,959.4355187507063,3208.7472789459134,10.461547009192214
2023-01-02 14:02:00,1912.982596519304,52.63071784915336,30.59528055204706,131.4609728288212,7.041936170466641,951.0323010339782,3223.4868389002213,10.480484342078103
2023-01-02 14:03:00,1913.382676535307,50.44305555884854,31.912794600330752,130.87808900864368,7.399935296224129,964.3890579052121,3253.2712238952226,10.52584280531848
2023-01-02 14:04:00,1913.7827565513103,53.08823128128083,30.323812721610096,133.0387729067026,6.965026879882658,949.0268041613646,3227.9039113936265,10.465578000053712
2023-01-02 14:05:00,1914.1828365673136,51.325970373090854,31.80180755792833,131.93593816978805,7.345870707643388,963.2472350556546,3256.7184196503804,10.519960740445649
2023-01-02 14:06:00,1914.5829165833165,51.680814304626296,31.697463076329857,130.93619036809966,7.18124815253454,959.2930687367111,3213.299585215066,10.515395209448089
2023-01-02 14:07:00,1914.98299659932,53.352614776704954,30.238732806475156,132.52283016267828,6.995537863950974,952.6828756715653,3218.0659884102324,10.454280679646766
2023-01-02 14:08:00,1915.383076615323,52.72056876684693,30.35630044003873,132.7019405851775,7.147592364202278,956.9557049172837,3200.7900236406895,10.490851257048801
2023-01-02 14:09:00,1915.7831566313262,52.21354482617042,32.30314277779057,131.1775627388616,7.367913862142393,961.4221739767314,3263.941456063141,10.527367673799949
2023-01-02 14:10:00,1916.1832366473295,51.17210746773141,32.09477994276845,130.86251086370035,7.386803335186557,963.23420231755,3258.297812019721,10.502807804686674
2023-01-02 14:11:00,1916.5833166633327,52.71398307473756,30.547121910891015,132.85657130469977,6.992622903784435,952.5398484141549,3216.2283525995153,10.475436657510368
2023-01-02 14:12:00,1916.9833966793358,50.2354402938751,32.523213780828186,130.5054101725524,7.516927656316748,968.7986872720963,3261.017378260928,10.535667968220157
2023-01-02 14:13:00,1917.3834766953391,49.85628149125768,33.08830700485123,130.59887136681527,7.698349553434206,964.8302837573027,3283.733018232184,10.537275334300526
2023-01-02 14:14:00,1917.7835567113423,51.024677666780455,31.76126306865186,130.38339927204987,7.23561938039739,963.9110361739073,3250.7436254037984,10.522379983863022
2023-01-02 14:15:00,1918.1836367273454,49.925061518154195,32.04433676185136,130.06101290469934,7.421935685054487,960.8011467660712,3260.498317632986,10.516058359006601
2023-01-02 14:16:00,1918.5837167433488,51.943303602661466,30.772952933024165,131.75636648250187,7.12633436682331,955.6183953163927,3233.1827852369825,10.493536037402391
2023-01-02 14:17:00,1918.983796759352,50.97285774811144,31.690868777007825,129.58815071300646,7.487437423890975,961.9080650004781,3230.4792262464325,10.536682021580294
2023-01-02 14:18:00,1919.383876775355,50.64908421685395,32.28984074296842,130.92608683586266,7.390597559419474,963.6161929517757,3264.86004344531,10.540444001641134
2023-01-02 14:19:00,1919.7839567913584,53.140164576740496,30.808015322898722,131.44335929876144,7.088229134598993,956.2200323052422,3228.5239603899768,10.483263167743955
2023-01-02 14:20:00,1920.1840368073615,48.830439010768366,33.38489511113723,129.9845639126027,7.666770157669915,966.7602557548851,3291.1848753058075,10.541909736952533
2023-01-02 14:21:00,1920.5841168233646,50.95124567578352,32.613153861584465,130.8640574899228,7.386458420459705,963.4267352907799,3265.731763481194,10.523755454004037
2023-01-02 14:22:00,1920.984196839368,50.43032729761804,32.9148376736349,130.28352357176038,7.682288742023859,964.341119299669,3289.9810613252102,10.522343164175863
2023-01-02 14:23:00,1921.3842768553711,50.5027778634382,32.8919825226475,130.58525965401313,7.554778653445438,963.9195813218956,3272.25465246044,10.536048477178852
2023-01-02 14:24:00,1921.7843568713743,51.87023762216322,30.219234334446448,132.25947602240896,7.209062337075403,959.9826447158881,3224.85695911526,10.494925665082336
2023-01-02 14:25:00,1922.1844368873776,50.057860547506486,32.66588492797529,130.09551919778158,7.508840215523358,963.5789302449473,3269.50798108038,10.529110588783833
2023-01-02 14:26:00,1922.5845169033805,50.611299417712395,32.32920812869989,131.87566830993967,7.3630120562395005,963.7897593223696,3237.74155894257,10.519124316980843
2023-01-02 14:27:00,1922.9845969193839,51.430190898332164,30.845887196405712,132.00030552950895,7.27370494636431,963.7395940328869,3238.9653766073984,10.487728616201851
2023-01-02 14:28:00,1923.3846769353872,50.62766124505442,32.1153046294775,131.29815082902925,7.456808923328294,967.463994032191,3252.7161930273123,10.540570988308055
2023-01-02 14:29:00,1923.7847569513901,48.542581884577295,33.651966887796604,130.04041231637373,7.565960783816124,973.3368196799948,3276.4668777985776,10.568870691566921
2023-01-02 14:30:00,1924.1848369673935,49.721707218770035,33.284180361347744,130.18275037632483,7.628883527507458,970.0006299078112,3285.7667669607613,10.563043467857343
2023-01-02 14:31:00,1924.5849169833969,51.29866818754027,31.94873304277261,132.1933223090773,7.378970860473418,964.5988087310091,3250.46777450817,10.518068780770994
2023-01-02 14:32:00,1924.9849969993998,51.66320845161419,31.23648176922624,132.02619548889803,7.1492783274280525,958.9395614335294,3228.36320203259,10.499314076991338
2023-01-02 14:33:00,1925.385077015403,50.54619862431435,32.069001589082944,130.98174090647748,7.40776141436597,967.6874180078871,3257.5674467135977,10.531249761306796
2023-01-02 14:34:00,1925.7851570314062,51.00407734647782,31.32726920248053,130.90906629139886,7.307199235899961,961.5680379401725,3233.970938325904,10.513367454516532
2023-01-02 14:35:00,1926.1852370474094,51.31661206030957,31.768017225202964,131.25593246713808,7.058776527930517,964.0962333771809,3255.4963082321747,10.503166054581412
2023-01-02 14:36:00,1926.5853170634127,48.863322946440064,33.8566279431616,128.86318374047895,7.619338383918468,972.6881789595577,3307.3840935365456,10.563783688103648
2023-01-02 14:37:00,1926.9853970794159,51.65304374188838,31.14095706821538,131.76272435302874,7.372272790838219,966.5397983157379,3256.9345488201966,10.5248637659128
2023-01-02 14:38:00,1927.385477095419,50.778140154175325,32.445785386138674,130.51197705352797,7.349132686567186,963.0336722213411,3251.1203767641646,10.529162731204597
2023-01-02 14:39:00,1927.7855571114223,48.37833636871641,33.88985515377065,129.30719224110283,7.760404932357595,968.5664676858723,3306.2439751533047,10.549659095769822
2023-01-02 14:40:00,1928.1856371274255,49.63400825070983,31.911608266060195,130.95406070479777,7.436872084877457,965.4664398481494,3245.815834289498,10.527325145266067
2023-01-02 14:41:00,1928.5857171434286,51.08600128723445,31.902706443718376,130.92728795038758,7.316176201914308,966.4897370443784,3251.4258220497686,10.528597055835643
2023-01-02 14:42:00,1928.985797159432,51.22388226156699,31.345046183453224,131.03778076623794,7.214715541946061,965.3859041830327,3229.142189631636,10.522150415429458
2023-01-02 14:43:00,1929.385877175435,52.18788721011827,31.213913364147487,131.96613006121532,7.265952466771148,956.7477095479445,3241.971251475732,10.490473515368672
2023-01-02 14:44:00,1929.7859571914382,50.931948516845324,31.99707207426233,131.04817312811522,7.390083634053359,957.5701490984393,3242.3498308392805,10.521538217926071
2023-01-02 14:45:00,1930.1860372074416,51.360441569955505,31.83509085876812,129.43564750769116,7.613240163599912,965.5701184470179,3254.856326265896,10.519842590664071
2023-01-02 14:46:00,1930.5861172234447,52.09042314656224,31.48469606836115,131.36206911048373,7.133914375037562,959.7504646054504,3233.010573473191,10.482418338294934
2023-01-02 14:47:00,1930.9861972394478,51.76738097081335,31.08218614033639,132.93212101327538,7.266893688566554,951.9160473324475,3218.9007163310016,10.496507651699776
2023-01-02 14:48:00,1931.3862772554512,50.76032152031983,31.946204212056443,131.98175190158076,7.228713799198203,960.94692624468,3236.2660229173334,10.503170567669542
2023-01-02 14:49:00,1931.7863572714543,50.860491970106175,31.823503424430648,131.4528247132201,7.374410045933909,961.3720867310825,3267.217230070751,10.524014765599063
2023-01-02 14:50:00,1932.1864372874575,52.4784116795151,30.65797418410055,133.01529455892407,7.032747580023453,956.3336763335774,3213.683678812663,10.455356352280635
2023-01-02 14:51:00,1932.5865173034608,50.03457269700663,32.26717248300131,130.26089620952854,7.429904084848359,964.1336310914663,3281.6998544233197,10.525598570148933
2023-01-02 14:52:00,1932.986597319464,51.010680558445436,31.09486474155972,131.5577163906558,7.217079958141578,958.0147004668916,3227.1575960718155,10.505086680940037
2023-01-02 14:53:00,1933.386677335467,50.70240105660197,32.3035292087221,131.67118698519366,7.292812702400582,963.3651077574735,3250.6329379130316,10.52556266239089
2023-01-02 14:54:00,1933.7867573514704,51.11094560814828,31.796113416145158,131.5121070322416,7.392241416504933,957.453961330598,3248.7101617901108,10.51539433721334
2023-01-02 14:55:00,1934.1868373674733,50.79914833649288,31.348258834345838,131.47899806542327,7.185658323353831,966.4309565583666,3259.234272528473,10.51645847159356
2023-01-02 14:56:00,1934.5869173834767,51.66558871743008,31.652844908055275,131.12842811038576,7.350355575967835,964.8415157057269,3266.381466106457,10.510459015079592
2023-01-02 14:57:00,1934.98699739948,47.19989890729798,34.33467578830654,129.03163181718125,7.995966739768899,976.1356303550857,3319.6254359920854,10.610592000280404
2023-01-02 14:58:00,1935.387077415483,49.75187121601602,32.9753717129047,131.19229682151894,7.584976147977599,962.1312798664158,3258.3535966736704,10.534627748885704
2023-01-02 14:59:00,1935.7871574314863,50.50091034685121,31.555479648520095,131.77058575809946,7.367264472301534,957.6126475017169,3243.876355149086,10.513975570388109
2023-01-02 15:00:00,1936.1872374474897,49.35983786474885,32.955359642972354,130.125109283445,7.620649065385628,970.3903892263919,3292.034773208137,10.550876769317938
2023-01-02 15:01:00,1936.5873174634926,51.067232536804596,31.738827196090888,131.2991602753843,7.199426791393667,957.5165504611326,3244.441046187432,10.51058820488706
2023-01-02 15:02:00,1936.987397479496,50.64062363048561,31.781957086176867,131.19994147888337,7.319844983977136,963.4403162855256,3262.908035551689,10.514385504129795
2023-01-02 15:03:00,1937.387477495499,48.93530857108253,33.467660791895604,129.310348465503,7.499526377422476,964.9032627581877,3298.0931883616768,10.5447443656956
2023-01-02 15:04:00,1937.7875575115022,49.81711075432194,31.970934945548457,130.39942629142192,7.276452679760701,965.8513167173729,3270.202559580759,10.51918683656889
2023-01-02 15:05:00,1938.1876375275056,48.74138615421148,34.35944686374028,128.46401234170182,7.758788691398475,975.6304933103348,3314.7798769373817,10.579456426144008
2023-01-02 15:06:00,1938.5877175435087,48.847072327090736,33.2578607551386,130.2659565148536,7.58678431082766,970.6643005586171,3298.9313126646293,10.55466361748674
2023-01-02 15:07:00,1938.9877975595118,49.31263392220114,33.09784876486864,129.85310992749564,7.657009861544226,968.5022548145329,3291.162480213101,10.540635944134301
2023-01-02 15:08:00,1939.3878775755152,49.96204521782606,31.66705347357718,130.7859109846629,7.398923971065088,968.1477649938907,3255.6119873551165,10.531756375701637
2023-01-02 15:09:00,1939.7879575915183,51.60878437989917,30.912271054492276,131.67241026232716,7.216801295489416,959.5447607861902,3259.5542527250677,10.51212304220918
2023-01-02 15:10:00,1940.1880376075214,47.711302509442795,33.51990321830862,130.84078412905305,7.688599119124364,975.0558069917395,3310.1498680842055,10.574267415487386
2023-01-02 15:11:00,1940.5881176235248,49.98155201947506,31.762942464726237,130.84877536285424,7.306919351830387,962.0004380655405,3264.9883128855945,10.516552264171308
2023-01-02 15:12:00,1940.988197639528,50.84466926768187,31.71365483829658,130.53554011673316,7.3745118089476,961.7475214832683,3255.3208674897965,10.507598580331349
2023-01-02 15:13:00,1941.388277655531,50.51585109098637,32.15199467809173,131.52961063783744,7.448804777231018,964.2526463842196,3254.741729036427,10.518708994805422
2023-01-02 15:14:00,1941.7883576715344,49.93263030162294,31.81488889435592,130.6942873288833,7.472015266576979,967.5934217656893,3264.405246991257,10.521080848795798
2023-01-02 15:15:00,1942.1884376875375,47.954371449169955,33.62252873436788,129.27221977569826,7.7787465360791295,972.9171304536956,3305.9815173407037,10.568825934565238
2023-01-02 15:16:00,1942.5885177035407,48.73914894646859,33.9517714541601,128.9539155833118,7.661180958290174,973.01524918012,3310.8836039867642,10.582553263733075
2023-01-02 15:17:00,1942.988597719544,49.027748119256835,32.72368195321106,129.7432094510472,7.5861577452686015,969.5637499740542,3288.192501785467,10.552502850721558
2023-01-02 15:18:00,1943.3886777355472,48.26269636252242,32.17918513262545,130.53002473134157,7.533465662243412,971.0808716551759,3280.46668333898,10.53887578878902
2023-01-02 15:19:00,1943.7887577515503,49.86154126823335,32.58803958008021,129.98869534132848,7.67014793839865,960.2814187979673,3270.609410089283,10.543563338285017
2023-01-02 15:20:00,1944.1888377675537,46.95761842949763,34.49525499952908,128.25778982821743,7.944361103951177,979.3809827237088,3330.326749056918,10.592430385016575
2023-01-02 15:21:00,1944.5889177835566,49.21859347160338,32.57520124280752,130.45785839725616,7.592950012697495,966.7300965734393,3272.295468924572,10.531400314138782
2023-01-02 15:22:00,1944.98899779956,49.392005694210724,32.63053650454905,129.46488618782664,7.392891515035848,964.9043604015419,3248.1270173215644,10.523359073572454
2023-01-02 15:23:00,1945.3890778155633,48.69396121099971,33.038565807162485,129.38384883128228,7.670455618247936,967.5685468778968,3273.176471024657,10.542655681406783
2023-01-02 15:24:00,1945.7891578315662,49.29678848524527,32.72371449010343,131.32027201011692,7.436243369005146,966.1683252088421,3278.8738669996433,10.5428179703133
2023-01-02 15:25:00,1946.1892378475695,49.6577044828915,31.68358675247883,131.06336099983997,7.412468312793984,965.3555107340148,3256.311481559912,10.51943310744676
2023-01-02 15:26:00,1946.589317863573,49.39774199331119,32.261383850575044,130.51960881249437,7.37727017419142,962.2195133070425,3274.6137903016815,10.525546711597658
2023-01-02 15:27:00,1946.9893978795758,48.44571434100053,32.92472024971666,129.13509558174354,7.675902601240098,969.6701158646799,3271.6500866197925,10.538936180256878
2023-01-02 15:28:00,1947.3894778955791,46.805760392540506,35.08520636933,128.32525711269741,8.030369573308212,979.8240273148165,3334.2036382462243,10.594654056560062
2023-01-02 15:29:00,1947.7895579115823,46.04091840822547,35.181152620002244,128.3637621171017,7.896902576556606,978.7236120966568,3339.6269151506444,10.616158577547255
2023-01-02 15:30:00,1948.1896379275854,48.590455553335495,33.158288322135924,130.96059854977423,7.7936474256415424,972.7724744592716,3290.4389345009276,10.544097906548403
2023-01-02 15:31:00,1948.5897179435888,49.46123190594093,32.76558325526364,131.43619534002073,7.714771374979297,967.3841266425707,3258.4791532287804,10.545743915518514
2023-01-02 15:32:00,1948.989797959592,47.615443504985066,33.681634352218495,129.04388597647664,7.658873151279676,969.7602008970784,3299.104070466363,10.559450737519054
2023-01-02 15:33:00,1949.389877975595,48.78749343448722,32.91801218103436,129.58760755148134,7.606293257446087,966.5619648869963,3277.6308363734656,10.57256465608803
2023-01-02 15:34:00,1949.7899579915984,47.29139356644147,33.72281619188901,128.4368872821619,7.886538318346631,971.5566128001595,3299.035740380373,10.579020739166742
2023-01-02 15:35:00,1950.1900380076015,49.887445240892745,32.26680178919025,130.21293673961526,7.452694486396334,965.87583909902,3265.0262739378295,10.512638592171243
2023-01-02 15:36:00,1950.5901180236046,48.61996398168194,33.13183092730387,130.1299858188176,7.531714298914358,967.5598288707229,3273.3718832460954,10.54568305651558
2023-01-02 15:37:00,1950.990198039608,49.134568632129216,32.572637007833826,130.30476705601666,7.667224169950638,970.4998128414921,3280.5889500661983,10.532169693232637
2023-01-02 15:38:00,1951.3902780556111,48.84335133712714,33.03641626633795,131.20890213051982,7.408552947126009,967.0058384130383,3252.5886414488455,10.547451283266932
2023-01-02 15:39:00,1951.7903580716143,48.19805005445007,33.455579988352945,128.7387600240699,7.635208679669887,970.0201457616115,3297.6445515760247,10.584274202897355
2023-01-02 15:40:00,1952.1904380876176,50.695342206176875,31.671961966735054,131.40593089601282,7.315612039890784,962.8049395172585,3241.6127974031087,10.514195378321748
2023-01-02 15:41:00,1952.5905181036208,45.13960075135628,36.07297607000079,126.28630231972978,8.00247189708884,981.871403466787,3354.7673644522793,10.62820177613195
2023-01-02 15:42:00,1952.9905981196239,50.05182278692136,32.43960413272355,130.6175182279451,7.448083300157757,964.1570712478615,3265.835309951893,10.5224690554787
2023-01-02 15:43:00,1953.3906781356272,47.03535177285268,33.71844416366833,128.64524960714502,7.693294610204494,970.8228347370169,3311.8094172835586,10.57924471138379
2023-01-02 15:44:00,1953.7907581516304,46.688529761111184,33.76500431558218,129.37731696173793,7.933876557053816,967.0229181350987,3312.0627701488193,10.590317219014054
2023-01-02 15:45:00,1954.1908381676335,47.73717184336747,33.135391870480944,129.48942775603842,7.731714817898548,972.996779229689,3294.3977106166603,10.572530800104538
2023-01-02 15:46:00,1954.5909181836369,47.6714166041337,33.09757942867439,129.10109556958483,7.4578916059763785,973.1410980464575,3297.5335526823606,10.554508736606797
2023-01-02 15:47:00,1954.99099819964,49.774210358674665,31.608268737603048,130.02212859293246,7.281433780727401,965.6547628853302,3255.2272395195687,10.52074670657719
2023-01-02 15:48:00,1955.3910782156431,49.78245749348733,32.72946577852262,130.1778075804291,7.3697836678982895,970.9313815396115,3252.8512027513702,10.527523573227642
2023-01-02 15:49:00,1955.7911582316465,48.96704423303033,32.29954681185318,130.56874152744578,7.464381344542188,971.0682937991801,3267.0927945035023,10.537396948385517
2023-01-02 15:50:00,1956.1912382476494,47.30462590133154,34.10172440211825,129.34507199909515,7.661143659677065,973.2145948092092,3305.177090877701,10.560825321651514
2023-01-02 15:51:00,1956.5913182636527,46.4375477964557,34.145496302381225,128.66133557829158,7.864544637606885,978.8494861186531,3295.91958966158,10.585866053832703
2023-01-02 15:52:00,1956.991398279656,46.27057937638616,34.49204263755241,128.9801114687172,7.835185154552802,977.5233368693121,3315.756228592714,10.59830756170332
2023-01-02 15:53:00,1957.391478295659,47.70346222829207,33.944717734252144,128.93325991278988,7.750283732432267,970.7988244391241,3295.9538298822317,10.559927538493206
2023-01-02 15:54:00,1957.7915583116624,48.49824301516479,32.54611770136953,128.3121722882979,7.631645763547189,968.2083372047811,3309.4366471426406,10.562795495899467
2023-01-02 15:55:00,1958.1916383276657,45.876987117990616,34.42645771809742,128.6559576382269,7.807844976646903,977.0281567757681,3326.6528645938097,10.603285193781176
2023-01-02 15:56:00,1958.5917183436686,47.23490402357906,33.499003936338994,129.82192986903306,7.900503305024751,974.955105300398,3306.8605383924073,10.588695187994626
2023-01-02 15:57:00,1958.991798359672,48.01308699145603,33.10385686122349,129.9573838528655,7.875100643287041,977.9483980472668,3318.700492595753,10.56056797096532
2023-01-02 15:58:00,1959.391878375675,47.95143128612519,32.91077908666864,129.08089677289638,7.670694229660099,972.9229271081323,3296.390443757185,10.564769806296471
2023-01-02 15:59:00,1959.7919583916782,48.261625101226265,32.53081559746425,130.2020090693759,7.4566356517243175,964.0856669603722,3277.972798349542,10.549148326857951
2023-01-02 16:00:00,1960.1920384076816,47.65824342685335,33.76922262593771,129.37508324317062,7.691516517680777,971.7907705058033,3305.579755902012,10.576096851360813
2023-01-02 16:01:00,1960.5921184236847,47.53537565934803,34.17489370898766,128.78053731398052,7.8867250905959345,976.156771691625,3294.8361785925767,10.591126480314914
2023-01-02 16:02:00,1960.9921984396879,48.812619789583984,32.91437941288247,130.07415926303938,7.660946139743032,971.7485665640157,3285.377359965372,10.542096924747856
2023-01-02 16:03:00,1961.3922784556912,46.04419544560537,34.16367329993769,128.3806852457409,7.775170946875392,980.2054812577278,3335.1845188823245,10.588529931611665
2023-01-02 16:04:00,1961.7923584716943,48.82525318819433,33.04627791190773,129.31294342420975,7.545497202661489,969.190859425002,3302.2599789659625,10.537000537036926
2023-01-02 16:05:00,1962.1924384876975,48.20877480380565,32.87963345818829,129.64263139426947,7.6093480987567865,970.0454022902193,3287.4899221245273,10.528602856942525
2023-01-02 16:06:00,1962.5925185037008,46.430791281317184,34.1864489877816,129.1658700482112,7.750054010722176,979.3874364988733,3311.4537561068014,10.573826026946286
2023-01-02 16:07:00,1962.992598519704,48.02490780753303,32.79319140225643,129.95832387078977,7.531287651788959,965.3967994017291,3269.1221268291156,10.565644361141448
2023-01-02 16:08:00,1963.392678535707,44.83032984651211,36.226326611046304,127.70636967334927,8.114017181770993,987.0891462386344,3353.2327577335855,10.630131244261234
2023-01-02 16:09:00,1963.7927585517104,49.49557749986019,31.895534318818488,131.17744751354203,7.283765213055852,966.5291583558877,3261.050791566739,10.514752375511636
2023-01-02 16:10:00,1964.1928385677136,45.29556522194134,35.30631638536535,128.38185824547128,8.03595799747189,984.8225248294649,3343.193204794099,10.626723726555554
2023-01-02 16:11:00,1964.5929185837167,46.689284991158836,34.37328719560826,129.1645684248982,7.943567977626475,976.1841097458167,3326.5396414211814,10.579898428730893
2023-01-02 16:12:00,1964.99299859972,46.00040230737764,34.79559309517495,128.67969969379556,7.776205674920314,986.9129980430497,3313.7740051686233,10.613049024221977
2023-01-02 16:13:00,1965.3930786157232,45.940533841670124,34.21143698764113,128.4602876443372,7.947233249372635,983.5884550396514,3321.498238528448,10.613020500687417
2023-01-02 16:14:00,1965.7931586317263,47.52809854972482,34.33307901173339,130.39801885974816,7.848888026122722,975.6499297336132,3305.1753658943653,10.56098090380848
2023-01-02 16:15:00,1966.1932386477297,45.158551918412165,35.05249079659309,128.16515941530568,8.089925476914166,979.6294261700227,3343.677934128221,10.611938307358294
2023-01-02 16:16:00,1966.5933186637326,48.36746177697374,33.090693184183806,128.97598758150943,7.617120057730703,971.4850902258523,3289.7541292983087,10.53051419998529
2023-01-02 16:17:00,1966.993398679736,46.54425188863904,34.25472682356589,128.74989489106665,7.845342474593794,977.0681244669918,3311.9331944961764,10.577922368102652
2023-01-02 16:18:00,1967.3934786957393,44.854029658759444,35.75316618181467,126.6336684894102,8.124759195066417,989.7532086615024,3368.54704091812,10.641032041488037
2023-01-02 16:19:00,1967.7935587117422,47.71318405864349,33.73048169399248,129.71748993590785,7.853762346117753,969.9791945740212,3288.1995874772906,10.564293648053669
2023-01-02 16:20:00,1968.1936387277456,47.309739198660395,33.25648678833607,129.73687200841607,7.768669355404982,972.0964465519692,3282.162686917728,10.571390293687342
2023-01-02 16:21:00,1968.593718743749,47.796375334312984,33.43968367077514,129.45277896967946,7.6318370119451275,973.8559459766795,3286.520677191455,10.563854530884218
2023-01-02 16:22:00,1968.9937987597518,47.743900448228615,34.118859638935675,128.70482446647685,7.858657461557007,977.1434140674479,3286.203763594952,10.559056235275937
2023-01-02 16:23:00,1969.3938787757552,46.846127626575296,34.22851465934236,129.10760956096826,7.747959560664355,970.3565994801118,3307.9571207317526,10.585542227803439
2023-01-02 16:24:00,1969.7939587917583,46.17465284119797,34.04463181362745,128.52049575106108,7.834331404869518,973.0646540794903,3313.429115356299,10.587756596932591
2023-01-02 16:25:00,1970.1940388077614,46.03750496940444,34.775613165399534,128.93751381281004,7.838435735588277,972.6334861412405,3318.115314647811,10.594079912385146
2023-01-02 16:26:00,1970.5941188237648,46.23428326762655,34.59456834311978,129.25521088036805,7.858323535404896,972.5134470225091,3315.9970763160527,10.57420341408399
2023-01-02 16:27:00,1970.994198839768,46.86937070437086,33.944599617433276,130.4285214182346,7.709130938550306,971.3985509485042,3303.818399553176,10.585080555708817
2023-01-02 16:28:00,1971.394278855771,47.942900661361044,33.639598227362846,129.34529891524136,7.647105624537244,973.3048988839159,3281.880808431403,10.550025366244956
2023-01-02 16:29:00,1971.7943588717744,46.34200629198214,33.58835602657772,128.5810881703727,7.792437741674963,977.2456745799509,3309.1529894378955,10.577935696426056
2023-01-02 16:30:00,1972.1944388877776,45.13390391877757,34.33588628650109,128.2092818580759,7.980926095573269,978.6996061077322,3316.8183813727783,10.604609186538726
2023-01-02 16:31:00,1972.5945189037807,45.979496583455926,34.889281998401835,128.08256154326267,8.025603691237821,980.1063009270671,3326.867654801404,10.616159892330224
2023-01-02 16:32:00,1972.994598919784,48.2716897654751,31.991419301148195,131.22010024907703,7.319829071603303,968.6277808228264,3270.4518858352108,10.524031872777455
2023-01-02 16:33:00,1973.3946789357872,44.953712531866174,35.452806304573265,128.02078148631242,8.022869705299723,976.7792926061119,3314.8637027928876,10.609801479778307
2023-01-02 16:34:00,1973.7947589517903,45.90568052099313,34.706735945940636,129.45881881832008,7.766591603577092,972.2857321417114,3320.666364268707,10.597870743014223
2023-01-02 16:35:00,1974.1948389677937,46.70243409888105,34.3386081932799,129.2422788556404,8.029783368642097,977.4165447203368,3320.879080952872,10.585608806761217
2023-01-02 16:36:00,1974.5949189837968,47.361829783132684,33.58675496998796,129.16166908416986,7.661202986303153,971.4673090889966,3309.929448487425,10.56094605304992
2023-01-02 16:37:00,1974.9949989998,45.05108606248785,34.87105216530554,127.45736258624503,8.158862556937565,978.7814460856202,3334.433465086692,10.613667965586217
2023-01-02 16:38:00,1975.3950790158033,45.63388268696044,35.11713693931911,128.24765607273264,8.095885644450426,984.0865840763034,3366.0730395134356,10.617801054259969
2023-01-02 16:39:00,1975.7951590318064,45.3196370115152,35.06632184230851,128.0242523775228,8.038681218093046,974.8721062922085,3325.884119107564,10.624684106276131
2023-01-02 16:40:00,1976.1952390478095,47.24064962016996,33.638727930352076,129.17442749500358,7.646581489321577,971.4361661394806,3303.184699390972,10.563858114669607
2023-01-02 16:41:00,1976.595319063813,47.52690098827448,33.73246041794852,129.1696570663576,7.7827496970014085,965.0987976036818,3285.7931981507345,10.551895182762884
2023-01-02 16:42:00,1976.995399079816,46.26529246167157,34.05678680492546,129.1259148453757,7.7709265479269884,974.8635657754027,3310.1538539460294,10.605294765148672
2023-01-02 16:43:00,1977.3954790958192,45.87595982897688,34.46379965033203,128.21821731544847,7.947180108350971,982.4178511932413,3350.3403474949077,10.596958855241379
2023-01-02 16:44:00,1977.7955591118225,46.926248806868784,33.80481290370326,129.32835229830462,7.867304310840632,975.3367339784287,3337.8375017632225,10.596060169270908
2023-01-02 16:45:00,1978.1956391278254,45.91374694463391,34.82801280486031,129.04495275136716,7.880946059989776,974.4545684217439,3326.8259996689453,10.595828994275887
2023-01-02 16:46:00,1978.5957191438288,46.47237659504216,33.769720739431285,129.07909298391147,7.675212736471754,979.3825429921884,3299.485698222784,10.582724530116376
2023-01-02 16:47:00,1978.9957991598321,46.57341967170684,34.81408022564713,128.9039687273678,7.784991959056522,976.8898729324064,3308.355263042325,10.589028906805543
2023-01-02 16:48:00,1979.395879175835,46.25663344665233,34.23291696345159,129.00893082957367,7.766061600986352,982.3580622995951,3322.1512973165695,10.588879259906756
2023-01-02 16:49:00,1979.7959591918384,45.724959877517584,34.265367616278255,128.66887574126605,7.800586277072262,977.3978073749864,3326.2511730736874,10.601120826564804
2023-01-02 16:50:00,1980.1960392078417,45.6555285565982,34.59789894422201,128.05797952907278,7.913888923245223,978.383967137126,3323.1905707314486,10.595580484154592
2023-01-02 16:51:00,1980.5961192238447,46.21897175621019,33.99977113225524,127.44405614842869,7.967542666180597,982.8669031256118,3327.567305085304,10.608888950934347
2023-01-02 16:52:00,1980.996199239848,45.403286132820156,35.04457479117673,127.86441759657356,7.984702482850938,978.8517192524546,3340.2031967427884,10.621021826829208
2023-01-02 16:53:00,1981.3962792558511,45.78059514821938,34.856396237311806,128.84942738861452,7.808475258161161,976.2450856057199,3325.3355058161815,10.584548573708794
2023-01-02 16:54:00,1981.7963592718543,44.48978874431319,34.36254871825074,127.64176464073749,8.055463303590505,973.5071298912359,3321.3744547935794,10.614487417907199
2023-01-02 16:55:00,1982.1964392878576,46.61249116379576,34.41663750772876,128.9068088045213,7.933169466844747,983.1464626985149,3325.6799028158744,10.589287702160474
2023-01-02 16:56:00,1982.5965193038608,43.39397014802208,36.146112047439026,126.70770994777314,8.281590642042737,988.8759511026925,3373.8540918738386,10.643683134272532
2023-01-02 16:57:00,1982.996599319864,44.84573940736263,35.53883496775519,128.66052040850803,8.093139484114921,982.1227589118563,3338.7122078798543,10.621816520765984
2023-01-02 16:58:00,1983.3966793358672,46.31697044687768,34.43285693493393,128.91818863820114,7.875197549391719,976.5615763809614,3317.4852534656297,10.570139587571802
2023-01-02 16:59:00,1983.7967593518704,45.14576038466156,35.112055297159024,128.07316773897043,7.895550620275478,977.2725622587402,3333.7065435832437,10.610840506895823
2023-01-02 17:00:00,1984.1968393678735,46.38766215376143,35.0398171761282,128.45828949305155,7.854217635938645,975.6633288275101,3333.6620242596805,10.595331668694369
2023-01-02 17:01:00,1984.5969193838769,43.07567285017542,36.288938155250975,126.98208061668184,8.318675950169164,989.7138891243007,3365.9914674827805,10.662340479850965
2023-01-02 17:02:00,1984.99699939988,45.058352219986276,35.209498338757136,128.45880437138024,7.8744418349273575,981.3974937774245,3341.2356451920837,10.60358421080105
2023-01-02 17:03:00,1985.3970794158831,43.89196625192219,35.478051601660184,127.92455954765144,8.23716765022523,984.3874500310931,3349.1614426759597,10.625589058478694
2023-01-02 17:04:00,1985.7971594318865,47.56272750581113,34.01120688139671,128.33948491877177,7.748590459313072,973.6777602070781,3317.1627189144483,10.56331186272251
2023-01-02 17:05:00,1986.1972394478896,44.17573689106592,35.52239102508254,127.60084346272083,8.252992433987421,986.5113058134633,3361.385632801377,10.637132983416976
2023-01-02 17:06:00,1986.5973194638927,45.14562287517537,34.9527898927427,127.78725706374523,8.065225358630242,975.1635321277978,3324.2849833946775,10.609674110313184
2023-01-02 17:07:00,1986.997399479896,44.010094055455056,35.21422100608668,127.26165542282826,8.184328290283181,988.0712843363042,3349.503053545586,10.644278412360345
2023-01-02 17:08:00,1987.3974794958992,42.47305950281786,36.5772728930422,126.68204046898104,8.153642523083747,989.0803152968617,3378.2416175836024,10.655621843040855
2023-01-02 17:09:00,1987.7975595119024,45.4085368557058,34.275374405866884,127.97372205304397,7.9158222122685356,977.8938494285795,3322.6222406766856,10.595447518628847
2023-01-02 17:10:00,1988.1976395279057,43.17876730702526,35.55858184752099,128.0457806238069,8.15316392367224,982.1354673897125,3341.4129792428334,10.63400640210796
2023-01-02 17:11:00,1988.5977195439086,45.48269060730197,34.404335958118416,128.32414716728482,7.799464632413096,977.0495503215551,3322.497614521837,10.601561166190832
2023-01-02 17:12:00,1988.997799559912,43.098348020972416,36.60453783361623,127.82057096057991,8.111760494931865,988.8991852091478,3384.078020043894,10.623068941023485
2023-01-02 17:13:00,1989.3978795759153,45.67473879230335,34.24762590107084,128.52311258327455,7.956932635031641,980.1876597316333,3336.869202767011,10.588462323163778
2023-01-02 17:14:00,1989.7979595919182,44.96376439647724,34.21158540308749,129.12169118749512,7.833460006108211,981.9677443309295,3313.844298526278,10.607630569739813
2023-01-02 17:15:00,1990.1980396079216,45.97898352528725,33.47808278534954,129.71357168100374,7.981283106003663,975.6282634565173,3289.7085258611028,10.574460079395516
2023-01-02 17:16:00,1990.598119623925,42.27842120260578,37.17799378054958,125.81470409231356,8.450258124290805,990.0111176401152,3380.861840885849,10.674506812513263
2023-01-02 17:17:00,1990.9981996399279,44.411333701834465,34.497894733881225,127.56039269930716,8.106049591406977,980.7094506413085,3313.2426048691127,10.614083598966802
2023-01-02 17:18:00,1991.3982796559312,46.24605575337111,34.048897821559,129.12726918371598,7.787850980932383,975.3098776050596,3295.487311197325,10.5757514302533
2023-01-02 17:19:00,1991.7983596719343,44.78007898368085,34.32911080222899,128.2911313875355,7.965622410991701,977.6128864894321,3324.6466772320955,10.598534643699361
2023-01-02 17:20:00,1992.1984396879375,45.99603676722085,34.63774221956557,129.39939038690392,7.889928010469884,978.8804057695179,3320.0336764690524,10.606275489137033
2023-01-02 17:21:00,1992.5985197039408,44.54849780255885,35.26603421982608,127.54130648280263,8.189864478165799,978.9617668893577,3328.397654159438,10.630242952242678
2023-01-02 17:22:00,1992.998599719944,44.608013153951184,35.626907128821536,128.05219544675424,7.768980700876851,973.5719218904753,3342.969731653108,10.59622160596157
2023-01-02 17:23:00,1993.398679735947,43.878371124671375,36.380585061932685,126.49090081244435,8.281230608446155,989.1350390813908,3354.0777223019604,10.632483164183505
2023-01-02 17:24:00,1993.7987597519505,46.20741321261764,33.795043878474054,129.32000157394413,7.842957918155837,973.9619190697932,3301.873406865679,10.576963014508395
2023-01-02 17:25:00,1994.1988397679536,43.48081128830862,35.45289351949834,126.82435496279975,8.12876717837418,985.5142332543418,3362.5264620613502,10.618303757085108
2023-01-02 17:26:00,1994.5989197839567,44.26888794303282,35.62315470347545,128.53776159820745,7.9071659308173174,976.3841346722489,3332.334309031257,10.611203649893687
2023-01-02 17:27:00,1994.99899979996,44.651706701687736,34.764628852662334,128.20176172218808,8.005884672178889,985.134996792195,3338.5967029100316,10.60619896875933
2023-01-02 17:28:00,1995.3990798159632,43.77591450154357,35.385561530666564,127.22309384897075,8.13205822576398,984.2289711227257,3342.442615992461,10.621047815017286
2023-01-02 17:29:00,1995.7991598319663,45.21644002758465,34.885348072468155,128.59967656895233,8.111770172386178,979.586692020888,3339.1258984326714,10.617076806982054
2023-01-02 17:30:00,1996.1992398479697,42.500085895402975,36.58106854893276,126.28079236207725,8.305964561515628,990.9176996723552,3374.519072460779,10.652943165683507
2023-01-02 17:31:00,1996.5993198639728,43.07829363077835,35.40259569135115,126.34016894453758,8.046735285844687,980.9994518935436,3359.0285681363484,10.63436019444197
2023-01-02 17:32:00,1996.999399879976,46.038497845675884,34.59245175859678,129.32917263446285,8.14454348949154,978.7063013669788,3310.060937029313,10.596684633218603
2023-01-02 17:33:00,1997.3994798959793,44.89685238150386,34.63237972922507,127.61477995632009,8.067245820390635,984.8474760086967,3346.05186351986,10.603615404368103
2023-01-02 17:34:00,1997.7995599119824,42.154943856773755,36.13145920829124,127.55287279959272,8.129355707321247,985.8663689267614,3370.8769567067447,10.64634598362714
2023-01-02 17:35:00,1998.1996399279856,44.54721679735263,34.41049202166299,128.36561570263024,8.102462337684937,980.5009046458468,3334.713106464742,10.596263997250164
2023-01-02 17:36:00,1998.599719943989,42.544286338704346,36.08823464960369,127.12419746557113,8.341954945649572,986.126209709385,3360.34904681995,10.61916371747853
2023-01-02 17:37:00,1998.999799959992,45.33737460239326,33.47626396405933,129.04483079982018,7.879799938298384,979.0713691008311,3323.1171683200687,10.59266297016466
2023-01-02 17:38:00,1999.3998799759952,42.806004098789735,35.580076455055895,126.28851461476188,8.234679670308141,991.6803120723309,3375.256951044912,10.64321606029041
2023-01-02 17:39:00,1999.7999599919985,45.463401182049715,34.121426202774835,129.47244301048875,7.947599139788669,975.8813533384935,3315.5151521097578,10.5831206469602
2023-01-02 17:40:00,2000.2000400080015,45.69687113997501,33.951125317295634,129.31753623310357,7.943750023135232,977.0127059024337,3325.793789507187,10.58865679041647
2023-01-02 17:41:00,2000.6001200240048,45.604341289622894,34.90492998313153,128.7723163063905,7.728788672938434,978.4103803214646,3318.1610863528717,10.598150273183528
2023-01-02 17:42:00,2001.0002000400082,46.44708449473783,33.67887929515235,128.6424550362113,7.755511814837243,974.4031451192179,3288.9002424979644,10.563112872095195
2023-01-02 17:43:00,2001.400280056011,45.89206018674279,34.46678697633136,128.43175115611442,7.846948299923624,973.1430360351662,3311.4504784134037,10.594240840373251
2023-01-02 17:44:00,2001.8003600720144,43.82285166022965,35.395365059258936,127.81942727568264,8.153622890969642,987.2325853284281,3361.0914679742673,10.633897801260833
2023-01-02 17:45:00,2002.2004400880178,43.3435588953996,36.366505290074855,125.81347820894084,8.27796563761395,989.439620465529,3369.2858099737714,10.665286124916282
2023-01-02 17:46:00,2002.6005201040207,43.851302595820925,35.09563514896627,127.85607418592825,8.203150818744477,986.2680029111688,3333.294393051791,10.61481199174863
2023-01-02 17:47:00,2003.000600120024,43.42342216812099,35.39427795833996,126.70209172223765,8.132537613824018,981.1758343488128,3349.49728608927,10.630532283149012
2023-01-02 17:48:00,2003.4006801360272,44.38943983080172,33.867322016916276,128.15240705265356,7.889329817765958,974.2427731185049,3332.9918717154874,10.594740629409955
2023-01-02 17:49:00,2003.8007601520303,44.6354517755652,35.20867877956549,127.1865136147561,8.071622924446702,987.6412416932707,3342.283647179954,10.60996910443021
2023-01-02 17:50:00,2004.2008401680337,45.84793750149715,33.927661634834344,129.27401659746687,7.749484312861451,977.5607680982896,3305.7855122847805,10.579503287485139
2023-01-02 17:51:00,2004.6009201840368,47.447262902487886,33.776283318969675,130.0150912731332,7.562402589094734,969.8894255147995,3296.5115875673323,10.57107692733749
2023-01-02 17:52:00,2005.00100020004,44.76287941617308,34.6095108699306,128.62897337811816,7.939504004189667,980.7838309057388,3335.3330488046495,10.601139858942082
2023-01-02 17:53:00,2005.4010802160433,43.45604705430546,36.2716641011883,127.56511121643102,8.183036787810336,983.3080882960828,3364.5148184449267,10.626649228383274
2023-01-02 17:54:00,2005.8011602320464,42.87224911553417,36.28226526715597,126.85452247192472,8.24653250335821,982.9090371165335,3355.440402161438,10.644790489281135
2023-01-02 17:55:00,2006.2012402480495,43.634480173962814,35.451248334947245,128.1876464347895,8.036736911153662,975.4291668462298,3350.164623440285,10.608940059162087
2023-01-02 17:56:00,2006.601320264053,44.772881820708825,34.631251921499704,128.50505816072558,7.639851316089214,979.1835272629173,3334.5904852794843,10.594346317672453
2023-01-02 17:57:00,2007.001400280056,42.92302734784213,35.73663318811659,125.6332767045944,8.356161681254932,991.4025862945311,3379.507836950947,10.639635735295446
2023-01-02 17:58:00,2007.4014802960592,42.04089764221851,36.775053239645054,126.89340868024176,8.444714366780357,994.496008305627,3377.5685433969256,10.671957661669314
2023-01-02 17:59:00,2007.8015603120625,44.9911853540836,34.75366395409695,128.6201676305374,7.835305357881077,983.3328169091568,3342.1632165230435,10.623802742772625
2023-01-02 18:00:00,2008.2016403280657,44.06105570213517,35.09521839304742,127.97323810540227,7.915667796005427,982.4227319487145,3337.2388092139413,10.61850674666569
2023-01-02 18:01:00,2008.6017203440688,43.256827074560455,35.89877293391111,126.22000466477596,8.333312063231663,986.410630480823,3346.671476086088,10.629147976077888
2023-01-02 18:02:00,2009.0018003600721,44.484292556935735,34.978851553728695,127.90448146105146,7.948145301817149,985.5536329866703,3352.6527913200616,10.620579384108185
2023-01-02 18:03:00,2009.4018803760753,45.07863038882979,34.43546621928943,129.05016554608193,7.8723649210539834,969.6274692688644,3321.1119422503652,10.562925811055178
2023-01-02 18:04:00,2009.8019603920784,42.31225349842855,36.040074402390246,126.47832687019392,8.249441794405847,991.394380189778,3364.8722395409495,10.64749290417261
2023-01-02 18:05:00,2010.2020404080818,44.359650640198,35.736716534692874,127.54423120646912,8.176656571071097,980.6735100155063,3354.2049498844344,10.622588022235814
2023-01-02 18:06:00,2010.6021204240847,45.137541485855465,34.77950277816633,129.14090068427663,7.890601348869231,974.5661109367835,3341.6113927678066,10.610593954893638
2023-01-02 18:07:00,2011.002200440088,42.64443300006164,35.845903966709606,128.23747844091343,8.196621341023024,988.5283705850256,3357.470475808629,10.641442565437627
2023-01-02 18:08:00,2011.4022804560914,42.342987889165606,36.917434814813156,126.50281535774647,8.395823424379296,992.7815715196914,3385.8119919045153,10.657626310417804
2023-01-02 18:09:00,2011.8023604720943,42.476943667080285,36.16887832813618,127.1173635627564,8.194773824964537,985.1268355111075,3353.7070210417933,10.64080345752796
2023-01-02 18:10:00,2012.2024404880976,43.917399768680895,34.91644250445001,127.92724619147616,7.764762909739533,980.7935918793551,3321.919828005719,10.596917155437414
2023-01-02 18:11:00,2012.602520504101,45.46167644827539,34.12347993521914,128.37479733446182,7.788370879010441,978.8734178863499,3328.092477715665,10.596550771263173
2023-01-02 18:12:00,2013.002600520104,42.594272096716224,35.83740995736214,127.15885879706825,8.079390113190208,984.411257536848,3359.850009009462,10.626569573939713
2023-01-02 18:13:00,2013.4026805361073,44.09932008234462,35.27904432449483,127.8873903001931,8.00823963966672,985.3867867666435,3353.360123366315,10.636542742819952
2023-01-02 18:14:00,2013.8027605521104,42.756545125763964,36.33034633323798,127.59252269936918,8.230613845341153,991.8415631861653,3375.4771303748626,10.648826252295084
2023-01-02 18:15:00,2014.2028405681135,44.809031887418485,34.45090714687361,128.90957002865503,8.011329770331226,980.3100846687123,3328.918051320751,10.612779605469152
2023-01-02 18:16:00,2014.6029205841169,42.382582734121705,35.70869051429613,126.43977085198512,8.228669252954353,984.8469010479639,3356.943302765708,10.631310169628927
2023-01-02 18:17:00,2015.00300060012,42.678867047382774,36.02240996107692,126.0362099753387,8.350825019083311,988.8779029081213,3376.302326213909,10.648304473189382
2023-01-02 18:18:00,2015.4030806161231,44.40873727030699,35.03998734354324,128.7134642486354,8.057121947788913,979.3370069221603,3323.620316589497,10.617134171175755
2023-01-02 18:19:00,2015.8031606321265,43.75021433681402,36.00086413468432,128.3007498372519,8.14915625014437,985.6763092412011,3353.0571116831866,10.624102585288215
2023-01-02 18:20:00,2016.2032406481296,45.314424941016206,34.47690240463976,128.73613618580197,7.762798513244505,981.043561149286,3328.224831142839,10.582319495669367
2023-01-02 18:21:00,2016.6033206641328,43.34472358840392,36.19719894510147,125.4583842322195,8.14152888366191,981.8947411593617,3343.7556819029196,10.627350950719276
2023-01-02 18:22:00,2017.003400680136,44.41084825751961,33.843366921777175,128.37148644430582,7.877809418448816,973.9273469193837,3309.9940446460614,10.580595553523436
2023-01-02 18:23:00,2017.4034806961392,44.20806073559361,34.38673859033322,128.39065299598292,8.187380807765704,985.4577711712351,3327.5981007353707,10.60097853910882
2023-01-02 18:24:00,2017.8035607121424,42.891276560664615,35.56982677879726,126.71253245842925,8.198973394448373,986.0797012104058,3332.2228801854817,10.63742446033964
2023-01-02 18:25:00,2018.2036407281457,42.927941161892555,35.629086723085855,127.49984976397177,8.183377863380993,979.1772444406956,3362.533591693774,10.619711096500408
2023-01-02 18:26:00,2018.6037207441489,43.69082974924959,34.92822158925388,128.71297942259713,8.058382071183656,987.7985624771508,3345.6138580360193,10.599224837593217
2023-01-02 18:27:00,2019.003800760152,42.72561616269997,35.74128183313088,127.74628575037512,8.231025394611171,989.8514501769276,3360.683221115784,10.643497852641625
2023-01-02 18:28:00,2019.4038807761553,44.292184306268524,34.597073742700154,128.9935174371631,7.887173213121451,982.2011115670135,3304.290195819895,10.57040946595696
2023-01-02 18:29:00,2019.8039607921585,42.33896712136747,35.886578260997084,126.70944553464969,8.245842437998368,992.4763332234332,3381.312521946028,10.63848427602323
2023-01-02 18:30:00,2020.2040408081616,43.06152457453662,35.168806258049855,127.24390090910892,8.14463446252935,991.7360937143706,3345.8577681868283,10.63304481225101
2023-01-02 18:31:00,2020.604120824165,44.67189183406177,34.04262520787258,129.21668882386913,7.897316524862392,972.8352797565825,3319.977414358195,10.589057597757352
2023-01-02 18:32:00,2021.004200840168,41.411034501305444,36.95375134225931,125.96761306273902,8.417817589157007,990.3760473130341,3391.0883145398793,10.669773223175437
2023-01-02 18:33:00,2021.4042808561712,42.37747076075333,36.14501941389082,127.18783752096176,8.282660513574648,984.2682947022907,3342.9714077816716,10.626305495075654
2023-01-02 18:34:00,2021.8043608721746,42.982980511965515,35.20487517487553,126.74932509429051,8.191028904468258,982.042019459732,3362.020553695212,10.619941855415698
2023-01-02 18:35:00,2022.2044408881775,44.51451171078795,34.260058133119884,128.1665926805309,7.815137902627834,978.1463492949338,3333.482959202775,10.600049129618064
2023-01-02 18:36:00,2022.6045209041808,44.91924515363777,34.72889965289538,128.82153161564673,7.823750728007383,976.7642958274257,3332.4242988676974,10.59530829435898
2023-01-02 18:37:00,2023.0046009201842,42.9699420275065,35.893484957307294,126.79639991945344,8.20297978304802,981.0742370445126,3357.2302495221124,10.617240413342374
2023-01-02 18:38:00,2023.404680936187,43.66928223930466,35.64899987302141,127.9124710164178,8.005662636960164,979.4955855381043,3330.5687466844433,10.607812208383544
2023-01-02 18:39:00,2023.8047609521905,42.75506674370616,35.79019172482268,127.55679617906883,8.052810985918422,983.7405651860664,3362.675124007063,10.625137445804386
2023-01-02 18:40:00,2024.2048409681936,43.00467980217074,35.55831278357905,127.71624034228651,8.30085051715995,987.2949221515001,3372.562083523631,10.629245921502696
2023-01-02 18:41:00,2024.604920984197,43.292434391647824,35.47601604728245,127.97662758292024,7.985793224042827,980.8778458193855,3345.921478475796,10.620150750278853
2023-01-02 18:42:00,2025.0050010002,43.995438868333046,34.78993704152792,128.44370214327554,7.836175313231215,982.5058419430512,3334.5611732704806,10.593640288885592
2023-01-02 18:43:00,2025.4050810162032,44.42761664472265,34.278091467644806,128.32758170802128,7.799743706115336,973.139206746869,3308.59552145251,10.604286215629527
2023-01-02 18:44:00,2025.8051610322063,44.232652554670054,34.45660013041922,127.27733949406657,8.037412017927874,971.1715007676165,3315.6648870642675,10.60223598743912
2023-01-02 18:45:00,2026.2052410482097,42.18779469635293,36.26787174803285,126.56338533278227,8.2406553826224,986.2662486473513,3359.7380963343417,10.644405873906582
2023-01-02 18:46:00,2026.6053210642128,42.35822511192112,35.52658172308517,127.9018165588828,8.30573588492324,981.7049807031042,3363.8338560765183,10.614420686347355
2023-01-02 18:47:00,2027.005401080216,42.93147322984716,36.59269576207404,126.03999272093861,8.234403901358158,986.1190283037392,3386.359826661299,10.675606835896684
2023-01-02 18:48:00,2027.4054810962193,43.39678026384157,34.23619819947293,127.39875331224162,8.057819599392285,978.30894038131,3338.171019824936,10.625678411058384
2023-01-02 18:49:00,2027.8055611122224,42.06214825320738,36.55135630735005,125.91144117990306,8.468704366444506,987.84279434014,3382.7142748029687,10.649220469436319
2023-01-02 18:50:00,2028.2056411282256,44.403024760280324,34.57198408499795,127.24826423571713,7.913660598148101,976.8723166707834,3319.9163434255584,10.605747062057606
2023-01-02 18:51:00,2028.605721144229,42.71532210161879,36.3985171342959,126.47838943408426,8.292462570424362,983.6737574217266,3363.0618194607555,10.628150978003926
2023-01-02 18:52:00,2029.005801160232,41.8374171741546,36.43930870305335,127.24515482825363,8.105375676069213,984.0778791109495,3364.8901853285606,10.644091446427222
2023-01-02 18:53:00,2029.4058811762352,44.08165914444607,34.779048762331094,127.9328395345543,8.129444050743457,972.7463372513047,3329.4474619185767,10.60549280672531
2023-01-02 18:54:00,2029.8059611922386,41.157173334708816,36.29573000835498,125.70022102256554,8.424959587634802,982.5194186139927,3371.928396247144,10.661209770188766
2023-01-02 18:55:00,2030.2060412082417,43.00177203854699,36.13197037319484,126.73137019238736,8.16804087431276,994.1246466964145,3360.7498154050254,10.628000370551407
2023-01-02 18:56:00,2030.6061212242448,40.0,37.734749580913736,125.24206833821967,8.752509586224258,998.2206237000066,3426.982796570061,10.69291058254128
2023-01-02 18:57:00,2031.0062012402482,42.44219330862163,35.712530704943056,126.34216530830938,8.308848756949898,989.7379091428638,3376.1045157306826,10.641691102958333
2023-01-02 18:58:00,2031.4062812562513,42.363979762207045,35.725087409132406,127.57805872965437,8.082495700417862,985.5423724279658,3358.934681457833,10.650197022093236
2023-01-02 18:59:00,2031.8063612722544,42.03399749588655,36.75574823766205,126.20370825115293,8.189769167355488,986.6760114814713,3379.541006289995,10.634542769386064
2023-01-02 19:00:00,2032.2064412882576,43.33344965152643,35.36903711442808,127.87420539293582,8.135686445357972,981.3336531332271,3322.332431310714,10.617410135647612
2023-01-02 19:01:00,2032.606521304261,43.87090214294723,35.45093668307955,127.66384500711749,8.05201881715235,983.5236761654281,3339.2648789818813,10.601604748268194
2023-01-02 19:02:00,2033.006601320264,42.93853871847317,35.242703948912514,127.02948269106348,8.209739355274348,981.117142298666,3342.0993238300903,10.62771890711499
2023-01-02 19:03:00,2033.4066813362672,42.07295047137298,36.401511155639334,126.82533512880512,8.271176927617356,986.3572155867711,3364.0034021676515,10.632823840439052
2023-01-02 19:04:00,2033.8067613522705,42.72364209209364,35.48583562373168,127.95974455579925,8.198881602290887,984.2533030747285,3355.2779384633445,10.618828709509158
2023-01-02 19:05:00,2034.2068413682737,43.36587995885779,35.74583968487353,127.6007975663297,8.150033520042186,977.2424323669158,3357.9543850666687,10.640456772164079
2023-01-02 19:06:00,2034.6069213842768,40.160812775228734,37.412518464244386,125.38136323424708,8.529045045795232,998.234181254329,3390.636077006883,10.678924988634286
2023-01-02 19:07:00,2035.0070014002802,43.4012687003575,35.485747764757164,127.74091127781179,7.912179399208143,986.8668901298784,3354.254346928563,10.62181357726656
2023-01-02 19:08:00,2035.4070814162833,43.98868131283623,34.67146038296294,128.50230677024925,7.994288166764923,972.2024005740424,3338.335279318287,10.592392008785879
2023-01-02 19:09:00,2035.8071614322864,43.071231829497556,35.07518916497096,127.04836906757888,8.22324791403176,981.7947936305179,3363.994053376357,10.62550819378766
2023-01-02 19:10:00,2036.2072414482898,42.99099332645531,35.0356814108116,127.75524831858024,7.950324964424383,982.698979847476,3346.3469673254326,10.609891993837785
2023-01-02 19:11:00,2036.607321464293,41.65647666640503,36.42634783604324,126.30948157396395,8.184281996970096,991.0258854475345,3365.8240822814987,10.650798451975263
2023-01-02 19:12:00,2037.007401480296,43.06898869310428,35.93492373506749,126.97402340825602,8.196933092201823,988.8715070826373,3345.594502440004,10.627467277005952
2023-01-02 19:13:00,2037.4074814962992,41.005095969624215,37.25843440505333,125.979318267128,8.561208680468603,993.0588728633794,3392.869029200445,10.678133393252065
2023-01-02 19:14:00,2037.8075615123025,40.720239735223046,37.426946085563586,125.78429125376181,8.347678074204433,1002.0764428996384,3401.395569430578,10.677722955722512
2023-01-02 19:15:00,2038.2076415283057,41.986088804316324,35.79659203777641,127.10830004643924,8.211123946674233,988.1355790251475,3362.4855060629793,10.650135054725826
2023-01-02 19:16:00,2038.6077215443088,41.17059976554175,37.23202962704377,126.52332786753811,8.436802192881693,990.6273285276633,3391.293363898175,10.656533839158977
2023-01-02 19:17:00,2039.0078015603121,40.37875124942278,37.38548810372908,125.50502478641383,8.528796896796367,994.484806835425,3393.653115911522,10.669139614923367
2023-01-02 19:18:00,2039.4078815763153,41.280744386195586,36.803294915415876,126.89297683518768,8.306561972817326,991.143745640857,3381.3678789128126,10.653717737914436
2023-01-02 19:19:00,2039.8079615923184,42.07881223354698,35.76083886543035,127.21239943571796,8.140327036464067,985.3243008446692,3335.2964981206223,10.6071029487812
2023-01-02 19:20:00,2040.2080416083218,41.552095432401515,36.87844389534998,127.05192973582766,8.234811944188491,995.0624452836947,3374.615910441847,10.660981292259805
2023-01-02 19:21:00,2040.608121624325,41.83110591875598,35.9734216246423,126.72251677297764,8.412292767190776,988.6625072042742,3364.4734814610483,10.628121230300238
2023-01-02 19:22:00,2041.008201640328,41.123222705616335,35.74387121331149,127.13876186373017,8.25465309179799,983.8177919611055,3385.472701046798,10.622851759667318
2023-01-02 19:23:00,2041.4082816563314,41.99513089073459,36.27449888061074,127.2155710197397,8.157040476410852,983.890985853996,3349.3616697946018,10.64763465756623
2023-01-02 19:24:00,2041.8083616723345,40.0,38.040334853569036,125.6645593535856,8.495145371911448,1001.2464456072438,3407.7335098964045,10.681176578675382
2023-01-02 19:25:00,2042.2084416883376,41.22330568701934,36.1247723654352,125.69990589823362,8.21125582206019,991.534610202506,3380.0395462335855,10.633719799452749
2023-01-02 19:26:00,2042.6085217043408,41.541497347801574,36.20966169893127,125.84273148024096,8.494453898996172,984.1505261531034,3363.4480631413385,10.664445845374605
2023-01-02 19:27:00,2043.0086017203441,40.98448930951091,36.7760158618136,127.06656751006071,8.274327865453404,983.4209371902746,3389.796871467658,10.641698445087892
2023-01-02 19:28:00,2043.4086817363473,41.76639689407555,35.968537315314606,127.33314411564685,8.159805932966306,985.837880168356,3378.688871227926,10.647498438678738
2023-01-02 19:29:00,2043.8087617523504,42.05466011758684,36.40068049283398,126.44764613847715,8.247657559989678,989.4759020093643,3359.1366777008698,10.635783251060962
2023-01-02 19:30:00,2044.2088417683538,41.16248594944611,36.16811959442918,126.66632089732038,8.282076292110382,987.6415528199241,3371.1708129119656,10.639040191840174
2023-01-02 19:31:00,2044.6089217843569,40.0,38.95811315164375,123.53490010066544,8.82087490612004,997.7326880521108,3458.4313234520455,10.719617154168997
2023-01-02 19:32:00,2045.00900180036,42.79729248405838,34.68478836011546,129.52149393158777,8.044133852193953,978.1032812677023,3353.570063124751,10.601239475397918
2023-01-02 19:33:00,2045.4090818163634,41.529491288363715,35.62992933417403,127.43190994955974,8.283340097715971,992.9098617977396,3365.6098859015992,10.650758809227566
2023-01-02 19:34:00,2045.8091618323665,41.766017292715034,35.56067587182291,127.96852265493528,7.964643101615563,984.3229106914149,3350.117789508256,10.62704042230998
2023-01-02 19:35:00,2046.2092418483696,40.59758593086445,37.58632227822073,125.88182645800836,8.573040655593068,996.4101804328958,3380.2924157886973,10.683976733653507
2023-01-02 19:36:00,2046.609321864373,41.673459967507256,36.55418306194785,126.06031709292475,8.31460648169834,993.8385067801635,3402.109219594758,10.655793378915575
2023-01-02 19:37:00,2047.0094018803761,42.40694573158665,35.04704392838622,127.1338977473845,7.996518977416474,980.1862013189019,3343.0221923999156,10.630133644544165
2023-01-02 19:38:00,2047.4094818963792,40.65667673821884,37.06709118870709,126.38925209442212,8.282948659910602,988.778275118166,3383.9581731410303,10.64733830743132
2023-01-02 19:39:00,2047.8095619123824,43.12547155382874,35.05091976190001,127.46076490951805,7.935113031424343,980.9672200169359,3330.232334615104,10.614621660085128
2023-01-02 19:40:00,2048.2096419283857,41.74055277786461,36.43099442669066,126.14855403191555,8.357770192676261,990.5459505958315,3363.991759890554,10.652138166521247
2023-01-02 19:41:00,2048.609721944389,41.54687795311355,36.65418756668794,126.1456212813569,8.354464950297766,990.7868501896974,3371.73759014998,10.664106272984622
2023-01-02 19:42:00,2049.009801960392,42.13458711768702,35.22382007855952,127.79493600349757,8.015845108004681,988.3673682382278,3364.6268713468476,10.6319748314955
2023-01-02 19:43:00,2049.4098819763954,41.83065980717622,35.66071729676569,126.9545776675194,8.018021297035137,988.2749723900256,3354.113231058506,10.636029330559182
2023-01-02 19:44:00,2049.8099619923987,43.296203440265266,34.74893147946141,128.76325677519264,7.806548992886887,980.4063850963252,3313.656410641044,10.597112824479332
2023-01-02 19:45:00,2050.2100420084016,41.81790158875797,35.500711313136414,127.51428123737725,8.12659617295146,990.7797902567758,3358.7651263876205,10.646783819850869
2023-01-02 19:46:00,2050.610122024405,42.91148116915911,34.95311314456132,128.11823870904186,7.8927634168231044,980.1977030810054,3352.9450931696624,10.602378937451029
2023-01-02 19:47:00,2051.0102020404083,43.13594913935725,34.23781026515855,129.69616228335488,7.877397697662104,982.2627629974199,3320.5089869429903,10.578676088402432
2023-01-02 19:48:00,2051.4102820564112,40.7382706788765,36.52589356945193,126.9415783138438,8.280073446875372,991.144781780857,3373.375056461808,10.644431714959056
2023-01-02 19:49:00,2051.8103620724146,42.91208979300621,35.10913532983706,127.28101091099892,8.034337315918137,983.1956416400319,3347.403405543524,10.60851620397141
2023-01-02 19:50:00,2052.210442088418,40.31094586916389,37.36521681495481,126.15455749142286,8.320713545424642,992.2928121669822,3401.439107687799,10.685851932068056
2023-01-02 19:51:00,2052.610522104421,41.67910475705358,35.80729208605374,127.42287550346055,8.19386961439453,979.8596404058903,3348.491965682707,10.636861193873079
2023-01-02 19:52:00,2053.010602120424,42.886366553253545,35.349393575173195,127.14529654195444,8.22261381927365,982.9408089351427,3352.538146935528,10.615079542073913
2023-01-02 19:53:00,2053.4106821364276,42.08832929624043,35.66044143611773,126.74701883167826,8.277047411676087,985.043211721178,3356.4120762895727,10.630930744725744
2023-01-02 19:54:00,2053.8107621524305,42.6510445782151,35.42203658252804,127.78258864198605,8.054465028878486,981.6970788769165,3348.668919724949,10.61623134695988
2023-01-02 19:55:00,2054.2108421684334,40.67398083392674,37.121006927680114,126.41063363045791,8.503462545795132,991.848946279193,3397.3749678426216,10.689029503292742
2023-01-02 19:56:00,2054.610922184437,40.25127149619954,36.51725250299291,125.62591924524413,8.472731680860484,988.9848738653247,3393.6714386602794,10.67765939967516
2023-01-02 19:57:00,2055.01100220044,40.312621836189365,36.441180911255366,126.33921279378566,8.477252809149602,990.7306796136413,3383.4197587852477,10.674911627576185
2023-01-02 19:58:00,2055.411082216443,41.532868634928136,36.13728766202683,127.35374483774467,8.205254908927822,983.9912651973283,3372.5341187583736,10.632925317601423
2023-01-02 19:59:00,2055.811162232447,40.13966195226969,37.67747209718681,126.12270561995882,8.621269570696933,991.2868250153264,3406.1266335536393,10.691271790590424
2023-01-02 20:00:00,2056.2112422484497,41.36696863475578,35.87320313101796,127.63351113786769,8.302452377052763,984.3988100531883,3374.7241110239565,10.636767226278183
2023-01-02 20:01:00,2056.6113222644526,41.76741872307784,36.27235298280286,126.97079614202944,8.141329610384792,988.516118653422,3362.5175473934714,10.620285758367382
2023-01-02 20:02:00,2057.0114022804564,41.79942727159752,35.53791399805394,128.06043664191316,8.255531170678145,989.6196392203045,3359.339412601129,10.648053530818155
2023-01-02 20:03:00,2057.4114822964593,41.19880120444026,35.74092508972499,126.48536910558983,8.38970370304103,992.6163217220507,3366.057475884073,10.650263573147456
2023-01-02 20:04:00,2057.8115623124622,42.54885897238002,35.255690930237,128.6862150051301,8.215153484459892,982.601704646672,3355.7066883163675,10.62898800875332
2023-01-02 20:05:00,2058.211642328466,40.0,37.25887139324607,125.47202235904575,8.622839665016436,996.617065142701,3407.64425551508,10.668461488226528
2023-01-02 20:06:00,2058.611722344469,40.0,36.897894047251604,125.60321716374513,8.272417382905637,995.6830803592082,3404.6052530095735,10.681281615536223
2023-01-02 20:07:00,2059.011802360472,42.203865370390474,34.38359414858024,128.10272322007876,7.992535476229359,977.8677531066404,3326.0849783919207,10.57197166486237
2023-01-02 20:08:00,2059.411882376475,42.5391086229814,35.04495202352166,127.85356698950933,8.033999922243497,981.7951613718866,3345.6429977752964,10.597667223868326
2023-01-02 20:09:00,2059.8119623924786,40.416072612418255,36.85808644457127,127.24244506390893,8.600230352647769,997.0858124338345,3400.153036959977,10.694250936232248
2023-01-02 20:10:00,2060.2120424084815,41.47967634721286,36.18185087564694,126.38869565894917,8.203091917000306,987.3881034271814,3403.0205042713055,10.656571015933258
2023-01-02 20:11:00,2060.612122424485,42.288277155896964,34.510922904438715,128.25116100857338,8.003837745963665,980.2866658244614,3344.231330610401,10.595744803247106
2023-01-02 20:12:00,2061.012202440488,40.70861778877049,36.63795854529413,126.42608199388312,8.422233925900695,988.0985897851252,3387.8757530072917,10.645409286028075
2023-01-02 20:13:00,2061.412282456491,40.28619399528968,36.533417265963216,126.72850739082799,8.287649506113494,989.1016568304575,3391.8812966810933,10.642940142158313
2023-01-02 20:14:00,2061.8123624724944,42.32447384703056,34.614623912281296,127.78351195349084,8.028853221331927,984.1056958870914,3314.6852381829626,10.600527661787526
2023-01-02 20:15:00,2062.212442488498,40.0,36.607370990975504,126.13218823806652,8.447413000274778,990.1844062692136,3382.522192111157,10.668224699044007
2023-01-02 20:16:00,2062.6125225045007,42.08140426015291,35.6835391400082,127.50534595656664,8.172357625275174,983.789673190825,3353.8458410464314,10.650286144276125
2023-01-02 20:17:00,2063.012602520504,40.24935916168771,36.55982422939367,125.60522336787066,8.514608560392928,993.6311895866784,3375.906710304201,10.678867227751448
2023-01-02 20:18:00,2063.4126825365074,41.29371535358798,36.75812601715848,128.20345084809892,8.159789212631738,988.3808814079495,3364.058420445581,10.642240903660577
2023-01-02 20:19:00,2063.8127625525103,40.33066686913276,35.69388829908029,126.93115883738591,8.244005853420369,987.8247680329179,3360.536457599677,10.649749129005862
2023-01-02 20:20:00,2064.2128425685137,42.55995974254735,35.02703098838434,127.72479778942102,8.037888746008033,986.8304616282635,3329.9007968514356,10.606861170133579
2023-01-02 20:21:00,2064.612922584517,40.0,36.51383458945182,126.16962023091021,8.21759697412687,987.5850405408052,3378.5961557135442,10.66535607258834
2023-01-02 20:22:00,2065.01300260052,41.321206064980615,36.06964583591769,126.74360197465482,8.421915079951013,987.9165894282784,3390.5875676287233,10.661163210189864
2023-01-02 20:23:00,2065.4130826165233,42.60068914847431,35.22524658488342,127.23039393099778,7.971804816724352,975.9957895896529,3327.354085519104,10.601465517655017
2023-01-02 20:24:00,2065.8131626325267,41.029686781891,35.61310070563759,128.03816645380354,8.280112215263735,984.8940637608583,3347.257987094625,10.61838289167981
2023-01-02 20:25:00,2066.2132426485296,43.891367899458096,35.048547109628124,128.62610811567436,7.840178736252608,974.4699898174808,3320.393106650113,10.594500398450897
2023-01-02 20:26:00,2066.613322664533,40.399839712828935,35.8430623639513,126.77728149811007,8.342476905387525,984.9604367373679,3366.627577529794,10.643402642743245
2023-01-02 20:27:00,2067.0134026805363,42.39247509194123,34.67119733342942,128.14642441134444,7.937370777652658,977.1623807928383,3331.2870505812157,10.623883589388623
2023-01-02 20:28:00,2067.413482696539,41.19445020377015,35.8874040504467,126.36228860537432,8.43420157464737,985.6047187205589,3363.7279240686394,10.631561623566359
2023-01-02 20:29:00,2067.8135627125425,42.09282349384285,35.17511788405909,127.3628507551698,8.14300001502724,980.9533048075273,3330.330012203192,10.604618908757663
2023-01-02 20:30:00,2068.213642728546,41.26659339093853,35.99849575377311,126.90106039649785,8.185414147175928,986.1317142463835,3367.4202420461224,10.640192163994936
2023-01-02 20:31:00,2068.613722744549,40.0,36.87633561118733,126.41307608594211,8.291753346864036,989.2180756940439,3384.9415068381704,10.65173286119391
2023-01-02 20:32:00,2069.013802760552,40.799745636832235,35.68105695891026,127.73475952939941,8.17739585892769,982.9534012659522,3349.286617950382,10.634494616618849
2023-01-02 20:33:00,2069.4138827765555,41.249444874000496,35.53052134772892,126.54045558913741,8.020360559226361,983.5265605692726,3352.126499497491,10.650327491032273
2023-01-02 20:34:00,2069.8139627925584,42.73467007936968,34.590771235389454,128.03434530146228,7.963266070110517,979.1982510646361,3322.5695658142236,10.596738484558289
2023-01-02 20:35:00,2070.2140428085618,40.84835854074427,36.409567566961535,124.93310140375822,8.266360499767343,989.3994569847953,3377.8535461443844,10.664646975978973
2023-01-02 20:36:00,2070.614122824565,40.617973558877445,37.084913938638856,125.88921530095709,8.32048451308334,990.5226672291675,3367.428745582428,10.652016568526616
2023-01-02 20:37:00,2071.014202840568,40.0,37.75345171077246,125.81142575048395,8.503959543105323,995.0833091774093,3420.03784715005,10.677084435185812
2023-01-02 20:38:00,2071.4142828565714,40.0,37.84927872949709,126.19874024454383,8.431213879655056,992.8426947678356,3382.534919867279,10.671330770704902
2023-01-02 20:39:00,2071.8143628725747,40.36610264159838,36.76587724310213,125.9153543009439,8.51510215923237,991.9975869673098,3370.4674537254846,10.663095590714903
2023-01-02 20:40:00,2072.2144428885777,41.0449109608956,35.86034894998947,126.95827375699689,8.28526287483465,987.771926921019,3368.799987032251,10.629966479897574
2023-01-02 20:41:00,2072.614522904581,40.08528476877757,36.199720511845875,126.50727411962242,8.194878309336794,989.5183085127658,3372.8277324069672,10.650705298868798
2023-01-02 20:42:00,2073.0146029205844,41.10634840218795,35.98450736981372,127.61500360095197,8.129296477691563,989.8089438403695,3368.027771376197,10.626283222516369
2023-01-02 20:43:00,2073.4146829365873,42.385897788868945,35.14156847906102,128.6047182025326,8.137041236257435,982.0136174893,3358.100717912323,10.621134168015802
2023-01-02 20:44:00,2073.8147629525906,42.823129687140444,34.60468060505097,128.44376633695907,8.033969889021812,978.2076683465939,3335.205023770273,10.603564843932292
2023-01-02 20:45:00,2074.214842968594,40.800463628688966,36.156838716264446,126.65012323287468,8.142398225623797,987.7417080944183,3357.1682400571276,10.661137329256544
2023-01-02 20:46:00,2074.614922984597,42.71011712012621,34.47220679503536,127.19020758834145,8.105582033119246,981.8417012658424,3327.4696005427136,10.618601379201177
2023-01-02 20:47:00,2075.0150030006002,41.227984655745544,36.21422696371809,127.21805959852284,8.224297499010804,982.958254087727,3357.0853297331832,10.63920833726036
2023-01-02 20:48:00,2075.4150830166036,40.0,37.791257978207426,126.23106722577252,8.430551708904174,991.5830813709671,3415.9343186421415,10.700024625385275
2023-01-02 20:49:00,2075.8151630326065,40.90664673945525,35.96234332023355,127.25847701992652,8.276781066753134,989.766359068961,3385.70453573443,10.649039218773483
2023-01-02 20:50:00,2076.2152430486094,42.60206912315748,35.16554789312592,128.06641006772563,8.00760446911911,983.4580520701788,3329.377307951464,10.611731729432668
2023-01-02 20:51:00,2076.615323064613,40.95835103042078,36.011186699193026,126.88375135457507,8.296235649654648,985.2267603902944,3365.629293843066,10.657350043238248
2023-01-02 20:52:00,2077.015403080616,43.246002358954,34.805321195982415,128.0190628101828,7.80588883990442,981.9331791874357,3324.4716058378317,10.590898207977471
2023-01-02 20:53:00,2077.415483096619,41.00898410212905,36.52354606404869,126.5623830597168,8.213159093525435,983.2384190637381,3367.5341527836986,10.664788288921386
2023-01-02 20:54:00,2077.815563112623,42.45572281527033,35.34691719796936,128.0327733370236,7.963261313801682,979.3962883112675,3352.7171520712795,10.617610626251368
2023-01-02 20:55:00,2078.2156431286257,41.63633150685669,36.311556453105744,126.71548569905704,8.257729247072835,993.8837310480819,3371.888369149421,10.671006572913893
2023-01-02 20:56:00,2078.6157231446286,40.0,36.67007908492101,126.71116256312497,8.35351294266214,992.3673818103518,3386.0428623562707,10.65207181893186
2023-01-02 20:57:00,2079.0158031606325,40.43268751557597,36.1725500423825,127.12082991590874,8.298115878175295,987.8604680838763,3382.0538077035503,10.639050554495219
2023-01-02 20:58:00,2079.4158831766354,42.48022240090789,35.069482750956226,127.97403381261117,8.109651069968155,983.2599800412785,3360.210867570911,10.622307609475836
2023-01-02 20:59:00,2079.8159631926383,41.076642062011395,36.08194498181351,126.41331290982357,8.429630606018096,990.7638612707002,3365.304414552131,10.643849034764676
2023-01-02 21:00:00,2080.216043208642,42.072602287743244,35.457585506800584,126.998903913891,8.216506367550245,979.5334527151024,3363.135604958038,10.621041065920297
2023-01-02 21:01:00,2080.616123224645,40.15667337801348,36.52897761895987,125.77948550115119,8.533276237754054,995.1502303724574,3402.3195414048055,10.650603437226806
2023-01-02 21:02:00,2081.016203240648,42.43742506997335,35.07988339367942,127.69474132478305,8.060245175792028,981.8308335223328,3346.8437714547617,10.620013059241876
2023-01-02 21:03:00,2081.4162832566512,42.30814731044547,34.768644114212776,127.18556853073157,7.87321638905195,981.7992352732492,3325.7308404724063,10.60620938265675
2023-01-02 21:04:00,2081.8163632726546,41.48603827696625,35.98838899916304,126.87821417922149,8.339182989206407,985.516110982203,3388.3679604355807,10.630474489666023
2023-01-02 21:05:00,2082.2164432886575,41.023070017795504,36.06787011459588,127.29404115164662,8.320606284103953,994.1111378363852,3385.484960335658,10.648204614995372
2023-01-02 21:06:00,2082.616523304661,42.31979264284477,34.968409090700725,128.614175230666,8.028866633792386,979.1020647461019,3329.3045817801553,10.605401486476573
2023-01-02 21:07:00,2083.016603320664,41.76001819512171,36.21890860196684,127.13735541780784,8.077347479164004,980.8560209518105,3361.4937703429323,10.63849539421442
2023-01-02 21:08:00,2083.416683336667,40.0,38.23226193365783,124.70738682366255,8.719279561593654,999.4138945133969,3404.709850771475,10.695442212258778
2023-01-02 21:09:00,2083.8167633526705,40.0,36.458244280311874,126.72855695857365,8.361906866185526,994.5037772676336,3392.4088731009974,10.65221850484564
2023-01-02 21:10:00,2084.216843368674,41.696250964786664,34.952273501783914,128.18568527586524,7.963500756438032,984.2076202345556,3317.795493595975,10.610172440886858
2023-01-02 21:11:00,2084.6169233846767,40.0,37.34691877444161,125.99199368477325,8.388362276037663,992.1084432960017,3397.6341571033417,10.664476050142248
2023-01-02 21:12:00,2085.01700340068,41.977247828144435,35.17572294159503,127.17765172611865,8.180073789184249,986.3485841715016,3343.525100237183,10.611184482829762
2023-01-02 21:13:00,2085.4170834166835,40.77774703445192,36.69012656142557,126.58284347142363,8.40940620337544,988.0581592328307,3358.9371612908794,10.649155345660974
2023-01-02 21:14:00,2085.8171634326864,41.59877069485167,35.094001758280605,127.3200548972827,8.094517707051404,985.6889355012086,3330.7442981751046,10.619954984738204
2023-01-02 21:15:00,2086.2172434486897,42.45976826959795,35.69245166997419,128.20494940321356,8.091666398887037,983.0140076418961,3336.8982177178814,10.615845041077684
2023-01-02 21:16:00,2086.617323464693,41.73017262046291,35.64011965801239,127.85137053255167,8.217411342778147,976.634617030446,3364.290178669421,10.625739255560939
2023-01-02 21:17:00,2087.017403480696,42.88888743118547,35.328040740066285,127.65704746336948,8.01668800425681,975.8442612754928,3313.6831513243233,10.594295404416252
2023-01-02 21:18:00,2087.4174834966993,40.0,37.53234610959642,125.37316324373171,8.55170902949582,993.2047744616514,3378.0156599723464,10.668596040330971
2023-01-02 21:19:00,2087.8175635127027,41.706638045015715,35.59280555075638,128.04929339019358,8.333147991180612,984.972603299782,3348.3840539483012,10.635125934113942
2023-01-02 21:20:00,2088.2176435287056,41.42810835055725,35.62804972730031,127.23903813209854,8.15298841818161,985.6686836724504,3367.245432524414,10.636244246745164
2023-01-02 21:21:00,2088.617723544709,43.35688707007045,34.50830965167758,127.98429767149528,8.043474342156586,977.8924064149037,3331.3220151280734,10.620145265165048
2023-01-02 21:22:00,2089.0178035607123,42.119782470140755,35.37763892818973,128.05993918514662,8.12190620477927,986.9745082329983,3349.5770124752526,10.6103016859667
2023-01-02 21:23:00,2089.417883576715,40.0,36.693135095174824,126.3572373656939,8.300134336046439,992.475063564073,3394.8631679149225,10.673525016931968
2023-01-02 21:24:00,2089.8179635927186,41.223995968684484,35.186705089722,128.41748381486696,8.099848349049294,977.8262660052071,3361.78648244999,10.629743376305893
2023-01-02 21:25:00,2090.218043608722,40.0,36.28009747255553,126.44788561371531,8.37406311401287,995.0441662887256,3370.7491549797155,10.639091676246398
2023-01-02 21:26:00,2090.618123624725,40.31128567431674,36.40598552490685,126.81522273710063,8.465854077836521,985.2586157130768,3392.1385680774547,10.658389921237298
2023-01-02 21:27:00,2091.018203640728,40.589968008540474,36.40457252168924,126.03650457067197,8.183506826442244,990.9357174340693,3356.866977396726,10.632037613311514
2023-01-02 21:28:00,2091.4182836567315,41.77692295934922,35.835916078079784,128.15941909198122,8.05697375567663,979.2821791359459,3355.8940555314493,10.626984308245477
2023-01-02 21:29:00,2091.8183636727344,40.48751225524316,36.152747246811884,127.54153798347077,8.164972444201652,990.5318151968125,3349.820977323171,10.634866375730166
2023-01-02 21:30:00,2092.218443688738,43.00711305820694,35.003431241565416,128.9014550022197,7.908818919323578,979.420195364034,3335.4471711186143,10.600170025013318
2023-01-02 21:31:00,2092.618523704741,40.0,36.959837120622126,126.33958091798998,8.308728503140872,994.9111365728073,3407.937923425682,10.66587003073287
2023-01-02 21:32:00,2093.018603720744,42.452854487715925,35.18399327570042,127.8281028631423,7.8212494548863045,975.5886963041166,3342.061929637014,10.623838220830262
2023-01-02 21:33:00,2093.4186837367474,40.55262020798273,36.585400750658586,126.06686551041629,8.270459716755973,990.8828548733435,3372.476122370984,10.648830116180365
2023-01-02 21:34:00,2093.818763752751,41.44367955261311,35.408236989566525,127.11486588793153,8.1684312557047,985.4895346639009,3354.5031819786136,10.629618227452024
2023-01-02 21:35:00,2094.2188437687537,40.70868612911717,36.143924816265375,126.01119591655407,8.322341486809353,989.1499716578121,3372.852531983427,10.645015541715074
2023-01-02 21:36:00,2094.618923784757,44.004889781187806,33.47920073148819,129.01671127613898,7.560381754394209,975.0654119190513,3318.615732407097,10.566765875025743
2023-01-02 21:37:00,2095.0190038007604,42.714518702789945,35.566481827960786,128.14515884752657,7.89681665079422,981.7641955997822,3344.998322093007,10.608767683283594
2023-01-02 21:38:00,2095.4190838167633,40.0,37.39241313246796,125.83917486869882,8.426879356265427,992.6667431592651,3388.6268268267067,10.689284593445164
2023-01-02 21:39:00,2095.8191638327667,40.0,36.57668754414748,126.49426526931093,8.319021171757164,986.5319274805018,3371.7518614197147,10.674181403759155
2023-01-02 21:40:00,2096.21924384877,43.55022834220669,33.41402053495268,128.67441988688395,7.885501035320513,973.2566578568993,3299.096164635703,10.592349854404063
2023-01-02 21:41:00,2096.619323864773,40.346786604775446,36.5344985320967,125.63115316050444,8.409679129300079,993.1015933072866,3363.8115474333295,10.654693881023647
2023-01-02 21:42:00,2097.0194038807763,40.0,36.98530946849439,126.05922805944687,8.420110107272508,990.1722098618063,3366.523598300453,10.670479495095263
2023-01-02 21:43:00,2097.4194838967796,40.94846519800906,35.75722758652932,127.38325537653404,8.227385886396837,980.0076068811317,3353.552638276459,10.645117316860025
2023-01-02 21:44:00,2097.8195639127825,42.09511841089298,34.49484016770803,127.54035401044611,7.924483321485262,977.6599424420651,3321.658669448815,10.601339613091762
2023-01-02 21:45:00,2098.2196439287854,40.38293594093413,36.08755257881013,126.31939669941873,8.330442594756521,990.899113171153,3375.340751027499,10.669519640749114
2023-01-02 21:46:00,2098.6197239447893,41.837862108917165,35.55484369714641,128.19581778352656,8.135061608458912,983.2803954397102,3346.9118909799454,10.635171693680787
2023-01-02 21:47:00,2099.019803960792,40.038538075410735,36.584000637325445,127.33005507291851,8.427863908154267,989.9366954081577,3359.1366199032545,10.644693501215723
2023-01-02 21:48:00,2099.419883976795,42.45973572542573,34.81651998029506,127.26411036788865,8.06465226781937,974.7950679743126,3315.4630087348155,10.612629367139629
2023-01-02 21:49:00,2099.819963992799,42.60184095070553,34.47398384022256,128.36371634803078,7.851614011376395,969.5171727698539,3322.3456910156497,10.604087804785582
2023-01-02 21:50:00,2100.220044008802,42.108191893661555,35.538154293733946,128.72365114603804,7.941440301367483,981.6479814308167,3319.244871484957,10.60583958011408
2023-01-02 21:51:00,2100.6201240248047,40.402286131567564,36.889790587372666,125.91295219722322,8.412105595937174,995.3906296009226,3396.497279926132,10.679708778310355
2023-01-02 21:52:00,2101.0202040408085,43.55628045938936,33.913113373274214,128.91377817536613,7.6330992828155875,969.5855573430523,3311.262315172424,10.59128079815449
2023-01-02 21:53:00,2101.4202840568114,41.44767894205962,35.781842406121264,127.72995297263475,8.170554727678292,987.1738887289841,3356.1697716474555,10.631866085174902
2023-01-02 21:54:00,2101.8203640728143,42.571169308830406,34.557321586608275,128.532561491608,7.99384492398325,984.1764673154923,3350.13342274401,10.604072687102123
2023-01-02 21:55:00,2102.220444088818,40.4341040749898,36.16358270661731,127.47560840309751,8.278262062975072,986.6071017802253,3363.219418978229,10.638707188514626
2023-01-02 21:56:00,2102.620524104821,40.0,36.03686707346284,126.63627771637479,8.34497068217315,990.7275303207311,3373.4002858259996,10.635413610222257
2023-01-02 21:57:00,2103.020604120824,43.88153576892392,33.99378585592238,129.32863696710322,7.810499833162902,975.5875973084875,3316.9494989494815,10.563408453350878
2023-01-02 21:58:00,2103.4206841368273,40.0,37.166119887056524,126.71456475924643,8.294109130844467,991.9025768609446,3385.706056422484,10.666651604860045
2023-01-02 21:59:00,2103.8207641528306,40.070942799753915,36.69417974587399,126.86365068160234,8.13536804853729,989.779619359813,3361.191424743533,10.633742833117548
2023-01-02 22:00:00,2104.2208441688335,41.39545012700958,35.52797514128633,126.87498903469296,8.156205841147601,991.9576786588736,3361.7026333254016,10.65540636716482
2023-01-02 22:01:00,2104.620924184837,40.592520656153255,36.16953558893838,127.7049953861263,8.279071347104168,984.4683820182877,3347.469174394932,10.632739141886308
2023-01-02 22:02:00,2105.0210042008403,41.16062670438905,35.81690927712716,128.4664276011736,8.199049062167042,983.8151767505553,3369.354266465669,10.631245840027827
2023-01-02 22:03:00,2105.421084216843,43.30742679715632,34.57709691351882,129.2889410964303,7.941577797516921,976.511218150177,3332.1027506624887,10.596774761363132
2023-01-02 22:04:00,2105.8211642328465,41.921990432264806,34.89560297728716,128.09699242724096,8.191052602598859,979.6408596000891,3327.0773001689226,10.619294908622724
2023-01-02 22:05:00,2106.22124424885,40.01467727304097,36.758691958521,126.59731876211812,8.44704999968548,987.747158384927,3391.272899407284,10.646030776614907
2023-01-02 22:06:00,2106.621324264853,43.03598761657928,34.00759688513004,128.24833058553796,7.975361060162175,979.8583706094909,3305.3074276321845,10.574676071607112
2023-01-02 22:07:00,2107.021404280856,40.18972098368043,36.50853900407212,126.62292809727583,8.397887062861104,993.4698165514288,3390.3241223022314,10.65978548279629
2023-01-02 22:08:00,2107.4214842968595,41.14246749230062,35.64545347045988,126.9389274729933,8.176057005327726,986.2540325506493,3358.7732862985554,10.628314820590854
2023-01-02 22:09:00,2107.8215643128624,41.88628594157379,35.04549533488705,127.85144160074528,8.030359967264655,983.3042028238166,3344.7767396409877,10.618587924476019
2023-01-02 22:10:00,2108.2216443288658,42.5028267984363,35.45282780562696,128.12852462166904,7.8842724806030535,980.0140596348681,3340.8322419849865,10.615120046034214
2023-01-02 22:11:00,2108.621724344869,41.17620180195231,35.891451472255646,127.35342868128971,8.093876236139527,982.8776377177493,3359.666920515243,10.636325568212284
2023-01-02 22:12:00,2109.021804360872,40.270056525153926,36.77055215299786,125.47811805032303,8.344699269028723,991.5734930268854,3376.3409680750647,10.643421718318749
2023-01-02 22:13:00,2109.4218843768754,41.4938594203383,35.20725048043948,128.3044535736606,8.133603974227686,983.6974341287306,3359.4485574273485,10.632775646752636
2023-01-02 22:14:00,2109.8219643928787,41.74850831603621,35.465696736607136,127.04000626790886,8.09446174689405,989.260458160292,3351.6905752568437,10.623122003583438
2023-01-02 22:15:00,2110.2220444088816,42.49925198844008,34.90239946055002,127.47423119780633,8.053709743509504,975.3326606193631,3332.289864133699,10.610117074121217
2023-01-02 22:16:00,2110.622124424885,42.90067314133511,33.79540116200918,128.21618909056238,7.6252790756294075,977.8174497810185,3309.257078825189,10.582637585537844
2023-01-02 22:17:00,2111.0222044408883,40.10564915970438,36.48513320948732,126.0314817563996,8.422106354717585,992.1967657056374,3380.1952455815713,10.656313506692479
2023-01-02 22:18:00,2111.4222844568912,43.68296989407321,34.164047299417454,128.46838642890904,7.824242671628774,973.1995205048394,3308.8961090837806,10.590986510961482
2023-01-02 22:19:00,2111.8223644728946,41.56331588978791,36.05732327335634,126.63719918896027,8.198681557053982,983.3356756992547,3375.793304307795,10.628541632311146
2023-01-02 22:20:00,2112.222444488898,41.19037361859283,35.94573209523009,125.44159414262735,8.396756333612526,987.5521218357403,3380.116012342865,10.657223031114992
2023-01-02 22:21:00,2112.622524504901,43.02502556090655,34.10466372336212,128.6789969576473,7.779072788311955,972.3269389948048,3328.3535656538184,10.575525556416528
2023-01-02 22:22:00,2113.022604520904,41.35713050024397,36.174058170743315,127.15937129707243,8.200253793551527,990.7858559189449,3364.51680630034,10.619534260164572
2023-01-02 22:23:00,2113.4226845369076,43.31729562915575,33.4955236158633,130.77912418086757,7.6861089985568665,979.2701487704999,3284.217053566501,10.574399657000288
2023-01-02 22:24:00,2113.8227645529105,42.58348030083243,35.4255348704301,128.08376642701657,7.96590308469921,980.7393374338171,3347.8785174518,10.604553311991786
2023-01-02 22:25:00,2114.222844568914,40.85640823512838,36.18087974966746,126.98117486862643,7.983280570186593,983.4102097545691,3336.232324054112,10.634173861545856
2023-01-02 22:26:00,2114.622924584917,41.76697650423903,35.39372323958359,127.16728540405687,7.951706695418516,978.2561747377345,3344.603408181278,10.614290664669529
2023-01-02 22:27:00,2115.02300460092,43.371851270220425,34.10828051223634,128.7191389697128,7.843951214692925,973.0691394023771,3308.0847520161456,10.590423421297533
2023-01-02 22:28:00,2115.4230846169235,41.84310637123603,35.234777822285736,128.0240384598351,8.035168005686963,980.2335508133474,3333.1174443252658,10.616523681294844
2023-01-02 22:29:00,2115.823164632927,40.86262713098982,36.538070224455,126.7082245961637,8.240195298821632,990.5268935385742,3359.7693542870234,10.65163313173762
2023-01-02 22:30:00,2116.2232446489297,41.73880426226971,36.629169176911034,127.23067353559887,8.12403645239566,995.0780563087721,3357.1562175119952,10.619703055101034
2023-01-02 22:31:00,2116.623324664933,40.08420641841675,36.58767663156465,127.49992932518747,8.199335623143774,987.1158838183693,3375.06578302779,10.660171742869363
2023-01-02 22:32:00,2117.0234046809364,40.0,37.030083255231375,125.93852792289245,8.435407845431522,989.0321057207018,3394.4201685568237,10.665569475670315
2023-01-02 22:33:00,2117.4234846969393,42.47578129947486,35.53129503897967,126.74302969372332,8.067957248475457,979.1585851220653,3343.2900196361607,10.60408488367639
2023-01-02 22:34:00,2117.8235647129427,41.02113614653522,36.02536640242853,127.41851484501301,8.301066340490756,988.1253681545434,3362.8020926115346,10.635247845161679
2023-01-02 22:35:00,2118.223644728946,42.44962167491056,35.71437948916012,127.79193740445018,8.021029907372979,983.9964654265151,3332.449827196497,10.60491780185043
2023-01-02 22:36:00,2118.623724744949,41.62928592107055,35.9650669377806,126.4828506444103,7.9581563600736285,985.0015886150467,3341.6835414536567,10.613147318425662
2023-01-02 22:37:00,2119.0238047609523,42.621970504671424,34.36809094287518,128.9520438299076,7.59627257071327,975.1941272330548,3319.851437336605,10.583486983288143
2023-01-02 22:38:00,2119.4238847769557,43.91209002680823,33.78932595725562,128.61633629637385,7.73487832984764,978.405217016992,3313.2328685888524,10.588405330905546
2023-01-02 22:39:00,2119.8239647929586,40.0,36.785189938071355,125.9792623468977,8.515094001306753,996.2009430712495,3393.832584028951,10.680368189167543
2023-01-02 22:40:00,2120.2240448089615,40.63625980140468,36.36977586483649,127.80357995404994,8.24261330459013,989.7045602961009,3376.664294342886,10.657495336568767
2023-01-02 22:41:00,2120.6241248249653,41.798534294754106,35.31724278703171,127.65813004036451,8.015051768135049,983.4221300870267,3329.344688589942,10.61836106982724
2023-01-02 22:42:00,2121.024204840968,40.72969276889898,35.37112898323709,127.94917629708492,7.985894607544743,983.7211794636013,3356.4509686261927,10.643271453603287
2023-01-02 22:43:00,2121.424284856971,41.87581126052222,34.635422496225196,127.41135776535025,7.8221834709360545,978.5384868993139,3327.466185960401,10.623697905045107
2023-01-02 22:44:00,2121.824364872975,43.13920812227876,35.13079672879866,127.30792355284748,8.038740300795924,981.9985218115354,3325.5556149543154,10.598471027438507
2023-01-02 22:45:00,2122.224444888978,42.813084474872845,34.10670680998953,129.42160752972322,7.9044400467572205,979.6941079272491,3318.006246265142,10.598322337751275
2023-01-02 22:46:00,2122.6245249049807,42.260719093574686,34.96725755704987,128.27654230596147,7.9537439620342845,981.8195370812873,3332.588749666322,10.599096675500066
2023-01-02 22:47:00,2123.0246049209845,43.62190902670547,34.706333750946754,128.8650663423846,7.744033107284106,972.9507650433178,3326.4761327138003,10.592149878759669
2023-01-02 22:48:00,2123.4246849369874,42.956904105747,34.454546942370065,129.2864320749776,7.766116473238767,977.707045708176,3321.3519007953555,10.605269494725475
2023-01-02 22:49:00,2123.8247649529903,40.8814955692942,35.82069688730928,126.79817377548422,8.22439284586795,985.3785259057407,3358.7730133504065,10.63172143389934
2023-01-02 22:50:00,2124.224844968994,42.06034530346255,35.0040194286506,128.03372640588827,8.127208479711673,980.4073937294821,3353.0915207307125,10.609503367535149
2023-01-02 22:51:00,2124.624924984997,42.547634215491875,34.77243698066146,128.74044087243152,7.912781082015778,980.6638795502101,3342.7695794994443,10.586689910518416
2023-01-02 22:52:00,2125.025005001,41.24984538563234,35.8265664088029,126.88618810839195,8.255646996879895,984.0858664779951,3347.9101408179395,10.620037608750149
2023-01-02 22:53:00,2125.4250850170033,40.63709204552167,35.30250031721146,128.28217233207198,8.061886680535151,990.6625720470486,3350.2631663678603,10.661683401988789
2023-01-02 22:54:00,2125.8251650330067,41.27009531652495,35.5473786988096,128.25812401926802,8.231003543874024,984.5927328758415,3341.0908665827774,10.636587410218747
2023-01-02 22:55:00,2126.2252450490096,42.26943507404192,35.11800245069274,127.71459346540794,7.961122057728392,977.8623676208454,3323.2416923276123,10.570576926067847
2023-01-02 22:56:00,2126.625325065013,41.45673963569344,35.68675165403877,127.51504569562461,8.154251141335111,983.921545722455,3364.7527399896576,10.627194878978193
2023-01-02 22:57:00,2127.0254050810163,40.39140476423951,36.03502120743308,126.7303748806471,8.359970742675497,984.0497934879974,3380.0288555414695,10.638332968090841
2023-01-02 22:58:00,2127.425485097019,43.7199483177561,34.80121523932107,129.22019455766085,7.843528420333708,981.5448064031549,3321.028236604014,10.604532002203817
2023-01-02 22:59:00,2127.8255651130225,40.397821899190824,35.79537405863617,126.27805164605718,8.204018830107266,987.7087029039384,3368.6796460177716,10.628709237920898
2023-01-02 23:00:00,2128.225645129026,41.94656500422518,35.203937162654206,129.20781274493515,8.022881376282673,985.2911918493717,3361.695099998127,10.617437464147665
2023-01-02 23:01:00,2128.625725145029,41.843891929375914,35.56069917267274,127.59575509998511,8.178871862138477,979.4898610301832,3340.654904687928,10.613795222076895
2023-01-02 23:02:00,2129.025805161032,41.45846039933597,35.66124975391735,127.58612415012817,8.219888537932036,987.73841107389,3344.490209033719,10.626575889385188
2023-01-02 23:03:00,2129.4258851770355,42.032079564366576,35.24066133491665,128.35813152688365,8.19916315699931,979.9849089895532,3352.5095598740536,10.626583975791329
2023-01-02 23:04:00,2129.8259651930384,42.77892435805857,33.6991294752146,129.014788662535,7.796048867921986,972.6803395174456,3315.9561872514296,10.573270838623332
2023-01-02 23:05:00,2130.226045209042,42.59557470289075,34.54593193101719,128.25475190751894,8.05932260395054,979.388347073943,3335.83351199298,10.610665787023747
2023-01-02 23:06:00,2130.626125225045,41.56172912183555,35.80996132004669,127.35953326130205,8.026232200792892,981.3599627982143,3343.2998795399362,10.613568102659928
2023-01-02 23:07:00,2131.026205241048,43.10266862159404,34.47200808843203,128.5840087282375,7.892929965081382,972.4670167441553,3324.518000946008,10.58785534129146
2023-01-02 23:08:00,2131.4262852570514,42.46349777486073,35.4700923658364,128.20433079890336,7.962064908503123,980.2839202921631,3337.685281584348,10.596377471952039
2023-01-02 23:09:00,2131.8263652730548,43.12864325625906,35.13807521494301,128.12132763132277,7.975978316496137,982.7610814113091,3320.15181174659,10.610478707339915
2023-01-02 23:10:00,2132.2264452890577,40.07615538136511,35.92469232097498,126.96050195779424,8.25954458899202,988.0966259577195,3341.634083886843,10.628545477224945
2023-01-02 23:11:00,2132.626525305061,43.14884100017371,33.6934845280643,128.6513478203389,8.05947100218437,977.8407395110906,3310.3125966576313,10.592611460291776
2023-01-02 23:12:00,2133.0266053210644,42.08944101363513,34.6494311886234,128.58242812745308,8.034904483928031,980.5752363310521,3331.0664779541858,10.57676145518555
2023-01-02 23:13:00,2133.4266853370673,40.71044254311939,36.7836283838091,126.46461619810273,8.354365054893357,986.0368197060708,3364.096592495263,10.63626549978942
2023-01-02 23:14:00,2133.8267653530706,42.22952928072311,34.74882617493002,127.99700496724807,7.936023278400263,983.4931081982867,3353.3892946165493,10.618068629471068
2023-01-02 23:15:00,2134.226845369074,42.66059385844656,34.92793015721985,128.97564688110637,7.918331942300062,972.5554654754037,3326.6714836567985,10.592192170943317
2023-01-02 23:16:00,2134.626925385077,43.779099666869136,34.04140674653601,129.09871673420778,7.795807406778997,976.4465944864031,3300.932405992508,10.56373430559166
2023-01-02 23:17:00,2135.0270054010803,43.3749528891033,33.810142961566015,127.86163468949873,8.07371017687512,981.103134736725,3303.6588671465984,10.591337691419636
2023-01-02 23:18:00,2135.4270854170836,43.02455985384012,35.377688469587135,127.80252166514008,8.042274187251603,981.6447916294674,3343.964615171637,10.619402129569611
2023-01-02 23:19:00,2135.8271654330865,41.671809180388045,35.56136290398722,128.03702431543775,8.188842925847243,979.7251292606887,3351.395847433841,10.60733547478674
2023-01-02 23:20:00,2136.22724544909,42.42061515614615,34.282518096561574,129.19741920846437,7.734232321544704,976.6225881069043,3336.563455743731,10.600527031905878
2023-01-02 23:21:00,2136.6273254650932,43.4397154027479,34.61858121560969,128.3736447523635,7.993755347262198,974.177766074396,3314.606973584197,10.59831098525706
2023-01-02 23:22:00,2137.027405481096,42.89971698193938,34.47049933902737,127.74988754529694,7.924210227241221,982.2060596009389,3353.1092602036483,10.615802571946505
2023-01-02 23:23:00,2137.4274854970995,43.501806955867636,33.86641249767818,128.3703382287919,7.946506134059145,979.4826780055922,3303.932904323763,10.59877085729799
2023-01-02 23:24:00,2137.827565513103,41.568613669275216,36.03311693534713,126.70558225738267,8.14075944305272,987.8414055962809,3359.13845668471,10.63399792400012
2023-01-02 23:25:00,2138.2276455291058,43.89859793957305,33.81968117261634,129.52595560357747,7.791753189158467,974.2745960508826,3291.2306055723243,10.585167635346684
2023-01-02 23:26:00,2138.627725545109,40.331746446334556,36.64540374078182,127.05881448473768,8.1887344679925,990.3384614716177,3377.612477892951,10.657909208674637
2023-01-02 23:27:00,2139.0278055611125,43.42857999071508,34.326999973544275,129.39012911292184,7.932967998071597,978.4170499486316,3300.597829762007,10.582770905702262
2023-01-02 23:28:00,2139.4278855771154,43.53281694460344,33.56731760119466,129.02900621745795,7.868362584327949,972.2300491181295,3312.028331659291,10.561497667939804
2023-01-02 23:29:00,2139.8279655931187,43.01082780269487,34.68100766221308,127.6802445470195,7.873634952284782,973.9857350277304,3314.0375456347756,10.574845412313648
2023-01-02 23:30:00,2140.228045609122,43.15395432419608,34.784114522274834,128.73083879354033,7.988652646781436,979.3563883224442,3343.681716562204,10.608013593018782
2023-01-02 23:31:00,2140.628125625125,41.16072960843309,35.56222787538942,126.95507376420524,8.355051181081933,990.1660625307738,3362.9107216246935,10.627624300641235
2023-01-02 23:32:00,2141.0282056411284,43.84840313514046,33.93663743748007,129.08025726125652,7.696775714957955,969.9640482789753,3312.439057915564,10.569278804100819
2023-01-02 23:33:00,2141.4282856571317,43.16530834763755,34.28421786811503,127.97340562454788,7.779993119021728,977.4517032449453,3302.3760772739165,10.596317595597775
2023-01-02 23:34:00,2141.8283656731346,43.78918702301301,33.887475450903814,128.8181986951698,7.711044257725746,978.8743267151779,3297.288867796529,10.569518884137958
2023-01-02 23:35:00,2142.2284456891375,43.61589260678139,33.538623389314786,129.01418233314817,7.546314289283386,971.0864023085925,3285.972442595887,10.58601305806411
2023-01-02 23:36:00,2142.6285257051413,40.83323345387507,35.785553827656166,127.11052420859933,8.153990010617074,991.9910762170231,3375.3174022276535,10.64628823495629
2023-01-02 23:37:00,2143.0286057211442,42.436609682564466,35.00801014229526,127.90210669695391,8.0837838501324,984.1520367898187,3340.1361392271133,10.621269318585032
2023-01-02 23:38:00,2143.428685737147,41.39323680157376,35.88399505858031,127.02408508200008,8.227616988086888,984.4627240586643,3366.6178388061367,10.641910302278879
2023-01-02 23:39:00,2143.828765753151,44.42440698999347,33.68022199403103,128.87632925750276,7.490669931487265,970.1348233948108,3277.705171793562,10.535273124641538
2023-01-02 23:40:00,2144.228845769154,42.91664588886874,34.30730885129202,128.86921330471222,7.8885891379875,977.7106106857675,3332.2509505361745,10.606774589939358
2023-01-02 23:41:00,2144.6289257851568,43.0070465801885,33.825646348429075,128.5935010704499,7.744279940813683,977.0216617017011,3311.7934683606036,10.588155137532407
2023-01-02 23:42:00,2145.0290058011606,42.035611746752906,35.60336463690539,127.52379683046519,8.21541995650335,980.3443686813571,3342.4441180939416,10.624966119273152
2023-01-02 23:43:00,2145.4290858171635,43.60099529839021,34.06571816657807,128.48065541791533,7.787881992674708,971.8092174372616,3308.6703776718014,10.584293990461388
2023-01-02 23:44:00,2145.8291658331664,42.35181170099164,35.86514165656269,127.18036589220209,7.860999016244437,973.9858707417624,3335.3512308010513,10.620377540208336
2023-01-02 23:45:00,2146.22924584917,41.9335338409029,35.19393502928223,127.67780171950203,8.045900028832417,981.0987897510835,3344.7807237972597,10.628145258374989
2023-01-02 23:46:00,2146.629325865173,43.12791291629249,34.63473364025627,128.1969442043686,7.99439432160789,984.7174847114783,3337.6889897220894,10.586597338373815
2023-01-02 23:47:00,2147.029405881176,43.59688761443392,34.03398508258631,129.06054654116818,7.723227408355491,969.529141390691,3317.4996137977905,10.583348030843341
2023-01-02 23:48:00,2147.4294858971793,41.114966353171475,35.29613201135596,127.16093322956765,8.13351103074588,984.1398896633393,3360.64072242855,10.64386575859021
2023-01-02 23:49:00,2147.8295659131827,44.26871293023276,33.678013228289544,129.13197680774817,7.603344350056661,971.4923289115454,3315.1331291438805,10.563191349508186
2023-01-02 23:50:00,2148.2296459291856,43.99150305840938,33.901739920749534,128.32284687279807,7.90825948208188,974.1091212487735,3314.98362234622,10.579794312467335
2023-01-02 23:51:00,2148.629725945189,44.49044744193827,33.50757470531992,129.4931579373626,7.655262428555036,976.0349718085579,3295.356819961042,10.568104917862883
2023-01-02 23:52:00,2149.0298059611923,45.67271407209217,32.65642117699815,129.973631723766,7.430568619132613,964.3319724189699,3279.2267321308086,10.559990349813585
2023-01-02 23:53:00,2149.429885977195,43.327853747071266,34.337884880579765,129.38888214527825,7.853697026962748,970.7451136303582,3334.3170222850736,10.595629229373712
2023-01-02 23:54:00,2149.8299659931986,45.11099380247177,32.695548996578445,129.85774764031535,7.609665633246612,968.831550705909,3280.4250784230667,10.577225973423031
2023-01-02 23:55:00,2150.230046009202,44.33275123206795,34.11892291286793,129.41323540905984,7.840209475093876,972.2254237224355,3302.1657240420777,10.593470459588632
2023-01-02 23:56:00,2150.630126025205,44.91168222294135,33.03279966084165,129.588872693569,7.767063533471615,964.1465366533819,3305.480823447798,10.556331572834559
2023-01-02 23:57:00,2151.030206041208,42.947222472019014,34.32453533791357,128.7346951477298,8.001650407818984,977.8711393385764,3316.853804083139,10.593986163305573
2023-01-02 23:58:00,2151.4302860572116,41.17951717872979,35.93965362913638,127.00076018917808,8.098483730410392,980.5062746771761,3359.0797541633924,10.6471380187532
2023-01-02 23:59:00,2151.8303660732145,42.37523164600106,35.3485506584894,127.59617450635685,8.007033180823244,979.5032119267128,3344.6166347248695,10.593024194034179
2023-01-03 00:00:00,2152.230446089218,43.55486354018064,34.17254778412765,128.3248694229587,8.096767482767419,977.8938738318864,3315.647024962688,10.608092007170884
2023-01-03 00:01:00,2152.630526105221,45.344535601856215,32.8513940087206,130.44287526718236,7.701869335594777,965.0248220216038,3275.0443221699143,10.552981366626236
2023-01-03 00:02:00,2153.030606121224,46.0636659551455,32.9417789379555,129.16718913256352,7.465388797385213,971.0213272592704,3291.6443590378785,10.543033138266726
2023-01-03 00:03:00,2153.4306861372274,43.343892207859746,33.77703424883418,128.52115499790636,7.9089047272808495,975.4931642861432,3314.8502208550317,10.583074526770053
2023-01-03 00:04:00,2153.830766153231,43.93198426813884,33.991008570051164,130.17082989321847,7.788203975434422,973.70582980532,3283.1535726999164,10.570074840036819
2023-01-03 00:05:00,2154.2308461692337,44.08414742079181,33.730047748116874,129.54444483094235,7.826592025837871,974.9810376147153,3296.771474133382,10.577879537085536
2023-01-03 00:06:00,2154.630926185237,44.028867018228816,33.79311626039775,130.033954635156,7.866916572816451,974.3189038303358,3310.8744480601677,10.586775695363912
2023-01-03 00:07:00,2155.0310062012404,42.27115568350437,34.57715867236839,127.83055297623473,7.880594384442624,980.407476866997,3345.4962522726173,10.612962877845684
2023-01-03 00:08:00,2155.4310862172433,42.441931693946884,34.73940628420599,128.15550682631118,7.864299232588053,976.1180758075512,3326.922860751257,10.585888510425544
2023-01-03 00:09:00,2155.8311662332467,44.60816190896699,33.741188412608324,129.99364543448092,7.78020047453055,968.6866380195698,3301.2303821015357,10.579750178551471
2023-01-03 00:10:00,2156.23124624925,42.418084476908014,35.34037711320264,128.0095724296043,8.096943754236719,983.0696377319292,3341.0344053535696,10.630994906038147
2023-01-03 00:11:00,2156.631326265253,45.49325915413141,33.26253038422051,129.53609655746072,7.450896629388129,968.7117352028467,3303.4774729223013,10.560045319252593
2023-01-03 00:12:00,2157.0314062812563,43.5774920063653,33.863028638654114,128.3748926612977,7.632039133166826,977.3474450257083,3324.087940480579,10.573270716468485
2023-01-03 00:13:00,2157.4314862972597,43.74986539879904,33.95896737280336,129.6855773204479,7.843041190607438,973.9863312970928,3314.8246299536263,10.56770365283654
2023-01-03 00:14:00,2157.8315663132626,41.034210889772844,35.82265944438782,128.4470938428902,8.275648808946453,987.4926207550478,3357.0322053581694,10.644983978581475
2023-01-03 00:15:00,2158.231646329266,42.50182581238251,35.55188622915404,126.9336273124334,7.9424798081459205,979.5119145527905,3348.486166476901,10.599619373510736
2023-01-03 00:16:00,2158.6317263452693,45.56500208917124,32.749842071286494,130.80789001733098,7.670265993680596,965.1242696926894,3290.029400545871,10.557806289101272
2023-01-03 00:17:00,2159.031806361272,43.610635064077066,33.49072874465996,128.9096065031891,7.749137900745312,979.1980364328172,3306.4434948916505,10.571173990704569
2023-01-03 00:18:00,2159.4318863772755,43.37856801901824,34.13469515558259,128.80638634209447,7.703576442371594,974.7083900223812,3318.7220723585788,10.583655435620702
2023-01-03 00:19:00,2159.831966393279,43.20841494166269,34.571854595026544,128.419706192843,7.898911680362481,981.9111444898767,3332.7727844670017,10.567239610315617
2023-01-03 00:20:00,2160.232046409282,43.40688455937309,34.63481619609732,127.99752674904359,7.764329859862174,973.095889840698,3334.852554333764,10.574257967737557
2023-01-03 00:21:00,2160.632126425285,43.539574404202575,34.419299656606434,128.56439271005866,7.828767149613542,976.5836372369456,3328.1223915931373,10.58571743959482
2023-01-03 00:22:00,2161.0322064412885,42.39955602951325,34.98047485406248,127.41034229334588,7.782983563007628,983.4805961957653,3325.9219165050163,10.594396999649861
2023-01-03 00:23:00,2161.4322864572914,41.73329328778674,34.68531216604716,128.2484339648227,8.007031615781239,976.0788405948746,3350.4344675672496,10.617272460956787
2023-01-03 00:24:00,2161.8323664732948,45.93561387806513,32.186116875922195,131.97376002202833,7.456383751466005,970.9940354671869,3265.083245174525,10.527325043958228
2023-01-03 00:25:00,2162.232446489298,45.510288114261684,32.72558195869065,129.74487333451233,7.434585702783725,969.3972217233538,3280.2122651695604,10.567401462031443
2023-01-03 00:26:00,2162.632526505301,45.243968489328566,33.20046177916963,129.34905445576163,7.707793033332335,970.0148763857078,3284.9019330725405,10.572130524766123
2023-01-03 00:27:00,2163.0326065213044,44.908725558660514,32.8020426752855,129.87988587325682,7.515949388902166,970.5747005716881,3287.257123656096,10.545310438528357
2023-01-03 00:28:00,2163.4326865373077,45.323627888528236,33.40201628698958,129.92787488247316,7.772707956682929,975.7920036918322,3316.7584733313574,10.579194247920372
2023-01-03 00:29:00,2163.8327665533106,45.01728205641631,33.73932098971383,129.83687355291923,7.43117369438489,968.824475744516,3265.797241008711,10.556346744266964
2023-01-03 00:30:00,2164.2328465693136,43.049300076135815,34.008405478053206,129.28048540727497,7.91012119768345,974.0020911438965,3287.894537942818,10.58018574594774
2023-01-03 00:31:00,2164.6329265853174,44.75452855828633,33.00610743766098,129.35931281965438,7.4855310680159945,972.1748789787894,3301.3419138676313,10.561648314856917
2023-01-03 00:32:00,2165.0330066013203,43.169103561837055,34.81578629381813,128.44044143534077,7.947213629909306,980.9177302852388,3333.0642048824884,10.619482213657621
2023-01-03 00:33:00,2165.433086617323,41.35179032116222,35.1660068643792,126.15884446735618,7.9798462660231735,981.1553278895228,3347.583908256337,10.625228086784771
2023-01-03 00:34:00,2165.833166633327,44.17328644186658,33.819295763458754,129.36681961893268,7.7567605685158405,976.0140039149975,3303.853785170558,10.589206148401484
2023-01-03 00:35:00,2166.23324664933,44.535308356079945,33.810349030609736,128.53238757523877,7.616449406234365,976.7364914136965,3284.8146551900318,10.595366608467828
2023-01-03 00:36:00,2166.633326665333,44.93897006645902,33.621560691334274,129.50751049371473,7.820563819917362,971.6039631750809,3283.778618398418,10.569822563631371
2023-01-03 00:37:00,2167.0334066813366,44.21741589583225,33.93781058321211,129.63602670072973,7.614273443850644,971.3890677721046,3318.576022446383,10.559813427488768
2023-01-03 00:38:00,2167.4334866973395,44.54422772022195,33.6383535648903,128.76887058086186,7.562902948348534,971.8051820869534,3291.166361073473,10.569275763170152
2023-01-03 00:39:00,2167.8335667133424,45.50642142481687,32.3738115655984,130.81580119815655,7.7040803520486865,972.8540574131251,3271.67511866099,10.558099037662684
2023-01-03 00:40:00,2168.233646729346,44.96138291314652,33.72529443243431,130.0785175804359,7.585124999956839,969.345302397608,3253.288133769877,10.530597649661258
2023-01-03 00:41:00,2168.633726745349,44.49316981118187,33.67747383966433,130.36445956656155,7.536362285913388,974.9996131398867,3274.944484862401,10.560709243498394
2023-01-03 00:42:00,2169.033806761352,44.34219011805569,33.716830268266584,128.9868562211728,7.692160933926635,970.9003601489543,3309.414250287385,10.556173137265612
2023-01-03 00:43:00,2169.4338867773554,47.04691275363122,31.348060696280374,130.39625190922698,7.277520469267987,962.3558225774692,3246.0018322129504,10.51220532571224
2023-01-03 00:44:00,2169.8339667933587,43.325138711681284,34.577097120798406,128.6927485553528,7.694670168421141,979.090817301394,3327.7194345093067,10.600135698356233
2023-01-03 00:45:00,2170.2340468093616,44.526716312252944,33.152786013279425,129.99041346755442,7.5731840633115075,975.4281663400146,3283.8796613875484,10.572521100310542
2023-01-03 00:46:00,2170.634126825365,43.37439545628439,34.60301588667335,128.67417134134098,7.940642973226366,982.5403327695926,3312.9567697018138,10.597997045832427
2023-01-03 00:47:00,2171.0342068413684,44.22738058715981,33.4058770801471,128.5221450690715,7.9071658108928125,971.1178447912821,3304.9937205368783,10.583917204317073
2023-01-03 00:48:00,2171.4342868573713,46.18426958176141,31.802383443074202,130.0128550960837,7.38566316226294,967.8087226125657,3255.599225311508,10.510204218524667
2023-01-03 00:49:00,2171.8343668733746,45.354146625353216,33.24801179254062,129.72739017015672,7.59719917853197,974.9039464846464,3278.10770738264,10.536008917048076
2023-01-03 00:50:00,2172.234446889378,44.88041945922235,33.49119500833724,130.0688973894817,7.542836997484469,968.5463767517341,3280.311895653987,10.566875691538407
2023-01-03 00:51:00,2172.634526905381,46.11073434970743,32.63237627521904,130.80598844177263,7.568751817131604,963.1402112649213,3266.701417621168,10.502542473210674
2023-01-03 00:52:00,2173.0346069213842,44.834788071417975,33.85819092795545,130.1231179393035,7.817203641418817,972.9605433190873,3296.096186486916,10.563015097854056
2023-01-03 00:53:00,2173.4346869373876,45.26694569011775,32.85128551732041,129.94255694488297,7.6342551590866226,968.9509999266311,3270.5630621792666,10.552890532808698
2023-01-03 00:54:00,2173.8347669533905,43.46187151142817,33.937468824626364,128.01807085165143,7.824071421174808,974.2967646026871,3329.633301845799,10.583990642402226
2023-01-03 00:55:00,2174.234846969394,45.771996501328424,32.727336733988366,130.95766502822337,7.345620751842027,963.5103599798932,3278.330702006152,10.510857755212973
2023-01-03 00:56:00,2174.634926985397,42.91236341815032,34.67195105778039,128.6720690962051,8.000864844735203,981.8994679805279,3322.932255830494,10.598022437991746
2023-01-03 00:57:00,2175.0350070014,45.986278650773365,32.453027131897066,130.68952549983348,7.470239473467459,963.3876005687927,3268.0430381241044,10.52493416682711
2023-01-03 00:58:00,2175.4350870174035,47.89043620109988,31.39127714205576,132.35534365997154,7.125251180669076,956.1437262372716,3237.408187627135,10.492054200789624
2023-01-03 00:59:00,2175.835167033407,43.06141696795422,33.936275577437456,129.63102543860205,7.845018450115418,975.3320217716926,3315.339470509162,10.573783895324787
2023-01-03 01:00:00,2176.2352470494097,44.125292905635625,33.8128822391522,128.88152408818388,7.845594919660021,971.2065275738756,3302.509632975459,10.576287102469571
2023-01-03 01:01:00,2176.635327065413,44.63583331354727,33.512771419065146,130.0723957249866,7.588187553840591,967.5292848963644,3281.7674345267906,10.547480100135939
2023-01-03 01:02:00,2177.0354070814165,45.08084434947781,33.6291424329658,129.67871738258296,7.680679542907114,971.3561556055516,3276.521840812472,10.56433023747107
2023-01-03 01:03:00,2177.4354870974194,45.01287688647759,33.33969704984646,129.30790273431663,7.471857035931466,973.7686759623319,3310.967472982896,10.573291069769725
2023-01-03 01:04:00,2177.8355671134227,47.05144180323602,32.38152697295501,130.8860504592254,7.3746908961428,963.8817706498388,3252.1423754062216,10.515693548515085
2023-01-03 01:05:00,2178.235647129426,44.247190574363096,34.48439908330909,129.06556352260736,7.98562128270002,970.2381949744736,3322.395488424133,10.583512349376296
2023-01-03 01:06:00,2178.635727145429,45.31423898528742,32.62270948641498,129.59359583487657,7.415036705903477,973.6384025900578,3286.7403935682623,10.544514665503785
2023-01-03 01:07:00,2179.0358071614323,46.80107580258632,32.44247432187817,131.46106533344954,7.375665054131863,965.621519374558,3265.3166331864477,10.506603753362633
2023-01-03 01:08:00,2179.4358871774357,43.550353074062244,33.132032422151816,129.12463421002303,7.856980320466243,975.3073771287194,3308.140155779525,10.568655901557745
2023-01-03 01:09:00,2179.8359671934386,46.01654888176492,33.60014486124538,130.23597157016027,7.655183834073533,969.39580123494,3268.8493106227643,10.550860911229707
2023-01-03 01:10:00,2180.236047209442,44.14665166512829,33.861636005331334,129.77242500237668,7.714077016787566,976.7159100287454,3298.2375693839613,10.603027301012828
2023-01-03 01:11:00,2180.6361272254453,46.74705080429096,31.688820825412712,131.43259229237995,7.2013433420886015,968.8288215942351,3246.377515027515,10.522126124073182
2023-01-03 01:12:00,2181.036207241448,43.79112714442384,34.47447264080821,128.54322841445736,7.847998264529479,980.5143580845072,3307.2800328785484,10.600974708735224
2023-01-03 01:13:00,2181.4362872574516,44.596631462963884,33.13430231095418,129.9399650873438,7.7064809172347415,970.1644899860484,3275.289811053473,10.570477180500436
2023-01-03 01:14:00,2181.836367273455,45.38993138259851,32.95511606030901,129.9774764994206,7.402670023283567,965.2240012480884,3270.150309616406,10.553335134042063
2023-01-03 01:15:00,2182.236447289458,47.748115235514426,31.554125895661958,131.56200522978867,7.157134598495999,961.4593997346797,3242.556984392185,10.518570612719385
2023-01-03 01:16:00,2182.636527305461,46.11636083389788,32.81317204923846,131.2611649356266,7.411897305440935,968.106166434977,3262.919586194811,10.534754146393437
2023-01-03 01:17:00,2183.0366073214645,45.23817532310011,33.17113495798723,129.69265573577093,7.486081707255548,968.8296084107906,3284.5669811035323,10.554563907192206
2023-01-03 01:18:00,2183.4366873374674,44.82266062166794,33.12239580148557,129.24623447286774,7.668007400647903,969.9901923938619,3302.812325651477,10.548216047462542
2023-01-03 01:19:00,2183.836767353471,45.17199750317449,32.898552832794465,130.96616928910527,7.654661903283188,968.9396495272563,3272.276532368568,10.537190817001756
2023-01-03 01:20:00,2184.236847369474,45.30682067152907,33.556570317182846,129.3175883138429,7.54947476883521,968.5319668890098,3278.958254038618,10.55636090961332
2023-01-03 01:21:00,2184.636927385477,45.7447967682278,32.6622811040141,130.28218421148787,7.530967080382725,970.7547598554235,3258.2063121336,10.53862624988988
2023-01-03 01:22:00,2185.0370074014804,45.5164384760934,33.19649198462264,129.74525081087808,7.57359250201465,967.6199373515067,3283.859190273795,10.542028916471327
2023-01-03 01:23:00,2185.437087417484,45.32330005201811,33.064112915590776,129.04887307486408,7.574008059267371,963.4490215962038,3279.6485965729207,10.567651645827956
2023-01-03 01:24:00,2185.8371674334867,46.50292025892368,32.25160905339734,130.78100150161114,7.277748239649431,963.8247194911743,3263.576015312291,10.525857917576982
2023-01-03 01:25:00,2186.2372474494896,45.98774626804286,32.82827523034599,130.65463478143715,7.49852310032375,968.4291625556195,3284.0407226335456,10.545643886047207
2023-01-03 01:26:00,2186.6373274654934,45.61446377301253,32.249508796427165,129.99102836059075,7.515070944439478,970.6954894871773,3297.1769491653254,10.571985728354726
2023-01-03 01:27:00,2187.0374074814963,45.811729759745766,32.28582948415018,129.81533143434132,7.526182240437045,967.2335494193147,3251.0273260385557,10.541069758335688
2023-01-03 01:28:00,2187.437487497499,45.600630987049215,33.40401047948196,129.86447678468093,7.666470606252777,966.4039895954454,3278.2769839279867,10.5557813620315
2023-01-03 01:29:00,2187.837567513503,46.263957145791736,32.669538674467375,129.94576225833882,7.358000535303597,967.6444773736818,3273.847978322849,10.550871755815965
2023-01-03 01:30:00,2188.237647529506,47.546073092472604,31.248021051566205,130.0566704778542,7.248561376644957,959.5938506001722,3235.4934502946107,10.502316192369761
2023-01-03 01:31:00,2188.637727545509,45.91945370270196,33.41069237071671,129.83825514497914,7.559590127916096,968.7936036592275,3271.677520164087,10.549392502077634
2023-01-03 01:32:00,2189.0378075615126,46.237750966419675,32.48642073037456,130.68284131870644,7.6869363636565335,963.6986415865701,3285.122461106491,10.533663400037565
2023-01-03 01:33:00,2189.4378875775155,46.23413240163215,32.54345300583451,130.678927086033,7.593048542853972,968.4885119651778,3270.4517803424355,10.549793320153054
2023-01-03 01:34:00,2189.8379675935184,45.716418429037184,34.055709147977346,130.48452196050502,7.560935663483422,980.8617523065171,3280.745625374461,10.566484298143184
2023-01-03 01:35:00,2190.2380476095223,46.05309944091088,32.58494916129056,130.42456689905637,7.484182077994493,974.1579157612999,3269.2091968418417,10.537534884799305
2023-01-03 01:36:00,2190.638127625525,45.15542178214023,33.44594020948719,130.28469094820133,7.584932223902448,967.2327573530254,3299.0490781135027,10.559532669032619
2023-01-03 01:37:00,2191.038207641528,47.21406075242706,31.59950285002963,130.52742019467496,7.36613445826779,962.5412326430138,3245.1874389738055,10.52095345160749
2023-01-03 01:38:00,2191.4382876575314,46.73625386487836,32.64736352015365,131.20429743099163,7.546592113068883,965.9299667634082,3258.9869186518617,10.533521464689413
2023-01-03 01:39:00,2191.838367673535,45.66208231760773,32.327746746706346,131.035279055069,7.51636848867445,967.2500860125785,3264.2224086106175,10.53629675693753
2023-01-03 01:40:00,2192.2384476895377,46.836043911698425,31.684974157765758,130.7596768453689,7.357989314735075,966.4133922237062,3257.698704371854,10.510333452971485
2023-01-03 01:41:00,2192.638527705541,46.21051468203782,32.70443415609617,130.79305666994918,7.471750869331494,966.1407107667695,3280.1916670945893,10.521344058184098
2023-01-03 01:42:00,2193.0386077215444,46.6938865689698,32.15735327522032,131.2547679800443,7.361519068222589,961.4052757608144,3265.6981144370616,10.509601766805767
2023-01-03 01:43:00,2193.4386877375473,47.1175844680234,32.59004056148082,131.48846102706008,7.241815584718017,968.2415522466106,3255.4661960261815,10.534605741560508
2023-01-03 01:44:00,2193.8387677535507,46.795897520692186,32.33603404129595,130.57809749353535,7.435579705585653,961.6516035282106,3260.591388613548,10.535620648902396
2023-01-03 01:45:00,2194.238847769554,47.67696337023627,32.032580114695655,131.2604091046923,7.1716774193197335,960.2056799385313,3260.8014960819964,10.52026967994303
2023-01-03 01:46:00,2194.638927785557,47.93093421195281,31.65878958215915,131.17671523324128,7.110012187339269,956.4150234125326,3255.3777941562294,10.507731332550543
2023-01-03 01:47:00,2195.0390078015603,47.42525527903398,31.90574643080154,131.71268396525156,7.55119296353023,958.7134456760556,3247.101238795494,10.512588520133136
2023-01-03 01:48:00,2195.4390878175636,46.76771093298685,31.60918809452598,130.02334792687068,7.4014190153446435,965.6652147470985,3234.1609254134164,10.523872948068556
2023-01-03 01:49:00,2195.8391678335665,46.080529984952726,32.40846816367572,128.90876982216577,7.496393908440535,964.752537534423,3267.8835389683113,10.527111209821108
2023-01-03 01:50:00,2196.23924784957,47.84820589706164,31.77496911021261,131.8280593034262,7.2470179942862805,955.4815285375938,3233.242211713483,10.517606004752674
2023-01-03 01:51:00,2196.6393278655733,47.774527476824964,31.80741081126422,131.30472359208935,7.403436059528999,960.1892236134913,3243.5779632085437,10.518801220312328
2023-01-03 01:52:00,2197.039407881576,46.451958764809234,32.46067417033988,130.6048624383221,7.3380499738756875,963.2028409288347,3257.7965279110567,10.522657474605227
2023-01-03 01:53:00,2197.4394878975795,49.442285180932245,30.233565507778003,131.8687130515135,7.005740858279042,950.6708988831076,3213.781615291623,10.478072139210273
2023-01-03 01:54:00,2197.839567913583,45.84258144110994,33.53362493410861,128.64801427563523,7.595808427513802,973.7163317209512,3297.2853519541304,10.57249584992952
2023-01-03 01:55:00,2198.2396479295858,48.415911833063646,30.758004016393294,131.96029520933513,7.162018339298886,951.2404634073227,3215.282598221901,10.468358629941385
2023-01-03 01:56:00,2198.639727945589,47.02436104874948,31.903948484530176,130.92276855918908,7.339909666688813,963.0749816655954,3250.7717099773463,10.538315413840781
2023-01-03 01:57:00,2199.0398079615925,47.635430183445294,32.142680122129676,130.75720697489092,7.465947734387227,963.4413953338562,3253.5417584931743,10.513995031963015
2023-01-03 01:58:00,2199.4398879775954,46.35985805784431,32.126504018311174,130.81352659773444,7.494652553423378,966.0180173941867,3268.657838959247,10.50839244580417
2023-01-03 01:59:00,2199.8399679935987,50.04203036835947,30.337894950274343,132.24034680289483,7.07201744033663,952.1027320613821,3191.8945687577516,10.478198341563283
2023-01-03 02:00:00,2200.240048009602,48.33503533767472,32.38844140821982,130.88156386334805,7.37605133511939,960.341335926646,3258.976072093854,10.52919025425791
2023-01-03 02:01:00,2200.640128025605,46.43223432521559,32.941140818219175,130.61462487046873,7.632269209055466,963.9759981290567,3269.0308784904364,10.530873811512992
2023-01-03 02:02:00,2201.0402080416084,48.43618774051646,31.271000647844502,131.74283161772433,7.071369696437712,955.9905309273952,3229.1377674929126,10.475351217896678
2023-01-03 02:03:00,2201.4402880576117,48.19717237535652,31.349727804835638,131.21736921251846,7.374669410080717,963.0832537708151,3244.3070244967616,10.521847259150608
2023-01-03 02:04:00,2201.8403680736146,48.579114208708084,31.830583201736538,131.37839118738492,7.028711794931721,957.9470745810544,3237.8419798594814,10.492822323622029
2023-01-03 02:05:00,2202.240448089618,47.38245568951728,31.609970831966578,131.38857422601268,7.196986346988312,959.1496691692316,3236.7125773093135,10.509357486982605
2023-01-03 02:06:00,2202.6405281056213,47.28886747425714,31.77679243066603,131.1472192394134,7.318546184902216,966.8589258820317,3244.4172073232908,10.50297646457466
2023-01-03 02:07:00,2203.0406081216242,48.25612587799785,31.05235896571253,132.04706520906532,7.051749914889511,960.4356753526833,3238.317929945675,10.509895199350375
2023-01-03 02:08:00,2203.4406881376276,46.5446326909502,33.10014473354956,130.3898262987041,7.434126503516171,963.7263566148813,3272.5252771906203,10.552445960555918
2023-01-03 02:09:00,2203.840768153631,48.686388510844665,31.487141531416214,131.7436108793021,7.074732179588323,958.5422806682494,3239.4656916958593,10.493854555303145
2023-01-03 02:10:00,2204.240848169634,46.720814899485276,32.08361857929048,130.43622966022573,7.44733344958342,969.1773174858095,3277.163773968321,10.513848152706373
2023-01-03 02:11:00,2204.640928185637,48.40365031342728,30.67440239978265,132.82245176101057,7.092210088133419,955.6105767481105,3242.574711788669,10.485641402952652
2023-01-03 02:12:00,2205.0410082016406,49.368526850176,30.69610003194263,131.5502222525809,7.1015037434423105,951.2220045910276,3213.662640426201,10.492252208695655
2023-01-03 02:13:00,2205.4410882176435,46.798431784115934,32.299714564549944,130.99190286683165,7.48971010267406,967.5589960967953,3294.8944573021136,10.531661296145181
2023-01-03 02:14:00,2205.841168233647,47.55423143702545,31.647199961604855,131.40837350951674,7.241302952833973,961.8061712156322,3248.0470496824323,10.504021118642015
2023-01-03 02:15:00,2206.24124824965,48.56155127603811,31.085038254135494,132.18062160508524,7.062445020146655,957.6982293150822,3229.683616417772,10.485843945380033
2023-01-03 02:16:00,2206.641328265653,48.56471449345434,30.728628538758937,132.31646952577117,7.202923878352835,956.8723756723176,3241.016332914667,10.48321685943855
2023-01-03 02:17:00,2207.0414082816565,46.268446929198085,32.914139760740795,129.09035929422257,7.641353056954215,962.3369127150696,3284.6174211779617,10.559285252902898
2023-01-03 02:18:00,2207.44148829766,49.8086396291538,30.41441896068324,133.10120961510805,7.146305504679267,951.2729840694136,3208.1564302056727,10.488694579353313
2023-01-03 02:19:00,2207.8415683136627,47.55170037440142,32.06183587889752,132.35901082020285,7.297216352939007,961.9039000170608,3254.7468620680634,10.50951747276541
2023-01-03 02:20:00,2208.2416483296656,46.09084158154089,32.71019151413195,130.66285736095767,7.600603267427796,974.4452769918669,3283.6802270615976,10.550774129764049
2023-01-03 02:21:00,2208.6417283456694,46.5756105246466,32.49861180797274,129.90594343389648,7.407151365941651,963.5178250734918,3243.0801824828936,10.51588267690315
2023-01-03 02:22:00,2209.0418083616723,47.39765795216002,32.31225860898332,130.89058876867355,7.441693060629428,970.1390201425565,3264.9363976673517,10.540641933884629
2023-01-03 02:23:00,2209.4418883776752,45.589549534211756,33.74993289635465,130.30441912425493,7.785750667125244,969.0208520684928,3285.0313208348766,10.559580209542592
2023-01-03 02:24:00,2209.841968393679,46.372316533670094,32.80125523355863,131.04570284581806,7.432447392829085,965.6235009673956,3261.7558351125576,10.539802333952768
2023-01-03 02:25:00,2210.242048409682,46.75479457999445,32.14806387649712,130.1064096999354,7.202920349734088,957.418163080792,3270.254460482301,10.52076228158251
2023-01-03 02:26:00,2210.642128425685,46.329253547729905,32.30748989985291,130.9635299452324,7.380524896614537,967.619391719522,3256.396890676224,10.550694709820238
2023-01-03 02:27:00,2211.0422084416887,48.131396204984775,31.791825380318244,132.2028884474667,7.440873044860385,958.8726902403747,3235.319397153449,10.522917489420573
2023-01-03 02:28:00,2211.4422884576916,47.15602673732572,31.846211909685515,131.03636037089203,7.3324373919769466,965.00447588843,3275.8721626882143,10.50931672072719
2023-01-03 02:29:00,2211.8423684736945,47.693951388754606,31.739908151797295,130.32681136936543,7.3825611381203196,961.5162734758934,3250.770155829899,10.53178138661499
2023-01-03 02:30:00,2212.2424484896983,49.03769462184396,31.971032620790687,131.8851104979845,7.237268421324873,966.6525311726099,3250.689029233717,10.497896294489001
2023-01-03 02:31:00,2212.642528505701,48.95471353823652,31.047077632435744,132.6441104201381,7.180777221789987,962.1960465638426,3238.123477057366,10.505013256846173
2023-01-03 02:32:00,2213.042608521704,48.82930042216296,30.994362896107557,132.12912470730166,7.11401336221664,949.4306365310658,3232.442701699383,10.499747642193428
2023-01-03 02:33:00,2213.4426885377075,47.71823464238971,31.928699328530946,130.35845938795347,7.369812890634943,965.3763426112063,3259.393832001305,10.543313089766547
2023-01-03 02:34:00,2213.842768553711,46.39683805156478,32.50768880207136,130.92745373582173,7.550132333180921,964.3904189962091,3271.3202207063237,10.539833920100945
2023-01-03 02:35:00,2214.2428485697137,49.45724759838343,31.085953339097404,131.45506922788638,7.138212912987044,960.3770633133745,3239.6567658698805,10.492010906006621
2023-01-03 02:36:00,2214.642928585717,46.331978989661515,33.519380801688804,129.78046423533092,7.71115308932305,967.5749800472629,3292.2389512172495,10.559518641066791
2023-01-03 02:37:00,2215.0430086017204,48.18025437608605,31.762869336060206,132.20875487699902,7.2560989656688335,965.1506167456255,3252.1576239188375,10.510861667142018
2023-01-03 02:38:00,2215.4430886177233,48.003584392359244,31.48250414390603,130.6790213965245,7.245766278261937,963.4596243014558,3240.51919893863,10.494607211427667
2023-01-03 02:39:00,2215.8431686337267,48.6334010817562,30.93158773290797,132.28450076782246,7.1048395168194745,954.2468003121184,3233.0614718087836,10.47098510590381
2023-01-03 02:40:00,2216.24324864973,49.13397076430027,31.069885378299766,132.0549947436483,7.094109187319597,956.0327345443495,3244.596647663883,10.481254783830035
2023-01-03 02:41:00,2216.643328665733,48.23768181296923,31.73647255264274,131.18322196582747,7.253273546614333,962.2248212988158,3244.5681346316132,10.51220282090217
2023-01-03 02:42:00,2217.0434086817363,46.5935054034396,32.73292440702799,130.09198289660713,7.7321133373522875,972.2881442193129,3287.930422445195,10.560510524979561
2023-01-03 02:43:00,2217.4434886977397,49.92080828251259,29.41505958472317,132.55865997454586,6.776983235725991,951.9554356896446,3209.1229075279102,10.465641684394173
2023-01-03 02:44:00,2217.8435687137426,50.54456606170728,30.300239923822147,132.20161966035167,7.067947989567647,955.2558627255803,3213.9044884680457,10.467734396653162
2023-01-03 02:45:00,2218.243648729746,48.08396259571691,31.698349408666978,130.16071106565437,7.180799067402663,962.812986048099,3258.187065459286,10.530110455139566
2023-01-03 02:46:00,2218.6437287457493,46.95233071612149,32.596447680988504,131.14875231254004,7.521599522897736,967.8935696012153,3256.6195395077984,10.525287649443614
2023-01-03 02:47:00,2219.043808761752,47.45188210411964,31.694979979088547,130.88649843569777,7.267221162124098,958.8077865154656,3256.3581795961095,10.511109719106368
2023-01-03 02:48:00,2219.4438887777555,48.09387652444663,31.855905865577657,131.46902007234954,7.383421422079818,962.1817344723484,3254.1869595751277,10.53557024969168
2023-01-03 02:49:00,2219.843968793759,48.59683243643381,30.981383700170362,131.6625798040002,7.1584266668861645,961.5039754827477,3243.930380270423,10.461009431576736
2023-01-03 02:50:00,2220.244048809762,48.80922256043998,32.0951059768824,130.8495900145121,7.130162773401209,965.0555187150234,3252.579874839238,10.518276210233523
2023-01-03 02:51:00,2220.644128825765,46.78337080150767,32.738701405100535,130.87254959721463,7.600809973997953,966.4984913667408,3280.821449135974,10.539242299671077
2023-01-03 02:52:00,2221.0442088417685,49.27795264248777,31.497313023561997,132.07085733335677,7.247841487578455,957.7458176755133,3222.451251512118,10.492779883162896
2023-01-03 02:53:00,2221.4442888577714,47.410527758447024,32.32140663513618,130.56735811860582,7.485059211653318,969.270224683524,3255.084924233205,10.53838747578206
2023-01-03 02:54:00,2221.844368873775,49.12382363987655,31.14094191503446,132.25671439842074,7.06304697944288,956.5802444003723,3230.4605602629927,10.494011935794871
2023-01-03 02:55:00,2222.244448889778,49.902316879916384,30.484231698228193,132.06302104693015,7.113401407583948,957.7645454035137,3226.8414978570054,10.459109106245604
2023-01-03 02:56:00,2222.644528905781,49.95603934112509,31.221220584200232,132.74995671330754,6.9740825255337,955.8987385454211,3222.138145413876,10.473671084200252
2023-01-03 02:57:00,2223.0446089217844,48.99943380970526,30.803429276479704,132.82099942321065,6.8893615985615275,956.6003167800887,3217.9357151929166,10.479949117913202
2023-01-03 02:58:00,2223.4446889377878,49.89326359102295,29.978700386891738,132.9817050966685,6.863322637364108,950.6738701496757,3197.9305863592713,10.45072584503409
2023-01-03 02:59:00,2223.8447689537907,48.24164495442727,30.94430842483984,131.27011223803714,7.175645087557497,956.9248724758359,3248.1341561877457,10.506230439408682
2023-01-03 03:00:00,2224.244848969794,49.03222642425311,31.674518130083545,131.8556486031275,7.112221683670688,961.4495330063155,3233.5115230401625,10.501595873565762
2023-01-03 03:01:00,2224.6449289857974,47.485098594681524,32.29324905140335,131.6347205149093,7.355616813432977,969.3750271964144,3256.3191423692433,10.536148254058066
2023-01-03 03:02:00,2225.0450090018003,47.340731088263084,32.10539436436797,131.69846579945016,7.31508209356505,963.3128218631736,3264.1750286104107,10.519043216228944
2023-01-03 03:03:00,2225.4450890178036,49.145953972077415,31.25815940696457,133.18566949097726,7.044123600197601,955.9004716296665,3224.0991218852814,10.47684225012482
2023-01-03 03:04:00,2225.845169033807,50.14096433906623,30.38655390706424,131.72766618316138,6.912817973989488,959.880025341997,3226.8641859337727,10.488702279372816
2023-01-03 03:05:00,2226.24524904981,48.656315305197154,31.47988946091559,130.9774240325213,7.296497465616177,961.9390023127733,3254.66459923885,10.506836812561168
2023-01-03 03:06:00,2226.6453290658133,48.562456228460775,31.585967217426933,131.4103969774796,7.26583662735568,954.1362965466019,3269.4217088952523,10.517554458120019
2023-01-03 03:07:00,2227.0454090818166,49.87253288257319,30.757671789031996,132.66845865957825,6.979613305677072,957.768454144627,3213.1550877955215,10.47559586306441
2023-01-03 03:08:00,2227.4454890978195,50.45251559630886,29.970773895659597,132.75028945428036,7.111824754495072,948.697588662316,3199.3326946068705,10.47425153291871
2023-01-03 03:09:00,2227.845569113823,49.60875679341711,30.346801312365166,132.0979443506627,7.062346374552045,955.7569173724427,3212.3017685820637,10.478602192814295
2023-01-03 03:10:00,2228.2456491298262,50.89386452299067,29.676600945338276,133.59399205077716,6.947789373717057,950.5738230759388,3209.160389468168,10.474093431080908
2023-01-03 03:11:00,2228.645729145829,49.55415326892966,31.27079553003309,132.02866384757493,7.213545205061136,955.1461832299717,3217.12067965033,10.489554548129783
2023-01-03 03:12:00,2229.0458091618325,48.58361082682057,31.058827298923,131.1108073639769,7.062024416641103,959.2834030616374,3233.7767612145385,10.4924687331888
2023-01-03 03:13:00,2229.445889177836,48.693645601531415,31.47030241659118,130.8142477946445,7.285518988042217,963.8903439734985,3244.1047378474505,10.505745877986453
2023-01-03 03:14:00,2229.8459691938388,47.64454097072953,31.808710363649666,131.50517124413545,7.36323298439511,961.2010686965491,3262.0536153982184,10.515821255242408
2023-01-03 03:15:00,2230.2460492098417,50.36877762303931,30.236660379389328,134.05498224059605,7.020908310133065,958.5000242910097,3227.164442233897,10.46068307267976
2023-01-03 03:16:00,2230.6461292258455,48.760677691026444,30.603365181923238,131.3971784193775,7.044549844893925,962.7719592689168,3217.6955069394658,10.492150047362705
2023-01-03 03:17:00,2231.0462092418484,49.466451290619275,30.51441041636568,131.8536421971803,7.099351955343488,962.0099840632633,3245.552796404403,10.500359685995866
2023-01-03 03:18:00,2231.4462892578513,48.64744971994977,31.265983668018876,132.9193765005995,7.230220940098293,958.9834421025911,3225.385844793961,10.503659627773894
2023-01-03 03:19:00,2231.846369273855,50.62919382300551,30.314592056493545,132.5924661076968,6.75848080858495,951.1968086362559,3209.346737471207,10.453453687377964
2023-01-03 03:20:00,2232.246449289858,49.08947280219073,31.441602387200852,131.72545446027974,7.123560358567004,960.3288505294624,3235.048589741797,10.508180683983042
2023-01-03 03:21:00,2232.646529305861,51.22003528820525,30.320320955991058,133.7467672164473,7.172111120977317,956.1578973622857,3204.5486377765255,10.45231559723609
2023-01-03 03:22:00,2233.0466093218647,49.91524471975431,29.78215809116449,132.2582513105813,7.039427715044627,956.4144781944897,3200.622826518992,10.469845697400705
2023-01-03 03:23:00,2233.4466893378676,51.98882139005512,29.011782700254347,133.36999612644442,6.968011371289664,940.820723913052,3206.098525540132,10.458059690059894
2023-01-03 03:24:00,2233.8467693538705,49.78402264230665,31.561369101811124,131.8726287062599,7.211755907650739,957.7478130622584,3225.537399956144,10.487289651132423
2023-01-03 03:25:00,2234.2468493698743,50.574180960268464,30.4973841488848,132.1135034512726,7.000367285553569,945.3066643770078,3208.9905346490395,10.45250734803992
2023-01-03 03:26:00,2234.6469293858772,48.85240679815938,32.02226685938362,131.99310768103024,7.290600055998697,962.06031775928,3240.385912268432,10.511837364550662
2023-01-03 03:27:00,2235.04700940188,50.362987030867316,30.17154029571895,132.3378401338258,7.051503888441992,952.2348255238932,3199.034889852374,10.473028403780877
2023-01-03 03:28:00,2235.4470894178835,51.99661998924875,29.36843280979936,133.12204249507056,6.9569605969402435,945.8882760720911,3183.9541463875503,10.4541160940014
2023-01-03 03:29:00,2235.847169433887,48.458287294394815,31.58971890588464,131.18756095494007,7.360435347538766,963.4907291734285,3250.9538567124296,10.518537946166143
2023-01-03 03:30:00,2236.2472494498898,50.60680396982284,30.490510928377272,133.36820860831472,6.970859234241513,950.2860164363185,3204.6843343328337,10.451993846117684
2023-01-03 03:31:00,2236.647329465893,51.108622099590384,30.323260672270006,132.85402092616746,6.959957558919606,952.8189701357609,3218.4767507596553,10.462831893321352
2023-01-03 03:32:00,2237.0474094818965,50.76724381795285,30.788389389600844,131.97355159807032,7.119798996076896,952.5481520643395,3221.3914488860823,10.4828551435851
2023-01-03 03:33:00,2237.4474894978994,51.01918875174654,29.94485804046619,133.2094204014561,6.879079218821254,951.8595670445632,3203.268772721168,10.453806945203091
2023-01-03 03:34:00,2237.8475695139027,48.81112983053326,31.07296077733121,132.5711360915951,7.164132380118602,959.4176319062168,3230.9554270500366,10.490038669865424
2023-01-03 03:35:00,2238.247649529906,52.01619320412127,29.308183861161144,133.77063066911685,6.693993308902277,944.468377652993,3183.4693162996195,10.423044300393874
2023-01-03 03:36:00,2238.647729545909,50.3921397191797,30.52783958067976,132.3679867747111,7.009445009436936,956.5885006464904,3226.4971656701787,10.478053025183005
2023-01-03 03:37:00,2239.0478095619123,51.59226948639819,29.32172470764003,133.96328800989522,6.731903611225797,949.1799168285195,3196.74277345889,10.456612708390931
2023-01-03 03:38:00,2239.4478895779157,51.11755466678342,30.04703369603717,132.82930215807562,6.9069298263018934,952.2817396563601,3214.6057883827057,10.462972660783858
2023-01-03 03:39:00,2239.8479695939186,50.87565517536916,29.704392042017243,133.7758438999938,6.871081802334142,950.7802455919663,3211.2512835754355,10.462604953247498
2023-01-03 03:40:00,2240.248049609922,49.58260675993351,31.390438070051545,131.21870279210722,7.406395489677898,962.168020307237,3254.335500030139,10.510517478519057
2023-01-03 03:41:00,2240.6481296259253,50.93964570170443,29.81941671963163,132.81679995487744,6.798978141929689,952.4704227497264,3206.095829879793,10.449341258742
2023-01-03 03:42:00,2241.048209641928,51.322530999232875,29.515020828556555,132.31172526601938,7.0230317374141205,952.6452241643175,3227.112657902446,10.473311637651161
2023-01-03 03:43:00,2241.4482896579316,51.37027136906308,30.235176882463747,132.5762980274611,6.904572162639986,954.0496608771404,3206.035578339427,10.468822756297998
2023-01-03 03:44:00,2241.848369673935,50.237597672061185,30.071827068987577,132.5766609003142,7.030017681914219,956.3723767441488,3223.0036049921696,10.463656823642513
2023-01-03 03:45:00,2242.248449689938,51.54250705465029,29.605097393590107,132.88167644927847,6.844351085981377,950.1150069602844,3175.006314762217,10.452688291438731
2023-01-03 03:46:00,2242.648529705941,52.80364011151625,29.10786045083877,134.13166610618362,6.5135106802918825,944.427579723184,3183.9163978552383,10.441510626103037
2023-01-03 03:47:00,2243.0486097219446,50.38284428524748,30.134810378667225,133.01996476967616,6.8504841880272584,956.6962787464471,3210.9034411100497,10.479466589193517
2023-01-03 03:48:00,2243.4486897379475,52.091053213076904,29.36443442703002,133.06752642171006,6.664473704403115,949.5908256278159,3191.360747263881,10.445014389515466
2023-01-03 03:49:00,2243.848769753951,52.821481990334924,29.317561232584378,133.5991731351257,6.616728562126649,952.9851237745575,3197.2015411807165,10.439313706463807
2023-01-03 03:50:00,2244.248849769954,50.43478559267029,30.76167750666337,132.4531506057976,7.12170350953338,951.8030799112453,3233.493427390782,10.488547234536554
2023-01-03 03:51:00,2244.648929785957,50.867224856369965,31.349139329543583,131.56643713010956,7.150176222215192,958.9576008001712,3222.9086302967125,10.485727397154745
2023-01-03 03:52:00,2245.0490098019604,50.03963226756404,30.759023585307826,131.8654646726335,7.038611118852033,960.8194540381406,3218.494841060368,10.482670162568402
2023-01-03 03:53:00,2245.449089817964,51.243755545695095,30.29020701881364,133.69529447662921,6.912992593724755,953.8001522971651,3204.6613700956605,10.434804972332623
2023-01-03 03:54:00,2245.8491698339667,49.254260589734365,31.481821599875378,132.34820995293268,7.226624781492768,959.9465858296999,3241.7908010246083,10.490807865612304
2023-01-03 03:55:00,2246.24924984997,52.042944588544906,29.154167328114745,133.81279237154203,6.794938197360994,944.1189940720353,3194.1603971887753,10.442360732241886
2023-01-03 03:56:00,2246.6493298659734,49.18612592088422,31.45837813668932,131.35153067765557,7.209323584916046,965.4080461291811,3239.96839915633,10.494151350426973
2023-01-03 03:57:00,2247.0494098819763,52.22055010322268,29.00189539116753,133.4175888301958,6.8373033078015855,946.3230885991921,3176.217545681321,10.444092289676714
2023-01-03 03:58:00,2247.4494898979797,52.77309775292292,28.89014880474186,134.80059560486066,6.805362238674205,942.9332237684501,3165.043440381312,10.437117328711214
2023-01-03 03:59:00,2247.849569913983,50.38872870459271,30.336298930076786,132.74957357605845,7.187811506653388,962.632902520533,3230.132978390838,10.452260826815042
2023-01-03 04:00:00,2248.249649929986,52.01205964808734,29.519132664653956,133.31953200291787,6.878159939547961,942.6104496407103,3180.6153230065565,10.423342549465875
2023-01-03 04:01:00,2248.6497299459893,51.75657245066726,29.230546064068093,133.94390718337993,6.687167203684311,951.2726168576426,3182.170642075382,10.46719797282632
2023-01-03 04:02:00,2249.0498099619927,52.53160351063333,29.370309569804554,133.57716329088615,6.674947027393685,944.267966124883,3197.8535026862896,10.441921656259558
2023-01-03 04:03:00,2249.4498899779956,51.366646588924866,29.36799926779272,133.20949060354928,6.851348743665961,945.6104020018731,3184.898744580658,10.439705288278972
2023-01-03 04:04:00,2249.849969993999,52.3332719580421,29.635479300957968,133.3689431821817,6.987580272631013,949.5693273630911,3168.8280174273496,10.441308144535762
2023-01-03 04:05:00,2250.2500500100023,53.7169687211917,27.50272005524835,135.81607355464962,6.495652873794162,940.1609006188022,3150.782522319156,10.396250135825834
2023-01-03 04:06:00,2250.650130026005,52.33696108347,29.647324354232264,133.61322070828749,6.731365348191284,951.8425801814473,3190.995146407461,10.456036507583994
2023-01-03 04:07:00,2251.050210042008,50.977458381468246,30.02280823807566,133.15884988088501,6.886036056012031,954.8079292287348,3201.156538966189,10.446775603960745
2023-01-03 04:08:00,2251.450290058012,52.95711244068897,28.336500701526443,134.4023468050226,6.70101314842055,942.3945023305381,3168.732697519502,10.438134167582572
2023-01-03 04:09:00,2251.850370074015,52.21272843708231,29.33056343394874,133.61451557451647,6.834385292049814,946.0154142149946,3191.334062271822,10.452564029020216
2023-01-03 04:10:00,2252.2504500900177,52.93549201344806,29.428611367239817,133.35203939069402,6.76481450434576,948.2522308111844,3209.1133664190456,10.457107976073706
2023-01-03 04:11:00,2252.6505301060215,51.752449244352796,29.63710822654746,133.4523372007106,6.874756111762393,951.9134778690601,3204.3415128700262,10.46614819220505
2023-01-03 04:12:00,2253.0506101220244,52.37194399468553,29.15505686260543,133.89094532302212,6.667386006905281,943.9284981171771,3173.382807363474,10.426499116151808
2023-01-03 04:13:00,2253.4506901380273,53.934550514205554,28.500214722015112,134.8273933586119,6.499431803938762,932.0110279482479,3160.6555555492487,10.419397622866553
2023-01-03 04:14:00,2253.850770154031,51.84735651618512,29.484180030102127,133.7107112395229,6.970636884705727,944.5388522271737,3213.09224318627,10.456710931248931
2023-01-03 04:15:00,2254.250850170034,51.61864415485497,29.842595800448976,133.3597415496336,6.887167646401572,950.8859033807332,3211.4913522330885,10.456123794441742
2023-01-03 04:16:00,2254.650930186037,52.18998016988805,29.56634004571016,133.65783544507278,6.864906154370015,952.585396554942,3205.6953127293345,10.458015013694979
2023-01-03 04:17:00,2255.0510102020407,52.880786477898916,28.28815802424111,134.85785995427244,6.684662724638302,939.4710682603235,3162.770289472655,10.408641592134238
2023-01-03 04:18:00,2255.4510902180436,50.85927642239642,30.247655352869316,133.0164672833861,7.044388537817864,957.1923627848922,3228.539486538175,10.477114203795779
2023-01-03 04:19:00,2255.8511702340465,53.2615282877152,28.409494252440684,133.2105195223908,6.7396651597284665,939.3247849286893,3171.3631379358844,10.435249314172077
2023-01-03 04:20:00,2256.2512502500504,53.01483690959577,29.568113372017486,134.08874168011434,6.687008361953109,948.5724714727761,3181.970608919668,10.439783560739189
2023-01-03 04:21:00,2256.6513302660533,51.99392796066962,30.02098295106026,134.02234874352874,6.9691279291391695,952.2532729116463,3206.1042920305035,10.463096481103646
2023-01-03 04:22:00,2257.051410282056,51.81694621159856,29.356166329078214,133.2871846694803,6.887670214063455,949.5837778044416,3208.353991326476,10.440308279592442
2023-01-03 04:23:00,2257.4514902980595,53.15383733209995,29.276862814624064,133.3570591013892,6.693496326861827,944.4189320630552,3186.0668758572183,10.434624013319548
2023-01-03 04:24:00,2257.851570314063,54.70530447882949,27.864867757202422,135.76462352231187,6.4558458373346195,934.6485607342893,3159.462656853603,10.415643200006736
2023-01-03 04:25:00,2258.251650330066,51.93511144109347,29.30440405182213,133.16948694701873,6.780446841239293,950.1531588430599,3198.3709540725818,10.426370119034189
2023-01-03 04:26:00,2258.651730346069,53.367843094339186,28.938618956587415,133.8831503387371,6.690719547792924,939.9918676437773,3176.52169689466,10.424025662361576
2023-01-03 04:27:00,2259.0518103620725,54.21054523334282,28.588126878405273,134.629795377198,6.646102252975004,940.342481065325,3178.7058472325866,10.401637179642757
2023-01-03 04:28:00,2259.4518903780754,53.492783018955315,27.857308164267508,134.2716873386878,6.480127408988832,946.0932640368546,3137.0397424866974,10.422409041492067
2023-01-03 04:29:00,2259.8519703940788,53.92869128214076,28.74992230666545,134.64812128855854,6.665029222698149,945.1144474588729,3152.686647791812,10.4230659312276
2023-01-03 04:30:00,2260.252050410082,52.0536777026945,28.88684327005317,133.26600984901603,6.949159453492794,948.9146983329393,3202.9739744637077,10.435469542991068
2023-01-03 04:31:00,2260.652130426085,52.540813077039864,29.39033181235482,133.9806580225352,6.865313720281404,948.8722160170656,3175.5166367940215,10.41763964305834
2023-01-03 04:32:00,2261.0522104420884,53.47130427396847,28.696598375563045,134.6759428229903,6.680415706367775,944.4874330242637,3163.5523449461957,10.429751740841233
2023-01-03 04:33:00,2261.4522904580917,52.030608669039815,30.06952950741176,133.57918085949998,6.968820728492462,953.077269035366,3227.5794669329216,10.454304843171982
2023-01-03 04:34:00,2261.8523704740946,54.807289819038914,27.584841605823637,135.96278164072382,6.63052142916459,935.0783057409827,3141.8596834433392,10.393463662744281
2023-01-03 04:35:00,2262.252450490098,51.84095062438706,29.019653324709466,133.08215081542704,6.961149925183956,957.6951716935387,3210.9783653828495,10.45891034859024
2023-01-03 04:36:00,2262.6525305061014,54.83893995097708,28.188840561827938,134.47075017916356,6.481426003939681,938.5212836312489,3143.371032975109,10.418649081324292
2023-01-03 04:37:00,2263.0526105221043,51.96265822913155,30.341909550099324,133.28997699296482,6.983326014297583,953.4123495297183,3212.9324747627015,10.458357630426965
2023-01-03 04:38:00,2263.4526905381076,55.17787933197614,28.07452464988067,134.94380551126392,6.395506499987301,939.7424954128007,3143.367993983517,10.383330136334772
2023-01-03 04:39:00,2263.852770554111,52.026461938939796,30.26736297548488,133.0107618976644,6.933973778015642,949.0259804033601,3213.476995636039,10.450369238307104
2023-01-03 04:40:00,2264.252850570114,54.1564071419915,28.02446933676506,134.0783840303101,6.644176297048611,941.00786216729,3157.8292381215265,10.40586765303236
2023-01-03 04:41:00,2264.6529305861172,53.928132901617694,28.567888963770677,135.03803026211426,6.635580544165191,946.2233064216217,3148.396318572803,10.390208090713037
2023-01-03 04:42:00,2265.0530106021206,54.203304670605355,29.246395416897997,133.8741493582088,6.655829162221654,942.4649246253368,3166.7265854243633,10.440432639856823
2023-01-03 04:43:00,2265.4530906181235,53.17109358718107,28.979205322551206,133.55490047198865,6.6619387810735615,949.5648318593994,3183.836238661142,10.43864685751597
2023-01-03 04:44:00,2265.853170634127,53.65481620153339,29.005042372362016,133.93384273113804,6.753066744066391,948.849928497404,3171.6993192385526,10.430095427155699
2023-01-03 04:45:00,2266.25325065013,56.98081390578381,26.376226176845275,136.60653353814286,6.24248281781945,930.5215117354998,3102.719350126089,10.360831975296767
2023-01-03 04:46:00,2266.653330666133,54.48940228759608,28.538118711843026,135.04933909827426,6.463132032358021,941.3603157624259,3168.723310161224,10.422305362756864
2023-01-03 04:47:00,2267.0534106821365,55.16258649461519,26.53916807195553,135.62123942219415,6.330009327103192,938.5385927269505,3144.2742055444623,10.3661148450301
2023-01-03 04:48:00,2267.45349069814,54.54793352361784,28.836411155200437,134.33766236272595,6.697331749229041,941.2890906879953,3161.6959108653796,10.412324906766914
2023-01-03 04:49:00,2267.8535707141427,51.43296534002462,30.448359954227946,131.58810660963596,6.917445393448367,948.2474147860935,3209.7165998758774,10.462305787218384
2023-01-03 04:50:00,2268.253650730146,55.16167033528196,28.315129279397343,135.01101385589166,6.48035843942613,944.7467389619146,3145.2343871398416,10.404545512219238
2023-01-03 04:51:00,2268.6537307461494,54.29202605878807,28.547655386137315,134.3557739222462,6.771288002240206,940.3736451453866,3144.3569285490303,10.419893937987665
2023-01-03 04:52:00,2269.0538107621524,54.8783690735825,28.206467749664316,134.5859333505691,6.528518086191634,940.989606645419,3155.365663363331,10.397034786740164
2023-01-03 04:53:00,2269.4538907781557,52.7907528985043,28.26770435204992,134.0671464014415,6.656293613596842,941.670755732867,3168.8828265982993,10.431258450133907
2023-01-03 04:54:00,2269.853970794159,53.44119315217855,28.84936754564854,134.4631590788187,6.708343829811523,944.0955501088173,3190.4398637398053,10.431462841311385
2023-01-03 04:55:00,2270.254050810162,53.83235888863996,28.795080240038267,135.0151921658384,6.699754619832113,941.8449282578732,3150.6389110290575,10.41540576770485
2023-01-03 04:56:00,2270.6541308261653,56.17639944504692,27.12237595885141,135.1966750359505,6.27072996836304,934.8977581027518,3118.3633091368433,10.369026697113688
2023-01-03 04:57:00,2271.0542108421687,53.76039820726627,28.166283641982098,134.1622333796922,6.702181004950601,941.203063015435,3166.5733425019657,10.406076348677146
2023-01-03 04:58:00,2271.4542908581716,55.179000212164354,27.663641236561407,135.8352988378008,6.446628665687233,943.8789175537345,3145.1913293547927,10.378449261472335
2023-01-03 04:59:00,2271.854370874175,54.4656942327323,28.165008324940164,135.38738949456288,6.620677895952897,942.4689440691973,3178.9796172336837,10.406176681230228
2023-01-03 05:00:00,2272.2544508901783,51.79140664074292,29.887308316480883,132.43243408158787,7.033923204331279,955.2369076596631,3193.8672667702626,10.454681243151661
2023-01-03 05:01:00,2272.654530906181,55.73236676519086,26.923058511984685,136.3098946706366,6.336024997064939,936.3524930718476,3130.427734647362,10.375645122506423
2023-01-03 05:02:00,2273.054610922184,54.15340499420548,28.26672650174789,134.24383614370694,6.423123996334184,943.464979274165,3137.881394930875,10.401671904350108
2023-01-03 05:03:00,2273.454690938188,54.08702593417632,28.680830616056685,135.227215998684,6.62260692183451,935.7217865917306,3167.150883449798,10.411290288310314
2023-01-03 05:04:00,2273.854770954191,55.25762948434007,28.561467552396646,134.93369722174953,6.470601588021012,937.4507404013704,3141.542381184204,10.403379515451668
2023-01-03 05:05:00,2274.2548509701937,51.14525852958846,30.01152921850725,133.32766789679175,6.986833353548523,952.7481173592596,3214.400129096895,10.47518114671889
2023-01-03 05:06:00,2274.6549309861975,56.51370098781559,27.410304250425853,135.58789178981445,6.374991926043352,933.6275503482345,3126.413167339074,10.37659285731661
2023-01-03 05:07:00,2275.0550110022004,54.520023119862415,28.853803991543437,134.24120205620267,6.7585694338764215,945.0785068983955,3167.265604861284,10.423479640614818
2023-01-03 05:08:00,2275.4550910182033,54.14893212773165,28.34512347529948,134.4140288069332,6.597051718698847,944.7905983763053,3162.2846266391175,10.406409367652389
2023-01-03 05:09:00,2275.855171034207,56.43995643548412,27.515708536987454,134.4404928700283,6.455557731921366,938.5585741939942,3134.7093677094963,10.385397017101887
2023-01-03 05:10:00,2276.25525105021,56.33940191184904,27.02386543966171,134.76917552866888,6.240900707543583,936.0580416586218,3133.5046833791935,10.376755534734016
2023-01-03 05:11:00,2276.655331066213,54.631068680804674,27.82478947072131,135.272081652761,6.4740462186400105,947.2223417414738,3141.6026734144566,10.392517823534135
2023-01-03 05:12:00,2277.055411082217,55.209804668947676,28.12823107531393,135.42678657711951,6.536742040605799,941.3672071458536,3159.944154595395,10.384492642217008
2023-01-03 05:13:00,2277.4554910982197,56.58644671751554,27.248761013801886,136.4630613407707,6.246779862438691,926.5619547552512,3119.6601998911965,10.370981690274439
2023-01-03 05:14:00,2277.8555711142226,55.84661637224941,27.48427914673426,135.2203345475795,6.280197906536355,937.3676234610843,3117.0073094113122,10.364597146700575
2023-01-03 05:15:00,2278.2556511302264,56.53567979516775,26.073138083562394,136.68233120569303,6.260099519829339,933.2653474668028,3135.6091077786596,10.374848958054642
2023-01-03 05:16:00,2278.6557311462293,54.9527501744026,28.137582342661215,134.13066269590678,6.586885086593458,945.6610740855075,3176.5681271793555,10.412880735994467
2023-01-03 05:17:00,2279.055811162232,55.92283359073702,27.56853921152033,136.02517925488436,6.580920516670787,937.003969430084,3152.531982327739,10.360342155243917
2023-01-03 05:18:00,2279.4558911782356,55.76570366706052,27.235805007684885,136.1105167151378,6.402717378936015,934.1073444832887,3132.0412564429294,10.390323318918758
2023-01-03 05:19:00,2279.855971194239,54.008122809818424,28.520308366524386,134.64635081112007,6.341782614766234,945.8047455843299,3155.9783423406625,10.416454256099671
2023-01-03 05:20:00,2280.256051210242,52.729496630841666,29.046426164455344,134.1762541062814,6.726366288841725,949.3863261288046,3199.6120008273638,10.449650197927134
2023-01-03 05:21:00,2280.656131226245,54.83367059643255,28.521952231260236,134.74896405771727,6.591354406025013,944.1654058153091,3165.774739952842,10.400305601884307
2023-01-03 05:22:00,2281.0562112422485,55.64179744953597,27.160438091180684,135.1574127864117,6.378092573142042,943.0935620326386,3144.8809405239185,10.382715418755454
2023-01-03 05:23:00,2281.4562912582514,53.82326970756046,27.722125416842083,134.8187070578123,6.48845350128396,940.8883846599429,3134.695092771181,10.391836351204885
2023-01-03 05:24:00,2281.856371274255,54.66908694545255,28.687197575375585,133.95672700097606,6.456666714648385,944.7971135652813,3150.1076864581037,10.398338562574022
2023-01-03 05:25:00,2282.256451290258,55.645889565405994,27.99621010233283,135.37833286372856,6.3267015992685876,939.7187447628418,3138.763489081717,10.368924749599797
2023-01-03 05:26:00,2282.656531306261,54.26354457734132,29.02405551517662,133.73119457453586,6.760161191049482,946.9584761735211,3173.03130261066,10.429763154955415
2023-01-03 05:27:00,2283.0566113222644,55.70888920334323,28.48502178547684,134.35891939932088,6.646717707729858,948.785574360109,3149.658714339013,10.414456345612342
2023-01-03 05:28:00,2283.456691338268,54.48661633775738,28.707382568614467,134.69924688290212,6.49223848666413,945.6735391624536,3159.0207422866138,10.397576158070164
2023-01-03 05:29:00,2283.8567713542707,54.47210425591974,28.133444649912843,134.21322513458472,6.590639510857434,938.5157294145005,3118.776557668996,10.41042508793661
2023-01-03 05:30:00,2284.256851370274,54.56650256880032,28.425279459898483,133.88994809435826,6.497266155656996,943.9141667187621,3158.2934751560224,10.41753379486642
2023-01-03 05:31:00,2284.6569313862774,56.434235300473276,26.903808163186802,136.51659054871672,6.337841864979668,937.0355981650208,3120.391613723974,10.395754497196704
2023-01-03 05:32:00,2285.0570114022803,55.89207810367088,27.648736427267977,133.87760007345463,6.559439437274922,946.4531271792747,3156.271324356355,10.399512286566209
2023-01-03 05:33:00,2285.4570914182837,56.86416370524185,27.37783413505634,136.00023393101617,6.25662036223761,937.8256207888503,3137.0215876005036,10.401568261894592
2023-01-03 05:34:00,2285.857171434287,55.271146792786276,28.24443182803561,134.54121328494472,6.453603270233835,942.4550871292531,3161.030614816585,10.415620057592818
2023-01-03 05:35:00,2286.25725145029,55.40990711276142,27.610607290252574,135.33810009684535,6.482320625257536,942.2862163493364,3152.0914521692375,10.372665402942772
2023-01-03 05:36:00,2286.6573314662933,56.76633492052506,26.813067404094035,136.66543754990423,6.251960980738327,934.1710396396817,3124.6831908623435,10.361501644729353
2023-01-03 05:37:00,2287.0574114822966,53.891643422085174,28.885264454014514,133.7789848970648,6.731291869302895,943.770025326566,3166.2554183877774,10.437842218912033
2023-01-03 05:38:00,2287.4574914982995,56.13683195816456,27.659549497944322,135.8386575809606,6.4547748065131465,939.0431482018064,3136.416249710862,10.366745180152055
2023-01-03 05:39:00,2287.857571514303,55.639093222995164,27.581570277864024,135.71221230049966,6.399945805847048,934.881743794717,3123.033559020405,10.370549568559273
2023-01-03 05:40:00,2288.2576515303062,55.0477423273658,28.458041065528338,134.38913600270783,6.528910329513906,951.3916663004518,3151.262487122536,10.40076190137362
2023-01-03 05:41:00,2288.657731546309,55.762694778343224,27.61359278653611,135.14007569256978,6.439031690314156,939.2617069768271,3148.945809013281,10.413687217714221
2023-01-03 05:42:00,2289.0578115623125,55.75331643866168,27.441239280889224,135.65319547937963,6.340950780366638,940.3640535168222,3127.800070378163,10.40190629041411
2023-01-03 05:43:00,2289.457891578316,56.31128624674646,27.419652800111816,135.49559227989977,6.400358698854201,933.090230969094,3133.83160960276,10.370768375014675
2023-01-03 05:44:00,2289.8579715943188,55.75906295465224,27.513566597574208,134.92972053904694,6.546243057541615,940.9020304907801,3123.858889138505,10.400252058949778
2023-01-03 05:45:00,2290.258051610322,53.465107027630545,29.677885673120084,133.46972210739366,6.7551188006670735,949.0629925434185,3188.8949529923093,10.45960454308277
2023-01-03 05:46:00,2290.6581316263255,55.2450437714056,27.729681731728284,135.474251309094,6.415013773021751,937.4222115439268,3134.283524491093,10.401767619359774
2023-01-03 05:47:00,2291.0582116423284,58.98557528882684,25.495520378315774,136.50009005282456,6.069109455102901,925.6274470426184,3097.0444396884945,10.322041616153752
2023-01-03 05:48:00,2291.4582916583317,56.35031669500923,26.67106172998186,135.9740865257598,6.290232882152055,930.4130273664028,3129.8278930189667,10.367531233864458
2023-01-03 05:49:00,2291.858371674335,55.77941622808309,26.85809447819154,135.22962711449543,6.3734863207991275,934.3305376170222,3119.275801802714,10.363742110168234
2023-01-03 05:50:00,2292.258451690338,58.37499152796446,26.72223879341587,136.9295484201023,6.1549998121024485,932.2110906803335,3105.3273320829567,10.350379050549167
2023-01-03 05:51:00,2292.6585317063414,55.49040837066444,27.535043187331908,134.3454090902646,6.340748466931823,933.9215407587791,3156.7007514505513,10.384456878935516
2023-01-03 05:52:00,2293.0586117223447,54.67117323162329,28.294262316639447,135.54516690236758,6.602322887773309,945.4996713119476,3176.060089711261,10.401779835582165
2023-01-03 05:53:00,2293.4586917383476,55.51657797470331,28.00941228682235,134.4811713442484,6.688503077533944,941.235073080979,3145.6380242336663,10.421807857097567
2023-01-03 05:54:00,2293.858771754351,57.20357492696456,26.945017041298055,135.25768202878038,6.381893889658887,936.7082293514803,3144.757620644846,10.386011222074428
2023-01-03 05:55:00,2294.2588517703543,56.25462789621622,26.78394008303715,135.84382418767015,6.448883504510502,927.5503127062301,3136.1215348072515,10.361616548735299
2023-01-03 05:56:00,2294.6589317863572,57.99127550294663,26.4011325214798,137.38352506311048,5.866681860109257,928.3935216515098,3095.6424084064943,10.346292847883245
2023-01-03 05:57:00,2295.05901180236,55.73523240907113,27.815441301866546,135.82720496010865,6.455144596607598,934.6424015128621,3138.906534858308,10.39162908301676
2023-01-03 05:58:00,2295.459091818364,57.52783539770268,26.670109961819993,136.0346977217405,6.181297636518549,932.1098135406952,3113.2462201046287,10.361690758175417
2023-01-03 05:59:00,2295.859171834367,56.512654355173744,28.135003041857193,134.4705147891023,6.371300551310601,934.1900867261497,3132.4030282041276,10.410211808265176
2023-01-03 06:00:00,2296.2592518503698,57.93611976511741,25.89032797604881,136.45783379515115,6.186245682432017,925.3144581990672,3098.349901307066,10.341134356126066
2023-01-03 06:01:00,2296.6593318663736,57.46314370425638,27.45482662295894,136.09466924050898,6.268346500817696,933.9590519407014,3122.9267558156753,10.389230948354928
2023-01-03 06:02:00,2297.0594118823765,57.720637386756714,26.89104844573382,137.26613422414027,6.080810164333243,928.8453305500905,3107.0833206025204,10.35248492630665
2023-01-03 06:03:00,2297.4594918983794,59.12652086258977,25.804354278540814,138.0628318690311,5.991803835810095,928.0463746325686,3087.8122607154187,10.331395895482963
2023-01-03 06:04:00,2297.859571914383,56.00128706053449,27.39514824040714,135.71726333386502,6.147551128027449,930.7020205244274,3158.2932300409675,10.370244966326254
2023-01-03 06:05:00,2298.259651930386,56.83096935756349,27.308378730407256,136.38506401473836,6.440180177131375,934.5876424288859,3137.9291238994592,10.367386537307807
2023-01-03 06:06:00,2298.659731946389,54.87215176369064,28.584655734254444,135.37604024032623,6.816138811246532,943.0868692791062,3170.939416312562,10.43197867177888
2023-01-03 06:07:00,2299.059811962393,56.88555114617999,26.467244101322454,136.5771302458532,6.378754126780465,932.8984998701827,3102.444879444614,10.382160674196207
2023-01-03 06:08:00,2299.4598919783957,58.07723120417258,26.14708936610076,137.11754196033783,6.1822856553027545,927.5973314493655,3109.7491472452584,10.346720979149204
2023-01-03 06:09:00,2299.8599719943986,58.62371133842278,25.239675493746464,137.0715684360114,5.9421256013150465,928.8699235857869,3099.8267547550395,10.312225214984144
2023-01-03 06:10:00,2300.2600520104024,57.293623926606514,26.365791944387812,136.91248055327694,6.082391773791481,937.7946446966986,3107.56584294649,10.373662617206987
2023-01-03 06:11:00,2300.6601320264053,56.571924601985366,28.053783907594262,135.71493376114194,6.51447091843047,932.0326308809606,3158.9916761168442,10.396136901724466
2023-01-03 06:12:00,2301.0602120424082,57.20263595399253,27.659624395919348,136.00234334112062,6.444946381490526,933.2781586267182,3137.38476324002,10.368245133078954
2023-01-03 06:13:00,2301.4602920584116,56.993549481803676,27.21166789312711,136.55115068677765,6.345548823575573,931.6167660277245,3128.3962818629384,10.360936591609038
2023-01-03 06:14:00,2301.860372074415,57.75743970318867,26.91717694549033,136.50580486382918,6.2459489353550675,931.4173669146447,3104.7182767032573,10.378539743359973
2023-01-03 06:15:00,2302.260452090418,59.28587559088805,25.044860725037307,137.3362320638602,6.012766441728495,929.8404231827254,3101.3701970725947,10.323298674430486
2023-01-03 06:16:00,2302.660532106421,57.27167840295447,27.3723309277574,135.311191282339,6.2640794210176844,936.6472869975024,3119.130424882796,10.369717926668072
2023-01-03 06:17:00,2303.0606121224246,57.249451534115934,26.926210449982577,136.2074186860554,6.456386899736265,931.630327352731,3108.204881041339,10.35252444869429
2023-01-03 06:18:00,2303.4606921384275,56.77987536072226,26.386502029411915,136.04799994786325,6.26742998618669,934.5565737682265,3106.0805949046417,10.375307485151323
2023-01-03 06:19:00,2303.860772154431,57.12026210796877,27.06773460482707,136.30064609139802,6.2055983560356935,932.2655829137587,3127.9792338830125,10.351142153492031
2023-01-03 06:20:00,2304.260852170434,57.79873426223982,26.69662668504634,135.9980893714887,6.422227866404582,937.1050583606609,3132.51261899772,10.376091423262855
2023-01-03 06:21:00,2304.660932186437,58.997722571552316,25.216380334288477,137.67237298865825,6.022012176689061,929.7907333761854,3091.6322063747957,10.320154085639631
2023-01-03 06:22:00,2305.0610122024405,58.664860894036416,26.450346834125426,137.38023098104102,6.076131678439353,930.4131933988357,3105.467819107173,10.327576507014761
2023-01-03 06:23:00,2305.461092218444,57.58404109627287,26.540693354155604,136.1261478108324,6.390732018703164,926.6600898666763,3125.601448909045,10.351627893087645
2023-01-03 06:24:00,2305.8611722344467,54.93488231696867,28.117629555938223,134.2439553685185,6.639884466401637,941.9785014753309,3155.209194810239,10.396700660962363
2023-01-03 06:25:00,2306.26125225045,57.26132987363508,27.87097876315545,135.61758156806056,6.480662958081883,936.9559610675085,3130.794225589155,10.39444656378022
2023-01-03 06:26:00,2306.6613322664534,58.54470962471745,26.091093532600617,137.9405037595314,5.964473037007268,932.3727900876685,3084.3850110639087,10.352706861750455
2023-01-03 06:27:00,2307.0614122824563,57.29450521065774,27.148242604059195,135.9583291714616,6.3672173313661204,936.0640242332398,3126.9510290163876,10.374441740159662
2023-01-03 06:28:00,2307.4614922984597,56.40068900895685,27.074184625843863,135.71722732603814,6.211981524291814,936.6232780324862,3113.846792261303,10.367728703011208
2023-01-03 06:29:00,2307.861572314463,58.71616780115641,26.27476998896976,137.09742771855625,6.058106843488928,927.8419692812731,3102.8397571976757,10.358932686077036
2023-01-03 06:30:00,2308.261652330466,57.411367904616206,26.749150564267524,136.4808172401959,6.26125848627964,935.9176586570586,3116.85051667384,10.371459922850006
2023-01-03 06:31:00,2308.6617323464693,58.979241599855705,25.39410789844659,137.93245522406403,5.924350869622528,928.3006863003264,3075.576227433687,10.30900924482302
2023-01-03 06:32:00,2309.0618123624727,55.897875631423105,27.63920646733979,135.89616619255924,6.519981176678324,933.8956236464537,3154.872465725848,10.397213817954805
2023-01-03 06:33:00,2309.4618923784756,57.08455279029384,26.921124082526628,136.37746827291392,6.3204452430561044,929.202305805519,3108.5517767948813,10.367457209825362
2023-01-03 06:34:00,2309.861972394479,57.080976550966604,26.915975232882158,136.8408837943944,6.3292915539789325,935.4146579773371,3100.102103907602,10.371839177687086
2023-01-03 06:35:00,2310.2620524104823,59.362108241838925,26.091645276564524,137.5928375316095,5.828740469492158,925.0294536798276,3081.6735235363417,10.353158463105405
2023-01-03 06:36:00,2310.662132426485,59.57111314089368,25.125541009934544,138.51633283891778,6.138247690084963,926.9856527797735,3068.9983355274094,10.309013168091651
2023-01-03 06:37:00,2311.0622124424885,59.11162591951038,25.754092418915228,137.79402552361307,6.022899562544702,927.9466244823938,3092.798146925713,10.339824494127582
2023-01-03 06:38:00,2311.462292458492,58.874887727036324,26.46965260952952,137.06289439402804,6.274194486245542,932.7336341267671,3098.144181141635,10.366900354896385
2023-01-03 06:39:00,2311.862372474495,59.04741990305237,26.02480739172386,137.659116169452,5.757921999881453,924.5485686016316,3093.817992176824,10.349246735990928
2023-01-03 06:40:00,2312.262452490498,57.29832133533942,26.0937003836483,137.72958290893376,6.131388571437279,931.8095744487558,3098.1692182252455,10.354440773657142
2023-01-03 06:41:00,2312.6625325065015,59.179320601099924,25.65084615861847,137.91853559224725,5.838215984018196,927.1432393684591,3076.6902621513623,10.315516766720979
2023-01-03 06:42:00,2313.0626125225044,59.64043945954068,24.960635689175447,136.86235799769577,5.918343221335691,924.592388417642,3095.177241611822,10.313440538512195
2023-01-03 06:43:00,2313.462692538508,57.586097044934405,26.796900294031047,136.2445904066864,6.262033546785398,936.4621796664376,3119.6250765095274,10.37461547470563
2023-01-03 06:44:00,2313.862772554511,59.55524146965894,26.216296345194937,136.97316337972123,6.010328673983691,922.0318247915128,3081.982079888954,10.340259636528243
2023-01-03 06:45:00,2314.262852570514,59.050211767640086,25.74086246254174,138.07353296495305,6.189121159293061,928.7155680715537,3086.047315161221,10.340042441503515
2023-01-03 06:46:00,2314.6629325865174,57.52591813240511,26.475960290831832,137.20280977355148,6.335196151050687,926.9180705179268,3104.2160952450345,10.355513726833385
2023-01-03 06:47:00,2315.0630126025208,57.95170704937573,26.53757364704595,137.31973019294952,6.120836397921686,929.3278594376742,3103.8035905866163,10.370672518703207
2023-01-03 06:48:00,2315.4630926185237,58.9031060814754,25.78939876080478,136.57278331575773,6.028121024490272,931.5667406156172,3095.0465016413186,10.346880016662665
2023-01-03 06:49:00,2315.863172634527,58.22045290836547,27.09393420556008,136.74834893319533,6.137430330827382,929.714741192479,3115.538921590514,10.367941205790043
2023-01-03 06:50:00,2316.2632526505304,58.14677061510412,26.7742044330444,135.22995346848387,6.417942793274666,931.2523115527741,3116.503538773998,10.366697633987444
2023-01-03 06:51:00,2316.6633326665333,60.30428588376689,25.292184309829427,136.9996391112605,5.910168216834316,925.4326858298767,3081.948242593041,10.326523632500521
2023-01-03 06:52:00,2317.063412682536,59.12935874086987,26.046018900502833,136.84800851948998,6.059827690088715,924.7298093311938,3085.223199888249,10.332832398033213
2023-01-03 06:53:00,2317.46349269854,60.02285574859818,25.10673483915293,138.39391287448333,5.959739491496713,927.6678976305479,3092.1173411483364,10.330545704874721
2023-01-03 06:54:00,2317.863572714543,58.57768046010888,26.247748987768503,136.30264906884182,6.079108983209332,931.4399021083931,3099.842982604725,10.342104754496216
2023-01-03 06:55:00,2318.263652730546,58.149731496368254,25.86117936555645,136.84993035979153,6.011713469388996,926.8267734275463,3093.847781208751,10.350144203075397
2023-01-03 06:56:00,2318.6637327465496,59.537680591455036,25.716645485783694,138.034313510792,5.976462192096451,928.708423265893,3090.3298657215646,10.34443935913455
2023-01-03 06:57:00,2319.0638127625525,58.981593219384024,25.687895659822555,137.34082720636422,6.057814694576265,922.998172229858,3099.2079125604487,10.3490771101177
2023-01-03 06:58:00,2319.4638927785554,59.53298446399252,25.104311192406513,138.90190044599234,5.929377523789682,925.120265730687,3083.097402790307,10.330349283191048
2023-01-03 06:59:00,2319.8639727945592,61.47661534566431,24.439736732684963,138.4861177655226,5.581841926440816,915.9354534389932,3037.0712504870858,10.291752708010284
2023-01-03 07:00:00,2320.264052810562,60.41949146523139,25.55392264586627,137.55914918328162,5.916310334558661,922.2136453537546,3081.036142134142,10.317562688695142
2023-01-03 07:01:00,2320.664132826565,58.339682679813286,26.11671508045089,136.37805730052318,6.013927533856083,927.3929661272313,3093.465953813606,10.338694924335531
2023-01-03 07:02:00,2321.064212842569,59.49728321774763,26.322218175123712,136.78028590185122,6.08953522149421,932.3858577012467,3097.9948862273154,10.324474422133656
2023-01-03 07:03:00,2321.4642928585718,58.81898716003443,26.216506599792087,136.39810123516193,6.168030472740186,927.1217413883761,3097.120947450981,10.352190080825318
2023-01-03 07:04:00,2321.8643728745747,60.670079533918006,24.6930975512364,137.57317070907752,5.692239999264808,919.5143472707716,3070.8956715788477,10.301546977885122
2023-01-03 07:05:00,2322.2644528905785,60.629686563622386,25.02450454181289,138.8576117917891,5.996557026334766,921.9093058232394,3054.703956302497,10.31870175527785
2023-01-03 07:06:00,2322.6645329065814,58.69987032388952,26.546443537675543,136.78428162701962,5.944627625566289,926.7864148998545,3119.212192487891,10.35952281191855
2023-01-03 07:07:00,2323.0646129225843,62.42785807463826,23.930198710564866,140.25868360225908,5.795743680279156,913.7918869585553,3051.3857698689153,10.269757379279135
2023-01-03 07:08:00,2323.4646929385876,57.62091746221299,26.30545466705427,135.75595347063046,6.36913657262534,934.0685317969537,3120.1720928666437,10.350978415841416
2023-01-03 07:09:00,2323.864772954591,59.758553221450434,24.900849445348037,137.8203100997599,5.75381958218471,922.2183324481751,3054.7390332062337,10.321372240006621
2023-01-03 07:10:00,2324.264852970594,59.421648740692774,25.797085366564293,136.95127304895038,5.905403321908893,928.6436306717832,3070.9071204699967,10.329127859159456
2023-01-03 07:11:00,2324.6649329865973,60.82473138850702,24.45532530879078,137.74230894309898,5.6869222266454145,921.4081356476095,3062.7188802676224,10.31026789581288
2023-01-03 07:12:00,2325.0650130026006,58.91046918374997,25.600225119307478,137.57104604518113,6.129718308378843,926.9212656939284,3099.4378522923807,10.321301657701456
2023-01-03 07:13:00,2325.4650930186035,59.716965062394074,24.778447273055903,138.13553817802307,5.848944076505421,925.6583976833698,3073.876608644261,10.32914996344943
2023-01-03 07:14:00,2325.865173034607,60.02530156771191,25.6276931608311,138.04602668329048,5.894486583034775,923.6684657319254,3086.227148787363,10.32846289538943
2023-01-03 07:15:00,2326.26525305061,59.20944499507068,26.00521414493883,138.16778044224088,5.8467788303904085,921.1174683687748,3068.7892455600345,10.319344656994392
2023-01-03 07:16:00,2326.665333066613,58.30197759021861,26.659700274515014,136.83106750130477,6.404429560612321,935.0911994212146,3116.38026395185,10.382535321488534
2023-01-03 07:17:00,2327.0654130826165,60.53014533587971,25.024259448145074,137.63095478855442,5.723430647200342,919.679912248551,3077.348489464654,10.29230933810095
2023-01-03 07:18:00,2327.46549309862,59.34362415813054,26.164355311276196,136.7253912166592,6.071834839198885,928.608073438867,3111.524187743324,10.337086816638212
2023-01-03 07:19:00,2327.8655731146227,59.08170836757395,26.119238674079988,137.40764181488782,6.013101882171303,924.4302063412028,3074.8763167831376,10.339462601289977
2023-01-03 07:20:00,2328.265653130626,59.83151427638748,25.70699897642638,138.96115182476944,6.005731932031737,924.8486231226909,3090.554505537242,10.34861571789618
2023-01-03 07:21:00,2328.6657331466295,60.065247125159935,25.224534455526324,138.09570192611187,5.852852193177486,918.4984073332062,3074.338646644391,10.303783599866449
2023-01-03 07:22:00,2329.0658131626324,60.62259931192166,25.06158275708823,137.88953105228794,5.848566748477668,924.4730748515681,3068.1047084904576,10.31208071446777
2023-01-03 07:23:00,2329.4658931786357,61.147977105482944,24.858628048760895,138.50061948412406,5.871003873237543,911.3616940748681,3074.7048433686514,10.312538518809063
2023-01-03 07:24:00,2329.865973194639,59.05290631244989,26.530721605992674,136.91901640743694,5.9841700403263,930.941689293073,3119.499462183137,10.3481133969243
2023-01-03 07:25:00,2330.266053210642,60.3997457897042,25.397722290147613,137.7427337999127,6.096725009107444,927.8621755215551,3069.2222929223835,10.335543607993486
2023-01-03 07:26:00,2330.6661332266453,61.176717275662384,23.864380517454236,139.35653737916866,5.581801435954184,914.642790054484,3050.8021797582537,10.290628158028683
2023-01-03 07:27:00,2331.0662132426487,58.77227392088485,25.601465683389854,137.03768730627155,6.130770559749555,932.7936786970404,3098.230387457205,10.33933130946666
2023-01-03 07:28:00,2331.4662932586516,61.42449086798865,25.341865761777164,137.65565111339316,5.667009118392914,928.484485759705,3072.265096059231,10.307188411234021
2023-01-03 07:29:00,2331.866373274655,60.23292097868645,25.35347756057925,137.34980906188747,5.904745844067148,925.2456984050554,3099.630076675564,10.333318814961745
2023-01-03 07:30:00,2332.2664532906583,61.47318165300383,25.175794560446064,137.86349322301555,5.763326452474119,923.5971024122275,3073.112089013763,10.323641747381235
2023-01-03 07:31:00,2332.666533306661,61.858009863605815,23.758111967460277,138.3594169239267,5.5147128427018375,916.8539218733105,3020.9575361726556,10.276720371070684
2023-01-03 07:32:00,2333.0666133226646,59.70359091627405,25.34667262612149,136.98754347280726,6.035794680929789,931.279817218769,3075.009899369887,10.329068706687647
2023-01-03 07:33:00,2333.466693338668,58.97067810994876,26.592425227930676,135.89272825899465,6.144668772672813,926.5521508287428,3096.953667434931,10.363778494861572
2023-01-03 07:34:00,2333.866773354671,60.02859918797505,25.27332672695755,136.91905236776537,5.722336435395141,924.5161007059875,3074.8490109555732,10.334492597444225
2023-01-03 07:35:00,2334.266853370674,59.57824402005915,25.71472099246361,136.8424344553748,6.176757092408506,928.6829044948851,3084.2600031154825,10.32261384417868
2023-01-03 07:36:00,2334.6669333866776,59.7620244312269,25.56098514022862,138.06552539113812,5.956695008662252,927.3392697971059,3078.818260379676,10.309148431783912
2023-01-03 07:37:00,2335.0670134026805,60.64933810357147,25.24947338318008,138.65898872200341,5.868663060881448,922.8708726884475,3054.048524326111,10.295433377831326
2023-01-03 07:38:00,2335.467093418684,61.16461212735975,24.24133951273903,137.9101760435589,5.834065110409462,922.7206739067864,3035.8272205146045,10.290955182460257
2023-01-03 07:39:00,2335.867173434687,60.075637143474395,25.34279936208868,138.65314753799998,5.978557352885558,923.9992767065664,3052.4620300398406,10.30306235462698
2023-01-03 07:40:00,2336.26725345069,62.29521652526432,23.648823996939825,138.51111501804547,5.587393381296238,916.5736966070807,3025.8088753779266,10.286730243993684
2023-01-03 07:41:00,2336.6673334666934,61.17371347236777,23.890633503443908,138.74657946822305,5.573901819428566,922.4144824476854,3069.9612579722743,10.281638463284208
2023-01-03 07:42:00,2337.067413482697,63.441661150830406,23.454409143987537,139.88693779333164,5.525612554473039,912.0643060711894,3020.424574423947,10.273406545687429
2023-01-03 07:43:00,2337.4674934986997,59.97104021024496,25.4930480803337,137.87455484347396,5.849779083783002,925.2371151180287,3072.296185366616,10.319933166288708
2023-01-03 07:44:00,2337.867573514703,59.02203341094499,25.93186514647342,136.30223985391692,6.215485646789092,926.6416409607227,3080.5546056086955,10.335459345069514
2023-01-03 07:45:00,2338.2676535307064,60.747483932623936,24.687530442888296,136.96494508718314,5.800306825894406,932.0519872299378,3063.3084602056106,10.308454716940261
2023-01-03 07:46:00,2338.6677335467093,60.0726776836496,24.65993338154511,137.32763892373802,5.863509799240074,922.6600514534813,3083.296009840977,10.309479530333396
2023-01-03 07:47:00,2339.067813562712,61.32710787957652,24.398342292064797,138.83061503737824,5.581959402849855,921.0875125290839,3058.2984878582897,10.306631621383147
2023-01-03 07:48:00,2339.467893578716,62.46172696166506,24.044925079702974,140.42816279775894,5.409666476729581,919.7695257398507,3028.8164186833765,10.273224977082986
2023-01-03 07:49:00,2339.867973594719,61.91044598529421,24.051307061610984,138.39226391461668,5.64254855734717,913.179973746615,3043.1395939173653,10.283754741105541
2023-01-03 07:50:00,2340.268053610722,61.542234645320704,24.861738486683105,137.98044215398525,5.823304186066997,924.1593351190899,3051.4911889667364,10.297075378189104
2023-01-03 07:51:00,2340.6681336267256,59.772978146848764,25.351434239103376,137.26671580889308,5.88013973354921,924.6621648902129,3071.8059594071165,10.32021190809994
2023-01-03 07:52:00,2341.0682136427286,61.176575469951075,25.767893663417365,137.87725477876708,6.080029790533914,928.5499655840723,3078.599321805539,10.305717737369546
2023-01-03 07:53:00,2341.4682936587315,61.32546333757365,25.06708361358281,137.1930949738983,5.876025644822479,918.8478553408106,3059.025515754163,10.278935868524995
2023-01-03 07:54:00,2341.8683736747353,62.33802780027929,24.057102044862837,139.411847047322,5.707412166706765,916.3767543956595,3068.5594205918433,10.283179180131626
2023-01-03 07:55:00,2342.268453690738,63.44819592822738,23.9901853555962,139.0302638547176,5.353647498265233,916.4105082398622,3054.9024334949927,10.28550502294008
2023-01-03 07:56:00,2342.668533706741,62.398712355630835,24.363286909558276,139.19502699578126,5.77301392071532,916.7235325415066,3045.823744760986,10.283645281213502
2023-01-03 07:57:00,2343.068613722745,61.75614701485132,24.2830664977476,138.2839308305942,6.062780063984349,918.7886480603171,3056.678823993072,10.29654914932943
2023-01-03 07:58:00,2343.468693738748,61.4398900251289,24.399642168839524,138.9234128559267,5.65178356391076,923.7547115309419,3070.1481172880335,10.29556697608612
2023-01-03 07:59:00,2343.8687737547507,60.183415851872454,24.91295068384235,138.4061429233377,5.803245634333674,923.8045058228848,3082.69310444092,10.323368313770008
2023-01-03 08:00:00,2344.2688537707545,62.39253948487225,23.518209775943305,139.0943649054018,5.6434893918055975,914.1463224853543,3043.275912227596,10.298753977308639
2023-01-03 08:01:00,2344.6689337867574,61.938460730696775,23.723496681743587,139.38319654646608,5.425334726779637,913.7504466721928,3037.2078688318343,10.24908420747198
2023-01-03 08:02:00,2345.0690138027603,61.8798373485572,24.420080606741582,138.15830211409857,5.775896983420878,920.4755843048179,3056.6816528118698,10.284918943539676
2023-01-03 08:03:00,2345.4690938187637,61.69749388358402,23.76208317227422,138.97039847622543,5.731873007362981,916.2927095879811,3036.827323871965,10.281953109303487
2023-01-03 08:04:00,2345.869173834767,62.51602435043196,23.911222623407998,138.35297617237268,5.596707025166377,915.7551354662083,3036.3733180913778,10.288532434138217
2023-01-03 08:05:00,2346.26925385077,60.300136821698594,25.178759586312307,137.26469783408655,5.865499485586024,919.7526162606819,3075.744660339539,10.321983463933892
2023-01-03 08:06:00,2346.6693338667733,62.25890997408165,24.376142683624437,139.5880058697184,5.6335122989882676,916.7344298871459,3029.975836424952,10.275080346428497
2023-01-03 08:07:00,2347.0694138827766,63.15272114472902,23.24295527889919,140.79367506060458,5.390514488930003,911.245887857875,3026.8648951667997,10.255583402543767
2023-01-03 08:08:00,2347.4694938987795,61.737139115253754,23.546080061363366,138.54325867334873,5.44594078748534,913.7547153286645,3037.557892378164,10.276681984937191
2023-01-03 08:09:00,2347.869573914783,62.40010322742445,23.696436067927625,138.91594075626472,5.655832676929838,922.1489359263438,3058.598717965285,10.269929437543823
2023-01-03 08:10:00,2348.2696539307863,61.83336139555851,24.468439966145322,138.0983894181208,5.735564803537977,922.7231955420947,3050.3961164064176,10.304419284474127
2023-01-03 08:11:00,2348.669733946789,61.47650461001056,24.55716559026228,139.18850841474367,5.880483591199842,920.0459809949547,3071.1534824657597,10.290128971946494
2023-01-03 08:12:00,2349.0698139627925,61.84183207041739,24.356114583195673,138.52173601038695,5.867104526597435,918.7677483648382,3070.862276520607,10.304781465512235
2023-01-03 08:13:00,2349.469893978796,59.37305798226488,25.87418530746872,136.9091817786078,6.225265377479409,934.0403880230631,3083.244525803982,10.346058975072388
2023-01-03 08:14:00,2349.869973994799,62.202478247443146,23.997696679078732,138.4531705331622,5.751302209167222,914.2208428735254,3042.9263930057778,10.304792397175198
2023-01-03 08:15:00,2350.270054010802,61.371477383591895,24.92265640812376,137.28964130350914,5.858546504486115,920.6862790903618,3064.5458749831137,10.308333326166894
2023-01-03 08:16:00,2350.6701340268055,61.19858244256377,25.253853426591956,138.3620041886703,5.7665599586748595,921.2506085535272,3056.11345177098,10.299640840383164
2023-01-03 08:17:00,2351.0702140428084,62.220960765617455,24.492825339059777,138.68353818713223,5.872750967817968,920.4390965915812,3053.8800155750955,10.269901962491035
2023-01-03 08:18:00,2351.4702940588118,61.49331268871483,24.816108788357383,138.39119438835812,5.840909941419877,923.3015659688856,3070.1816568172712,10.294543073193301
2023-01-03 08:19:00,2351.870374074815,61.986440140795416,24.2184150854466,138.41446325405926,5.5704694907256425,914.3245364449904,3046.262329913707,10.292349709450633
2023-01-03 08:20:00,2352.270454090818,60.71849337581315,24.855567669373308,137.92174105822525,5.759777703235483,920.4775224536522,3053.0145067594385,10.316489949383255
2023-01-03 08:21:00,2352.6705341068214,60.78117860386296,25.31686216200589,138.3469455924469,5.734153293592459,924.1263742661213,3079.020611723499,10.305405668436144
2023-01-03 08:22:00,2353.0706141228247,62.03940436285894,24.719525655587,138.9942512796318,5.535771528238985,917.569256219975,3048.66450898017,10.290602856022614
2023-01-03 08:23:00,2353.4706941388276,61.11313770382178,25.11680534019313,137.90754282714744,5.7812168475551315,918.3967963685553,3049.8898623361024,10.29579600423956
2023-01-03 08:24:00,2353.870774154831,63.578528246537275,23.624879789130183,139.2416154651359,5.388583071066317,913.9279120209214,3045.2585373734623,10.267051847081609
2023-01-03 08:25:00,2354.2708541708344,60.76553576393684,24.991049232652266,137.1644847597694,5.804863069909068,920.3802358115647,3077.715169988101,10.32441802276434
2023-01-03 08:26:00,2354.6709341868373,63.024647203220496,23.018771858504426,139.81046495505922,5.4834202006328985,913.3588096003567,3016.3138650133487,10.252829245826378
2023-01-03 08:27:00,2355.0710142028406,60.6115258729576,25.306984176940354,138.42106855732476,5.835782504002096,924.4607663361143,3058.671703468536,10.303206706313755
2023-01-03 08:28:00,2355.471094218844,61.071614496212206,24.968555261375815,137.64759091480644,5.824816936645433,923.8579597417157,3085.340274320091,10.336639464156832
2023-01-03 08:29:00,2355.871174234847,61.900366467734635,24.632756893376307,138.27873579708046,5.869690676913774,923.2168607885826,3062.6994066059406,10.309527361414135
2023-01-03 08:30:00,2356.2712542508502,63.08419852672845,23.760022474100687,138.84435240082888,5.478067163149602,918.7729147910886,3037.9459342264304,10.274345638421117
2023-01-03 08:31:00,2356.6713342668536,61.88566794003056,24.14106419698276,140.11683997564165,5.4928653328983845,916.7557487808533,3031.7116783285696,10.292514891568826
2023-01-03 08:32:00,2357.0714142828565,62.316755389729245,23.60548504743292,139.67255363806893,5.662523313335633,915.2556197223804,3045.1469371152034,10.29974939994668
2023-01-03 08:33:00,2357.47149429886,62.80497690848789,23.941889607550166,139.65757458511428,5.507436903835888,920.2270477261119,3041.4838589018736,10.284407303425416
2023-01-03 08:34:00,2357.871574314863,60.77945648338122,24.663930319717505,138.12600213142105,5.790848782566709,920.7141476175537,3067.1801141897895,10.303391857484943
2023-01-03 08:35:00,2358.271654330866,63.44608568406093,23.348158996282486,139.72735747026,5.366455286328673,911.5700678178633,3012.735613957165,10.25903627897442
2023-01-03 08:36:00,2358.6717343468695,62.91151184707044,23.706645076584625,138.78068686109958,5.616452814299121,914.0721994121792,3037.340840850778,10.25546179372248
2023-01-03 08:37:00,2359.071814362873,63.09938495603806,23.709870346504932,138.7898263725089,5.586417677451008,915.989492592097,3039.399584282503,10.260730383836849
2023-01-03 08:38:00,2359.4718943788757,63.37278156432056,23.666746628507696,138.9305568829872,5.5987679962645185,922.180814259617,3032.7420190733164,10.273411620408794
2023-01-03 08:39:00,2359.871974394879,61.27213438761092,24.396965972075673,138.000366103812,5.688298831730076,920.4560245414006,3059.892104264914,10.2978798767609
2023-01-03 08:40:00,2360.2720544108824,63.15549991157938,23.653647280682076,139.08888059951093,5.473126505546017,913.4091865189879,3036.4687481431693,10.261286479767934
2023-01-03 08:41:00,2360.6721344268853,63.23600769870678,22.955363432697666,139.6930472408156,5.455825021136483,912.8927102370807,3034.9481046523547,10.230163417148724
2023-01-03 08:42:00,2361.0722144428883,62.8375895266665,23.580043062100575,139.10489952511793,5.70451807838711,912.042380644814,3035.991825681151,10.278409118991254
2023-01-03 08:43:00,2361.472294458892,63.225793583021584,23.488632022819335,139.0936124895969,5.7026585955676765,913.7477952012895,3021.1726895287275,10.275167622444817
2023-01-03 08:44:00,2361.872374474895,63.732752970914625,22.675725669377965,140.45263806602642,5.483378318749945,914.7495586832548,3010.525915595805,10.251510232527629
2023-01-03 08:45:00,2362.272454490898,60.532844105083484,24.923434553754127,137.6804433210304,5.949335324316941,925.7987820357819,3092.8764471437266,10.314693086447363
2023-01-03 08:46:00,2362.6725345069017,65.34791503638012,22.31923842640553,141.06537529705795,5.3073119879655986,908.9377504036446,2973.488066376397,10.219907604993834
2023-01-03 08:47:00,2363.0726145229046,62.420690286983906,23.994924087082513,138.5324386949212,5.535780737410542,920.2624248721793,3022.7431632954376,10.285323039800836
2023-01-03 08:48:00,2363.4726945389075,60.422331705277124,25.457433490112866,137.8210041262433,5.892466605260625,923.4386220032906,3082.931138277985,10.329851956072199
2023-01-03 08:49:00,2363.8727745549113,62.31801291984191,23.97296017565148,138.36135827643187,5.766203896482594,924.5680736430061,3049.4397449250523,10.29020206695553
2023-01-03 08:50:00,2364.272854570914,63.83186831980389,23.88366194624566,140.5421059285073,5.461654337765261,907.034519638815,3021.57424834284,10.234635313705608
2023-01-03 08:51:00,2364.672934586917,63.041366316424394,24.208947563940132,139.40667697768075,5.5545965627579275,914.6356516797814,3027.0329901760606,10.278395296082742
2023-01-03 08:52:00,2365.073014602921,61.297343475981386,24.462141798245323,138.2563965974861,5.88213648298516,914.5492411530006,3071.956073025857,10.296244460972984
2023-01-03 08:53:00,2365.473094618924,61.60283118153199,24.716115051150048,138.9485051063718,5.791198808082934,913.5584304603462,3052.1964261124763,10.278209678400763
2023-01-03 08:54:00,2365.8731746349267,62.63029415423775,23.942822528440846,139.43555855316538,5.517816400098506,919.3005002899694,3050.7390018326096,10.275185151239267
2023-01-03 08:55:00,2366.2732546509305,61.60654492262109,24.786347064037127,139.15458065390246,5.700647937618379,916.3730961018521,3026.697395338028,10.290273347667348
2023-01-03 08:56:00,2366.6733346669334,64.61655076571957,22.6093396399902,141.37932430243688,5.21808617986238,911.700730065282,2998.268810156616,10.229163274165652
2023-01-03 08:57:00,2367.0734146829363,64.35776673510873,23.071649349994324,140.2892220623379,5.347974347664881,904.5536017432826,3009.62625678827,10.245851231857028
2023-01-03 08:58:00,2367.4734946989397,63.082958646164826,22.780856492972987,139.4358694007191,5.360551193044026,913.6631933017807,3007.970481411352,10.262672765867128
2023-01-03 08:59:00,2367.873574714943,62.21756421684004,23.865136606911218,138.60645864335987,5.67458236400562,913.7696966187385,3047.7997897769724,10.287479670652404
2023-01-03 09:00:00,2368.273654730946,64.6227981057295,23.094981416172384,139.84426064310026,5.257434673068443,910.3659164700821,3018.0322392442845,10.24467486783991
2023-01-03 09:01:00,2368.6737347469493,64.00197020527867,23.471379513071533,140.3302286079541,5.545298911958292,917.8804270633046,3022.9769809042555,10.26572781402591
2023-01-03 09:02:00,2369.0738147629527,63.05238196969286,23.08096596735134,138.86110076695627,5.649018245430331,918.8070004495266,3027.284666480549,10.249559690850598
2023-01-03 09:03:00,2369.4738947789556,62.69417155159793,23.77021964423196,138.6016448389356,5.683951350845601,918.1404181789525,3044.069935240855,10.299724387601035
2023-01-03 09:04:00,2369.873974794959,63.15792587828509,23.86762151837439,139.18891921503408,5.57386610864339,910.1420677366515,3045.5066511064197,10.281770782183433
2023-01-03 09:05:00,2370.2740548109623,62.37190685094171,23.842244228461553,138.32663481784508,5.842506426139646,914.5469887857364,3056.6174961166953,10.284969529484595
2023-01-03 09:06:00,2370.674134826965,65.10082412938219,22.737511923935234,140.09822100076076,5.383846387880893,909.5482907595059,3011.882694121991,10.244269290211296
2023-01-03 09:07:00,2371.0742148429686,63.1219378192929,24.038238773685453,140.23626455493454,5.474877089489706,912.3055807861365,3057.5217930519925,10.258323890588878
2023-01-03 09:08:00,2371.474294858972,62.450874800273695,24.33427876459491,138.63231560432365,5.6932155182764115,919.9159718906444,3042.082947291886,10.292177353064556
2023-01-03 09:09:00,2371.874374874975,63.00320142540307,24.043911850271975,139.26255845525927,5.8170100793125545,921.3634927060962,3028.221408480631,10.286752060398857
2023-01-03 09:10:00,2372.274454890978,63.69373449999404,22.97310073133727,138.59175540891152,5.432884452522065,911.26367628679,3043.8520854057924,10.270037658016758
2023-01-03 09:11:00,2372.6745349069815,62.79612699850934,23.93323287794004,138.26897465447536,5.5342790660473655,915.0303544674391,3066.7965600853827,10.294417044520937
2023-01-03 09:12:00,2373.0746149229844,63.11876404160438,24.437764321733088,139.64483803315522,5.6561500152595725,912.0841331290262,3032.2215126442475,10.2745747965503
2023-01-03 09:13:00,2373.474694938988,62.70413375305805,23.326969725534628,140.32729591847402,5.504050315043346,913.026413310638,3043.957173134975,10.264187713318805
2023-01-03 09:14:00,2373.874774954991,63.496619696953445,23.6161004803609,139.87394768114748,5.41476396290765,912.3711018749925,3017.645644959357,10.25050404531533
2023-01-03 09:15:00,2374.274854970994,62.625383354119826,24.102393333458554,138.56134627003973,5.569305271370661,918.3976771171608,3056.79807949548,10.294128404574792
2023-01-03 09:16:00,2374.6749349869974,65.64884099242693,21.767150347316235,141.39758431767532,4.972596350717958,906.820952098878,2992.415969192636,10.207149309709811
2023-01-03 09:17:00,2375.0750150030008,63.35359960266856,23.90243122455178,137.95352757094489,5.433037283155098,916.3741533364738,3030.2962756333454,10.276576244412789
2023-01-03 09:18:00,2375.4750950190037,63.74539956131129,23.80549069426427,139.33927788229295,5.746137156917051,915.179673816809,3055.808124520785,10.276290709254358
2023-01-03 09:19:00,2375.875175035007,63.788175944855396,22.94143946489597,139.64995897035058,5.378292817097942,909.9468296480951,3031.6687790269057,10.258249404996482
2023-01-03 09:20:00,2376.2752550510104,61.98521688073846,24.631131561932907,138.520397852761,5.627037423437374,922.0369867398122,3056.4985652698683,10.31213448776444
2023-01-03 09:21:00,2376.6753350670133,64.46471567878028,22.238600518480457,139.32436897058847,5.443962935151444,908.2068971209998,3007.463384472377,10.21981642246558
2023-01-03 09:22:00,2377.0754150830167,63.61821884081571,23.331203302601256,139.08884722512693,5.6694924338670525,912.2842839276938,3041.7307504049672,10.261273754609798
2023-01-03 09:23:00,2377.47549509902,62.34017371072562,24.10568603651072,138.71413060199657,5.81375604934066,914.605513377279,3031.5843393942505,10.28106658216849
2023-01-03 09:24:00,2377.875575115023,61.88795493358249,25.189040103389075,137.36127989051573,5.863608847952965,924.4308078007157,3077.137626611653,10.31041589535325
2023-01-03 09:25:00,2378.2756551310263,62.548019352658706,24.477652211332394,138.64578820276546,5.6425206848728395,916.1398386503449,3031.24074419271,10.294660099729178
2023-01-03 09:26:00,2378.6757351470296,63.43730574472967,23.29725281393794,140.18116679820784,5.489157034749066,913.9897722915814,3030.5695192550875,10.236097920670838
2023-01-03 09:27:00,2379.0758151630325,66.06397512073495,21.767227246382884,141.36590387711107,5.258171742519369,903.0100620490371,2980.775681688726,10.222899976729908
2023-01-03 09:28:00,2379.475895179036,63.43484675634042,23.610035397547765,138.96715450374398,5.484146835075444,914.188814729013,3028.063778237234,10.27701200153544
2023-01-03 09:29:00,2379.8759751950392,64.88385714246132,22.39301066854768,140.74255908839757,5.282214213539963,912.1979932980674,2993.7347444387437,10.243686773717567
2023-01-03 09:30:00,2380.276055211042,62.19083224760893,24.548131568911245,138.58253972342604,5.820540340909451,915.6200441346731,3051.8260008236684,10.29978051194
2023-01-03 09:31:00,2380.6761352270455,65.23832702585544,22.907179183799954,140.27829918905002,5.50898012604584,915.3707573224947,3018.337157825151,10.246788442365265
2023-01-03 09:32:00,2381.076215243049,63.90086217104206,23.325547834537776,139.45617361925056,5.432527952007678,904.8475581372242,3018.8588552733167,10.254512952576535
2023-01-03 09:33:00,2381.4762952590518,63.658829464160966,22.964479430473702,138.44114081230225,5.545472758576321,916.8485462188505,3036.1934643198347,10.269815109942606
2023-01-03 09:34:00,2381.876375275055,63.94595002689113,22.308694377882283,139.62611674589505,5.410755164516542,910.9739472104518,3025.832722321091,10.245387490701766
2023-01-03 09:35:00,2382.2764552910585,63.951962469511784,23.178392598458167,139.37055225707525,5.418736787736069,909.9933644308423,3030.8666393271446,10.25976879638993
2023-01-03 09:36:00,2382.6765353070614,65.38181634323888,22.205190863346914,140.59431565853924,5.138529950440002,901.162800093802,2987.263269517156,10.21425855656424
2023-01-03 09:37:00,2383.0766153230643,63.90121051348097,23.172972497549363,139.35228422755938,5.350418063401609,910.3577940929986,3025.664097978678,10.262129012785271
2023-01-03 09:38:00,2383.476695339068,62.847774746892156,23.963273117505786,139.10148240723575,5.56207787740196,915.9123587689601,3032.477440193008,10.275918630087151
2023-01-03 09:39:00,2383.876775355071,65.03798678391907,22.37490241866192,141.32916803043577,5.126502734182015,906.2338332736734,2980.3678746608093,10.227617974924252
2023-01-03 09:40:00,2384.276855371074,63.321058480683746,23.18189421058699,140.21854483013118,5.514247694740745,917.0340848198572,3037.0061575411305,10.25094036935067
2023-01-03 09:41:00,2384.6769353870777,61.98756928466531,24.390086602590817,138.94492707394343,5.857718328709996,919.650035919869,3044.0995292487733,10.298702825369732
2023-01-03 09:42:00,2385.0770154030806,64.06058270014746,23.399678284428287,139.17522016105002,5.5185271945299865,913.9854382889584,3013.752925503501,10.260811313762034
2023-01-03 09:43:00,2385.4770954190835,64.49134008023118,22.75352510967815,139.90998088323096,5.350481393940939,912.5805802052816,3020.9044669186947,10.269232623571709
2023-01-03 09:44:00,2385.8771754350873,64.60950412700872,22.557096042741417,141.1799177138293,5.416115170324674,907.5329340577977,3003.3643134737363,10.240669460419658
2023-01-03 09:45:00,2386.2772554510902,62.604676126183634,23.829682055280202,138.3588277830331,5.630262577214071,915.2080753501758,3037.459285150475,10.280396475462132
2023-01-03 09:46:00,2386.677335467093,64.03350017909321,23.528283183045918,140.63694450346273,5.4742028811336425,910.7293040081485,3040.714425573949,10.246699908058119
2023-01-03 09:47:00,2387.077415483097,65.60481330644465,22.422919686453255,139.98959394806334,5.259073345369153,909.8680977327638,2993.718120056369,10.238491542235055
2023-01-03 09:48:00,2387.4774954991,63.48802792901915,23.833910765455226,139.37297525032017,5.697684259150758,912.6090068774829,3042.254529273443,10.277957314138002
2023-01-03 09:49:00,2387.8775755151028,63.71673559120255,23.745223866739302,139.73675397336214,5.631248263261077,912.0531604097717,3030.0572878495564,10.260546750530565
2023-01-03 09:50:00,2388.2776555311066,63.73042694291419,23.33339299342486,139.51031810726676,5.524931607921387,915.312741745406,3042.3504135730586,10.263216803325049
2023-01-03 09:51:00,2388.6777355471095,67.02776269187986,21.699365052956107,142.82759351020803,5.117284487653832,897.6092999474919,2963.1192562536503,10.190533063851953
2023-01-03 09:52:00,2389.0778155631124,64.07184749804657,23.22630851217722,140.15243660720432,5.461197527761841,909.4076439768751,3006.3459501081684,10.240153906867501
2023-01-03 09:53:00,2389.4778955791157,62.93562755187821,23.77044546317339,138.4011417130702,5.538937553109213,913.741134347856,3038.5845160129456,10.266841840463242
2023-01-03 09:54:00,2389.877975595119,65.66221139707021,21.532854227879856,141.48354148744576,5.125723911938681,904.7348372933159,2967.5199760394994,10.213763030035413
2023-01-03 09:55:00,2390.278055611122,64.25272723400711,23.57614794760768,139.82696788734722,5.44371509511653,915.468206316732,3000.9581532476786,10.244736312089213
2023-01-03 09:56:00,2390.6781356271254,64.62794135206256,22.918611888098496,140.59747797784152,5.237534553200165,907.3323337436885,3007.9232836403116,10.239172760106953
2023-01-03 09:57:00,2391.0782156431287,64.81336635804013,22.745682875289784,140.71995550704625,5.4004028758317455,911.4794731882627,3022.605497403201,10.232175246386577
2023-01-03 09:58:00,2391.4782956591316,64.9359462053628,22.67958485261645,140.73162345741605,5.356750818018484,907.0690778452617,2993.185474868528,10.238989875279707
2023-01-03 09:59:00,2391.878375675135,63.80438828910963,24.06143961319719,139.55301325868876,5.546392155648568,913.5618664265083,3032.2529395591605,10.270202759219583
2023-01-03 10:00:00,2392.2784556911383,62.619003918844705,24.022163309597254,138.9490785703338,5.693977091188582,917.4042974982793,3058.1214678189194,10.2838504473439
2023-01-03 10:01:00,2392.6785357071412,65.78871985510294,22.050737938650524,141.91982473937657,5.33468385916832,908.7545645862264,2987.8750136706817,10.225238368953933
2023-01-03 10:02:00,2393.0786157231446,64.9409748632763,22.93638136622285,140.0513755037211,5.324875930152802,908.937378274152,3018.1249195939163,10.260652757988655
2023-01-03 10:03:00,2393.478695739148,64.00313936044778,23.452368035441207,139.21271587452023,5.548838788832251,917.3491918836623,3055.164651144631,10.264123426998156
2023-01-03 10:04:00,2393.878775755151,66.53143434922956,20.905047073335453,142.11805720094887,4.996185567464492,900.6868986312137,2966.1575770150316,10.184760339693351
2023-01-03 10:05:00,2394.278855771154,64.80236497436505,22.47621300006625,139.77771924115294,5.304455721181132,905.1825818951752,3008.434542153747,10.254550077443728
2023-01-03 10:06:00,2394.6789357871576,64.31031898619183,22.99692141589572,139.79167865125748,5.538476047312932,912.752113667504,3031.412854813182,10.248558866326634
2023-01-03 10:07:00,2395.0790158031605,64.08400245915135,23.354533633216946,139.70854908085568,5.4855791642317735,907.5679116080398,3037.09374002414,10.251235294048106
2023-01-03 10:08:00,2395.479095819164,64.43101616681562,22.219008324145438,140.3750256384465,5.379941688130658,907.3970288289665,3004.16377274464,10.249154616584034
2023-01-03 10:09:00,2395.879175835167,64.88988137236957,22.68254763120722,141.59383010204309,5.342994020454209,907.5764410217688,3013.9546180964117,10.235392437673353
2023-01-03 10:10:00,2396.27925585117,65.62012884400745,22.44141181400726,141.7252027063364,5.223079759390271,909.8196375261177,2990.594602251803,10.211032517487432
2023-01-03 10:11:00,2396.6793358671734,62.44874801107514,24.00625068973653,139.93287013239683,5.708434484630762,919.0326341226189,3031.355457256401,10.27015060464351
2023-01-03 10:12:00,2397.079415883177,64.73174661730302,22.158160410061658,140.55589991609665,5.459691211427959,909.394274873386,3004.7127281715602,10.2413784216518
2023-01-03 10:13:00,2397.4794958991797,64.15046524200113,22.658802404033022,139.6118300940156,5.459694286348386,914.7148108917872,3011.7055230832234,10.244338559160639
2023-01-03 10:14:00,2397.879575915183,63.85363121543552,23.34463982751397,139.55314608860095,5.592302896700051,913.0094085994026,3062.724452444237,10.27610381256261
2023-01-03 10:15:00,2398.2796559311864,64.29354086099082,22.32558385728195,140.6153711863666,5.316639507526594,904.6632987678391,2992.623943458271,10.252568485273992
2023-01-03 10:16:00,2398.6797359471893,65.39527329820586,21.127700001123497,141.47564840074966,5.102580692322211,904.3892381584428,2965.5062849099913,10.22259454992154
2023-01-03 10:17:00,2399.0798159631927,64.47561684003512,22.813144789106023,140.23097827264837,5.426132086122259,910.8464633810421,3014.21798823956,10.250009515371149
2023-01-03 10:18:00,2399.479895979196,63.841507128144876,23.56740696190733,139.44539855352292,5.502538328506098,910.0966926423193,3028.189374578211,10.253665635854484
2023-01-03 10:19:00,2399.879975995199,65.5011333968908,22.31186821643446,141.11107132002306,5.284861102000297,902.469763865828,2994.9477417603975,10.208216940898025
2023-01-03 10:20:00,2400.2800560112023,65.63888618403125,21.758423096979516,140.83644837607056,5.305206589121845,907.2398349895258,2978.608308444731,10.19385411713501
2023-01-03 10:21:00,2400.6801360272057,63.71831914364818,22.933104802457798,140.33703567723117,5.409669851620326,905.868352814303,3006.7932993843488,10.260771425392058
2023-01-03 10:22:00,2401.0802160432086,64.88506999058977,22.52552982843062,139.573287744528,5.089824121315159,909.1176987140387,2998.3137425058007,10.234510489541856
2023-01-03 10:23:00,2401.480296059212,64.30407332841699,22.75940835918326,140.88741775548996,5.575008931921646,908.6763044370126,3020.1949164619127,10.239569463353458
2023-01-03 10:24:00,2401.8803760752153,64.05558347097237,23.648019855817882,138.9393292260769,5.439132085007189,914.8735781209602,3017.2849976619414,10.242812118699382
2023-01-03 10:25:00,2402.280456091218,63.64090587982539,23.63707803678872,138.95840391002687,5.5462426955298465,916.7614005531792,3031.7237435806624,10.25340804406889
2023-01-03 10:26:00,2402.6805361072215,64.57158490472926,22.499964351885872,140.59157141387078,5.405534625776381,905.9520200164569,3001.2202227137454,10.220730691699464
2023-01-03 10:27:00,2403.080616123225,65.05008658850463,22.297601776437542,140.41537824524377,5.5260590990365825,906.5646064625471,2997.544328785343,10.260056832810001
2023-01-03 10:28:00,2403.480696139228,65.00724892923512,22.738596822614426,141.75025164723235,5.443195678067142,911.0840354195476,2984.8895856091713,10.235023590846481
2023-01-03 10:29:00,2403.880776155231,64.12547625080992,22.992360213279206,139.94995736454206,5.423219414580963,911.8178527352525,3031.055075137094,10.242886117361419
2023-01-03 10:30:00,2404.2808561712345,64.77947955069762,22.597452870680357,140.4895873400423,5.425175786702569,908.8426576237671,2997.0332778177353,10.251056254138314
2023-01-03 10:31:00,2404.6809361872374,66.44873657385298,21.202557972959468,141.31811421569623,5.171597343945447,906.4346023728775,2996.505699430849,10.206104638317576
2023-01-03 10:32:00,2405.0810162032403,66.0939094189705,21.576799395293303,142.21504951033484,5.383362480588197,899.6672697479586,2978.432707009351,10.210898628704067
2023-01-03 10:33:00,2405.481096219244,65.17559076384889,22.30766018424081,141.93461839935003,5.37018715155547,909.3251115976396,2983.7239136207127,10.231843641200918
2023-01-03 10:34:00,2405.881176235247,64.32524593159918,22.882772915325862,140.06940755698392,5.36386092143044,911.809914663911,3017.1237835246193,10.244206695288794
2023-01-03 10:35:00,2406.28125625125,66.29919078604648,22.362479328235445,141.813044864666,5.003333342688188,906.2503930987309,2967.5423577232964,10.20071932130568
2023-01-03 10:36:00,2406.6813362672538,64.67032173420644,22.791213961154952,139.98225593445923,5.1497934134287515,915.0776208654847,3012.379533725114,10.249756430258563
2023-01-03 10:37:00,2407.0814162832567,66.31789694931574,21.884563267939722,141.31450282952036,5.189113126289436,903.0807662662537,2991.683614657847,10.206351127620644
2023-01-03 10:38:00,2407.4814962992596,62.31324968147451,24.553048600111016,139.54344644748417,5.819995296429519,921.2362952391508,3040.998650842043,10.294373360785395
2023-01-03 10:39:00,2407.8815763152634,67.1140579882795,21.09337091233636,141.24017152793164,5.1222212766362665,901.0326021730436,2966.756183932857,10.201796735698906
2023-01-03 10:40:00,2408.2816563312663,65.29707810056235,22.652367400517697,139.42219281599492,5.053636314168486,907.83128751425,2990.11578876191,10.227077744624287
2023-01-03 10:41:00,2408.681736347269,66.08194398697692,21.378797354123154,141.73062854432087,4.950285855324905,898.2773020068939,2962.845834354354,10.213855260856565
2023-01-03 10:42:00,2409.081816363273,63.10698047508022,23.638621179420536,140.22445505023353,5.546226127521641,912.3534624170425,3021.9627071610926,10.252911078047495
2023-01-03 10:43:00,2409.481896379276,64.13366014294878,23.483265360219093,140.21497173993293,5.572463964406472,904.836401073304,3005.290344520242,10.250751308496028
2023-01-03 10:44:00,2409.881976395279,64.83761533547084,22.66005200652907,140.63628943626517,5.3276539599178125,908.1739639241074,3003.6559254847857,10.235050592773531
2023-01-03 10:45:00,2410.2820564112826,64.04768547471588,23.177326686274483,140.11453243556844,5.582512414241422,916.3198364381923,3030.0327807435187,10.249159996344211
2023-01-03 10:46:00,2410.6821364272855,66.12125983552619,22.24973624666869,141.12118614517925,5.082317685820023,906.9503592057749,2980.7385787582316,10.215253899694117
2023-01-03 10:47:00,2411.0822164432884,63.91668654988582,23.269750607934043,140.42739915357043,5.405042979198543,910.2994799194169,2998.0049635674754,10.23891435884116
2023-01-03 10:48:00,2411.482296459292,64.10298371750821,22.641787816073613,140.3630408714356,5.368999753780782,909.6833283835488,3020.5951620372066,10.253790261662006
2023-01-03 10:49:00,2411.882376475295,63.80475416100885,22.77207574137371,139.1127348331451,5.515484235500702,908.6754901996792,3006.6365561243574,10.246293365102277
2023-01-03 10:50:00,2412.282456491298,63.399272034621724,23.36538204480079,139.8941783836165,5.397946630610184,909.0272075225198,3039.2844917002612,10.268574840965107
2023-01-03 10:51:00,2412.6825365073014,62.95973800560072,23.665073442515002,138.50892553788083,5.737049261608367,917.3999911872855,3031.368253163171,10.261626379823424
2023-01-03 10:52:00,2413.0826165233048,64.46542408531859,22.58638727826017,140.10822736529008,5.358310909438512,905.4855717273797,3011.911898340385,10.22421190742387
2023-01-03 10:53:00,2413.4826965393077,65.29489057773249,22.53312501688224,140.38144295706667,5.173378956896067,902.4896527606593,2976.850185507579,10.235075085213033
2023-01-03 10:54:00,2413.882776555311,64.79314906325776,22.43159577621291,141.28685676568304,5.146234854884731,909.0556084642418,2984.519966015334,10.244130861043342
2023-01-03 10:55:00,2414.2828565713144,64.3457846778214,22.505886443370894,140.516004209465,5.269101090295544,909.1597386309592,2983.373985702129,10.243074022480826
2023-01-03 10:56:00,2414.6829365873173,65.12483968957702,21.74791379492348,141.50708725772,5.178450385279162,903.5566126941336,2985.7277842857366,10.20246118398929
2023-01-03 10:57:00,2415.0830166033206,65.95659095795426,21.529694731064886,141.20160798927014,5.074579777041444,903.8867372206234,2981.253143197438,10.200850797090089
2023-01-03 10:58:00,2415.483096619324,65.88911246713849,21.139431198812943,142.05808820471665,5.002686121528652,907.926937960155,2982.114630146616,10.224298405039827
2023-01-03 10:59:00,2415.883176635327,66.2011652459726,21.802024727698758,140.25019322005141,5.278395362252336,904.8831237715353,2996.7712760178383,10.21474051883559
2023-01-03 11:00:00,2416.2832566513302,67.36912253271247,20.719975229727993,141.8544532492641,4.596733835969117,898.2836788436668,2964.8892666795164,10.17078480792263
2023-01-03 11:01:00,2416.6833366673336,63.815105178489986,22.74494756295999,140.45567923140362,5.414297941059938,918.1011076939546,3019.415580245308,10.267528427085622
2023-01-03 11:02:00,2417.0834166833365,64.74321903018557,22.221783235205258,140.43318863585299,5.14219006005235,906.844984590449,3000.1604508612745,10.228997281955198
2023-01-03 11:03:00,2417.48349669934,63.653172589147246,22.935257882785592,139.0181751538068,5.310074805613967,915.4809220842525,3020.026989376662,10.226993731880473
2023-01-03 11:04:00,2417.883576715343,64.22100150917784,22.87788498305068,141.2068336282937,5.336930511195106,901.709304586619,2995.905706734614,10.256413581681764
2023-01-03 11:05:00,2418.283656731346,65.58808485615302,21.62248248233165,141.8222078469081,5.117999776397054,899.8592106111197,2973.0534805667826,10.217331870566374
2023-01-03 11:06:00,2418.6837367473495,65.61318380035186,21.298959290737148,141.68275470753545,5.099534902636438,901.0870092210547,2996.6734722846263,10.195065173449263
2023-01-03 11:07:00,2419.083816763353,64.7843032808243,22.139690470994704,140.84461452867183,5.362845057437299,907.9337414638525,2977.3407172443176,10.24003557329676
2023-01-03 11:08:00,2419.4838967793557,63.5923006149508,23.337734649968628,140.32266806788368,5.5253076962844165,919.1169196758353,3035.205519285113,10.254752831634207
2023-01-03 11:09:00,2419.883976795359,64.73197995709567,22.857942009639196,140.93702077140927,5.530601516703788,907.265891615453,3011.8731423153436,10.229688370274411
2023-01-03 11:10:00,2420.2840568113625,63.89569892107475,22.92440576324317,140.74815067324417,5.493470939382974,913.9184585285947,3006.120857218337,10.241855860605407
2023-01-03 11:11:00,2420.6841368273654,65.70941313132438,21.568560980082363,140.96601927366746,5.186037403933933,913.9384391948838,2993.501061856888,10.250847003288257
2023-01-03 11:12:00,2421.0842168433687,65.16778856544138,22.78893247727653,141.37995279870833,5.324388974527208,907.8360452609262,2977.936793084556,10.230897518347737
2023-01-03 11:13:00,2421.484296859372,64.4569198907748,22.796790227717683,140.0463363242522,5.391194803167855,908.1871870366217,3012.275555930715,10.23714302109828
2023-01-03 11:14:00,2421.884376875375,67.4948021066843,20.417376868646475,141.97491866321317,5.038475659293999,898.2176351128044,2950.599897106971,10.188774772844463
2023-01-03 11:15:00,2422.2844568913783,65.54882766631223,21.285970599574735,141.5026292165593,5.118875723784391,904.5505159883076,2982.98120032284,10.189581759241616
2023-01-03 11:16:00,2422.6845369073817,65.93723497979019,20.97151480722296,141.88179308038636,5.099581718593272,899.5851459584458,2976.1742086416552,10.211467135145364
2023-01-03 11:17:00,2423.0846169233846,67.06567303881737,20.742025877757573,142.05549876898687,4.976627038962063,899.1046076410397,2963.784117752023,10.196730039655773
2023-01-03 11:18:00,2423.484696939388,65.11835947659907,22.263175992342106,141.1445159214097,5.218358950985428,904.5254637503195,3000.46128810242,10.239934150726375
2023-01-03 11:19:00,2423.8847769553913,65.71728350424225,21.871617092329394,141.17292823362405,5.253738283850235,903.3954609092098,2996.3026067468522,10.21059845976211
2023-01-03 11:20:00,2424.284856971394,64.38909445610268,22.45401558380581,141.05092955906315,5.476194796282669,903.0977152058068,3010.6389383346977,10.237144306406424
2023-01-03 11:21:00,2424.6849369873976,64.90373830355534,21.542870406412916,140.66029328606527,4.948698870067076,899.1200165989035,2987.4753283689583,10.209788448578436
2023-01-03 11:22:00,2425.085017003401,67.20977698437244,19.81428878295282,141.9068154668188,4.970701403395799,895.7732237880608,2958.1569210939438,10.177220341336072
2023-01-03 11:23:00,2425.485097019404,65.4651276076203,21.80755814264239,141.04208578893483,5.075368335963649,905.0072362960742,2989.9082273831264,10.213486587160906
2023-01-03 11:24:00,2425.885177035407,64.33378373237929,22.584997943601824,140.66920235296658,5.102177062649677,905.963352633199,3011.5158083311467,10.24013852263114
2023-01-03 11:25:00,2426.2852570514106,65.74665719654833,21.330784994014717,140.71105075642208,5.188772403083573,904.8846320787757,2973.56885598049,10.222633261428703
2023-01-03 11:26:00,2426.6853370674135,65.41390989945432,22.08082401168612,141.69243696505015,5.215615434381782,904.1506200469092,2987.153399931169,10.217121690688618
2023-01-03 11:27:00,2427.0854170834164,65.87055106685598,21.10769187117807,140.59834103687533,5.1770917782914685,904.5028836241536,2958.1572436839283,10.22434266981589
2023-01-03 11:28:00,2427.48549709942,65.74908983128631,21.661583039962157,141.4001346740777,5.123676138550807,904.7831212634737,2986.7630488599357,10.206774530701528
2023-01-03 11:29:00,2427.885577115423,66.46293421234269,21.228634907015316,140.64178563692815,5.21203238722449,906.998841676081,2984.214845154249,10.231463414813309
2023-01-03 11:30:00,2428.285657131426,64.8178148326442,22.225918798850543,139.50935812473284,5.179928428386944,907.8930206428025,2993.359941482447,10.237842866059834
2023-01-03 11:31:00,2428.68573714743,66.38337821815523,21.417579166103234,142.04583903288997,5.039433927306649,899.0822970492321,2962.789800416856,10.193253600118606
2023-01-03 11:32:00,2429.0858171634327,65.10671121796928,21.884861377239137,140.92485307376464,5.266835590758817,905.4863295984758,2996.1781287566328,10.221333214335269
2023-01-03 11:33:00,2429.4858971794356,66.57459357475909,21.384421753253115,141.4240047306837,5.092075536217836,905.4393099771047,2978.440362212717,10.17792350784238
2023-01-03 11:34:00,2429.8859771954394,65.61122813779362,22.402014138219865,140.91504483046577,5.166824999392607,906.9451755386572,2989.128085380773,10.216401514990618
2023-01-03 11:35:00,2430.2860572114423,65.67664765653146,21.807742257445657,141.4843228560249,5.121548224248865,903.6780484457163,3001.998205422254,10.202272502100566
2023-01-03 11:36:00,2430.686137227445,64.1086098180321,22.964892301216693,140.0134484764658,5.368346060056815,909.2295126071095,3019.242920556456,10.25737799707059
2023-01-03 11:37:00,2431.086217243449,64.20466099952502,23.098430269060533,140.12044183305025,5.249687838107932,907.7565512868896,3002.7517779546693,10.239970446263817
2023-01-03 11:38:00,2431.486297259452,65.52926986234277,21.81612922889135,141.14797039769277,5.2017360472870315,899.4130786922456,2985.6186609891943,10.213140521648048
2023-01-03 11:39:00,2431.886377275455,66.95065498833938,21.051296515230973,141.78872538433362,4.820295078476302,903.8250608177501,2965.1039755603874,10.164790764643332
2023-01-03 11:40:00,2432.2864572914586,66.08695965044969,21.903571443717148,140.64153909807848,5.252268067622898,906.7901186872533,2983.5612058668175,10.219152471428865
2023-01-03 11:41:00,2432.6865373074615,65.32928145255622,21.24064875533322,140.9407957089656,5.153609470601361,899.7167619297841,2979.172219317894,10.208689054425541
2023-01-03 11:42:00,2433.0866173234645,66.44489504511853,20.870530924726246,141.33586901326237,4.890540645676847,900.4680815953081,2966.7260850418147,10.207836020474302
2023-01-03 11:43:00,2433.486697339468,65.01368648492428,22.967702629262185,140.23836027952086,5.1054204145141275,910.287254529279,2997.7487193685,10.23281466118174
2023-01-03 11:44:00,2433.886777355471,65.24843066941746,22.35746495619904,140.54941657228355,5.17112176095449,905.1800885956229,2994.152339418031,10.238004895985645
2023-01-03 11:45:00,2434.286857371474,65.70529553294143,21.849469360658944,140.75686166875965,5.14896025668368,902.1083906957916,2990.6379859248977,10.222121720717864
2023-01-03 11:46:00,2434.6869373874774,67.58756942953956,20.739658048687208,142.10349081379033,4.992857566871372,896.5074889515708,2950.591125752605,10.183125359777234
2023-01-03 11:47:00,2435.087017403481,63.87653040339966,22.84209494524903,140.3160749905709,5.420095156407096,913.1982231160111,3031.1282133266686,10.256199266957797
2023-01-03 11:48:00,2435.4870974194837,65.0089874544315,22.270654599707182,141.5205958664751,5.275388486121891,904.2213303308781,2998.043987774468,10.209109368742956
2023-01-03 11:49:00,2435.887177435487,64.98887164257671,22.031293348011666,140.99181287475463,5.328423280948936,903.2488427151126,2983.197544825858,10.219340940351664
2023-01-03 11:50:00,2436.2872574514904,67.19903005345932,20.68539781082753,142.485846933469,4.992584467222824,897.908200454238,2972.3747507573034,10.176033622467893
2023-01-03 11:51:00,2436.6873374674933,62.42455688907477,23.667395232769046,138.88539982350798,5.582429637316996,911.9406534831425,3030.2004794875247,10.240397659020218
2023-01-03 11:52:00,2437.0874174834967,67.20099493663015,20.10015648805457,143.1439508981538,4.780519841497693,893.9911886623362,2943.179137023185,10.161521574243254
2023-01-03 11:53:00,2437.4874974995,65.42173291674247,21.983676758625734,141.63855247697052,5.299835373425755,905.9837277256892,3002.122640351903,10.247333501248834
2023-01-03 11:54:00,2437.887577515503,65.26036214323436,21.81017108394898,140.8727667408601,5.141265692815517,907.4815581690467,3020.161966068935,10.218614591437031
2023-01-03 11:55:00,2438.2876575315063,65.99099883014809,21.73094477761806,141.00744086448904,5.323378237370435,902.1526899929439,2986.864811083309,10.21090162071544
2023-01-03 11:56:00,2438.6877375475096,65.74087934936775,21.621869002632256,141.082028076203,5.30600025391132,907.2073331294855,2985.9497694599922,10.20087783355048
2023-01-03 11:57:00,2439.0878175635125,65.25659850507694,21.57983876459763,141.11039817291493,5.210917556047623,908.2301645551893,2972.3818651188826,10.205149678655795
2023-01-03 11:58:00,2439.487897579516,63.85578909914934,23.156746445147213,139.6338331063829,5.493086493715353,909.9912059439912,3002.704134656468,10.258326018655447
2023-01-03 11:59:00,2439.8879775955193,65.20629838985882,21.908220401662895,141.2890750015291,5.206241947198559,914.3568356648813,2988.6835262759064,10.213748203094491
2023-01-03 12:00:00,2440.288057611522,65.75176701999102,21.437289346446402,142.08885891752556,5.028881345678672,905.6433527279178,2978.919987994028,10.190317634748636
2023-01-03 12:01:00,2440.6881376275255,64.68818036589818,22.11827370702613,140.47530403201156,5.278414792411272,906.5861160466129,2979.316180428356,10.236927422527163
2023-01-03 12:02:00,2441.088217643529,65.64518840249738,22.704496347659184,142.3222057042651,5.164619921846704,904.1560395996307,2990.854689629582,10.211452916645577
2023-01-03 12:03:00,2441.488297659532,64.9062404430518,22.3465912099032,139.92495924174517,5.460525607180042,905.1340301416584,2985.0928044763573,10.216247746717826
2023-01-03 12:04:00,2441.888377675535,65.50238264471609,22.234995700211243,140.22543504177213,5.2062855722355925,912.0180076746005,2990.0551408393167,10.230866187002157
2023-01-03 12:05:00,2442.2884576915385,66.0914290434404,21.670732401690092,141.47659114906955,5.17296486351068,903.5337908377903,2986.7279596350027,10.20106219018871
2023-01-03 12:06:00,2442.6885377075414,64.35671196410485,22.732220716640274,141.69720235530107,5.2140780948721375,903.169908296762,2993.889981139303,10.224624690948335
2023-01-03 12:07:00,2443.0886177235448,65.68839164707059,21.879795229379262,140.8240209079672,5.097865064988371,899.2492899891255,3000.292383899203,10.216229449146368
2023-01-03 12:08:00,2443.488697739548,64.67095193416843,22.515259284947987,140.15728606634508,5.088523182009125,907.1447295126649,2992.418640103382,10.222859544271287
2023-01-03 12:09:00,2443.888777755551,66.64423798286039,21.400933060522373,141.99250146801268,5.085606685904347,901.2156985247925,2981.950932448871,10.181794380666199
2023-01-03 12:10:00,2444.2888577715544,64.90119330330407,21.986942467120254,140.8016356559679,5.1628012892663016,902.6811460131248,3014.6272755757223,10.227807677631828
2023-01-03 12:11:00,2444.6889377875577,65.82130279385761,21.24300263806468,142.12288794907712,5.13711592986832,895.8468389447802,2961.4695835109655,10.204951425751663
2023-01-03 12:12:00,2445.0890178035606,66.18622048234778,21.48827218540697,141.95601417390046,5.026525242010711,893.327540693546,2988.222834766457,10.187751932658994
2023-01-03 12:13:00,2445.489097819564,65.84744391134478,21.34643141567124,141.29790880177518,5.057415850020898,898.4841393615626,2970.7617391628755,10.204406885305572
2023-01-03 12:14:00,2445.8891778355674,63.15756036907112,22.961901443385873,140.9167302345699,5.331453468572967,911.2483843805535,3017.2132003378,10.254042181428849
2023-01-03 12:15:00,2446.2892578515703,64.48539778957173,22.241693248979086,139.1852583233407,5.331625578862565,909.0443342394829,2996.0408256449123,10.211026846979404
2023-01-03 12:16:00,2446.6893378675736,65.03255736693379,21.717076718262877,141.55876848199216,5.2099114116643115,906.6585450000485,2995.3349034992116,10.239504762406924
2023-01-03 12:17:00,2447.089417883577,67.70371028819619,20.666356272316868,142.84149429182594,4.758829073447914,900.1719255372323,2967.3548806066137,10.177762240306352
2023-01-03 12:18:00,2447.48949789958,66.32608991588971,21.109405975541268,141.91141808182996,4.964805256974274,899.3239735770696,2968.9327011888754,10.182983593212633
2023-01-03 12:19:00,2447.8895779155832,67.47468505192933,20.22529619361146,143.3084921283653,4.7768429548254385,898.5347114061643,2966.4654928243067,10.177768266533954
2023-01-03 12:20:00,2448.2896579315866,64.25941533352305,22.556952121396524,139.80225809933376,5.101827861855988,910.9246010223238,2990.660065612796,10.233545212817756
2023-01-03 12:21:00,2448.6897379475895,65.77516581260785,21.913712947462287,141.88597207530228,5.246964850048976,898.612069506437,2981.7085843934333,10.20996299383216
2023-01-03 12:22:00,2449.0898179635924,64.06975175076101,22.619026132406788,139.66699290102858,5.2071251172447655,905.0927616118656,2982.281311363728,10.230362742931257
2023-01-03 12:23:00,2449.489897979596,65.96050105884309,21.90612755127147,140.90487370392609,4.922025087397944,909.4170022463124,2987.3693106540686,10.218300928901657
2023-01-03 12:24:00,2449.889977995599,65.4450801055865,20.584544126264067,141.28079881150833,4.918495211993698,894.2939369997989,2962.3640076119677,10.198732101721454
2023-01-03 12:25:00,2450.290058011602,64.57218091055498,22.641981143395597,140.13416981277356,5.234170242645443,906.9678832183743,3008.110831026051,10.246480460094661
2023-01-03 12:26:00,2450.690138027606,65.73643350773928,21.143633547445823,141.4104874547151,5.226738401340476,904.0677140879241,2974.189497680111,10.222929512839158
2023-01-03 12:27:00,2451.0902180436087,65.16677423032361,21.698129353695876,140.5893828232783,5.0331895061697205,899.355358208081,2972.3782437103605,10.203815040403295
2023-01-03 12:28:00,2451.4902980596116,65.4095380308399,21.77903509982859,140.44909610220506,4.964860696580042,900.0160331329502,2986.3901570364333,10.21874770634711
2023-01-03 12:29:00,2451.8903780756154,66.61259427776521,21.058030790095604,142.22110873081022,5.0836739077556,905.2165861156059,2973.2403555608266,10.196849475652249
2023-01-03 12:30:00,2452.2904580916183,65.33784587861702,22.13188645225222,141.11048983148333,5.136390273604571,905.0095709712215,2989.099974689903,10.222303657900357
2023-01-03 12:31:00,2452.6905381076213,66.58610308438982,20.513550642131975,142.4121780468766,4.961123825575173,896.2316422657851,2936.6802788406053,10.19366424005507
2023-01-03 12:32:00,2453.090618123625,65.88098434858972,22.02251178350538,141.50552810417648,5.060000817925459,903.1839237814115,2986.3150324579146,10.204764936090232
2023-01-03 12:33:00,2453.490698139628,66.02972708212219,21.43986505752011,142.2437527636248,5.235952739111887,898.7988858042264,2962.180515657078,10.203026803529449
2023-01-03 12:34:00,2453.890778155631,66.44507832820615,21.3706449530031,141.8584033062044,4.876865846471224,904.9100552711546,2971.268576928725,10.182537912062877
2023-01-03 12:35:00,2454.2908581716347,64.34899875750725,22.15012027380387,141.03209001076672,5.33094846649948,904.7929124158657,2997.738513518816,10.220104584804004
2023-01-03 12:36:00,2454.6909381876376,66.88787375530661,21.01882336339634,141.94474868461683,5.061566306847795,895.658140938712,2950.584468119105,10.185338963218978
2023-01-03 12:37:00,2455.0910182036405,66.10919057648627,21.258550311562413,141.28726602577603,5.02240446895949,896.7514943884244,2977.7334759680707,10.19990729347026
2023-01-03 12:38:00,2455.491098219644,64.40173241750033,22.153373686245054,141.35127813041044,5.197583267371627,906.0779902850243,2990.7707258884084,10.230073136473399
2023-01-03 12:39:00,2455.891178235647,64.79177483457156,21.975574232294854,141.8898991588325,5.230762923309297,903.2392577975954,2982.6780966152232,10.205661585840302
2023-01-03 12:40:00,2456.29125825165,66.99555092121268,20.757506845181744,142.70432775864504,4.9932908654557995,900.3184246493665,2957.2971435897043,10.18138806954351
2023-01-03 12:41:00,2456.6913382676535,65.97351653454842,21.36344570992412,140.93795467931878,5.03713276042199,899.7185061151723,3001.464260996532,10.204261342899947
2023-01-03 12:42:00,2457.091418283657,67.5557901799296,20.774995990946124,142.35707809446376,4.947142558433023,895.706502036588,2940.1381251637495,10.164277556614943
2023-01-03 12:43:00,2457.4914982996597,66.74069206112814,21.313786772404633,142.89455038169294,4.93850978910379,898.0821573849653,2965.581069134361,10.17821760621193
2023-01-03 12:44:00,2457.891578315663,64.71461395083199,22.35677347023117,141.46106953580144,5.288849764010149,900.3448524633997,2982.9555966026205,10.217237286249167
2023-01-03 12:45:00,2458.2916583316664,65.25189298787939,22.130094841373843,140.96723650661062,5.349039112207391,902.8297784863437,3006.9722968315095,10.217959079650786
2023-01-03 12:46:00,2458.6917383476693,64.00271548109205,22.753521905854814,141.5163564255082,5.418704997473797,906.5232328606538,2999.3752467579293,10.251493441258333
2023-01-03 12:47:00,2459.0918183636727,66.68666070506703,20.090448127850465,142.67400292031698,4.8869886241836635,901.6225597392222,2950.156674301001,10.171933773869828
2023-01-03 12:48:00,2459.491898379676,66.9430584742196,20.858922926113472,141.62131960324743,4.878274943124598,899.783484767086,2963.780972667437,10.183486187392509
2023-01-03 12:49:00,2459.891978395679,64.18628628703739,22.425908084825508,140.46613883990926,5.556660447290539,907.7442771804557,2992.7620741871515,10.22923031364573
2023-01-03 12:50:00,2460.2920584116823,65.26981167978906,21.830701607330464,140.9992301758007,5.121857823388434,892.1342735414742,3000.9025536768654,10.21373406327138
2023-01-03 12:51:00,2460.6921384276857,64.72309764152469,22.379740166213935,140.57065440056013,5.33419764159115,902.0317038041477,2995.9831243358076,10.246468759107994
2023-01-03 12:52:00,2461.0922184436886,64.82559927956856,21.513574603620114,141.3970392868911,5.300390775177626,908.5131443076859,3004.385234485872,10.213222255966699
2023-01-03 12:53:00,2461.492298459692,65.28058399419437,21.006719751707905,141.1859539129224,5.111842966856665,903.4722212238339,2982.9677298902366,10.199223287275794
2023-01-03 12:54:00,2461.8923784756953,65.44146490612393,21.868664050200447,140.74212768769564,5.324426861786106,900.3939330036433,2984.907386566664,10.199328381224284
2023-01-03 12:55:00,2462.292458491698,64.77918088373532,22.533364491993744,141.2871564200006,5.207791547500979,905.164732924452,2997.457787585161,10.226092443905678
2023-01-03 12:56:00,2462.6925385077016,63.29676414632292,22.748491451964085,139.71500208798423,5.413986298883414,910.8874067891113,3042.8155630263304,10.252284303275225
2023-01-03 12:57:00,2463.092618523705,66.02743836016332,21.223832174362098,143.0427754838641,5.175172947632439,900.6607069692816,2972.0048447931285,10.206892185246467
2023-01-03 12:58:00,2463.492698539708,65.69872232639726,21.926783046852243,141.87434184270475,5.099153060800491,901.5347184314151,2980.3588823183372,10.215263600338268
2023-01-03 12:59:00,2463.892778555711,64.7501662185137,21.778075646759824,140.80316161930162,5.273332800616364,907.0619228114485,2991.606066791342,10.218840188329168
2023-01-03 13:00:00,2464.2928585717145,65.8190738836893,21.41523251638783,142.39406880617466,5.048783230890111,903.7237511614924,2981.709482203161,10.203814184344926
2023-01-03 13:01:00,2464.6929385877174,63.826271586984475,22.669633018512844,140.6854354703546,5.439380975839542,906.0864754352808,3031.4199509142472,10.248750673547242
2023-01-03 13:02:00,2465.093018603721,64.99756290569445,22.573579529534662,141.1003896407246,5.319444263193533,902.6795592140015,2994.107580761091,10.217368759774999
2023-01-03 13:03:00,2465.493098619724,67.84644085272178,19.262417859519562,143.2917249527856,4.649905291034188,888.8867169476869,2918.133622251131,10.157145918708244
2023-01-03 13:04:00,2465.893178635727,63.9607287389786,21.930482506050783,140.94836993113816,5.072334095015064,906.6736444423119,3008.6083075572014,10.230828290738918
2023-01-03 13:05:00,2466.2932586517304,65.54764442601416,21.047397424182023,140.9849853762045,4.808041857803738,900.0208518171539,2948.730069935559,10.193800767530897
2023-01-03 13:06:00,2466.6933386677338,63.448748423229226,23.140960511163208,140.54644602091793,5.256916855148918,913.8525923219795,3022.23355261784,10.249287309811871
2023-01-03 13:07:00,2467.0934186837367,63.513892349485396,22.702827972653004,138.562243663565,5.346820782620759,912.1126623177214,3012.238921434032,10.233048245434686
2023-01-03 13:08:00,2467.49349869974,66.06210453147446,21.403612165143194,141.54807653590518,4.798090858362304,901.600707009491,2968.4162797102103,10.186583709375517
2023-01-03 13:09:00,2467.8935787157434,64.00708748927585,21.886386890003493,140.03656296403219,5.2198770158262375,906.6546690747816,2993.9301118134845,10.190884706887854
2023-01-03 13:10:00,2468.2936587317463,64.42636864679119,21.671389463063285,140.66735428283454,5.231191099792871,910.4263040431131,2975.6676011818736,10.21537321914776
2023-01-03 13:11:00,2468.6937387477496,65.65750874536286,20.764709174344297,142.04819975704103,5.050483325922857,898.6843261549549,2952.3769624407646,10.211834798238272
2023-01-03 13:12:00,2469.093818763753,63.99844717151751,22.565448389256613,139.71967127617586,5.398189891253661,910.7480769046066,3017.5557604641676,10.24868208539464
2023-01-03 13:13:00,2469.493898779756,66.13475640192468,21.052154120280026,140.47548310408297,5.103265466316884,900.9282205416677,2946.581399383273,10.197302955977138
2023-01-03 13:14:00,2469.8939787957593,65.10666080138738,22.189271191586005,141.2949753838907,5.199911299362505,903.3636927267956,2984.034923960763,10.22386712109416
2023-01-03 13:15:00,2470.2940588117626,64.77093147077935,21.85735258280918,142.41699248224455,5.0866617845608655,902.3198965866925,2976.907072059936,10.206186517537375
2023-01-03 13:16:00,2470.6941388277655,65.20981232899405,21.55229916631534,141.4320327110063,5.057739266815147,905.4211123335883,2953.871005602568,10.197850682898855
2023-01-03 13:17:00,2471.0942188437684,65.49523712678982,21.532057898729583,142.01420745777213,4.999018174847412,901.6111475330446,2992.669311698458,10.201061387918
2023-01-03 13:18:00,2471.4942988597722,63.57363397222803,22.192930884405744,141.42900499765804,5.292832594076651,905.8272524845194,2988.315650307877,10.222335616740821
2023-01-03 13:19:00,2471.894378875775,64.16327247628196,22.051868285109745,139.74192920558232,5.108325008593715,904.58580182508,3003.7039826563937,10.222704540723008
2023-01-03 13:20:00,2472.294458891778,66.6722297311756,20.587677936219045,141.8245372618342,5.078415663926406,900.1240863887206,2957.2263615823804,10.188246684321523
2023-01-03 13:21:00,2472.694538907782,65.15596323398519,21.359661860511437,140.79379327850296,5.010743626394887,900.9436670797339,2970.031773294424,10.207685050679528
2023-01-03 13:22:00,2473.0946189237848,64.0779442518262,21.96409008624425,140.61989479825834,5.210393980097518,905.8610224492717,2987.025972552544,10.232571070131378
2023-01-03 13:23:00,2473.4946989397877,64.72483966593917,21.40262398132913,142.10188660918936,5.177790335830609,904.0697001281137,2979.746305644753,10.222720054460382
2023-01-03 13:24:00,2473.8947789557915,64.89559848377097,21.657873016765958,141.50482265376712,5.231125994678516,901.425435632366,2977.6531205920314,10.193355033589578
2023-01-03 13:25:00,2474.2948589717944,65.47055770793246,21.941686971946243,141.39439339040567,5.0318876530483365,900.8133547096472,2982.130973094549,10.217056019265575
2023-01-03 13:26:00,2474.6949389877973,64.10869223999818,22.75272814714973,140.10613277640542,5.356369575009148,906.9985134798786,3003.111292116403,10.23510132893319
2023-01-03 13:27:00,2475.095019003801,65.46377045313945,21.916503659260158,140.82667988823556,5.161394271162277,899.8646408698726,2988.525731943707,10.180958084460887
2023-01-03 13:28:00,2475.495099019804,66.52224784416582,19.706623565427922,142.8942486965146,5.038160334255073,892.9159635028288,2948.597600277786,10.17421675044257
2023-01-03 13:29:00,2475.895179035807,65.16043581999662,21.806956885679327,141.70421193645663,5.179233639617263,905.9112453424689,2987.3188853109464,10.223434487173407
2023-01-03 13:30:00,2476.2952590518107,63.35196071135671,21.86523918653962,140.58771668785587,5.2642756869152185,914.7181868246877,2996.311097266591,10.237842416567153
2023-01-03 13:31:00,2476.6953390678136,65.95943564811745,21.342678006251877,141.97345297650693,5.244772536567497,899.2151667999607,2986.3069006879014,10.202502333835325
2023-01-03 13:32:00,2477.0954190838165,64.44260643005553,22.585509074465776,140.0257447073105,5.357574563745133,905.9288277920244,2998.641836892844,10.22735831055135
2023-01-03 13:33:00,2477.49549909982,65.08310460946745,21.14002699567892,141.80807295963155,5.238857746188848,900.594179023042,2958.9191442797014,10.196083362740763
2023-01-03 13:34:00,2477.8955791158232,66.02648522882801,20.850709208729967,142.45538042756579,4.909531665407804,903.0091847712902,2971.8949427116636,10.19285867815929
2023-01-03 13:35:00,2478.295659131826,65.4943057422669,20.623962342365406,142.0688404452572,5.0643609069856454,901.2242089504716,2959.250122759757,10.207691435067249
2023-01-03 13:36:00,2478.6957391478295,65.52805960096086,20.87445367578216,141.24624729909334,4.843662374135142,898.2730573550147,2968.5846350390343,10.189407028033159
2023-01-03 13:37:00,2479.095819163833,64.06850737013914,22.51325771360567,141.20232055392077,5.202852675586865,904.9510484100725,3016.797494816721,10.223257480610362
2023-01-03 13:38:00,2479.4958991798358,65.48213558784613,21.145238381977567,141.29875325208306,5.091102213237889,897.598249318978,2978.6649324175064,10.198165726776262
2023-01-03 13:39:00,2479.895979195839,64.16439804185752,22.30534821524959,140.7781537063496,5.355261676429162,907.951029018064,2996.4723231339703,10.245210009877303
2023-01-03 13:40:00,2480.2960592118425,66.83995840199164,20.475186885479435,142.70922152949063,4.884706572558531,898.478917065879,2955.9981259582714,10.190631393559174
2023-01-03 13:41:00,2480.6961392278454,65.52310095200632,21.323965905008606,142.55540546318568,5.123157857387706,899.0273603615017,2965.4034881628645,10.202400215549913
2023-01-03 13:42:00,2481.0962192438487,64.79157501402972,21.780819913275018,140.40085388487455,5.097906858767091,905.2396346856549,2990.903085419653,10.196088206044815
2023-01-03 13:43:00,2481.496299259852,66.88138313092436,20.28264508394291,142.42056448306028,4.877911463354428,893.3875254034351,2943.3036453190402,10.18039915807966
2023-01-03 13:44:00,2481.896379275855,65.82425480897696,20.942805113708257,141.8725416469833,5.012872773499799,900.9697563891516,2968.346770483614,10.191106450784044
2023-01-03 13:45:00,2482.2964592918584,64.45165729290227,21.50256335952456,141.95533010199847,5.124612253905477,904.3683655855015,3002.39080250641,10.218875245790537
2023-01-03 13:46:00,2482.6965393078617,66.29019091827426,20.722784281420424,142.9283558608268,4.959610826650405,892.2153834878643,2939.3395549119628,10.160538998214658
2023-01-03 13:47:00,2483.0966193238646,64.27884134071722,22.143229358504644,141.7941952538227,5.080633441403214,902.7761716992746,2987.868987682885,10.209230219197867
2023-01-03 13:48:00,2483.496699339868,66.18279294089899,20.393089075842557,142.83892288702324,4.784623462056173,897.9270979190978,2974.2958332271933,10.172900392330638
2023-01-03 13:49:00,2483.8967793558713,64.2079784108815,22.709250314034172,140.7658329391714,5.123560769664357,902.7338814804132,2992.8432060982354,10.216694991208431
2023-01-03 13:50:00,2484.2968593718742,65.71993650202884,21.44323488492106,142.08930790440778,5.173336432011148,906.6024404135361,2948.148640937808,10.19282290621024
2023-01-03 13:51:00,2484.6969393878776,65.9267115093485,20.835721110168073,142.8568640801406,4.930283849955026,900.2794020100704,2960.2244438050166,10.166756531690561
2023-01-03 13:52:00,2485.097019403881,63.1807654262623,22.49733453937474,139.7310299462375,5.257590906104599,908.4475970281252,3023.276072514897,10.250372522304517
2023-01-03 13:53:00,2485.497099419884,65.806378365682,20.765676939157316,142.57859112913374,4.9273862251641125,897.67746206479,2970.5507760201217,10.15837959595823
2023-01-03 13:54:00,2485.897179435887,64.86675144828547,20.689893421905413,141.7104746036935,5.062977713608395,901.389622666653,2952.8888871598865,10.19831874168364
2023-01-03 13:55:00,2486.2972594518906,66.79511748553327,20.701890858417226,142.39706193399857,4.872411227371659,893.159192794494,2945.6659077738564,10.159641837435077
2023-01-03 13:56:00,2486.6973394678935,64.49671277724825,21.904725560464843,141.30506387192557,5.187256121966445,905.0945055423647,2993.752199795389,10.211704102500725
2023-01-03 13:57:00,2487.097419483897,63.2281391480489,22.630505111677238,140.1884425554455,5.240211043021515,911.516178757137,3007.9873724030567,10.232800343758301
2023-01-03 13:58:00,2487.4974994999,65.66438027527319,21.31441185328378,142.08128844445153,4.861023552926526,898.3776083471353,2960.0393300364253,10.20207360981522
2023-01-03 13:59:00,2487.897579515903,65.19352558420073,21.032534673637844,141.6315348218152,5.024071133321958,900.2982117702949,2971.585029487465,10.205304857736932
2023-01-03 14:00:00,2488.2976595319064,64.00990300651635,22.970690661071643,139.39385452207947,5.420895121756176,905.2141470303307,3020.5072516998875,10.244088205804797
2023-01-03 14:01:00,2488.69773954791,65.17097397904405,20.88787389977661,141.8832551939511,5.0022028896210475,902.0181377430526,2946.692410797553,10.192083701617127
2023-01-03 14:02:00,2489.0978195639127,65.65933258766252,21.03110254270786,142.00815070347684,5.058833455190981,901.2294012458291,2970.729190822427,10.19369878943512
2023-01-03 14:03:00,2489.497899579916,63.26959708986273,22.59046878716062,139.30777890614982,5.301511215157803,914.3489080746583,3022.848826384611,10.224334991088794
2023-01-03 14:04:00,2489.8979795959194,65.97550983468516,21.366784350772775,141.57209882353905,4.890799816340724,896.8131573632828,2949.866134327978,10.193151142203845
2023-01-03 14:05:00,2490.2980596119223,64.26310168503844,22.166488206809827,140.03608549414656,5.2811186439038575,901.0088183308485,2984.4051900321974,10.225193570693417
2023-01-03 14:06:00,2490.6981396279257,65.74070996001187,20.10993049352514,142.7377258965231,5.137524065635918,896.1969892968837,2949.479471531519,10.175092225304338
2023-01-03 14:07:00,2491.098219643929,64.62599784056233,22.068970561178325,141.99686987330065,5.18871981867388,901.3818972749257,2974.6142779440956,10.19255696778464
2023-01-03 14:08:00,2491.498299659932,64.96311109913383,21.44135849532448,142.129025324076,5.006020376644213,900.8453587586125,2963.1610627910295,10.19293309790759
2023-01-03 14:09:00,2491.8983796759353,64.4748404834688,21.502341914699628,141.68157560511156,5.124544456557531,905.475070238444,2981.265623431999,10.233462838079879
2023-01-03 14:10:00,2492.2984596919387,64.13956446523908,21.77654950781215,140.85963155791853,5.365233407446913,911.1035464564177,2995.3557014765697,10.220353789364475
2023-01-03 14:11:00,2492.6985397079416,64.38405307914837,21.222642189883118,141.66085634118045,5.146762995931476,901.3857553037559,2994.546060951866,10.203531470075559
2023-01-03 14:12:00,2493.0986197239445,63.964066098586194,22.130780289007767,140.8134339882362,5.1628485988880914,899.430640501382,3007.8807194496817,10.223869234303631
2023-01-03 14:13:00,2493.4986997399483,64.57574476912139,21.71684810687895,141.42084454137338,5.122670248941409,902.3716442320577,2991.186347512431,10.214000535461922
2023-01-03 14:14:00,2493.898779755951,63.09176879095907,22.978411267754417,140.39991031488267,5.455255219610819,912.34461458368,3037.0892953403927,10.236871988788069
2023-01-03 14:15:00,2494.298859771954,63.39694962849703,22.262643988868223,141.18996037149353,5.333107760239786,904.4115105896609,3020.9208321489127,10.216961143502663
2023-01-03 14:16:00,2494.698939787958,63.582895611740646,21.2962458050709,141.02505388939448,5.303551929829759,904.4181102008304,2985.795735591306,10.206040168223717
2023-01-03 14:17:00,2495.099019803961,63.10951376175433,22.712861665041572,139.68448836773186,5.4601225151708705,908.9806317611466,3020.6213652658466,10.233237639561164
2023-01-03 14:18:00,2495.4990998199637,65.23410556104548,20.05360774040534,142.27535361318934,4.923195103531917,897.7933959288713,2957.731035170931,10.196867913029838
2023-01-03 14:19:00,2495.8991798359675,65.49391534949002,21.049485074482387,141.85020213833187,4.987885409543173,901.7749063066216,2962.2419087396447,10.191911382887353
2023-01-03 14:20:00,2496.2992598519704,63.415229713136014,21.423978408890584,141.17857378390676,5.231739024765279,904.5403228909084,2988.534983705641,10.213742682423982
2023-01-03 14:21:00,2496.6993398679733,65.57342723985238,20.557284447662877,142.87436497871508,4.8233054632145125,898.138388689201,2961.248720805446,10.176829192049741
2023-01-03 14:22:00,2497.099419883977,65.14008047639204,21.04449364175307,140.99637967412858,5.091372292042488,894.0400377265638,2979.2246941344565,10.171141399556191
2023-01-03 14:23:00,2497.49949989998,66.68476094531165,20.572060878963494,142.21348583574434,4.844048587683256,893.0773635584716,2954.4994073491157,10.164490823227279
2023-01-03 14:24:00,2497.899579915983,66.05885852645204,20.385448320421148,142.3912932999606,4.843222028744186,893.0481788719424,2936.0866239607185,10.156318017928331
2023-01-03 14:25:00,2498.2996599319868,64.4599004464887,21.95715475213044,141.98256866889074,5.293948972550885,899.9014022284397,2975.5819634114355,10.199080885533677
2023-01-03 14:26:00,2498.6997399479897,66.83765057722597,19.538110939652643,142.87469083385838,4.82652411960353,893.4763430365498,2918.6971210345523,10.172978542624936
2023-01-03 14:27:00,2499.0998199639926,64.42572323223547,22.07509747472872,140.65099892455046,5.243124829580775,904.5086993028349,2996.077588070603,10.229377576923586
2023-01-03 14:28:00,2499.499899979996,61.825653654959346,24.425257296401142,139.44717581519015,5.543022511008359,914.2627857122897,3041.514926765459,10.262553888590514
2023-01-03 14:29:00,2499.8999799959993,64.65952186319188,21.818359604555177,140.92086739053613,5.145095638283055,906.3834194223798,2973.7570780684096,10.20081049569083
2023-01-03 14:30:00,2500.300060012002,65.433237582265,20.875258908730558,141.8677392607806,4.896738666221239,900.1453349203995,2971.388738560722,10.18114561700813
2023-01-03 14:31:00,2500.7001400280055,64.2264638326947,21.374983938610207,142.50814132351402,5.1230804412597575,898.2424202385223,2978.5338476657835,10.20009948739887
2023-01-03 14:32:00,2501.100220044009,64.92913243732848,21.21859630926663,142.55944907058247,4.842198010280017,899.3032600455682,2957.3947715782674,10.202012186913672
2023-01-03 14:33:00,2501.500300060012,64.49432398621478,21.444693680167447,140.9986767111615,5.252994067468605,906.0791761601091,2981.3860569507,10.21809027855879
2023-01-03 14:34:00,2501.900380076015,63.84124742944064,21.997738944845302,141.17181141053703,5.216186688414653,904.0650062508922,2997.0773288766572,10.20196612478915
2023-01-03 14:35:00,2502.3004600920185,65.54534994000892,20.738355861195316,142.1274356559219,4.898479046189073,900.2056127073776,2945.3495305918177,10.175107844603271
2023-01-03 14:36:00,2502.7005401080214,62.61736704326063,22.28273180774002,139.35398283310627,5.294699958609576,911.5243584869961,3008.3920042751006,10.239933718875829
2023-01-03 14:37:00,2503.1006201240248,65.398852567887,21.032789584285126,142.45732271311817,4.994874598974849,898.3539689766478,2966.558486961778,10.203792566705493
2023-01-03 14:38:00,2503.500700140028,63.742320664437344,21.871697726871044,142.16903423671022,5.031618308678192,909.5494068062076,2990.846953289831,10.228991196339068
2023-01-03 14:39:00,2503.900780156031,65.30896628406593,20.301722941256163,141.99607458556096,5.01852354437607,902.4496166970107,2964.412392376335,10.16911338289148
2023-01-03 14:40:00,2504.3008601720344,62.92148810991113,21.851114335118925,140.31604296399365,5.243322250085663,901.2511756668232,3006.700488298229,10.20942923717658
2023-01-03 14:41:00,2504.7009401880377,63.25033727728612,22.004396811358752,140.47939184333114,5.434763148504587,907.3364202181857,3012.8907538001745,10.230415420013953
2023-01-03 14:42:00,2505.1010202040407,63.49867293126754,22.02130551214484,141.00368858573663,5.2476131567842845,903.577015751275,2987.900605736021,10.214792753082554
2023-01-03 14:43:00,2505.501100220044,64.5437756784288,21.351840571240075,140.94300847359546,5.112475779148191,901.2390603504036,2981.618038623982,10.19506725874023
2023-01-03 14:44:00,2505.9011802360474,63.788676581572034,21.34282433929929,141.14018004157987,5.160053971528555,900.3966018310324,2988.547112284218,10.201353406920655
2023-01-03 14:45:00,2506.3012602520503,64.73683195022763,21.18906471828118,142.20081899980156,4.9522186939229,898.1310768449808,2970.326789072931,10.204994340736402
2023-01-03 14:46:00,2506.7013402680536,65.24916764981488,20.952466228200834,142.33548458058644,4.879345189568886,900.2847198490388,2948.8938693594264,10.166809493857821
2023-01-03 14:47:00,2507.101420284057,65.03904041214086,20.740572925692405,143.00162891755372,4.917233780938405,893.5249392176127,2954.9974911108393,10.197490340384993
2023-01-03 14:48:00,2507.50150030006,64.04220392846638,21.649204711577866,141.83373985713945,5.02861645500779,901.4804874377526,2966.573193199099,10.19328406206671
2023-01-03 14:49:00,2507.9015803160632,64.17386518960517,21.217314248971718,141.16973325722603,4.987607176288318,896.7864693631449,2963.912601951827,10.20489958680105
2023-01-03 14:50:00,2508.3016603320666,63.41255058718747,22.619560834090088,140.57319933475452,5.20183233129542,909.617847217638,2995.902503798483,10.217473404442304
2023-01-03 14:51:00,2508.7017403480695,66.626568955,19.921717940243276,143.3069120566435,4.731493352818261,892.3576497524305,2929.9113428213386,10.139336146515086
2023-01-03 14:52:00,2509.101820364073,63.84018508873113,21.795833524744765,140.49619661027228,5.419417789585746,906.9005109392311,2990.2221189938896,10.216815788768255
2023-01-03 14:53:00,2509.501900380076,64.16750767638868,21.7269824301929,140.6747432462589,5.1022651900776,903.8300491861005,2966.4636513105856,10.198432736518088
2023-01-03 14:54:00,2509.901980396079,64.80956493918505,20.51405264721011,141.51542429033006,4.891426729271857,897.7563742207,2958.603873587291,10.18812525572191
2023-01-03 14:55:00,2510.3020604120825,64.07982780512924,21.879728178422738,141.28631847460986,5.1785702399886695,905.0393510653114,2966.6395834965238,10.218895537913223
2023-01-03 14:56:00,2510.702140428086,64.09843545582582,21.62714272702426,141.31872953433245,5.241425422407105,906.5945445966375,2966.1626437991367,10.197998389359892
2023-01-03 14:57:00,2511.1022204440887,65.58984900392723,20.821498347469028,142.95322332050702,5.062208629272564,894.3627054050337,2952.790597686405,10.180654283716887
2023-01-03 14:58:00,2511.502300460092,65.353305825715,20.49874305543162,141.9299980862457,5.096298014063016,889.3124048859506,2965.3790049083946,10.189042143996161
2023-01-03 14:59:00,2511.9023804760955,63.69124891601783,22.841096907531416,139.75037008674846,5.210632335832159,902.7614962355674,2995.9266360589927,10.219528447675131
2023-01-03 15:00:00,2512.3024604920984,61.65243355203169,23.312040723158663,139.57094439449313,5.559628220282552,909.3276720445998,3027.268183244985,10.25362546846598
2023-01-03 15:01:00,2512.7025405081017,65.16964921255429,20.395292846948763,142.92496645560522,4.856406615441849,901.480441241115,2956.867511870527,10.19096374044101
2023-01-03 15:02:00,2513.102620524105,65.1491204977362,21.148496033443912,142.23276883263293,4.901301029123373,897.3824880549339,2955.081165409904,10.187951190446176
2023-01-03 15:03:00,2513.502700540108,63.65335408251004,22.32544782810638,140.17064374148208,5.119541943606445,908.3183261343653,3006.8793822975013,10.221450271890816
2023-01-03 15:04:00,2513.9027805561113,63.18586160207315,22.06426297614762,140.19310537203557,5.246189747181922,905.0650866705985,2978.7966828345902,10.233577410979569
2023-01-03 15:05:00,2514.3028605721147,62.73717075282176,21.897006413667093,141.56246827596712,5.211745857169061,905.238843764612,2983.7174888875747,10.218099074629814
2023-01-03 15:06:00,2514.7029405881176,65.59211703967905,20.242792469197582,142.4714930998894,4.81632314411232,894.5531011939196,2950.661914482396,10.178623066248962
2023-01-03 15:07:00,2515.1030206041205,64.8274238775207,21.787236842047424,142.46936569558014,4.964044177941665,905.3656760055131,2967.9349143529325,10.19249867293309
2023-01-03 15:08:00,2515.5031006201243,63.66717580247363,21.855691212195076,141.5318453934326,5.240695687517456,904.3649238207413,3003.9295620208827,10.222359841627535
2023-01-03 15:09:00,2515.903180636127,63.22168950233122,21.752804624049368,140.42140094270502,5.001290325441873,909.4580952998808,3002.0753908421943,10.223616497968404
2023-01-03 15:10:00,2516.30326065213,62.71051959628275,21.187974561008303,141.35958763619118,5.22332635207556,909.4420461900453,3007.522391592463,10.229404884895477
2023-01-03 15:11:00,2516.703340668134,63.45188057368254,22.109569559691924,140.54384973186797,5.1880792409038925,904.4763017895049,2973.589103231985,10.199564127199118
2023-01-03 15:12:00,2517.103420684137,62.83555435461068,21.824633315133795,140.15592406626567,5.023928014781736,905.4805728184128,3003.8051296281446,10.245299521116753
2023-01-03 15:13:00,2517.5035007001397,63.18803175022323,21.860702442715347,140.6760110453937,5.214713029055803,903.2285201737824,2978.5892033790865,10.219887847070195
2023-01-03 15:14:00,2517.9035807161436,63.540530140354974,21.51595274504549,141.62569229384562,5.130386727845292,907.4418085303741,2990.7223398877345,10.222927942777615
2023-01-03 15:15:00,2518.3036607321465,62.37920348311656,22.610103862114613,140.69460693712708,5.445559943678812,907.2773438684586,3009.6796951899983,10.232454473589044
2023-01-03 15:16:00,2518.7037407481494,63.70953121648739,21.669492014932718,140.90291211364746,5.378115614785826,902.2422913026923,2989.5366809834345,10.218688121892253
2023-01-03 15:17:00,2519.103820764153,63.710968621908805,21.694098528578298,140.16928320787716,5.210050633678235,903.5678745243694,2976.1793274915512,10.21510262383249
2023-01-03 15:18:00,2519.503900780156,62.45883799429176,22.408784469799265,140.04570309618157,5.335380759654089,902.58170610353,2977.4852272944468,10.214701374414354
2023-01-03 15:19:00,2519.903980796159,66.57459050033178,19.72599930515369,142.9122710468576,4.8081083118878905,888.9572349576138,2926.2763954302654,10.159470033860426
2023-01-03 15:20:00,2520.304060812163,63.05285464337494,21.766145111571248,140.22445980196034,5.277053423950981,909.1580255008272,2990.489781300066,10.225318973550179
2023-01-03 15:21:00,2520.7041408281657,63.95518458727138,20.72001070576428,142.0911840643579,4.905744185231662,901.3631484992876,2955.502873731161,10.19070431873366
2023-01-03 15:22:00,2521.1042208441686,61.95884354601634,23.10731861895397,140.97547587474907,5.2512593771920155,909.5336746931874,2999.6750213896075,10.256054967048282
2023-01-03 15:23:00,2521.504300860172,64.24057551994986,21.50844425065339,142.20519474599004,5.062521410505334,902.6991990583903,2941.721287478253,10.18723397905745
2023-01-03 15:24:00,2521.9043808761753,63.39573508477869,22.35637458331415,140.3906524021647,5.169774522406721,911.5095785621833,2996.441783650249,10.22296986272234
2023-01-03 15:25:00,2522.304460892178,61.98045945012465,22.66704397460819,139.68489549032446,5.538075375907889,911.5855160018325,3013.2604618463956,10.249939321266076
2023-01-03 15:26:00,2522.7045409081816,63.50969602266412,21.91891270398678,141.1282353859339,5.07061352669241,907.0567741457306,2973.8845309346707,10.210004895052
2023-01-03 15:27:00,2523.104620924185,64.91250803926759,20.469943871161423,142.19178232203947,4.98251465887224,901.737910892224,2965.536775353987,10.200357773546944
2023-01-03 15:28:00,2523.504700940188,61.511670021203805,22.53876820802481,141.18599383479818,5.214019529176711,907.614551371122,3016.1342701530375,10.233744288901857
2023-01-03 15:29:00,2523.904780956191,62.93845968981538,22.31300839996494,140.59939934309224,5.201778500725324,906.5654799677061,2997.146344394069,10.219707285184995
2023-01-03 15:30:00,2524.3048609721945,61.47957525178427,22.117985047151397,141.0277620944702,5.266402252720415,910.9050022821294,3005.3454177961416,10.236105098243746
2023-01-03 15:31:00,2524.7049409881974,63.05568155823309,22.432969708234367,142.24684284820236,5.0726216987426485,901.6282477832012,3006.127888444733,10.207595756637968
2023-01-03 15:32:00,2525.105021004201,63.33172678650311,22.41742807632709,140.80562704542152,5.198926138195692,897.2855345756664,2984.1603270800097,10.231605929227253
2023-01-03 15:33:00,2525.505101020204,63.275985368526186,21.705852541662967,141.30042633951456,5.033520995740204,899.6496561860992,2962.88372692621,10.204645635671504
2023-01-03 15:34:00,2525.905181036207,63.57058344544783,20.94665794237994,141.58352391165502,5.297426541220214,894.0698811817654,2970.6292605011804,10.207313041773057
2023-01-03 15:35:00,2526.3052610522104,65.67347914012568,20.77047288782808,142.24034101764272,5.021618609740966,895.6925795754167,2955.2018314815978,10.18643733567015
2023-01-03 15:36:00,2526.705341068214,62.727833051784195,22.10509586336927,140.9529406391687,5.279857450639996,899.1074902671597,2995.9501374311703,10.20729785828087
2023-01-03 15:37:00,2527.1054210842167,64.56511819228668,21.04634312888731,142.05894713170738,5.055258046723345,904.0419854396508,2968.2875557289112,10.186424622174865
2023-01-03 15:38:00,2527.50550110022,63.05057083701084,21.908276949283923,140.26316514114828,5.202432715243566,901.2329862732884,2987.346306765327,10.20435228906887
2023-01-03 15:39:00,2527.9055811162234,63.01039661552567,22.15005253807909,140.85575156921615,5.130377138447105,905.9144590018185,2978.060652704545,10.207399527283759
2023-01-03 15:40:00,2528.3056611322263,63.290910144447864,21.5358257309979,141.1803831050063,5.459015673544662,907.2076642067776,2997.655364726734,10.229723342427635
2023-01-03 15:41:00,2528.7057411482297,63.04069944829195,22.492691264273017,141.04207840261338,5.27425578584941,909.3968154517107,3001.9147360076236,10.244796834874142
2023-01-03 15:42:00,2529.105821164233,63.12558243440169,21.048223553853155,142.52298808910086,5.047466696003408,896.9138090304534,2975.905604178966,10.208169166698783
2023-01-03 15:43:00,2529.505901180236,62.12951179318399,22.219442618778523,139.85289074073242,5.233495517783094,911.2997469513439,3001.902673551066,10.244347019644103
2023-01-03 15:44:00,2529.9059811962393,62.5797947567667,22.41077880867448,140.11182220252908,5.355335597276464,909.5402618753553,3004.7777374184925,10.231314806997286
2023-01-03 15:45:00,2530.3060612122426,60.970592513030525,23.745591369725254,138.2752720274767,5.686932552887872,916.6966912247468,3018.0670487150564,10.261467459544075
2023-01-03 15:46:00,2530.7061412282455,62.23266768969035,22.66903059171317,139.56579817385852,5.499203870390639,915.6186881886572,3025.074212414819,10.254085744964177
2023-01-03 15:47:00,2531.106221244249,63.471411859211976,21.80194703282371,140.35125483610804,5.073295339585472,906.0079777512991,2994.754483528735,10.214591129627854
2023-01-03 15:48:00,2531.5063012602523,63.23662600705655,22.112245477291772,140.4209373838336,5.1908953475760375,903.309456632518,2998.8978417242733,10.236887257654923
2023-01-03 15:49:00,2531.906381276255,63.183885368216366,21.69999565089371,141.02663652115092,5.294115998775943,906.1384043039614,2985.5829137294963,10.216287688300476
2023-01-03 15:50:00,2532.3064612922585,62.26508927265191,22.926538585021948,140.68338698723267,5.52959516610876,903.7053000926653,2994.7358234072467,10.232786562569233
2023-01-03 15:51:00,2532.706541308262,62.37386474374149,22.144752658133967,140.36087912323342,5.291627656748997,907.6683929611922,3020.335245933007,10.232537202605986
2023-01-03 15:52:00,2533.106621324265,62.26604981667948,22.64924904443451,140.81346568795573,5.411987958824072,905.9490802387866,3016.0946217100177,10.235716391341734
2023-01-03 15:53:00,2533.506701340268,63.10118429468931,22.082083537023536,140.97463438088093,5.071245108348039,905.5111340533031,2996.1413527385116,10.224870704737866
2023-01-03 15:54:00,2533.9067813562715,64.36332619033192,20.769888788910144,141.54078350154236,4.886534443945603,894.3029437088675,2970.001944748917,10.178957540797377
2023-01-03 15:55:00,2534.3068613722744,61.90368703488646,22.577436128702082,139.21417016865442,5.303290321066283,906.3159051450418,3027.4432891035817,10.247063761960847
2023-01-03 15:56:00,2534.7069413882778,61.61076926411771,22.85546833021749,140.0925017776008,5.5010782110233505,910.6480882186347,3032.2570798118004,10.240774598108343
2023-01-03 15:57:00,2535.107021404281,62.31234107022809,22.286810349432844,141.314847635647,5.2922565667825205,907.2981198428641,2994.9954864684532,10.231760968633129
2023-01-03 15:58:00,2535.507101420284,63.858434589079266,21.31584820376815,142.90682797990652,5.085329911753607,899.9943244979737,2969.8451224540286,10.191618355399784
2023-01-03 15:59:00,2535.9071814362874,62.16368882316035,22.349410694353153,141.29936954711107,5.358389122978046,910.3334446811773,2999.171363286228,10.194592028087119
2023-01-03 16:00:00,2536.3072614522907,60.92029202171734,23.138869941163136,140.49981588683218,5.400954087432453,913.4397530683552,3024.805028500147,10.278968429000708
2023-01-03 16:01:00,2536.7073414682936,63.42087429465193,21.691672190423173,141.46906440603163,5.157760157291985,904.7982894808739,2991.1750025832057,10.205127007946915
2023-01-03 16:02:00,2537.1074214842965,63.09663376099972,22.14375847870441,140.98204914709402,5.102813812994448,904.8386369925038,3000.9427352486186,10.215655688781304
2023-01-03 16:03:00,2537.5075015003004,61.885017637406996,22.201514162885406,140.99701965644198,5.329049423589173,901.1656428044389,2994.029202761416,10.237983633617716
2023-01-03 16:04:00,2537.9075815163033,61.096582894210954,23.245045976757872,139.89549004699066,5.537489149749418,911.1220009096374,2992.005436428521,10.239828021348595
2023-01-03 16:05:00,2538.307661532306,62.28873758139375,21.908869344980275,140.97857929006275,5.306596595401175,912.3174039930856,3010.393935786957,10.215234874628557
2023-01-03 16:06:00,2538.70774154831,61.8403793825255,22.295758301261326,140.35932074513332,5.294409431624474,907.892026383061,3008.5338438690715,10.229357343800183
2023-01-03 16:07:00,2539.107821564313,61.2647669147378,23.18735635910163,140.10714362030913,5.326564489888087,913.1178656794397,3032.5357453931206,10.239624319635213
2023-01-03 16:08:00,2539.507901580316,61.94584705998,22.292736801758416,139.7234440706434,5.209419184569439,912.7290139237493,3003.560298487602,10.23423360475758
2023-01-03 16:09:00,2539.9079815963196,62.81685017027902,22.378564479723558,140.8811927219436,5.307746160187039,908.7568690169458,2981.0714883699347,10.221515075035231
2023-01-03 16:10:00,2540.3080616123225,63.67278177173048,20.569119820194135,141.9000782080936,4.9767009023549615,897.6129978729789,2951.4054638319526,10.176725297554345
2023-01-03 16:11:00,2540.7081416283254,62.52430374039224,21.860141893587322,140.9867279246718,5.4084684847284565,902.212648886186,2995.370658603928,10.237269239216419
2023-01-03 16:12:00,2541.108221644329,60.04274105780306,24.548685162068068,139.17879518006612,5.609459294555525,916.4581190481035,3040.8182878282064,10.266037090483868
2023-01-03 16:13:00,2541.508301660332,62.20712552394229,22.544297916905666,140.7596985414396,5.3425550495741945,907.0279228078682,3017.937861327463,10.24440344749663
2023-01-03 16:14:00,2541.908381676335,62.43895290726109,22.664397666039697,141.1747001244513,5.357168819605682,907.2211358483341,2989.0267156680243,10.241668536058762
2023-01-03 16:15:00,2542.308461692339,62.74979603711207,22.402294643149485,140.4927477558498,5.4012513588942515,903.094671320132,2999.673986274063,10.22575622416075
2023-01-03 16:16:00,2542.7085417083417,63.148306754513804,21.710052369360945,141.6710562871292,5.045014284877997,900.8913189280108,2976.126116796815,10.210923232071659
2023-01-03 16:17:00,2543.1086217243446,63.16730715697484,21.75948467435236,140.82403624141344,5.157491804864059,905.8191792446935,3015.947144646946,10.216759913696016
2023-01-03 16:18:00,2543.508701740348,60.80356357015176,22.938121762304785,138.9066132786008,5.387540738784427,909.356696419751,3010.4845531293336,10.236045612996751
2023-01-03 16:19:00,2543.9087817563513,61.080648581237035,23.224244153105754,140.1637147428397,5.348460853519875,908.6782367871637,3025.2090452193643,10.26523306383379
2023-01-03 16:20:00,2544.3088617723542,60.980183099334454,22.913887052442245,140.3636662382799,5.517375467918627,907.2082920886127,2998.9366666857914,10.243919545484307
2023-01-03 16:21:00,2544.7089417883576,61.736031630317996,23.0221594198916,140.66389845153552,5.388870095879668,909.0988911122015,3015.9033354821854,10.24007304723331
2023-01-03 16:22:00,2545.109021804361,62.28727855824353,22.225937436527683,140.87442169312288,5.2170444763224255,898.5167066142772,2983.4669002111905,10.208171324783534
2023-01-03 16:23:00,2545.509101820364,61.30780492246464,22.58009032113269,139.21740171790736,5.437324412749953,908.484119790881,3027.1598882986473,10.254639520355958
2023-01-03 16:24:00,2545.909181836367,61.794973592285636,22.16237123474897,140.54990277005518,5.292970594699466,910.2165703553131,3009.862135165182,10.23364963681143
2023-01-03 16:25:00,2546.3092618523706,62.07907826689699,22.706124588830228,140.99214855938425,5.2756496359225835,908.6032957919691,3004.7456485105886,10.239592299212848
2023-01-03 16:26:00,2546.7093418683735,61.916795591270684,21.918615812928135,140.73186198184908,5.233511274572298,909.2126890328934,2989.583183215396,10.240737309686677
2023-01-03 16:27:00,2547.109421884377,60.40375253160033,23.30109531728538,139.71331456871889,5.619412560523662,906.5945865137884,3021.822974172877,10.248267400339689
2023-01-03 16:28:00,2547.50950190038,61.238157686774116,22.561312691712903,139.57334366460975,5.271862730021171,907.2275172741954,3002.8220022034448,10.203647241851474
2023-01-03 16:29:00,2547.909581916383,60.36849382249909,23.764702426967194,138.97716365582255,5.434078164473106,913.4596920648816,3038.566005088486,10.26419543726286
2023-01-03 16:30:00,2548.3096619323865,63.913497926549304,21.172269177433428,142.1913366093135,4.985522379590639,900.83556795551,2955.5693244479285,10.189646691628397
2023-01-03 16:31:00,2548.70974194839,62.58211634609972,22.197628416042193,139.7705989240081,5.501729730067156,910.6473644700891,3012.1325481436506,10.233542846934379
2023-01-03 16:32:00,2549.1098219643927,59.99148653861189,23.649027434603045,138.979045096528,5.521239699552427,918.7248670162796,3049.322735910696,10.291033752965633
2023-01-03 16:33:00,2549.509901980396,62.37152811159119,22.121339570260105,140.74103647732903,5.331232687840684,904.8665603366765,2983.6739803825376,10.227857958032276
2023-01-03 16:34:00,2549.9099819963994,61.6119715411679,22.22575981504982,141.5232276770814,5.186577368023348,903.6143753078845,2989.1837265511717,10.228478020946236
2023-01-03 16:35:00,2550.3100620124023,62.59448934582549,21.701946618102216,140.91463455359647,5.309546381239269,911.5262771786687,2999.9562645537126,10.235549246597806
2023-01-03 16:36:00,2550.7101420284057,63.34371312994026,21.445744739679036,142.08287471004007,5.1618997848767405,900.4112185403087,2984.0203027635152,10.188107839924758
2023-01-03 16:37:00,2551.110222044409,60.75692380584631,22.867147192420983,140.0188690934271,5.2733102590416925,908.3558850468424,3013.319995097741,10.241059906115744
2023-01-03 16:38:00,2551.510302060412,62.13003194288025,22.114974649129028,140.5195704491074,5.122872768741293,904.7153281080808,2993.6153499536595,10.233267560705551
2023-01-03 16:39:00,2551.9103820764153,61.042813270529216,22.68376469588778,140.11275440610893,5.416557940812339,912.4338356341552,3016.4683281184907,10.22861779354488
2023-01-03 16:40:00,2552.3104620924187,60.6512051501592,22.451229360176363,139.5837428453244,5.415562697670044,907.8266292573004,3017.8440887307524,10.25218943166817
2023-01-03 16:41:00,2552.7105421084216,62.64628442672171,22.19511042225761,141.03222007060532,5.2782077066229665,905.2485207977661,2978.4446665583837,10.21765565590832
2023-01-03 16:42:00,2553.110622124425,61.474863257657475,22.308615014511695,140.3910949830671,5.327892874990069,903.9374734294901,2992.039963648572,10.235322676118539
2023-01-03 16:43:00,2553.5107021404283,59.411633920976776,23.82001579802992,139.0093690740384,5.49965985095667,918.3320291412867,3046.8724778909987,10.276283156007834
2023-01-03 16:44:00,2553.910782156431,60.9865887214326,22.65761677068812,140.31696856247052,5.455933949384362,909.9135116873159,3016.307809529934,10.237849902401882
2023-01-03 16:45:00,2554.3108621724346,62.05625951596073,21.367022377994857,142.08736758935157,5.224190909817518,906.2218244310593,2960.393790206594,10.21866450288489
2023-01-03 16:46:00,2554.710942188438,61.545343135462055,22.14999120560402,140.85798733917363,5.3257906372654,912.4401043976543,3004.556167634048,10.236714378523358
2023-01-03 16:47:00,2555.111022204441,62.16486536123096,21.90466736747225,140.29549172340103,5.315730845551403,902.3191704548088,3007.9422206547774,10.222319787620021
2023-01-03 16:48:00,2555.511102220444,61.54139323785445,22.432146050596746,140.80999144927165,5.37411605995708,904.2738180957662,3002.480774997459,10.22809748770318
2023-01-03 16:49:00,2555.9111822364475,61.24271188072379,22.216495465787713,141.57448916191822,5.195035549764684,905.1645734398779,3003.233529122913,10.234226100337253
2023-01-03 16:50:00,2556.3112622524504,60.707069650687544,23.127006533242362,140.1650571591843,5.513684411269327,911.8712880248812,3041.0906976724195,10.265352927378283
2023-01-03 16:51:00,2556.711342268454,60.9326911864219,22.34746178642502,139.341764000672,5.560576184480148,911.5291667709383,3012.4750637929374,10.244486097941332
2023-01-03 16:52:00,2557.111422284457,61.2510005198959,22.917936729343662,139.61436271715908,5.4651330981286375,908.9390749337265,3017.7949006116537,10.2657050596602
2023-01-03 16:53:00,2557.51150230046,61.20671620423942,22.704248271757308,139.98987509858594,5.289161393102674,905.92342545675,2994.3159022221207,10.22797954382212
2023-01-03 16:54:00,2557.9115823164634,60.163420815533144,22.79248478763711,140.3753282526706,5.723245178705938,915.7160254800535,3019.5209330373136,10.24478265086065
2023-01-03 16:55:00,2558.3116623324668,61.83327095254147,21.95532412485427,141.51219461545406,5.24820308411123,907.3146442420951,2989.7721510208116,10.209367763189382
2023-01-03 16:56:00,2558.7117423484697,60.71741632546681,22.543408300289236,139.67296847135452,5.5596703185810545,911.8656380759384,3025.5509376285195,10.250335868312325
2023-01-03 16:57:00,2559.1118223644726,62.0758997558032,21.71521873171102,140.83540653596634,5.123462585360089,897.6369926754146,2978.292001647935,10.215359347435786
2023-01-03 16:58:00,2559.5119023804764,60.275431627574605,22.862861869575987,139.88918645248387,5.552298128207477,915.2301262220162,3032.563815931944,10.255250808611077
2023-01-03 16:59:00,2559.9119823964793,61.5064785501481,21.92556383100695,141.22604334213224,5.104470584444027,904.4511059782923,2974.0361025069274,10.207658168549047
2023-01-03 17:00:00,2560.312062412482,60.94147253132955,22.661459198030755,139.90814970633565,5.36465401177607,908.0764052006482,3012.6810444692933,10.260577767933793
2023-01-03 17:01:00,2560.712142428486,61.79149188011286,22.734959452464217,140.52792653177673,5.214619417423739,904.5691328378228,3004.787549076406,10.245534545108118
2023-01-03 17:02:00,2561.112222444489,60.71122865542873,23.1721489136359,139.08482609664736,5.647596255778682,910.0334284076516,3024.264708031244,10.244208296415392
2023-01-03 17:03:00,2561.512302460492,61.62613750592577,22.197497520050966,141.54020917303583,5.198676288988727,902.8869729446077,3002.405084708328,10.221859242657438
2023-01-03 17:04:00,2561.9123824764956,62.041068006699454,22.138797139920435,139.81372535916918,5.155530487261014,900.7929134511775,2990.7375032326904,10.229676125426536
2023-01-03 17:05:00,2562.3124624924985,62.06732906182696,21.547222007193227,140.23613888649183,5.183109156078615,901.836592778878,2982.089170373042,10.223200542419114
2023-01-03 17:06:00,2562.7125425085014,60.553567337025584,22.861342217362886,140.6066062403001,5.386074068034566,903.7665483159931,2996.657494237085,10.223085391606052
2023-01-03 17:07:00,2563.1126225245052,59.66614108521654,23.545300711469743,139.20923768567735,5.4513434779339836,911.6571559028857,3021.3520985871455,10.238028468303956
2023-01-03 17:08:00,2563.512702540508,62.226151873460836,22.315416770468797,140.6457974602354,5.1411406569650655,902.1527510862753,2991.5664474162954,10.210922497065757
2023-01-03 17:09:00,2563.912782556511,60.45385100146667,22.985156251221383,140.0857986162688,5.508652373823545,912.7068978506495,3023.7855589658875,10.263414714535275
2023-01-03 17:10:00,2564.312862572515,60.87951940921976,22.072220221183972,140.97320212740385,5.404881798559583,902.1329862683667,3003.586737906581,10.224386399653307
2023-01-03 17:11:00,2564.7129425885178,57.96559105128769,24.56905914941884,138.66288824363482,5.517627916216684,921.5725639157066,3056.2693918409464,10.29488241465501
2023-01-03 17:12:00,2565.1130226045207,59.12860101953198,24.077483480377637,139.98595521295337,5.524750619846019,918.6143570229999,3038.792193969782,10.282997227286959
2023-01-03 17:13:00,2565.513102620524,62.5484084802857,22.17663821326249,141.43060587520637,5.090711738603872,899.288144852187,2982.5680682281477,10.205278400566558
2023-01-03 17:14:00,2565.9131826365274,60.603321355623976,22.341199832908913,140.9078703361485,5.295871617513281,908.7277728282958,3026.461407987703,10.248900176578983
2023-01-03 17:15:00,2566.3132626525303,60.837464998418234,22.654303064200672,140.7437447763568,5.338294299643859,904.7441429827356,2987.0921288633403,10.219590784640184
2023-01-03 17:16:00,2566.7133426685336,63.845929221496554,20.445368328115578,143.78496850235052,5.01141893565363,896.706176900333,2925.759360651324,10.163704744901677
2023-01-03 17:17:00,2567.113422684537,61.87956672659716,22.180871808532515,141.24570178335514,5.223329308914218,912.0532036196677,3003.92859605384,10.206337287918288
2023-01-03 17:18:00,2567.51350270054,58.03533718268975,24.775262847436647,138.6556225043606,5.870329903175138,922.3455142696788,3044.6109028877077,10.291960192236125
2023-01-03 17:19:00,2567.9135827165433,59.22635385534894,23.80926110233642,139.6258578006447,5.4190208518945635,912.7867347213775,3021.210888727775,10.262733510161812
2023-01-03 17:20:00,2568.3136627325466,61.141886459951365,22.516912675667278,140.07161148802874,5.418477274496409,909.9987905857835,3016.618560143952,10.265838695745847
2023-01-03 17:21:00,2568.7137427485495,60.76055118521913,22.8238522862282,140.00519608971194,5.326722216065174,914.5796852531867,3002.872344928163,10.246367460994218
2023-01-03 17:22:00,2569.113822764553,59.81935909715229,23.176433986091862,138.88720295775943,5.564308845847032,915.0958467951813,3044.353004270277,10.272026357194552
2023-01-03 17:23:00,2569.5139027805562,58.94674736609298,23.717093559273415,138.73822092487737,5.426809474796928,918.8666197873521,3041.1019834434696,10.282257601633702
2023-01-03 17:24:00,2569.913982796559,58.2965229801416,24.75053183519204,139.49110170344773,5.62166081637122,921.7667589251979,3055.6908480498596,10.295405021976851
2023-01-03 17:25:00,2570.3140628125625,60.9098485337825,22.69606631211636,139.9987002158146,5.334042806136001,907.5579319603902,2992.4317717867375,10.241899397376402
2023-01-03 17:26:00,2570.714142828566,60.35887602461077,22.772816989854583,139.9658003538904,5.290064788872537,908.9125809191081,3010.990638130785,10.24152431413388
2023-01-03 17:27:00,2571.1142228445688,61.2344579712802,21.748962569661295,140.9791556288823,5.16205166314365,901.2155343174719,2973.3970541503168,10.223975432096482
2023-01-03 17:28:00,2571.514302860572,59.232053372593,24.13994940289753,138.9443284758448,5.822479674118169,914.5177793480563,3019.3295497755607,10.304343972827661
2023-01-03 17:29:00,2571.9143828765755,60.286450973408094,23.18878357909627,140.2200992221565,5.424305945920498,907.963206571019,3000.3721578201103,10.25107555180231
2023-01-03 17:30:00,2572.3144628925784,59.89038032671308,22.78011788738229,139.39368823498876,5.587364457134907,911.9478441087323,3037.951939190732,10.255874658597628
2023-01-03 17:31:00,2572.7145429085817,61.57773513882179,22.08279897624392,141.17483283976352,5.134441442848724,905.5778002381415,2982.03475105384,10.214357496024613
2023-01-03 17:32:00,2573.114622924585,60.780932010528645,22.665660274421494,140.84847550663207,5.222468360397047,908.8920481127636,2994.9274363770583,10.24085081858643
2023-01-03 17:33:00,2573.514702940588,59.677446554145945,23.618253039029035,140.3011765095846,5.480556728083814,913.418406116325,3024.63571030412,10.26113601838958
2023-01-03 17:34:00,2573.9147829565914,60.19036847220448,22.985587014383803,139.99636383475624,5.239427117067027,912.0670071625378,3035.44368335458,10.246687912425513
2023-01-03 17:35:00,2574.3148629725947,60.112789858249286,22.9638106970435,140.4871665278498,5.307483830106192,908.5278565621394,3022.7457510626523,10.228735206182018
2023-01-03 17:36:00,2574.7149429885976,59.73228704244882,22.77024456455023,139.5121153344649,5.421985956983784,912.5504273959039,3006.390695316574,10.224808984408494
2023-01-03 17:37:00,2575.115023004601,61.97748732043687,21.3095507065674,141.33008678593617,5.039169201769819,904.3839892691309,2963.390164053271,10.18958444064966
2023-01-03 17:38:00,2575.5151030206043,59.6169389198416,23.580128120300223,139.11611067129567,5.514473508243975,913.811411034911,3016.6277189950997,10.25949777367559
2023-01-03 17:39:00,2575.9151830366072,59.43475419237178,23.033497161023217,139.92416657470585,5.48817340713164,909.5086897601291,3008.9763158548335,10.252220727409457
2023-01-03 17:40:00,2576.3152630526106,59.8838475884329,22.82536952797761,139.79742170056187,5.247904071691986,912.3490175217579,3016.0504306146026,10.247734394556606
2023-01-03 17:41:00,2576.715343068614,61.96515852444012,21.469142866119963,140.309723164945,5.090624751581684,906.0392029886461,2984.7719832968073,10.221527932610245
2023-01-03 17:42:00,2577.115423084617,62.252067046065406,21.439430878058143,141.3470044997531,4.865140039737648,903.7064313926641,2964.4684115986934,10.198804546987654
2023-01-03 17:43:00,2577.51550310062,60.63996158706248,21.85331515031892,139.67879297135877,5.261945949731707,912.2708528029053,2988.8217325281817,10.223500667655276
2023-01-03 17:44:00,2577.9155831166236,60.985451447325254,22.850641521744482,140.6581115692711,5.491530675314648,912.9936571152905,3039.823268960186,10.255375175350947
2023-01-03 17:45:00,2578.3156631326265,58.884034905985644,23.415334727352402,139.32495840934402,5.65165503270142,917.8677801773362,3034.6215971480183,10.264149560848194
2023-01-03 17:46:00,2578.71574314863,57.512475628091764,25.43291320818618,138.28985406697825,5.912989047040492,923.2375315567208,3066.847204468315,10.305152023652854
2023-01-03 17:47:00,2579.115823164633,59.344917969070146,23.19331358805627,139.26090468389066,5.6608195600908395,912.4152396897891,3041.9385699037425,10.271039598255422
2023-01-03 17:48:00,2579.515903180636,58.2488045222826,24.686934991140674,137.82770133892507,5.796262481132521,923.4666274049175,3047.1382348746497,10.306815257339066
2023-01-03 17:49:00,2579.9159831966394,60.00926060773326,23.482953652490007,140.5453563544966,5.4365994954727315,908.123461300557,3016.42637856367,10.259166837586438
2023-01-03 17:50:00,2580.316063212643,59.480024569165664,22.643512766921887,140.2086158649173,5.3199470297794065,915.5403544096271,3009.82064950046,10.254716790071633
2023-01-03 17:51:00,2580.7161432286457,58.82421223958542,23.444571000686455,140.0347677657529,5.375032819092452,920.039728926226,3042.7215783935876,10.269754523475846
2023-01-03 17:52:00,2581.1162232446486,57.512816127256535,25.04201193538261,137.81167858861792,5.962581937512814,922.5006947630752,3059.3805765655306,10.317169787552302
2023-01-03 17:53:00,2581.5163032606524,57.12234330290369,24.122867997415206,138.2970677508407,5.732112040693993,923.0732123171391,3057.4307018048926,10.292835605692066
2023-01-03 17:54:00,2581.9163832766553,60.79123712502714,22.714739806845184,140.54195604222232,5.546924851238954,912.5895630282406,2998.127920328228,10.269261393961205
2023-01-03 17:55:00,2582.316463292658,60.2418892326089,23.150449609996627,140.63242779776363,5.294283869069707,906.2250210525826,3009.524641592769,10.25514473174649
2023-01-03 17:56:00,2582.716543308662,60.314921585707744,23.480846579809494,140.15893839606082,5.641733660399808,907.9048245080398,3027.8263556217366,10.251827301913407
2023-01-03 17:57:00,2583.116623324665,58.26612034726089,23.59380227498031,140.7736247850213,5.585489958341301,916.905629429431,3050.760439776368,10.293982864820205
2023-01-03 17:58:00,2583.516703340668,59.25004659873037,23.482587907663955,139.15590577417126,5.499940763720575,915.4175447487374,3028.474894524932,10.266051458517591
2023-01-03 17:59:00,2583.9167833566717,59.57065581990084,23.441986032994276,138.79132165979854,5.519569585067434,918.1057416552426,3016.7125537509733,10.272725260605911
2023-01-03 18:00:00,2584.3168633726746,60.47008362914501,22.475195077185088,139.85918498646691,5.355612099117481,909.6368078992316,2985.222884248011,10.261541949925213
2023-01-03 18:01:00,2584.7169433886775,58.58504135715214,24.545386463440284,138.89723154602373,5.618846186406677,912.6586716585255,3048.5853408101416,10.287093849548986
2023-01-03 18:02:00,2585.1170234046813,58.871506298736904,23.31709526112619,140.2831218927133,5.4683245079277505,911.9755664546777,3032.1509782610174,10.265802400410378
2023-01-03 18:03:00,2585.517103420684,58.73206198411315,23.658737517628047,139.1317649769408,5.404252747650346,917.5837259210574,3041.191747666006,10.270553745753498
2023-01-03 18:04:00,2585.917183436687,59.672231181950174,23.45706202533299,140.8108172658025,5.330212478486734,905.2033711200729,3032.831595592412,10.239483532205401
2023-01-03 18:05:00,2586.317263452691,58.86130289144941,24.069654471258758,139.3205609798921,5.71838474213693,911.8297241894079,3042.106317855271,10.274003996385108
2023-01-03 18:06:00,2586.717343468694,58.11101413226387,24.319635318770548,139.51781909929448,5.550531932211297,915.6879178291119,3046.250569230937,10.272527670471517
2023-01-03 18:07:00,2587.1174234846967,59.4708972404274,23.14755623638806,139.77419421501864,5.335839657587452,916.0599214044947,3013.8766067040565,10.260279613890614
2023-01-03 18:08:00,2587.5175035007,59.532212359709014,22.784358047538635,140.24621205081962,5.298855948262963,909.85299211433,3031.3970227581,10.247200449766439
2023-01-03 18:09:00,2587.9175835167034,60.46000131539959,22.099764078191534,140.9646757150578,5.280332614740051,908.7842621551289,2999.338544092244,10.242237878046161
2023-01-03 18:10:00,2588.3176635327063,59.728659630154574,23.455223389553865,139.50180083321402,5.3872942838545015,912.1010402517038,3014.2271038093613,10.252359192856257
2023-01-03 18:11:00,2588.7177435487097,59.65324782201293,23.23418511889063,139.85553107117067,5.359782259382793,909.6326813157758,3015.1882239418237,10.240032057210984
2023-01-03 18:12:00,2589.117823564713,58.886723072889865,23.65905497365491,139.3357862086729,5.51860192449078,913.7660661345833,3059.0427770409865,10.284041967268852
2023-01-03 18:13:00,2589.517903580716,60.54013654301888,22.451594756648255,141.40968858423346,5.422495606235448,910.7912019561392,3026.3084493248866,10.243792975903231
2023-01-03 18:14:00,2589.9179835967193,59.4558179234091,23.021999562119657,139.11147680573524,5.49135004376663,907.759718074955,3010.1132464207567,10.251109909660677
2023-01-03 18:15:00,2590.3180636127227,59.10178765808478,23.340567572823698,138.18067241947284,5.812821823661071,914.8266482431455,3049.8799766350635,10.280151069228996
2023-01-03 18:16:00,2590.7181436287256,58.568694349122,23.668475387195244,138.99750607136255,5.567129305953032,919.3503497421318,3043.240568163322,10.27349835713991
2023-01-03 18:17:00,2591.118223644729,59.16834027527947,23.951503762142867,139.79589964253307,5.544075593647395,912.7378183775778,3045.729892448169,10.26945386731302
2023-01-03 18:18:00,2591.5183036607323,60.096959312341895,22.95910119726012,139.80396129424645,5.583057664549486,907.4577273169193,3025.3465430516962,10.272190491511381
2023-01-03 18:19:00,2591.918383676735,58.86605595585695,23.553701754308012,138.88952788094596,5.569692397576371,907.5500593042442,3036.83704076472,10.26439592567055
2023-01-03 18:20:00,2592.3184636927385,57.89843659616092,24.11634781420802,138.53079324188593,5.6494125917316635,921.6332192727151,3070.1131459937146,10.291204183011251
2023-01-03 18:21:00,2592.718543708742,59.63586212048719,22.76910465315005,139.3212084670697,5.431641532621582,911.9392922398858,2994.169767297071,10.244547950444757
2023-01-03 18:22:00,2593.118623724745,57.44195978043867,24.161561442856165,138.98390074120513,5.7446070773982285,917.5622297753207,3055.7519474660253,10.270263197244999
2023-01-03 18:23:00,2593.518703740748,59.38651480152793,22.7482693437933,139.73067520284502,5.26215408212192,907.6897445343515,3008.0320990652776,10.251763610933562
2023-01-03 18:24:00,2593.9187837567515,57.83649507276704,24.15570502392091,139.0403945551529,5.550563255608161,915.7534791867578,3036.5263855416783,10.280105010263133
2023-01-03 18:25:00,2594.3188637727544,60.00644155178157,22.664084215935222,140.80349672768065,5.307886153980527,910.9265101159367,3000.945606379871,10.252116742270994
2023-01-03 18:26:00,2594.7189437887578,58.450792596728164,23.736175439644306,139.07580740537296,5.78381933227601,913.0164920621277,3033.97600089825,10.28173490874409
2023-01-03 18:27:00,2595.119023804761,57.51578565556128,24.323428413411595,138.34108676046472,5.787261259174466,922.1061767329237,3047.8736807724927,10.296027669627211
2023-01-03 18:28:00,2595.519103820764,60.461030278209954,22.551433829095732,140.97866819464923,5.2601921538245,903.0534526211566,2990.3431880322996,10.239608462288878
2023-01-03 18:29:00,2595.9191838367674,59.4193866285883,22.64317488524066,140.21086286094052,5.38649388418121,908.5167356445965,3015.736624962715,10.27831412974654
2023-01-03 18:30:00,2596.3192638527707,61.79991543770977,21.440188702261924,140.25354138370773,5.249291903763335,904.507177396969,2991.3669556507184,10.225806503349384
2023-01-03 18:31:00,2596.7193438687736,60.58743788646223,22.74812618000388,140.52263781516987,5.035852877687076,909.9560292208594,3008.3142825630257,10.216357243687417
2023-01-03 18:32:00,2597.119423884777,58.890797268743626,23.48378297299396,138.6565355612071,5.5099614267347174,919.9343008538369,3030.394773596038,10.28639121569644
2023-01-03 18:33:00,2597.5195039007804,58.40079420840876,24.32623820270743,138.41718768017037,5.763167175454429,919.3431719661266,3055.2454672471135,10.269014230694168
2023-01-03 18:34:00,2597.9195839167833,59.15543939301779,22.943712511864796,139.92023019757602,5.521604680995593,917.51625832578,3031.7028186217954,10.253883778928675
2023-01-03 18:35:00,2598.3196639327866,58.56790979526755,24.233343379123177,138.75467431368634,5.56520114473977,917.4210692320116,3058.619091942646,10.268073469280667
2023-01-03 18:36:00,2598.71974394879,59.51945976677328,23.071595287391556,139.76362795588216,5.332205338372976,909.9309891469651,3003.3585204296432,10.273172929619461
2023-01-03 18:37:00,2599.119823964793,59.83790761090341,22.729059742422688,139.8848679099425,5.45303621848553,913.1039485758578,3013.920232040321,10.255272117384626
2023-01-03 18:38:00,2599.5199039807962,57.74088437707922,24.900299861151534,138.84156863931855,5.715543603529093,922.7610400671255,3058.605973803403,10.302612188311524
2023-01-03 18:39:00,2599.9199839967996,58.94469594223739,23.15598698186986,139.80693047049408,5.510114931329999,916.7305531835713,3013.674571881173,10.276326166289259
2023-01-03 18:40:00,2600.3200640128025,58.91194794901007,23.364198346098703,140.8993685442678,5.494312481296635,913.7546088934412,3045.762715908585,10.262480187554402
2023-01-03 18:41:00,2600.720144028806,58.78933874108471,23.422896443431604,139.65266332338666,5.488777206243613,916.5075373126605,3017.150362425563,10.254508568967022
2023-01-03 18:42:00,2601.120224044809,57.45766042536506,25.895629379166756,137.3865339001954,5.834796342594861,922.8799147461442,3072.485449902145,10.308738205769254
2023-01-03 18:43:00,2601.520304060812,57.092494967356615,24.963608077826475,137.4613058308882,5.779709884951854,924.1110990752993,3086.91403713892,10.31343899438244
2023-01-03 18:44:00,2601.9203840768155,56.458972265341735,24.728044870815246,138.50768965182453,5.729122884921634,924.1856328663831,3068.767570418641,10.298961856513861
2023-01-03 18:45:00,2602.320464092819,57.77609376632395,24.24270847770142,138.61574561298318,5.707713265198966,918.0873411339227,3057.1364618433126,10.273533133598052
2023-01-03 18:46:00,2602.7205441088217,59.12307456919858,23.463064973295506,138.73579206921644,5.585929705096638,916.5408807961646,3050.569308838015,10.289236046797425
2023-01-03 18:47:00,2603.1206241248246,60.27985613679832,22.32596130898237,140.15921456085408,5.338935255044943,907.3159711510249,2991.300592687492,10.230123281296759
2023-01-03 18:48:00,2603.5207041408285,59.40931853428728,23.43995204716932,139.58061844045295,5.391100097194554,914.4518261130835,3021.9000900635074,10.264588720774453
2023-01-03 18:49:00,2603.9207841568314,57.67241412949239,24.433531737121566,137.945162958005,5.821111150945879,922.2349459598361,3066.1834957081096,10.316176765685904
2023-01-03 18:50:00,2604.3208641728343,58.32752943254301,23.405508633903583,139.43567190204018,5.525423229095184,915.3996015656393,3018.284715666395,10.277999048109583
2023-01-03 18:51:00,2604.720944188838,56.16176646458975,25.67859020519183,137.4997617006334,6.079977563840262,922.9366711596484,3092.928790407194,10.315941624371138
2023-01-03 18:52:00,2605.121024204841,57.650787267542874,24.42537008447596,139.08206893834182,5.626420832174174,922.2131111011672,3068.739588563045,10.282017407570986
2023-01-03 18:53:00,2605.521104220844,58.31316866549186,23.381121648510327,139.30209445534507,5.467049288922945,909.9750521089288,3042.171552015224,10.265437797587042
2023-01-03 18:54:00,2605.9211842368477,57.98727736018271,23.955589347985157,139.2153525806711,5.6319857442349655,914.1650148693914,3049.415910299878,10.304478179368271
2023-01-03 18:55:00,2606.3212642528506,58.07527992181415,23.992230730639378,138.48716189086662,5.775848969017092,918.7265010302579,3065.8400020112404,10.30223650800933
2023-01-03 18:56:00,2606.7213442688535,56.20446217865666,25.408058922195742,137.2446639534345,5.887773663821246,916.0877257142397,3078.6553091709716,10.3210823960597
2023-01-03 18:57:00,2607.1214242848573,56.86500764216537,24.725394471426537,137.8950636157742,5.817677378465574,926.1572010993705,3052.361880960989,10.302961056920498
2023-01-03 18:58:00,2607.52150430086,58.0966002205608,23.6873442420939,138.27256839230884,5.576472114481257,916.2341484618266,3035.9356682906555,10.281343386818046
2023-01-03 18:59:00,2607.921584316863,58.417091975704196,23.137202916467032,140.3712383533669,5.556764249766104,918.5018549498565,3028.0536113631615,10.267578530891042
2023-01-03 19:00:00,2608.321664332867,57.9326313336713,24.284712032407647,138.904184148858,5.66245785768151,923.05331752805,3047.148915595952,10.286841053149187
2023-01-03 19:01:00,2608.72174434887,59.40782473208479,22.49341564356788,139.956306017593,5.261534378010914,908.3037841097203,3006.284116763277,10.230625643493076
2023-01-03 19:02:00,2609.1218243648727,58.587847454155195,23.25342319942129,138.95395212524096,5.615128070205408,919.8800702918899,3036.143517948915,10.266774833830683
2023-01-03 19:03:00,2609.521904380876,57.68800844778263,23.95166055798445,137.4621268135023,5.716153135752663,915.310072688549,3053.8588671030234,10.292667306589747
2023-01-03 19:04:00,2609.9219843968795,58.67521447100888,23.02576281116054,140.62133472067768,5.672412474782011,912.6923024024809,3034.264813490888,10.241278750007393
2023-01-03 19:05:00,2610.3220644128824,57.617255386274635,24.610610332443116,138.99600239018883,5.717889579013593,919.1680822369746,3063.4017019958533,10.293917039989372
2023-01-03 19:06:00,2610.7221444288857,57.84893062627744,23.95903662598375,139.0216716509851,5.556350607647018,918.9433702951113,3050.476479514113,10.281259422914033
2023-01-03 19:07:00,2611.122224444889,58.6164496920972,23.06690481349102,139.97799950107043,5.483945282900976,914.5411551284996,2999.573628990416,10.25875989059683
2023-01-03 19:08:00,2611.522304460892,57.40223119497398,24.190506273445827,137.7328992212704,5.671256542840683,919.8809735728131,3061.4801022546912,10.310155364104107
2023-01-03 19:09:00,2611.9223844768953,56.15920788959721,25.112846733111652,137.0273037620134,5.823990764789831,926.3231965444382,3090.8739824561085,10.308725840776109
2023-01-03 19:10:00,2612.3224644928987,56.17477254745935,25.031358058760905,137.47512696259048,5.636158872955814,923.4454311917681,3073.83449968806,10.287786744755651
2023-01-03 19:11:00,2612.7225445089016,57.387128965938956,24.44442279102872,138.7859116041404,5.584812753291531,918.0091941315236,3058.3458073959073,10.297069778719475
2023-01-03 19:12:00,2613.122624524905,57.13653271543569,24.729051758891,138.9748514782452,5.678738907313165,927.5251739300696,3061.1852150298914,10.313434890393161
2023-01-03 19:13:00,2613.5227045409083,57.19567375805535,23.919330048568206,139.03591341829284,5.455710957226401,914.9280465205904,3041.40546611429,10.262733523796534
2023-01-03 19:14:00,2613.922784556911,58.04128101319849,24.075890442424527,139.36938424508392,5.565938754866494,920.4936069098394,3031.3918188816833,10.265681674969382
2023-01-03 19:15:00,2614.3228645729146,58.239234492804634,23.334462668152486,139.81871585804666,5.325387121263491,918.1819301548306,3043.0022124796187,10.275576644332874
2023-01-03 19:16:00,2614.722944588918,56.07232380151285,24.89618205377464,137.30164611726343,5.87454234594314,916.2570843368264,3060.294156310611,10.307076340766045
2023-01-03 19:17:00,2615.123024604921,58.60960130846258,23.07639832191045,140.5103042455851,5.450357603354245,917.7183779485638,3034.475034627405,10.262939479198062
2023-01-03 19:18:00,2615.523104620924,57.14610319137439,24.093196773865206,139.15458907892082,5.6842370404563125,922.3622498152392,3055.057025825967,10.284915783240693
2023-01-03 19:19:00,2615.9231846369275,56.67856914378565,24.51846861319894,138.84889722700535,5.780431479608916,919.3893910255899,3054.364059372058,10.299438429454709
2023-01-03 19:20:00,2616.3232646529304,58.552097766206636,23.913170687611345,139.83290170939745,5.590155928043693,915.6099695441342,3043.4563002098453,10.266502738383101
2023-01-03 19:21:00,2616.723344668934,57.803592984369885,24.100875639969125,139.32650777134165,5.604799311460396,919.072716670221,3053.1862129097585,10.28207041037319
2023-01-03 19:22:00,2617.123424684937,56.46546797141795,25.312097175517813,138.32892289743995,5.855615102167724,925.5607420310321,3067.95656206406,10.293209525028523
2023-01-03 19:23:00,2617.52350470094,56.49527245099659,24.879007927644214,138.89866634691575,5.964908530558828,920.1843607363529,3060.102002140171,10.312377595874876
2023-01-03 19:24:00,2617.9235847169434,57.01186337181917,24.46556175249851,138.07507241346784,5.683477747869094,925.4998255010091,3077.985730008191,10.297344269328853
2023-01-03 19:25:00,2618.323664732947,56.74276918400141,24.289468075084667,138.61541896195092,5.842066243275776,917.0048291942542,3063.075945148319,10.298013083070568
2023-01-03 19:26:00,2618.7237447489497,57.260393816333185,24.006813258388974,139.95944758749147,5.457320419076161,909.6442801721123,3042.843841620637,10.28293918206172
2023-01-03 19:27:00,2619.123824764953,56.9474961509598,24.693149975191904,136.99978788150042,5.892708591669838,922.265695534707,3061.599130855236,10.289169957684752
2023-01-03 19:28:00,2619.5239047809564,57.44939858202926,24.084185339222046,139.33761054721586,5.536437704872342,919.7517434741602,3033.232573658765,10.275574362519402
2023-01-03 19:29:00,2619.9239847969593,58.11946762076505,22.701732575134766,139.86318093595094,5.4497974498298865,913.2061255851632,3033.5260289482294,10.249392126734488
2023-01-03 19:30:00,2620.3240648129627,57.557644457270314,24.541514937018405,137.67766599034346,5.849678901574167,912.6046718219194,3049.8586967385845,10.28880698762136
2023-01-03 19:31:00,2620.724144828966,56.77956839029425,24.4139268415725,138.57345094488693,5.82844029916854,915.5040238104835,3062.843354024698,10.30990595538181
2023-01-03 19:32:00,2621.124224844969,57.38255086972979,23.731185085688963,138.45383406335617,5.597775214992542,918.8465103691686,3014.661999105547,10.269065384065877
2023-01-03 19:33:00,2621.5243048609723,57.63428520886963,24.08749725813049,139.0921011797806,5.669102298763915,917.2565965827059,3042.159912773792,10.285545870298149
2023-01-03 19:34:00,2621.9243848769756,56.29004276215447,25.43417143599766,137.8458729758933,5.802107408063296,926.97483437904,3072.69990978469,10.329234238611486
2023-01-03 19:35:00,2622.3244648929785,55.62527245255932,25.85119130183386,137.3555130995069,5.727846167599314,923.7181562817751,3065.0243246655828,10.320627215633872
2023-01-03 19:36:00,2622.724544908982,55.223650394731806,25.796365848969515,137.83111170502795,6.02573453928018,924.4999358626849,3092.9370252197914,10.325873570397746
2023-01-03 19:37:00,2623.1246249249853,57.245322683232246,24.017202137372553,138.56087137364423,5.647512774664204,918.9352623727834,3045.242992166135,10.27578105813559
2023-01-03 19:38:00,2623.524704940988,54.56724145775258,26.07199749459514,136.8321336354601,6.037700434377164,933.1467843701612,3104.683524453299,10.329789332574446
2023-01-03 19:39:00,2623.9247849569915,58.207244762624505,23.860557075701884,140.08540644465972,5.670988604162408,918.2214712662726,3026.394539637149,10.282771790441926
2023-01-03 19:40:00,2624.324864972995,56.75210288003065,25.04702468018143,137.19556583688112,5.833783480567446,924.1858122681318,3088.9480943502494,10.31617378257287
2023-01-03 19:41:00,2624.724944988998,56.54129108768363,24.555615429954326,138.63513740789043,5.727656759308853,919.0207813474585,3058.630044135528,10.273046805670496
2023-01-03 19:42:00,2625.1250250050007,58.076667591449656,23.945960898243825,138.8944798862224,5.710526740986685,918.1753122856147,3042.5219006697353,10.265524046503751
2023-01-03 19:43:00,2625.5251050210045,56.973905267141156,24.794594897694875,138.1242456976011,5.7679884358411435,918.7355511315343,3063.677627818231,10.29140897136021
2023-01-03 19:44:00,2625.9251850370074,57.41130690548602,23.72778584247713,139.87982118451185,5.602863762467557,920.0332785055796,3073.925558784832,10.280995502156891
2023-01-03 19:45:00,2626.3252650530103,55.75782671742444,24.982134907314396,138.13916557405284,5.89910634350981,922.3243417692386,3070.805165369354,10.336560227204656
2023-01-03 19:46:00,2626.725345069014,55.95601071600694,25.191487699915413,137.5278613009884,6.031839230444822,925.942060604737,3079.802737268726,10.338097449051297
2023-01-03 19:47:00,2627.125425085017,56.75210855138164,23.692282956649148,139.39328648992154,5.692553458028702,915.9091127485327,3028.102916143462,10.280905786119476
2023-01-03 19:48:00,2627.52550510102,58.04388544970152,23.621607001515716,139.86866441073167,5.678855115812256,913.2431511969284,3034.9592952102316,10.272368677581893
2023-01-03 19:49:00,2627.9255851170237,58.01003163653333,24.29161923654393,138.16479136497014,5.570769636037329,921.95477918927,3057.573571271693,10.29600767185028
2023-01-03 19:50:00,2628.3256651330266,56.60859033301074,24.56902623620089,139.64353876890746,5.762301089511735,918.2046312144573,3048.315216840007,10.30042655351808
2023-01-03 19:51:00,2628.7257451490295,57.037832283976385,24.59581342395891,137.50089965974158,5.672574343534643,919.8878589759382,3060.9354486165444,10.317419441886962
2023-01-03 19:52:00,2629.1258251650333,55.87234743295715,25.17904653655816,139.1636803961631,5.852204659605574,925.1054770687355,3058.4754776467225,10.294670879301739
2023-01-03 19:53:00,2629.5259051810363,56.526147733924994,24.15120433581975,138.98272615656452,5.7223993282246735,919.9040481039061,3050.793205756345,10.28116113240175
2023-01-03 19:54:00,2629.925985197039,55.483877032089325,24.935557855900967,137.81412570562355,5.891988217533595,926.4142059836191,3059.689313443451,10.307971932887094
2023-01-03 19:55:00,2630.326065213043,57.716393190127796,24.089709033730138,138.9664933686066,5.545692846468245,912.8803726348266,3048.220972429039,10.279362408642749
2023-01-03 19:56:00,2630.726145229046,56.53507184665858,24.70646196474484,139.73343852357274,5.721804671059562,920.7259627562904,3070.412888201011,10.270775478717235
2023-01-03 19:57:00,2631.1262252450488,55.41475821003226,25.16033922452165,137.97913278228782,5.943640900504474,926.8159472270567,3059.5707749019366,10.332940390887089
2023-01-03 19:58:00,2631.526305261052,56.52614890614241,25.087160431965177,137.95175116936488,5.765753081558134,920.8099328126746,3089.1018270856366,10.306776107840388
2023-01-03 19:59:00,2631.9263852770555,55.085787330547184,26.292248333211745,136.5727683111886,6.07053478176965,931.1498138808961,3117.098056560647,10.353050896976665
2023-01-03 20:00:00,2632.3264652930584,56.268248681368036,24.749868940312567,137.98366057762942,5.784233616745881,920.0712716206133,3031.001900832918,10.286744875391735
2023-01-03 20:01:00,2632.7265453090617,55.05306456860246,25.343613803350223,137.81937330672525,5.740656612698617,921.765008307096,3053.7583408820437,10.327290437631294
2023-01-03 20:02:00,2633.126625325065,54.682081091605745,25.192572497007237,137.19041152869414,5.819465772502306,927.5479149023175,3077.851687028463,10.334157129365716
2023-01-03 20:03:00,2633.526705341068,57.08351369226632,24.414587229542327,139.08311180770193,5.622954184923322,921.5779027273704,3063.3394365875397,10.288730520033823
2023-01-03 20:04:00,2633.9267853570714,57.21701459365498,24.281361171809262,138.40108499584755,5.8499768343894925,918.6634006198487,3053.593542753705,10.29356058474251
2023-01-03 20:05:00,2634.3268653730747,56.38359776148411,24.576269273820884,138.78466532694114,5.705786845621877,922.2060190291171,3062.6888418091635,10.291272029414042
2023-01-03 20:06:00,2634.7269453890776,56.028393284930814,24.864859244206933,138.55266901777873,5.831122850452257,926.115744487955,3074.099945230718,10.308614228737488
2023-01-03 20:07:00,2635.127025405081,57.827886966751414,23.33416158488612,139.60875002477448,5.391375588041032,911.7674762828424,3018.279914858376,10.270628833820824
2023-01-03 20:08:00,2635.5271054210843,56.11709023223935,24.64552851425743,138.21100909955166,5.789507117450004,924.0074064584189,3084.8840508769695,10.309344196427894
2023-01-03 20:09:00,2635.9271854370872,56.2647763868536,25.07903454260593,138.0451496381865,5.764406164770227,922.9161581537732,3076.16469531541,10.333364754287595
2023-01-03 20:10:00,2636.3272654530906,55.33532602758814,24.812803805786693,137.47550204431874,5.872252201540953,918.2390635514073,3048.1585771759715,10.285967967316477
2023-01-03 20:11:00,2636.727345469094,55.494464162488455,24.90526301224229,138.55528617146786,5.784733444209268,923.1276584764919,3070.3268317790094,10.31603029380457
2023-01-03 20:12:00,2637.127425485097,55.958962828599,24.503161850685665,138.18298919362638,5.873347873647642,917.3118132039051,3065.4004583377114,10.281462370210425
2023-01-03 20:13:00,2637.5275055011,55.802547880993686,25.360653184599165,138.70252706562025,5.819929319341145,921.70734949742,3057.643464914571,10.302519416860198
2023-01-03 20:14:00,2637.9275855171036,56.172793634250276,24.13182788050039,138.89120636557968,5.727757649781802,917.095324039502,3051.9501692532576,10.291987929012043
2023-01-03 20:15:00,2638.3276655331065,56.64203759693459,24.451344092292157,137.18874318814503,5.850075047191563,915.7800203531979,3060.4690144751344,10.295235929733824
2023-01-03 20:16:00,2638.72774554911,54.725135408061,25.756596110722754,136.66482410834388,6.378440908039041,930.6006030871516,3100.431878940949,10.347601361076832
2023-01-03 20:17:00,2639.127825565113,54.78259263905883,26.240153076246134,137.1449703327809,6.174048947556269,931.9717673953012,3091.701897158043,10.345418873219877
2023-01-03 20:18:00,2639.527905581116,55.886093022643614,24.76269801211904,138.0239527146581,5.739548199396485,921.5510505060203,3082.4262105704765,10.33828220503339
2023-01-03 20:19:00,2639.9279855971195,54.45575439899316,25.471928832512415,137.7995828986689,6.116963816029623,927.7881987894386,3083.219496294478,10.33443232823752
2023-01-03 20:20:00,2640.328065613123,57.29073678194624,23.6542304853962,139.17638868478144,5.623733308106483,913.488847322053,3044.058052537189,10.276394294693716
2023-01-03 20:21:00,2640.7281456291257,56.033592283351005,24.779881287407107,139.15134795440542,5.9448366443215725,918.2525511871308,3056.6629643631554,10.287153189537062
2023-01-03 20:22:00,2641.128225645129,54.619031809873356,25.597821136156345,137.4836869193817,5.9236164831877645,927.0664155773168,3081.187633222857,10.318092702854438
2023-01-03 20:23:00,2641.5283056611324,56.93758357588348,24.06496169314307,139.34619105815818,5.840795991819331,921.9022174905137,3062.2058635635103,10.295345887583576
2023-01-03 20:24:00,2641.9283856771353,55.42869744541326,25.629113535037963,137.13311113350582,5.931640481477706,923.5511169660517,3080.8616808126694,10.316040846629582
2023-01-03 20:25:00,2642.3284656931387,53.8009637632978,26.42351941993214,136.22518056051933,6.486389372640337,930.6931005541865,3116.3598267801276,10.371238825641674
2023-01-03 20:26:00,2642.728545709142,54.10934665790063,25.72231911798019,136.51175704105532,6.080007612292109,932.3981896346797,3076.8875475817586,10.344923505238567
2023-01-03 20:27:00,2643.128625725145,55.55413779326528,25.446831681067454,137.74657360473384,6.247178156360112,926.9499017460106,3090.1393712685585,10.322643171657104
2023-01-03 20:28:00,2643.5287057411483,55.6431683767882,25.58739845782152,137.84544689703918,5.897280083564108,923.0349487618344,3068.700506895746,10.311603078989277
2023-01-03 20:29:00,2643.9287857571517,57.47229897775021,23.5495646285925,138.7873790391859,5.739233647052758,920.7808957703957,3053.492360458555,10.281415717951388
2023-01-03 20:30:00,2644.3288657731546,56.97636237933553,23.83441341814338,138.41390702376077,5.8540036998933305,923.8709903453498,3066.015207831522,10.289782734216724
2023-01-03 20:31:00,2644.728945789158,56.17699177075426,24.88905112067899,138.106338819805,5.698271479027783,921.6336286290142,3069.2548236287926,10.320593932323098
2023-01-03 20:32:00,2645.1290258051613,55.942950581298646,24.76744113716221,138.03472391099587,5.938272821962598,920.4978537821701,3069.4785147855378,10.314212320091448
2023-01-03 20:33:00,2645.529105821164,55.70020560198094,25.25242094936504,136.92049104521732,5.835639214737653,924.3934728648939,3068.9713656275208,10.316298513726498
2023-01-03 20:34:00,2645.9291858371676,57.46026577707558,23.97740098068358,137.62047041921824,5.697985546031428,915.5406429814775,3074.6878359964276,10.294729502766296
2023-01-03 20:35:00,2646.329265853171,55.55387905716686,25.2915320325566,137.78062959181992,5.912243857930059,927.6786580113187,3081.4723432536557,10.316383207427798
2023-01-03 20:36:00,2646.729345869174,55.77088977356251,25.53115898491037,136.60759491008852,5.908934715223705,920.4406497410644,3072.3047490760564,10.300597978480862
2023-01-03 20:37:00,2647.1294258851767,54.61549449181781,25.440709756194778,137.1043422112946,6.076153873623824,926.5819175157142,3089.4795785494475,10.30378176892432
2023-01-03 20:38:00,2647.5295059011805,55.8754866301401,25.48155051618604,137.63699584625954,5.830272000513171,921.0044339647815,3065.6856929741557,10.294724387684381
2023-01-03 20:39:00,2647.9295859171834,57.0231639673755,24.472862697906947,139.0020682760131,5.704091393198243,918.7820653076636,3030.9984825742063,10.295547952299966
2023-01-03 20:40:00,2648.3296659331863,56.0133430123627,24.280924792512984,137.9362927426314,5.5575676660965945,921.5639349262206,3077.9503780500227,10.305518934680874
2023-01-03 20:41:00,2648.72974594919,53.91110425058128,26.20345612606108,137.74897141570744,6.173437659748464,930.7700226815092,3089.827128503095,10.339593714581113
2023-01-03 20:42:00,2649.129825965193,54.036260042307426,26.03585246336196,137.41007081191202,6.239096472387133,928.7739885413182,3095.137127796919,10.364043197163989
2023-01-03 20:43:00,2649.529905981196,55.33937118712151,25.275377406288058,136.9958037808603,5.9228067989195585,924.085754829077,3075.5540606588393,10.31709888505544
2023-01-03 20:44:00,2649.9299859971998,54.110480005038625,26.726670980410976,136.23211111078734,6.041636182589075,930.261701379257,3127.6834982514674,10.33515387020408
2023-01-03 20:45:00,2650.3300660132027,55.02469731633968,25.351323766935312,138.3071590518319,6.023188693012392,924.3034869399035,3074.5086414853913,10.331197949623665
2023-01-03 20:46:00,2650.7301460292056,55.090802146957074,25.320853528433425,137.35136020654951,5.838584880502631,920.0702334614192,3080.5687899338513,10.330604199169853
2023-01-03 20:47:00,2651.1302260452094,54.31915500652066,25.59721033009325,137.4487792349061,5.98193279836538,929.7422879057814,3089.1156227979063,10.33294408541579
2023-01-03 20:48:00,2651.5303060612123,55.62293025524269,25.749274044875328,138.17660712471772,6.032399856435067,925.2822584013418,3070.1676528642706,10.337520958603761
2023-01-03 20:49:00,2651.930386077215,56.91886244501028,23.808281725920338,138.46327215603486,5.745704879070847,923.1429311710907,3035.653492479017,10.270384100893258
2023-01-03 20:50:00,2652.330466093219,55.12840208781413,26.060953424922715,137.88780231406605,6.104051183780671,926.0667575174242,3080.81480872963,10.331157502675781
2023-01-03 20:51:00,2652.730546109222,55.54400906173448,25.061457927896495,137.13695516787894,5.953047820649376,919.1738897240389,3083.31790040246,10.313941091394492
2023-01-03 20:52:00,2653.130626125225,53.787810947072245,26.612157300261366,135.1725243139095,6.167131059216151,929.2202193387127,3108.0627354363605,10.35674104371809
2023-01-03 20:53:00,2653.530706141228,55.16254016672909,25.447693782059595,138.19040440594256,6.015515425437881,924.9646994452694,3080.1121144278495,10.337918942348775
2023-01-03 20:54:00,2653.9307861572315,54.13810170503856,26.22552932456293,136.6094912926262,6.191667258981353,932.08699574501,3119.4538927263116,10.354615004104847
2023-01-03 20:55:00,2654.3308661732344,53.77531769243,26.644226957005145,136.7664988215733,6.103129476592541,933.1975810241702,3101.052932312677,10.361089534690253
2023-01-03 20:56:00,2654.730946189238,54.39447702844138,25.856742264865964,136.31315434772284,6.142280764750934,929.6737662836779,3098.7042654456263,10.335446295368502
2023-01-03 20:57:00,2655.131026205241,56.29956076527954,25.113706666127545,137.7002556921713,5.6922784354711995,920.2819078738606,3063.3463884657926,10.303616884824164
2023-01-03 20:58:00,2655.531106221244,56.18500075706627,24.594102518338676,138.76786528997903,5.800170795423808,918.6312565506299,3056.5648696862404,10.299078504840454
2023-01-03 20:59:00,2655.9311862372474,55.160824093537684,24.89235219535194,137.78075562906858,5.786072726097537,923.2691750659096,3102.106230169698,10.338235449658972
2023-01-03 21:00:00,2656.3312662532508,54.76462158325018,26.123173738678492,137.2782517641635,5.938173114939212,928.1811954059706,3066.076158970319,10.319092425105591
2023-01-03 21:01:00,2656.7313462692537,54.759405330678995,25.96156354198998,137.20329689043817,5.995218641126949,930.3670423642488,3106.5979134052936,10.338097359160132
2023-01-03 21:02:00,2657.131426285257,54.14886946294505,26.621553287418934,137.3928568153156,6.04654751481537,928.4199053315733,3114.30461411884,10.364535002473215
2023-01-03 21:03:00,2657.5315063012604,55.16080314387379,25.461534113536466,137.6448684363638,6.11539791879639,929.7033474854194,3097.2022274395526,10.312059665810875
2023-01-03 21:04:00,2657.9315863172633,55.85399984689941,24.44129761739887,137.7538366228961,5.953714661969018,924.2587634288677,3071.1942394387843,10.314577730344642
2023-01-03 21:05:00,2658.3316663332666,55.63944398793589,25.68291661015728,137.11790018650905,6.020478382246299,920.8908233801283,3088.1452759453814,10.316521801127912
2023-01-03 21:06:00,2658.73174634927,54.902728088765045,25.415101059093573,137.87699777816664,5.921571883311007,925.6727849176955,3076.637180102297,10.315699069990153
2023-01-03 21:07:00,2659.131826365273,52.166909463302865,27.57285421421688,135.1125673487151,6.332153074440902,937.7577516237907,3138.6030224740925,10.394924516261995
2023-01-03 21:08:00,2659.5319063812763,53.666447747660655,26.903380626456958,135.70240963891314,6.300078890518933,929.2606826346457,3116.236054715687,10.378351680193385
2023-01-03 21:09:00,2659.9319863972796,54.23151870922945,25.77265208081984,137.7846051967125,6.052049658801308,923.5181585987211,3090.9640748633656,10.34277794324956
2023-01-03 21:10:00,2660.3320664132825,54.884292056029025,25.61476152009794,137.8893102175658,5.980845154996128,927.1116642951224,3085.802324215209,10.323439085171369
2023-01-03 21:11:00,2660.732146429286,54.850617093393446,26.46745263603081,137.20357610506107,5.8099610225656555,926.9078953761268,3086.892858671235,10.32520873337997
2023-01-03 21:12:00,2661.1322264452892,54.397451166183004,26.26911647055903,136.10195263030855,6.202735375480094,934.496256693734,3097.4623097112644,10.350165297041581
2023-01-03 21:13:00,2661.532306461292,55.47209959363661,25.477144662551375,138.70011876275805,5.9545422562317825,928.7978653961547,3090.9901846706402,10.314298912350445
2023-01-03 21:14:00,2661.9323864772955,53.33771399583224,26.015879857198673,136.90118020615006,6.19899671378407,933.3266159160171,3141.83608345003,10.357468133979951
2023-01-03 21:15:00,2662.332466493299,54.52860891228399,26.106411035972666,137.0788243525919,6.0982627276030685,929.8427035937619,3095.7137625460273,10.328109621091986
2023-01-03 21:16:00,2662.7325465093018,52.881322640806395,26.842872784340425,135.44288589717735,6.408389581591204,932.8420384238062,3139.6548890862714,10.373135945327133
2023-01-03 21:17:00,2663.132626525305,53.93287603760353,26.539841632403707,136.8022258854608,6.048352271640648,925.7202540221206,3105.507487790408,10.347401191260033
2023-01-03 21:18:00,2663.5327065413085,53.65806021901862,26.401286092197363,136.4766939406687,6.106242332219643,929.5663212991838,3108.793124951312,10.336209993646802
2023-01-03 21:19:00,2663.9327865573114,55.53237103044657,25.379348447478634,138.69780232809174,5.837648488064669,921.0210453619776,3086.321242585067,10.332607857966016
2023-01-03 21:20:00,2664.3328665733147,52.910649403988735,27.031874031503026,135.74548531478217,6.442936506528353,935.4497910305032,3135.3342976073563,10.36421944196463
2023-01-03 21:21:00,2664.732946589318,53.99784000881148,25.940511613713156,136.44972762250953,6.167923085230853,926.0775680480991,3112.4716566212633,10.34161030618996
2023-01-03 21:22:00,2665.133026605321,54.65668035000538,25.590532037910762,137.9574750354227,5.9499003930929595,927.9523093011621,3083.4687357807593,10.33185912987931
2023-01-03 21:23:00,2665.5331066213244,54.01394268121351,26.40239339937731,136.25128280039013,6.229127912958859,930.5217808961798,3137.322952784787,10.36042758733584
2023-01-03 21:24:00,2665.9331866373277,54.60323360414521,26.08872835150661,137.9669044258045,5.970226536272044,926.8988691147285,3082.7509730293414,10.32874368278571
2023-01-03 21:25:00,2666.3332666533306,53.83630071100336,26.632171392451298,137.09621442382715,6.05039190628018,930.7209793866123,3104.492077441122,10.352314760272831
2023-01-03 21:26:00,2666.733346669334,52.78180707290926,26.755026551837144,135.9543914693336,6.299303660364854,933.0501410248266,3119.6396400537164,10.358800903026001
2023-01-03 21:27:00,2667.1334266853373,52.97116182883494,27.162198993790966,135.43160884464587,6.386915237246887,930.5392175144124,3121.4263204062995,10.3705322148868
2023-01-03 21:28:00,2667.5335067013402,54.55929523706209,25.971436470093533,137.0332658153882,6.148231208989586,928.4862809701258,3101.30084826723,10.354301878415852
2023-01-03 21:29:00,2667.9335867173436,52.46995517913528,27.10989224177888,135.2624891721521,6.549590762454637,929.8292886463764,3133.773707385154,10.371158547688468
2023-01-03 21:30:00,2668.333666733347,53.77107905827961,25.59154166255166,137.09576618918865,6.052776816718139,931.4438411548413,3099.4489015001714,10.34726406014405
2023-01-03 21:31:00,2668.73374674935,53.24947313525632,27.172778092374788,136.34738203629703,6.268006324257641,935.9810196396872,3119.825208620086,10.371068846159385
2023-01-03 21:32:00,2669.1338267653528,52.71701475097479,27.044758753149978,137.0679527689204,6.294250433625827,935.4754577578851,3090.7464944136536,10.360630481517608
2023-01-03 21:33:00,2669.5339067813566,52.08561958515424,27.42980454029375,134.77610129621408,6.412364811019551,935.224730417318,3123.5106412307878,10.39226483028556
2023-01-03 21:34:00,2669.9339867973595,55.42396796766002,25.640121132102006,137.8213119910868,5.803092275803348,923.8800857719351,3071.5584440340167,10.303281714489351
2023-01-03 21:35:00,2670.3340668133624,54.0574228817682,26.621535066586116,136.57266036607191,6.009824062973369,927.2956404515749,3104.4237224902813,10.353946760530581
2023-01-03 21:36:00,2670.734146829366,54.14876507645286,26.70579704772329,136.5955223087158,5.841193046177716,931.9384021897689,3106.9056390190435,10.347701198566899
2023-01-03 21:37:00,2671.134226845369,56.16418311800472,25.074708963848522,136.7948709371954,6.019732665861403,922.0960033795327,3074.9169743580387,10.328863365953529
2023-01-03 21:38:00,2671.534306861372,53.59651963527974,26.08724995216362,136.56884129706927,5.895681889072619,927.8895007102069,3098.74899514094,10.349790909594201
2023-01-03 21:39:00,2671.934386877376,54.38557168840845,26.243249264371652,135.99533585706337,6.013056759516066,925.123234371824,3099.821176824553,10.34901698023002
2023-01-03 21:40:00,2672.3344668933787,53.27968784439541,26.798427536246844,135.63636677628614,6.23554856568545,931.612713790368,3109.0878986410044,10.353644261344682
2023-01-03 21:41:00,2672.7345469093816,52.417673209008406,28.127864228372946,135.01905615635795,6.392173058990903,933.0294169899408,3124.530940053759,10.391378814649453
2023-01-03 21:42:00,2673.1346269253854,54.365633366398754,26.10833148741609,137.67431760261186,6.316506527408059,934.5145627322981,3092.5239527921235,10.337491546622555
2023-01-03 21:43:00,2673.5347069413883,55.12297250221933,26.341802155852694,137.44634605651035,5.856691075449074,927.2246976892834,3098.7247026868245,10.329710316357982
2023-01-03 21:44:00,2673.934786957391,53.29066484125289,26.88483660673652,136.2696126338615,6.455830591893321,932.800538248893,3107.383946663027,10.35765372624754
2023-01-03 21:45:00,2674.334866973395,52.888902803134556,26.623383860801972,136.9629201885139,6.358671737163467,934.5062209117665,3122.2504864399557,10.353703213879188
2023-01-03 21:46:00,2674.734946989398,52.09309271885472,28.571083818086404,135.3405282845172,6.558684947325967,935.2344916982677,3159.8979251457495,10.40184387092342
2023-01-03 21:47:00,2675.135027005401,54.2746399535681,26.219948824041886,137.26780680166266,6.204310489355524,925.8218044145093,3087.982211259619,10.348968850624395
2023-01-03 21:48:00,2675.535107021404,54.755431972935234,25.367225568680293,137.25984203264258,5.99958444240457,927.0311128976533,3078.984014536614,10.335642105866027
2023-01-03 21:49:00,2675.9351870374076,55.24964101748227,25.08439461938592,137.62220617949345,5.6924861228639445,923.3292869104814,3081.4502901913916,10.314195068965883
2023-01-03 21:50:00,2676.3352670534105,52.276080071548705,27.923537165671455,134.61146926601918,6.493628074253197,936.2833587703805,3155.2074444128025,10.40668046523723
2023-01-03 21:51:00,2676.735347069414,53.08124716388906,27.261887083474136,135.39230982546957,6.201813962308076,937.902485246574,3125.075930778637,10.372445377375083
2023-01-03 21:52:00,2677.135427085417,53.22650324426147,26.397746575152265,136.5021640785117,6.091304851893489,931.3273767790913,3089.988700613107,10.363578718332427
2023-01-03 21:53:00,2677.53550710142,53.44122829799352,26.495592525464176,136.43160586719546,6.219355071650408,934.1710678563816,3128.9688602908864,10.371318220382083
2023-01-03 21:54:00,2677.9355871174234,53.633708210659016,25.791609489303642,136.68445294393163,6.039946782061205,931.2360278906017,3110.4297183957165,10.349313351424422
2023-01-03 21:55:00,2678.335667133427,52.20663555667846,27.07005285791858,135.779338205971,6.3861986436070675,932.3448655235036,3128.3563522212667,10.37337446836762
2023-01-03 21:56:00,2678.7357471494297,54.154989710650774,26.102527842290755,136.4836421284286,6.058403466351731,928.4588208140034,3107.4364413561634,10.352178642978798
2023-01-03 21:57:00,2679.135827165433,54.77006676338147,25.462303402511637,137.89539587893333,5.956833786860041,918.7031419909295,3066.260047981841,10.32574371901883
2023-01-03 21:58:00,2679.5359071814364,51.62063601030108,27.269252273262094,135.30900777108914,6.37818234059932,935.2131403037861,3139.0349019662976,10.38587809683054
2023-01-03 21:59:00,2679.9359871974393,52.8199664560691,26.378546464525368,136.39618550110845,6.248439012426319,932.151461166596,3114.6330081548485,10.358919002101679
2023-01-03 22:00:00,2680.3360672134427,54.71974587016683,24.99181275203516,136.76195385224386,5.822285458365177,926.0218191755581,3083.531827342351,10.30919936177587
2023-01-03 22:01:00,2680.736147229446,52.78012082012501,27.166531433558664,136.31836927497824,6.133394805222948,934.8271936637142,3127.3194851895714,10.366578386436775
2023-01-03 22:02:00,2681.136227245449,53.425870529622884,25.96121715445093,137.2122529032849,6.086216585055306,927.0174244611031,3110.73088104664,10.333392574469624
2023-01-03 22:03:00,2681.5363072614523,52.87307023837979,26.721874747785847,136.4552663861549,6.1551966984026905,930.9952932707389,3125.438917584742,10.372957204339027
2023-01-03 22:04:00,2681.9363872774557,51.157346577367804,27.951654506741534,134.85626121143378,6.649187595272112,944.1856312558774,3153.716928005346,10.38361823159199
2023-01-03 22:05:00,2682.3364672934586,52.48101298418688,27.19306872945595,136.0788075774702,6.2277743340065745,935.4949090196504,3136.2776678467603,10.38443542971131
2023-01-03 22:06:00,2682.736547309462,54.76233357916881,25.52488375048992,136.6306735597723,6.242483747500185,927.1176905834963,3093.210229483545,10.329217174695561
2023-01-03 22:07:00,2683.1366273254653,52.54791373407974,27.03196045407055,135.66209944393603,6.377083642835879,938.2333148069279,3124.911542112555,10.374404786832928
2023-01-03 22:08:00,2683.536707341468,53.78916327539848,26.633576631899956,136.68992243989015,6.119831616721446,929.3395430098051,3098.6518267747506,10.343636023279638
2023-01-03 22:09:00,2683.9367873574715,53.37542674033329,26.71935897159601,137.00287107792744,6.124294607839852,930.884438038621,3114.4321335366344,10.326637167684469
2023-01-03 22:10:00,2684.336867373475,51.98176267523575,27.762314926718254,134.60178471996454,6.433085320436121,935.4838217388482,3140.183965051706,10.377220090710848
2023-01-03 22:11:00,2684.736947389478,50.97555856113028,28.584478356552733,134.32125871142188,6.512002392011035,939.3458935076393,3147.481442828226,10.395813383146375
2023-01-03 22:12:00,2685.137027405481,52.704427191411675,26.60291558411955,136.5657458809658,6.380087982839175,936.3913381343858,3120.7771341357375,10.370686240212887
2023-01-03 22:13:00,2685.5371074214845,53.04656267478834,26.415241831413617,135.47251149927231,6.218493495111771,924.6871407463422,3088.2391541616926,10.380575929371215
2023-01-03 22:14:00,2685.9371874374874,52.07330100505016,27.36995532844658,135.86140306722768,6.468522879286181,936.2672026270556,3125.2748848971664,10.372485085116123
2023-01-03 22:15:00,2686.3372674534908,53.62735646170437,26.642477373974707,136.34240193781773,6.257263590906322,931.7474537858051,3099.4693458522165,10.35318444012147
2023-01-03 22:16:00,2686.737347469494,53.87952482165264,26.17271805207929,136.73219188877098,6.2060686468606905,931.9094668775659,3102.738098694567,10.343898899949284
2023-01-03 22:17:00,2687.137427485497,52.36077644694044,26.61082985610316,136.7798164189174,6.172406100831398,937.9744635605487,3118.560293102253,10.358690126756846
2023-01-03 22:18:00,2687.5375075015004,51.82282175196169,27.331716626066616,135.38467305127688,6.240439316307488,941.1235131018915,3131.6012927943116,10.379389876765114
2023-01-03 22:19:00,2687.9375875175037,52.057833446770935,27.594206460144566,136.0322577549423,6.452855308507372,939.3873252297717,3123.47481464931,10.401833271298567
2023-01-03 22:20:00,2688.3376675335066,52.09691745423106,27.256095520624157,135.77221346774095,6.301895569516464,934.145391820278,3124.1086189345997,10.381492508013626
2023-01-03 22:21:00,2688.73774754951,51.44991918666693,27.793106911281654,135.10365512585528,6.631115276526097,936.9752314126569,3143.7031973607795,10.385285061596301
2023-01-03 22:22:00,2689.1378275655134,52.70144464618732,26.711899182314152,136.32072746256887,6.287499565042154,936.100517787923,3131.4851883999936,10.381302187633109
2023-01-03 22:23:00,2689.5379075815163,51.58647406072987,28.73686436303457,134.68921813393283,6.557180334762058,941.5016906354049,3160.5788238021782,10.392373715918847
2023-01-03 22:24:00,2689.9379875975196,52.83893867023201,27.247493929327472,136.246040853039,6.372454647030568,933.3508425344161,3128.6604430500815,10.367567972182956
2023-01-03 22:25:00,2690.338067613523,51.739988910277745,28.223907033283396,135.60121810973277,6.549322345119236,937.3443816114225,3150.898249650114,10.406510157504847
2023-01-03 22:26:00,2690.738147629526,50.28115623648165,28.978866392962846,134.84081070238514,6.712955223879415,943.3019590748187,3174.5829338089147,10.407788617268725
2023-01-03 22:27:00,2691.138227645529,51.55934763130287,26.990377843607916,134.72810169708106,6.306041615229805,940.4489355914226,3150.4390571224785,10.377080159741412
2023-01-03 22:28:00,2691.5383076615326,51.98216932195546,27.394458921397277,135.16142044850162,6.330406018600877,938.3933089232067,3134.3769487307472,10.390281699926167
2023-01-03 22:29:00,2691.9383876775355,51.587276317539676,27.81743505415502,135.57038459494967,6.378892440477843,937.5799604671749,3146.250117303302,10.387488879052029
2023-01-03 22:30:00,2692.3384676935384,51.78895228215549,27.28593726024624,135.34889447153265,6.180577758738774,938.5229270528376,3131.202466692765,10.375091597306522
2023-01-03 22:31:00,2692.738547709542,53.1914533200724,26.934778308256117,136.02240065676312,6.283119883458607,935.7114420815395,3125.9845401110038,10.392848197859898
2023-01-03 22:32:00,2693.138627725545,53.57256108188885,26.485939198615487,136.63827397766974,6.111048326226568,932.0507465875894,3120.942367523925,10.346839546577588
2023-01-03 22:33:00,2693.538707741548,52.12057771657028,26.98866179334005,135.3648325297122,6.3961294055140625,936.2097455638657,3130.5135469387565,10.39068421962956
2023-01-03 22:34:00,2693.938787757552,52.82880826097886,26.694351506054705,136.10068389907727,6.214055730916883,931.4906010575901,3108.548475652253,10.370036451828556
2023-01-03 22:35:00,2694.3388677735547,51.8672550238885,28.19469490303192,134.4891386981702,6.381197905265584,942.5499098099535,3143.283718451906,10.389556622215364
2023-01-03 22:36:00,2694.7389477895576,52.29067579108514,27.699870048109812,135.28004522538188,6.5186430272198725,935.6918126527506,3126.630421357294,10.389063607826477
2023-01-03 22:37:00,2695.1390278055615,51.40514192576451,28.05211536612402,134.5184497310833,6.447197620053117,943.0732164075318,3131.743497874439,10.383140487368207
2023-01-03 22:38:00,2695.5391078215644,50.685371153351014,28.34205087871787,135.01916023126572,6.594754976068331,940.6910898313445,3163.108083755788,10.401881145188765
2023-01-03 22:39:00,2695.9391878375673,52.496011729208696,27.952830944952318,135.0723201305792,6.481749678977743,939.1726414841748,3150.818875475362,10.403172667416548
2023-01-03 22:40:00,2696.339267853571,53.20069061770089,26.470396440459805,136.1697095030088,6.193751306163533,932.7855604568256,3099.401606610488,10.345589606665126
2023-01-03 22:41:00,2696.739347869574,52.695067698001274,27.353823807405696,136.61480532504072,6.20742908639916,933.8277515860956,3120.898073178779,10.382449544746079
2023-01-03 22:42:00,2697.139427885577,54.11088085111561,26.32395542272708,136.3652246855733,6.30542542452467,933.0420075648933,3101.167787865902,10.349601966888908
2023-01-03 22:43:00,2697.5395079015802,51.89524487925138,27.45713458106441,135.37715847385923,6.537193731310091,938.9814630883226,3136.565879007755,10.394739955959034
2023-01-03 22:44:00,2697.9395879175836,51.469990451242566,27.655063498266262,134.81874071547503,6.468203555388237,940.4273097891167,3157.8450541770103,10.3969196561201
2023-01-03 22:45:00,2698.3396679335865,51.25101878446403,27.682017179656185,135.01300001500792,6.481095837222402,936.6648680070024,3143.02779291985,10.389728394230886
2023-01-03 22:46:00,2698.73974794959,50.64216470600633,28.036912582718376,134.92854636928305,6.650886998686554,939.2841075634075,3177.547086891095,10.388696563292246
2023-01-03 22:47:00,2699.139827965593,51.82480861697679,28.017264872760023,134.94075912388172,6.439641639018838,933.8789534554904,3146.7523506187576,10.404602365246935
2023-01-03 22:48:00,2699.539907981596,53.032399084653534,27.37174580391686,135.69047443934656,6.192447027004692,934.610106902262,3125.874944859861,10.399240077996133
2023-01-03 22:49:00,2699.9399879975995,50.88765305185414,28.46011744827625,135.03609190901656,6.544259688938041,940.613583172968,3169.0729028623987,10.412415731025463
2023-01-03 22:50:00,2700.340068013603,49.63913928202849,29.362607931608057,133.48380139840725,6.787629143446027,945.3314711485436,3166.8235231267913,10.431585179155324
2023-01-03 22:51:00,2700.7401480296057,53.137848661609645,27.36941522359484,135.3232033661216,6.282411163282217,933.8827917702395,3125.5035780065164,10.372402403102152
2023-01-03 22:52:00,2701.140228045609,52.32521475168321,27.20423707492475,135.0300589125199,6.459898553305068,935.5658482802463,3116.7264967966967,10.387664534382921
2023-01-03 22:53:00,2701.5403080616124,51.004096680380876,28.789977185680854,135.23175316266295,6.5096274714730065,944.3427775482863,3141.1778027141686,10.42741942363547
2023-01-03 22:54:00,2701.9403880776154,51.31123855816692,28.344014734483938,135.27653422319761,6.457629414489529,942.800096100085,3153.864566247789,10.41478803504931
2023-01-03 22:55:00,2702.3404680936187,51.617193966008756,28.16485916871371,135.5019307258707,6.356488656505598,940.9362553261844,3153.7069387193856,10.399230873165349
2023-01-03 22:56:00,2702.740548109622,51.11828760739467,28.804537922894013,134.46182462448596,6.612239720230992,943.944434309566,3160.6765656056145,10.416357478433689
2023-01-03 22:57:00,2703.140628125625,50.92595413474507,29.172865859857957,133.33358900864187,6.5640353382965335,946.6585197381503,3177.600580019248,10.431178985572584
2023-01-03 22:58:00,2703.5407081416283,53.35712595219828,26.861945337284702,136.02803433086882,6.32105219331967,933.3454340132429,3092.833917955199,10.3553640832594
2023-01-03 22:59:00,2703.9407881576317,52.32694610786724,27.780984565961205,135.20153059362875,6.3529331956935,941.3394321144372,3141.831489735626,10.388768258973816
2023-01-03 23:00:00,2704.3408681736346,50.69437860965305,28.233805175718956,134.05936916703885,6.503908347268509,944.2665117136808,3158.5442467277244,10.408016434997739
2023-01-03 23:01:00,2704.740948189638,53.46197147313246,26.75445711357898,135.35958308592387,6.439900090135346,929.1700368913288,3127.0283180438933,10.370093229297906
2023-01-03 23:02:00,2705.1410282056413,52.14274967861616,28.03064831177297,134.37483053401854,6.571260824805129,938.0817127665597,3133.019036043587,10.375160521536136
2023-01-03 23:03:00,2705.541108221644,50.220672492028896,28.273011221168407,134.76658428486925,6.633712332037937,937.8687871140679,3173.2862188447352,10.421973746129526
2023-01-03 23:04:00,2705.9411882376476,51.32178163527659,28.834697943698803,134.04705468936837,6.444787184768927,936.5743422667074,3154.246653961388,10.390378364018463
2023-01-03 23:05:00,2706.341268253651,52.60791131892651,27.026445487874277,136.08274269661248,6.500367446143273,933.0598221189213,3122.2593344820025,10.376272220131295
2023-01-03 23:06:00,2706.741348269654,50.68669827410933,29.063993126125215,134.595730315108,6.524864625697227,940.814011498283,3160.7559216820778,10.417859551912649
2023-01-03 23:07:00,2707.141428285657,50.3127081270619,28.782901229309008,134.30398309703017,6.739439200074366,944.5073431775163,3164.5280330824844,10.438673471227068
2023-01-03 23:08:00,2707.5415083016605,53.03845656527353,27.146704176756828,136.09626475522177,6.390050335409736,929.2563407794295,3133.4859971936585,10.363192358209382
2023-01-03 23:09:00,2707.9415883176634,52.21190009671254,27.472165830683405,135.30631067929642,6.21221661189356,939.8619912015171,3125.1928013399815,10.393567653262776
2023-01-03 23:10:00,2708.341668333667,52.6598070406429,26.928070451304873,135.89923103383677,6.255295330549874,933.0141466453322,3134.311639693796,10.38202342844323
2023-01-03 23:11:00,2708.74174834967,52.195429327246735,27.769457420699787,135.49451463037548,6.3740946110077985,938.2616462636911,3132.9870842921932,10.400567279238546
2023-01-03 23:12:00,2709.141828365673,53.6724127329685,26.85258094271406,135.50807922365007,6.3363255313950475,933.20312880445,3126.708894121682,10.379184552426432
2023-01-03 23:13:00,2709.5419083816764,54.00199653115819,25.642048224622613,137.64517081601406,5.902694607414591,925.935514633976,3061.8784943215587,10.345607308842949
2023-01-03 23:14:00,2709.94198839768,51.0746681989699,28.835511551060044,134.12884748499343,6.675550487781634,945.148810308339,3161.6821665545235,10.415417208163532
2023-01-03 23:15:00,2710.3420684136827,49.93148933369012,29.485882634626204,133.69418053553287,6.776892825184488,946.3165257898111,3181.561629109441,10.429351194250502
2023-01-03 23:16:00,2710.742148429686,51.137247545589894,27.682230424256634,134.19264139954635,6.688354242537986,941.093666369731,3168.1474706732206,10.411636466563198
2023-01-03 23:17:00,2711.1422284456894,52.810491280893515,27.263916513576266,136.04760885391073,6.402735325969763,935.5202122455007,3125.358494790348,10.381463863947273
2023-01-03 23:18:00,2711.5423084616923,50.25846628270685,28.641514803632628,134.09186437181953,6.603690801020806,939.2352051167329,3159.5461799028644,10.411730567019381
2023-01-03 23:19:00,2711.9423884776957,51.11150433521526,27.929797353226324,134.55646130983627,6.5248344960982365,942.6298666283249,3163.8062983376426,10.394035102537748
2023-01-03 23:20:00,2712.342468493699,53.5182600749964,26.330807957008215,136.0127471519489,6.291068700847546,928.8307462456473,3106.747626194251,10.35825660828495
2023-01-03 23:21:00,2712.742548509702,50.55245700467069,27.733435089675325,134.59453125799595,6.602781041111344,938.6703887880785,3169.4813385989733,10.410741892369444
2023-01-03 23:22:00,2713.142628525705,51.2818903687562,28.931821842645082,133.5801751781757,6.453147503697635,940.2502932044758,3163.72252094372,10.414836408797404
2023-01-03 23:23:00,2713.5427085417086,51.82379307419106,27.876730140575763,135.76907449037398,6.616668287013604,939.947404074584,3129.593873715969,10.396021411276172
2023-01-03 23:24:00,2713.9427885577115,51.57472123749938,27.228804425580726,135.3651196840262,6.317715181912544,932.9562538336424,3149.126600153678,10.398755047786965
2023-01-03 23:25:00,2714.3428685737144,51.269390710440895,28.19867944823867,134.80735005299778,6.73901516939352,941.7138685449966,3154.9172194033863,10.39884873915596
2023-01-03 23:26:00,2714.7429485897183,52.39551257048277,27.92223325828248,134.13144470563716,6.563257483859229,941.5695586689387,3161.4754732060655,10.392880213150402
2023-01-03 23:27:00,2715.143028605721,51.030788318289076,28.14937568467695,135.34160081946794,6.4093579178500155,939.4934409514309,3144.843704992144,10.38899117960418
2023-01-03 23:28:00,2715.543108621724,51.8768433114498,27.819022402745134,134.71499174635963,6.2563297008449075,940.55245558951,3155.153830653096,10.39306858770871
2023-01-03 23:29:00,2715.943188637728,50.911711716645385,28.229598256479594,135.31443895011216,6.651040752010767,941.1048825139133,3178.2343368382813,10.408956526249263
2023-01-03 23:30:00,2716.343268653731,51.49230825614421,27.94038648720823,135.21626881362937,6.350795252737445,942.2037242742291,3152.431095540533,10.395661046663019
2023-01-03 23:31:00,2716.7433486697337,52.57159837543807,27.30975733202906,136.2603639098161,6.4289049749844365,935.844274193043,3132.865945686245,10.38276130777136
2023-01-03 23:32:00,2717.1434286857375,51.70811489313335,28.562989324514152,134.92527710845013,6.724391651173474,935.9608008628458,3169.258473800191,10.405034277400992
2023-01-03 23:33:00,2717.5435087017404,51.80603490782628,27.9720783254307,135.83639115307483,6.321778162770011,938.0330359050826,3148.7382959861256,10.384644844739471
2023-01-03 23:34:00,2717.9435887177433,51.78457075571609,27.551913263247908,135.7124568209012,6.469573426586018,939.597820660802,3132.666563540156,10.388787804983057
2023-01-03 23:35:00,2718.343668733747,50.844164158674936,29.129083930695312,133.95279581239853,6.596877959505783,946.2694446414686,3189.2636255092025,10.442927862033386
2023-01-03 23:36:00,2718.74374874975,51.798339432657784,27.600563347599707,135.0049201470687,6.632530007147781,945.9605341220006,3140.3307597649864,10.400993291762646
2023-01-03 23:37:00,2719.143828765753,51.530186419432326,27.673631511058748,134.54083772214648,6.515718915997359,939.4864232462728,3156.416157396359,10.39444842952041
2023-01-03 23:38:00,2719.5439087817563,50.75167725967144,28.990106636088107,135.18664950910647,6.681770705147133,944.4628956891353,3184.0712921385452,10.428499010338113
2023-01-03 23:39:00,2719.9439887977596,48.85518237179968,30.228096626398543,132.9421317854911,7.055673224073027,951.0101134587242,3214.2490673182365,10.452272205075724
2023-01-03 23:40:00,2720.3440688137625,51.605594624802414,27.91778410276481,135.17914330687123,6.526554309207441,936.702511280484,3136.572624593945,10.393545765285097
2023-01-03 23:41:00,2720.744148829766,52.92843896547035,26.530059174235095,136.10012535405818,6.223419071111912,933.3006220250082,3113.4575317613103,10.366061572431748
2023-01-03 23:42:00,2721.1442288457692,51.0740116636656,28.32528913476203,133.81253784577828,6.818242398789157,940.6399498261852,3169.46811645554,10.408621207563424
2023-01-03 23:43:00,2721.544308861772,51.41070205461678,28.45733591503316,135.32832719775138,6.418428328532461,935.057121350822,3165.91037226625,10.401184945296102
2023-01-03 23:44:00,2721.9443888777755,52.82779425267843,28.061317065378113,135.15395984601025,6.383134374929337,934.3706879784775,3121.4437511108704,10.373393153482024
2023-01-03 23:45:00,2722.344468893779,52.502943951595455,27.565367861731964,135.17427065660485,6.244378911057531,935.4037640735304,3131.6843365256095,10.365582639616273
2023-01-03 23:46:00,2722.7445489097818,53.524408210009966,27.613769478923256,135.77615980426648,6.165069470276985,936.8788686409761,3112.507220508374,10.387005483754887
2023-01-03 23:47:00,2723.144628925785,51.741731637140816,28.006209793040643,134.45605908472166,6.365845201736464,937.7147373286234,3158.056234220543,10.40144250273668
2023-01-03 23:48:00,2723.5447089417885,52.38016691344004,27.596278446997548,136.28443911533498,6.385991131114096,935.3709307170253,3130.8613383844295,10.394314057689998
2023-01-03 23:49:00,2723.9447889577914,51.247327549677834,27.680259502035124,134.89434322294653,6.532872123894112,943.0353056708676,3148.101202185887,10.38612585826575
2023-01-03 23:50:00,2724.3448689737947,52.16835289597535,27.926630099382585,133.74833276761268,6.5281279378711465,933.9128000522715,3149.0720638293988,10.386293095100239
2023-01-03 23:51:00,2724.744948989798,51.54565033414726,28.30813138711208,134.76988836118815,6.719122262145483,941.4356814260875,3166.514324512793,10.414094391802898
2023-01-03 23:52:00,2725.145029005801,52.147580290359954,28.159728049226267,135.32484465683987,6.517348854304287,942.5912293398118,3153.4570174112473,10.415084343983908
2023-01-03 23:53:00,2725.5451090218044,51.962111464714106,28.344273277422673,134.45421650424652,6.528278602617237,939.8293211099624,3169.2299523252796,10.402524902306155
2023-01-03 23:54:00,2725.9451890378077,50.98287439554551,28.844987578552114,133.56080143599252,6.768839675111286,939.8400301085752,3174.3905206889885,10.409974522398334
2023-01-03 23:55:00,2726.3452690538106,50.39945375793098,29.103811381900577,133.81821667487657,6.683397311880309,951.712972674998,3194.6121229322825,10.435810148799325
2023-01-03 23:56:00,2726.745349069814,50.36213236720213,29.012894656663217,133.81364001907022,6.545298450682075,947.9133448991507,3158.1056855991365,10.421627720004311
2023-01-03 23:57:00,2727.1454290858173,49.97068594856716,29.478870315489953,133.3333666918441,6.849318076693318,949.3677156441889,3180.8402618963974,10.452423546461729
2023-01-03 23:58:00,2727.5455091018202,50.91301041933721,28.58626059879508,133.50195800743677,6.841719234309783,945.3678266676085,3174.7427938547303,10.434404022549117
2023-01-03 23:59:00,2727.9455891178236,50.02033383047406,29.18647532991677,133.4437658166574,6.771928447718409,951.4556016171086,3191.3930142772897,10.446173751980545
2023-01-04 00:00:00,2728.345669133827,51.559090710111654,28.00412719685158,135.5751430766349,6.66929534478788,931.807645618757,3151.6774299322433,10.39346325480757
2023-01-04 00:01:00,2728.74574914983,51.582660101376845,28.835443631774186,134.82750057659666,6.645680689403999,941.0405341736688,3162.893862482663,10.410831962484385
2023-01-04 00:02:00,2729.145829165833,50.36380989775742,29.808006262084277,132.83581819366185,6.8251024878226785,950.4271093970438,3192.9197450326674,10.420758682957985
2023-01-04 00:03:00,2729.5459091818366,50.02797332837478,28.66010647061003,134.28030946635494,6.670941122903234,941.8056252082488,3165.5593900578892,10.4312426069131
2023-01-04 00:04:00,2729.9459891978395,53.096134766996954,27.106392390718142,136.15898246467466,6.434300694114441,934.4919586297328,3152.3155708393697,10.371947797393794
2023-01-04 00:05:00,2730.346069213843,50.7292681326927,28.086344619357934,135.16673917973247,6.462419179685526,944.0512894338362,3160.226524113147,10.42223083914281
2023-01-04 00:06:00,2730.746149229846,49.775233073002035,28.67127289546734,133.6885997385706,6.647253171842082,942.5264985583002,3175.1730671866553,10.416117413717862
2023-01-04 00:07:00,2731.146229245849,53.38159776679508,27.15407839684273,136.15447471198976,6.170415536208161,933.1225987236486,3116.3968900863897,10.371342021058501
2023-01-04 00:08:00,2731.5463092618525,50.290617255648705,29.261789890577116,134.0181046995073,6.6433325005416,948.5400564139676,3184.5615311943648,10.443399514635155
2023-01-04 00:09:00,2731.946389277856,51.916145365387735,27.82734530855675,134.7967156184863,6.573192044227741,940.5530447534246,3143.037762518087,10.39978248239121
2023-01-04 00:10:00,2732.3464692938587,52.78036732762963,28.35442072424959,135.0850599278471,6.575474430413105,939.9113248876313,3157.1485633998905,10.418263853001326
2023-01-04 00:11:00,2732.746549309862,51.26182961366484,28.349745340369452,134.39972586957876,6.707925693437079,940.9443637911784,3171.487926503473,10.398800447772535
2023-01-04 00:12:00,2733.1466293258654,51.79689556592519,28.600320163848522,134.45434593728828,6.498695774224174,941.9026080818267,3129.247371088764,10.408111613522887
2023-01-04 00:13:00,2733.5467093418683,52.381217180096264,27.776122269860437,134.84544210246673,6.549527590471374,939.6987547687145,3140.6861694944337,10.392770635693427
2023-01-04 00:14:00,2733.9467893578717,52.107355883939945,27.602576290180007,135.90153011506945,6.4477223309629155,939.2549159910382,3138.9505932114103,10.390952726202386
2023-01-04 00:15:00,2734.346869373875,50.37775928516297,29.612699423573993,133.06514601566636,6.7640583747820715,948.7239137612761,3211.52120919049,10.433281250443681
2023-01-04 00:16:00,2734.746949389878,52.09526148340793,28.26489215408907,134.43289355188944,6.432450823082476,940.9218896969993,3158.1502132950272,10.385296623736869
2023-01-04 00:17:00,2735.147029405881,51.497486185881996,28.90165082878918,134.7493311756215,6.3933289122987995,945.0975714716332,3176.27681637037,10.421608949144371
2023-01-04 00:18:00,2735.5471094218847,51.67459003686996,27.95045968061298,134.97126325533833,6.619351373381287,941.0083178014461,3155.9398347398237,10.408284654161445
2023-01-04 00:19:00,2735.9471894378876,49.52836930575377,29.67211529742467,132.99789097067008,6.89678849069373,948.1465915018132,3186.724866104739,10.458375136532485
2023-01-04 00:20:00,2736.3472694538905,48.90474644089372,30.168545520100054,132.60210787642518,7.256009664403329,950.8921464144702,3210.6597610765557,10.483774501813434
2023-01-04 00:21:00,2736.7473494698943,49.936384380989686,29.421566535614755,132.98662871896286,6.814283813614108,953.5200207955572,3204.0292250511297,10.432668049608983
2023-01-04 00:22:00,2737.147429485897,50.91876465165902,28.42231045189285,134.02381231628243,6.57531398706788,940.4537936414475,3184.9772871969612,10.418114591375861
2023-01-04 00:23:00,2737.5475095019,51.18829186134314,28.35043752652812,135.5829526387853,6.477088532324814,943.3555704166108,3171.141380007201,10.422893273508233
2023-01-04 00:24:00,2737.947589517904,52.06443150195098,27.648126361682827,134.97807548631343,6.567967456005645,937.7181475182769,3140.3209409660426,10.405739399457266
2023-01-04 00:25:00,2738.347669533907,51.22243195419682,29.04119933825369,133.85288717618826,6.726054902995127,938.6398671310727,3178.0854060123643,10.435463007006799
2023-01-04 00:26:00,2738.7477495499097,51.452455000813984,28.329269752908164,135.89363687302748,6.680583647610519,941.7454370366437,3144.5951109843336,10.39322679676226
2023-01-04 00:27:00,2739.1478295659135,52.826320317593144,27.07095357689691,136.00081032541672,6.2877211640217,936.1428976199139,3139.059102008232,10.377889555454061
2023-01-04 00:28:00,2739.5479095819164,50.29650997600706,28.572186203126844,134.2663093011014,6.809125643604637,946.4895652655781,3186.0425632911033,10.446591495706937
2023-01-04 00:29:00,2739.9479895979193,50.754874491470915,28.155062242840142,134.09470266327025,6.553691816774265,942.3145642493396,3161.9525783466975,10.397931595605973
2023-01-04 00:30:00,2740.348069613923,50.407372429026346,28.93394998328305,134.42877083308605,6.887215302642144,949.0671599074631,3172.071018704262,10.42424399012555
2023-01-04 00:31:00,2740.748149629926,51.04881374553305,29.111043734009204,134.2061138469341,6.814059925705394,949.6561998266244,3177.5084468298387,10.440438496471478
2023-01-04 00:32:00,2741.148229645929,49.03851667638666,30.16886569485301,133.25653815296863,6.738115368455172,947.2954082898764,3195.2893031320164,10.475053489831813
2023-01-04 00:33:00,2741.5483096619323,50.35382688651617,29.145364494016913,132.83216888687707,6.770644198897681,952.9358120246301,3174.388862897778,10.422519931755966
2023-01-04 00:34:00,2741.9483896779357,50.410343746727946,29.98069858883623,133.51349139797804,6.625107443265352,947.8926750065216,3185.513667797169,10.444892164818368
2023-01-04 00:35:00,2742.3484696939386,50.57993559222874,29.301868247813495,134.0590371415728,6.774956275466986,952.2973226883742,3183.6384448799267,10.459721848240465
2023-01-04 00:36:00,2742.748549709942,51.12124664924592,28.463339525070833,134.5422621285715,6.512771595732197,943.8538641347667,3171.0560602542064,10.431736150346806
2023-01-04 00:37:00,2743.1486297259453,50.73762718965597,29.05549757939176,133.99193375780825,6.613536333781254,945.0994997389962,3175.1956199642896,10.429062269125149
2023-01-04 00:38:00,2743.548709741948,50.33478265501552,29.221665680947844,133.91826722321775,6.68335731106775,947.3142805541645,3178.4570928439834,10.410608576349734
2023-01-04 00:39:00,2743.9487897579515,52.015711749240275,28.30423655611391,134.51542310356265,6.6041976371642015,946.3171648412525,3156.9397102921275,10.39928936285725
2023-01-04 00:40:00,2744.348869773955,51.047106264440906,28.835568164794957,134.06515075845184,6.627380365922367,945.4522498139464,3161.74730005275,10.429771531300187
2023-01-04 00:41:00,2744.748949789958,51.39054874130134,28.676216515399435,134.5468200026712,6.591334826633579,941.793214305858,3153.245414828561,10.417379354549803
2023-01-04 00:42:00,2745.149029805961,50.705520520115826,28.304279193004348,135.21245367397466,6.643503154144398,942.7159159565164,3168.6227363226562,10.404009134824827
2023-01-04 00:43:00,2745.5491098219645,51.85955370557448,28.563862653448847,135.19534332653996,6.476720426997608,941.0475939184199,3148.9385092862335,10.419016490671984
2023-01-04 00:44:00,2745.9491898379674,52.88207216384648,28.002022779330595,134.83189325073042,6.462021276840449,940.9260502086602,3145.2626768394857,10.396799754358518
2023-01-04 00:45:00,2746.349269853971,48.92750106855373,30.486154290203128,132.9686339718004,7.221797425421413,957.3407081733798,3214.8447512115577,10.455134781761123
2023-01-04 00:46:00,2746.749349869974,50.6700174817148,29.14162236647813,134.747245924929,6.620640075783041,942.668042262347,3184.461763327586,10.39800523149708
2023-01-04 00:47:00,2747.149429885977,52.0494857125458,28.018120026362173,135.04794065845837,6.607691808798598,945.5471113366939,3162.4339220757392,10.411169630287958
2023-01-04 00:48:00,2747.5495099019804,49.98472769101883,29.182875326676108,134.0763084791323,6.787086087868348,949.8693459403706,3180.3861447462155,10.454543693690832
2023-01-04 00:49:00,2747.9495899179838,51.45835176483153,28.185040663267447,133.97483795241698,6.707554512335473,948.737032504088,3153.8724042116814,10.419436779801238
2023-01-04 00:50:00,2748.3496699339867,50.716667984037095,29.197721540463426,133.63049742665677,6.781501810827748,944.4363481291797,3167.4771682129676,10.410507129677994
2023-01-04 00:51:00,2748.74974994999,51.47381297342475,28.31666430122032,134.77967293551907,6.722506880512273,943.4140153665294,3171.9389696980143,10.40297938132681
2023-01-04 00:52:00,2749.1498299659934,49.624442952923495,30.009344974771576,132.29898111089219,7.005205609971322,951.6463786199612,3223.92351899396,10.46918512427847
2023-01-04 00:53:00,2749.5499099819963,49.18008025632411,29.798543350231533,132.2050898286742,7.058541734905446,961.0791847129649,3214.743470423183,10.475583455466685
2023-01-04 00:54:00,2749.9499899979996,48.99417846189594,30.07407598232356,133.3189667501571,6.941608022710104,950.7286308688739,3200.663090880781,10.453081785229484
2023-01-04 00:55:00,2750.350070014003,49.56252309361225,30.270558152526576,132.44155953206635,6.868117128364618,956.4169484422549,3209.595444610934,10.460071327630022
2023-01-04 00:56:00,2750.750150030006,50.02341818052922,30.019541213944716,133.7186291289967,6.749809142365709,952.9819914479075,3196.1853342763297,10.458738326608165
2023-01-04 00:57:00,2751.1502300460093,49.221831678191116,29.896700544424927,132.62184892805485,6.898236374476564,951.4209132598772,3205.394503179952,10.471079994271511
2023-01-04 00:58:00,2751.5503100620126,49.446313611894894,29.979437446380736,133.48290683611515,7.010342087352862,949.7290180179098,3186.862628897765,10.4561181141836
2023-01-04 00:59:00,2751.9503900780155,51.342740585359294,29.168241865278205,134.0075778106656,6.733400589466882,948.3143542653196,3171.103207268203,10.42515462675623
2023-01-04 01:00:00,2752.350470094019,51.364886006513075,29.087884802485142,133.70501809639475,6.75930843748478,949.9214813339304,3179.197254071868,10.440610475954434
2023-01-04 01:01:00,2752.7505501100222,50.427393265377376,30.240402269359016,133.27399041341926,6.651276393294317,948.853403312834,3207.7658110564885,10.444655452884358
2023-01-04 01:02:00,2753.150630126025,48.41169176896054,30.564650303858006,131.94994116664043,7.1065523602903875,954.2829021757689,3230.0383888228034,10.475285877844668
2023-01-04 01:03:00,2753.5507101420285,48.7345056778205,30.29077224414018,133.06816311238015,6.92513995104697,954.0116379866322,3188.933357651777,10.451269325910252
2023-01-04 01:04:00,2753.950790158032,49.66681991364213,30.35853985994826,132.30452200217206,6.712505552737221,949.4780945833267,3206.5050241217896,10.466649780760287
2023-01-04 01:05:00,2754.3508701740348,50.14709455411976,29.570324711982177,133.14634994459567,6.906499733122507,950.9192814535188,3203.7405299130123,10.457960026046123
2023-01-04 01:06:00,2754.750950190038,50.813336507099784,28.632000491080483,134.3475377456781,6.557355291948706,949.1696473902083,3192.547566444072,10.410594868355176
2023-01-04 01:07:00,2755.1510302060415,52.72821545613622,27.737393513379704,134.38430543195332,6.437717539687336,941.566770259696,3169.174715297278,10.394112051083983
2023-01-04 01:08:00,2755.5511102220444,51.123669803170024,29.51384996534484,133.58181776802257,6.8539541652916665,945.1511842827161,3179.2167714297975,10.430630610155744
2023-01-04 01:09:00,2755.9511902380477,51.653371434795496,29.103114290820113,134.67633677222346,6.642017279783728,940.3959329533977,3173.7834944357633,10.427847550987611
2023-01-04 01:10:00,2756.351270254051,51.66191381109864,28.568533961064222,133.4200756190585,6.572393755424941,946.7176485045609,3166.9221033311164,10.40756599484155
2023-01-04 01:11:00,2756.751350270054,50.54691308943473,29.432346888339737,134.5386096586463,6.74758199130185,947.5765664648253,3185.847585254675,10.438365648917262
2023-01-04 01:12:00,2757.151430286057,51.243253511799495,29.29564319574753,134.45992179121487,6.688453995893476,943.4949044688825,3178.962324582224,10.439977575907786
2023-01-04 01:13:00,2757.5515103020607,50.495175781498766,29.19165098105845,133.06117183762882,6.769515309437121,950.2395911752654,3181.937196035729,10.435485818937233
2023-01-04 01:14:00,2757.9515903180636,50.251171138807806,30.07476263809575,132.2030494733295,6.757987116713089,952.5813136011776,3208.2810409088356,10.467676791227861
2023-01-04 01:15:00,2758.3516703340665,50.80130505746495,29.022948591056487,134.0793468778095,6.815125161917131,942.3016378321361,3160.9009553393034,10.426562260201315
2023-01-04 01:16:00,2758.7517503500703,50.61185605263142,29.802567720631522,132.67797257551317,6.7669897861949995,957.8206963575971,3201.6656036812265,10.471686907604886
2023-01-04 01:17:00,2759.151830366073,51.357249822474884,28.759011718670564,134.51197107218042,6.537195620848444,944.029594937379,3191.228194878162,10.449690086364543
2023-01-04 01:18:00,2759.551910382076,49.22194767354931,29.92783915311804,132.98558180410583,7.078256156536046,955.2520937921377,3223.2890559686934,10.470923021070956
2023-01-04 01:19:00,2759.95199039808,50.54608377923853,28.508542606390044,133.60542049771502,6.771832819859004,954.4546555044416,3194.523574720861,10.447870821439457
2023-01-04 01:20:00,2760.352070414083,50.67437059604095,29.457309164079845,133.62779768339092,6.742578685953655,949.0059260574493,3171.4181392156756,10.438202482355106
2023-01-04 01:21:00,2760.7521504300857,51.5998742737222,29.063699057509677,134.6923226458183,6.805460689417498,947.2390118423133,3187.305947606877,10.441396377813366
2023-01-04 01:22:00,2761.1522304460896,49.48015683582703,30.62037404594777,132.63623280099233,7.021829842573721,951.6894099149999,3236.3292211027665,10.483451928429957
2023-01-04 01:23:00,2761.5523104620925,49.95279206181467,29.529933867014183,133.1861368485805,6.9720612206868005,958.4631888150911,3201.2604910251753,10.475150769390162
2023-01-04 01:24:00,2761.9523904780954,51.96840705047466,28.677285483916624,134.7307086686654,6.7531740161159926,947.6664389376501,3176.75795611943,10.431083466193561
2023-01-04 01:25:00,2762.352470494099,50.48993973854758,29.33268987791093,132.92637375285776,7.003232581923255,944.8799139901738,3189.659189172272,10.460786934015774
2023-01-04 01:26:00,2762.752550510102,49.73474453128493,30.083188905456726,133.3207481028936,6.9519119576024115,958.1766683742585,3205.7700169073787,10.455120926040395
2023-01-04 01:27:00,2763.152630526105,51.38816601006512,29.32731205057889,133.6402346441856,6.719655208284623,947.3436470792165,3179.5805993217846,10.438986462208362
2023-01-04 01:28:00,2763.5527105421083,50.88063670932888,29.283214336912586,133.92082507734744,6.82641627897252,946.4385085790447,3184.526366348993,10.447550661102783
2023-01-04 01:29:00,2763.9527905581117,49.92585236176026,29.584894485084508,132.9284852299936,6.952737337192808,949.9111748251722,3193.9718600673905,10.44838324264952
2023-01-04 01:30:00,2764.3528705741146,50.85457018557338,29.17378821275301,132.497926654088,6.824976874974313,949.631805085035,3180.862647152959,10.451199897633021
2023-01-04 01:31:00,2764.752950590118,50.47001399538372,29.383165024818048,133.70560553996896,7.043433859529577,952.7667914782945,3188.3857685867215,10.459278325019255
2023-01-04 01:32:00,2765.1530306061213,51.1333851471696,29.40579746548754,133.2251186993289,6.5186615282326095,943.5479864933085,3176.2827312047534,10.443158112207056
2023-01-04 01:33:00,2765.553110622124,50.13161257716152,29.640090648764893,133.3244658398363,6.616151457988319,947.3376817784011,3167.1358404774405,10.432372651924782
2023-01-04 01:34:00,2765.9531906381276,49.70228095463049,29.869716876696103,132.64818110835998,6.793416564250091,962.5400484963243,3184.507713367482,10.465873603238553
2023-01-04 01:35:00,2766.353270654131,49.611215063745234,29.032083535362517,132.3981303956341,6.972264726228266,950.9066262944256,3207.0600204061748,10.443193674517566
2023-01-04 01:36:00,2766.753350670134,52.12984610417248,28.11407046005631,134.3740315014456,6.567864722671765,943.3390576048815,3141.8853106030115,10.400861529634152
2023-01-04 01:37:00,2767.153430686137,49.60295320897184,30.02775534756064,133.10873673270265,6.799221376029342,948.8716204707439,3201.7578637826837,10.476604752403937
2023-01-04 01:38:00,2767.5535107021406,49.63218811079188,30.186370569376802,132.73537893095195,6.940810680075805,948.1270146854997,3214.990768853385,10.462446784113855
2023-01-04 01:39:00,2767.9535907181435,51.60337955014977,29.259920588506,133.83041514237462,6.722025931831376,950.4457308310131,3163.2842969168432,10.424032923188236
2023-01-04 01:40:00,2768.353670734147,50.35470117225085,30.182610491273984,132.49539746925052,6.722616220884936,955.478617890632,3190.19489725131,10.45958569095562
2023-01-04 01:41:00,2768.75375075015,51.63606824099678,28.60039731539243,134.08776148703643,6.721482367343781,950.5976613333281,3168.61628000046,10.422870646864032
2023-01-04 01:42:00,2769.153830766153,50.77660788431074,29.713230441292637,133.21235787225828,6.734332652067747,949.2404844569456,3202.9468631440777,10.444336809707336
2023-01-04 01:43:00,2769.5539107821564,50.828790010361864,29.857103254322,132.5785611177695,6.9175406940620485,953.1018525580649,3192.4756997759896,10.442639812632319
2023-01-04 01:44:00,2769.95399079816,50.406825869110456,28.762360916718006,133.91997923159553,6.597544186039474,938.0513175803422,3176.040877014168,10.424387298092148
2023-01-04 01:45:00,2770.3540708141627,49.06266525505288,30.837820921776146,131.63121010539155,7.117280011301136,957.6526942153812,3220.3213423114057,10.470567212930781
2023-01-04 01:46:00,2770.754150830166,49.43850187645103,29.766195509755935,133.516818830975,7.048063463694845,954.3692528785172,3207.1421402713204,10.458653156314705
2023-01-04 01:47:00,2771.1542308461694,50.934145800291134,30.108923474656006,133.29417407427707,6.924638395748944,946.7438811552231,3204.5870665383895,10.435516094571556
2023-01-04 01:48:00,2771.5543108621723,48.39594559337249,30.243122628575478,133.6195914451298,7.122970155256091,958.5743311493133,3250.271465602886,10.49064909907562
2023-01-04 01:49:00,2771.9543908781757,50.369270007292535,30.089911233775243,133.74032471544407,6.869543862132769,949.628870900005,3195.0025184201627,10.44917389114837
2023-01-04 01:50:00,2772.354470894179,52.97462372818799,27.514503841402647,134.91911774252617,6.353401571421197,939.8527595289617,3165.679416513616,10.40455823372793
2023-01-04 01:51:00,2772.754550910182,50.30377770501198,30.06533913306979,133.76231608910714,6.787032136929429,948.1341704762876,3200.7239367972898,10.449929259074718
2023-01-04 01:52:00,2773.1546309261853,49.61794368131478,30.33140113658276,131.28123454883408,7.05673698538156,960.3415045116369,3223.97303306581,10.461852020161684
2023-01-04 01:53:00,2773.5547109421886,49.96725802239591,30.340503484670556,133.19758768198113,6.964998203637654,951.9579196886402,3188.79611843206,10.465843086332622
2023-01-04 01:54:00,2773.9547909581916,51.32192846977219,28.74937710107173,133.3517196943405,6.614910371468871,945.4924605608702,3179.2380632202207,10.454328387152161
2023-01-04 01:55:00,2774.354870974195,47.93153248451797,31.47939078399635,131.16048139941933,7.385060250288007,960.0872239397142,3250.200970583847,10.508772790731632
2023-01-04 01:56:00,2774.7549509901983,50.355209751138275,30.027115514611705,132.87839734325067,6.762763236171074,949.1480559373199,3200.4624456022043,10.47544845228761
2023-01-04 01:57:00,2775.155031006201,50.92398372344345,29.801344597448637,133.1964449083705,6.978071673562255,949.2935690735226,3187.8358896842788,10.450229886885365
2023-01-04 01:58:00,2775.5551110222045,50.94382621950388,29.515635220366697,133.46560641435389,6.827631419007423,950.3380943275971,3182.8700784999955,10.448484262166085
2023-01-04 01:59:00,2775.955191038208,50.611124265011796,29.917296280491268,133.34344460665912,6.965170148651021,947.6274625383553,3215.4993469376136,10.45324279420013
2023-01-04 02:00:00,2776.355271054211,48.65264604611442,31.287871424849957,132.01213425755157,7.24031433781285,958.4694239083224,3242.3993132639075,10.499692853743356
2023-01-04 02:01:00,2776.755351070214,49.1397282269562,30.241138693351065,132.55261593544014,7.237844710533502,956.1065311777712,3195.0088779198422,10.484406178918352
2023-01-04 02:02:00,2777.1554310862175,48.7986241032717,30.562703176026535,131.2047670399377,7.1643729485602465,954.5989582768251,3226.719569020057,10.489285862634324
2023-01-04 02:03:00,2777.5555111022204,49.34144125464751,30.563134057573034,133.5987797286982,7.017230307596345,955.1650061930335,3224.7690971519646,10.472714081783606
2023-01-04 02:04:00,2777.9555911182238,51.360593199459245,28.784802431719235,134.15802737704558,6.670480084811327,945.333570842052,3188.8547414831432,10.414490727608351
2023-01-04 02:05:00,2778.355671134227,50.54558545139238,30.17098030060544,133.16438981627343,7.094728933052094,952.2055132414027,3200.584068593562,10.46976934994641
2023-01-04 02:06:00,2778.75575115023,49.36749489268446,30.503655128204503,132.49075790002436,6.874813209732997,952.0556362917065,3210.2262035528615,10.47083429307896
2023-01-04 02:07:00,2779.155831166233,50.27966531258705,29.759418511553815,132.5990089039966,6.837702187737679,951.0496643597249,3203.318878003989,10.450479457882679
2023-01-04 02:08:00,2779.5559111822367,50.55328320333322,30.379896058893856,132.90685436948118,6.993576266873996,952.7437495780939,3214.449501261831,10.45925534044746
2023-01-04 02:09:00,2779.9559911982396,49.95331626879179,30.746348158916895,132.59453180918902,7.037243361259575,960.4677659332683,3202.647475031522,10.475819445833583
2023-01-04 02:10:00,2780.3560712142425,50.96308469439582,30.11057839940337,133.7573213129907,7.0070407896801115,951.1801190525955,3180.341771559935,10.44699300495297
2023-01-04 02:11:00,2780.7561512302464,50.331290569691255,29.711644317627954,134.20482681102627,6.763493449577137,954.7134711099586,3211.4516906923886,10.455505280120306
2023-01-04 02:12:00,2781.1562312462493,50.22125303571176,30.57170513151185,133.4007827199318,6.999813237017058,957.8790824405922,3202.438678600387,10.453930839623073
2023-01-04 02:13:00,2781.556311262252,48.95556074366714,30.89754038623928,131.37519583625328,7.075299094522757,952.0354087629935,3244.334320907342,10.476922050202269
2023-01-04 02:14:00,2781.956391278256,50.77277090316117,29.81555766147138,133.1462886615507,6.744534427676374,948.5968622931642,3184.657667785651,10.437086291577087
2023-01-04 02:15:00,2782.356471294259,51.260088902743924,29.79834855686694,133.87289657203678,6.868451942783708,951.8027565258204,3182.6840755082544,10.44085391401697
2023-01-04 02:16:00,2782.756551310262,50.130312929005285,30.131235030500378,132.76695440027103,6.931283838633788,952.4019249005262,3207.8967383713825,10.451208712956637
2023-01-04 02:17:00,2783.1566313262656,49.70417634763752,30.24342971133601,132.55256821309186,7.012121520931243,953.7997055824487,3193.3609215731476,10.467175502276199
2023-01-04 02:18:00,2783.5567113422685,50.8452165198615,29.205959612043834,132.38833590660974,6.751000448064286,951.2281496906223,3219.68647189303,10.468770757256877
2023-01-04 02:19:00,2783.9567913582714,50.38956284857705,30.08135883915557,133.71412850933422,6.840658673138904,953.3699472395093,3192.5294446612115,10.46093932808376
2023-01-04 02:20:00,2784.356871374275,51.39327988274471,29.657892497709955,132.51157218569745,6.73382228333613,948.9576377272006,3182.9668867015234,10.45252735924368
2023-01-04 02:21:00,2784.756951390278,49.5422136219364,31.137235696140735,131.57752613828168,7.15755961012612,954.5432405129153,3208.6357676622383,10.4920626702395
2023-01-04 02:22:00,2785.157031406281,50.119003677218814,29.71884542859051,132.16495352190353,7.107619001631504,946.4876067322241,3215.689830429753,10.474956037765091
2023-01-04 02:23:00,2785.5571114222844,50.501961486868396,30.31132364284785,132.9131095066037,7.109599581057807,952.0302143396951,3207.2585040908925,10.447100625259145
2023-01-04 02:24:00,2785.9571914382877,49.10681341847989,30.982376872414022,131.12791924937034,7.206560920184191,956.7107215229128,3220.2928507507413,10.478656571733959
2023-01-04 02:25:00,2786.3572714542906,50.79883487597777,29.706037529410445,132.6577100550928,6.858698470041561,947.5509650363148,3184.603085816295,10.427264062017954
2023-01-04 02:26:00,2786.757351470294,49.71109676169169,30.287976538780523,133.05705363032968,6.998544437369203,954.068937978449,3227.6837331520046,10.477541988843708
2023-01-04 02:27:00,2787.1574314862974,49.799832488234834,31.24689005148533,131.96680107616749,7.194085532959985,956.1137070483809,3222.8300923611996,10.478709037939431
2023-01-04 02:28:00,2787.5575115023003,51.737235432346786,29.519758424976146,133.88107591755787,6.8094874960108465,948.2990640899098,3168.4084392083178,10.434366712674727
2023-01-04 02:29:00,2787.9575915183036,50.36929732699683,29.805273450657136,132.23389054970616,6.947976597969089,951.6929215353344,3205.8004639402866,10.461240906305264
2023-01-04 02:30:00,2788.357671534307,49.28542163448207,30.879804926989266,132.14275349210962,7.087029983028297,957.8512416830457,3221.458164025095,10.478824939928433
2023-01-04 02:31:00,2788.75775155031,51.159281216391335,29.744321498560705,133.39957949748776,6.94915793527117,949.461225631066,3210.3666245431777,10.445629652981458
2023-01-04 02:32:00,2789.1578315663132,49.77157956748285,30.796701137784538,131.85906678454003,7.051196494619762,959.8232195930927,3217.9327649753372,10.479469157226717
2023-01-04 02:33:00,2789.5579115823166,50.64775852948826,30.752331601770678,132.5544819361785,7.1589964868988325,952.5136534559975,3211.450526717566,10.468773361467752
2023-01-04 02:34:00,2789.9579915983195,48.863243738738156,30.818596094856918,131.14832969556485,7.14776194530515,962.288925105908,3229.6774327324033,10.47168814553737
2023-01-04 02:35:00,2790.358071614323,50.045928752250376,29.9612896146751,132.58170745556163,7.034691250273134,958.587705556077,3214.6272326858693,10.48154503125487
2023-01-04 02:36:00,2790.758151630326,50.59466283098607,30.43132041937927,132.42494849007463,6.936122524884664,958.316179193134,3217.7510390728726,10.493017819562322
2023-01-04 02:37:00,2791.158231646329,51.1414488226133,29.24456250753638,133.6810155273734,6.742462061961611,947.7021570278863,3171.5746076145597,10.438474193468346
2023-01-04 02:38:00,2791.5583116623325,50.91135713031101,29.857178963697493,133.66205988637222,6.932498220237163,949.4450181734867,3194.6421526710947,10.475605131146278
2023-01-04 02:39:00,2791.958391678336,49.69096938900777,30.755423869459158,132.79268659866014,6.987353567842184,952.5222498758737,3218.6902762142263,10.467016754298122
2023-01-04 02:40:00,2792.3584716943387,51.12071124682691,29.22304256965018,133.03204885983126,6.976936223519648,955.8083949029326,3209.6105486053266,10.451735694170294
2023-01-04 02:41:00,2792.758551710342,50.51397079423489,29.964888146612278,132.4052738475319,6.898531296238114,955.1691777123087,3198.443012061588,10.460894391802976
2023-01-04 02:42:00,2793.1586317263454,49.70579143316507,30.443511001535626,132.9440223584577,7.07692168294704,952.8441163802624,3216.560288386397,10.479911308153095
2023-01-04 02:43:00,2793.5587117423484,49.72855486062531,30.265845286579296,131.70168459602132,6.940785680404067,958.2643299574337,3235.4990999124857,10.490496939133093
2023-01-04 02:44:00,2793.9587917583517,49.57538164001933,31.07012038497092,132.2228733664608,7.225839868729057,955.5594786071232,3226.9300660161193,10.470845988215302
2023-01-04 02:45:00,2794.358871774355,51.95271603819959,29.38134290658279,133.03050673039823,6.726954961767737,947.8025173375288,3180.653819723194,10.430576917599545
2023-01-04 02:46:00,2794.758951790358,49.99991447611621,30.735591718791216,132.8136289142391,7.231037060489174,957.908759584928,3237.6690673312764,10.495992971076891
2023-01-04 02:47:00,2795.1590318063613,49.959179155260706,30.457868936464305,132.84117476322874,7.1477082287563185,959.9146613805125,3221.717924725864,10.474957371402507
2023-01-04 02:48:00,2795.5591118223647,50.48421041637562,30.359644975814422,131.64040812272822,7.029162042769565,954.7318042597719,3211.6100847331286,10.481384442704671
2023-01-04 02:49:00,2795.9591918383676,51.72919670569305,29.50756579270963,133.99607066702325,6.8887135882888515,946.7648267676974,3181.0309825831337,10.442899072377415
2023-01-04 02:50:00,2796.359271854371,51.23569688382626,30.401888667181694,132.98630193021125,7.01651669523601,952.9479376635312,3201.1808104752,10.465182580357565
2023-01-04 02:51:00,2796.7593518703743,50.333484672072714,29.83652641027107,133.34916723810395,7.034670118503939,954.8809576366124,3207.9040308143785,10.463236701855342
2023-01-04 02:52:00,2797.159431886377,49.903185914023744,30.001929546410768,132.9954416783992,6.887651516174764,955.1236860981161,3199.0845335859367,10.464760423745407
2023-01-04 02:53:00,2797.5595119023806,49.352305416106894,30.070013709260675,131.93388319616452,7.10619332660286,955.0299259986311,3226.7173273173617,10.45628549130994
2023-01-04 02:54:00,2797.959591918384,47.828806541797455,31.526950697805393,131.23560941838494,7.342356573934323,955.7352993035223,3247.639464395555,10.514272948524226
2023-01-04 02:55:00,2798.359671934387,50.948561985122446,29.630525768286883,133.68106082079854,6.811632757085205,945.2456085909929,3209.721735786964,10.458376901585282
2023-01-04 02:56:00,2798.75975195039,51.8837046525458,30.04297738480375,133.0232367834373,6.958948116769684,948.976004178869,3205.2398536343244,10.428917653343044
2023-01-04 02:57:00,2799.1598319663935,49.109717917452826,31.453239314029354,131.45165421808622,7.1877513057988915,958.0966037768732,3234.4365364391338,10.515163238992324
2023-01-04 02:58:00,2799.5599119823964,49.95237111070883,30.74067404342675,133.16764715014475,6.891832717353861,952.4600169973809,3214.4570142323523,10.475449198861313
2023-01-04 02:59:00,2799.9599919984,51.55148006570416,30.30424271750376,132.7458127404335,6.596207132198127,949.5789034526839,3203.282439917577,10.462578343105031
2023-01-04 03:00:00,2800.360072014403,49.43696401225019,31.21251334642667,131.14395375257382,7.2293770608208066,964.5907650812876,3227.7750747337927,10.491817608347791
2023-01-04 03:01:00,2800.760152030406,51.30852312850507,29.756467461346404,132.58047709491197,6.722762333932068,950.7882026487781,3207.1504090790545,10.462181709609304
2023-01-04 03:02:00,2801.160232046409,49.813213416811905,30.658527769716976,132.1422483342547,7.110276143113227,959.9821482433173,3226.02613383966,10.491869204772284
2023-01-04 03:03:00,2801.560312062413,48.87433450886615,31.203030298717344,131.00828777829219,7.310575744709917,961.0810356435495,3242.367172919481,10.50408493217221
2023-01-04 03:04:00,2801.9603920784157,51.71674279350528,30.716450710263146,132.69705878378153,7.003511883414818,945.773361015159,3208.3720214727946,10.471335354024546
2023-01-04 03:05:00,2802.3604720944186,51.430772103979486,30.188114577749527,133.60289690928875,6.888890344859058,950.9508364874631,3207.1575520371316,10.449175766984867
2023-01-04 03:06:00,2802.7605521104224,49.92030532803363,30.674639907751345,132.30821049228197,6.918594728778853,951.8923660589422,3221.8364325136463,10.483754898899482
2023-01-04 03:07:00,2803.1606321264253,50.858167597720524,30.198300563924427,132.80643000474785,6.8802491583793906,955.7088136271827,3197.804705789108,10.455178959474681
2023-01-04 03:08:00,2803.560712142428,49.72257447673805,31.175742110744736,132.09584989014866,7.228346098043709,951.8487107847466,3224.3814612338833,10.486294112827922
2023-01-04 03:09:00,2803.960792158432,51.58392577652786,29.61718630003303,133.30411532859887,6.93008576428811,948.4298927849954,3187.6609052920107,10.450989808628625
2023-01-04 03:10:00,2804.360872174435,49.83087432384693,31.315890085813127,131.97531548429058,7.383064306198145,958.1820622871413,3239.853547265857,10.523026211617646
2023-01-04 03:11:00,2804.760952190438,48.894558212006984,31.06221078670667,132.51694197897336,7.1480573738864495,956.2494909194992,3238.3305359514734,10.479584514653961
2023-01-04 03:12:00,2805.1610322064416,51.57804049501378,29.55766056116224,133.47241167434717,6.742257394227363,950.3724465365907,3189.104961047452,10.450463686858408
2023-01-04 03:13:00,2805.5611122224445,49.589005061169196,30.621211855465603,133.33378981163975,7.1123337441371355,955.524591021415,3224.983213473291,10.488611523740003
2023-01-04 03:14:00,2805.9611922384474,50.844360079333526,30.508151688130265,132.8867405823206,7.028339369561272,954.1444474315364,3207.7987431153306,10.457766515654695
2023-01-04 03:15:00,2806.3612722544513,49.324388121646216,30.953245812597984,131.28887964924098,7.220462558009358,960.9176263492418,3254.286525413923,10.503534120836928
2023-01-04 03:16:00,2806.761352270454,51.61123635218117,30.258180051613696,133.90884354462742,6.90967692206241,953.7497529719938,3234.5000151904774,10.470082477083668
2023-01-04 03:17:00,2807.161432286457,50.38959531001124,29.99951974322397,132.82111260008452,6.693232408084381,953.4875526903099,3220.329892240079,10.447604096582117
2023-01-04 03:18:00,2807.5615123024604,49.316156906043986,31.53601598583418,130.66625913268044,7.224035869915874,965.5400209472876,3264.834438718728,10.508345718547938
2023-01-04 03:19:00,2807.9615923184638,48.774636809052936,31.184519461324385,132.86199740564308,7.270678013966749,954.3002291925881,3246.1381251607822,10.516830183973706
2023-01-04 03:20:00,2808.3616723344667,50.04901823180859,29.770419760131773,132.16660081786293,7.062878519966941,956.4898037949418,3213.684104191977,10.458098509725541
2023-01-04 03:21:00,2808.76175235047,50.44326886345366,29.848693791126028,132.53783489064753,7.046319985281089,948.9727199261678,3186.36860666363,10.457889781047717
2023-01-04 03:22:00,2809.1618323664734,50.53288615169661,30.266937584055388,132.1274810972996,7.097154648116851,953.2207076567663,3208.9975048683723,10.476251859612066
2023-01-04 03:23:00,2809.5619123824763,50.25479633732934,30.303961807067786,132.6943765868131,7.090987991892066,954.2928870626554,3206.9109151178504,10.471680580113507
2023-01-04 03:24:00,2809.9619923984797,48.159033050583865,31.233242136844854,131.54825161499042,7.425195336910116,964.0841743710226,3266.5354800947966,10.513385187725866
2023-01-04 03:25:00,2810.362072414483,49.109384314462396,31.73683157531202,129.99604044089673,7.299286330022339,963.0512840089235,3250.68301949306,10.511209860939976
2023-01-04 03:26:00,2810.762152430486,50.209313825519104,31.21197271068421,132.52410452089362,7.139564781755083,954.30965117454,3221.781984713706,10.487818558264486
2023-01-04 03:27:00,2811.1622324464893,50.39246324519347,30.65285187731114,132.03469190985507,6.7915225943851745,960.5738192065677,3203.2292242967883,10.487743649052975
2023-01-04 03:28:00,2811.5623124624926,49.03451143713189,31.805364622209833,131.1378257182314,7.226415788037966,960.07151704019,3270.66752422306,10.518117169455591
2023-01-04 03:29:00,2811.9623924784955,51.59902870329976,30.185709329310274,133.51806740923,6.945557568242874,951.4890279979304,3217.7205621257804,10.474581059883556
2023-01-04 03:30:00,2812.362472494499,50.913567620660416,29.892174317905585,132.74809342489615,7.000141102444209,949.9424628922294,3221.9800491353067,10.473123776612653
2023-01-04 03:31:00,2812.7625525105022,50.732497247388444,30.702693161014633,132.52166490930364,6.992439698871959,951.6512107472062,3216.7016813235346,10.465430530273629
2023-01-04 03:32:00,2813.162632526505,49.00672433769933,32.01167113854293,131.16816231714284,7.4187272202227525,958.0113554105453,3250.148747305302,10.515384509575433
2023-01-04 03:33:00,2813.5627125425085,48.86027390828395,31.157719489253683,131.8267853650052,7.1821067877020095,961.6807846992441,3241.36230350356,10.51779099736951
2023-01-04 03:34:00,2813.962792558512,50.771656142690695,30.486147088242674,133.1832900153382,7.179148239575221,957.1292096825904,3220.662441286661,10.462663485755295
2023-01-04 03:35:00,2814.3628725745148,50.8602721899637,30.133306276340523,131.55502616185163,6.882163422406306,950.2841252505406,3227.322970200606,10.453051458766325
2023-01-04 03:36:00,2814.762952590518,49.34514295693595,32.37855366040966,132.01917762854396,7.202967149881256,957.1259631898581,3231.907358609417,10.520613175155729
2023-01-04 03:37:00,2815.1630326065215,51.57559029364389,30.04613000094337,133.79439788941028,6.860827803906616,950.9099220830893,3202.363855581088,10.444394825720348
2023-01-04 03:38:00,2815.5631126225244,49.82833428992418,30.053754522365768,132.6251050279254,7.019219028205148,955.6068476861403,3223.6201212065093,10.47773540926285
2023-01-04 03:39:00,2815.9631926385277,50.68587301701881,29.4459100856048,132.56955343249012,7.071079621771609,952.9908970304108,3204.6122367680605,10.45723655291905
2023-01-04 03:40:00,2816.363272654531,50.60653390577995,31.136031401361254,131.50698202376776,7.099282583535095,954.1222837092129,3237.7367618791786,10.501823624747981
2023-01-04 03:41:00,2816.763352670534,48.74327466345253,32.59780321999881,132.3286292162568,7.304498039665841,961.970124010647,3235.371385833627,10.518597870214453
2023-01-04 03:42:00,2817.1634326865374,50.98669780324949,30.109595652033356,132.35362015927498,6.901162736623562,957.499212646365,3227.3413703660162,10.473729100270596
2023-01-04 03:43:00,2817.5635127025407,50.06024330865129,31.03125055710326,132.62532435080732,7.152944880114649,954.694436866609,3219.8547128633577,10.494561766589044
2023-01-04 03:44:00,2817.9635927185436,50.23238484599567,30.9779335528259,132.34655436227126,7.138863465942112,956.5300390918371,3214.664291304785,10.505413294173563
2023-01-04 03:45:00,2818.363672734547,51.46121012378706,29.938520699028842,133.84490578147503,6.950385997345846,954.2049993269644,3203.58572486898,10.45790063932718
2023-01-04 03:46:00,2818.7637527505503,50.62460516347708,29.911557363879925,132.16606616783653,7.06451164464978,952.6993904396677,3214.8522404241107,10.483679716014493
2023-01-04 03:47:00,2819.1638327665532,50.995906917720305,30.792381908525883,131.7150069464484,7.139196934238139,956.3076248243647,3220.410437011374,10.487006809928115
2023-01-04 03:48:00,2819.5639127825566,48.72558593585625,31.73981210284912,131.0773186822283,7.377514405884195,958.8709332779468,3257.720698052245,10.532551191677817
2023-01-04 03:49:00,2819.96399279856,49.63571501920233,31.834806950775942,130.73700459002026,7.147528695982544,962.4355528480635,3244.9961457127597,10.502913323510123
2023-01-04 03:50:00,2820.364072814563,51.55914875585672,30.132317914449825,133.97791631406076,7.002939832104397,953.9003176074947,3198.7708881945227,10.450567544697465
2023-01-04 03:51:00,2820.764152830566,49.82973786292754,31.202327541352055,132.14895530892653,7.132086972529672,954.208868227057,3233.026643835232,10.491132670087266
2023-01-04 03:52:00,2821.1642328465696,49.68934903035032,31.98243113121557,131.66308367770827,7.359398597597411,963.797889361278,3249.5568335413836,10.529215411434697
2023-01-04 03:53:00,2821.5643128625725,49.53023261514239,31.886339817233107,131.82415060960147,7.282761462652562,958.1096202844113,3257.3956648121434,10.49932444491887
2023-01-04 03:54:00,2821.964392878576,50.396926934176,31.23090514169513,131.4921966182376,7.297916265014685,957.979284026545,3236.287996603104,10.497742240268641
2023-01-04 03:55:00,2822.364472894579,52.22940471915161,29.669893686847594,133.31906279563358,6.775895629317547,951.3108787563137,3196.891159865497,10.445376531560658
2023-01-04 03:56:00,2822.764552910582,50.450350858280395,31.09645689579788,132.14463727393573,7.1113760761499165,954.0848486811174,3247.239482932,10.486593809584008
2023-01-04 03:57:00,2823.164632926585,50.05142367854566,31.473923132515903,132.63727195951208,7.11610091022846,957.8673924234778,3227.323526915913,10.513161556995541
2023-01-04 03:58:00,2823.564712942589,50.58956872163981,30.812861466770297,131.22123847368715,7.189199759196048,962.0464021725957,3231.4580070532675,10.498551268953156
2023-01-04 03:59:00,2823.9647929585917,50.212160549853046,30.818390652851008,131.43569269598044,7.039678559478789,952.4573344373431,3223.975244210151,10.51641982808931
2023-01-04 04:00:00,2824.3648729745946,49.34375622107683,31.301326332677515,130.88449038330322,7.3845246703614915,967.2046100682513,3270.9730356800533,10.527784072397965
2023-01-04 04:01:00,2824.7649529905984,50.589966842545635,30.985230686866338,131.90789838383023,7.0914310035667105,951.6796934958878,3240.222524248428,10.483970739513266
2023-01-04 04:02:00,2825.1650330066013,49.85566276998439,31.779097055749123,130.3727207848788,7.360045271174984,960.6394485276516,3269.2270198721203,10.515992996381375
2023-01-04 04:03:00,2825.5651130226042,51.715514862049744,30.47982063456535,131.4138862788351,7.062795114242449,953.8775122296669,3215.0409439243736,10.470330502967416
2023-01-04 04:04:00,2825.965193038608,51.07550718597848,30.676092068735922,131.53159887046482,7.076059009881137,956.7134631159714,3221.9377876630383,10.464317569998883
2023-01-04 04:05:00,2826.365273054611,50.942981129495294,30.303537794163216,132.94524916765624,6.936579836065751,956.0855205723971,3214.8666733434698,10.467551462438676
2023-01-04 04:06:00,2826.765353070614,50.42102101064038,31.29983926709211,131.65998455235786,7.1671923551623555,959.6012478035667,3246.651825623774,10.507647296814607
2023-01-04 04:07:00,2827.1654330866177,50.296119236882454,30.827903865017127,132.45341897761068,7.134257780302185,955.983909488195,3216.2356678499077,10.498126113702462
2023-01-04 04:08:00,2827.5655131026206,51.22285729789773,29.743530598224925,132.7824455597418,6.884554542165103,955.920608528636,3188.520135811544,10.444559107487294
2023-01-04 04:09:00,2827.9655931186235,51.68144400317006,30.423528119750564,132.8018902477679,6.945008279186739,954.8543636590364,3203.106394168421,10.473063409412458
2023-01-04 04:10:00,2828.3656731346273,50.91797346223157,31.8200510222014,132.73975076944234,7.326624646706575,961.4166445877635,3250.652089558719,10.490247694107463
2023-01-04 04:11:00,2828.76575315063,51.65105342521206,30.98227157330674,133.12895082204506,7.083641148778472,954.1791559053556,3215.463059642735,10.471110018948496
2023-01-04 04:12:00,2829.165833166633,49.87503341651459,31.471758293078707,131.99114086301023,7.292192422366783,953.314461314136,3239.0120845310794,10.501249453188077
2023-01-04 04:13:00,2829.5659131826365,49.87890573060222,31.910057464468068,131.56900375716398,7.064430963347199,963.6646209254061,3247.0698586534313,10.514848943935238
2023-01-04 04:14:00,2829.96599319864,51.14632183317286,31.24829531834726,132.5245601905206,7.167059111928325,957.0201104196194,3231.9041179236247,10.48812058016353
2023-01-04 04:15:00,2830.3660732146427,49.813915658715025,31.09085134611656,131.67675656851307,7.545384747131264,961.0151989605212,3256.0818762137014,10.5082300176271
2023-01-04 04:16:00,2830.766153230646,50.30581440629036,31.75131749227934,131.53267553930237,7.367735310800471,958.0370650387256,3229.0325327850724,10.505300683595742
2023-01-04 04:17:00,2831.1662332466494,50.54582685346522,31.264208311751123,131.76451138915164,7.113196784603216,956.6499158589536,3229.921350350429,10.479589984650557
2023-01-04 04:18:00,2831.5663132626523,50.004233026447714,32.1349582397562,131.7826614498913,7.5467856222950935,960.2442321354423,3253.005735799207,10.51882398809124
2023-01-04 04:19:00,2831.9663932786557,51.299365549480726,30.974633446905926,131.62153901545105,7.0943898655147395,956.0642788841034,3226.064914256502,10.477346982387965
2023-01-04 04:20:00,2832.366473294659,51.40714325926702,30.617657585640046,133.057702850724,7.112616156697203,952.2611625990671,3230.283970008467,10.500791672434188
2023-01-04 04:21:00,2832.766553310662,51.94428351743161,30.5983043729361,132.87383541694481,6.904085734018826,953.8870845229704,3211.225991349802,10.455852950746515
2023-01-04 04:22:00,2833.1666333266653,50.2008577281114,32.04724868920362,130.39760414102216,7.325498086282416,969.1245403830674,3255.4647879070917,10.54062286604226
2023-01-04 04:23:00,2833.5667133426687,51.14773393644892,30.682289495651904,131.91465996929153,6.8845844611259315,954.6138032241793,3236.5261278373723,10.482765661240734
2023-01-04 04:24:00,2833.9667933586716,52.67064927311244,29.761186374463378,132.9534030865031,6.927451213344753,944.6097539263682,3202.6049962074603,10.447332785765994
2023-01-04 04:25:00,2834.366873374675,49.037440312473166,32.33352136316503,130.6703602313014,7.346024074326191,963.2711366471153,3266.6652217126466,10.51831096464575
2023-01-04 04:26:00,2834.7669533906783,49.31424236067419,32.071761317891685,130.65969024552334,7.357249413491464,964.5317791479597,3252.5341279163604,10.508718820928948
2023-01-04 04:27:00,2835.167033406681,50.869768637330324,31.06803164851578,131.73306188085326,7.166520089996655,958.5686242947601,3235.7980639507964,10.501766190679097
2023-01-04 04:28:00,2835.5671134226845,50.258142919740976,31.17466618480115,131.69786540576,7.14064265627342,963.1717751422824,3245.9865050190047,10.495415644008055
2023-01-04 04:29:00,2835.967193438688,50.839829563382104,30.67243554557532,132.09715506846396,7.148315301913161,959.1917487025637,3221.407056679838,10.492384654996444
2023-01-04 04:30:00,2836.367273454691,52.05764635800813,29.758458403527754,133.37692407647438,7.05472396151971,946.261121112815,3204.782409393343,10.476301070752745
2023-01-04 04:31:00,2836.767353470694,50.527666668356375,30.808112353063095,131.6485664449719,7.240088737160326,955.1276635978774,3251.752988279901,10.49555740872515
2023-01-04 04:32:00,2837.1674334866975,49.935794306133126,31.59262514965798,132.02579126386982,7.164381099861715,959.5174063336971,3237.6240806234805,10.493189081627698
2023-01-04 04:33:00,2837.5675135027004,51.56386706794119,30.347311453000184,132.58942902858516,7.010756758890201,952.7211709232989,3213.5037908507416,10.473879196742718
2023-01-04 04:34:00,2837.967593518704,51.613462026618684,29.286181313814115,132.95583654090578,7.021524357514927,958.0463619363607,3226.3348055367032,10.456604907826124
2023-01-04 04:35:00,2838.367673534707,51.27712109142894,30.802539015900873,132.3397585777109,6.998227106859331,952.8428133100101,3216.857118089962,10.462219098310113
2023-01-04 04:36:00,2838.76775355071,50.35513607822316,31.814589745942797,130.97474749775088,7.32285165328889,964.4762059444421,3231.7545198789276,10.496018342620829
2023-01-04 04:37:00,2839.1678335667134,50.48550768575539,31.359148245044235,130.62178162378635,7.417599441724287,960.9135043273978,3246.7181506380216,10.529986141765667
2023-01-04 04:38:00,2839.5679135827168,52.49928421761925,29.75677598323607,133.09861995351605,6.943492159520553,952.4911328313848,3214.8666232250953,10.456935185624022
2023-01-04 04:39:00,2839.9679935987197,49.445590595635394,31.469946746226128,131.90385578835594,7.266367292468784,959.2910842489893,3254.749162155853,10.519828782282888
2023-01-04 04:40:00,2840.368073614723,48.054735434222565,32.829901119974814,129.83285625928264,7.566015623913048,971.1499703917638,3285.416619655153,10.548992148131019
2023-01-04 04:41:00,2840.7681536307264,49.83798553993866,32.3712833500548,130.64211758154218,7.433497845532128,966.5949290329448,3267.476644301504,10.50444692348827
2023-01-04 04:42:00,2841.1682336467293,50.30779041906344,31.586520925861755,131.24073047208242,7.176738954102693,961.9408934174526,3248.500164503791,10.517596132096255
2023-01-04 04:43:00,2841.5683136627326,49.9852900317979,31.905981929760586,130.6851503493433,7.292420637909882,969.259953250854,3255.35401749893,10.512134788546504
2023-01-04 04:44:00,2841.968393678736,52.7709961946365,29.966062125267204,133.03716459784303,6.6923346795188134,947.3432046780695,3201.800408563244,10.454679066977151
2023-01-04 04:45:00,2842.368473694739,49.815409492016265,31.92466295707975,130.50214407572525,7.321545907197652,962.3209143344623,3246.8746450198064,10.52251679580739
2023-01-04 04:46:00,2842.7685537107423,49.827199029286376,31.889561172171888,130.4659412073042,7.542090608313174,968.2733669919207,3272.5519190094437,10.531912574687693
2023-01-04 04:47:00,2843.1686337267456,51.64863607930882,30.362517105308772,132.57038437986256,7.1851074253419,952.0111075870515,3209.986125041895,10.48116597066083
2023-01-04 04:48:00,2843.5687137427485,49.301747989109295,32.091501018161736,130.46413552937943,7.520430935924143,963.4905183602633,3245.9855194565703,10.505616233548945
2023-01-04 04:49:00,2843.968793758752,50.24951537366074,31.76129991584663,130.51936316881583,7.306603759591765,965.5673435800386,3249.1151777363852,10.550494249835918
2023-01-04 04:50:00,2844.3688737747552,48.31869864699442,33.21690676256803,129.91792867671418,7.523411833860199,969.6678348157161,3272.6204287775786,10.542642489747701
2023-01-04 04:51:00,2844.768953790758,49.88054185578587,30.88065788148767,131.459866764085,7.076574187233174,960.0318295276722,3219.434989888077,10.493216089323711
2023-01-04 04:52:00,2845.169033806761,49.662906186085145,32.07315043789887,130.22304060840824,7.596249785506473,962.4712642103897,3258.445605812759,10.538317412448864
2023-01-04 04:53:00,2845.569113822765,50.01691686154604,31.74897053978424,130.81521815280198,7.515612917114008,964.6989213766287,3257.4216807974335,10.52118384812432
2023-01-04 04:54:00,2845.9691938387678,51.517139003522125,31.099734030730673,131.5074953426576,7.128126890667051,952.5138753824988,3224.5171490669377,10.485421701003037
2023-01-04 04:55:00,2846.3692738547707,49.633507813360275,31.534685902270333,131.20218428289908,7.246024063442054,959.5796368522132,3233.9306746057823,10.522720930177009
2023-01-04 04:56:00,2846.7693538707745,51.57529068304734,30.769537211509476,131.99270664574783,6.730567032814283,954.9684271563506,3195.5906998920846,10.475989513467335
2023-01-04 04:57:00,2847.1694338867774,48.822940781610015,32.318344240725466,129.87170892280207,7.367130028602362,970.6375830306164,3278.3676831999583,10.54382535371051
2023-01-04 04:58:00,2847.5695139027803,50.002719274197815,31.732046991660766,131.47761675398314,7.118818049226644,963.231173691041,3250.3518825539218,10.516007434198734
2023-01-04 04:59:00,2847.969593918784,50.09490882645252,32.04563499527297,130.44353643270503,7.273263575347814,964.8326108008507,3249.2683373794434,10.51974691101601
2023-01-04 05:00:00,2848.369673934787,49.59646656105571,31.787731177358232,130.88264356556544,7.5290604870946884,963.9930088906498,3257.892102994408,10.520908423935877
2023-01-04 05:01:00,2848.76975395079,49.043863607061894,32.47647606485572,130.93364310002877,7.392157258069288,969.0698801156561,3280.087462628307,10.524517582136186
2023-01-04 05:02:00,2849.1698339667937,51.70120154425746,31.3031444869208,131.54451557955068,7.0429212979581335,958.5805669525818,3226.856718133079,10.49904332224688
2023-01-04 05:03:00,2849.5699139827966,52.06984989848224,30.337593865972035,133.29804221528687,6.946341516112084,952.7699903088254,3235.857531348031,10.4902455636813
2023-01-04 05:04:00,2849.9699939987995,51.84287565670691,30.87968716757943,131.90338010941832,7.393111410209624,954.1791564417813,3240.631431953912,10.496739091216979
2023-01-04 05:05:00,2850.3700740148033,48.72457209681361,33.039372731143324,129.36401726818107,7.591803117220525,968.8929688400285,3281.1536981291592,10.56701040106794
2023-01-04 05:06:00,2850.770154030806,50.931688847023764,31.865622679052596,131.34108418690647,7.332174449165636,957.346409458628,3236.3808998151567,10.493836258343583
2023-01-04 05:07:00,2851.170234046809,51.53413201468831,31.18810930778869,132.11337072173993,7.150426499659361,958.9030990259868,3213.314972827024,10.485380752283614
2023-01-04 05:08:00,2851.5703140628125,50.553853135825086,31.97706295171103,131.88739320569272,7.1118618218226555,966.4027110516706,3261.9768245808723,10.513450042611979
2023-01-04 05:09:00,2851.970394078816,50.640353687832636,30.91156114646787,132.01448527090588,7.3866648256630345,961.4363297895115,3242.7329240859967,10.502835941280031
2023-01-04 05:10:00,2852.3704740948187,52.1510191736555,29.78973643650452,133.04529927213255,6.970551408237542,946.1584004815799,3211.2080538491778,10.455226656212123
2023-01-04 05:11:00,2852.770554110822,52.52401045371288,30.749885884118854,133.23667772137438,7.006377093795349,952.0611656238457,3192.4818257884986,10.46266750944411
2023-01-04 05:12:00,2853.1706341268255,51.354857146206264,30.990797717236084,130.71740451420368,7.400129421504718,959.5498961432876,3246.8973389441653,10.517531975232712
2023-01-04 05:13:00,2853.5707141428284,50.762005196379896,31.548580444715604,131.60134438475086,7.228743321956158,956.2486396228451,3238.8602360820696,10.497370650773808
2023-01-04 05:14:00,2853.9707941588317,50.06830569053209,31.493543000430456,131.3418484116041,7.311734798061204,962.336797987617,3257.526281951618,10.530957540329984
2023-01-04 05:15:00,2854.370874174835,50.22443964178862,31.113310212813808,131.75828884435288,7.2027592456517455,961.2575221284759,3245.953106415131,10.507034416757708
2023-01-04 05:16:00,2854.770954190838,50.181412261051804,32.441896626065514,130.2572634867994,7.460788996742656,967.196264552323,3254.7978301578646,10.52015999857635
2023-01-04 05:17:00,2855.1710342068413,51.62334372851843,30.651103730278365,132.0562212613553,7.109035509726867,959.6621692108854,3207.968574300826,10.478489548645545
2023-01-04 05:18:00,2855.5711142228447,50.6355306949448,31.43863718838107,131.77306766887844,7.208995828862107,954.7636491112605,3237.8204859742664,10.509545292900112
2023-01-04 05:19:00,2855.9711942388476,51.3927068570415,31.260922513977967,132.5315956825519,7.050413260399999,957.3007359950268,3222.3288887024682,10.46452939147418
2023-01-04 05:20:00,2856.371274254851,47.80638231307852,33.4603419930593,130.4555037461307,7.655104482593514,971.7838500537897,3307.229165716277,10.568655248813691
2023-01-04 05:21:00,2856.7713542708543,50.34843775476678,31.73031399012392,130.7299893717132,7.247980057150463,960.8314324390087,3247.791319633914,10.519623842426654
2023-01-04 05:22:00,2857.171434286857,51.931780258694786,30.487745625601026,131.73670390058817,7.181184201247407,955.51145284251,3219.7840404223157,10.48011060749074
2023-01-04 05:23:00,2857.5715143028606,50.858573621709716,31.23098175681468,132.11935102508187,7.055042031007725,958.9428808772225,3230.2361968951604,10.508060930281296
2023-01-04 05:24:00,2857.971594318864,50.23724232686196,31.967368919531303,132.8727019069175,7.403575123541914,961.8758934297601,3243.1735792956097,10.496930536733554
2023-01-04 05:25:00,2858.371674334867,48.75652344715488,32.409147705721296,130.74341568162043,7.670943791996454,972.1284938263165,3267.950517384085,10.532792729322388
2023-01-04 05:26:00,2858.77175435087,50.035311467982154,31.70529998060125,130.7542852228161,7.246950100893657,962.9802492705328,3245.14585102158,10.502299451057477
2023-01-04 05:27:00,2859.1718343668736,50.5695645995064,31.083462335715488,133.0732183010015,7.185777698517553,958.1144001719242,3262.474664302492,10.491647038015971
2023-01-04 05:28:00,2859.5719143828765,49.55943446273187,32.710193698450546,130.95019307104005,7.380618419715362,962.5504856817765,3275.5943525056764,10.538670597239856
2023-01-04 05:29:00,2859.97199439888,50.40151903932769,32.08168071138268,131.07894915962322,7.3068912970457145,966.6930573149898,3247.7090071702055,10.510814806823944
2023-01-04 05:30:00,2860.372074414883,50.74263598517586,31.666742713982824,132.39304427713395,7.415634630642962,963.5695831933558,3250.450684481399,10.516056507231545
2023-01-04 05:31:00,2860.772154430886,52.22666748060965,30.708965720221876,131.97334312453177,7.1800884750838225,956.3171550257857,3222.1673657466254,10.473151826129035
2023-01-04 05:32:00,2861.1722344468894,52.56215099340151,30.056785762636366,132.66006625494524,6.896408007898605,951.3401631964495,3203.2281326319426,10.456728038619172
2023-01-04 05:33:00,2861.572314462893,52.90811172341408,30.285935430968973,133.20861867698594,7.09233058251445,957.4046711386633,3215.025648080605,10.481177976436035
2023-01-04 05:34:00,2861.9723944788957,53.003088301154214,29.7886586563151,133.43083523344757,6.954469826761153,948.6019480755868,3183.2424759084724,10.456899188093
2023-01-04 05:35:00,2862.372474494899,49.26037367644152,32.57546048145602,130.5707352384124,7.444799746769105,960.8089640416273,3284.5625085626784,10.540954931050148
2023-01-04 05:36:00,2862.7725545109024,50.90507482430196,31.672830074558664,131.49616597474622,7.262409770357329,961.3469612902661,3245.1548107048716,10.48744784768572
2023-01-04 05:37:00,2863.1726345269053,50.61032521073924,32.226176078080705,131.56368819390255,7.519440958421728,959.6123002816128,3264.5117665300604,10.53938352986405
2023-01-04 05:38:00,2863.5727145429087,50.870102952344524,31.328557637607393,129.97576361216028,7.442611752754484,963.3348549425542,3268.7215875695156,10.514941794410591
2023-01-04 05:39:00,2863.972794558912,51.56600141708527,31.57341491519291,131.56944470679406,7.396587716283249,964.8738071706134,3250.1870676664903,10.508913395002349
2023-01-04 05:40:00,2864.372874574915,50.445466092380805,31.917262726220724,131.02919829786438,7.58744008081734,957.299057471284,3243.9137843768585,10.51924667302706
2023-01-04 05:41:00,2864.7729545909183,50.386326029473636,32.07878817386544,130.66980826402502,7.411414507568329,960.36576875493,3267.633941106019,10.520263613856283
2023-01-04 05:42:00,2865.1730346069216,50.67960353500025,31.420311919043904,131.15085399345423,7.284741661566549,962.8450527413496,3259.5373140441334,10.50242757979272
2023-01-04 05:43:00,2865.5731146229245,51.07814503554425,31.163696248655256,130.56597436667428,7.310812419187723,956.6751674349163,3213.6139996696766,10.494914462600473
2023-01-04 05:44:00,2865.973194638928,50.223906452162794,31.993987424755392,130.39083160203978,7.610939949481285,965.8035893590809,3261.2468428331676,10.53266361741303
2023-01-04 05:45:00,2866.3732746549313,50.79268780041347,30.958676459932448,132.1541014818279,7.195272081087464,961.6168658910672,3246.0111794580453,10.513221891647788
2023-01-04 05:46:00,2866.773354670934,51.839611364978616,31.612424526221748,132.0985440431837,7.198602216977849,962.0206962440985,3235.8256746066704,10.511722290529764
2023-01-04 05:47:00,2867.173434686937,47.95157441713427,33.09382230304473,129.4701753347622,7.575538591154084,969.7593387824281,3282.450812214122,10.55204849481079
2023-01-04 05:48:00,2867.573514702941,50.842579913294415,31.81139834042696,130.4348376397186,7.370507472302686,954.8584639179758,3244.090384425072,10.510326857190572
2023-01-04 05:49:00,2867.973594718944,51.13987035538834,30.973214021396974,132.21298197486198,7.281815657823715,959.8453192224819,3216.787502692196,10.504468132769942
2023-01-04 05:50:00,2868.3736747349467,49.87812937338381,32.68494328282841,131.44608370696463,7.317027712957421,959.8445583444881,3271.786833444406,10.51056314929232
2023-01-04 05:51:00,2868.7737547509505,51.91259072712437,31.0759443131653,132.4172596078809,7.285011059651048,960.8879163840444,3246.397908387999,10.494611036646912
2023-01-04 05:52:00,2869.1738347669534,49.693591135025706,32.31540810418292,130.1070921794593,7.409852068069883,965.5897210069888,3281.1574838754486,10.524396795645831
2023-01-04 05:53:00,2869.5739147829563,50.408319371293125,32.153823019451174,130.6380974007353,7.2979046306974595,962.0337751226517,3254.489986547476,10.523395659445825
2023-01-04 05:54:00,2869.97399479896,49.805658507131085,32.94840428481059,131.526493594894,7.544977266136806,967.163528681023,3267.424823327279,10.520593077472697
2023-01-04 05:55:00,2870.374074814963,51.67025089876781,31.81277621964577,130.70429511772318,7.23721763917412,956.3057060178476,3259.1277482990645,10.507136298513595
2023-01-04 05:56:00,2870.774154830966,49.80678596130239,32.263562151526465,130.86231869274178,7.307954216781159,964.9306426044403,3264.3854864126447,10.52839939606627
2023-01-04 05:57:00,2871.1742348469697,52.59752155297559,30.702280212062696,131.6178299088071,7.114581148149767,955.8878844525777,3206.995237179707,10.477262520623235
2023-01-04 05:58:00,2871.5743148629726,50.12620022411673,31.807782942931127,130.57025565280745,7.414073547403564,965.7227868534505,3258.415142524679,10.537970819653369
2023-01-04 05:59:00,2871.9743948789755,52.45487505979167,30.682820965011246,132.62368301337523,7.198065857165953,954.1020463950919,3222.925937019703,10.490386259062134
2023-01-04 06:00:00,2872.3744748949794,51.409931994711165,31.808731914302275,131.7744724036136,7.2789170676030075,957.2919759434831,3228.478138585835,10.498365763045173
2023-01-04 06:01:00,2872.7745549109823,49.655758816372014,32.70644467817677,130.6028362013565,7.334646263408897,971.8079289457379,3278.9761812736083,10.528677064958071
2023-01-04 06:02:00,2873.174634926985,50.663059467894996,32.123157620260315,130.2960731387601,7.517898712411714,966.6011568735712,3245.537613474645,10.548520861055023
2023-01-04 06:03:00,2873.5747149429885,49.889424269256914,32.30888088329251,130.28730909656693,7.622224478208168,963.1065049563018,3262.311865784698,10.528228870939905
2023-01-04 06:04:00,2873.974794958992,51.293312363973186,31.725534647918707,131.39673165720288,7.436265482869846,966.469751769757,3256.566897567538,10.518062438090654
2023-01-04 06:05:00,2874.374874974995,51.66463240252788,31.697565605667876,131.74522566706779,7.388083363212361,963.284017073232,3247.410941079944,10.510519188325022
2023-01-04 06:06:00,2874.774954990998,50.64489023653103,32.43557156320038,130.90691676682914,7.385880551511386,965.9826086067212,3254.7285091311087,10.529627879400117
2023-01-04 06:07:00,2875.1750350070015,50.7159511128037,31.897801788950602,131.47618106613135,7.318422488987737,964.8976326132879,3263.9464188068246,10.511449831100416
2023-01-04 06:08:00,2875.5751150230044,49.3424131046576,31.370748619894716,130.0534218893294,7.413472200136027,960.5831525307752,3262.4375362727296,10.527924952303229
2023-01-04 06:09:00,2875.9751950390078,52.008955187852216,31.29081411983337,131.61577215657684,7.274735123922831,962.8973770979294,3213.1401376045615,10.512748883010843
2023-01-04 06:10:00,2876.375275055011,51.202130828210095,32.16006917964448,132.39121052992465,7.352168488094462,963.3886227604023,3248.423346424768,10.48551201289643
2023-01-04 06:11:00,2876.775355071014,50.740504547034476,31.805537119073072,131.72331887300695,7.305211769228964,963.5927942825275,3250.269105833203,10.51787559722456
2023-01-04 06:12:00,2877.1754350870174,52.672164161573924,29.54151544259712,133.33395462507968,6.875704722592327,952.2975289678863,3197.6267370009114,10.448270272409342
2023-01-04 06:13:00,2877.5755151030207,50.431068950852186,32.59270066671625,130.53283974202574,7.302037955809205,965.3308561626095,3258.7534577085985,10.541573051026404
2023-01-04 06:14:00,2877.9755951190236,49.83994555186006,32.78179579124801,131.25876170218217,7.487398650133993,963.135975790254,3253.5336221460084,10.539170729111888
2023-01-04 06:15:00,2878.375675135027,52.24734333836747,31.090465494958966,132.2829173357864,7.096213447805417,958.704956380712,3230.24325691378,10.48667308175504
2023-01-04 06:16:00,2878.7757551510304,51.08891929600631,32.562181482692836,130.1965083512535,7.346262671351274,961.2082798635372,3263.3208339101257,10.52195204324309
2023-01-04 06:17:00,2879.1758351670333,51.48128526377188,31.58480797436826,132.1511738128475,7.397907456958536,959.9745560080675,3240.777254410878,10.491591687095987
2023-01-04 06:18:00,2879.5759151830366,51.447718270454075,32.09793386543114,130.68109972311106,7.401779247452802,962.9597201791249,3263.117963392973,10.492998696223582
2023-01-04 06:19:00,2879.97599519904,51.11617930439134,31.39857755794653,131.82586636223994,7.302318383883566,961.8870816631822,3250.5867863262097,10.503917350856137
2023-01-04 06:20:00,2880.376075215043,51.72726384480895,31.593846552964013,130.6837891198898,7.343135034290812,963.288392706697,3223.483032302525,10.503109663737336
2023-01-04 06:21:00,2880.7761552310462,51.18563009882447,31.342351279160667,132.44831709987412,7.368153123415715,960.7586346684448,3230.1999359279625,10.50096608100238
2023-01-04 06:22:00,2881.1762352470496,51.67213909295021,31.676248543083332,131.1671825513456,7.138915263488382,963.6370199451337,3260.427372461445,10.478075488745239
2023-01-04 06:23:00,2881.5763152630525,50.97370468747073,32.10475209190911,130.264420203595,7.349301342868949,958.5688234350973,3248.797141110802,10.50817376782532
2023-01-04 06:24:00,2881.976395279056,52.81895546058288,30.750601271909538,131.97283015179264,7.058085253671258,957.0315906688342,3194.194179432205,10.46565668663228
2023-01-04 06:25:00,2882.376475295059,49.184057790290474,32.76990246420753,129.6727694918946,7.519907097983498,970.3182046040645,3305.8826592292626,10.55559516666903
2023-01-04 06:26:00,2882.776555311062,51.022640534381644,31.72895207968531,131.51167858188552,7.22865576401245,961.4468881072004,3245.911100236015,10.510415765481142
2023-01-04 06:27:00,2883.1766353270655,51.05149464664144,31.51203743483783,131.88371179549796,7.162881398108213,960.4357000718768,3243.8457259340043,10.501635076179449
2023-01-04 06:28:00,2883.576715343069,50.14724542264622,32.83688196370956,130.12310797702773,7.656476647792281,972.1058954580677,3272.501697766886,10.544600266688395
2023-01-04 06:29:00,2883.9767953590717,50.75730179719154,32.26759059828113,129.74611897076818,7.35140777750685,965.0670900618502,3267.451998393643,10.51926370396581
2023-01-04 06:30:00,2884.376875375075,50.84923395035891,31.32447088887824,130.78247782951865,7.300670437907943,958.7810307129092,3250.850723188939,10.528399635955516
2023-01-04 06:31:00,2884.7769553910784,52.130026172724435,30.188665363439625,133.60016311407685,7.107161789760813,954.5035810164139,3227.3681375896463,10.479510071959451
2023-01-04 06:32:00,2885.1770354070813,49.55373242036756,33.31730060177641,129.6354797927458,7.7327217712142975,974.3962391696077,3292.971560822552,10.558696107169986
2023-01-04 06:33:00,2885.5771154230847,49.62333410426781,32.72911218689032,130.3169536223398,7.371573353326989,969.8350409844661,3274.7526075342857,10.546593274188881
2023-01-04 06:34:00,2885.977195439088,51.792398405449035,31.23673554627822,131.82278466377602,7.2000188631758295,957.620263989529,3230.2548123639963,10.471681489283075
2023-01-04 06:35:00,2886.377275455091,52.63722634990306,29.891766818184543,132.25987645294938,6.957351370803957,952.4608000254588,3220.326594031443,10.473599363503826
2023-01-04 06:36:00,2886.7773554710943,50.90112914221123,32.33559318560486,130.86931237231698,7.383529804628092,965.7253295198108,3248.3150638511197,10.514037057791617
2023-01-04 06:37:00,2887.1774354870977,49.791140013643854,32.36079719781117,130.70162797744746,7.327270609885543,966.8951111195285,3272.344956216812,10.526992336715411
2023-01-04 06:38:00,2887.5775155031006,52.24416281786438,31.05704176430089,131.73059232546385,7.199880133317215,954.1677881656753,3227.0014075672757,10.49300234402707
2023-01-04 06:39:00,2887.977595519104,51.650576905088684,31.680364229630047,131.68468025507144,7.556004472081001,962.0075830907257,3272.0005381569536,10.512458405454915
2023-01-04 06:40:00,2888.3776755351073,49.86873723471307,32.447626759669106,130.28770563187274,7.473213019699606,965.7046824909651,3257.645016259076,10.549830746950828
2023-01-04 06:41:00,2888.77775555111,50.651567466869906,32.22405161073128,130.22447660908162,7.348698794258676,962.8514909248605,3263.419691835759,10.509237086419732
2023-01-04 06:42:00,2889.177835567113,51.6964968655969,31.531820650066948,131.48285401930656,7.28231545549133,956.3940990740125,3259.1393339112396,10.535409915638132
2023-01-04 06:43:00,2889.577915583117,53.49640905887695,30.43666708822621,133.05551466533532,7.079896223850076,951.8260930706565,3207.525137136381,10.472165327270178
2023-01-04 06:44:00,2889.97799559912,51.05234424188919,31.862506391491415,131.0331052660356,7.41970581174493,962.3920848772572,3259.8096883734447,10.515593498789519
2023-01-04 06:45:00,2890.3780756151227,49.42456945749667,33.1460638475141,129.48782799584694,7.664725906730595,969.1980795613698,3288.6671545027475,10.563044457075263
2023-01-04 06:46:00,2890.7781556311265,50.88550163434284,31.82793682929386,130.22949829227784,7.323951495471632,964.446625154012,3251.429704830133,10.511141342704873
2023-01-04 06:47:00,2891.1782356471294,50.42658485820247,32.297010623217396,131.17191387405722,7.481959489754162,959.1873213372114,3261.5810457937177,10.542471421395298
2023-01-04 06:48:00,2891.5783156631323,50.737319755323526,32.4402435246177,131.0679739184278,7.43954217459512,963.153025027948,3276.408266590468,10.534068277966252
2023-01-04 06:49:00,2891.978395679136,51.92389129429809,31.716465889654224,131.03762330576592,7.272772278517919,964.217844563856,3240.346907723627,10.519400546771505
2023-01-04 06:50:00,2892.378475695139,52.253124383081854,31.12727508875946,132.04434169097138,7.222594009801448,955.4121082887048,3232.4095020262002,10.499964394242138
2023-01-04 06:51:00,2892.778555711142,52.239754923096676,30.973465622672748,131.75459340787486,7.20962641763472,954.6362239440027,3225.0297331831116,10.49221899429276
2023-01-04 06:52:00,2893.178635727146,51.97015822193738,30.794440784437644,132.70044841032535,7.303736120094424,956.1224138824174,3232.3760684628073,10.503063362038063
2023-01-04 06:53:00,2893.5787157431487,49.55436601663416,33.07289692613091,129.19548336386055,7.7568906596952445,972.1710404884717,3297.3768272090906,10.563745913875586
2023-01-04 06:54:00,2893.9787957591516,52.86320885639932,31.411663874965296,131.7111024086803,7.173169202834853,956.6165125681274,3226.5479361051775,10.50270566050115
2023-01-04 06:55:00,2894.3788757751554,52.200325603606245,31.723955058572454,131.2044717797576,7.3042571684735575,957.8752525780553,3210.8957747744867,10.49944237211295
2023-01-04 06:56:00,2894.7789557911583,51.746992353776506,31.608573392957194,131.9105209900437,7.107269198381529,960.3719380842883,3223.0746309643528,10.510993788592792
2023-01-04 06:57:00,2895.179035807161,52.10405414156806,31.76400747575071,131.648871438549,7.224399598002131,960.8365635756469,3218.5318418530487,10.493644874196844
2023-01-04 06:58:00,2895.5791158231646,52.244013797546,30.894359902539044,132.0657787620404,7.1916882689414825,953.9093280708306,3231.5925762794177,10.470957298598599
2023-01-04 06:59:00,2895.979195839168,52.57139602970876,31.391224944291167,131.2572150735608,7.057264023267465,959.5488324595242,3238.0160465072954,10.485426216612005
2023-01-04 07:00:00,2896.379275855171,50.397619892784014,32.61107961751433,131.15412049854524,7.537079921308234,962.8667907396085,3268.8491702019314,10.534331056102863
2023-01-04 07:01:00,2896.779355871174,49.303069494809506,33.206834534161786,129.76400446990502,7.489354780779983,972.729283025587,3277.308048824127,10.552894673245962
2023-01-04 07:02:00,2897.1794358871775,49.83911914237128,32.917259935046026,130.58978456608295,7.499243866147135,972.8836522600102,3285.651596249478,10.550279795289585
2023-01-04 07:03:00,2897.5795159031804,51.28546976809875,32.157752637412116,132.43969660835586,7.341854528845181,963.2278317714629,3245.6564192003566,10.531762898296838
2023-01-04 07:04:00,2897.979595919184,51.3150673961217,32.07210277886775,130.51291063751094,7.374540622752001,966.8223426376258,3267.571797080297,10.509506608357603
2023-01-04 07:05:00,2898.379675935187,51.432270196631194,31.90252505958962,131.42834611032075,7.178147184546751,959.5646275384744,3250.560435944129,10.529529841209499
2023-01-04 07:06:00,2898.77975595119,50.38532439814098,32.70976383904941,130.4211495081441,7.563491559885767,965.9064667147209,3260.9000115123013,10.54884459842328
2023-01-04 07:07:00,2899.1798359671934,52.72986171241122,30.669082221950376,133.37445986521308,7.0899543549233535,953.6513541012935,3216.241962915484,10.488581146534244
2023-01-04 07:08:00,2899.5799159831968,50.41846302625223,32.59652631537757,130.30034395609962,7.680352537090245,966.5220245532377,3270.2687720811514,10.54943148037655
2023-01-04 07:09:00,2899.9799959991997,52.83097574785781,30.68637591565874,132.50573922932492,7.09737278926272,955.4739399814333,3206.0216340909815,10.463030978224577
2023-01-04 07:10:00,2900.380076015203,50.87766598577901,33.132192434584105,130.47520715135846,7.562029702943026,967.0483350243157,3280.3948334838274,10.546136113485757
2023-01-04 07:11:00,2900.7801560312064,51.378056436430995,31.189444292266458,131.24135698536455,7.218109692984736,961.3620367026107,3258.546538413345,10.518657273166863
2023-01-04 07:12:00,2901.1802360472093,51.018901452909894,32.00077664203852,131.08605634352955,7.311683087976174,965.4166656184987,3265.6189521459046,10.538424385458901
2023-01-04 07:13:00,2901.5803160632126,53.3728655025272,30.71472884118825,132.53407323797305,7.106317687396851,958.4231503847793,3226.408815457643,10.483847654620078
2023-01-04 07:14:00,2901.980396079216,50.78060812084656,32.81194138330536,130.5099198053689,7.415722317240944,961.564907912057,3302.6602474581923,10.546375548943777
2023-01-04 07:15:00,2902.380476095219,51.94316309749752,31.987771191340997,131.19785502613274,7.411123319252641,968.5649512077173,3235.4546353533256,10.521313216104565
2023-01-04 07:16:00,2902.7805561112223,52.006329332003375,31.95051414686049,130.94746563989818,7.483209971624555,960.8242160102131,3250.526142995849,10.524431313688618
2023-01-04 07:17:00,2903.1806361272256,52.238184529596865,31.544339812587115,131.3853770254874,7.348607623298538,960.067113929608,3229.372608523805,10.498170718079123
2023-01-04 07:18:00,2903.5807161432285,52.22699516232241,30.906924048404882,132.2030026344318,7.223231566543795,961.9237057649538,3247.599405318316,10.495910133844987
2023-01-04 07:19:00,2903.980796159232,50.079520301726454,32.8745043772736,130.58981851571056,7.542219731949851,969.1542599353785,3277.4194014763148,10.535045881977556
2023-01-04 07:20:00,2904.3808761752352,51.49909394350987,31.700981794545108,131.92778887876048,7.262125727301995,963.1575645390196,3241.5447977589192,10.509320506878762
2023-01-04 07:21:00,2904.780956191238,51.271329916613766,32.21709597028415,131.57825294996832,7.431340529621406,969.1198791189613,3263.4329356299077,10.50381773106745
2023-01-04 07:22:00,2905.1810362072415,53.80166599284318,30.463661166647437,132.48291258210543,6.932376944803239,952.6689533808859,3223.537743774695,10.458990984477605
2023-01-04 07:23:00,2905.581116223245,52.63768872150339,31.569923710802158,131.69282352582226,7.0996258481220895,962.442292288524,3244.5125415963844,10.496875153657712
2023-01-04 07:24:00,2905.9811962392478,50.96308136024068,32.74168816145852,130.2260388812458,7.516948680620122,963.5025482687669,3280.516086459372,10.536086306798039
2023-01-04 07:25:00,2906.381276255251,51.20929041652063,32.49552220669535,130.46595972080357,7.473205972596543,964.4714936739439,3271.0244329113602,10.51607676270053
2023-01-04 07:26:00,2906.7813562712545,52.5542456933712,31.603503131541636,132.07682245829164,7.065635422666845,960.383938300735,3245.0225184314068,10.484313602996657
2023-01-04 07:27:00,2907.1814362872574,50.976167922839444,32.682393120007596,131.00708262021146,7.589247435001814,968.9988594998154,3278.0890346531387,10.528130792200658
2023-01-04 07:28:00,2907.5815163032607,53.88458525501988,30.88230291528838,132.349111143461,7.079403626032739,954.4457903057033,3205.0671284435653,10.474225954861414
2023-01-04 07:29:00,2907.981596319264,50.962267769185345,32.20434970657981,130.5644616032332,7.460162439956667,965.3951382956486,3240.748854123851,10.52446308152143
2023-01-04 07:30:00,2908.381676335267,49.69637879602997,33.58038409523635,129.04413104475412,7.779799776867528,972.4128118711752,3303.564279787736,10.584576747329885
2023-01-04 07:31:00,2908.7817563512704,51.21883383502711,32.502461128654446,130.001435449524,7.400985003136056,963.7724950795434,3256.5381431018836,10.539655624452418
2023-01-04 07:32:00,2909.1818363672737,49.57885917749793,33.393064303132896,129.51295674238625,7.689120155381952,970.9408080045915,3303.7219716543514,10.558195169680902
2023-01-04 07:33:00,2909.5819163832766,51.85432886003247,31.52718833122761,130.90376914524745,7.217090289552414,956.6607545526923,3226.2597489815603,10.511402060479067
2023-01-04 07:34:00,2909.98199639928,51.76474666596729,31.744516950615004,131.03920390528756,7.378560611498271,968.798665224098,3266.023497955297,10.508078371467585
2023-01-04 07:35:00,2910.3820764152833,52.47440125272854,31.19201780609581,132.12454079369803,7.166153609349822,960.5544750284444,3232.1526076965893,10.47976156119654
2023-01-04 07:36:00,2910.7821564312862,51.61635928754032,31.65628170719015,131.09892751080093,7.575934240886284,964.666073706083,3262.8068821834445,10.524044953466303
2023-01-04 07:37:00,2911.182236447289,52.75072590541635,31.23206759198926,131.95966203052788,7.263111400410902,961.4673063550462,3243.1475879420314,10.502915518615572
2023-01-04 07:38:00,2911.582316463293,52.230475349307,31.384114266708952,132.37674937033506,7.213282573876056,962.0266969335447,3240.0812498046075,10.517795314914434
2023-01-04 07:39:00,2911.982396479296,53.03075878625038,30.882668458146433,131.5821968187198,7.143030022011981,954.5997014920816,3227.0295811247224,10.488775466512795
2023-01-04 07:40:00,2912.3824764952988,50.913256709749746,32.040733154562325,130.0528615098306,7.418385315969809,968.5563230273623,3283.1603743431615,10.5387925094003
2023-01-04 07:41:00,2912.7825565113026,52.81132140731116,30.553300339039325,132.2448922814164,7.113073182141993,961.7915943510145,3238.136653455113,10.493458794967205
2023-01-04 07:42:00,2913.1826365273055,51.493101240382906,31.869007992380133,130.84114952296045,7.477855840623655,961.841330882292,3266.031331078555,10.54072129223728
2023-01-04 07:43:00,2913.5827165433084,51.51828436199465,32.25611612755091,131.46826227460684,7.3377235128501,959.2829039651899,3258.3587812174464,10.536255119811834
2023-01-04 07:44:00,2913.982796559312,49.93103846104579,33.39769281888774,129.96982903572788,7.588966400093823,967.4947954287303,3292.7223818954303,10.563177218007565
2023-01-04 07:45:00,2914.382876575315,52.06817484622172,31.68803605719902,132.26608899929806,7.240891517780801,961.2532777484233,3248.3467087720496,10.518727748494086
2023-01-04 07:46:00,2914.782956591318,51.635763518670885,31.408334655883074,131.28062457342534,7.223052855148136,957.7707255324198,3230.5240539085003,10.513708334634487
2023-01-04 07:47:00,2915.183036607322,52.62187157633588,31.327597014190093,131.03372286619495,7.3115242662268995,958.297985741065,3222.195612137938,10.507505460542786
2023-01-04 07:48:00,2915.5831166233247,50.623108342262434,32.31536327191451,130.31525865466338,7.5662025862402045,966.3571087568488,3278.236754362237,10.554270054105213
2023-01-04 07:49:00,2915.9831966393276,51.56110349358672,31.387870389760046,130.85732768657132,7.361582838352038,963.9541415394464,3240.7413617263196,10.52018443972748
2023-01-04 07:50:00,2916.3832766553314,52.89042356858221,31.299382654869,131.8949396230238,7.233594056702929,958.1427863414302,3238.8267216361,10.502163561802021
2023-01-04 07:51:00,2916.7833566713343,52.29242823702276,31.562369455882703,131.6051187234258,7.329069106120027,961.6281384415987,3240.4223336319833,10.513404061062932
2023-01-04 07:52:00,2917.1834366873372,51.97947839472144,31.82314591641314,131.21353121533312,7.187762795434773,962.3361814223946,3243.085420114842,10.507094354907702
2023-01-04 07:53:00,2917.5835167033406,52.34671806039258,31.507703405392935,131.03518889867635,7.110773898210146,957.3109551989057,3243.974923238174,10.49873121714091
2023-01-04 07:54:00,2917.983596719344,50.86933461013656,33.02552490159777,130.396724016396,7.615416205343386,967.2707907895996,3252.2259302213006,10.539278159841077
2023-01-04 07:55:00,2918.383676735347,52.96282031810943,30.89315570974243,130.7517840017617,7.261286757568378,955.2793601964469,3234.787306480017,10.48663810527461
2023-01-04 07:56:00,2918.78375675135,50.83937404448747,32.80194283657196,130.38442248027778,7.546561008361349,967.1422251958821,3269.6621948382403,10.533825175880944
2023-01-04 07:57:00,2919.1838367673536,52.57844357867317,31.465535098054676,131.25506272555256,7.359183344990073,960.4115394700251,3221.2044297914586,10.505049122237827
2023-01-04 07:58:00,2919.5839167833565,53.77119167461127,30.93613553427442,132.90921790521128,7.237787321867359,955.7761868323491,3212.6343858638265,10.478342965507892
2023-01-04 07:59:00,2919.98399679936,51.836188023699805,32.23280468073878,129.71305591835244,7.376830589574182,965.6023308383415,3268.3039149381666,10.541077295394095
2023-01-04 08:00:00,2920.384076815363,53.27585772745915,31.17887139856113,132.0806232903829,7.021215623231864,960.7648478228837,3223.877840945184,10.494777035788152
2023-01-04 08:01:00,2920.784156831366,51.596838050590485,31.542156542166158,131.92266991083514,7.403664145624503,962.4702255321682,3248.4119446030745,10.527064544789143
2023-01-04 08:02:00,2921.1842368473694,55.123227661133186,29.210147125607985,134.00298974542793,6.642504768691456,945.9033026861869,3187.1309477025857,10.457767780143927
2023-01-04 08:03:00,2921.584316863373,51.63926624144795,32.24881940986285,131.21630356440286,7.429837625966219,967.7210333712325,3259.1817699568614,10.522367327141872
2023-01-04 08:04:00,2921.9843968793757,51.761045822644554,31.90132687041127,131.64756515289255,7.233322206855451,961.5397114012637,3241.2565215444706,10.512781346920285
2023-01-04 08:05:00,2922.384476895379,51.25945734314807,31.32477572207845,130.1853011606688,7.430574002723397,965.8920444833756,3242.9735718882503,10.5270301643267
2023-01-04 08:06:00,2922.7845569113824,52.22598631574278,31.5711288310756,131.41234242154192,7.247138989309633,961.0538072184563,3242.708414822817,10.512686759655827
2023-01-04 08:07:00,2923.1846369273853,52.943075754210334,31.31010355015325,131.78419709195055,7.360987288521327,956.0241807913042,3260.0420621958688,10.511529453350345
2023-01-04 08:08:00,2923.5847169433887,51.93368395057727,31.6656695352819,130.1721261359044,7.354543327713591,971.7495111947063,3266.1511293903873,10.529538320639857
2023-01-04 08:09:00,2923.984796959392,52.250261786548,31.459672323361744,131.33784002673457,7.3503380606474575,959.1855523006388,3248.6614575643507,10.514674453874603
2023-01-04 08:10:00,2924.384876975395,53.145185568171144,30.853628534765637,130.233636011355,7.151788174993847,955.8595652722622,3231.9953694238425,10.485310282182406
2023-01-04 08:11:00,2924.7849569913983,52.1813803971285,31.04763424865151,131.0861176199664,7.36665932946941,964.0074938233264,3245.9686829619864,10.512426237751969
2023-01-04 08:12:00,2925.1850370074017,52.33527520214733,31.076293195988264,131.626824984055,7.082115947646883,955.5686391356959,3231.8481383983076,10.501733141908822
2023-01-04 08:13:00,2925.5851170234046,53.50588851337141,30.64982544099227,132.96245070057324,7.090966894083434,954.7983582754122,3231.773151478888,10.492444228224475
2023-01-04 08:14:00,2925.985197039408,49.94516087375926,33.157080104841825,129.467822268956,7.7654984979575,970.8853561089879,3301.4702455065785,10.548308731738123
2023-01-04 08:15:00,2926.3852770554113,52.1551268911628,32.11465226713199,130.82802667733978,7.386572725242711,963.1296779482385,3253.1576906894566,10.520345754344913
2023-01-04 08:16:00,2926.785357071414,53.342515946215215,30.60578392380271,132.09078264059477,7.2400550284445755,955.649110924063,3226.2885595758676,10.475456244772513
2023-01-04 08:17:00,2927.1854370874175,52.4304282880852,31.71973627191309,131.5223605201555,7.186909770047776,963.3335318903823,3232.5157864902135,10.491596020935207
2023-01-04 08:18:00,2927.585517103421,51.09609204724914,32.11114524999838,131.23876225847823,7.342407321997183,963.705552168575,3267.520529373798,10.526793412426155
2023-01-04 08:19:00,2927.985597119424,52.18131284557157,32.141169883976914,130.24856324801308,7.330833744218914,959.2072922771341,3254.8256203687824,10.523012097908744
2023-01-04 08:20:00,2928.385677135427,52.03284233792034,30.64721506753172,132.41710351209375,7.24459638091697,961.3127700043569,3233.1320607494868,10.50357323309172
2023-01-04 08:21:00,2928.7857571514305,51.163519445700864,32.127756183874176,130.61594586194033,7.258037611661893,963.3713918097689,3276.8461965298047,10.533571071611565
2023-01-04 08:22:00,2929.1858371674334,51.4894642858667,32.56859185169027,131.28812615722072,7.497479609974218,965.1218674723334,3271.519733431275,10.524371951811792
2023-01-04 08:23:00,2929.585917183437,51.219586688441815,32.11496433016855,129.44345031607094,7.3123187655061175,961.686565984192,3253.8336487748356,10.524094590125037
2023-01-04 08:24:00,2929.98599719944,51.009227683776444,32.63825189502323,128.82167962845932,7.455867459138205,969.5688338318176,3282.354274068887,10.574178073636036
2023-01-04 08:25:00,2930.386077215443,51.539227362984406,32.07438415664519,130.22803759396882,7.5561518440345,967.1041840542136,3271.594083150301,10.524793428477043
2023-01-04 08:26:00,2930.7861572314464,49.83102059125508,33.46889794025971,130.0040208554127,7.7711199411085925,970.5317704665127,3280.092907080801,10.54539066430862
2023-01-04 08:27:00,2931.1862372474498,49.99124232122876,33.543928581776306,129.37408573670677,7.680470997961138,971.6493339535796,3290.372180666006,10.562204940094615
2023-01-04 08:28:00,2931.5863172634527,51.800593054005205,32.45629195709161,130.9086271653754,7.314173343908956,968.022629491364,3278.2787619990445,10.538566830911885
2023-01-04 08:29:00,2931.986397279456,52.29516341069936,31.56879490139281,131.7730881200929,7.238416746673957,963.795088811144,3260.0842367516134,10.520162506495183
2023-01-04 08:30:00,2932.3864772954594,50.658215153636625,32.19735781897132,130.80171494625043,7.439951661753811,963.3142730250861,3279.9667589200876,10.538820042915054
2023-01-04 08:31:00,2932.7865573114623,52.36937988608113,31.611281386419947,131.42445840380108,7.305497794507148,959.1345659931585,3254.516127350101,10.493620288101145
2023-01-04 08:32:00,2933.186637327465,51.657394398236,31.557563575865338,131.09564226786804,7.349113165840811,965.8273796007641,3257.4707436519757,10.516368859457673
2023-01-04 08:33:00,2933.586717343469,51.813562819493406,32.20173082587181,130.26539640676464,7.508750957853275,963.4768779612702,3262.04520121212,10.515158694420146
2023-01-04 08:34:00,2933.986797359472,54.973179143479754,30.288983483062772,133.0617045292552,7.013962416603589,952.62090698766,3206.587128489218,10.461267696285784
2023-01-04 08:35:00,2934.386877375475,53.16500467650761,30.43933478411264,131.49329904333055,7.1833013189803765,959.9868632035502,3213.3923441639517,10.494395535995308
2023-01-04 08:36:00,2934.7869573914786,52.66539411784688,31.713035083184632,131.09785853120496,7.3502596951992905,955.5489567289767,3236.8752264286004,10.504030416101905
2023-01-04 08:37:00,2935.1870374074815,53.3143009076622,31.03994504338724,132.6654958418209,7.034560991453902,953.8991536459558,3230.1591973625004,10.465920769135463
2023-01-04 08:38:00,2935.5871174234844,51.01499973686633,32.730972383228476,130.28246496682064,7.801577580599052,968.6139867958261,3264.7082235651046,10.526393354788487
2023-01-04 08:39:00,2935.987197439488,50.4856898717093,33.69824535159945,129.0524375648438,7.764054048465785,972.1019704006676,3305.1672672880386,10.551131497647912
2023-01-04 08:40:00,2936.387277455491,52.11273632551932,31.77304152242405,131.3125021303171,7.416029428005031,961.6081356463292,3250.6924336672996,10.516849121732571
2023-01-04 08:41:00,2936.787357471494,53.511556800506455,30.9357074295697,132.06047598256532,7.3538207476504285,960.7486084439936,3238.9543117450303,10.525566615252623
2023-01-04 08:42:00,2937.187437487498,51.16036320443587,32.01247077027443,130.20544017718225,7.524315053472787,970.652025776784,3259.5833448128055,10.539586417882687
2023-01-04 08:43:00,2937.5875175035007,50.78746539695207,33.30578707165445,129.63084721706494,7.58263093350106,968.8504336614332,3303.9095905392574,10.554639267534709
2023-01-04 08:44:00,2937.9875975195037,50.533829737569796,32.37368310610774,130.7136187042135,7.604420373415963,971.5184645793117,3258.6899203339703,10.536999743362712
2023-01-04 08:45:00,2938.3876775355075,52.377316652685714,31.44885307670874,131.82621515887863,7.429138033178011,955.9872196309783,3233.9353306426265,10.498243413178521
2023-01-04 08:46:00,2938.7877575515104,52.528481556829945,32.092060595057895,131.00245792585528,7.403269026312138,959.3841552331829,3271.4628748468554,10.511783630682276
2023-01-04 08:47:00,2939.1878375675133,53.20828032311633,31.403617611292926,131.0190762775799,7.409359220017919,958.3821508352521,3240.235989474134,10.495357951859413
2023-01-04 08:48:00,2939.5879175835166,51.381952043484254,32.67795675982106,130.0206623045871,7.546539941365576,967.3967180705117,3276.767497086365,10.554908930158721
2023-01-04 08:49:00,2939.98799759952,52.510169375741356,32.10991331448053,131.1704360016658,7.378859262123772,960.2853093209894,3262.3695024268195,10.512115393908502
2023-01-04 08:50:00,2940.388077615523,53.62208925414334,30.855254440776097,131.83743333977043,7.222702521201215,953.7735805787103,3227.6061126041163,10.477488823073312
2023-01-04 08:51:00,2940.7881576315262,52.81363152850496,31.367367774242318,132.1504821760707,7.1811711463338535,955.8976585883559,3228.131236415296,10.500443178895402
2023-01-04 08:52:00,2941.1882376475296,49.87725728219674,33.251887360370254,130.0045480942356,7.690303420000404,970.1558522575244,3289.5328955703353,10.575572533696322
2023-01-04 08:53:00,2941.5883176635325,52.3220381545355,32.17685986537051,131.3396150651608,7.474357492672013,961.700814156532,3268.032157347612,10.528066377812715
2023-01-04 08:54:00,2941.988397679536,50.985880333123546,32.671698841805885,129.5641333009735,7.533803723942293,970.8648428422582,3272.1085145096354,10.538032916286863
2023-01-04 08:55:00,2942.388477695539,52.284821499381636,31.995061620215406,131.28354141039927,7.240874707711885,962.2304170668801,3265.639471122399,10.495022008521243
2023-01-04 08:56:00,2942.788557711542,51.82294262892382,32.25557416021673,130.6799674411671,7.5686254185401065,964.5183987795792,3260.6836062406664,10.512063114559128
2023-01-04 08:57:00,2943.1886377275455,52.024346897315645,31.752354894680803,131.09475159148585,7.41011574042298,963.4608521071285,3249.5237702616078,10.530458746892931
2023-01-04 08:58:00,2943.588717743549,52.656691578245095,31.8265784353487,131.23145480903463,7.280012873955048,965.7040333150808,3263.0933578056565,10.507424278246843
2023-01-04 08:59:00,2943.9887977595517,53.80392041988812,30.885255793618377,132.0208550248485,7.153533944418298,955.891533808451,3236.6226433655766,10.497369931063071
2023-01-04 09:00:00,2944.388877775555,53.15698467787642,31.552128049311754,132.07843086911723,7.169481467344841,952.835201354649,3208.3729249987673,10.481108407655126
2023-01-04 09:01:00,2944.7889577915585,53.61895504828215,31.04386263684738,132.64017594270936,6.974273011342842,954.0618312108647,3226.618265800056,10.491277864157121
2023-01-04 09:02:00,2945.1890378075614,52.578751060822626,31.5871747458821,131.4558334905927,7.246138849315397,957.4616168511899,3221.968268221111,10.500408571880817
2023-01-04 09:03:00,2945.5891178235647,51.507983271281624,32.798860760023906,130.4539399365012,7.5070641231427215,967.4581115816629,3276.9027077912524,10.525955870842456
2023-01-04 09:04:00,2945.989197839568,52.41674960617423,31.93314916213004,131.6188703512122,7.515236487585629,965.5166766252529,3271.7778685258804,10.525882209117874
2023-01-04 09:05:00,2946.389277855571,52.41833229906105,31.214592115995945,131.24676416110935,7.20343757494038,964.4742109759508,3244.6493999118275,10.493833903098938
2023-01-04 09:06:00,2946.7893578715743,51.503226190082295,31.783590378537895,130.31429768323002,7.570604386478723,967.3338056079409,3257.220879408551,10.52214968381958
2023-01-04 09:07:00,2947.1894378875777,50.304226197341876,33.073822789044854,130.03186461798165,7.651475047619744,968.4726069278398,3301.1688980195663,10.568264121259654
2023-01-04 09:08:00,2947.5895179035806,52.35606716709964,32.064725313041,130.42214380396172,7.351528918604132,961.9414014828391,3252.5870978444086,10.522297920601076
2023-01-04 09:09:00,2947.989597919584,51.47006718574564,32.28831891482503,130.951357531152,7.476869364797402,959.0529410924054,3266.034365642996,10.535968837575448
2023-01-04 09:10:00,2948.3896779355873,51.308510046800805,32.347037723781824,130.52089108431622,7.626755184855876,963.7654134094961,3258.0614962653067,10.516000995511119
2023-01-04 09:11:00,2948.78975795159,50.751040691065015,32.38102313570319,130.2148946266528,7.457240504477175,967.2936291209645,3284.116332079952,10.545862469765273
2023-01-04 09:12:00,2949.1898379675936,52.20550089086184,31.558028462414807,130.9676587087866,7.290935219548299,953.0224388778412,3240.5428905559647,10.509549556537987
2023-01-04 09:13:00,2949.589917983597,52.27235953545576,32.12879610607712,131.79268649436187,7.327524332157811,968.4884079555065,3227.2874030215976,10.53683280273537
2023-01-04 09:14:00,2949.9899979996,52.00744326136059,31.40528922740135,130.45336396071198,7.350383438656869,961.8378129248345,3255.2724349106647,10.536252142475979
2023-01-04 09:15:00,2950.390078015603,53.32199016808675,31.157762117152238,132.31618223152813,7.21833121406349,951.4484116613298,3229.85830725669,10.486709488735158
2023-01-04 09:16:00,2950.7901580316066,52.545560194784066,31.906169424284002,130.90915977991054,7.369607063240543,959.6123814717985,3246.8844301378313,10.498502146642661
2023-01-04 09:17:00,2951.1902380476095,51.13794553281173,32.780305281060045,131.6278711492863,7.479690387347467,969.8972731941063,3243.966792622987,10.545587724838215
2023-01-04 09:18:00,2951.590318063613,51.67244325500067,32.06868083513405,130.74457855268102,7.537795423984416,970.3363921632208,3267.6461756016142,10.532598854489676
2023-01-04 09:19:00,2951.990398079616,53.53971006176525,31.44428824361136,132.7651194072706,7.1704708611197905,958.9019148813957,3235.894316054613,10.491631138370364
2023-01-04 09:20:00,2952.390478095619,52.63897388789984,32.415826387109,130.6036668151873,7.358970823704162,963.5459883172556,3261.268406474085,10.520873496234561
2023-01-04 09:21:00,2952.7905581116224,52.53603105709813,32.53966526594954,130.35942380326017,7.35741723531413,969.4557431029164,3251.555418200682,10.52008393873081
2023-01-04 09:22:00,2953.190638127626,52.34827830417618,32.72303201097333,131.26785086759182,7.638084128101916,964.8505985238944,3253.3197039973356,10.540215156946838
2023-01-04 09:23:00,2953.5907181436287,52.41655003393458,31.41067462772271,130.86546886538824,7.222639263232588,961.3392113829639,3222.488348743702,10.516641438878386
2023-01-04 09:24:00,2953.990798159632,51.89674313702457,32.16779349608334,130.60086741911292,7.347670017152769,966.1408491723872,3259.4498210400984,10.536885767307623
2023-01-04 09:25:00,2954.3908781756354,50.430339270258656,33.08013197276325,129.98091947414278,7.7017661328481,967.4941107149485,3286.992361109355,10.569256637656437
2023-01-04 09:26:00,2954.7909581916383,52.39774245028763,31.724423153168907,130.7168065111808,7.428365306174362,966.6241539890989,3249.194792749231,10.510010128862728
2023-01-04 09:27:00,2955.191038207641,52.28397314547151,32.037302159673324,131.35372140229913,7.277349127108792,960.152860511031,3240.2671478838743,10.526157072355476
2023-01-04 09:28:00,2955.591118223645,52.44224761789427,32.282398310323934,130.5938180846732,7.591801971087625,964.2983657232161,3257.671922776292,10.549348897114102
2023-01-04 09:29:00,2955.991198239648,51.47289606574797,32.10587021196321,130.07023106422346,7.373808144626241,964.6416526236018,3236.317644630702,10.534639285215636
2023-01-04 09:30:00,2956.391278255651,53.84156063172384,30.736663156471828,132.97548334180394,7.1865488500634305,957.4511435952531,3203.435217566666,10.483784648458926
2023-01-04 09:31:00,2956.7913582716546,54.07940510210348,31.654345269257927,131.33020544409763,7.104267668314416,959.7572532488231,3224.528385117793,10.493069788973147
2023-01-04 09:32:00,2957.1914382876575,51.31734693148848,31.818657031210474,130.95215096978143,7.5341339245256,965.7138176703032,3262.2428835752225,10.523946009544844
2023-01-04 09:33:00,2957.5915183036605,53.382801612496365,31.781504197073595,131.87570650224563,7.195119407981357,959.4522746880831,3234.3512500894362,10.51420918697488
2023-01-04 09:34:00,2957.9915983196643,53.98416073468595,30.85309425518057,131.8414379831397,7.022424302273776,960.3176946164633,3235.777787418991,10.487565150395177
2023-01-04 09:35:00,2958.391678335667,51.233631483905384,33.120151949159194,129.61661674906858,7.405051318901063,968.2041585483221,3271.928384990629,10.557062488112917
2023-01-04 09:36:00,2958.79175835167,52.098544547118735,32.443037592880195,131.0699248798214,7.312891833562319,961.4496409656757,3264.080151720075,10.547621354250577
2023-01-04 09:37:00,2959.191838367674,53.28959546468516,31.895912587548192,131.13717404789523,7.341677792854022,958.1795038892467,3249.1576382730595,10.511881158797362
2023-01-04 09:38:00,2959.591918383677,53.49125330083987,30.50847203189403,132.87711614671332,6.896504275207857,958.6345287564361,3234.2166629944527,10.493554862345983
2023-01-04 09:39:00,2959.9919983996797,53.644286331538474,30.66451603548637,132.89012787673,7.125349040038961,953.5035244212186,3227.7537936392173,10.472606797277978
2023-01-04 09:40:00,2960.3920784156835,53.77714115713238,30.9269334268055,132.8780047540016,7.162341707824529,952.4640403993758,3229.213203660753,10.481016319866137
2023-01-04 09:41:00,2960.7921584316864,51.5926285147999,31.69355499552499,131.33966357026344,7.155273885639818,961.2586806539639,3240.5538984818036,10.526673295366717
2023-01-04 09:42:00,2961.1922384476893,52.00340098837406,32.93500818859944,130.25846520110312,7.403842796429858,966.2536741791505,3273.7752282277766,10.530685566955142
2023-01-04 09:43:00,2961.5923184636927,52.93395324644302,31.485282832947778,131.34321756641347,7.180259928802461,963.0467599069831,3239.792614887417,10.491836291083064
2023-01-04 09:44:00,2961.992398479696,54.350066783230375,29.916352060144582,132.4130398490118,7.025684358354444,949.6378495823323,3227.8159804124807,10.455449611799228
2023-01-04 09:45:00,2962.392478495699,49.32982788730784,33.44286221652665,129.49123640594377,7.86706629030494,973.8972195518207,3301.1197914524937,10.566816532231481
2023-01-04 09:46:00,2962.7925585117023,51.482697713738766,31.64845498253754,131.09632863724772,7.50059077401488,967.4986311257221,3258.3196438748914,10.52136627058102
2023-01-04 09:47:00,2963.1926385277056,53.44082000546488,30.85193478257593,132.69534576442453,7.096730379183314,954.5838435057034,3242.0375879372386,10.497591869743538
2023-01-04 09:48:00,2963.5927185437085,52.60823298186035,32.10904677580868,131.1027798343597,7.263635990313575,963.0374087290169,3249.370429769797,10.507327210272992
2023-01-04 09:49:00,2963.992798559712,52.81585553696939,30.690564941830004,131.41147839121209,6.969659337868303,950.388521708948,3226.952249578718,10.500381746315965
2023-01-04 09:50:00,2964.3928785757153,53.05373861236894,31.4475923380257,131.22778730935298,7.235314634251993,963.4357541169959,3265.253981277962,10.494928923230123
2023-01-04 09:51:00,2964.792958591718,53.236276278659986,31.00511849034699,132.6903778119798,7.0790900282978875,960.3974862190586,3234.9969703362467,10.480766795157074
2023-01-04 09:52:00,2965.1930386077215,50.08093566788725,33.53768215952261,128.72625130339196,7.68706807429339,971.9969132084955,3307.79697000307,10.566248350849756
2023-01-04 09:53:00,2965.593118623725,52.566271668860466,31.929766262045025,131.59463355174634,7.31807836247286,958.0386481553423,3265.7030058982054,10.513779637134201
2023-01-04 09:54:00,2965.993198639728,52.691000422696604,31.92862343994429,131.1182666316446,7.251171549259073,963.5049228415669,3242.7866156178575,10.516390052084962
2023-01-04 09:55:00,2966.393278655731,53.30068875483765,31.61160212818772,131.62332081149347,7.090440772500774,956.3855305639132,3237.353002137977,10.47629186105663
2023-01-04 09:56:00,2966.7933586717345,53.18911679979234,31.457122155405212,131.77773214845087,7.171636416052602,951.6092810270472,3237.874468759783,10.506132862478111
2023-01-04 09:57:00,2967.1934386877374,49.59512154784599,33.453216584694395,130.5479978443109,7.582455761854078,972.8574296800348,3309.932154734606,10.540192786230122
2023-01-04 09:58:00,2967.5935187037408,52.11062336492366,31.430435924306515,131.2635191397816,7.4900438406027074,966.2799479619839,3268.614962371681,10.495249294904303
2023-01-04 09:59:00,2967.993598719744,52.35929455944696,31.787787260764524,130.9671857385452,7.397114938077703,966.776913264216,3261.474048046154,10.535326477205972
2023-01-04 10:00:00,2968.393678735747,50.63358457806713,32.965178199359165,129.30567211279902,7.64650073548066,965.6057604084747,3295.0140640304094,10.561854639702538
2023-01-04 10:01:00,2968.7937587517504,53.83157247297419,29.898053069652192,132.7473278831003,7.07856459034147,947.101895351197,3201.7973576268028,10.46606010739392
2023-01-04 10:02:00,2969.1938387677537,50.85331422344091,33.05160373350825,129.12152353693676,7.7217059297192066,969.1745202957239,3306.172851541433,10.536146192807163
2023-01-04 10:03:00,2969.5939187837566,51.75051452311639,31.905265918461755,130.90752655553146,7.495603894844953,964.5224096975609,3245.956490336605,10.513544704612544
2023-01-04 10:04:00,2969.99399879976,52.94652337965588,31.243257922900415,131.57381424065434,7.2943508135674575,956.9737932704173,3244.594513691933,10.506327228522183
2023-01-04 10:05:00,2970.3940788157634,52.92994482096992,32.25365133603624,130.34662817495996,7.273019678003069,955.4866530545519,3235.476427487022,10.499590795021371
2023-01-04 10:06:00,2970.7941588317663,51.44676959825092,32.699004055123886,131.14883964964338,7.425742518286259,968.6880838905967,3279.812448384968,10.551972145714334
2023-01-04 10:07:00,2971.1942388477696,51.608280530653204,33.36900694425759,129.61203914083998,7.450803160718426,966.7817968563776,3294.616075371469,10.549353308002837
2023-01-04 10:08:00,2971.594318863773,54.639608370611256,30.5760298416569,132.77878591140794,7.04934319857443,954.2824688728473,3211.2683492992783,10.45461543782315
2023-01-04 10:09:00,2971.994398879776,53.593992847817475,30.864555529803525,132.21058725306762,7.151099199037915,957.8759780692021,3234.652931635344,10.475731614660294
2023-01-04 10:10:00,2972.3944788957792,49.833361536986374,33.742686577923166,129.92285642139237,7.6058193530611495,972.9349586374287,3301.7016454496616,10.58068890662359
2023-01-04 10:11:00,2972.7945589117826,53.28977084813314,31.208901092501694,131.26457501798953,7.014222293984535,959.2871248469371,3240.0539137817086,10.508590741789043
2023-01-04 10:12:00,2973.1946389277855,53.1161149521818,31.65473990767925,130.0421206340484,7.517141574562263,960.5271698401305,3245.3969305377937,10.518659240848883
2023-01-04 10:13:00,2973.594718943789,50.83764870637188,32.74191044032543,130.5044913169236,7.492288494867364,967.9942758895805,3300.595904520535,10.567898688894646
2023-01-04 10:14:00,2973.994798959792,52.71133296366161,31.689855070122746,130.5529368879131,7.2595445231907165,958.992998045113,3259.8681495359983,10.519246168072085
2023-01-04 10:15:00,2974.394878975795,52.93465509523645,31.964124681914257,131.32345260433758,7.458332746077994,963.9449509420124,3249.359758467706,10.516626281155936
2023-01-04 10:16:00,2974.7949589917985,52.41295746464004,32.31739244875916,130.99333901839134,7.292924633530223,968.3444371227265,3263.0694391670536,10.534168314881367
2023-01-04 10:17:00,2975.195039007802,53.69513320465492,30.80841566498364,130.64159071824545,7.145159822746947,954.4375303754539,3252.022758661568,10.494319669283556
2023-01-04 10:18:00,2975.5951190238047,52.58686901504085,31.97147507176503,130.2032040949977,7.546562812371398,968.8696677348754,3259.104935870296,10.526555559926534
2023-01-04 10:19:00,2975.995199039808,51.95966657947457,32.480927662884575,130.54688946132794,7.6263024314253745,965.7621793876825,3277.134977742271,10.526995543416303
2023-01-04 10:20:00,2976.3952790558114,52.50376961484573,31.99723203004541,129.6335911026614,7.338029908086602,964.5415358705669,3252.8836127699974,10.531913107680912
2023-01-04 10:21:00,2976.7953590718143,54.093764130992895,31.13387145208469,131.61456861171507,7.08735088991792,957.8107547548286,3227.173455229804,10.482453723921388
2023-01-04 10:22:00,2977.1954390878172,54.9047653739904,29.46507663515159,133.04208337780648,6.897888724853495,954.7048998265816,3197.604492669683,10.455701451671224
2023-01-04 10:23:00,2977.595519103821,55.101830289160624,30.11513849189168,133.0376629892554,6.913792260549495,949.8251668013097,3195.79609977634,10.458757553209153
2023-01-04 10:24:00,2977.995599119824,53.08150409907262,31.525233440930347,131.77260510806602,7.361883613263149,961.3736827861725,3248.0366767064424,10.498170725759264
2023-01-04 10:25:00,2978.395679135827,50.07650186033852,33.44079063261182,129.58144988957716,7.5827535491935905,976.0583408793909,3291.528351648123,10.56843633656071
2023-01-04 10:26:00,2978.7957591518307,51.09589956460853,32.63500746861712,129.4175084398365,7.592137314548493,966.5210661529983,3264.521671831277,10.53378635613596
2023-01-04 10:27:00,2979.1958391678336,52.73248698528894,31.624575787204908,130.87243736282147,7.235563579543386,960.3441911102223,3249.789299832021,10.514544312964192
2023-01-04 10:28:00,2979.5959191838365,52.93150311110604,32.21395248840866,131.44151118049197,7.49033735609336,960.6767293571176,3250.1627033670925,10.520313383666972
2023-01-04 10:29:00,2979.9959991998403,53.764283360260904,30.402835250629693,132.8344909193723,7.265871400385525,955.5989547846547,3225.271306719909,10.49493549921871
2023-01-04 10:30:00,2980.396079215843,50.83771610643825,32.99456107212523,129.71020872373992,7.500605754650835,966.9864362322606,3260.151172077105,10.549005469481719
2023-01-04 10:31:00,2980.796159231846,52.615223886806376,31.423120674536978,131.56903676684425,7.260345368037383,958.056503087329,3232.2514561636917,10.497790897586013
2023-01-04 10:32:00,2981.19623924785,51.70630235321553,32.978446176456536,130.76268220249,7.594795777246157,966.8828366663505,3275.963030048215,10.55245756159299
2023-01-04 10:33:00,2981.596319263853,51.90238979012078,31.40288281017514,131.16411243427464,7.455176263830716,964.0613682457,3253.1219710761493,10.516388129552048
2023-01-04 10:34:00,2981.9963992798557,51.79855976801198,32.54093653196226,131.06827000486362,7.077676218219642,963.4933740187995,3260.621004702916,10.510609060668106
2023-01-04 10:35:00,2982.3964792958595,52.03867499062793,31.38200926554269,131.03182375732857,7.379322819462098,958.8537184011028,3238.2788175946844,10.511580383543981
2023-01-04 10:36:00,2982.7965593118624,51.688624470199265,32.24169285542451,132.17993010299517,7.490734164088074,960.4218104423601,3250.0115018666247,10.516721410700642
2023-01-04 10:37:00,2983.1966393278653,50.166397235507844,33.06109713761716,129.96625199722646,7.626628983377735,972.1968911244737,3285.9809187451356,10.578462313098319
2023-01-04 10:38:00,2983.5967193438687,53.79688944096995,30.147153504453993,132.8017174899946,7.1134475728152635,952.1315474981152,3211.7654767244994,10.477747509194838
2023-01-04 10:39:00,2983.996799359872,53.43333799487208,31.51312392524926,131.72857031673863,7.371820052807703,962.5018474649861,3247.5374756660103,10.498152083725989
2023-01-04 10:40:00,2984.396879375875,51.52932036281057,32.739213390873836,130.1633150391127,7.482095785037978,963.6470487582893,3257.288258516942,10.551894845309175
2023-01-04 10:41:00,2984.7969593918783,51.97721377967449,31.531872947357275,131.02772612407645,7.4475880316300245,964.4508136695914,3261.7278784953114,10.503628818273652
2023-01-04 10:42:00,2985.1970394078817,50.52792931344903,32.96928976355793,130.08006554728914,7.532344823303553,970.0167981606955,3288.2927461680174,10.537944311409378
2023-01-04 10:43:00,2985.5971194238846,52.08459658088685,31.975911610216276,130.85036104460215,7.357022302799231,955.2650712455988,3247.8884041480646,10.513830239952354
2023-01-04 10:44:00,2985.997199439888,53.28653705629436,30.771085339956468,132.5605074553228,6.996739815537542,957.7602382345751,3223.285946518517,10.477896352469926
2023-01-04 10:45:00,2986.3972794558913,53.43543666570144,30.89804244076888,131.64742867981516,7.144498041966312,960.7982541146024,3230.7671040398536,10.490304468794344
2023-01-04 10:46:00,2986.797359471894,53.64013158724513,31.29787700172821,130.9281681362435,7.440397175071115,959.3116429393573,3248.406206344942,10.508439830272625
2023-01-04 10:47:00,2987.1974394878976,50.81877682797389,32.82930147003461,130.08812408475652,7.528452172374215,971.1561061152196,3287.7012699492375,10.559069043091155
2023-01-04 10:48:00,2987.597519503901,53.01949320194894,31.450362605893883,131.4856256314059,7.265543924785755,956.4326190315473,3250.8114319850265,10.503756114751555
2023-01-04 10:49:00,2987.997599519904,51.64769728065782,32.747879073264045,130.27979466425722,7.517429960792529,967.6186768828707,3292.3748075411654,10.535828820372053
2023-01-04 10:50:00,2988.397679535907,51.83903618820231,32.234836411816474,129.99944698615244,7.521982970026556,970.9273853106462,3263.8816363443434,10.533980499236996
2023-01-04 10:51:00,2988.7977595519105,52.80383495222747,31.35491225577505,132.25490803114542,7.365393225675909,952.2318206522488,3239.1826778737677,10.48067957813232
2023-01-04 10:52:00,2989.1978395679134,52.614327205342214,32.40139073863203,131.14402702887764,7.299801483012018,962.5194217025412,3259.9506210033073,10.498016373800178
2023-01-04 10:53:00,2989.597919583917,52.61745934152987,31.681262843430073,132.09459233315673,7.148790901034192,961.4036751102986,3223.783065683124,10.505190686922683
2023-01-04 10:54:00,2989.99799959992,52.34317764325376,31.13636209322906,131.49437536274786,7.24955365403139,965.3639266592626,3234.3735285030148,10.507666542620383
2023-01-04 10:55:00,2990.398079615923,53.26255740584548,30.502904601392434,131.0365776886017,7.146092892052119,954.5511552615925,3223.938848274325,10.513336641548248
2023-01-04 10:56:00,2990.7981596319264,53.43639621525869,31.21537035405628,132.41451333624718,7.045152149648263,953.8353469878397,3224.6570228221494,10.491426062472447
2023-01-04 10:57:00,2991.1982396479298,51.57601690032826,32.166566949561854,130.12655234489011,7.524630647770143,964.9108516076534,3269.909525556763,10.542954568165758
2023-01-04 10:58:00,2991.5983196639327,53.057926342085885,30.84193142397181,131.35076703737454,7.101218924684134,956.5198716639529,3249.745949316705,10.49016662917635
2023-01-04 10:59:00,2991.998399679936,52.018078344490995,32.15002995731522,131.01370986984514,7.346788938259751,964.3633093617899,3237.9165112374612,10.533847803351538
2023-01-04 11:00:00,2992.3984796959394,54.18744157084341,30.087151906251226,133.24591107851117,6.980665367919446,950.7834301591569,3219.296430118536,10.473536215002392
2023-01-04 11:01:00,2992.7985597119423,52.63802558017834,31.379616920539643,132.25257677974625,7.306315917378538,959.6186325627999,3247.5097063459584,10.50541918073351
2023-01-04 11:02:00,2993.1986397279456,54.33173167603195,30.522826554081323,132.50381435193717,7.101862433251794,953.5672258937685,3233.837054291384,10.480954823802305
2023-01-04 11:03:00,2993.598719743949,50.53439893899199,32.869757825917304,130.04512583344402,7.546151206628004,968.6087024689352,3283.1601695983154,10.550784273562543
2023-01-04 11:04:00,2993.998799759952,53.7327048530253,31.226502858868507,131.74967837214416,7.096697964818905,956.216154462137,3237.44929848232,10.491767552503838
2023-01-04 11:05:00,2994.3988797759553,52.18188713319532,32.1476363237146,130.2970504154349,7.260579114290376,964.2886269659925,3265.1122600229937,10.537527781627679
2023-01-04 11:06:00,2994.7989597919586,51.77572832667211,32.61305992615804,130.1338592963695,7.688262763619365,964.4897868886387,3280.5648325300867,10.546465130714354
2023-01-04 11:07:00,2995.1990398079615,50.57069246081718,33.230531805196605,130.30112891363495,7.587639395552997,972.9180447288064,3287.224061666721,10.549502140259076
2023-01-04 11:08:00,2995.599119823965,52.01326386750808,32.092786866800765,132.1320702385967,7.589940765368389,961.0702895747884,3271.94843408863,10.508910837727676
2023-01-04 11:09:00,2995.9991998399682,52.7199554051468,32.587029502823746,130.48561914777073,7.466942848818669,963.9939677519051,3265.275517250268,10.510483944109449
2023-01-04 11:10:00,2996.399279855971,53.323077543303896,30.86179009044423,131.07514169101927,7.3171847894081505,956.6387591849426,3230.0366031615386,10.468297723175077
2023-01-04 11:11:00,2996.7993598719745,51.46718657698746,32.720044204407344,130.56198554311348,7.503407177364659,964.3617318324408,3253.8874873522313,10.534505119888864
2023-01-04 11:12:00,2997.199439887978,53.307379389017,31.239489318576737,132.4754997882872,7.160755023867509,957.3693617808797,3225.949800522985,10.485732756475112
2023-01-04 11:13:00,2997.5995199039808,51.571415092868826,31.6681521656346,131.998383943503,7.315081096256421,965.9689841758762,3272.774662215534,10.508959229209237
2023-01-04 11:14:00,2997.999599919984,54.415983875066075,29.975150697609187,133.30150742903513,6.912243862890565,952.8706261524437,3187.910592496489,10.475049780421871
2023-01-04 11:15:00,2998.3996799359875,54.12802129945577,30.053544642153117,133.41591160885528,7.094423484454275,950.8298835441415,3209.947482986506,10.459587347937964
2023-01-04 11:16:00,2998.7997599519904,50.98812266733232,33.107240403466726,129.9013606147038,7.539172900070143,967.3893245841726,3274.387016773686,10.539522754931347
2023-01-04 11:17:00,2999.1998399679933,51.386251985343954,32.598137892549744,129.8407572260061,7.590502189642552,965.8611512069945,3281.628797164866,10.52953437455833
2023-01-04 11:18:00,2999.599919983997,54.55653990874598,29.696564409063548,132.07382372495147,7.072054499384883,952.9835094270734,3213.0327263035038,10.47441895774094
2023-01-04 11:19:00,3000.0,52.42017275837908,31.612072087734987,130.986522781536,7.333090531359529,958.3148860696606,3263.3111065634475,10.511302671239699
