TIMESTAMP,MD,ROP,WOB,RPM,TORQUE,FLOW,SPP,MW
2023-01-01 00:00:00,1000.0,56.798332348288184,27.360579236614075,135.11572019055873,6.405195203581471,942.6601157627837,3152.194289212438,10.406871562675988
2023-01-01 00:01:00,1000.4000800160032,56.74076616668681,27.696914909087212,135.0216319399116,6.295131868304237,937.0466994845798,3142.031983175256,10.376977792592688
2023-01-01 00:02:00,1000.8001600320064,55.31783089312709,29.447151056527012,134.57931770888933,6.623422204949905,940.5095530156865,3168.1466389525426,10.434721993558156
2023-01-01 00:03:00,1001.2002400480096,56.50628057123176,26.825490577504635,135.21548104853875,6.343729436969961,939.9595792989294,3138.071976418639,10.386979042182807
2023-01-01 00:04:00,1001.6003200640127,57.14467641098722,27.03345422127552,136.2852714535985,6.2658901697251554,935.4715288559075,3136.2268066590173,10.369438642687584
2023-01-01 00:05:00,1002.000400080016,58.16688516410962,26.249449303549035,137.10881880686026,6.08691844811926,930.1512984530287,3125.522215565407,10.36087443687307
2023-01-01 00:06:00,1002.4004800960192,57.24868826765758,27.326663436357695,135.13634067442624,6.34218594304075,939.0422381009869,3143.7279098922877,10.384387897814296
2023-01-01 00:07:00,1002.8005601120224,57.70426111702822,27.291805510690857,136.62359974247136,5.993278440939993,933.3661501759204,3106.8166335928127,10.349662206726773
2023-01-01 00:08:00,1003.2006401280256,57.3729978339804,27.481319442082494,135.2271914077548,6.370107120354194,936.3267190924362,3135.7405052581234,10.38544365183694
2023-01-01 00:09:00,1003.6007201440289,57.01740835042627,27.421169595246862,134.56191135028976,6.372129428300212,935.605645544066,3148.7958601292394,10.383835105971258
2023-01-01 00:10:00,1004.000800160032,56.759531707155624,27.363848406157047,135.3605760714803,6.197790918907335,935.3148411202909,3134.7407631590695,10.370679708720447
2023-01-01 00:11:00,1004.4008801760352,56.35725692960077,28.024494760861057,134.83739222718597,6.423550885380871,941.5345241590777,3156.8678831248085,10.41240922325846
2023-01-01 00:12:00,1004.8009601920384,55.40641570553274,28.735363586338266,134.1836643337805,6.54481962022043,940.3176355730031,3149.62635992397,10.39631879966383
2023-01-01 00:13:00,1005.2010402080416,56.77502743873423,26.38302874126623,136.11436604612615,6.221931828464758,933.5283694868559,3110.9670962152263,10.36473160468192
2023-01-01 00:14:00,1005.6011202240448,56.83150089182376,27.18041369657664,135.8899685584004,6.322594979050081,933.3498228442755,3122.380418188187,10.396424132507796
2023-01-01 00:15:00,1006.001200240048,56.26411464082156,27.69492846455828,135.87746734947478,6.547101052410384,941.8802118296345,3159.437015393687,10.390374774569578
2023-01-01 00:16:00,1006.4012802560512,55.18570127018323,28.58943181507175,134.79510807119107,6.5689270274789475,941.3984386698882,3160.750542615627,10.434026990836959
2023-01-01 00:17:00,1006.8013602720545,55.17281593004299,28.355282432250835,135.42178082623377,6.660455890781417,942.6023166458742,3150.3032214741456,10.41467372695591
2023-01-01 00:18:00,1007.2014402880576,55.8019471938871,28.370213783185633,134.56360419621362,6.543448445375042,941.970359802392,3158.6855376382236,10.403307141284206
2023-01-01 00:19:00,1007.6015203040608,59.304829439029795,25.42742772757362,137.72385111794063,6.017937173920087,923.8823226688797,3081.962915759064,10.332690455590154
2023-01-01 00:20:00,1008.001600320064,55.46424640727511,28.511233847862787,135.06868270660723,6.610263206779522,946.4007070619139,3135.3523297423976,10.417390202225684
2023-01-01 00:21:00,1008.4016803360672,56.22321571334151,27.774740815624824,134.75208369234232,6.39917789229386,939.3418612079068,3151.5927068793044,10.410967762341103
2023-01-01 00:22:00,1008.8017603520705,55.60233002621307,28.18470556515718,134.93793683158023,6.697203773747335,937.3510769165933,3154.8419300569763,10.411341983551186
2023-01-01 00:23:00,1009.2018403680736,58.44795956255561,26.226845048587887,137.10937311913682,6.125298762934329,935.5423568506104,3109.660293509956,10.34904478940954
2023-01-01 00:24:00,1009.6019203840768,57.600390338674416,27.133985666723742,136.2774472827787,6.105812547589551,936.3931932716669,3117.8370990080734,10.36374080634479
2023-01-01 00:25:00,1010.00200040008,56.60531515028151,27.465252428939593,135.31525579371257,6.352959722404512,937.0433687989618,3143.7803384206118,10.39212123228709
2023-01-01 00:26:00,1010.4020804160832,55.39003065516699,28.418941277106214,134.12659495298328,6.514935491837298,942.8763309252668,3162.0434585113426,10.432031612696314
2023-01-01 00:27:00,1010.8021604320865,57.1115622734613,25.99803238311052,137.37004030278214,6.1679991840267006,934.4987973104759,3127.671488601418,10.347560365855749
2023-01-01 00:28:00,1011.2022404480896,56.08028805131431,27.777498182363395,134.9150690096933,6.404489405764458,940.0839723945129,3141.6775998679673,10.402912146889477
2023-01-01 00:29:00,1011.6023204640928,55.53182728583789,28.489022569395694,134.66227703094953,6.374250029240716,943.7791037147834,3154.6279773020433,10.393554087140362
2023-01-01 00:30:00,1012.0024004800961,56.16516125244999,28.386622980233533,135.69596715776603,6.505163750942938,940.3765430551894,3166.4015334211417,10.41189893336232
2023-01-01 00:31:00,1012.4024804960992,57.34102816436139,27.244837872975644,136.6852021046448,6.424704751326064,933.3434269942844,3121.4944927192223,10.372422461557138
2023-01-01 00:32:00,1012.8025605121024,56.89566076896318,27.914046109685756,135.17318599358893,6.493369104759954,938.6850084900616,3144.508474835486,10.390419155039634
2023-01-01 00:33:00,1013.2026405281056,55.15932830065114,28.833597128486144,134.29560113927303,6.736921431216184,940.7240076731637,3158.8819534152217,10.423526509900428
2023-01-01 00:34:00,1013.6027205441088,54.89562952712332,28.983120351325738,134.93084585355012,6.52439700499147,942.7178261307098,3153.2105367763397,10.431873346912703
2023-01-01 00:35:00,1014.0028005601121,55.453451571180494,29.216958064426702,134.9906702642738,6.53493802135463,943.3171275085388,3158.724353421083,10.426624723012077
2023-01-01 00:36:00,1014.4028805761152,56.50314823478737,27.85076863883711,135.28894645794614,6.378489118612137,940.5918865046104,3137.922180190358,10.400936511117735
2023-01-01 00:37:00,1014.8029605921184,55.44321960810856,28.10262923223661,134.90850102183623,6.642358250370291,947.6405875394993,3173.0571094901393,10.407396986372566
2023-01-01 00:38:00,1015.2030406081216,56.54157336663171,27.630169362951804,135.2111503048816,6.304706229317925,936.5537636692577,3153.378580257303,10.3908831305476
2023-01-01 00:39:00,1015.6031206241248,56.40334469288012,27.335183139870878,134.17310579253947,6.574408040625477,942.8597848408872,3127.7118927533475,10.393111289661467
2023-01-01 00:40:00,1016.0032006401281,56.42500739445589,28.004597280223084,135.65890886101462,6.28190381542382,939.9911421816531,3129.6950958916914,10.385417780366678
2023-01-01 00:41:00,1016.4032806561312,54.40285934822064,30.02295091246447,133.0384551944603,6.573849326241171,940.4746315313109,3185.965041194479,10.436811432748687
2023-01-01 00:42:00,1016.8033606721344,54.465930135567426,29.217375855222734,133.47668243944355,6.58052683115844,949.5816496900927,3188.036549123568,10.414512025609387
2023-01-01 00:43:00,1017.2034406881377,55.173580850512025,28.379712322250263,134.29438008367913,6.577879669548303,943.1176890530614,3157.3093925610874,10.419632030956642
2023-01-01 00:44:00,1017.6035207041408,57.27781052909474,27.439231250191952,135.526077363616,6.146943237598512,939.8892476585573,3135.1345742724266,10.37578996530482
2023-01-01 00:45:00,1018.003600720144,57.92371905242182,26.7022306331898,135.92294887852822,6.043423551635947,930.99613570295,3137.5648787987147,10.356036604662517
2023-01-01 00:46:00,1018.4036807361472,55.38904347349996,29.48179165093949,134.97719487002544,6.806327625646655,944.9935549037237,3190.388499728018,10.422202991625388
2023-01-01 00:47:00,1018.8037607521504,57.140685950686404,27.040507115116966,136.4930484778173,6.23036163363205,936.9084228654915,3142.600930696401,10.369713761018144
2023-01-01 00:48:00,1019.2038407681537,54.470909865540754,29.632658891994055,133.6639965921847,6.6775579450474405,943.8766473515327,3200.071488146241,10.443626332818424
2023-01-01 00:49:00,1019.6039207841568,56.28481516875392,27.60180130686026,135.42996986117095,6.483714265631514,938.3472382232977,3140.3523413920734,10.411051463412154
2023-01-01 00:50:00,1020.00400080016,56.47237472932856,27.978155337965433,135.83846208860558,6.406682471209896,935.5767536667341,3154.9058577217484,10.403350171824787
2023-01-01 00:51:00,1020.4040808161633,56.87231575858202,26.66719399132587,135.2499218316415,6.389044642292183,932.9019988145754,3128.264694551622,10.374444547469084
2023-01-01 00:52:00,1020.8041608321664,53.747923335171436,29.679267655370168,133.07216955701472,6.905720991359299,954.89256414533,3196.93593329249,10.459233050702718
2023-01-01 00:53:00,1021.2042408481697,56.067676857270406,27.691666616518933,135.2996511734265,6.557260556554914,936.5665294009061,3146.507394368304,10.384652082873153
2023-01-01 00:54:00,1021.6043208641728,55.70167495658339,28.840409399387156,134.73226572725218,6.6461835500434026,939.4709417637587,3176.5232382855625,10.409454079795115
2023-01-01 00:55:00,1022.004400880176,56.656152631971565,28.08552106779322,134.9884567140154,6.346650113792816,930.4687455636011,3146.3751513981433,10.395173028942114
2023-01-01 00:56:00,1022.4044808961793,55.16847590383875,28.696411290875194,134.72375829267256,6.555807291087047,942.6675656024049,3167.1654165177765,10.43413349546163
2023-01-01 00:57:00,1022.8045609121824,58.31067394000607,26.685907970849602,136.20276966152488,6.166506183328452,923.0426952702688,3122.1471783967204,10.369548576859719
2023-01-01 00:58:00,1023.2046409281857,55.238302557975906,28.90678247821008,133.8589329252546,6.525189511436138,943.7539200724556,3165.4626356146587,10.41514277238643
2023-01-01 00:59:00,1023.6047209441888,53.438758754498735,28.890598231167584,134.20707119730554,6.7398869420508785,951.0387365803816,3191.7219568403684,10.444189088812184
2023-01-01 01:00:00,1024.0048009601921,55.10879758532554,28.88328304806479,134.9617339366639,6.593210501396935,946.068487267379,3166.4931249306815,10.428473201582758
2023-01-01 01:01:00,1024.4048809761953,56.03365746285293,27.784132021912892,135.9071428909095,6.450062343551293,935.9711470631721,3151.8691199577015,10.395705813254578
2023-01-01 01:02:00,1024.8049609921984,56.27220533646326,28.435269166316015,135.94210753987716,6.509490235736138,940.0448025304916,3160.750943618806,10.392691821874703
2023-01-01 01:03:00,1025.2050410082015,56.06426565650628,28.076258619415746,134.64652425892658,6.63016740851367,942.613220689653,3144.8818153368006,10.408555337341308
2023-01-01 01:04:00,1025.605121024205,55.62568134529772,28.054525348253872,134.7933805264738,6.604403512640608,938.97778550019,3160.999125670622,10.41731763500308
2023-01-01 01:05:00,1026.005201040208,54.92059391252769,28.614448306266905,133.65496800912365,6.496317375270037,938.5113678025514,3154.678949880597,10.411263097697773
2023-01-01 01:06:00,1026.4052810562112,56.84101655951273,28.67564334092615,134.2628660855783,6.663473162481553,944.36800881441,3157.393119500012,10.41496605224442
2023-01-01 01:07:00,1026.8053610722145,55.53524536070557,29.137612761783746,134.220825197123,6.854341018747078,941.9764853320343,3178.832421224085,10.42707661661138
2023-01-01 01:08:00,1027.2054410882176,58.47402521455966,27.307437826250908,135.55356849714636,6.057216104829229,933.6771176934387,3112.295317307437,10.35099070059362
2023-01-01 01:09:00,1027.6055211042208,55.63611257523682,28.638981103043626,134.4572727814455,6.762091648290961,944.9338999243173,3171.121533567778,10.429059363611483
2023-01-01 01:10:00,1028.0056011202241,56.4631009476238,28.005300646148008,135.2714991587621,6.4775461672981685,944.1340889813508,3140.227541117189,10.392545559930694
2023-01-01 01:11:00,1028.4056811362273,55.10316459816439,29.061085033856138,133.5670984663161,6.574017263049538,953.041456424899,3181.5383766215755,10.422963991678355
2023-01-01 01:12:00,1028.8057611522304,55.76656541136954,27.568444834783207,135.18469992134027,6.5520526855139645,938.9125536971856,3164.2484386509204,10.406676296158032
2023-01-01 01:13:00,1029.2058411682337,54.565618179826515,29.160989069528956,133.99689102377195,6.900648395856589,944.2204903370731,3170.5625805729146,10.44397284597725
2023-01-01 01:14:00,1029.6059211842369,55.477411507728,28.768272226073233,133.73687033584557,6.675898508071058,944.6285404050925,3176.4462271901593,10.434518522092768
2023-01-01 01:15:00,1030.00600120024,56.53941324789002,27.345864951235377,134.49724396778856,6.514429659314954,941.6555131183593,3153.642991470535,10.41633453039114
2023-01-01 01:16:00,1030.4060812162431,55.73539332137778,27.40096569820074,135.3695947261008,6.444321620883484,940.4254631228061,3145.5062930913605,10.398263473185665
2023-01-01 01:17:00,1030.8061612322465,55.67550736619339,29.093753876768332,133.437026187344,6.905817989686114,944.0414559953346,3175.6471209168785,10.440763650363827
2023-01-01 01:18:00,1031.2062412482496,56.05815941821801,28.203430129074615,133.12897414460946,6.584564761635932,940.1917500095791,3161.264593654396,10.39312162041597
2023-01-01 01:19:00,1031.6063212642528,55.596170943800495,28.659905479277473,134.43919515349285,6.653678927565625,943.6143264598923,3156.6189605017694,10.41656560232632
2023-01-01 01:20:00,1032.0064012802561,55.950771888191774,28.89864123202571,134.2723041209754,6.5011676190563525,942.6352301289165,3176.8545501738045,10.41132584819478
2023-01-01 01:21:00,1032.4064812962592,56.311618823951335,27.792313928745212,134.24982793887122,6.625850766709588,936.2246755436789,3133.774044734519,10.408018037600526
2023-01-01 01:22:00,1032.8065613122624,54.64629144191571,28.786691703570433,133.61003819226468,6.531207548069109,944.66155888227,3173.1250829916544,10.411208315951258
2023-01-01 01:23:00,1033.2066413282657,54.6831385756812,28.905006598630894,133.05736278128091,6.839904785012981,946.6699496241517,3169.64711127091,10.419562698994051
2023-01-01 01:24:00,1033.6067213442689,55.62479925166572,29.20414670647312,134.15743493000446,6.495075880720511,945.823194958632,3171.8122736423834,10.403697722951735
2023-01-01 01:25:00,1034.006801360272,55.91812239086933,28.14884295788762,135.53831853746564,6.591757243701441,941.365610826996,3140.1377429900695,10.403240293790155
2023-01-01 01:26:00,1034.4068813762754,56.09183225695284,28.58099592062965,135.17667016302997,6.5264800433341525,945.3963360899047,3162.382115848598,10.413269213954969
2023-01-01 01:27:00,1034.8069613922785,57.647496564053164,27.000690449755727,136.03741106977816,6.1814364890897116,936.8021590955387,3120.87909428231,10.358551884995226
2023-01-01 01:28:00,1035.2070414082816,56.371388244208795,27.67234499596899,135.1329853740275,6.572776603739914,932.5090127505194,3136.884703824351,10.385462440281584
2023-01-01 01:29:00,1035.6071214242847,55.50841192092368,28.639165281733362,134.74306252761488,6.570737674631752,941.5132134020539,3163.1278270054127,10.415861241968349
2023-01-01 01:30:00,1036.007201440288,56.07670750045622,28.007176517229674,135.0921423937883,6.388447674932745,945.1391727550252,3163.4774182916017,10.407454336785577
2023-01-01 01:31:00,1036.4072814562912,55.98153983364424,27.822337942473442,135.77741617893557,6.437612810924322,936.054324119561,3152.883393903899,10.379569073746854
2023-01-01 01:32:00,1036.8073614722944,57.13636795920489,27.828610673167145,134.7854333557013,6.254312435472018,939.8334064450779,3134.9893751086447,10.399682305907376
2023-01-01 01:33:00,1037.2074414882977,55.98053199347263,28.345598890642524,133.44077941616936,6.545005034175592,944.399954947328,3172.9348848362815,10.42432859508286
2023-01-01 01:34:00,1037.6075215043008,56.98158916310508,27.47538426712109,136.49907068374534,6.473870889178471,937.2397228086458,3137.5469283946722,10.374150535293523
2023-01-01 01:35:00,1038.007601520304,56.85366866274655,28.112838619332752,136.14360210747668,6.343551962487952,935.935413397329,3148.8844696316914,10.380673837759474
2023-01-01 01:36:00,1038.4076815363073,55.20446998449913,29.11019091795322,134.16226343723426,6.561197271642954,945.0436702887337,3163.2800637465475,10.415018177258862
2023-01-01 01:37:00,1038.8077615523105,56.13764396141716,27.98670216405404,134.53261862018192,6.483157441643427,939.4823074952633,3150.898226697914,10.427822271257128
2023-01-01 01:38:00,1039.2078415683136,57.91088737916511,26.906058640461982,136.02856172696858,6.2708018521935935,930.1159564528842,3106.8634377274298,10.35960716917332
2023-01-01 01:39:00,1039.607921584317,56.52016852275729,28.301002757891826,134.58553149898236,6.603324508305219,943.2867395069661,3158.0128024507435,10.396383348084022
2023-01-01 01:40:00,1040.00800160032,57.197740055153034,27.29572463116737,134.6002992140622,6.394977660495321,936.6563589590417,3146.8056198179584,10.390009186208172
2023-01-01 01:41:00,1040.4080816163232,54.69439843970127,29.300193372468577,133.54679189090788,6.714081870245391,954.6477569168043,3192.728089044209,10.427650817327807
2023-01-01 01:42:00,1040.8081616323266,56.13506651834938,28.51530222268555,134.370962805785,6.638384393870517,938.7668682566317,3166.781514556946,10.418749987042693
2023-01-01 01:43:00,1041.2082416483297,55.747560459411424,28.91200849341011,133.3965007540832,6.617639628391465,946.3994169455392,3177.336047427002,10.431896208677331
2023-01-01 01:44:00,1041.6083216643328,55.34631039255598,28.80537505132185,134.572271745565,6.639527532789539,940.1253654319507,3173.757667418016,10.422529382942935
2023-01-01 01:45:00,1042.008401680336,56.38967685520893,27.98316022429252,135.11326440925697,6.4750268926956975,944.6476722223731,3150.011534290627,10.396824116023557
2023-01-01 01:46:00,1042.4084816963393,54.94860679319459,28.302774726438393,133.85535293763786,6.579836746502348,941.5991646743328,3160.647512079373,10.426338410470464
2023-01-01 01:47:00,1042.8085617123425,55.706963712170726,28.601692435126328,135.34033550929158,6.5751895672821625,944.677390206295,3164.4528012389414,10.409012665958185
2023-01-01 01:48:00,1043.2086417283456,55.01244869714117,28.588940504267892,134.33745248482066,6.75891052986303,947.0789601865289,3155.7384026736313,10.420580680944635
2023-01-01 01:49:00,1043.608721744349,55.299430979451344,29.450619837658707,134.0990473669949,6.673772831378024,942.9262334342712,3195.750899757569,10.447530635793902
2023-01-01 01:50:00,1044.008801760352,55.459783738190204,28.324589439730183,134.05031062686456,6.740848573399591,941.6586081766923,3163.251309848751,10.403830687405048
2023-01-01 01:51:00,1044.4088817763552,56.554919867011776,27.660371337636313,135.87834140037788,6.561417021145145,940.4212876653901,3166.6307209513675,10.395812309787974
2023-01-01 01:52:00,1044.8089617923586,57.58050061084181,27.549790439782583,135.90222545377821,6.3116832681454555,938.6036165641802,3123.0649077483417,10.368878427319077
2023-01-01 01:53:00,1045.2090418083617,53.32332167664053,30.284465258672032,133.21316966525978,6.884448933557025,953.6041012369129,3198.877086365835,10.451682055182365
2023-01-01 01:54:00,1045.6091218243648,56.13080315325709,28.089554354885315,135.30830396407353,6.553211887229379,940.3759777834026,3159.810874418309,10.422880378560986
2023-01-01 01:55:00,1046.0092018403682,54.85429855685388,29.47111988985978,133.38969068582597,6.649467736729331,952.9782068789223,3165.7742196432123,10.429834228086579
2023-01-01 01:56:00,1046.4092818563713,56.849470831211306,27.596879291591662,135.7263169675286,6.623934086724634,941.7694145690659,3136.077450092488,10.393888064909218
2023-01-01 01:57:00,1046.8093618723744,54.68660654791827,29.968362210655325,133.08522544657177,6.906111192855555,947.0345565454434,3187.9456862006714,10.439598158191787
2023-01-01 01:58:00,1047.2094418883776,56.52599563704603,28.190290443133073,134.59160191086738,6.682888323120549,941.1530308573115,3147.170270155584,10.402939260493744
2023-01-01 01:59:00,1047.609521904381,55.81049287213953,28.76325717302483,134.37802563617362,6.556794833652631,949.9938916793403,3173.7687100323055,10.425927256567828
2023-01-01 02:00:00,1048.009601920384,56.52894217835352,28.051417404701592,134.7697899769309,6.654800439968736,941.1136556078096,3139.429970407674,10.38902004529256
2023-01-01 02:01:00,1048.4096819363872,53.91943013134793,29.077652108799995,133.20228158668405,6.819098498329517,948.769758346342,3193.81291865961,10.441021756826334
2023-01-01 02:02:00,1048.8097619523905,55.87071351826546,28.158352912216067,134.41201732792314,6.6611414839577066,940.2628646294495,3170.7051954556628,10.412985731212883
2023-01-01 02:03:00,1049.2098419683937,55.752208793538294,28.658490185862973,134.07811778061904,6.787704246056175,941.5875965033564,3175.072643687496,10.445370750337215
2023-01-01 02:04:00,1049.6099219843968,55.28719296557585,29.509441573791374,133.24931948855544,6.874087760681519,946.0852229065442,3178.3759870825293,10.42466915047561
2023-01-01 02:05:00,1050.0100020004002,58.2255633058252,26.491444713403464,135.7948380686199,6.329170658423573,932.7809334456408,3109.470010798979,10.370616234677218
2023-01-01 02:06:00,1050.4100820164033,55.49757904147937,28.99032171260137,134.32997482215046,6.676732592826338,940.6856668349654,3156.7719729709024,10.432922602788171
2023-01-01 02:07:00,1050.8101620324064,55.06252607835046,28.93970177440659,133.25698158805844,6.825294284788938,944.6523291358767,3188.5970235531154,10.442437601539627
2023-01-01 02:08:00,1051.2102420484098,55.563419469336495,28.030868910438556,134.7754178960255,6.550287709096602,945.3283489200227,3165.7257315175243,10.407993590020117
2023-01-01 02:09:00,1051.610322064413,55.78744968465208,28.80544017306226,135.30559805470764,6.591115462715013,939.515868541598,3175.922393567242,10.407071111657476
2023-01-01 02:10:00,1052.010402080416,57.34398230710748,27.715557432710952,136.18871767370138,6.450470541467412,937.3362048480424,3146.173024326123,10.401769219159682
2023-01-01 02:11:00,1052.4104820964194,56.13021895877294,28.58599594125957,133.44614743968629,6.479630211452005,945.4929838167164,3171.138102687506,10.407531955102394
2023-01-01 02:12:00,1052.8105621124225,55.48998872419032,28.855971622854838,134.14935416456984,6.815400875957683,947.1877621991856,3181.7826237276913,10.421722923713446
2023-01-01 02:13:00,1053.2106421284257,53.635597132690755,30.372720490630613,132.13458448897902,6.947981917900618,958.4259857765909,3211.56489200623,10.481865893260684
2023-01-01 02:14:00,1053.6107221444288,55.601424198359496,29.680503830451944,133.01399844618967,6.665642192224138,947.2429106509823,3171.4004177226525,10.430813025334256
2023-01-01 02:15:00,1054.0108021604321,55.31479369026217,28.2302406142042,134.3645593858798,6.607401482934321,943.870823553876,3164.4342989319516,10.417214440242294
2023-01-01 02:16:00,1054.4108821764353,54.09898928831307,29.880734331244632,133.8478623791231,6.958265903256796,955.0034885707471,3195.5296479437084,10.466015980937978
2023-01-01 02:17:00,1054.8109621924384,57.4422643295268,28.36442102513636,135.37793959491836,6.516714080637792,938.6673934211523,3141.937935303956,10.39810124683958
2023-01-01 02:18:00,1055.2110422084418,56.922603764515685,28.07902754753668,134.50871854721464,6.265764706938071,938.1120604485066,3151.063636987276,10.383222895560325
2023-01-01 02:19:00,1055.611122224445,55.02259040579995,28.947824697958875,134.1283377735323,6.898471788536608,946.2779982330129,3176.4212158820505,10.416360938430921
2023-01-01 02:20:00,1056.011202240448,54.854976564737186,28.965623554401045,133.65022471507663,6.7262649216412695,946.567445868572,3163.4328599574765,10.431628831103605
2023-01-01 02:21:00,1056.4112822564514,55.132676014129515,30.18833054750767,132.35677606590605,6.7497528203771235,953.7188716980039,3187.873649182783,10.460869347117892
2023-01-01 02:22:00,1056.8113622724545,55.49007551357492,29.372901657855305,134.34676170834703,6.615166299941598,938.6175587027832,3192.428099586013,10.424437941257159
2023-01-01 02:23:00,1057.2114422884576,54.111830153628,29.68365488648654,132.20422134788822,6.762557550329978,950.5380863311283,3210.9367135340794,10.4617734818154
2023-01-01 02:24:00,1057.6115223044608,55.29624100751902,29.453400296384874,134.01471317747186,6.793208586227511,947.7987958208225,3167.6454752901464,10.423808133668182
2023-01-01 02:25:00,1058.0116023204641,55.443332068104425,28.78273284194473,134.38135742238217,6.605789878608511,943.3461140167235,3185.1795336726655,10.440052742392488
2023-01-01 02:26:00,1058.4116823364673,56.55127220208206,28.779533233868005,134.63404575032095,6.485228453641657,940.0203778196515,3163.9532266911756,10.422300053637708
2023-01-01 02:27:00,1058.8117623524704,56.31307989764114,29.03815588494812,133.97531437142095,6.964201935598045,944.3095346659204,3189.8692368849784,10.426045389829202
2023-01-01 02:28:00,1059.2118423684738,54.90038698480909,29.120715472928136,134.17517607669336,6.690684693073548,950.6686575588187,3203.776519613652,10.446977054990809
2023-01-01 02:29:00,1059.6119223844769,56.66127642243264,28.34281571378785,134.56615604526309,6.581400921147525,944.3336003913596,3158.0127861298474,10.420462567039385
2023-01-01 02:30:00,1060.01200240048,57.16206894411139,28.22419853363781,135.42484449874556,6.5459086516688405,939.7199340919095,3150.532731165357,10.402461178723367
2023-01-01 02:31:00,1060.4120824164834,54.347584222703134,30.166051612833225,133.18929882060053,6.712415084080344,947.6842454821433,3219.982466811133,10.44092738133011
2023-01-01 02:32:00,1060.8121624324865,53.470655609452784,30.299270637505305,133.07551099272655,7.137700253208452,954.4516284128827,3221.5624876605616,10.468391237766953
2023-01-01 02:33:00,1061.2122424484896,53.27576329673991,30.17931345399216,132.8897709013501,7.018020605508603,950.5601426985826,3207.3267136309782,10.475501935016347
2023-01-01 02:34:00,1061.612322464493,56.958942166106105,27.260418241542272,135.6551788112593,6.516466931416695,932.4815283699465,3161.7870397854094,10.397629434884255
2023-01-01 02:35:00,1062.0124024804961,54.952468130423455,29.950501288804066,132.32275012702792,6.86016196764756,948.5841458637011,3202.6710628365627,10.443678084968798
2023-01-01 02:36:00,1062.4124824964993,55.94382468140383,28.43055349858642,133.90255503707996,6.753235142114217,937.6263785671458,3187.00811461344,10.415472495874697
2023-01-01 02:37:00,1062.8125625125026,57.194306119511616,27.755768203486156,135.29377103060142,6.477026186232596,940.0806705396245,3142.188293161404,10.418936524767538
2023-01-01 02:38:00,1063.2126425285057,54.60574505977436,29.426299680084007,133.58880856447493,6.889596433975957,953.1574901893636,3183.6247990585825,10.457909513377587
2023-01-01 02:39:00,1063.6127225445089,53.48332793517135,30.673446624007727,132.5434701407606,7.251611517413294,959.5378779007938,3216.463847801939,10.49258442851037
2023-01-01 02:40:00,1064.012802560512,54.57087134346487,30.048961142897628,133.8143399819667,6.642753590144563,951.211735005029,3194.8104990371176,10.434858866446376
2023-01-01 02:41:00,1064.4128825765154,55.630598933335726,29.143193573851207,134.18812522094416,7.038847517123747,950.182555415173,3171.5369849906742,10.441425057785747
2023-01-01 02:42:00,1064.8129625925185,55.27999648220121,28.895910063932803,133.8088911400503,6.848067990136614,945.697886583583,3190.7496095329566,10.433145455986855
2023-01-01 02:43:00,1065.2130426085216,54.16409143927575,29.850357520977127,132.5643032642655,6.828572634453677,947.5138508756274,3217.612527967728,10.440195295891309
2023-01-01 02:44:00,1065.613122624525,55.27020923774178,28.656653712212716,134.97769091270905,6.584986185418538,947.7256553814562,3172.4787361569543,10.429209884329891
2023-01-01 02:45:00,1066.013202640528,55.512113174374115,28.472967093924016,134.0913342469716,6.4930074972043155,946.9657958442413,3164.4067081484945,10.409985630401987
2023-01-01 02:46:00,1066.4132826565312,55.474971413972185,29.415053712353778,133.71342211519732,6.675249099416773,949.2483351720946,3204.6392308932727,10.435247763372166
2023-01-01 02:47:00,1066.8133626725346,54.47234774231422,30.34060142335526,132.11345042648043,6.944804273826579,950.8143859756777,3194.127442352554,10.461710116687465
2023-01-01 02:48:00,1067.2134426885377,54.42951995978219,30.258231543129273,133.3459271303957,6.888973884689883,947.7612150860514,3189.6364608176646,10.471993611218608
2023-01-01 02:49:00,1067.6135227045409,55.84989881565303,29.927163482600445,133.3597004650844,6.79938421270252,941.0589948834604,3197.2709891867585,10.429577242507706
2023-01-01 02:50:00,1068.0136027205442,54.849902958756886,29.166618761073487,133.47001736339772,6.861179062872584,947.9133507879408,3193.2781822499483,10.45474813386071
2023-01-01 02:51:00,1068.4136827365473,55.788017825469076,29.411723953442845,133.59755331105313,6.823065262549323,951.4240622353271,3200.4607508450067,10.420722269523552
2023-01-01 02:52:00,1068.8137627525505,55.30572465317661,28.26720307020744,134.7216569141343,6.551586246220607,942.1793525677949,3175.7304003904924,10.432440612149433
2023-01-01 02:53:00,1069.2138427685536,52.801252126949294,30.418473036076,133.4943832311948,7.039786857998344,955.2277026504659,3215.749760558996,10.469677883757834
2023-01-01 02:54:00,1069.613922784557,55.90935161570916,29.234099051334773,133.8557712168016,6.795163329882871,949.2042605846858,3182.379594108475,10.435398089638833
2023-01-01 02:55:00,1070.01400280056,54.71251652857522,29.455690628174256,134.1925486533148,6.594058699327299,947.7215299075563,3176.136914264822,10.413676709337276
2023-01-01 02:56:00,1070.4140828165632,55.42714186625105,29.804545823230843,133.30792108705896,6.664732985995479,947.889022049575,3194.1511585631915,10.449659024567296
2023-01-01 02:57:00,1070.8141628325666,55.326136835000185,29.556036529902332,133.34563365899237,6.821542937646188,943.1235693212352,3178.650487016832,10.43665903955472
2023-01-01 02:58:00,1071.2142428485697,56.19448476210209,28.811329817134236,133.17166442588547,6.72735270312453,942.9994989895893,3169.4237992077196,10.41650001220792
2023-01-01 02:59:00,1071.6143228645728,54.69079365454803,29.78149912450135,134.2807144509793,6.776728963905436,948.5938477681458,3183.8468561070667,10.439766287911295
2023-01-01 03:00:00,1072.0144028805762,55.47991850783641,29.440176731362644,133.9009182671892,6.707341608005962,945.3077295566737,3186.969681429652,10.438829118555004
2023-01-01 03:01:00,1072.4144828965793,56.274918087212654,29.041892566885885,134.31240567477371,6.453073289269247,944.2472262623246,3185.960265197817,10.426489845298871
2023-01-01 03:02:00,1072.8145629125825,55.322871088075495,29.737723820227835,133.87428746847556,6.880309562974926,949.3468689505374,3179.6099816401875,10.445510728990634
2023-01-01 03:03:00,1073.2146429285858,55.03672432501036,29.594351488769043,132.70103278208782,6.911613991867823,949.2817940911755,3200.8341782280454,10.452434108550015
2023-01-01 03:04:00,1073.614722944589,56.50124534214676,28.610749371463676,134.08999098344373,6.592840033263914,943.3477222659603,3145.9578801642574,10.423323302938536
2023-01-01 03:05:00,1074.014802960592,54.23690224507395,30.057139393920643,132.86393336761017,7.089026211206232,949.817429164367,3213.7256763653486,10.475957869621181
2023-01-01 03:06:00,1074.4148829765954,55.61074457388996,29.08493180552844,134.1638413046491,6.661250216347645,948.4905711449534,3162.713654771872,10.442888840155677
2023-01-01 03:07:00,1074.8149629925986,57.39497862327265,28.005292486388065,135.4080779227957,6.467837975978744,936.1659689942759,3128.407996813112,10.403766335913135
2023-01-01 03:08:00,1075.2150430086017,54.3108648617033,30.636115690165568,133.41782508936575,6.985828480519215,952.4410843559033,3209.2650345828633,10.462248459993596
2023-01-01 03:09:00,1075.6151230246048,54.332413564106865,30.46978556107164,133.20918009548555,7.099187445713297,952.2731492118719,3216.2013622161257,10.484591835473552
2023-01-01 03:10:00,1076.0152030406082,54.572199279868336,29.715968952666685,132.9316674709942,6.806335595534208,948.3095777806095,3182.7283402788867,10.456747083998044
2023-01-01 03:11:00,1076.4152830566113,54.780882184106986,30.325430558579576,134.34278597417165,6.9187937298107025,951.5101842336795,3214.485316902066,10.457829766538227
2023-01-01 03:12:00,1076.8153630726144,52.744307743321976,31.194339352015266,131.32981401780572,7.283876755513052,958.831872666421,3236.4799812156484,10.484043105918108
2023-01-01 03:13:00,1077.2154430886178,57.16032185785378,27.519564891503183,135.78855773532428,6.3377237736413505,937.0868246365964,3139.17708213815,10.368435937940978
2023-01-01 03:14:00,1077.615523104621,54.77696573523334,30.840564123572275,132.6927592649889,7.14502104520227,954.3610976643839,3221.3790150487093,10.454034103901787
2023-01-01 03:15:00,1078.015603120624,55.391318961490775,29.129521116664662,133.91144132323376,6.586675597149451,939.927251757194,3194.245786630951,10.435783809719197
2023-01-01 03:16:00,1078.4156831366274,55.022958740137945,30.166872290799304,134.21060904348985,6.905817028558059,951.6229523101415,3197.909858061685,10.445299366406529
2023-01-01 03:17:00,1078.8157631526306,56.67861066132277,28.77949333160172,134.8802630967002,6.701066468633296,946.042529094737,3162.113482013165,10.417413873244255
2023-01-01 03:18:00,1079.2158431686337,54.62234880371431,29.866604428003797,133.12713855968892,6.803268315150693,951.665229743079,3214.405503322749,10.455890909142568
2023-01-01 03:19:00,1079.6159231846368,57.95995651161808,28.507803965470206,134.62359979851774,6.602887691176453,945.0320274245942,3176.2035719773266,10.404403119407615
2023-01-01 03:20:00,1080.0160032006402,54.994808710245124,29.702650181345327,132.17734078419468,6.848816868278477,951.135806163629,3204.9380102168693,10.45274914739535
2023-01-01 03:21:00,1080.4160832166433,54.72327683944861,29.719681707237424,132.94763951823097,6.839230778001128,946.3354079298088,3200.1562306879837,10.436032591214403
2023-01-01 03:22:00,1080.8161632326464,55.488388947508234,29.771186713465752,132.91117464641562,6.804761527913339,956.2197554338517,3214.5166643613106,10.46521374097661
2023-01-01 03:23:00,1081.2162432486498,53.8856100807013,30.251364633519987,132.3801201149334,6.9600824445670035,955.3203579476669,3210.901440963759,10.476795625574605
2023-01-01 03:24:00,1081.616323264653,54.34424634822226,30.337741326668592,132.67797582092348,7.126157098295265,950.4653624074305,3215.811479127966,10.471537136871557
2023-01-01 03:25:00,1082.016403280656,54.70736812781285,30.551872112088105,132.5465963308762,7.035246588425118,951.8596687965597,3220.527759642682,10.46363286137226
2023-01-01 03:26:00,1082.4164832966594,55.271044660377854,29.794820568209317,133.54593723781056,6.570259492449622,947.8649480575732,3196.946977066802,10.45056476364211
2023-01-01 03:27:00,1082.8165633126625,56.800765741354176,28.455120567570575,134.4859563643763,6.619949289425778,944.543490455324,3175.3087041516987,10.427563015298002
2023-01-01 03:28:00,1083.2166433286657,56.099703361820076,28.56880915700138,134.35367608052954,6.777096890221969,948.1005141241948,3159.997661772355,10.409771647635264
2023-01-01 03:29:00,1083.616723344669,57.329963916338684,29.136850687989863,134.12449006468836,6.6094490998560955,946.4290210516136,3175.4814358075305,10.436650007599683
2023-01-01 03:30:00,1084.0168033606722,56.07416954342257,29.413141494046027,134.31200442994992,6.702996428144709,950.6871350881762,3200.5983017167805,10.445100103058396
2023-01-01 03:31:00,1084.4168833766753,55.086123115859266,30.012438844333424,132.8753658502171,6.969528876311221,953.4250104348754,3204.983901595551,10.45768614576477
2023-01-01 03:32:00,1084.8169633926786,54.964933063524484,29.75468559663817,133.54341531629862,6.969757478363194,945.2594901369108,3212.457738201657,10.458392298105915
2023-01-01 03:33:00,1085.2170434086818,53.06084089710204,31.326005043209275,131.21725215431414,7.041489759419047,955.6726150278658,3230.3295405884596,10.482874807794607
2023-01-01 03:34:00,1085.617123424685,56.33510814844901,29.130981380775488,134.0983904938943,6.683294925342087,936.0102187047191,3178.725526933442,10.399033867025667
2023-01-01 03:35:00,1086.017203440688,54.78533102736458,29.953329877100376,132.14121111485235,6.976107194087683,950.5134815974737,3205.3707108173894,10.472220017679488
2023-01-01 03:36:00,1086.4172834566914,54.53244424909395,29.937571533531447,133.46411023238417,6.937355699872219,953.7643126093466,3208.284972924159,10.4803487490558
2023-01-01 03:37:00,1086.8173634726945,56.19786881227126,27.723315147413896,134.67160430000698,6.556872624740382,938.2068692795551,3157.1923935468217,10.411315810075719
2023-01-01 03:38:00,1087.2174434886977,55.14607256236179,29.895023104468727,132.6690705889144,6.884005342264487,947.5947587629636,3198.701809852784,10.454330796826342
2023-01-01 03:39:00,1087.617523504701,55.72186848147459,28.97093503568686,133.0264019706283,6.691125925993537,949.7305115634692,3186.766266315912,10.454440631641084
2023-01-01 03:40:00,1088.0176035207041,53.97486126275856,31.127218345763808,132.63650816025327,6.953012299412837,955.5290368549998,3195.8016346628337,10.4834719114727
2023-01-01 03:41:00,1088.4176835367073,58.02936317402804,27.50030801776831,134.94821026598467,6.695670059092505,937.3999391507818,3138.0737754936663,10.402734659300915
2023-01-01 03:42:00,1088.8177635527106,54.63029016267828,30.208911215377608,132.49691742197652,7.030073878382658,949.3996111492571,3207.8655767115906,10.475390963186669
2023-01-01 03:43:00,1089.2178435687138,54.04981627278395,31.116265041122244,131.49683774359258,7.118137723478765,958.6218171928747,3227.534260263013,10.489729913357746
2023-01-01 03:44:00,1089.617923584717,57.576161852282894,28.57768902742073,135.07721213400876,6.417732588083718,945.186035221581,3172.6933415425333,10.413635427180091
2023-01-01 03:45:00,1090.0180036007202,54.63231294322081,29.861423277844867,133.81442352012039,6.8163556893118376,954.8832526700736,3196.2472575265856,10.456111770968423
2023-01-01 03:46:00,1090.4180836167234,55.32388557075712,29.585900937548516,133.74009356604427,6.951676229454998,948.3228348868203,3192.1994090335234,10.45325347331458
2023-01-01 03:47:00,1090.8181636327265,56.258357416044085,29.913739219116877,133.97908094351544,6.644441389219782,944.6451575858691,3196.2041431829507,10.441863917243868
2023-01-01 03:48:00,1091.2182436487296,55.30702426433122,29.909742640424838,133.46619343725337,6.9694570468715416,951.0790209929067,3191.2538295786617,10.456177421699634
2023-01-01 03:49:00,1091.618323664733,54.77564913267033,30.053216661375114,132.86281705075638,6.777688151649384,945.8598939852035,3199.9348614002115,10.457585871515326
2023-01-01 03:50:00,1092.0184036807361,55.77858723257629,29.700383431663543,132.25912724677556,6.961301531145126,949.9547719462225,3189.002096504909,10.462013102668658
2023-01-01 03:51:00,1092.4184836967393,54.690313725184915,30.241330288944702,132.30087402730513,7.1560303268386924,949.9168661331238,3218.9547488866765,10.460168038042836
2023-01-01 03:52:00,1092.8185637127426,53.64164425018982,30.751546561514246,131.5333776230076,7.334764074010979,959.5794876514789,3257.795996961619,10.521009603590237
2023-01-01 03:53:00,1093.2186437287457,53.37099569416592,31.26942096961865,132.1289014198705,7.124106809306911,953.9894085696214,3214.0406869287594,10.486281011100372
2023-01-01 03:54:00,1093.6187237447489,57.40877557638757,28.75950618433322,134.39021837542998,6.6412593172562895,940.792664608196,3158.593562685778,10.401884071133269
2023-01-01 03:55:00,1094.0188037607522,53.253934204079314,31.122889747686383,131.68103221005077,7.287837641352312,956.8661577303591,3248.7004931753872,10.50212671225205
2023-01-01 03:56:00,1094.4188837767554,55.952383993337605,29.726668189830466,132.97969214719856,6.788283125254567,948.8335996332974,3190.594252769434,10.453152984480354
2023-01-01 03:57:00,1094.8189637927585,56.190136094063924,28.941948188968432,134.55572134829282,6.703479347691127,950.8936866370933,3179.478869365738,10.436138154396483
2023-01-01 03:58:00,1095.2190438087619,54.51930054180869,31.18382857875365,132.11705697798925,7.222632615148928,957.8208750163622,3244.172312467098,10.487604027143494
2023-01-01 03:59:00,1095.619123824765,55.163552104209494,29.595171832613392,132.75199615200066,6.946415973204037,950.6404187724002,3198.121045849298,10.456806920253964
2023-01-01 04:00:00,1096.0192038407681,53.898723811169184,30.432791743137937,131.74450669281472,6.960020266135269,958.2992373448984,3225.7112004965675,10.468936891094726
2023-01-01 04:01:00,1096.4192838567715,53.94607763800439,30.807023707556763,133.1415120866445,6.959181737780017,956.3739211607009,3225.5955987751604,10.477683838386035
2023-01-01 04:02:00,1096.8193638727746,55.29733535350479,29.855623312231057,131.96566481272248,6.968012019709535,944.6125327183531,3192.0935495031913,10.454874625182537
2023-01-01 04:03:00,1097.2194438887777,54.92349766465659,29.14901320456666,133.16258967620323,6.873205569094286,949.6835515993289,3200.098991154275,10.466979491402464
2023-01-01 04:04:00,1097.6195239047809,56.2506356781061,29.6761172100378,133.318101621922,6.865674434478691,946.372055880295,3187.624433408189,10.452232868629348
2023-01-01 04:05:00,1098.0196039207842,54.2125479553262,30.386746257158634,132.48789813971996,7.052313473545015,953.3343738341141,3228.7359261609627,10.46509981628461
2023-01-01 04:06:00,1098.4196839367874,53.29443665479719,31.338624763034478,131.55189191199818,7.143726874146114,958.9351763511366,3258.7377605548813,10.486639261066664
2023-01-01 04:07:00,1098.8197639527905,54.51018811076816,30.521684463670674,132.9372443628354,6.927403766640971,952.5800685373121,3208.81556469605,10.480989256315528
2023-01-01 04:08:00,1099.2198439687938,55.19397507159123,30.12587452155098,132.95083448884088,6.816111246762225,954.852470304204,3210.486656210738,10.454385165812981
2023-01-01 04:09:00,1099.619923984797,54.686617291649085,30.237346552738163,133.04701857805983,7.0182588659394165,957.3922435842384,3214.445203660994,10.451981189950441
2023-01-01 04:10:00,1100.0200040008,53.570051921286854,31.022782739721986,131.5626231065946,7.224730229029819,958.8731869227646,3241.4943876140187,10.505160678699298
2023-01-01 04:11:00,1100.4200840168035,56.18967296339875,30.097371754466916,133.3623404395843,6.880054793156106,948.7924718676935,3182.5437080304027,10.451165871536451
2023-01-01 04:12:00,1100.8201640328066,57.97729237667883,28.071190248315553,135.54035533284116,6.685210757334008,943.1428364327039,3147.739080868182,10.406127199576572
2023-01-01 04:13:00,1101.2202440488097,56.783897611166786,29.442880639019286,134.11744164987562,6.7090947543193264,940.8554681674943,3185.2940461082985,10.412644563090664
2023-01-01 04:14:00,1101.6203240648128,53.99746029151847,30.46804919988768,132.818834025335,7.069705045517652,952.6357989201312,3214.157678985094,10.477887144931078
2023-01-01 04:15:00,1102.0204040808162,56.057794332769014,29.11861156374446,133.4023711192619,6.7957473914987565,946.5857668226058,3170.939079461385,10.431711885812772
2023-01-01 04:16:00,1102.4204840968193,57.081837968753405,28.42000450487025,134.38650696666846,6.495160924457928,942.6850730582611,3150.929246451821,10.424893392159579
2023-01-01 04:17:00,1102.8205641128225,53.43513333320247,31.00580958864634,131.43126073556243,7.077510226021386,960.6286281560583,3238.2042324806716,10.497276869450872
2023-01-01 04:18:00,1103.2206441288258,55.98985347119037,29.42530818282244,133.28918453419314,6.827609318289767,948.2895395242765,3176.3150718675142,10.433450313563792
2023-01-01 04:19:00,1103.620724144829,55.24029139620002,30.897829313067565,131.95760687883518,6.894236345280144,955.610555809079,3210.7195081594614,10.485470983510494
2023-01-01 04:20:00,1104.020804160832,54.209254548379214,30.710519477143407,131.808195595204,7.149087818763316,961.5773465027969,3209.928378786138,10.478819352664722
2023-01-01 04:21:00,1104.4208841768354,56.68480074236727,29.724398371376825,133.8251188078487,6.851938810544251,951.3304486059811,3181.4296598841183,10.450999206388591
2023-01-01 04:22:00,1104.8209641928386,56.136420904710654,29.48441585407369,132.69107345287628,6.793785998921878,958.0730941148225,3194.241606555249,10.447021091735351
2023-01-01 04:23:00,1105.2210442088417,54.678994589490536,30.201419387153923,132.66644444131072,6.8920728473942665,953.2797170344475,3200.4828321639297,10.46428024530505
2023-01-01 04:24:00,1105.621124224845,55.08710011682252,30.69797116132664,133.34727636371704,6.8401071248425565,952.9174471706807,3206.8987131953704,10.46619422215261
2023-01-01 04:25:00,1106.0212042408482,54.79994890677267,31.312427724077253,131.42664602306127,7.265692642135423,959.9743684895491,3222.2520125584115,10.489858990692634
2023-01-01 04:26:00,1106.4212842568513,54.6313933541447,30.798341780146018,132.6192039660528,6.97160767416483,956.4697572202125,3224.734426848893,10.494907289847395
2023-01-01 04:27:00,1106.8213642728547,55.52359835681696,29.611117627194222,132.83783330479284,6.839269705771721,949.6876024106862,3189.37707140886,10.421925080046062
2023-01-01 04:28:00,1107.2214442888578,55.95313245177711,29.692934406000134,132.91534775427945,6.848837540334935,949.5581467417938,3212.688736654745,10.460947598423845
2023-01-01 04:29:00,1107.621524304861,53.10890579885819,31.938056323206844,131.68862303065168,7.344888889125952,962.9086135523354,3255.9422223046054,10.515730286383038
2023-01-01 04:30:00,1108.021604320864,55.291590205508456,29.806425634678085,132.18077280842525,7.083549845345532,951.804428288876,3200.1628581766886,10.477120788529517
2023-01-01 04:31:00,1108.4216843368674,55.736464217918865,30.660855533731354,134.0131414729694,6.9373660927598,953.9284205802619,3218.773428462944,10.479806395530675
2023-01-01 04:32:00,1108.8217643528706,53.287397013173454,32.26778443152258,131.1108351886716,7.516528877400348,960.5427119929664,3239.3280789899063,10.508598516871595
2023-01-01 04:33:00,1109.2218443688737,55.37661349443681,30.16707120408628,133.88858949128743,6.981874275484289,954.7570003457249,3216.147924635077,10.469896201990519
2023-01-01 04:34:00,1109.621924384877,55.206697898330425,30.25734343887413,133.57376139610656,6.972491433804838,951.2096359958296,3229.222992024806,10.46744431809586
2023-01-01 04:35:00,1110.0220044008802,55.93616110966353,30.101699414881164,133.22243126626833,6.847828834091017,949.6199983422091,3206.1770819193393,10.446969263969086
2023-01-01 04:36:00,1110.4220844168833,55.467391367655125,29.848669510620294,132.55162018684067,6.876229605949614,946.0376146267338,3185.929813959235,10.445262817161172
2023-01-01 04:37:00,1110.8221644328867,55.87513393212162,29.77608339218087,133.78189425175836,6.9327949816120436,953.0955780084839,3189.8754150692407,10.449186214134166
2023-01-01 04:38:00,1111.2222444488898,55.2798868174607,30.410154355279975,131.84793738302304,7.25885663374957,954.2815144964992,3216.357385612926,10.485214979186368
2023-01-01 04:39:00,1111.622324464893,56.095021815784555,30.884841479888866,132.46419815834878,7.070742398241341,955.7391901277492,3210.7638981395967,10.468123397357633
2023-01-01 04:40:00,1112.0224044808963,56.16581637680251,30.099193926536785,133.2025827583268,6.780053719511902,945.3381379521826,3195.706706592323,10.442124786196763
2023-01-01 04:41:00,1112.4224844968994,55.38620321892346,30.95198040986002,132.25812832607795,7.066567190100999,957.7367015567276,3220.6918995057767,10.484464382736306
2023-01-01 04:42:00,1112.8225645129025,55.03999546537781,30.038047971795585,132.59080936400463,6.72994654732806,946.7147600133378,3219.2194682857967,10.463036410698729
2023-01-01 04:43:00,1113.2226445289057,55.01175503451943,30.292149406501327,132.0425492038825,7.169685963601782,960.3214827334791,3227.203395638858,10.469539859953665
2023-01-01 04:44:00,1113.622724544909,54.383645451918945,30.30674029248364,132.36684205653737,7.0243389118181865,951.8437227421746,3218.352114180597,10.460977009499166
2023-01-01 04:45:00,1114.0228045609122,55.5221329941101,30.386904403156333,132.57266043234586,7.002389034110957,952.900757130616,3193.7249123274523,10.477886711993962
2023-01-01 04:46:00,1114.4228845769153,54.5861840862561,31.041597726397907,132.36937576478056,7.077408866432556,957.7332936307205,3222.6453953142504,10.506601214730718
2023-01-01 04:47:00,1114.8229645929187,54.925792155374864,30.30601947503759,131.8787523813911,6.851517164985838,954.2611632158735,3226.553938284789,10.483147113487243
2023-01-01 04:48:00,1115.2230446089218,55.268088089379034,30.925136559618146,132.34242399206948,6.935422007186753,952.5028047371684,3209.4964254726488,10.48545766179987
2023-01-01 04:49:00,1115.623124624925,56.724767633636304,29.618552556176226,134.35418171871189,6.77091778227592,950.8187098933815,3196.141783484509,10.452299878831118
2023-01-01 04:50:00,1116.0232046409283,53.75860779474003,31.08246803272714,131.64374895881429,7.156176567945421,966.2965759666611,3238.832329737974,10.49931904921296
2023-01-01 04:51:00,1116.4232846569314,54.71037858925904,30.378927841403076,132.32116760776188,7.2397585756940845,957.1760931224272,3224.696945954116,10.479601077402993
2023-01-01 04:52:00,1116.8233646729345,54.23674701509248,30.96685967303485,131.98552655808405,7.112502578383309,961.2360680533901,3219.097015348127,10.476366401564771
2023-01-01 04:53:00,1117.223444688938,54.172579008325926,32.09380930911259,130.73386400232775,7.517115904924418,964.3638350043174,3241.294033736472,10.514478728747601
2023-01-01 04:54:00,1117.623524704941,55.32330533962116,29.91016194848206,132.86175415319315,6.893930477275511,954.958488544688,3196.168438535,10.467029141602278
2023-01-01 04:55:00,1118.0236047209441,54.74120407165118,30.514774686844834,131.92764996282386,7.15296360811993,960.0039674400607,3221.744574092083,10.47947956070438
2023-01-01 04:56:00,1118.4236847369475,55.33172725950779,31.24120781264209,132.93915541969034,7.072843120205657,960.8485609894586,3226.640991758029,10.484484346597887
2023-01-01 04:57:00,1118.8237647529506,52.84066485211096,31.941632490230162,131.1151670479213,7.385839328087134,955.2437242839353,3241.9781637171795,10.50504436857299
2023-01-01 04:58:00,1119.2238447689538,56.609376193549174,28.722390864254507,133.89826967024044,6.898439314177867,945.8987340860309,3184.4992854535994,10.434513030531953
2023-01-01 04:59:00,1119.623924784957,54.77069365117345,30.99466161695351,132.84216347297016,6.902524030474212,961.8633906840737,3227.1153405205496,10.491610680174828
2023-01-01 05:00:00,1120.0240048009603,54.45538429055143,30.931191065947896,132.55209972674345,7.169293572582824,956.0072675349027,3235.476974344396,10.464317576672777
2023-01-01 05:01:00,1120.4240848169634,54.21233141676298,30.59739628073114,132.05931805860857,7.2957851102931315,955.9690547471516,3239.4206631628726,10.494312507241847
2023-01-01 05:02:00,1120.8241648329665,54.219959506208525,31.91338883750949,131.5990749479084,7.208556312792612,959.2918523266746,3246.574083291239,10.497204892721197
2023-01-01 05:03:00,1121.2242448489699,55.262882306880265,30.67391157348862,133.1118615000442,7.0289340736237715,952.8036077678618,3218.63713375638,10.471500381403713
2023-01-01 05:04:00,1121.624324864973,54.622651243382656,30.630142190433496,131.88671470404492,7.1738561336958195,956.1288270923341,3227.23397252562,10.487547546772667
2023-01-01 05:05:00,1122.0244048809761,55.205659477789894,30.57986774199055,131.74901483903574,6.8338279441383865,954.4510359107919,3199.212478209323,10.461847993046662
2023-01-01 05:06:00,1122.4244848969795,54.19499007709767,31.062974221397607,130.9033736046406,7.28538346115804,954.729035434435,3218.2332640288637,10.502288166624366
2023-01-01 05:07:00,1122.8245649129826,55.12631771461027,30.709083868378297,132.21657416033582,7.250473694231127,955.5080594768215,3224.467845965064,10.471154728091165
2023-01-01 05:08:00,1123.2246449289858,54.215802156630225,31.005355840795346,131.77331119336108,7.3082735574725515,957.7143027451563,3219.716146794571,10.497329728796611
2023-01-01 05:09:00,1123.6247249449889,55.34645263242032,30.5499965584533,132.85059534271906,7.076971628910657,950.0891072208367,3236.509141270447,10.479817532386644
2023-01-01 05:10:00,1124.0248049609922,55.51443247987054,30.552452976105368,133.4866508777829,7.038950768984228,952.1614798088854,3199.4467442824152,10.445410865877985
2023-01-01 05:11:00,1124.4248849769954,55.01341593451406,31.126213466676077,132.4525082328129,7.311101659629835,958.9227043252658,3228.0398930848237,10.486950869622563
2023-01-01 05:12:00,1124.8249649929985,56.15381091295573,30.263791641906924,133.38982185289686,6.899087058519719,950.170695264302,3199.5488608861488,10.462432305821368
2023-01-01 05:13:00,1125.2250450090019,54.470133033999154,30.908534278731807,133.00693145085944,6.989217423666208,954.0679631804383,3209.6955545588903,10.473075887018494
2023-01-01 05:14:00,1125.625125025005,55.36396897655391,30.511801261793693,131.45346049932093,7.079625366170435,955.05855375474,3212.233869179559,10.468130521654855
2023-01-01 05:15:00,1126.0252050410081,54.54560952279343,31.475961008012526,131.16143413397728,7.10586919360507,961.0425731968845,3232.825215426151,10.492936322906694
2023-01-01 05:16:00,1126.4252850570115,56.89981462350832,29.889888895973847,132.88107398526725,6.8974189630687395,950.1696753570609,3192.379072276414,10.46297211283542
2023-01-01 05:17:00,1126.8253650730146,54.9596925739934,30.069287757016653,131.76475908921446,7.27473546662813,957.8213898838437,3215.193092080299,10.46441972387069
2023-01-01 05:18:00,1127.2254450890177,56.8572464293289,30.052372386727438,133.18935642342007,6.978554277138091,949.1351060483548,3199.876676897054,10.468659057251404
2023-01-01 05:19:00,1127.625525105021,54.60082701401215,31.03819695589688,132.08393360405685,7.208550682540997,957.8107073242492,3219.8492135470337,10.487635273088236
2023-01-01 05:20:00,1128.0256051210242,56.47129748141328,30.03379016485113,133.12261559901398,7.008213818081495,953.4723932283202,3199.879865315316,10.46874860309487
2023-01-01 05:21:00,1128.4256851370274,54.790302013863155,31.411088854174576,131.60264257933665,7.201415491844213,961.7159044217426,3264.107893486265,10.5100779173423
2023-01-01 05:22:00,1128.8257651530307,56.268566361185215,29.25404523502954,133.65801131657818,6.846019810860526,944.9509040402577,3179.2365169391437,10.444531630841736
2023-01-01 05:23:00,1129.2258451690338,54.7285150202027,31.21717203852597,132.1027295118871,7.016057088852138,954.9599488392961,3237.9046560334787,10.47382222665315
2023-01-01 05:24:00,1129.625925185037,54.09981656637176,31.021697074798315,131.3215317200975,7.1538670013098535,954.9727506331701,3232.6666091140605,10.516460389070405
2023-01-01 05:25:00,1130.0260052010403,55.64073665493334,30.659845672441985,131.76278465475977,7.058398307942835,955.6959216904568,3206.8943421744057,10.458964642196879
2023-01-01 05:26:00,1130.4260852170435,56.18537315468494,29.930384155114982,132.80736472157287,6.791464830743565,954.8777208262552,3208.394887991301,10.455785602791922
2023-01-01 05:27:00,1130.8261652330466,55.57373681393873,30.626881951121224,132.91529845841788,6.814167057052314,955.9757517920119,3221.081063412211,10.474640191491984
2023-01-01 05:28:00,1131.2262452490497,57.59455048281032,28.90590285571497,134.22146540947546,7.016464886162977,946.157344278007,3178.2640160537253,10.459939691112922
2023-01-01 05:29:00,1131.626325265053,56.27920722000169,30.019585996649692,132.27843268248904,7.007364709502109,950.934999522554,3191.4783182158485,10.471138465705085
2023-01-01 05:30:00,1132.0264052810562,54.950073894575866,31.300501550281943,132.73431957027384,7.284690802364339,960.5137964406237,3253.847814020298,10.51428077731824
2023-01-01 05:31:00,1132.4264852970593,55.78336138290539,30.92850712111177,132.7491198726193,7.174069680359831,955.2069434316143,3214.307782979748,10.482900097795403
2023-01-01 05:32:00,1132.8265653130627,55.19985298280096,31.012321246135112,132.07117113382742,7.232167520617949,963.7034326211758,3224.85178192808,10.49705456275175
2023-01-01 05:33:00,1133.2266453290658,54.516180267385465,31.352861618250927,131.8840060986146,7.271140049520756,955.5404893313272,3238.5536527434556,10.510471441620721
2023-01-01 05:34:00,1133.626725345069,55.32283673636399,30.9425283722507,131.02844072731122,7.097954988950609,954.8344679377816,3213.948287197476,10.469666122545883
2023-01-01 05:35:00,1134.026805361072,55.871053769582744,30.149586973409658,133.08910459825768,7.06456280464554,949.3486418230282,3208.360712303828,10.444599087348093
2023-01-01 05:36:00,1134.4268853770755,55.76089707146779,30.61512948373407,132.21343269706045,7.147319169189875,953.4695881415983,3212.003902266028,10.483898488321957
2023-01-01 05:37:00,1134.8269653930786,56.0268633061714,30.59244259464357,133.24283984069854,7.09060827722732,956.0244793955987,3207.0011548441416,10.484749913619867
2023-01-01 05:38:00,1135.2270454090817,56.88704128421572,29.6822485168104,133.057105600129,6.981689268842297,951.7176753881369,3190.61131543396,10.463134679502348
2023-01-01 05:39:00,1135.627125425085,54.580219321550274,31.101622002458026,132.27539504490827,7.096055142882132,957.9533891088606,3228.86323288418,10.499072136116942
2023-01-01 05:40:00,1136.0272054410882,54.56138783261282,31.48481854595388,130.79022081461002,7.307618839351062,968.3750798673345,3251.224381678661,10.505035843028038
2023-01-01 05:41:00,1136.4272854570913,56.10544125760744,30.864480896878558,132.4410049532141,6.973333884164063,953.378449564594,3231.6000839362146,10.475875521404497
2023-01-01 05:42:00,1136.8273654730947,55.03099198405832,31.176833540433975,131.81850520624687,7.236920494859451,958.8791651383151,3231.6340141032983,10.492806244100171
2023-01-01 05:43:00,1137.2274454890978,55.574100343704465,30.327064114552716,132.51609753484087,7.197339387044857,951.2344911332802,3219.1510347809713,10.498249463796148
2023-01-01 05:44:00,1137.627525505101,56.416571627948656,30.397347607263963,132.88278384377034,7.1198482124051585,952.8358200210567,3217.4044121279862,10.478481640645102
2023-01-01 05:45:00,1138.0276055211043,54.83083067931075,31.352544784932086,131.6423865080402,7.100718095697849,956.9734470789667,3222.6759080779175,10.47239047788719
2023-01-01 05:46:00,1138.4276855371074,54.95524469571886,31.233575675663182,132.18814073043592,7.1873227132851305,964.9615774927091,3252.9534272557103,10.488802281678305
2023-01-01 05:47:00,1138.8277655531106,53.617846234162776,32.46340468787679,130.79430961556199,7.348894432459068,962.2205263625219,3277.6839780811315,10.5545781742066
2023-01-01 05:48:00,1139.227845569114,53.719303531245565,32.15536941620886,129.93985417500977,7.51107986202769,967.0111215366034,3275.334248366772,10.523433573823002
2023-01-01 05:49:00,1139.627925585117,54.10582522189825,32.290414583199556,131.48001149874887,7.486006081739781,964.796717584556,3261.088064579272,10.512656286220082
2023-01-01 05:50:00,1140.0280056011202,55.95610861715321,30.37681684150602,131.64055192381082,7.013880771062728,959.3455139082154,3234.4727326619527,10.462968387077842
2023-01-01 05:51:00,1140.4280856171235,56.08516908064048,30.956508213286966,131.44750919274563,7.088260942192381,953.6080505150175,3222.9432637103187,10.477207696813133
2023-01-01 05:52:00,1140.8281656331267,55.49746602015101,30.979708748473705,131.7408938795354,7.216989251682901,960.1568612907683,3234.1462658138526,10.489164611241304
2023-01-01 05:53:00,1141.2282456491298,57.45654669287695,29.515501330771507,132.49208039950992,6.905020989143401,947.7992193989234,3196.556533727029,10.453057710035765
2023-01-01 05:54:00,1141.628325665133,55.062230854374285,31.018774541375738,132.19878307671843,7.187599481310535,957.9723876230861,3234.42899740254,10.4868411855404
2023-01-01 05:55:00,1142.0284056811363,55.30143048746113,30.922873143311236,132.09916207347365,7.273653859698439,962.4603646625519,3250.9890412835834,10.499424513959887
2023-01-01 05:56:00,1142.4284856971394,56.49896467656451,30.254277720770148,133.26414910251603,6.901801866559106,949.2862390203421,3222.1347825946937,10.46184896541638
2023-01-01 05:57:00,1142.8285657131426,53.94556118129102,32.23919951103682,131.10124032204772,7.338488496252324,962.0934843959145,3242.682001012568,10.497094061438736
2023-01-01 05:58:00,1143.228645729146,51.91029633123775,33.02621619385967,129.13671158378688,7.693425177576073,975.7665840014884,3284.453459287347,10.567546587736754
2023-01-01 05:59:00,1143.628725745149,54.14920794452017,31.833462075085805,131.0452977091392,7.458172813120359,959.5549043753829,3248.831739033232,10.50719447305117
2023-01-01 06:00:00,1144.0288057611522,55.388123028258306,31.051891004895097,131.88626331877012,7.03922768212847,960.6973896336369,3226.409735589478,10.495103620374467
2023-01-01 06:01:00,1144.4288857771555,55.465401612207984,30.78508609711799,132.09019740429778,7.063732711842745,959.0409944487984,3231.135454366846,10.503382845779873
2023-01-01 06:02:00,1144.8289657931587,56.23912494737377,30.820261442755054,133.00753933212278,7.105944954646412,952.5065038022185,3213.9365281334663,10.480006042533773
2023-01-01 06:03:00,1145.2290458091618,55.866053222889555,30.717655564497477,131.56114736252388,6.9631657057148795,953.6332100032281,3215.1701839474845,10.493010670828207
2023-01-01 06:04:00,1145.629125825165,55.04163586736783,31.432038810918346,132.05272230284362,7.198826285038491,953.111369560332,3253.8446342551265,10.51721050701598
2023-01-01 06:05:00,1146.0292058411683,56.01715064119322,30.59807615663734,132.7509500510294,6.96640345073332,954.1164471312495,3210.0145437628603,10.47407015739049
2023-01-01 06:06:00,1146.4292858571714,54.9841372604862,31.377891752773973,132.78389822160773,7.388118033224829,958.566422081534,3237.4644262697852,10.500412227540734
2023-01-01 06:07:00,1146.8293658731745,54.04672020897773,32.55732072106782,131.2892837694987,7.386968129420198,966.2471761453584,3236.65620080041,10.51896064447561
2023-01-01 06:08:00,1147.229445889178,55.44007307758416,31.145459295018224,133.04853754077467,6.989134168740255,955.2649021901706,3247.0401080110273,10.473015901736012
2023-01-01 06:09:00,1147.629525905181,55.21855896310974,30.14115266616507,132.3522713406878,7.1828456223486,954.2848727649045,3205.380214620767,10.473302663522889
2023-01-01 06:10:00,1148.0296059211842,55.12550828004306,32.0330807766782,131.50654337976766,7.391844786097297,960.0584240005871,3245.9378189983395,10.507247389303911
2023-01-01 06:11:00,1148.4296859371875,56.221454546431644,30.828623536255012,132.2113326654748,7.0635260388948975,954.1726327232909,3236.2828924861915,10.468623074371012
2023-01-01 06:12:00,1148.8297659531906,55.7891043718602,30.150089721440885,132.68691593511036,6.986625369585859,957.6947106524291,3203.836595274646,10.450061217792525
2023-01-01 06:13:00,1149.2298459691938,54.36525234025105,31.648076434995154,131.1072693902665,7.508241900158176,968.3908770736033,3255.6295954770076,10.513551751348466
2023-01-01 06:14:00,1149.6299259851971,54.61236482581134,31.855378835670138,132.0933211410694,7.250899045927909,957.6516769034978,3256.397878836932,10.494182850894951
2023-01-01 06:15:00,1150.0300060012003,55.70889925386841,30.40865700941907,132.83249311701718,6.7376646865175,954.4183299493294,3223.1563113931416,10.489897675112283
2023-01-01 06:16:00,1150.4300860172034,55.813779058948725,30.8311959945383,132.38478410068743,6.916319955994762,955.0258423331369,3232.3827196451066,10.463862925264785
2023-01-01 06:17:00,1150.8301660332068,55.78282545610556,31.075405664580725,132.68973175688024,6.824825229639919,954.0901344926093,3210.1183692644536,10.481364966332611
2023-01-01 06:18:00,1151.2302460492099,54.409582794872655,32.30906790945917,130.53131849826568,7.388686931246724,965.8402069895982,3267.8757698154755,10.530063741877713
2023-01-01 06:19:00,1151.630326065213,55.991766086696416,31.299040892335,132.00300992835844,7.276838556046761,962.7724675778152,3268.7475701317117,10.51117888372287
2023-01-01 06:20:00,1152.0304060812164,54.38378562108532,31.515987613071,131.4376134247507,7.341833917803661,955.9037933536446,3259.177697350538,10.516256750614984
2023-01-01 06:21:00,1152.4304860972195,56.68473060968298,30.398822836459665,133.0194295850328,7.092648724959512,960.371267796709,3230.7189091656574,10.471066218300404
2023-01-01 06:22:00,1152.8305661132226,54.90463120232453,31.576907293874708,131.6758837318143,7.225241398041197,963.0105384235263,3261.885569110324,10.514638760404155
2023-01-01 06:23:00,1153.2306461292258,55.113343353440136,31.76082579617231,131.10328543883375,7.253165946723497,957.2432545783381,3242.4178103003233,10.50111797927178
2023-01-01 06:24:00,1153.6307261452291,57.65680840690101,29.017182830318486,133.5855260363979,6.7892663754933285,944.8357420983508,3172.1334398679733,10.4307192931182
2023-01-01 06:25:00,1154.0308061612322,55.39226101348908,30.755205037394933,132.42799521443237,7.041202903345072,953.6197791565088,3210.9782053873396,10.472659363896565
2023-01-01 06:26:00,1154.4308861772354,54.67071202469776,32.241594188906014,130.27648090133246,7.542453309099821,963.611863155484,3254.6846356584797,10.50365184563305
2023-01-01 06:27:00,1154.8309661932387,55.00054991044879,31.300876875353463,130.62682019749016,7.172016841778752,968.6620543809986,3252.624342995796,10.510043593305825
2023-01-01 06:28:00,1155.2310462092419,54.49073861078614,31.975575979554304,131.1609915986477,7.397770558803576,968.1812316829538,3251.6823185715434,10.51793548200796
2023-01-01 06:29:00,1155.631126225245,55.64268634083947,31.255853440513878,131.3083092306504,7.123770547390439,959.9186067643603,3249.651154687476,10.492586644662397
2023-01-01 06:30:00,1156.0312062412481,56.139178634244175,31.119377034638504,131.68985786483475,6.9837353030680624,957.2110626140353,3228.351980303212,10.495432050095982
2023-01-01 06:31:00,1156.4312862572515,55.37658652780948,30.92321873504327,132.19640945440085,7.093866692387458,956.2992767359841,3240.912509965216,10.50514486263667
2023-01-01 06:32:00,1156.8313662732546,55.310652827062256,32.09837424695623,132.37015805215407,7.308001195691067,961.0131531379856,3252.2835744053496,10.51730684404327
2023-01-01 06:33:00,1157.2314462892577,55.54382489568924,31.47779969063237,131.8194719093049,7.058136641597984,960.2273419064436,3225.7664833115527,10.498559941824663
2023-01-01 06:34:00,1157.631526305261,55.05730545240894,31.206834393166922,131.88337431853745,7.160379155025204,959.1796921855615,3237.9340226200093,10.501169513454009
2023-01-01 06:35:00,1158.0316063212642,55.738278200541714,31.319330908387485,132.1529177868687,7.3474341065546085,956.7184203930958,3239.385501640196,10.498060667964694
2023-01-01 06:36:00,1158.4316863372674,55.601390043179954,31.430474627637633,130.94401564952867,7.22976627860357,960.089972309231,3235.529417579067,10.503254088632499
2023-01-01 06:37:00,1158.8317663532707,54.409696900972826,31.98421963824974,131.53119500551384,7.398589385795436,960.3912301529487,3245.6414022180033,10.496902860399917
2023-01-01 06:38:00,1159.2318463692739,55.056170917001474,31.698372072026057,131.7499752929498,7.313836651092413,963.3464076258002,3255.844925193166,10.513493586469643
2023-01-01 06:39:00,1159.631926385277,56.73906955209792,30.478909512375374,132.87356886807504,7.099746583883388,958.8491348698135,3224.7388574660104,10.482896434795864
2023-01-01 06:40:00,1160.0320064012803,55.61271453545427,31.394309051039947,131.97903417040706,7.195615814490719,957.4012290828582,3234.11000513481,10.488303239838812
2023-01-01 06:41:00,1160.4320864172835,56.07831412586265,31.124686709461994,131.48760216312937,7.188948807271805,953.2566170294347,3258.691739874876,10.495975080530277
2023-01-01 06:42:00,1160.8321664332866,56.336647429433725,30.351718672016176,132.97569753485186,7.117261233847909,956.1762820881006,3209.125832737287,10.466575916028217
2023-01-01 06:43:00,1161.23224644929,55.27409962134749,31.75234725764089,131.5135400832879,7.14632924098941,964.1791834516558,3245.800618001037,10.500900464284259
2023-01-01 06:44:00,1161.632326465293,55.97105221107901,31.479619648978318,131.66257347708282,7.186618955467993,958.4592095066739,3259.055203731407,10.52018711707633
2023-01-01 06:45:00,1162.0324064812962,55.723272795909864,31.900716611838607,130.98660192932857,7.325485748752749,959.123441835508,3225.194067678007,10.479730271353937
2023-01-01 06:46:00,1162.4324864972996,54.641327899684455,31.5663569435802,131.49101855380104,7.286433691235268,958.812262047145,3242.338914690853,10.5255463299658
2023-01-01 06:47:00,1162.8325665133027,54.62957128130825,31.604424810890443,130.54884008133422,7.567859993329692,957.4768482208098,3270.3078028414075,10.523707161549783
2023-01-01 06:48:00,1163.2326465293058,56.08063479534331,31.011164156510123,131.7674854342588,7.181843434368503,961.3931981640518,3248.0564417512473,10.460216907809809
2023-01-01 06:49:00,1163.632726545309,56.40190648659669,30.857879620551643,132.561042247429,7.120917182531718,950.4527287201538,3203.052865603409,10.457876488025706
2023-01-01 06:50:00,1164.0328065613123,56.49746268778071,31.133345512887008,132.394509254694,7.12084639057161,955.6065569036712,3233.580660591286,10.483922170348286
2023-01-01 06:51:00,1164.4328865773155,55.260036335109206,32.071842853913495,130.49817089705397,7.202683090703002,963.5926483297782,3267.1220126026205,10.50966577121149
2023-01-01 06:52:00,1164.8329665933186,53.9081490425882,33.22400358946763,129.7484690660969,7.666897632280229,970.6521437865074,3281.644300038385,10.548367723900862
2023-01-01 06:53:00,1165.233046609322,56.17467747230623,30.197069637069053,132.425590706847,7.004039172828591,953.9717483296029,3222.299161053576,10.472857405082244
2023-01-01 06:54:00,1165.633126625325,56.832236041624334,30.924830287051897,131.56949058642869,7.270464946257275,958.9442673434116,3235.7038073713034,10.50431118483724
2023-01-01 06:55:00,1166.0332066413282,55.87090324391104,31.36552042924187,132.4495556970372,7.264831116044158,953.996292555036,3246.434594876646,10.491347367984904
2023-01-01 06:56:00,1166.4332866573316,55.95628199623242,31.3807397147616,131.9603795100393,7.122799700502041,957.9300022261795,3231.3171557483015,10.480499320024574
2023-01-01 06:57:00,1166.8333666733347,54.14727302106848,32.41730411939054,129.8139983519028,7.542840435585411,965.7556038087637,3245.2193074709576,10.515256672639895
2023-01-01 06:58:00,1167.2334466893378,56.19793517055881,30.695991742222432,130.97844221456998,6.964656836263325,958.9679727642454,3207.1736183061053,10.48132499372005
2023-01-01 06:59:00,1167.633526705341,56.34907839613994,30.914883860270418,132.16475855689586,7.175219098860894,955.4271903093309,3234.7923383626403,10.47366726467803
2023-01-01 07:00:00,1168.0336067213443,53.58785091077167,33.219956160779006,129.8941858016438,7.679516917581375,969.9113629226127,3288.6207102825,10.5432028844859
2023-01-01 07:01:00,1168.4336867373474,56.07329440383818,30.64430807919374,132.13532485776986,7.13430119102437,959.7188921561861,3247.263163367314,10.477912113526404
2023-01-01 07:02:00,1168.8337667533506,53.86034938308573,31.98181095691185,131.12899325256484,7.330187698268745,966.2850852361385,3257.5124100065996,10.506098773441542
2023-01-01 07:03:00,1169.233846769354,55.20887637273076,32.03952883002842,131.06855214210137,7.092542924071058,966.8437552459517,3238.183769462083,10.512533403225621
2023-01-01 07:04:00,1169.633926785357,55.629136596836936,31.48150218143371,130.77637650031608,7.4077244642732385,957.6810036798996,3256.707062701042,10.5064545721612
2023-01-01 07:05:00,1170.0340068013602,54.13281846253627,32.4064401751739,131.6731993947884,7.343442029508307,961.5400758731436,3261.096407915448,10.51200839026175
2023-01-01 07:06:00,1170.4340868173635,55.74902423479644,31.992397300768967,131.39293128301605,7.320624596665381,955.1859501972315,3245.079838037358,10.50989306406206
2023-01-01 07:07:00,1170.8341668333667,55.7779069516474,31.442508139267577,130.9073582333212,7.26565698633631,953.3915127050241,3220.490610756657,10.492870140977212
2023-01-01 07:08:00,1171.2342468493698,54.09946751094609,32.5440323156573,131.3992586259204,7.528252673176667,967.7251848336373,3274.3149113681407,10.539372475308578
2023-01-01 07:09:00,1171.6343268653732,56.773638343418746,31.029405961010728,132.4058737867726,7.1423370238927415,956.4698754317595,3235.498990162691,10.472504067703163
2023-01-01 07:10:00,1172.0344068813763,55.142446225376375,31.510936717824205,130.74700603816277,7.375774705138989,964.9695564197792,3261.996667474811,10.513817400112194
2023-01-01 07:11:00,1172.4344868973794,55.17745504154658,31.117601777985588,131.03257663925726,7.310402350899927,965.1635111023145,3242.8952935396132,10.505038483307318
2023-01-01 07:12:00,1172.8345669133828,56.128942129438954,31.538905747622277,131.8758763259102,7.127129052996385,955.3155828807236,3249.2885991901817,10.509702424669952
2023-01-01 07:13:00,1173.234646929386,54.84327296251046,32.38849032013924,129.98461279059597,7.358516918426368,963.2556791924468,3263.9766661250787,10.520954033379084
2023-01-01 07:14:00,1173.634726945389,55.655394538320024,31.5515958940333,131.17190647913216,7.181009956026413,961.2073611247524,3248.704722323625,10.488864693704391
2023-01-01 07:15:00,1174.0348069613924,56.95459437662523,31.068343624563738,131.89445834177272,7.035122131919094,959.0012209137848,3233.3590713928215,10.473048724489063
2023-01-01 07:16:00,1174.4348869773955,54.442488941325635,32.945840760890604,130.23536603237656,7.601461483756282,964.6609443711939,3259.170266831447,10.545422272852912
2023-01-01 07:17:00,1174.8349669933987,55.80488898127254,30.76435977816765,132.38169864623922,7.08114792785692,952.601704206842,3225.534017555767,10.482204828103912
2023-01-01 07:18:00,1175.2350470094018,55.86851073173897,31.364146432719735,131.34813679416362,7.365674022661218,961.1353453212018,3233.3506903349185,10.509459628793353
2023-01-01 07:19:00,1175.6351270254052,54.74606327426767,32.2429394247108,129.88903070318764,7.333818943581674,960.8778699538905,3268.9353403802434,10.543602070077764
2023-01-01 07:20:00,1176.0352070414083,57.16071110796145,30.367278483757406,132.75721433419943,7.271108758982826,957.0132827876424,3224.1049433448266,10.459362816532241
2023-01-01 07:21:00,1176.4352870574114,55.457725799981816,31.55988600733804,131.026554821831,7.3115420859710065,964.3302291516331,3261.3765603054608,10.5314026986661
2023-01-01 07:22:00,1176.8353670734148,55.26425265535672,31.617229079878076,130.37433425398453,7.316536671566399,961.4415378623145,3261.631931716228,10.51710471576279
2023-01-01 07:23:00,1177.235447089418,55.15043839162791,32.01211047105825,131.406887941694,7.508982950361906,959.3265302513115,3264.0540996105624,10.533023068057034
2023-01-01 07:24:00,1177.635527105421,55.605981992024525,32.341730312504815,131.2262305245402,7.351385280088979,962.08777925728,3257.494255399617,10.497475246788534
2023-01-01 07:25:00,1178.0356071214242,54.37810180773798,33.311532162130796,130.4307648320457,7.539809091102215,971.6672962916726,3295.8766607439566,10.542915275235472
2023-01-01 07:26:00,1178.4356871374275,54.6099275288259,32.463702910574845,130.33782326916037,7.477127085105322,965.5062484156653,3270.065375552461,10.540767781603844
2023-01-01 07:27:00,1178.8357671534307,55.87809208588252,31.489222246277166,131.06591777689707,7.23976431294031,957.7250180473683,3244.9037321967985,10.494324877807308
2023-01-01 07:28:00,1179.2358471694338,54.67112821028653,31.960537530369624,130.3408143765288,7.374750243370029,961.1422948256806,3252.1184252023736,10.531764162723935
2023-01-01 07:29:00,1179.6359271854371,55.351244667718596,31.866114848672236,131.33113163030004,7.234205770543832,961.8542690797213,3246.7296454155235,10.52350580402123
2023-01-01 07:30:00,1180.0360072014403,57.137583736464606,30.730563958800968,132.20870783795075,7.070732837061654,950.9918518814213,3235.0304970853163,10.4869851875698
2023-01-01 07:31:00,1180.4360872174434,55.30821740708631,32.2942442041075,129.89561676187785,7.365830933920878,971.273037531964,3267.7500793614145,10.525331298740559
2023-01-01 07:32:00,1180.8361672334468,54.01241399205398,33.21081980680159,128.78383296442212,7.392497346300367,969.3541525767392,3292.723166620329,10.541007019350218
2023-01-01 07:33:00,1181.23624724945,56.305209655345585,32.01004827254573,130.46866780935127,7.243400859819107,962.5319871710872,3266.403253175154,10.506003502031593
2023-01-01 07:34:00,1181.636327265453,56.33274959946855,31.233976465018802,131.0798074281156,7.32094899154435,959.9518955374178,3246.883834072137,10.511711666693724
2023-01-01 07:35:00,1182.0364072814564,55.93153843362504,31.894591215250255,131.88266150534582,7.223155241254831,957.5559764512652,3243.850804922506,10.513726355783069
2023-01-01 07:36:00,1182.4364872974595,54.699746013839786,32.69352262972416,130.69185698668565,7.674247360667063,967.7372381809345,3257.8111234049784,10.525354238063287
2023-01-01 07:37:00,1182.8365673134626,55.504295472408025,31.711278498763736,131.33142253536144,7.506555474004797,963.3218250635775,3262.93440777412,10.50888059990733
2023-01-01 07:38:00,1183.236647329466,55.77934228380993,31.66339885562241,131.73517556113876,7.196257430498395,967.427316457746,3241.6603896165893,10.522059287337067
2023-01-01 07:39:00,1183.6367273454691,56.71464596814506,30.86863943076323,132.18871556617904,7.029322050525851,958.7824957273227,3237.0367593695364,10.500339575230331
2023-01-01 07:40:00,1184.0368073614723,57.2757402095002,31.36253562203288,130.77297086311847,7.166415139793518,966.4711730316563,3251.335269974236,10.50986540958361
2023-01-01 07:41:00,1184.4368873774756,54.370839821587076,32.836420906372524,129.89214671621528,7.710911320169265,966.0984191997782,3267.258194061663,10.572364658663151
2023-01-01 07:42:00,1184.8369673934787,55.70245275803308,32.224444125600144,131.35117374268268,7.451624886469276,960.1108775342271,3247.12056619226,10.511259053797604
2023-01-01 07:43:00,1185.2370474094819,55.14431903573551,31.698715250554642,131.30158133090075,7.497285169320182,965.976271799225,3251.7293536026523,10.518975979867463
2023-01-01 07:44:00,1185.637127425485,56.71289292428015,30.947395090107367,131.47062650908148,7.1550006349947015,962.2250589510794,3230.8073080656736,10.471323381703598
2023-01-01 07:45:00,1186.0372074414884,55.61821563590287,31.529887502964904,130.94033130773664,7.304865335810077,960.6515613609012,3262.991076750536,10.482217063476124
2023-01-01 07:46:00,1186.4372874574915,55.026628368133586,32.094191486090814,131.06560919706146,7.4031417523661736,961.4418796023026,3266.111209239079,10.540368131143632
2023-01-01 07:47:00,1186.8373674734946,55.65258790522569,32.411188424252046,130.7801505590871,7.39157030600867,968.7048071713199,3262.292612052788,10.506780542526572
2023-01-01 07:48:00,1187.237447489498,54.85457541141506,32.39484809294275,131.53592409258016,7.375463902713171,969.7843477053656,3270.896512118169,10.52511813654045
2023-01-01 07:49:00,1187.637527505501,54.335901314679404,32.338770949901544,130.24613354895988,7.464738875159878,959.4879902305573,3255.020146123323,10.517767045718715
2023-01-01 07:50:00,1188.0376075215042,54.6062287768174,32.37436563207561,131.02535344108364,7.359191499880349,968.7041942992287,3276.2799157963073,10.509569567671042
2023-01-01 07:51:00,1188.4376875375076,56.16602767660882,31.680983358392822,131.22698295117883,7.33524470872544,962.1848307989274,3248.1765516302835,10.522141807150742
2023-01-01 07:52:00,1188.8377675535107,55.52505363740569,32.01127461924071,130.92817682348442,7.330493927243974,960.3690821522155,3229.0808679690513,10.516796707156459
2023-01-01 07:53:00,1189.2378475695139,55.8781954852948,31.96928003418529,131.52882381337892,7.451785482307418,961.5867205430714,3267.8356327025217,10.50462366948641
2023-01-01 07:54:00,1189.637927585517,55.15976663721888,32.08409484407656,132.32394426923378,7.428060809721124,960.0962574279899,3250.3261252332554,10.509385388622963
2023-01-01 07:55:00,1190.0380076015203,55.40730570127412,31.679252636373846,130.09109765415485,7.204607322638778,960.5681547286138,3239.169707536623,10.500134092876799
2023-01-01 07:56:00,1190.4380876175235,56.15723562456437,31.140368614490033,131.42706133183557,7.150720296940503,961.91877230416,3258.589544418652,10.488200139466437
2023-01-01 07:57:00,1190.8381676335266,55.67664896795989,32.368790918361015,130.2750093563879,7.480922585350997,967.0534319600248,3259.7908632054073,10.532532994764075
2023-01-01 07:58:00,1191.23824764953,53.960762144452325,32.294771682326406,130.0790241451698,7.60918127153463,974.5044543401808,3270.9115778294067,10.546069244732156
2023-01-01 07:59:00,1191.638327665533,56.07364968655673,31.51348046178241,131.28064805685463,7.329146251071112,959.591180540317,3235.4612396303546,10.488592029172136
2023-01-01 08:00:00,1192.0384076815362,55.391594894597716,32.70441770618678,131.256228581059,7.359960420820947,965.5414875819679,3259.551882083073,10.5215384465304
2023-01-01 08:01:00,1192.4384876975396,55.72873324714342,31.623187179329296,130.64475610520745,7.102578867235847,961.3314081349444,3258.4653770980703,10.511973526602473
2023-01-01 08:02:00,1192.8385677135427,58.708795092714944,30.330255113224016,132.35514641320128,7.029714958233733,952.4252367317181,3203.120949298337,10.451251470452732
2023-01-01 08:03:00,1193.2386477295458,55.728602806310484,31.90256582242909,130.34325201838084,7.442945963586585,968.7592423893892,3271.495770297643,10.542249081435292
2023-01-01 08:04:00,1193.6387277455492,57.93526065504381,30.90867494746543,131.98970653519288,7.132466585583003,957.3130638856571,3225.9560949309216,10.482259551872176
2023-01-01 08:05:00,1194.0388077615523,60.364682358396415,29.3627077594809,133.09019681482002,6.707106083149182,945.0790198905713,3166.5442375839857,10.417716985121256
2023-01-01 08:06:00,1194.4388877775555,56.806694969831135,31.331246042060073,131.7205050393069,7.346189241111368,957.0930842041952,3233.8663827521477,10.478782027386513
2023-01-01 08:07:00,1194.8389677935588,56.04020994263544,31.770418249544345,131.48737374217308,7.467901427892011,962.0665130847317,3252.474430597385,10.519805972168976
2023-01-01 08:08:00,1195.239047809562,56.813761599546595,31.01314157308408,131.64417155267992,7.105077140765067,957.4547717926117,3230.024651543316,10.509025375197302
2023-01-01 08:09:00,1195.639127825565,54.678536580553896,32.77199541479088,131.0433122367959,7.458829257469903,968.078255079772,3269.6335555596124,10.532852111435295
2023-01-01 08:10:00,1196.0392078415684,55.31308871686277,32.57958474034227,130.45754845598603,7.514353060224618,965.1119300052425,3278.558576136934,10.52974845959303
2023-01-01 08:11:00,1196.4392878575716,54.12147012333879,32.77427686678766,130.34731245824267,7.608850577897284,973.1096105094484,3292.5812372065957,10.55192914779571
2023-01-01 08:12:00,1196.8393678735747,57.840068985690245,30.739410401685042,132.39492052837812,6.949655592196974,956.9411264524069,3219.645732326798,10.491102664370183
2023-01-01 08:13:00,1197.2394478895778,58.64399286152282,30.526512411510385,132.89046397954277,7.066789292153845,955.6269747843583,3209.667223750037,10.48539939831958
2023-01-01 08:14:00,1197.6395279055812,56.097925229647224,31.789717132592283,131.57883114155678,7.354618999665456,959.4892850153175,3244.555409352717,10.499477161006855
2023-01-01 08:15:00,1198.0396079215843,56.05690314396359,31.36109397787004,132.0206259818355,7.180452315813304,961.1560106323019,3239.172657900706,10.510265893948947
2023-01-01 08:16:00,1198.4396879375875,57.26892416938337,31.288275107756423,131.5644961900255,7.355489420643405,959.1285724964266,3228.2734059032914,10.499771896314694
2023-01-01 08:17:00,1198.8397679535908,55.21693314165236,32.378945734361,130.38346373154945,7.397589319005652,966.4236690506538,3250.470609240906,10.543591482756812
2023-01-01 08:18:00,1199.239847969594,56.414874242250804,31.994259502831174,131.37275636206758,7.399455109044237,957.5261703072498,3228.323609808316,10.492045183651241
2023-01-01 08:19:00,1199.639927985597,55.59527866300196,31.88945077148127,130.9564592630302,7.280692255603582,968.5463265016882,3265.6423685861914,10.52207717271319
2023-01-01 08:20:00,1200.0400080016002,57.3110217476279,31.152276468674774,131.62201071343583,7.2932397408959435,960.0832970552783,3244.911931599097,10.469733248749277
2023-01-01 08:21:00,1200.4400880176036,53.522960002039106,33.26399269080697,127.643294479109,7.457792361418358,974.8253889237596,3292.4791162156184,10.58341485897984
2023-01-01 08:22:00,1200.8401680336067,55.15323929607813,32.38729412039908,129.81098878654902,7.605917830583283,965.2703921894606,3271.0033063510364,10.538150232563778
2023-01-01 08:23:00,1201.2402480496098,57.02536878595522,30.83921880599936,132.13336665285757,7.366753679191845,961.6387143314076,3235.628386769627,10.496086734925358
2023-01-01 08:24:00,1201.6403280656132,55.060391214216764,32.49974235391526,130.7710641554458,7.526569801927466,968.7430465057591,3265.231573159462,10.529832753234928
2023-01-01 08:25:00,1202.0404080816163,55.7538438456347,31.643634325161816,131.25434805497795,7.217316915318069,960.3635371205726,3249.5727484787917,10.529265385751886
2023-01-01 08:26:00,1202.4404880976194,52.53955380849584,34.35852084406355,129.1123876409685,7.848819662216453,974.6755042331858,3318.330267178453,10.569846405702089
2023-01-01 08:27:00,1202.8405681136228,57.24409209485313,31.159766342827286,132.35125286281342,6.982707004514316,954.2188949084288,3240.4655808701777,10.483842668725982
2023-01-01 08:28:00,1203.240648129626,55.04695832930398,32.71262441273394,131.48337337271562,7.483463707442319,965.9917130415503,3274.1310847913905,10.549366193842284
2023-01-01 08:29:00,1203.640728145629,55.31137306057169,32.343814383692894,130.3990915147006,7.506979447144524,963.6682247383898,3278.8841220252525,10.535162791889702
2023-01-01 08:30:00,1204.0408081616324,55.602368680946384,32.51611761953679,131.13643212311086,7.513995165891248,964.3562660905816,3268.8183043014787,10.554344964091591
2023-01-01 08:31:00,1204.4408881776355,53.47628718142866,32.672437312666034,130.4278215800699,7.5468405466419455,964.5832725725903,3291.83497813707,10.564541867904536
2023-01-01 08:32:00,1204.8409681936387,56.215715495913216,31.405883936020384,131.0394462749862,7.152744351447299,961.6122856704526,3258.005502123079,10.523536309473515
2023-01-01 08:33:00,1205.241048209642,56.1795676048261,31.587811202715766,130.646547317129,7.382191791388395,963.8234223994589,3249.293079140174,10.517359900666865
2023-01-01 08:34:00,1205.6411282256452,56.662165879456964,31.27140426316331,131.4950480315852,7.171425167391586,956.9432767331755,3244.300563955167,10.518520473880622
2023-01-01 08:35:00,1206.0412082416483,56.55046142514642,31.360963764128932,131.45014741791599,7.10409680845375,960.935788230155,3237.5300838061994,10.522862988627129
2023-01-01 08:36:00,1206.4412882576516,56.30849931965958,31.592391122320084,131.04518453371986,7.304928991357473,957.8011117582184,3248.378871061128,10.50272390078189
2023-01-01 08:37:00,1206.8413682736548,56.54193149290344,31.41333993404264,131.49954485121592,7.324123827035282,957.0276711071837,3229.8957086642454,10.512432048923404
2023-01-01 08:38:00,1207.241448289658,55.12305801194115,33.16256857981046,129.9178470365691,7.563301191374956,968.8567618589149,3299.060543636866,10.540007513455503
2023-01-01 08:39:00,1207.641528305661,54.82409130545187,32.779943154082495,130.44749519927976,7.420297347317897,964.9987303467819,3293.868065176287,10.534058601892928
2023-01-01 08:40:00,1208.0416083216644,55.15805838535052,32.68352089671778,130.66972955420107,7.457157484935918,969.0526460723345,3273.4332342704547,10.525145058487094
2023-01-01 08:41:00,1208.4416883376675,54.073088182319054,33.17473359823262,129.60230381109463,7.748793316347105,970.9686076957328,3297.553776140555,10.571874259006353
2023-01-01 08:42:00,1208.8417683536707,55.82947038837826,31.666102098263146,131.18573493016467,7.199116939764877,963.3260797366208,3254.9749943471625,10.537301965221019
2023-01-01 08:43:00,1209.241848369674,55.75386307161408,32.26203541140558,130.86014025701806,7.387316903617892,964.0487272339569,3244.471653948003,10.512286433545851
2023-01-01 08:44:00,1209.6419283856771,55.467660708360185,32.216649645351886,130.16535487683,7.40467166078084,966.9799488866299,3265.08383071752,10.530160772388282
2023-01-01 08:45:00,1210.0420084016803,53.826531212588414,33.22467384278383,129.68350498057433,7.676584744095555,971.4450410892376,3298.278008049485,10.565347517042113
2023-01-01 08:46:00,1210.4420884176836,57.00928036682686,31.952580120218318,131.6634658750114,7.520924631054699,960.8244426809904,3259.463332342903,10.515664632168576
2023-01-01 08:47:00,1210.8421684336868,55.52573139936681,32.03907532371458,130.82961434994013,7.581361030473756,957.6326560715221,3255.969209380143,10.517843763556256
2023-01-01 08:48:00,1211.24224844969,55.348016764725635,32.69674875038307,130.71768750035238,7.436210493689702,965.4957404921413,3276.6142590842333,10.540326217544841
2023-01-01 08:49:00,1211.642328465693,54.936322754406,32.31348628893001,130.5876785911354,7.582142508915859,963.4878612904836,3263.0485307796316,10.542473529524301
2023-01-01 08:50:00,1212.0424084816964,56.193691519717696,31.423591315005872,131.40173951348913,7.162947472135931,961.5789877941144,3247.4469016593066,10.512753044999519
2023-01-01 08:51:00,1212.4424884976995,55.14469957005347,32.28520100688375,130.54923864960944,7.570929932350349,970.7711552062818,3284.569076550846,10.558699454059802
2023-01-01 08:52:00,1212.8425685137026,53.376244846508015,33.79172132626213,129.33302373879818,7.69639713997001,968.5026554694547,3322.7161823831984,10.576954366101166
2023-01-01 08:53:00,1213.242648529706,56.975937249855534,30.564839859474976,132.321996868431,7.287110457689997,962.1555298566955,3247.041970805971,10.498754746457045
2023-01-01 08:54:00,1213.6427285457091,55.77285907152496,32.09987339063336,130.2374587943673,7.371319705971534,966.2285512202292,3262.0830347544365,10.532783906354634
2023-01-01 08:55:00,1214.0428085617123,55.59410023122306,32.22816353435867,131.05103581802817,7.3910952940120485,962.1492079721761,3256.9209513587152,10.50355827693341
2023-01-01 08:56:00,1214.4428885777156,55.76570422694389,31.94289272090236,131.1331390933746,7.40579419706569,963.6878662442147,3239.2146547348675,10.50467798674357
2023-01-01 08:57:00,1214.8429685937188,57.515378692527975,31.255251275444802,131.463680565993,7.0332233162928635,959.0142972391974,3249.098275811912,10.513388978829456
2023-01-01 08:58:00,1215.2430486097219,55.54565864207331,31.7962646547779,130.6861188694952,7.521645192062537,962.0657406396269,3255.6299164955276,10.531642741558553
2023-01-01 08:59:00,1215.6431286257252,55.53496323040278,32.29704410812024,130.78532400387326,7.442358281794088,962.053932392298,3267.503591326233,10.541330793600968
2023-01-01 09:00:00,1216.0432086417284,53.01519861396119,33.66222768923738,129.23705670602482,7.599642665129955,973.999126827898,3301.8206398182724,10.578677709273562
2023-01-01 09:01:00,1216.4432886577315,56.16346096363604,32.252927397883745,131.7500668051006,7.436096827295603,965.7130856755489,3249.186821196299,10.510329733753434
2023-01-01 09:02:00,1216.8433686737349,56.93174812784579,31.053633232811656,131.40783559652743,7.163102877584527,958.7889947368686,3238.927476653896,10.49291687327999
2023-01-01 09:03:00,1217.243448689738,56.96806491252405,31.318397715830937,132.1897318767237,7.045449413374111,959.7637687822422,3251.336115622809,10.497231822318158
2023-01-01 09:04:00,1217.6435287057411,56.356850703079644,31.748118683930315,131.32765386084984,7.09568168492204,955.8151232216018,3240.1588334918188,10.505484376148114
2023-01-01 09:05:00,1218.0436087217445,54.44389812185934,32.93349671374278,129.89888669374426,7.617607580659315,966.5824516879036,3303.0455683274467,10.541050619124453
2023-01-01 09:06:00,1218.4436887377476,54.911061995538255,32.951710217519576,129.72860826115976,7.529903440616254,965.2839488980215,3270.441628180852,10.540573247511736
2023-01-01 09:07:00,1218.8437687537507,54.838992112960305,32.854125360176745,130.3564656279864,7.547992313782935,962.972088083754,3289.8760398720356,10.555954172919424
2023-01-01 09:08:00,1219.2438487697539,54.731757035512636,32.45944304323884,131.30274202220988,7.368519538811469,963.4313914785228,3251.129156409135,10.527247538706334
2023-01-01 09:09:00,1219.6439287857572,56.29142291685887,32.172973068738855,132.2200588431725,7.199486109180993,962.5351129433504,3256.6071555858653,10.506337986438908
2023-01-01 09:10:00,1220.0440088017604,55.34851867528021,32.69724071953281,130.53980239612852,7.5185467283859415,967.2968374976258,3277.211172356917,10.5246019473693
2023-01-01 09:11:00,1220.4440888177635,57.13274430784197,30.55946127213587,131.80809253643838,7.224848909574718,958.72749698309,3236.445080898844,10.516249375287636
2023-01-01 09:12:00,1220.8441688337668,55.62701735106424,31.621535498437193,131.32185672650297,7.220775927002479,963.6883910633223,3247.0002256882613,10.541755890308952
2023-01-01 09:13:00,1221.24424884977,56.068661748761784,32.2067236004851,131.52511249140375,7.367604282583105,962.1748986095874,3269.2065455212733,10.526416051304366
2023-01-01 09:14:00,1221.644328865773,54.921764392634074,32.31777635389234,130.0342430781773,7.378138436114123,973.685011096259,3278.4073476455883,10.526304223783725
2023-01-01 09:15:00,1222.0444088817762,56.191593343306714,32.26233630346499,131.35974647861252,7.446264318218697,962.6957579767937,3252.7703904656705,10.534468234272824
2023-01-01 09:16:00,1222.4444888977796,58.417428653988665,30.651034797647863,132.51602154706623,7.145745019732424,956.0270392732735,3234.293295555069,10.48915065424851
2023-01-01 09:17:00,1222.8445689137827,55.811809194199796,32.84176733917471,130.76134939464774,7.29262582639735,965.5540393636163,3270.5690424990444,10.522252560868937
2023-01-01 09:18:00,1223.2446489297859,56.858746138021566,31.921681843981528,132.0890575893708,7.25504687863564,959.2115088962087,3250.9571960146254,10.492416999602867
2023-01-01 09:19:00,1223.6447289457892,55.54487024983465,32.04531157659049,129.80436114753297,7.373411640029685,962.3120377671515,3264.747015763669,10.52368534687694
2023-01-01 09:20:00,1224.0448089617923,56.04547508453722,32.58657498395058,130.2600633788352,7.462538174203234,969.8085278344774,3258.7718912428177,10.526329346200333
2023-01-01 09:21:00,1224.4448889777955,54.964101638427756,32.73006816455431,130.18977887554635,7.63355039609657,970.9157587248574,3274.1284034475802,10.547324566117743
2023-01-01 09:22:00,1224.8449689937988,55.255936578118664,32.69164218056328,130.58561222618417,7.463483623731407,968.1451252647714,3274.145571713518,10.547009280730528
2023-01-01 09:23:00,1225.245049009802,55.95930967788107,32.19398597805004,130.16191275060854,7.590279560234195,963.432385400853,3277.530240812446,10.541605612734388
2023-01-01 09:24:00,1225.645129025805,56.19112278333009,32.237028751673826,131.30201904806887,7.356002749362523,965.0222475923252,3248.514724522039,10.51796758377711
2023-01-01 09:25:00,1226.0452090418084,59.056911239277134,29.93396338229201,132.71352347717013,6.8259798419140285,951.3961551958442,3209.2922355175706,10.459497413293208
2023-01-01 09:26:00,1226.4452890578116,56.24488500234847,31.964686385291046,131.5735304807547,7.288038809786709,958.8195586033413,3240.5135907414992,10.510523576945838
2023-01-01 09:27:00,1226.8453690738147,57.95719656193551,30.91903970915338,131.97858932019653,7.224222897857915,958.6875206842616,3228.2668071337557,10.494753739765654
2023-01-01 09:28:00,1227.245449089818,55.3125431714115,32.32155515257098,131.5078718034109,7.31534383598392,972.1764791519198,3270.094679823026,10.531955821658086
2023-01-01 09:29:00,1227.6455291058212,56.34923270351134,32.11674237323273,130.8380065543763,7.345107142413571,958.495776399549,3246.1056508821753,10.521544389204884
2023-01-01 09:30:00,1228.0456091218243,56.64946380312707,32.32889197218136,131.3096375202474,7.27133543664725,965.4958497654,3266.458448455607,10.53338481515535
2023-01-01 09:31:00,1228.4456891378277,58.761313886401034,30.675617206408653,132.61988702862217,7.1478633955867945,956.6445573563446,3215.7611911037875,10.466408765235547
2023-01-01 09:32:00,1228.8457691538308,57.501321602342756,31.591261393785985,131.66251235370393,7.251596545271647,963.7212316484311,3241.480408812993,10.50126016759107
2023-01-01 09:33:00,1229.245849169834,56.50423982273418,31.684578198444154,131.42995870496492,7.260997953753175,957.2999873528258,3250.062967904785,10.51269209279124
2023-01-01 09:34:00,1229.645929185837,54.682529765281096,33.500701395472646,129.80937609306503,7.624033247955957,966.1186866921802,3274.1911192642638,10.539095240741919
2023-01-01 09:35:00,1230.0460092018404,56.116817145244895,32.18695961593002,131.21753144248225,7.410410628696329,961.9555399960392,3265.082081757152,10.506870254688593
2023-01-01 09:36:00,1230.4460892178436,55.32324823561207,32.128338166863074,130.07561064622593,7.478087227244351,970.8686452307974,3287.733060834657,10.535141861973612
2023-01-01 09:37:00,1230.8461692338467,55.75632181077791,32.178994072075795,130.7791363542381,7.379023312320431,962.4401622210205,3267.0382357307444,10.542453300761537
2023-01-01 09:38:00,1231.24624924985,54.85611944563236,32.21669351982073,130.7382914970302,7.479888469039128,963.7553164753807,3259.625179903973,10.530817488075122
2023-01-01 09:39:00,1231.6463292658532,56.891214279621465,31.676034074026223,131.21580417407583,7.224773677399739,961.2241453151887,3247.4106901052437,10.530914443640052
2023-01-01 09:40:00,1232.0464092818563,57.782715277747975,30.758966182781062,132.89600861470106,7.083808948444491,950.8704424660016,3213.3226739260967,10.481128066693026
2023-01-01 09:41:00,1232.4464892978597,55.90619523989727,31.680579380190288,130.91564394561237,7.44299855522399,962.270967620031,3261.22496479994,10.521235747915428
2023-01-01 09:42:00,1232.8465693138628,56.33328229528703,31.897472779800186,131.26309192213404,7.346298860494985,961.1605101038689,3268.907233351412,10.5124968664794
2023-01-01 09:43:00,1233.246649329866,54.647069181765886,33.84976777322587,129.03916993403965,7.602431408866928,967.8867272091455,3311.161118902345,10.551137303392586
2023-01-01 09:44:00,1233.646729345869,53.008358358505674,34.34500196505767,128.2109601339993,7.940312343739266,979.911055094194,3321.2925982446136,10.609529621028841
2023-01-01 09:45:00,1234.0468093618724,55.457439366107124,32.40767281189261,130.2443093168313,7.38800465488919,970.9034145401879,3281.135434315711,10.538003360546561
2023-01-01 09:46:00,1234.4468893778756,55.77378902537678,32.0446223263162,131.592808965925,7.410647438400683,964.2162082130095,3270.2247025337524,10.515227516197983
2023-01-01 09:47:00,1234.8469693938787,54.22401709438628,32.95470125045949,129.4858618398306,7.865673329134864,966.1846454894782,3301.893816904809,10.560061028147404
2023-01-01 09:48:00,1235.247049409882,57.237681628802655,31.4464118648705,131.28354542113982,7.356654766326301,963.0519157182729,3253.571174190886,10.511050125859752
2023-01-01 09:49:00,1235.6471294258852,57.28563274745075,31.06806550953078,132.10533514269662,7.101665510004254,956.1604270933302,3252.7011655877723,10.494448845726879
2023-01-01 09:50:00,1236.0472094418883,58.21519623418769,30.182736628675,131.71804142925913,7.186858440434504,954.5842184205816,3219.9917118468966,10.474712051574471
2023-01-01 09:51:00,1236.4472894578917,54.57634675417135,32.6646062013903,130.49089300689977,7.436576364216252,968.4971915042613,3281.2209691014127,10.535040421702943
2023-01-01 09:52:00,1236.8473694738948,56.332270109208416,32.13568121834628,131.11575415985686,7.325412064699911,964.60049612107,3268.324650954735,10.523540289133111
2023-01-01 09:53:00,1237.247449489898,55.97818543445252,32.444967633113826,130.11414652289048,7.415088433738639,965.8109750952539,3260.4899693963066,10.525815728087991
2023-01-01 09:54:00,1237.6475295059013,56.28195638789042,32.25182942670952,131.00481596099425,7.37435882854618,960.9487314509597,3247.7758600135153,10.524517413448903
2023-01-01 09:55:00,1238.0476095219044,54.982451215358914,32.78061179936412,129.083788304772,7.59142904356525,964.8073154030166,3293.6869978370146,10.548359547740446
2023-01-01 09:56:00,1238.4476895379075,56.76421594496444,32.12929741455256,131.7186022836855,7.191644562913905,961.9895243613818,3261.424913170918,10.504449626964055
2023-01-01 09:57:00,1238.847769553911,56.82355563304835,31.700449030074573,132.08531983256987,7.271179868923557,962.7985182116472,3254.9405482136654,10.511529388062756
2023-01-01 09:58:00,1239.247849569914,56.04938596347696,32.86081650462791,130.77029666831385,7.552783657731259,970.9077442241738,3270.7736614127007,10.530392625139962
2023-01-01 09:59:00,1239.6479295859172,56.620274191258694,32.14980753647316,131.18696458849857,7.351981850954184,960.6505039937449,3250.6467351784677,10.52308640159018
2023-01-01 10:00:00,1240.0480096019205,57.06077170392276,31.958611723428234,130.63319442592356,7.366100489703285,962.4173112332784,3258.385003927788,10.511646731253817
2023-01-01 10:01:00,1240.4480896179236,55.3648553123924,32.45315369506364,131.37659551830964,7.472177887598916,961.8948039416169,3284.94605001794,10.534528746959275
2023-01-01 10:02:00,1240.8481696339268,56.57003846140167,32.30001517349423,129.82167023205434,7.569183638530606,963.0131676887255,3262.155310425255,10.534124452072806
2023-01-01 10:03:00,1241.24824964993,57.36563771888545,31.09976251233528,131.46100340463653,7.11517941082024,960.7290016552998,3252.6652454511222,10.507820419109933
2023-01-01 10:04:00,1241.6483296659333,56.34143076718442,32.173328994930095,131.2787398794598,7.3052082445973445,960.4831377015422,3261.5999449495316,10.484299522994082
2023-01-01 10:05:00,1242.0484096819364,59.25260802012578,29.812059404789007,132.71575809399144,6.8892566898493275,951.9278457921791,3213.6661519258564,10.451252915867562
2023-01-01 10:06:00,1242.4484896979395,57.12471677666427,31.951796682517266,131.3015579696745,7.2143167752332795,964.5370332851545,3226.3775329533746,10.502075941767991
2023-01-01 10:07:00,1242.8485697139429,56.446774110603904,32.01074971991553,131.87928983636618,7.179771084653051,961.3567755462956,3257.2803578745466,10.513726398155727
2023-01-01 10:08:00,1243.248649729946,56.12484390353714,31.970792985229146,130.99261888176676,7.27015464359654,964.2712974345053,3250.6213887558883,10.495485126180565
2023-01-01 10:09:00,1243.6487297459491,56.45829919781966,32.21672326499008,131.12782149085606,7.405596116533844,962.8113659762813,3251.381961736689,10.54316235722343
2023-01-01 10:10:00,1244.0488097619523,56.418608488149815,32.348073052488466,130.87600945977604,7.298860460630506,963.4963827024052,3255.081954522151,10.517716752992266
2023-01-01 10:11:00,1244.4488897779556,55.459127496137675,32.8295073317114,129.90078565655512,7.373846215766913,966.6856379329946,3275.979163503088,10.554416218820947
2023-01-01 10:12:00,1244.8489697939588,57.29176062475444,31.527946801004138,131.95283392485788,7.371454648190559,966.6685229671004,3258.982196829174,10.515296816848469
2023-01-01 10:13:00,1245.249049809962,56.36117765087774,31.694023880377795,130.6113217033715,7.290504922181921,968.1362520175899,3251.2532729486406,10.515162680289231
2023-01-01 10:14:00,1245.6491298259652,56.520019842095806,31.639193982569193,131.80763731462076,7.511966688040361,962.4381884803516,3238.3308652106502,10.498816021925313
2023-01-01 10:15:00,1246.0492098419684,57.33611124659548,32.40851390054839,131.31333868616554,7.515157201988249,965.862646408303,3254.4057654670064,10.519222818847092
2023-01-01 10:16:00,1246.4492898579715,57.25379374299419,31.864298485369847,130.52054875224007,7.458595468062473,966.4849981057008,3264.208831938779,10.542635386599372
2023-01-01 10:17:00,1246.8493698739749,55.39141241838443,32.19950819280728,130.15966749082867,7.556641307764888,973.1180289649066,3266.8292823600545,10.528343918209409
2023-01-01 10:18:00,1247.249449889978,58.27747480062671,30.646053810471706,133.35263359808815,7.06973504845536,953.423646885115,3203.723566304535,10.475588207722843
2023-01-01 10:19:00,1247.6495299059811,56.8709771138468,31.328772746650067,131.63622708384125,7.272653491949989,956.9880650323386,3228.3701573544768,10.484148714430763
2023-01-01 10:20:00,1248.0496099219845,56.51156095711012,31.858631939615236,131.08055368310275,7.477485017537391,969.5553502058557,3257.8560205617587,10.538250982490409
2023-01-01 10:21:00,1248.4496899379876,56.22211156758116,32.24199302921005,131.19686111580143,7.377801757556787,964.4928804344339,3264.536137377201,10.525113567466533
2023-01-01 10:22:00,1248.8497699539907,56.292563550404616,32.16233578494244,130.44374501382208,7.286332028504032,965.5222569975748,3271.713423684091,10.545640324048213
2023-01-01 10:23:00,1249.249849969994,55.48328128734028,32.49241517007735,130.94447712771287,7.401268870273101,965.4949407472968,3270.2144426979567,10.546146682006599
2023-01-01 10:24:00,1249.6499299859972,57.68795926065935,31.614012899001157,130.9663969017325,7.37940596986002,961.0249587547702,3249.2432819097185,10.523885932320747
2023-01-01 10:25:00,1250.0500100020004,55.31906861607828,32.77068509821699,131.07240815042934,7.620050249620955,966.0600921351399,3270.9981008288237,10.547529238061733
2023-01-01 10:26:00,1250.4500900180037,56.60861676480688,31.665938846307597,131.90202369503578,7.194995897229194,956.3086553816597,3235.589870706493,10.483519201978291
2023-01-01 10:27:00,1250.8501700340069,56.11434840611371,33.074398389025546,129.17772102531552,7.4982433393526335,966.2784939015368,3265.2912291822145,10.561103184614005
2023-01-01 10:28:00,1251.25025005001,56.145964133026574,31.880575073961563,131.14568234471577,7.2834518722848,963.0950076099701,3242.0462964723606,10.50481603799177
2023-01-01 10:29:00,1251.650330066013,54.16427220652606,32.850451915466806,128.96983005390146,7.682407316789072,970.5066465574482,3277.004829025255,10.55980516745825
2023-01-01 10:30:00,1252.0504100820165,56.37199050056114,31.57386306314895,130.71425864608258,7.29346961069707,964.4579255476286,3240.8980576644853,10.522314787753755
2023-01-01 10:31:00,1252.4504900980196,54.50849379269244,34.10208689831976,129.323324713669,7.581616324385829,973.7096151500681,3299.831068011263,10.574765678539638
2023-01-01 10:32:00,1252.8505701140227,55.26589247450936,32.30958589512586,131.04194596479093,7.440385127922064,965.348714322199,3256.568732734458,10.531459625692706
2023-01-01 10:33:00,1253.250650130026,55.39715474573161,32.335499978472775,130.008874277692,7.435255536542656,967.8195133972044,3279.4880340987866,10.549150799829864
2023-01-01 10:34:00,1253.6507301460292,56.1250159775579,31.637758533452864,130.8388295415942,7.425178621177078,963.9099439190427,3277.415086850279,10.50836575916219
2023-01-01 10:35:00,1254.0508101620323,56.044332710561406,32.49270399199416,130.11845996734215,7.301312583690276,965.6143996945069,3251.4158538480256,10.529128695233709
2023-01-01 10:36:00,1254.4508901780357,57.58963995022193,31.813163706724268,130.79141541114424,7.344624477336897,957.9510249528084,3265.75813670494,10.504726033995368
2023-01-01 10:37:00,1254.8509701940388,57.3729998188525,31.299553227322548,132.1416759129182,7.40047465969308,959.9191302587767,3248.319017999669,10.504611850535822
2023-01-01 10:38:00,1255.251050210042,55.78467608348835,32.45766565566907,130.52023695987796,7.441180209310228,965.045635603503,3274.1850270102036,10.527730220944392
2023-01-01 10:39:00,1255.651130226045,56.59956857424968,31.788924411897177,130.56767244493142,7.236572302193313,962.3560285604093,3236.70132644177,10.510445703336838
2023-01-01 10:40:00,1256.0512102420485,56.68867831787635,32.13499212967908,131.726598003777,7.331477738639375,965.8311500011521,3233.606810728305,10.497867423452929
2023-01-01 10:41:00,1256.4512902580516,56.709208780440164,31.647960911426264,131.70283402632836,7.323682229351918,964.3378946808302,3250.358431552412,10.52355058712187
2023-01-01 10:42:00,1256.8513702740547,56.09659801827385,32.8821990315422,130.36484977184656,7.471415742672381,965.35416796955,3281.5161551929077,10.539373818294024
2023-01-01 10:43:00,1257.251450290058,55.63380699121992,32.9229555170405,130.61679665881078,7.502187097574994,971.6454358268259,3275.8953598679605,10.538676611187991
2023-01-01 10:44:00,1257.6515303060612,54.87386352722197,33.20330564615429,130.59302178157807,7.5924511455697585,969.9436361524018,3278.275911977622,10.556544325591728
2023-01-01 10:45:00,1258.0516103220643,56.973151047668686,31.671593124902504,131.14371198377307,7.475262317517699,962.1542388665355,3253.4936335184957,10.521705562230116
2023-01-01 10:46:00,1258.4516903380677,56.7833258602971,32.19663982139781,130.65159496195523,7.242434166182019,965.1692038044451,3264.7114145309106,10.518227177102668
2023-01-01 10:47:00,1258.8517703540708,55.07846172080462,32.958169711773614,130.74697654493414,7.584733114436415,965.9375270864313,3277.5928301957715,10.530314544223236
2023-01-01 10:48:00,1259.251850370074,56.0786175180314,32.22941385928604,130.6401742060561,7.473011464163159,962.7429440526657,3256.6064084111113,10.520711621331989
2023-01-01 10:49:00,1259.6519303860773,55.35149299387347,32.79430687499642,129.9667321859435,7.431471516566198,969.0814065302868,3281.3531486108072,10.541455267065242
2023-01-01 10:50:00,1260.0520104020804,56.76422505441668,32.012750077172335,130.32509101683235,7.338665240146548,963.5944014859542,3262.1782070824474,10.526988122323816
2023-01-01 10:51:00,1260.4520904180836,56.95100998941385,31.886887210153425,131.2959227770854,7.365342104361762,967.40122370735,3272.668591301274,10.509884641007968
2023-01-01 10:52:00,1260.852170434087,56.60982246515741,31.845711140705266,131.53507930263066,7.372153285204126,966.3442774489463,3258.1108909881063,10.523627872969325
2023-01-01 10:53:00,1261.25225045009,57.90239540850479,30.68691131381417,131.75890398713125,7.101177192701394,955.6296265719808,3225.1361723254677,10.48633786553287
2023-01-01 10:54:00,1261.6523304660932,56.72019825397261,31.956693898028522,131.77178158642474,7.281391756190926,959.2154009822167,3262.036028159874,10.514987526824436
2023-01-01 10:55:00,1262.0524104820965,57.05128113480453,31.719106580819457,131.05693731807602,7.246174252492372,960.2639468129775,3225.429393933525,10.496090694707426
2023-01-01 10:56:00,1262.4524904980997,57.312832604160874,31.748783583159064,131.25227518725788,7.331574407694812,967.9535897615181,3251.941975312795,10.515480209382643
2023-01-01 10:57:00,1262.8525705141028,55.41812506572445,33.400615992206255,129.52075957616853,7.645900040080688,971.0303432385822,3278.593926644672,10.543198188099096
2023-01-01 10:58:00,1263.2526505301062,56.63184038427919,31.262829271820696,130.94751848781206,7.318495890806573,959.3002863028269,3243.3337879131036,10.519623365486932
2023-01-01 10:59:00,1263.6527305461093,56.41661292859221,32.03576824146951,131.43446296018237,7.316311872219443,968.4337913405686,3251.324972303313,10.537090427959766
2023-01-01 11:00:00,1264.0528105621124,57.3305530964001,31.446770468580297,131.18568069588932,7.3008503463069,966.611855511136,3236.5021954837925,10.512791113208706
2023-01-01 11:01:00,1264.4528905781156,56.297137817319346,32.31435840355881,130.5722105610884,7.539386197794242,964.6837032661317,3251.6859736248975,10.501117882215162
2023-01-01 11:02:00,1264.8529705941187,57.345165369739064,31.1897991777838,130.96291781994552,7.21756072828223,955.0302863097629,3236.6293011214334,10.502805534135957
2023-01-01 11:03:00,1265.253050610122,56.535722733252385,32.26656668608869,129.81100440430762,7.402747620454008,965.2276653926458,3261.4195896976366,10.53269726737219
2023-01-01 11:04:00,1265.6531306261252,55.52549497456607,32.792072212179775,129.67012429280246,7.4976698900420615,969.4759935156868,3279.3794037221796,10.53212492536134
2023-01-01 11:05:00,1266.0532106421283,57.14185746706316,31.765334305076923,130.31977247266244,7.4642468268604425,968.8214923197805,3243.926297460106,10.525881216112749
2023-01-01 11:06:00,1266.4532906581317,58.73744419582773,30.648402620453833,132.10408973439635,7.0487615505234755,956.3332764048764,3207.938809798895,10.47178715354516
2023-01-01 11:07:00,1266.8533706741348,55.61426126202201,32.9515527818865,129.89728780654661,7.3782346553317675,970.0801207017685,3279.8587360463057,10.543457213545938
2023-01-01 11:08:00,1267.253450690138,56.31170579009425,31.754681316237097,130.82634948230285,7.309379932543539,965.2676335989358,3262.527018089037,10.50927857228701
2023-01-01 11:09:00,1267.6535307061413,57.82996469578783,31.199251300023583,131.60334274909485,7.204618205792276,965.3207105904035,3229.8618557977998,10.506400701951353
2023-01-01 11:10:00,1268.0536107221444,57.26473406013979,31.335277285548706,131.48804902689275,7.3376831073449,960.6196765756033,3237.9414634941627,10.514301082691809
2023-01-01 11:11:00,1268.4536907381475,55.43176748177817,32.88908282170089,129.60833388982502,7.5599674968061485,970.2137857600597,3282.7910253619953,10.544293430817909
2023-01-01 11:12:00,1268.853770754151,55.87080208905217,32.765592749966046,130.92199744407108,7.439887526894282,968.4422168914194,3273.1788699841836,10.556612796884094
2023-01-01 11:13:00,1269.253850770154,56.55323066803164,31.74123877116017,131.2533564339097,7.374050831066541,961.1947079933946,3250.535219761943,10.517827802206199
2023-01-01 11:14:00,1269.6539307861572,57.165210973451124,32.17656589781889,131.5219417190558,7.325973069055244,959.5722857931553,3245.3602830972955,10.532116951960333
2023-01-01 11:15:00,1270.0540108021605,56.368276780648415,31.81937898762113,130.80410279332244,7.4695949928021985,965.1200500703934,3253.5403380145576,10.539185605976085
2023-01-01 11:16:00,1270.4540908181636,55.334030438301035,32.677993907699815,130.5051135768212,7.575208968510444,968.0587487707347,3269.86691759044,10.53895285720983
2023-01-01 11:17:00,1270.8541708341668,54.89489192615308,33.32290093821947,130.74849805793394,7.5377155673302525,967.4335476715306,3299.555449633251,10.546074326758903
2023-01-01 11:18:00,1271.2542508501701,55.8204161457353,33.199177827881805,130.6397906485225,7.424047468284229,968.9435787683004,3272.283393571763,10.56368025157017
2023-01-01 11:19:00,1271.6543308661733,57.31108084135714,31.98900119417998,131.70009145780574,7.272198877981625,963.8975633900842,3241.1133108565914,10.50801033173264
2023-01-01 11:20:00,1272.0544108821764,60.051826653786506,30.301599287507788,131.79087733922887,6.807020896487993,950.1820614777977,3214.845386772178,10.47013164523174
2023-01-01 11:21:00,1272.4544908981798,58.00924244791946,30.36951093168586,132.34494076094293,7.1964265077599,955.4159353662678,3221.058044914439,10.48479746921741
2023-01-01 11:22:00,1272.854570914183,56.55978833526547,31.567071579344898,131.5402080090399,7.3321380128525,956.8458932281907,3261.612556773795,10.508427524431701
2023-01-01 11:23:00,1273.254650930186,56.68560646141471,31.783067698218275,130.60144274044006,7.551898611254962,964.2088513944157,3258.269929087906,10.527706766454925
2023-01-01 11:24:00,1273.6547309461894,58.69855114460611,30.59365656000686,132.1666109259042,7.092492729184285,957.2547354865419,3229.830234042263,10.480047013755541
2023-01-01 11:25:00,1274.0548109621925,56.16753958400107,31.786857649537048,130.96315927851936,7.468374953047895,963.2499113798774,3266.8464919494013,10.534034895050528
2023-01-01 11:26:00,1274.4548909781956,56.670230144770535,31.766210910813005,131.82446892603414,7.27843390390452,962.9096742099881,3265.430852010982,10.531666510845774
2023-01-01 11:27:00,1274.8549709941988,57.255236245509195,31.280994355076487,131.38841040329717,7.212984981844686,957.1694006742139,3259.608346359782,10.519106371297074
2023-01-01 11:28:00,1275.2550510102021,55.31301609555297,33.267691753839514,129.56612663903718,7.6194774483143535,972.8348005887053,3292.2860845656705,10.556411863421538
2023-01-01 11:29:00,1275.6551310262053,57.50229979810822,31.545230326700846,131.00584098852931,7.1882343974831455,957.7169874640899,3239.484672667273,10.504824466262816
2023-01-01 11:30:00,1276.0552110422084,56.04303221653984,31.633379944540565,129.98184239488515,7.2171133448569496,961.9502276460286,3256.014313091406,10.54867829047623
2023-01-01 11:31:00,1276.4552910582115,56.167927586332794,32.10396112582878,130.64811373527166,7.506025848491604,967.9742512440806,3269.2287330305485,10.52749457861416
2023-01-01 11:32:00,1276.8553710742149,58.24941880965477,31.4046405691615,132.1098979287085,7.164894538389339,961.4725021783598,3237.506162779941,10.49929053924175
2023-01-01 11:33:00,1277.255451090218,57.102518642828414,31.72647155086277,131.2255999995911,7.363583358544805,968.7058438285176,3249.973508541899,10.535704584031503
2023-01-01 11:34:00,1277.6555311062211,57.473884054317324,31.901323583374598,131.05221362839518,7.252351926911681,968.0607143750899,3253.5045424629066,10.509890646356691
2023-01-01 11:35:00,1278.0556111222245,56.721946053923396,32.49966979759801,131.30612118117517,7.486512307058149,959.9844415080601,3253.7205836713933,10.514225397273572
2023-01-01 11:36:00,1278.4556911382276,54.98015422673627,32.313314964188706,130.39106881023775,7.256387023654416,970.4905554644752,3254.952693407865,10.532383508808971
2023-01-01 11:37:00,1278.8557711542308,56.098494904549426,32.42442242156499,129.89451477786383,7.397262851680288,957.3634148565477,3266.381021153129,10.534429321362145
2023-01-01 11:38:00,1279.255851170234,58.600806419081245,30.936867986650057,131.6867762854246,7.078795381785894,952.0358778721702,3210.4983597808996,10.479758859383255
2023-01-01 11:39:00,1279.6559311862372,55.226964067458034,32.84857921880613,130.3860657616447,7.588153914557193,964.8356356741959,3280.9582241673006,10.537986795424942
2023-01-01 11:40:00,1280.0560112022404,56.76443293919537,31.649184614832862,132.324001078552,7.158556323774223,959.3803920628042,3215.3340985383456,10.506532518000602
2023-01-01 11:41:00,1280.4560912182437,56.85908949590164,31.707834827819234,130.05776216300157,7.423615352258265,964.2559273003377,3240.072761679687,10.521586097163249
2023-01-01 11:42:00,1280.8561712342469,56.737179763293895,31.65093754917421,131.69132707268938,7.082546916536497,957.2266172117608,3258.2268857289737,10.506821252972419
2023-01-01 11:43:00,1281.25625125025,56.751803960473936,31.56373636586885,131.20236742753318,7.390562252070517,962.8423817192506,3249.6024221003413,10.49908720261846
2023-01-01 11:44:00,1281.6563312662533,57.91490194191736,31.34793184071062,131.80001003671998,7.115551672001995,959.5888538689792,3230.9340728509205,10.478558228300523
2023-01-01 11:45:00,1282.0564112822565,58.00824152605724,31.4562209054167,131.6922389644325,7.4245734356959865,965.6739324823711,3250.698943624628,10.506262310128658
2023-01-01 11:46:00,1282.4564912982596,56.88511166561357,31.76361140012745,130.80598671611455,7.4261658069312615,961.1827002521952,3241.1807330104916,10.49700624537053
2023-01-01 11:47:00,1282.856571314263,57.58377162735513,30.867480520950966,132.29056775188164,7.256427745702688,959.1159024229718,3229.481560376632,10.492753396521298
2023-01-01 11:48:00,1283.256651330266,55.53491897838934,32.73977506099576,130.21554271492346,7.705927755333981,970.8347357079272,3288.915546537834,10.562273259970251
2023-01-01 11:49:00,1283.6567313462692,57.628210971214514,31.468780734322312,132.08945155115174,7.123463848102446,961.5820850669088,3228.8423175504754,10.510335838714258
2023-01-01 11:50:00,1284.0568113622726,57.14226291272717,31.443583549849883,131.73068649431886,7.266657044870496,955.1203470815532,3240.9322605356892,10.497091500804192
2023-01-01 11:51:00,1284.4568913782757,57.426334468585395,31.19142299964893,131.34405112777534,7.258483970694175,963.1122372381885,3218.898371947585,10.500087261301388
2023-01-01 11:52:00,1284.8569713942788,58.04354571567457,31.56475727436435,131.58482715594474,7.146540155567185,954.9983754407789,3249.5997211795816,10.497891290389106
2023-01-01 11:53:00,1285.2570514102822,58.98925248846937,30.347073641647587,131.82352284872985,7.068588995830153,954.6292033924639,3212.2716808180953,10.484150348990227
2023-01-01 11:54:00,1285.6571314262853,60.118255622508784,29.88795967877756,132.93191892180002,6.695471264480361,951.2562234619307,3191.999862395035,10.452731838789523
2023-01-01 11:55:00,1286.0572114422885,57.12133234888562,31.981580719015447,131.46706353270733,7.21187843721003,963.1261749300191,3250.3979699070364,10.493431739186315
2023-01-01 11:56:00,1286.4572914582916,59.43930675665302,29.649037663528077,133.40997745716757,6.841502747977373,950.8935908455749,3203.4475430359075,10.465160555475086
2023-01-01 11:57:00,1286.8573714742947,56.33492746926472,31.369359003689283,130.81468411527266,7.374272796911889,962.5428233251183,3259.6649935403357,10.515194806103082
2023-01-01 11:58:00,1287.257451490298,56.80644487713529,32.12390875503799,130.59999399740985,7.387155364696585,963.1737414882975,3240.746323982375,10.51552712318496
2023-01-01 11:59:00,1287.6575315063012,56.51830106437439,31.722354747188994,131.54875638043714,7.435129742103823,966.7975113691319,3247.7518573929715,10.51986354605506
2023-01-01 12:00:00,1288.0576115223043,59.06041189345658,30.110446932302985,132.92601494510689,6.70371204016066,950.4561356073255,3188.360401222568,10.44280389979767
2023-01-01 12:01:00,1288.4576915383077,58.135634497100355,31.368727431608843,132.1702915442281,7.096779034913146,956.1173006862952,3254.797574096363,10.49809099111611
2023-01-01 12:02:00,1288.8577715543108,58.63656700934541,30.702590658520254,132.1993715852035,7.2424667041417985,953.3070508491542,3219.3333679288044,10.483517880560466
2023-01-01 12:03:00,1289.257851570314,56.49419398201651,31.679392638271825,130.85787396995713,7.272788952924458,958.0155342752321,3250.0428265126266,10.507894819663257
2023-01-01 12:04:00,1289.6579315863173,55.71993065995917,31.668484594266904,131.43367582721314,7.294288637436643,962.2907980496806,3233.5158178138495,10.517466523485888
2023-01-01 12:05:00,1290.0580116023204,57.877314228832816,30.47600880473149,132.60923057774545,7.152885614514047,957.6177892478643,3251.162645517616,10.50072033848501
2023-01-01 12:06:00,1290.4580916183236,57.538840185168986,32.26376506385467,130.20690409211565,7.401775173595484,965.0605248024988,3241.3602505817307,10.530076174568325
2023-01-01 12:07:00,1290.858171634327,56.09820888213393,32.494627658051144,130.86649858565949,7.311574704624685,964.8248239596577,3259.53787558258,10.53030300355949
2023-01-01 12:08:00,1291.25825165033,55.77086545156877,32.41349569573311,130.30912285766954,7.558734305784555,958.8897871045434,3271.636410887487,10.520196688503429
2023-01-01 12:09:00,1291.6583316663332,56.670452135239174,31.617097030811383,130.53110917767748,7.267049556828323,961.5124567144632,3249.0009217000343,10.519498539324191
2023-01-01 12:10:00,1292.0584116823366,57.40826173798474,30.332371357972484,132.09807863813325,7.047653904094953,955.5714313275413,3207.931789554877,10.492320725008177
2023-01-01 12:11:00,1292.4584916983397,57.930417777009374,32.001733926953825,131.59716248558388,7.11904721139898,959.8530367789216,3239.2924513256307,10.496346989431633
2023-01-01 12:12:00,1292.8585717143428,57.40110002368602,31.546692273418675,131.49893582406074,7.379557097838817,959.1382321044402,3250.040741411384,10.49766613228754
2023-01-01 12:13:00,1293.2586517303462,57.24061405650133,31.814380205065046,131.46849696629297,7.10769029256909,959.8117517109725,3242.2858206404007,10.503846962424708
2023-01-01 12:14:00,1293.6587317463493,58.523889073277935,30.83630675894668,131.83220263580833,7.16419598008611,953.3163648175921,3213.017188514439,10.484366705968187
2023-01-01 12:15:00,1294.0588117623524,58.52623042218465,30.303516918364746,133.2757544142686,6.978424061253963,947.0838749790175,3203.261906127284,10.455692896978691
2023-01-01 12:16:00,1294.4588917783558,56.572626965655516,32.21392659824897,130.9019828241118,7.331477196220195,965.7664996589472,3260.305752104602,10.512999184355724
2023-01-01 12:17:00,1294.858971794359,59.80795160434573,29.511038174733677,134.02692472260412,6.87994485567645,947.6122032805148,3219.803694305857,10.458783773921295
2023-01-01 12:18:00,1295.259051810362,55.62331535686811,31.909310404464193,130.98453229778258,7.415737694134832,962.1923877061058,3261.41816740322,10.515658110355696
2023-01-01 12:19:00,1295.6591318263654,55.61418442371185,32.50450156088236,130.44227549521176,7.581676645682981,975.7028003427108,3282.806947959766,10.544655686901754
2023-01-01 12:20:00,1296.0592118423685,56.47209745736986,31.89001997521353,131.1084049477336,7.463669896427923,961.7165636531654,3265.7754572832287,10.517012369914319
2023-01-01 12:21:00,1296.4592918583717,54.67945014817744,33.21629390453006,130.95492062053816,7.614885930378029,966.5636021984011,3289.1375396566214,10.563302191381165
2023-01-01 12:22:00,1296.8593718743748,56.672765056975834,31.796407367461693,131.37260949074488,7.4036502427448285,966.6905041407011,3266.429622591622,10.515242175678999
2023-01-01 12:23:00,1297.2594518903782,59.40196904676101,30.373566065326994,133.34528645464817,7.040265730727792,947.5444191893565,3205.6287169153998,10.446630926427092
2023-01-01 12:24:00,1297.6595319063813,56.5925100713425,32.09193316409153,131.5282650691942,7.2950237353241,954.1111781545136,3246.125961023972,10.509132881342397
2023-01-01 12:25:00,1298.0596119223844,57.71183638475451,30.435009128817498,131.72248159950095,7.2269077919656235,958.2860937799103,3231.5663201102407,10.51209670270699
2023-01-01 12:26:00,1298.4596919383876,57.67187270804469,31.43411294949239,131.59837647321294,7.299038711850866,960.6977640539851,3228.7449733551625,10.491203047754706
2023-01-01 12:27:00,1298.859771954391,58.36769491291328,31.279842539676785,132.5734083877937,7.075723826554846,960.0076814634684,3215.987182734005,10.479962512290633
2023-01-01 12:28:00,1299.259851970394,57.03464212886814,31.771680361525743,131.03345992653706,7.498554226596825,964.9998234130976,3254.4660090846473,10.537369488425492
2023-01-01 12:29:00,1299.6599319863972,57.433554075152664,31.391913988047428,131.97567533479014,7.321315390542221,963.812788333524,3225.762350584979,10.513540744271372
2023-01-01 12:30:00,1300.0600120024005,57.784865521716355,30.279386784524682,132.54199779467686,6.918924600129406,957.2052928317181,3219.662818575038,10.473391621204568
2023-01-01 12:31:00,1300.4600920184037,57.914276413354756,30.70725480244082,132.8029412268525,7.217270468078712,955.1110112944618,3210.11731824119,10.463326039818572
2023-01-01 12:32:00,1300.8601720344068,59.35992141699245,30.205649820058547,133.46134014207317,7.009243639180425,951.3739588395902,3201.290363221747,10.437247056450866
2023-01-01 12:33:00,1301.2602520504101,57.99372970500318,31.104030661107767,131.63792492750184,7.066446857826814,958.7586673641393,3240.610353898271,10.506208118622206
2023-01-01 12:34:00,1301.6603320664133,55.781695076428306,32.08115303258381,130.19444673215503,7.608710784101299,971.1428295354826,3265.4568997030065,10.530269915148697
2023-01-01 12:35:00,1302.0604120824164,55.22609853099577,33.869982052962506,129.9123626515019,7.739406363278656,972.0053057067788,3303.714693497199,10.565792416204147
2023-01-01 12:36:00,1302.4604920984198,56.30880642081968,32.224112195842075,130.92136848097064,7.309982059218494,957.4043439929432,3258.9353512500143,10.532250694368232
2023-01-01 12:37:00,1302.860572114423,57.227876304673394,31.31039075275637,131.4775079354548,7.275266367370881,954.6803949313104,3238.462351370786,10.481496312948375
2023-01-01 12:38:00,1303.260652130426,55.52534928448678,32.71446441779361,129.78134234901012,7.389866846880407,966.2709428212295,3251.172875991937,10.54764776653219
2023-01-01 12:39:00,1303.6607321464294,56.80716808144452,31.788715669387354,131.59158175233466,7.250516386856132,957.8825722531059,3256.7026235774297,10.493479931147608
2023-01-01 12:40:00,1304.0608121624325,56.64866316205459,32.25116863425064,131.68328202717862,7.255397205688017,962.9861367361207,3250.4505250442294,10.484041183848321
2023-01-01 12:41:00,1304.4608921784356,57.23164528313792,31.79556695484491,131.01322845501045,7.281814305167029,961.7806275929543,3239.1798418104036,10.511266304815356
2023-01-01 12:42:00,1304.860972194439,58.03655365185244,30.77757830157156,132.25325251823875,7.234346933395193,959.5938044811321,3220.1598760787947,10.490701713054259
2023-01-01 12:43:00,1305.2610522104421,57.256244292588484,30.54072939232327,132.38884086824172,7.289960598363,959.653451561159,3254.199915119215,10.488224899345905
2023-01-01 12:44:00,1305.6611322264453,57.681244781955485,31.920181527525575,131.22627218546086,7.2454504127269015,957.9668456113918,3230.7122164767898,10.501653018770241
2023-01-01 12:45:00,1306.0612122424486,55.12929114092132,32.499236281536135,129.34928992442966,7.516309100028774,958.8989474339346,3272.2565893997753,10.54163998158014
2023-01-01 12:46:00,1306.4612922584517,58.356405703196494,31.241700290128563,132.7202190981713,7.193451840133205,954.0195469528744,3225.642059553283,10.489061295185367
2023-01-01 12:47:00,1306.8613722744549,56.20573922627614,32.03513267342004,130.32439516178255,7.452997239221496,959.4189476647645,3243.9804931146773,10.536247329888797
2023-01-01 12:48:00,1307.2614522904582,56.72945635673437,32.01070972169134,131.2600115230817,7.279597578960477,962.7598327447662,3237.6869721862276,10.514671974087685
2023-01-01 12:49:00,1307.6615323064614,57.879277970762665,30.86435893098904,132.15363496418786,7.05904734962518,952.9257589021997,3227.2666111398844,10.487925418710475
2023-01-01 12:50:00,1308.0616123224645,58.29315202871865,30.404753336458864,132.12322699222796,7.043538393111635,955.9886377343643,3228.7321968730175,10.487286038637693
2023-01-01 12:51:00,1308.4616923384676,57.77304205862052,30.35963345769983,133.36705718130136,6.879440972337043,958.9600449925784,3231.0105045847977,10.483125764853495
2023-01-01 12:52:00,1308.8617723544708,58.15160038942631,30.563546003146637,132.6491689666984,6.928457933662588,953.7541587426057,3217.096510553812,10.48411760549795
2023-01-01 12:53:00,1309.2618523704741,57.41499213141569,30.52408334331744,132.44776928905532,7.197130589659694,958.8248561881555,3208.0919005556507,10.502191934732327
2023-01-01 12:54:00,1309.6619323864772,56.77022887788569,31.840357124897512,131.46984102688128,7.193758279922915,956.4550486381958,3236.679267747004,10.490550071543586
2023-01-01 12:55:00,1310.0620124024804,58.033956027703184,31.042335435916925,132.82705247272156,7.087642642857992,955.3046170484398,3232.4642622414644,10.47605985627129
2023-01-01 12:56:00,1310.4620924184837,56.720593369941874,32.0413326311013,131.06864253136703,7.514091983612029,963.3426585213341,3258.972388700378,10.522197140779557
2023-01-01 12:57:00,1310.8621724344869,57.36958306154641,31.64223561130136,131.06844082029772,7.373564428099457,962.5009560821602,3241.0531520870704,10.526735790767853
2023-01-01 12:58:00,1311.26225245049,57.96791350289494,31.49423600090978,131.58872195371845,7.313777855044826,953.4355107737566,3221.47713911895,10.493077480465367
2023-01-01 12:59:00,1311.6623324664934,57.14172030910482,31.240701609480634,130.71643719725216,7.424924992464945,964.7545928705093,3240.759514572533,10.50453866069627
2023-01-01 13:00:00,1312.0624124824965,57.43988070929629,31.562755881482097,131.22207218412288,7.366794549811141,957.4522970719253,3248.257607229018,10.507013965675013
2023-01-01 13:01:00,1312.4624924984996,57.44970272528236,31.952046460373168,132.7136514246953,7.247859520555506,958.7785432942597,3227.370800788744,10.480149236007774
2023-01-01 13:02:00,1312.862572514503,57.38507625662736,31.17207244797799,131.07959791775087,7.301932566422238,964.1147126718994,3244.0283382593407,10.512128091264952
2023-01-01 13:03:00,1313.262652530506,56.350368638510396,32.00390273989223,131.85680483234873,7.355326386352659,961.4023599150399,3251.3207166631387,10.513787878150078
2023-01-01 13:04:00,1313.6627325465092,56.33143020666641,31.534586661669135,132.42429127992062,7.41734940910425,959.3614666656438,3245.370465445646,10.492425180995273
2023-01-01 13:05:00,1314.0628125625126,56.54477743250006,32.11655093470221,131.11196230080273,7.396780825203897,960.2093312537886,3242.999637800413,10.504683591275517
2023-01-01 13:06:00,1314.4628925785157,59.13047851341525,30.078931570772678,133.25192830048084,6.995788510146045,957.759818635517,3226.4208637725123,10.47799002377852
2023-01-01 13:07:00,1314.8629725945189,58.72158657747012,30.441831680465953,132.82345524649395,6.95333531997855,955.3614339039284,3209.915681932261,10.465512557340585
2023-01-01 13:08:00,1315.2630526105222,58.0330292153517,30.238282500645823,132.20546868126948,6.975194796607126,959.0473132202183,3242.4735884050206,10.47485006067207
2023-01-01 13:09:00,1315.6631326265253,57.96754251430948,30.6309037575985,131.71421267397494,7.1285791973081425,962.2639232463014,3227.9633339424117,10.488909709941433
2023-01-01 13:10:00,1316.0632126425285,55.538876713240896,32.15805632462408,130.40702717797117,7.393859483242684,961.4793173846508,3259.838913758292,10.543284451038472
2023-01-01 13:11:00,1316.4632926585318,55.609467317763226,32.129718971355814,131.07874194906526,7.412801371109982,964.3073420824993,3263.0748098697795,10.535401972952537
2023-01-01 13:12:00,1316.863372674535,57.84170567262667,30.277212062255046,132.38481423410582,7.184511492724753,954.073533346643,3212.8568498590566,10.48439956701084
2023-01-01 13:13:00,1317.263452690538,57.249227890381455,31.66053437625,131.05562688726516,7.227236243148987,958.7749047949321,3262.210944411657,10.501364947220587
2023-01-01 13:14:00,1317.6635327065414,56.36711371904881,31.851211853471867,130.61229232169703,7.362819424709459,964.2635265426389,3220.5114683298966,10.49132288528013
2023-01-01 13:15:00,1318.0636127225446,57.06880147059375,31.38131524581908,131.26527830018546,7.06666919263315,955.6821016972561,3232.6140561258517,10.492684052745917
2023-01-01 13:16:00,1318.4636927385477,57.68705068722386,30.91233388527019,131.20783465805567,7.193422309225692,963.1342693285053,3237.358104454932,10.496235200657571
2023-01-01 13:17:00,1318.8637727545508,56.85704955400102,31.86226555223792,130.98404285443917,7.148520588622539,963.5040146706085,3238.721595242724,10.515790836683804
2023-01-01 13:18:00,1319.2638527705542,57.39149702563232,30.760953179517074,133.78548657125182,6.975744613578204,954.1418571705337,3239.2783738231947,10.497593586608263
2023-01-01 13:19:00,1319.6639327865573,57.23133766803335,31.36144902532225,132.13713508910644,7.332384459152226,959.9690410470824,3248.223554541415,10.508081767846443
2023-01-01 13:20:00,1320.0640128025605,58.1630792027213,30.883141978946576,132.9056471557355,7.00769001495121,957.9646272852912,3226.885852873513,10.488774118512374
2023-01-01 13:21:00,1320.4640928185636,56.208125640431085,31.952810761968728,131.35926736010012,7.377769008339047,965.6025382583034,3228.9737482577607,10.516678640376417
2023-01-01 13:22:00,1320.864172834567,58.63224985543679,30.587763568862528,131.97213193019584,7.190951803035474,950.0807345923208,3206.159779995721,10.483857528535278
2023-01-01 13:23:00,1321.26425285057,59.310571493857246,29.582334238546842,132.57544908850022,6.7252197757820715,951.625600701387,3212.2225547399185,10.45476243246591
2023-01-01 13:24:00,1321.6643328665732,58.36823535209577,29.720659003273184,133.33710053515583,6.971446577645065,953.697168238811,3200.640864455986,10.458295042334395
2023-01-01 13:25:00,1322.0644128825766,57.69063643904998,30.105952819235767,132.51639521777093,6.925981697565228,954.5941375094943,3228.640816733409,10.466364991864106
2023-01-01 13:26:00,1322.4644928985797,56.25813708303883,32.36929079950022,131.16110503804575,7.442184936040006,965.8090072717919,3235.9301753632394,10.507020337416936
2023-01-01 13:27:00,1322.8645729145828,57.819083600089115,30.932137296174748,131.74235214074017,7.200269477676489,951.2719822175989,3216.672349903485,10.504343729477332
2023-01-01 13:28:00,1323.2646529305862,58.6737863805429,30.73988137590865,132.48963157009348,7.03899281303752,952.9045228666728,3208.3369451752937,10.476931679811418
2023-01-01 13:29:00,1323.6647329465893,58.8883993595676,29.961376675647667,132.23370906958755,7.094098843660407,948.3023966170837,3204.0282022244587,10.466053688778135
2023-01-01 13:30:00,1324.0648129625924,56.511223279178736,30.783496935341834,131.3601309544861,7.294849552447498,958.8735705784942,3246.593579721131,10.492989942187231
2023-01-01 13:31:00,1324.4648929785958,61.79146425522306,28.64815015395473,134.67990248497532,6.537610962574646,941.2883456179471,3149.038124999869,10.383328224067363
2023-01-01 13:32:00,1324.864972994599,57.710395122757085,30.895437718287372,132.3247196552326,7.274291434589631,959.2370314089966,3253.9506075445643,10.504305425613529
2023-01-01 13:33:00,1325.265053010602,58.437258157859034,30.469975186144627,132.39521267026396,7.060656929780624,949.1040778783766,3218.8147896124483,10.467140108438766
2023-01-01 13:34:00,1325.6651330266054,58.16491001532541,29.346099586774102,133.28887048319174,6.977162462069015,957.5069729607077,3208.9325701065222,10.477383680738296
2023-01-01 13:35:00,1326.0652130426085,56.787606934709096,31.669893916390087,131.5498830593355,7.30656369976388,960.6156444114432,3240.726595953001,10.500447902790654
2023-01-01 13:36:00,1326.4652930586117,56.16786312608914,31.47162298859813,131.01326518231315,7.369270162251538,959.2254976507378,3240.2535954009554,10.503572009574281
2023-01-01 13:37:00,1326.865373074615,57.29239206613145,30.82342862675171,131.83217907813892,7.107979563734709,954.2970145301003,3230.1896741680066,10.49985890172942
2023-01-01 13:38:00,1327.2654530906182,55.87729553509359,32.078223039345325,131.58304681546656,7.451972765695552,965.763252796489,3244.275589572829,10.509183174010568
2023-01-01 13:39:00,1327.6655331066213,58.01566735881753,30.63255039435575,132.6481538776427,7.096636924385396,961.8867013228504,3216.868161533004,10.478017185732389
2023-01-01 13:40:00,1328.0656131226247,58.136814001729284,30.172243273040916,132.31280423433537,6.759647839383419,959.682410223789,3207.095388526443,10.45353773941685
2023-01-01 13:41:00,1328.4656931386278,56.99560437675593,31.999841248816416,131.98812314558808,7.241091002694819,963.0811980209455,3248.2793698691735,10.523606663884689
2023-01-01 13:42:00,1328.865773154631,59.25706567183058,29.83143535848363,133.28097607391217,6.988786484885043,955.0828873497017,3206.4340495572037,10.442576078421979
2023-01-01 13:43:00,1329.265853170634,57.962699417153004,30.062029237441,133.45331467350334,7.048873989114294,954.8256662328856,3214.1240499087958,10.45888905220554
2023-01-01 13:44:00,1329.6659331866374,56.69077377749679,31.40863666603106,131.79332676776318,7.296458234995461,957.0633550555297,3242.632686383676,10.497160287688896
2023-01-01 13:45:00,1330.0660132026405,57.69628776863776,30.74676234339402,132.80138010113953,7.099254809228527,958.7351965078087,3230.186353932378,10.457142379859855
2023-01-01 13:46:00,1330.4660932186437,57.67854988689112,31.14892315934999,131.93716889960092,7.358079870685995,960.4302295480142,3225.312341987076,10.472984794425992
2023-01-01 13:47:00,1330.8661732346468,58.08195554063683,30.9985404183114,132.6825633680129,7.20254376836595,950.497887460667,3220.34463821944,10.493463452632772
2023-01-01 13:48:00,1331.2662532506502,57.5221529317737,31.383783171621644,131.77411717642042,7.201014821565716,953.8798627977407,3212.123988265825,10.485884741055802
2023-01-01 13:49:00,1331.6663332666533,57.40562957056638,30.392339673377297,133.4080270752624,7.003071232244187,951.0029149079838,3205.5396962061955,10.464764160401057
2023-01-01 13:50:00,1332.0664132826564,56.92597818371851,31.231214753596813,130.667203351773,7.023173741176823,960.609623844151,3237.438016368755,10.48101470882028
2023-01-01 13:51:00,1332.4664932986598,57.23989162740683,30.574423991901565,132.84946419824814,7.328287165580543,953.1663739647454,3224.975758519692,10.49269101763924
2023-01-01 13:52:00,1332.866573314663,58.9116514270275,29.86016731955844,132.26532339967372,6.8597971238970326,950.0335679842682,3191.813148600441,10.467950580142247
2023-01-01 13:53:00,1333.266653330666,56.549906120121804,31.208980130192046,130.08959321594372,7.364816410086949,962.6580028407955,3281.3205154679354,10.50603766935827
2023-01-01 13:54:00,1333.6667333466694,59.41400742407908,29.86654476809539,132.6757820075802,6.992406410943398,947.8492886254506,3203.347553889214,10.438889869109163
2023-01-01 13:55:00,1334.0668133626725,56.876950342660486,31.136468371507824,131.5901470211973,7.28323973274259,961.7991838042426,3249.206514038794,10.48287186034045
2023-01-01 13:56:00,1334.4668933786756,57.72361890139914,29.974548702513694,132.54500414216022,7.159821644192772,957.939543905138,3209.4158282675508,10.49178585526364
2023-01-01 13:57:00,1334.866973394679,58.07600883836113,30.381862262070513,132.81403510684711,6.914784876455485,948.6011657491147,3213.034502603545,10.481922732416969
2023-01-01 13:58:00,1335.2670534106821,58.48164542101455,29.893277266584587,132.75172629532685,6.857424412923969,949.1566265711717,3190.7230708662123,10.478296318119266
2023-01-01 13:59:00,1335.6671334266853,60.46784813874451,28.58254455468306,133.98946052934858,6.767807499894935,946.755925246372,3172.098409634252,10.43370487534853
2023-01-01 14:00:00,1336.0672134426886,57.618497698881114,30.857724293657576,132.18709180854208,7.0733755916121845,959.8845537478007,3221.268528388116,10.476045212820495
2023-01-01 14:01:00,1336.4672934586918,59.0647715870613,28.84869102522647,133.3207057136634,6.873791706569032,950.7242150725478,3197.2905038752565,10.451643155480038
2023-01-01 14:02:00,1336.867373474695,57.381932543327906,31.033967473802516,132.83452708774342,6.892662623306236,953.6297850227452,3216.2889001757053,10.474528482302553
2023-01-01 14:03:00,1337.2674534906982,59.33642690694493,29.497239242612036,133.5610391761491,6.912288066750644,944.3318231099382,3185.5291593758184,10.430498468730043
2023-01-01 14:04:00,1337.6675335067014,58.169177111089326,30.280633749048498,132.47048100204725,7.10437306442543,956.6457853060501,3216.387127967892,10.468451796113175
2023-01-01 14:05:00,1338.0676135227045,59.07654543190667,29.324366895169554,132.72204751178265,6.909142319136993,950.0920854738936,3187.2504098782247,10.438214179051558
2023-01-01 14:06:00,1338.4676935387079,58.089201288465354,30.178527234956892,133.2961328500929,6.942474165538255,956.4196014482483,3209.1297600948715,10.466450439172108
2023-01-01 14:07:00,1338.867773554711,59.269352265506576,29.808190691554636,133.39632698945852,7.01064130858078,953.2447890460577,3203.0878818812066,10.445464225038789
2023-01-01 14:08:00,1339.2678535707141,57.367404058182814,30.390927066159577,132.54913626609215,6.953858227704116,953.3354233252492,3224.5927666189755,10.490730365540049
2023-01-01 14:09:00,1339.6679335867175,58.877099531040386,29.64233654301041,133.11553458557995,6.8580730368022556,954.0762207081399,3185.8346424491833,10.459558434897003
2023-01-01 14:10:00,1340.0680136027206,57.327562609072416,30.8477455619622,132.177599741577,6.965283829723745,954.2279665537785,3214.1667513858793,10.465821375340228
2023-01-01 14:11:00,1340.4680936187237,58.31833279827751,30.205939732968446,132.35708756587766,6.921310422056088,954.4366467200053,3205.0792270816405,10.476946594897052
2023-01-01 14:12:00,1340.8681736347269,56.57857955826907,30.661117015046976,132.66729238104693,7.034303864057525,960.1157473151505,3221.9475099954566,10.496481883466307
2023-01-01 14:13:00,1341.2682536507302,59.00754355851151,29.467812457451725,132.9364237412618,6.867095237499999,949.6718067901028,3203.585491890549,10.45155365528501
2023-01-01 14:14:00,1341.6683336667334,57.50839688230724,30.84529664057275,131.74814571734524,7.156760652587481,954.9562785950536,3196.4760738602295,10.478822865879664
2023-01-01 14:15:00,1342.0684136827365,57.221571596560686,30.991846416715966,131.62314423132682,7.007062764669677,956.3096070788077,3227.9657228530405,10.495160379102808
2023-01-01 14:16:00,1342.4684936987396,57.8460450971222,30.91287094029921,132.55024700403598,7.427755182614356,953.7399611632504,3224.440164933584,10.493409727321586
2023-01-01 14:17:00,1342.868573714743,58.68200734629791,29.815857498690974,133.4389535527579,6.861226934214536,951.1479925183062,3189.927590372725,10.456425818650086
2023-01-01 14:18:00,1343.268653730746,56.40726808765448,31.301636790500012,131.91973922543377,7.233077716338542,958.2390250476874,3223.20583112938,10.497926462566939
2023-01-01 14:19:00,1343.6687337467492,55.935881083514815,32.03959381821561,131.15641746035385,7.194164188649216,957.8609428941065,3240.832618085807,10.511764345721287
2023-01-01 14:20:00,1344.0688137627526,58.12964489056957,30.62755625869794,132.63019570922825,6.936007266199713,954.3381384208451,3220.6879957295746,10.476075925716785
2023-01-01 14:21:00,1344.4688937787557,58.43591117660857,29.468800955836215,133.44058182761398,6.850193508571371,950.8524576311496,3208.62803119563,10.46101012754238
2023-01-01 14:22:00,1344.8689737947589,59.00243602335654,30.158893484172815,133.06066097217342,6.992222832863789,952.4558466487141,3190.7115422933944,10.432920292017878
2023-01-01 14:23:00,1345.2690538107622,57.49987088358778,30.70291211799143,132.77063020580601,7.191105820174304,963.12995327838,3244.663854122308,10.494532727822586
2023-01-01 14:24:00,1345.6691338267653,58.5293458721941,30.13418035860067,133.41828264524375,6.836544430863038,948.8578407830204,3206.2332173253,10.456499135992454
2023-01-01 14:25:00,1346.0692138427685,56.90567343449415,30.538281445385817,132.1567781383571,7.1534341101047225,954.9776600508743,3202.6727562470846,10.477413403439757
2023-01-01 14:26:00,1346.4692938587718,56.87510941662522,31.66987605152161,132.85587713714145,7.208451024246648,956.0548009597047,3231.532552814287,10.4712706056827
2023-01-01 14:27:00,1346.869373874775,59.86876167998506,29.669002329679504,133.17798323647233,6.993325182579038,948.2855137687176,3205.1113716888963,10.449512680533996
2023-01-01 14:28:00,1347.269453890778,59.662385528138714,29.09544653938268,133.06660065396815,6.59074383013393,946.9179719106027,3184.5583389297003,10.437931857300217
2023-01-01 14:29:00,1347.6695339067815,56.99246014686027,31.058444499236522,132.1761337823753,7.201669857949497,956.8139423051936,3220.2500319718697,10.483712270385883
2023-01-01 14:30:00,1348.0696139227846,55.78226651414595,31.332960233439795,131.15619192694956,7.435369881396069,960.5882500720495,3250.4099311656337,10.498077279342981
2023-01-01 14:31:00,1348.4696939387877,57.80100112433423,29.78925619888037,133.17001533016378,6.852953702811395,946.6635337430282,3193.962100387638,10.462878554619518
2023-01-01 14:32:00,1348.869773954791,57.47183161867614,31.42657828230225,132.73778049802905,7.382275132855744,953.413789092604,3213.704334558599,10.477633835448888
2023-01-01 14:33:00,1349.2698539707942,56.60295428689531,31.00424516462666,131.76874887786002,7.238249195224648,959.8170373180922,3227.4221338943316,10.496548102670245
2023-01-01 14:34:00,1349.6699339867973,59.00611549917832,29.796244553495672,133.43424935724508,6.688487161745464,945.8046932999332,3182.343705776319,10.434023046295428
2023-01-01 14:35:00,1350.0700140028007,58.40372866070328,29.79579480449633,133.05294537467702,6.917955344154404,949.659644793261,3206.147715345158,10.463515086825973
2023-01-01 14:36:00,1350.4700940188038,59.848324254363675,29.189795320891754,134.4066380508376,6.754663126175007,946.9485020672989,3189.0499460876285,10.435595517441248
2023-01-01 14:37:00,1350.870174034807,59.32876405134889,28.923347951351424,133.61948488014917,6.777904038946318,946.9649377237695,3178.402199685587,10.43868235818881
2023-01-01 14:38:00,1351.27025405081,60.83195097665482,28.957461969804346,133.0835687303601,6.52496717474489,953.8740681087876,3145.143798214468,10.433271303644627
2023-01-01 14:39:00,1351.6703340668134,58.58573238855681,29.95149175007028,133.30243186107646,6.870602653932113,946.8460075497213,3184.55078525659,10.437427833635656
2023-01-01 14:40:00,1352.0704140828166,57.54179036231264,30.22227854592519,132.12453545071043,7.137637811917275,959.6992885190589,3197.017598414438,10.490639510503213
2023-01-01 14:41:00,1352.4704940988197,57.86026491915734,30.096870275149413,132.78363324984318,6.891404706702856,955.9397430339806,3206.591009978585,10.451887002021616
2023-01-01 14:42:00,1352.8705741148228,58.556737112227516,29.43003290977034,133.0232606442938,6.992376697049039,944.6400062813624,3196.2929264396034,10.454367394218778
2023-01-01 14:43:00,1353.2706541308262,59.32301466212212,29.30655975043866,133.0605643284398,6.81931244374511,953.9461847512955,3194.1047747970747,10.46320436071532
2023-01-01 14:44:00,1353.6707341468293,58.166108878108645,30.08907498746789,132.14998611836958,6.962800607261431,953.1939261925519,3231.9575305414382,10.486506935614363
2023-01-01 14:45:00,1354.0708141628324,57.98586173957435,29.8380741787881,132.92626007865104,6.953399026916401,945.0235395007355,3195.099106112087,10.44731920005121
2023-01-01 14:46:00,1354.4708941788358,60.584696755297095,27.66043612511001,135.43708712513086,6.4875726429137845,943.3359058868047,3144.2220242507055,10.412010992750822
2023-01-01 14:47:00,1354.870974194839,58.58401175085532,29.50568034102669,133.3808781099049,6.850206374860004,954.7639677780601,3185.8672661663113,10.429800988185631
2023-01-01 14:48:00,1355.271054210842,56.68087417708902,30.694249967890308,131.2756095559687,7.126836845163108,954.2722396455213,3223.034256915945,10.496963241419238
2023-01-01 14:49:00,1355.6711342268454,56.60971836630997,31.102143970031715,131.94544682116847,7.165845852575631,956.308081296574,3212.5483540218797,10.467360924687208
2023-01-01 14:50:00,1356.0712142428486,58.0573135983388,29.52144052862068,133.892744375849,6.850289427175127,951.3931539022864,3204.095898457663,10.451259135683408
2023-01-01 14:51:00,1356.4712942588517,56.700019873213975,31.16874767356897,131.55107795879832,7.118111074108825,955.2228330533337,3245.9965554592413,10.500945240078376
2023-01-01 14:52:00,1356.871374274855,59.18009495403688,29.420217818219797,133.5880083803963,6.671576821533509,945.0048229145476,3186.3510723595773,10.42305966554271
2023-01-01 14:53:00,1357.2714542908582,58.581464500532675,29.45539496936504,133.56700064747722,6.834501906949742,951.5241819849456,3209.391460938807,10.442127409002701
2023-01-01 14:54:00,1357.6715343068613,59.2960543919702,28.61402502310737,133.9520860599175,6.724122164920382,946.9210567000946,3171.79674618846,10.431800964374325
2023-01-01 14:55:00,1358.0716143228647,58.234282713281466,30.098237450441665,132.52232627115043,7.030177253547172,955.9864625923935,3209.114093037383,10.463895693891969
2023-01-01 14:56:00,1358.4716943388678,58.73717372018794,29.245262704273397,133.5833924222328,6.840744351970357,950.7171292863186,3186.1661435532533,10.436453514255353
2023-01-01 14:57:00,1358.871774354871,58.580509266050356,29.064987190311097,133.89644137031118,6.69535430870177,945.5451564482797,3183.123156299867,10.40897827821741
2023-01-01 14:58:00,1359.2718543708743,59.57227016054181,29.095899160520464,133.78238964444247,6.709493315860131,947.372931825483,3196.071723177455,10.42723734201658
2023-01-01 14:59:00,1359.6719343868774,57.58841248619282,30.217731125364242,133.53298188704053,6.952319834732844,956.4838425315525,3214.53612674062,10.480029860465544
2023-01-01 15:00:00,1360.0720144028805,58.27314881754517,29.50298819643561,132.84779349101487,6.852606627250392,947.5955357263283,3201.3957273244573,10.463770488467995
2023-01-01 15:01:00,1360.472094418884,59.699754084835476,28.970637517292992,134.85222548998527,6.775214910054458,943.4773463036078,3195.130650863022,10.432800819461953
2023-01-01 15:02:00,1360.872174434887,59.67482462792881,28.672333386039753,133.53478927376764,6.8234076502123955,942.4531268693712,3164.0483807480705,10.432621387831627
2023-01-01 15:03:00,1361.2722544508902,58.39200492278143,29.817203102350202,132.84540460173187,6.690567854187288,946.1589354308942,3210.8042450364856,10.44555845522187
2023-01-01 15:04:00,1361.6723344668935,56.43764806670662,31.883326975204103,130.9875765576863,7.203211770526075,959.4749700153055,3240.9708016919203,10.506114720125124
2023-01-01 15:05:00,1362.0724144828966,57.25703540460586,29.740839828414817,132.46213672813684,6.847016189176941,955.04047896603,3205.6922626943974,10.447266765553579
2023-01-01 15:06:00,1362.4724944988998,58.37755458786399,29.137048857442647,134.26344015426446,6.881488819454337,942.7338972825196,3174.248787763621,10.444523375369235
2023-01-01 15:07:00,1362.872574514903,56.57079768762316,31.533465585494543,131.74265569143716,7.223255043324491,959.0403970162139,3226.6158083330265,10.488602247104323
2023-01-01 15:08:00,1363.2726545309063,56.36572013669248,30.59962855719871,130.9166598334394,7.1757860257407415,960.4422272620518,3234.3200406694273,10.4935580631239
2023-01-01 15:09:00,1363.6727345469094,56.73002040802158,31.150316611202758,131.55390173746198,6.98441324502223,957.5036162519235,3220.6065266113505,10.48452223228439
2023-01-01 15:10:00,1364.0728145629125,58.692666869122746,29.95371080469321,132.30421925509052,6.8263835934822845,950.3715774332447,3195.5864932176205,10.454434091785014
2023-01-01 15:11:00,1364.4728945789157,58.649663733709474,30.193688085185805,132.93753697695726,6.778386833401478,946.6897449587267,3207.3976213880496,10.469832419943366
2023-01-01 15:12:00,1364.872974594919,56.98172700342389,30.258301842590683,132.48235585363918,7.095593985047287,953.9330170508167,3218.063015000028,10.475557914625638
2023-01-01 15:13:00,1365.2730546109221,58.86309927389152,29.840523674892932,133.24375399949056,6.823791296732884,948.285636856176,3187.1554533957556,10.456290060292167
2023-01-01 15:14:00,1365.6731346269253,58.24651628171786,29.422836267391883,134.17374638773344,6.858616349625835,949.0550621197798,3177.438707137876,10.454646049632798
2023-01-01 15:15:00,1366.0732146429286,55.676417167183324,31.521876142117172,131.09016081416146,7.482386340323692,960.9784285792449,3244.733373135153,10.500715350308539
2023-01-01 15:16:00,1366.4732946589318,57.7705148774193,30.25038167773025,133.483006182292,6.774011955694797,949.0469519855578,3191.370095529816,10.440460256723977
2023-01-01 15:17:00,1366.873374674935,56.64610470251864,31.495723805626955,131.44900324488808,7.170683050546296,960.416194504025,3233.414265214312,10.500073308882673
2023-01-01 15:18:00,1367.2734546909383,59.655992812804655,27.570518276748302,135.22435250451608,6.432461165531835,942.8890886154848,3164.688638955488,10.392838028261604
2023-01-01 15:19:00,1367.6735347069414,57.9510081346068,29.79429341927013,132.47855254889834,6.876816766386885,952.2669650059903,3197.1058813547806,10.467057911514988
2023-01-01 15:20:00,1368.0736147229445,59.75727329308078,29.172572212185525,133.34656612499174,6.6729498013648145,949.7981153705848,3182.3912809596973,10.450434279483801
2023-01-01 15:21:00,1368.4736947389479,57.497078431902175,29.312815820092023,134.30333907082542,6.742536621409377,950.9313350876422,3216.62538598786,10.434065616570878
2023-01-01 15:22:00,1368.873774754951,58.61010360620962,29.170541317068377,133.3533581553903,6.791012498518091,943.4538737407912,3179.2529119409764,10.443387340817706
2023-01-01 15:23:00,1369.2738547709541,59.78262733188056,28.84222016269486,133.66288329915974,6.653932474455842,949.0730181088966,3153.2658181556667,10.418345895723686
2023-01-01 15:24:00,1369.6739347869575,58.22419496501426,29.758308109131782,133.44517087500495,6.65583402904383,947.6978706562171,3194.159762430539,10.455828956094454
2023-01-01 15:25:00,1370.0740148029606,61.115206589486164,28.08712226148941,135.67599846616002,6.391285508996846,936.1918170985973,3148.114262983207,10.387035269983611
2023-01-01 15:26:00,1370.4740948189637,57.77323187850962,30.62963663464987,133.33088415830193,6.750941458408375,952.9368697096315,3202.967080334139,10.461167736354591
2023-01-01 15:27:00,1370.874174834967,59.12677680430136,29.105206503472,133.98453987681268,6.75670696661909,945.7810054272403,3169.829480144554,10.42880958782676
2023-01-01 15:28:00,1371.2742548509702,58.57078563434087,29.020257309835603,133.45924247071798,6.640005927193836,948.1978764662266,3159.9871179256306,10.412882009932254
2023-01-01 15:29:00,1371.6743348669734,59.10110546389869,28.723488629325658,133.99297513090139,6.87935547850381,944.719009375016,3195.2696193692545,10.433233359562093
2023-01-01 15:30:00,1372.0744148829767,57.39284343693102,30.19569951149299,132.6490342458293,6.959206951345441,952.3063794280753,3210.7186369945775,10.47440699868944
2023-01-01 15:31:00,1372.4744948989799,58.09240135681911,30.11192778625353,132.65191877522804,7.018767111754738,951.034653986131,3207.720036735451,10.46320084461469
2023-01-01 15:32:00,1372.874574914983,60.480950420351014,28.295247626608532,134.20991916202726,6.52864212871193,942.8502353846666,3138.992732073811,10.401247480736611
2023-01-01 15:33:00,1373.2746549309861,59.522260074144825,28.47877266013616,133.9520221691453,6.8744316080173675,943.583172263211,3169.063774398204,10.414534601329148
2023-01-01 15:34:00,1373.6747349469895,58.13108048693468,29.26971984576766,132.9102844268575,6.763729182042362,950.4881437696127,3186.6542429693186,10.431947590306294
2023-01-01 15:35:00,1374.0748149629926,58.30328520695209,29.00875428320896,133.47340038346275,6.608074975537655,943.1172305605008,3197.5149352716903,10.447062897462503
2023-01-01 15:36:00,1374.4748949789957,58.570479074842304,29.187091660376808,133.8135557297086,6.602891173109986,949.8558255553938,3171.8696389328843,10.416780374625885
2023-01-01 15:37:00,1374.8749749949989,58.52409490807905,29.503710198301516,134.1530192558108,6.893740611268689,952.6086954958282,3195.5070112824665,10.44366566769012
2023-01-01 15:38:00,1375.2750550110022,59.58929550155698,28.256416326581757,133.84871102118183,6.554688729408376,943.8544933760285,3147.1155709285863,10.39843778070095
2023-01-01 15:39:00,1375.6751350270054,58.956995983495176,28.9878925894286,133.9634815342387,6.733348518849191,945.9675768306,3178.9822907864013,10.434633523222596
2023-01-01 15:40:00,1376.0752150430085,59.30890558598164,28.762040035855097,134.3548446875501,6.76742868836727,951.1564948193572,3187.125789872694,10.410897858389848
2023-01-01 15:41:00,1376.4752950590118,58.123553193411915,28.99698917679895,133.62937238315845,6.821116119401928,944.2900327456837,3186.6109792372813,10.426561755376683
2023-01-01 15:42:00,1376.875375075015,57.88953134671249,29.392523356811736,132.99450894459454,6.702871205431922,953.1691515960758,3194.373039657215,10.454124197539011
2023-01-01 15:43:00,1377.275455091018,58.604306314298526,28.72044203910984,134.711705570233,6.56775349326652,949.9397348435735,3162.9655271210304,10.434820922949292
2023-01-01 15:44:00,1377.6755351070215,58.627114410833755,29.443660684318818,133.0430058069356,6.781045882552144,944.4750208586038,3182.929497075673,10.439891291353533
2023-01-01 15:45:00,1378.0756151230246,60.55656183527249,28.23576212980384,135.54873367115673,6.517289853653152,943.8484062269266,3149.108925061208,10.410682906807226
2023-01-01 15:46:00,1378.4756951390277,57.58717711336367,29.91749420649544,133.4348681368954,6.84710920606321,952.6604816486383,3194.3748117111113,10.459299077037567
2023-01-01 15:47:00,1378.875775155031,57.17067693651814,30.27790768896881,133.15031336396805,7.125915424159232,948.3284926975738,3231.298100685236,10.48592948478291
2023-01-01 15:48:00,1379.2758551710342,58.83188572460318,29.126758179498626,134.246400083212,6.6374593415676495,938.6257841123393,3174.014693701242,10.443449744327985
2023-01-01 15:49:00,1379.6759351870373,57.23214311796147,29.82264506945906,131.98735915461083,6.973051237320353,948.1426278587464,3219.2201067595943,10.456317323280114
2023-01-01 15:50:00,1380.0760152030407,58.43904083918923,29.587132295521467,134.04577225311098,6.804967938158895,946.4594065779464,3170.408574743092,10.442744241170026
2023-01-01 15:51:00,1380.4760952190438,58.5478153051275,28.747795872617925,133.33672100549575,6.537257473234133,948.3137554189,3186.7000778819793,10.42851375351307
2023-01-01 15:52:00,1380.876175235047,58.50325366293737,29.47558677920199,133.58006531201914,6.735425053232929,949.0812636698876,3179.552671938599,10.441094756258918
2023-01-01 15:53:00,1381.2762552510503,57.343982272490315,29.616155218470443,133.98161533381852,6.641656280618595,950.548211581001,3189.1221926278376,10.439021578231866
2023-01-01 15:54:00,1381.6763352670534,58.87786998024629,28.61829844933101,134.1423340522469,6.616935413762963,945.8496742681332,3167.0962816287747,10.413099626998095
2023-01-01 15:55:00,1382.0764152830566,59.3693529854344,29.12604727845434,134.05527572244236,6.746458732813332,942.6155311113279,3196.2541871233984,10.43026735137426
2023-01-01 15:56:00,1382.47649529906,60.852529560033105,27.541408993491594,135.5812324376203,6.308634161503016,939.2055572897334,3140.769331345475,10.410981302599172
2023-01-01 15:57:00,1382.876575315063,58.90856712848588,29.139778493751155,135.2882564008108,6.696362878909459,944.7297701145689,3158.6070931519366,10.423666626098772
2023-01-01 15:58:00,1383.2766553310662,60.012292988444074,28.319315597916564,135.4708981484279,6.493291439622328,942.1552202060393,3142.054926304747,10.39117799500701
2023-01-01 15:59:00,1383.6767353470696,59.033498717250374,28.147691557721707,133.2728380788264,6.512043765068107,943.7017360275942,3156.6495039084307,10.422571620353276
2023-01-01 16:00:00,1384.0768153630727,58.36348083636177,29.119213681108963,134.45573332542938,6.755651991508836,950.1073811908747,3188.413236696953,10.451182442758258
2023-01-01 16:01:00,1384.4768953790758,58.65074850784135,29.4979502430255,133.83686633882846,6.694919030910605,949.885042514052,3175.4302197578763,10.437292830997237
2023-01-01 16:02:00,1384.876975395079,58.24530686051267,29.375410944808596,133.89134382764922,6.771036546738564,945.222956645841,3185.4229048673074,10.43828694136332
2023-01-01 16:03:00,1385.2770554110823,58.45752333591789,28.768436923833757,134.42391970064511,6.516050831366066,943.0978677788871,3178.05552053736,10.432596453230758
2023-01-01 16:04:00,1385.6771354270854,58.372751749258434,28.570918308500442,134.8134916410746,6.64115003244043,940.1368103816764,3154.865203189654,10.413121594195752
2023-01-01 16:05:00,1386.0772154430886,59.763830256974806,28.558803235953974,133.94037117385284,6.580385803451496,948.5540189554405,3172.634539401014,10.41828061270461
2023-01-01 16:06:00,1386.4772954590917,57.827740847949855,29.237002032199936,133.28057876649598,7.0503941879272745,947.8867381111921,3180.950035824851,10.445652965807778
2023-01-01 16:07:00,1386.877375475095,59.331229790830925,28.787122297852036,134.626487216777,6.544917299449459,942.5593396113242,3180.166342309667,10.412053886073219
2023-01-01 16:08:00,1387.2774554910982,58.21075232094378,28.93056080436277,134.36188577796,6.688797565931193,944.3907921661822,3176.034149526009,10.43198659643932
2023-01-01 16:09:00,1387.6775355071013,56.882166870758155,30.09240379880203,134.10874192897353,7.152452642665837,948.3602724625401,3219.6367611032083,10.450651916954792
2023-01-01 16:10:00,1388.0776155231047,60.16575904667287,28.84958611864828,135.12030518400852,6.530587200511014,943.3266028892547,3145.489139512687,10.39755182804144
2023-01-01 16:11:00,1388.4776955391078,59.79010348403575,28.712825327774254,134.87078346314246,6.389787196598763,941.0652245968122,3148.7999664744316,10.410615812803472
2023-01-01 16:12:00,1388.877775555111,59.54003035458677,27.94983654623248,134.3131993599979,6.296623467227785,939.9545098438336,3158.596076210388,10.397418033195748
2023-01-01 16:13:00,1389.2778555711143,58.79153425788694,29.056861407541444,133.9398534903247,6.688155297248583,939.4593440484076,3159.2155279195817,10.413043061340936
2023-01-01 16:14:00,1389.6779355871174,57.25124223953426,29.605903856765206,132.91341519934286,6.8062894528044104,950.9070559113031,3181.859871107533,10.446593085277078
2023-01-01 16:15:00,1390.0780156031205,59.479896315946284,27.93187694042434,134.59091014461526,6.533955911804836,940.1431249233533,3169.803918698866,10.415572582468457
2023-01-01 16:16:00,1390.478095619124,59.91919144127406,27.685210346373328,134.6741190772278,6.5408631490964995,939.5091047211704,3158.1846577511774,10.39397249309675
2023-01-01 16:17:00,1390.878175635127,57.39709724046156,29.721060458766054,132.7757277415204,6.814195531482913,949.9128881539896,3209.292970003426,10.452043292657194
2023-01-01 16:18:00,1391.2782556511302,59.56912987024924,28.416564560896045,134.52790015906797,6.576843480964307,945.8557333702165,3165.900501928171,10.424114733152447
2023-01-01 16:19:00,1391.6783356671335,58.17532916620844,28.810651032964667,133.77233252486616,6.813138573692808,947.9053467575245,3169.7627317500005,10.438458889163348
2023-01-01 16:20:00,1392.0784156831367,58.98600872224002,29.289429544552526,132.62864886376568,6.7445134228662,949.0129097921408,3179.2159538272476,10.422899170370146
2023-01-01 16:21:00,1392.4784956991398,57.902963199445765,28.64898944932215,133.83038878758308,6.84211235669518,941.4801098470836,3166.146286581007,10.432658255644217
2023-01-01 16:22:00,1392.8785757151431,59.19280749135873,28.546856807017452,134.5769965643076,6.4692040113922396,944.2963160202477,3174.8911896623445,10.423957481497036
2023-01-01 16:23:00,1393.2786557311463,58.227484321365246,29.34519553727424,133.1624107739124,6.793004683492799,951.3427667313814,3196.6208368577613,10.442325828028718
2023-01-01 16:24:00,1393.6787357471494,58.73710704582415,28.442292067067726,133.94945665627338,6.696034215666891,944.7137487942576,3176.0901131297237,10.411341526096127
2023-01-01 16:25:00,1394.0788157631528,58.7832386678632,28.19910547408564,135.32597202972036,6.560231100433687,942.3356542381595,3169.798279488161,10.407765663444922
2023-01-01 16:26:00,1394.478895779156,58.328505297969166,28.917669412705425,133.6610132351456,6.753027337612035,946.6818879974846,3172.703392341436,10.41730276828546
2023-01-01 16:27:00,1394.878975795159,58.948550051228565,28.788968094426746,133.9405068025476,6.724288743905005,942.4146282704052,3189.710494326513,10.428986013427682
2023-01-01 16:28:00,1395.2790558111622,58.630232014563056,29.084433681063125,135.08870309120485,6.754875336063144,944.5480525579685,3165.63949548222,10.409176881746196
2023-01-01 16:29:00,1395.6791358271655,57.83687642662669,29.14626592294056,133.50878659050605,6.879540694281901,947.872292186791,3194.461540325829,10.440169472855903
2023-01-01 16:30:00,1396.0792158431686,58.85107552126913,29.399704960269457,134.0839618369826,6.764727539081926,947.9810877907594,3167.6680868165586,10.4288924547364
2023-01-01 16:31:00,1396.4792958591718,59.47190208853525,27.884501303191517,133.71510858295542,6.414088123641192,939.7941590971487,3175.543596371178,10.402340088233938
2023-01-01 16:32:00,1396.879375875175,58.20247699436085,28.735650098743026,133.99303383782885,6.790109398900673,939.754268104223,3173.3075541427593,10.436105534482913
2023-01-01 16:33:00,1397.2794558911783,59.71966826346831,27.554408905507923,135.35735905019322,6.416983909942893,938.3717250440645,3141.858372485742,10.389754881899833
2023-01-01 16:34:00,1397.6795359071814,59.969357566687705,27.324168072716137,136.41545783559963,6.408926354773457,942.2248867088488,3123.945857237581,10.370997340417867
2023-01-01 16:35:00,1398.0796159231845,57.86386537001839,28.585078458638083,133.39829852380467,7.039907637943772,947.0029308654066,3193.7615468390736,10.441856948089246
2023-01-01 16:36:00,1398.4796959391879,58.17578405506497,28.50403714471235,133.67743236653533,6.792402215182179,945.519826265424,3172.7672934985885,10.39755340419216
2023-01-01 16:37:00,1398.879775955191,58.460018754291866,28.958389111965463,134.25356856280553,6.679698714201496,946.4767227688047,3157.520938171564,10.414458049823251
2023-01-01 16:38:00,1399.2798559711941,58.80567012314937,29.08540697147929,134.6234096759649,6.3422880492690865,937.2884713012285,3154.8209007349074,10.403207309576892
2023-01-01 16:39:00,1399.6799359871975,60.6800454918747,27.129999284412452,135.61208300897252,6.54093526280656,937.30704663323,3129.0342089599258,10.359626810864714
2023-01-01 16:40:00,1400.0800160032006,57.80166554024436,29.57579340508922,133.98850174935825,6.920865848543273,945.3846505490935,3176.865678016342,10.427693470242557
2023-01-01 16:41:00,1400.4800960192038,58.828077926983745,28.21298753937883,135.30794860811955,6.539655008800711,944.7647253989919,3174.046117969705,10.409819219890274
2023-01-01 16:42:00,1400.8801760352071,59.273004295620844,27.780795442243644,135.28244602575637,6.504979265580135,935.3475844427556,3141.9330641138586,10.403216788784919
2023-01-01 16:43:00,1401.2802560512102,60.906566830626595,26.8543580396503,136.5747557380674,6.174740814941369,933.0304667063358,3111.375033004948,10.376408999397952
2023-01-01 16:44:00,1401.6803360672134,60.47284786562372,26.70823452349569,136.39228852594908,6.31511733886538,941.5418809649974,3124.266046204139,10.369860767158206
2023-01-01 16:45:00,1402.0804160832167,57.61220252145229,29.49862918071046,134.4882082857184,6.827636751913946,948.3877502304392,3187.4678048248197,10.43627782600589
2023-01-01 16:46:00,1402.4804960992199,58.847345849568626,29.017410729869404,134.63828220262567,6.726946642092121,945.3621725318562,3166.2321501290535,10.422827082607974
2023-01-01 16:47:00,1402.880576115223,58.96556026660186,28.023446313926758,134.5837354087412,6.472858624441756,942.1854879317566,3173.214815504883,10.392661436325666
2023-01-01 16:48:00,1403.2806561312264,60.00196423750886,27.460632875023666,136.0285935256235,6.505052034191116,942.4608374587618,3136.2248070303963,10.363619585239517
2023-01-01 16:49:00,1403.6807361472295,57.53153410981455,28.48755722589624,134.68994312975792,6.657182667384004,949.6389977918185,3201.8477382119136,10.432611054742118
2023-01-01 16:50:00,1404.0808161632326,60.53570734777703,27.3219496384787,135.38325971262609,6.33441459523468,936.7050339365226,3139.0891610749914,10.385185829310737
2023-01-01 16:51:00,1404.480896179236,59.43703235156897,28.105704325371878,134.97658876789822,6.506583527923646,942.6131756920516,3154.2930910446776,10.40260503606625
2023-01-01 16:52:00,1404.880976195239,59.2683393631119,27.772971105678373,135.12362587205308,6.423167407047282,942.9014747610743,3160.0218762045006,10.405837117621953
2023-01-01 16:53:00,1405.2810562112422,59.63589467446955,28.34207559797572,135.13254465350337,6.558781073506566,939.2610082127552,3154.125386630168,10.390002684921727
2023-01-01 16:54:00,1405.6811362272456,58.92897819189908,27.925979060762515,134.85419287495114,6.525149413463655,941.3181255729723,3168.2335987132733,10.411885101511253
2023-01-01 16:55:00,1406.0812162432487,60.52244534921104,27.3089359109089,135.47922231625535,6.2669760585496475,934.8316218422948,3118.46241097667,10.394391128693925
2023-01-01 16:56:00,1406.4812962592518,60.616488076160756,27.368527044714185,136.0061674294021,6.319410267821323,939.2068349009359,3131.447642464769,10.391052036535532
2023-01-01 16:57:00,1406.881376275255,59.390914910652135,28.251108216807825,135.9377426082718,6.427942740344379,936.2383711166227,3136.8172085028946,10.40421530285767
2023-01-01 16:58:00,1407.2814562912583,58.29909717964763,29.398729044354177,133.7857273748544,6.629965075939636,942.9601989284905,3184.3247346682356,10.43140656440481
2023-01-01 16:59:00,1407.6815363072615,58.2092468419808,28.852802712991014,133.94394463866524,6.506632554086849,947.8665785708673,3181.445522267178,10.406984922762035
2023-01-01 17:00:00,1408.0816163232646,58.60787826542621,28.604419031708876,134.8157991942972,6.667486818875595,943.9218734934246,3150.0418282625687,10.41168595023841
2023-01-01 17:01:00,1408.4816963392677,59.45484903458245,28.24479113826856,135.02250912415528,6.665680352964749,943.9188806177577,3142.6774100050698,10.40522915596796
2023-01-01 17:02:00,1408.881776355271,59.34498726733673,28.441404177530053,135.11818609673244,6.53429634406948,938.2814822406858,3136.113586937277,10.384156442743866
2023-01-01 17:03:00,1409.2818563712742,59.39757636388422,28.154223379157457,134.75933948510212,6.753810905408908,940.1017929030487,3168.652076541452,10.39991337094511
2023-01-01 17:04:00,1409.6819363872773,58.52960451437757,29.038382669313812,134.0480442767164,6.79684737906537,946.6210217279294,3166.507750600765,10.420688210857532
2023-01-01 17:05:00,1410.0820164032807,60.47615922293617,27.1384036359529,136.14503300453114,6.376080853625315,932.7795792723723,3124.9206773662418,10.379887113860109
2023-01-01 17:06:00,1410.4820964192838,59.86376791868012,27.629554966229858,134.60936287185663,6.295981001673805,935.0050043271896,3141.0798915299524,10.378396749578284
2023-01-01 17:07:00,1410.882176435287,60.684929876186246,27.318392158814554,135.06359308264155,6.280652094807093,938.4516400901467,3147.4373341864502,10.400696600278488
2023-01-01 17:08:00,1411.2822564512903,59.14489770222746,27.823826917903755,134.89178285258586,6.5042973774265835,940.3334158774435,3132.161035893666,10.395094439108663
2023-01-01 17:09:00,1411.6823364672935,57.936231458461975,28.233402859650823,135.03514091190613,6.563543899495996,936.6482841864099,3154.4126451048946,10.388504682447577
2023-01-01 17:10:00,1412.0824164832966,59.11878814834124,28.358155425694246,135.2017410456573,6.386746912687831,942.3315192090624,3162.051584572517,10.402946173733218
2023-01-01 17:11:00,1412.4824964993,60.27388558340681,27.52734477368468,136.30210548968628,6.283362151388307,936.1734961086012,3115.7651014266194,10.382015863110711
2023-01-01 17:12:00,1412.882576515303,59.021777600570495,28.271330228297973,134.3545438364451,6.596148582359424,937.9818101546342,3144.4595189585916,10.392541942725677
2023-01-01 17:13:00,1413.2826565313062,58.81464171914011,27.921297345340406,134.0796385132459,6.393442802796014,941.9121363275128,3163.5538620840275,10.387724796443642
2023-01-01 17:14:00,1413.6827365473096,58.029435027791884,28.486729932956624,133.59460529698777,6.73552442827442,943.5740594214358,3158.3721381040555,10.42922843701862
2023-01-01 17:15:00,1414.0828165633127,59.9794927996828,27.35888805577574,135.04194319096655,6.319257139932745,936.9109970991877,3145.642242271064,10.382016097986074
2023-01-01 17:16:00,1414.4828965793158,58.97226202501532,27.99019323871865,134.28332620015192,6.505605522226016,937.3005109045325,3154.900516020818,10.404218954415906
2023-01-01 17:17:00,1414.8829765953192,59.868619679993564,26.8527757046369,134.88481468416242,6.356258623156532,932.9958605549401,3153.086526676642,10.399165792929466
2023-01-01 17:18:00,1415.2830566113223,59.497174876692306,28.035606947956676,134.85593986353368,6.561969901193593,936.1528024986776,3150.949831919551,10.39142449114829
2023-01-01 17:19:00,1415.6831366273254,58.827811694078505,27.929025702884893,136.1071297497756,6.548166490077905,938.1126298840146,3148.1813762441266,10.393658565561791
2023-01-01 17:20:00,1416.0832166433288,60.32334116067969,27.287889324522858,135.1528342468866,6.290886131333227,932.0187162123292,3116.011534223131,10.355781115151345
2023-01-01 17:21:00,1416.483296659332,59.544033502228764,27.199380954916748,135.89707257504654,6.368818608881756,940.0411252756713,3118.674082997851,10.377968130414507
2023-01-01 17:22:00,1416.883376675335,61.48546526217799,26.457643673295724,136.11935998492746,6.134587765412948,934.2133172828378,3106.652151638204,10.369404298872144
2023-01-01 17:23:00,1417.2834566913382,59.18439425993242,27.560166240866813,134.73624659146262,6.632086903455688,936.2093326394631,3144.6600525177887,10.384446907851512
2023-01-01 17:24:00,1417.6835367073415,60.31044862308161,27.604559007047364,136.87948598184275,6.211047338326628,934.5544594438243,3124.924887417984,10.36190735188356
2023-01-01 17:25:00,1418.0836167233447,61.08005658430942,26.496267663981847,136.0693065099492,6.226140394450822,930.2023131137829,3104.4976232925123,10.368963890808118
2023-01-01 17:26:00,1418.4836967393478,58.707661499344674,27.829046512468416,135.0654215578824,6.562526995162337,942.2814557499341,3147.2997945729,10.38691977904161
2023-01-01 17:27:00,1418.883776755351,59.21657084278069,27.622433875116112,135.6192251336215,6.535724009526219,935.6844329276539,3135.9488627949568,10.393876011567311
2023-01-01 17:28:00,1419.2838567713543,59.866724755477755,26.533308258191646,135.9108586238374,6.085411792769365,930.8185026999735,3112.2684073087025,10.361524751617056
2023-01-01 17:29:00,1419.6839367873574,60.688905436188385,26.78763052611666,135.61452349270263,6.184178358231103,928.5856502085559,3093.132836565796,10.358104803902545
2023-01-01 17:30:00,1420.0840168033606,61.58799083558242,25.658201083482357,137.67790897788834,6.0831912520940294,926.2583849143475,3112.0370041195583,10.327251592535184
2023-01-01 17:31:00,1420.484096819364,59.47534031583368,26.894352707783632,135.79047938494554,6.150720473268311,931.9727476036591,3123.202911602581,10.346327062201343
2023-01-01 17:32:00,1420.884176835367,58.32484690073861,28.807444402982043,134.67386760832215,6.557692850814046,943.8169520452857,3176.6815842153733,10.417862359541024
2023-01-01 17:33:00,1421.2842568513702,57.60617038157185,28.2592832055108,134.2616882916627,6.75485330004085,945.4191532660432,3148.712711984772,10.4005855964084
2023-01-01 17:34:00,1421.6843368673735,58.05347445467668,28.15434991242343,134.5696238864923,6.493861365079976,943.7912326164951,3155.6006150859826,10.415700154820811
2023-01-01 17:35:00,1422.0844168833767,60.47377940913245,27.052509287403932,136.58043832474667,6.054206031965125,931.9776457736142,3104.4703007032094,10.365434635697254
2023-01-01 17:36:00,1422.4844968993798,58.515101501985185,28.168364090302425,135.45005617195352,6.6569146077682895,943.4663433511778,3140.6628564705316,10.373745886602169
2023-01-01 17:37:00,1422.8845769153831,59.52585733048893,27.409734067379432,135.67727606392341,6.446008412982054,937.8482429542836,3143.177762123284,10.386073409618824
2023-01-01 17:38:00,1423.2846569313863,59.06798362556847,27.968524467697044,134.9896692671505,6.367307914374957,938.762074011327,3141.047929820883,10.394451753670134
2023-01-01 17:39:00,1423.6847369473894,59.89654300047412,26.70899717589447,135.7245318474113,6.355448619463575,934.058319424908,3111.295023149588,10.358630946988903
2023-01-01 17:40:00,1424.0848169633928,61.26192111175071,25.591121231479782,135.8055776892024,6.156524684696694,936.737132662123,3117.312541171895,10.363248564520399
2023-01-01 17:41:00,1424.484896979396,61.302285259344174,27.44945638414484,136.2536095537058,6.260133187508262,931.4186263167538,3118.2636356610847,10.360673253797925
2023-01-01 17:42:00,1424.884976995399,60.64378426317991,26.31568093538028,136.71984989050642,6.076663171619149,929.6972597252663,3099.676714880433,10.338560792048087
2023-01-01 17:43:00,1425.2850570114024,59.50707236278853,27.4064974624403,135.72184392419854,6.575180538165779,935.678776804919,3135.325816286991,10.361987823569812
2023-01-01 17:44:00,1425.6851370274055,58.90461931798492,28.136686802830077,135.3899598226879,6.557968970636521,941.0824211645584,3141.268507453013,10.389583566659422
2023-01-01 17:45:00,1426.0852170434086,60.52505732854301,26.559497279734973,136.2837831992054,6.087924295123167,927.6541350736549,3094.402076238976,10.36071610380356
2023-01-01 17:46:00,1426.485297059412,59.12176263860296,28.046198860739416,136.16029343991192,6.4283368983143125,937.679434680226,3152.0563665460454,10.410012941879858
2023-01-01 17:47:00,1426.8853770754151,58.784202043977686,27.382753993553873,134.87392909285498,6.415837701289496,941.4863131095376,3150.577081844686,10.38106639622041
2023-01-01 17:48:00,1427.2854570914183,60.680020126921825,26.796409704543688,135.77371870166374,6.089502533860902,930.7447721838962,3107.2688837139153,10.364766228794034
2023-01-01 17:49:00,1427.6855371074216,58.84946340394289,27.894450427667017,135.3361572359843,6.37697138245602,943.3373351513815,3143.5770340431623,10.396701516700777
2023-01-01 17:50:00,1428.0856171234248,58.57536070576747,27.711329857558667,134.86610987075372,6.4834961164806675,945.5385865139425,3128.0503325354225,10.40150783397394
2023-01-01 17:51:00,1428.4856971394279,58.03701895499027,28.515521754515444,134.23010611921788,6.614831479947119,941.0400728929718,3140.8073052704976,10.398319797052164
2023-01-01 17:52:00,1428.885777155431,58.91822750602752,26.842896424253603,135.33023617478193,6.213027554332553,935.0747565161058,3127.001339067043,10.369331477526753
2023-01-01 17:53:00,1429.2858571714344,61.580774071942805,25.87334054226501,137.11327009883647,5.915726134654237,928.9269599186191,3099.80800246179,10.335510547700638
2023-01-01 17:54:00,1429.6859371874375,59.06299261968605,28.225374777500832,134.9734149069384,6.3832084451276,938.007813722053,3139.000579494453,10.392194737796927
2023-01-01 17:55:00,1430.0860172034406,61.25258590558808,26.541709681554533,135.90423958419206,6.233546571984115,929.8317388924294,3100.863928285617,10.333667545788984
2023-01-01 17:56:00,1430.4860972194438,59.70452293976323,27.179173923616727,136.0531154684585,6.175379753674662,931.5713845666672,3130.5621605545825,10.37327006187478
2023-01-01 17:57:00,1430.8861772354471,58.08426209328415,27.251906789566878,135.40948168533535,6.520949330110263,935.9108672257422,3152.5357430532954,10.397745059329585
2023-01-01 17:58:00,1431.2862572514503,60.839333838505425,26.18014309951628,137.63099154089838,5.8260955770023894,935.035934308471,3111.3805252868724,10.35248931266642
2023-01-01 17:59:00,1431.6863372674534,60.32437092033981,25.974414303391313,136.6472839068065,6.159178749572776,932.5890428816261,3118.690454134493,10.344609221488676
2023-01-01 18:00:00,1432.0864172834567,60.57487685141336,26.544920520454504,136.72449164095818,5.938864087161204,929.7607304734188,3101.1596860019527,10.372219851354497
2023-01-01 18:01:00,1432.4864972994599,58.63518674106589,27.06709409659844,135.8780353550099,6.349542868117905,937.0465765937508,3126.3555787916066,10.368874202782795
2023-01-01 18:02:00,1432.886577315463,60.42208719189431,26.797215457915907,137.27867322969064,6.170055842732276,932.813794582902,3099.6822559582347,10.34712943126544
2023-01-01 18:03:00,1433.2866573314664,61.17846804501831,25.314815199235372,136.8539980055998,5.958352326079351,928.1888054089685,3075.6676398125564,10.32617404496171
2023-01-01 18:04:00,1433.6867373474695,58.703783326545725,28.025545148887858,135.34709948971187,6.44352810749604,943.2586335746487,3139.412835842045,10.398430622319905
2023-01-01 18:05:00,1434.0868173634726,63.08358225493013,24.790891510795195,138.50369378402507,5.6586789064806435,918.5155467045896,3049.055746170245,10.29889721250151
2023-01-01 18:06:00,1434.486897379476,59.00915682993865,26.503576036454522,136.02179325388903,6.3803129280638755,932.9818084014611,3124.540548566775,10.37658490295097
2023-01-01 18:07:00,1434.886977395479,60.79664430300123,26.816037343813147,136.32372860241975,6.207586429321728,934.0699728940006,3107.2920519094646,10.359552485855614
2023-01-01 18:08:00,1435.2870574114822,60.48377029007147,26.898713207444647,137.06877710332253,6.177704463671897,932.9775702777348,3106.902883174887,10.385363287312206
2023-01-01 18:09:00,1435.6871374274856,58.18185120010588,26.98783898289574,135.86242228820547,6.451010835108976,936.1022301859739,3148.019974802218,10.375350497090421
2023-01-01 18:10:00,1436.0872174434887,61.448132175870434,25.616120291975587,137.70931624039056,6.0048386488888985,923.0612864169892,3089.2012867788667,10.327886629095836
2023-01-01 18:11:00,1436.4872974594919,60.58411602495531,26.727097728252915,135.7049349987481,6.266396313816356,930.8040867552038,3129.7892898141617,10.373693759446512
2023-01-01 18:12:00,1436.8873774754952,59.70350456678928,26.64210341601143,135.98156507820474,6.306664670417144,939.1902159477589,3123.2798694170947,10.369299625487832
2023-01-01 18:13:00,1437.2874574914983,60.18224091055668,26.48085179407078,136.5220377523023,6.1690473909658206,934.5973391712097,3093.0616121480366,10.346200931751616
2023-01-01 18:14:00,1437.6875375075015,59.56541494652455,26.613755197344318,136.0660425355102,6.249295093366669,935.8145764799706,3130.0441834624007,10.370165610544708
2023-01-01 18:15:00,1438.0876175235048,60.696662838066636,26.697985427228005,136.99856983464628,6.240722961720954,929.2983398877262,3115.5551145859185,10.35485450339986
2023-01-01 18:16:00,1438.487697539508,57.82313595868704,28.093189214465692,135.0068476235448,6.669982743198332,939.2958692767048,3151.661455842377,10.40611361767421
2023-01-01 18:17:00,1438.887777555511,61.47925368335257,25.769509605933823,136.5303148386279,5.993315676406612,925.8375170507496,3089.0005348207956,10.346352357579708
2023-01-01 18:18:00,1439.2878575715142,60.17353168767148,25.983580819641077,135.6370702626407,6.058896972793989,937.9003959882073,3108.9136299440447,10.351242729292759
2023-01-01 18:19:00,1439.6879375875176,60.163975784710985,26.155157791324115,137.41048130074992,6.260330046554751,931.5214291823459,3096.8992974621283,10.35392498914848
2023-01-01 18:20:00,1440.0880176035207,60.34590282581003,26.036601080801574,135.56985563340473,6.1719312773951875,932.0695972193253,3118.66235015383,10.373394337327468
2023-01-01 18:21:00,1440.4880976195238,61.23256601962522,27.031740545276076,136.32536663274132,6.24057582338059,927.2483635181744,3108.759646371921,10.350561325352485
2023-01-01 18:22:00,1440.888177635527,59.79784800338856,26.63725971443047,136.80077039850073,6.408153846327314,936.9466588444341,3106.8725801105497,10.362031426953168
2023-01-01 18:23:00,1441.2882576515303,59.82710288049482,26.427451729871695,135.76659897229374,6.36571648724543,932.4670402288735,3120.4349579253444,10.361534536927383
2023-01-01 18:24:00,1441.6883376675335,61.31344225077954,26.093718516145575,136.74015453151011,6.066560256289238,926.289738143048,3090.502034440406,10.33774505106
2023-01-01 18:25:00,1442.0884176835366,59.71765001354816,26.681992349492717,136.22136111688434,6.148776197082984,930.1524324309493,3110.0723137993787,10.383532117328057
2023-01-01 18:26:00,1442.48849769954,58.9897619354965,27.257988155959836,135.6004271034487,6.49395500238551,936.1655401838686,3130.7581361709354,10.402384747667101
2023-01-01 18:27:00,1442.888577715543,58.60997741136954,27.505554600349942,135.50852011824426,6.4088046590127625,936.3322408057724,3130.866086553767,10.393157252951545
2023-01-01 18:28:00,1443.2886577315462,59.75061109175287,26.969659438479525,135.83411559965623,6.211867477240591,929.108411124854,3111.9933580833426,10.37497906970306
2023-01-01 18:29:00,1443.6887377475496,59.687927586186134,26.506444706381316,137.115287440679,6.35637912141008,930.9419526621123,3102.187570073362,10.345322782373085
2023-01-01 18:30:00,1444.0888177635527,60.31487612069875,26.741537324124263,136.56148939616529,6.038962078802863,930.7155928686591,3125.563490573621,10.359187822895287
2023-01-01 18:31:00,1444.4888977795558,61.19456718341085,25.319444434461815,137.11998667112078,5.887191062634563,922.8143934658593,3068.128468898553,10.328414677270237
2023-01-01 18:32:00,1444.8889777955592,61.06164810554922,25.31574864681521,138.18832850611545,6.100172212378076,929.058387465919,3080.906071976697,10.340748129506716
2023-01-01 18:33:00,1445.2890578115623,59.91312672834001,26.5633609695726,137.24577833898832,6.119840152387248,931.07644662821,3104.2933240801235,10.351318057844866
2023-01-01 18:34:00,1445.6891378275654,62.51585561121553,25.06126361517766,138.23466994680558,5.802568830744116,917.5088562875718,3058.7091264919823,10.306860066912808
2023-01-01 18:35:00,1446.0892178435688,61.38061106117354,26.23870424758461,137.003673333405,6.135779368822635,925.9368338825699,3092.495613171475,10.355485334125122
2023-01-01 18:36:00,1446.489297859572,59.86727553711892,26.79870534102288,136.06847379806348,6.127911523322368,933.5081271184181,3115.9501914741845,10.362194257488177
2023-01-01 18:37:00,1446.889377875575,60.29170106558791,25.92857673853713,137.36912977158028,6.117988915522139,925.7918879474787,3094.334672638034,10.342329216854582
2023-01-01 18:38:00,1447.2894578915784,60.30490624794013,26.636484904397328,137.65884169248613,6.082244581162269,927.586274471431,3090.5823465918347,10.355179609975988
2023-01-01 18:39:00,1447.6895379075816,60.76434299365316,26.36481901843376,137.8905431828172,6.088005768146717,933.6045604104851,3111.3120161084016,10.351319322288191
2023-01-01 18:40:00,1448.0896179235847,61.097989714753126,25.397588356294722,137.4621714277967,5.896657570474703,927.5929380438464,3068.33938830066,10.318756071969645
2023-01-01 18:41:00,1448.489697939588,61.547868405386225,25.96963439572253,138.24899101700635,5.987805603216717,923.9721233502291,3074.62812191898,10.341427502453541
2023-01-01 18:42:00,1448.8897779555912,61.706556361443454,24.899654861376217,137.33052024889025,5.792518988268193,923.3550748244513,3058.4859151927194,10.314900182582083
2023-01-01 18:43:00,1449.2898579715943,61.077121490685435,25.71181696529893,138.2470366805045,5.859415971672199,926.3907840819805,3086.9752111464963,10.31385339980988
2023-01-01 18:44:00,1449.6899379875977,59.66732716022869,26.146017541725882,136.3279045278798,6.192583277434137,927.9633019850365,3116.162989978392,10.355438027576493
2023-01-01 18:45:00,1450.0900180036008,59.6608786568617,26.198813914906268,136.92880682479242,6.0949274210071325,929.317106537893,3104.386361944666,10.362378265692126
2023-01-01 18:46:00,1450.490098019604,59.48531477504649,26.699647834235755,135.6797872232235,6.418396019798604,935.8529652765292,3124.814159795232,10.358945398914836
2023-01-01 18:47:00,1450.890178035607,59.678741584464774,26.13018133686024,135.87995804939348,6.236878337334779,927.4174396422246,3101.120750296001,10.346948624235965
2023-01-01 18:48:00,1451.2902580516104,60.69169468164408,25.97669396166226,137.14123674357418,6.106524143629926,930.9119609143642,3111.4432045676213,10.355840374564492
2023-01-01 18:49:00,1451.6903380676135,62.808073572982885,24.730414318590366,138.62936112252603,5.658293530512407,921.1696847625255,3061.3315365275876,10.30012729076329
2023-01-01 18:50:00,1452.0904180836167,59.587762158764214,25.546618921535988,135.98383705539283,6.167533369304129,931.2063157113681,3098.8506084858936,10.342329916538967
2023-01-01 18:51:00,1452.4904980996198,60.84069884330272,25.27368059138113,137.77960799798032,6.05616106277772,931.7609273044023,3081.643028712747,10.32427740338183
2023-01-01 18:52:00,1452.8905781156232,62.03297443130375,25.180720346694212,137.41184612576575,5.920279633072388,928.7470724532535,3055.58792974862,10.308173983731592
2023-01-01 18:53:00,1453.2906581316263,60.305373943116315,25.708753939402865,136.16976788058642,6.011714094719314,924.1839446550017,3084.4979375334497,10.32942525642578
2023-01-01 18:54:00,1453.6907381476294,61.005451732375086,24.478023217683667,137.28381483423632,6.027133289503829,923.5946428838936,3078.719027468507,10.333653445349535
2023-01-01 18:55:00,1454.0908181636328,60.45209967810443,25.970625657382065,137.95414070017716,6.008068428266057,928.9875059236737,3093.890372702022,10.330421325135026
2023-01-01 18:56:00,1454.490898179636,62.22350415433705,24.54150253170939,138.49638005390062,5.778244790606785,919.4396349593403,3048.906645660206,10.29642930380779
2023-01-01 18:57:00,1454.890978195639,60.133862313485366,26.260624499479718,137.14190094207257,6.141383509386048,931.1780665794449,3106.9498732542243,10.338007177530319
2023-01-01 18:58:00,1455.2910582116424,60.54250716295126,25.449044960204624,137.97789669376607,5.963040400959305,929.0498994290095,3120.732785727369,10.340417224870873
2023-01-01 18:59:00,1455.6911382276455,60.892225310450854,26.11974539876426,136.71963935507353,6.0971368459093975,924.9466133575945,3072.1461887527867,10.353186397030267
2023-01-01 19:00:00,1456.0912182436487,62.15329500025867,25.484604163382205,136.81297014786148,5.8045372144569685,922.9180605676739,3090.9616935335057,10.322666434942109
2023-01-01 19:01:00,1456.491298259652,63.26291604760726,23.483038543055535,139.07287289901575,5.529712592146548,911.7233510174758,3048.2065469614913,10.279251484226597
2023-01-01 19:02:00,1456.8913782756551,62.16606808435935,24.996228387893716,138.3778644703396,5.852855317005309,919.5511418052358,3066.7973877330815,10.297440080389308
2023-01-01 19:03:00,1457.2914582916583,60.250881479611856,26.15599029597608,137.28056082515243,6.070106153345869,925.6001828747246,3093.5700352141025,10.338877867072183
2023-01-01 19:04:00,1457.6915383076616,61.246954219496764,25.798668218406096,137.21761276939762,6.103178064317605,926.6496306847457,3092.666258857019,10.327069691551674
2023-01-01 19:05:00,1458.0916183236648,60.78427012737382,25.815462271688126,137.15445662556257,6.101670931513699,927.4034217734948,3108.8108376981068,10.36121641174073
2023-01-01 19:06:00,1458.491698339668,63.01838789924001,23.736118784810895,139.22375361896587,5.729834818395453,917.6607851054182,3057.3728143161784,10.28618426844861
2023-01-01 19:07:00,1458.8917783556712,60.82138815810408,25.167955406997322,136.89204129225013,5.895234192435231,922.0194861212099,3089.074870244613,10.349972423061553
2023-01-01 19:08:00,1459.2918583716744,62.98857637034082,23.882519933097566,139.0006146490182,5.600484664684451,917.0862487346294,3041.8228224242616,10.274373746666868
2023-01-01 19:09:00,1459.6919383876775,62.985120305275615,24.472385494082534,139.78065272053368,5.7064134862024485,919.2683341849321,3049.14286338103,10.283807367178998
2023-01-01 19:10:00,1460.0920184036809,61.391368771802924,24.231958832316295,139.21863781466448,5.802154212430558,920.0012235912368,3069.61720756026,10.300950035485588
2023-01-01 19:11:00,1460.492098419684,60.96609786415108,25.568527978310357,137.1857447876915,5.782971301902235,920.4184041748806,3092.2759805152086,10.3263361087937
2023-01-01 19:12:00,1460.8921784356871,60.83551130697379,25.032032479680698,138.26226248450888,5.848714533099647,923.2096245761373,3061.4191643392683,10.31420210430418
2023-01-01 19:13:00,1461.2922584516903,62.66317632533547,23.896943239004916,138.70897632504085,5.7599858602545755,917.6444648370419,3055.4605022330097,10.281614013255181
2023-01-01 19:14:00,1461.6923384676936,62.292251818089476,24.151193867032447,138.6790640548217,5.810269183357704,917.6562311812907,3059.857114027596,10.300330357282379
2023-01-01 19:15:00,1462.0924184836967,59.430440852738165,26.602339447070534,137.00995779123014,6.178952655262289,933.6141899712273,3119.1295959538866,10.358367923339411
2023-01-01 19:16:00,1462.4924984996999,60.30687843311555,25.554285093468124,136.36502120463038,5.989344753182658,929.757951286323,3067.143883149521,10.321175195782915
2023-01-01 19:17:00,1462.892578515703,62.133893166296836,24.397274761673593,137.6085840620724,5.791771985323112,918.8484059681438,3063.0842654538214,10.300796371956729
2023-01-01 19:18:00,1463.2926585317064,60.77183450601588,25.458378673942853,137.2110291104541,5.9049401915383,927.3825226192325,3084.770612587463,10.323340796823764
2023-01-01 19:19:00,1463.6927385477095,60.355129653888746,26.413740423667928,136.5840063623551,6.021108692566581,926.1359724188974,3097.4367539481186,10.349122896759098
2023-01-01 19:20:00,1464.0928185637126,61.63463471619184,25.31434037392795,137.48150326976366,6.002694598679054,922.538702824348,3072.865751640963,10.306651723562641
2023-01-01 19:21:00,1464.492898579716,60.358985261236406,26.272611284902098,137.07253192094674,5.985549554035642,929.1916042516787,3092.1120051801577,10.323887672904252
2023-01-01 19:22:00,1464.8929785957191,59.31381248346493,26.58200446876965,136.28507426196396,6.1815382682472935,927.1179263891737,3088.750718075943,10.337571658801146
2023-01-01 19:23:00,1465.2930586117222,62.64569591665261,24.909528847940848,138.8390896170652,5.512391785174294,920.3948475903952,3043.8157326446594,10.290102947745838
2023-01-01 19:24:00,1465.6931386277256,61.13372260931955,25.433025457356763,137.330843432581,6.179468096997253,921.2727650410184,3085.409836310105,10.319934969414257
2023-01-01 19:25:00,1466.0932186437287,60.33853939907461,25.962974897300203,138.13685426474024,6.230995971605012,929.2678396662554,3081.664172891121,10.323637142464289
2023-01-01 19:26:00,1466.4932986597319,60.823952223021976,25.189892919108843,137.33116362514363,5.876670726247576,926.9841656302892,3078.8862416251777,10.341049690082988
2023-01-01 19:27:00,1466.8933786757352,60.73183289501177,25.88737015784557,137.65913341576442,6.08655838793507,923.3487376391855,3097.043383687149,10.324821623902508
2023-01-01 19:28:00,1467.2934586917384,60.79782328214802,25.65942507432993,138.36465685462986,6.059206758807074,921.7508587191714,3080.5886932754115,10.312150208400332
2023-01-01 19:29:00,1467.6935387077415,62.87184533034176,23.836166601797146,138.87964111843962,5.486406766604024,916.0342116177741,3037.779142849089,10.250108850100936
2023-01-01 19:30:00,1468.0936187237448,62.89916481010382,22.784211261235257,139.39648287288088,5.591516388648173,907.3647854131882,3041.7626400656254,10.259227926487524
2023-01-01 19:31:00,1468.493698739748,60.385718241076475,25.318103083722818,136.87405118919372,5.836187255782077,926.9431754016817,3072.7362918210106,10.320391706181475
2023-01-01 19:32:00,1468.893778755751,60.25100430329755,26.52588609131467,136.06707519113246,6.126195876326637,932.50134805633,3094.2461496702053,10.347577644951528
2023-01-01 19:33:00,1469.2938587717545,62.02427553355787,24.5335605828318,137.3927516679583,5.860551780916654,922.2295173411077,3057.5582958336163,10.320346995563417
2023-01-01 19:34:00,1469.6939387877576,59.76077276302252,26.545464858927875,136.01104796295195,6.178599002669137,932.0321392617356,3107.668293256965,10.342761296761136
2023-01-01 19:35:00,1470.0940188037607,60.32195382570489,25.120014300689828,138.55746216388886,5.906943333698717,917.7478835836253,3064.2474240883666,10.316094745529378
2023-01-01 19:36:00,1470.494098819764,61.34363899853049,25.322657547633995,137.37933802514075,5.82869472154691,921.1586567217995,3087.512471612166,10.310178079756112
2023-01-01 19:37:00,1470.8941788357672,60.61425939382673,26.262170456582535,137.46397584540574,6.030014940516133,925.456442163028,3074.8677471067194,10.345037390927285
2023-01-01 19:38:00,1471.2942588517703,60.557291600750105,25.282008491923175,137.89994485658312,6.043330937295888,921.8370463879701,3094.172228195129,10.330052671900322
2023-01-01 19:39:00,1471.6943388677737,60.83754963585529,25.6198118536704,137.42255062524768,5.805748448513506,923.2727648056675,3094.3243065554752,10.334486753966758
2023-01-01 19:40:00,1472.0944188837768,61.56444917123698,24.953606290845958,138.86532462806292,5.826666163505642,922.4933432366882,3045.9199409604075,10.29659522928805
2023-01-01 19:41:00,1472.49449889978,58.7561328623511,26.797526717362416,135.92979009282325,6.361575013983178,929.8275171205926,3107.804787458527,10.387337379220586
2023-01-01 19:42:00,1472.894578915783,61.021745576640974,25.40017362287975,137.9987132986967,6.126471617020434,922.0793768245825,3070.855894138946,10.308342361567425
2023-01-01 19:43:00,1473.2946589317864,59.9990145937783,25.71335527368073,137.50528949072051,6.216733023753041,923.5757784484264,3089.6798380105015,10.34590544255186
2023-01-01 19:44:00,1473.6947389477896,60.07954499187368,25.627009898270494,136.36772616844604,5.960981009974442,928.7027858968946,3084.0018146011844,10.305195938857688
2023-01-01 19:45:00,1474.0948189637927,60.82618414464356,24.69531807395365,138.8046846068465,5.8205829122391455,915.8290941189894,3053.5456849563284,10.30924519842396
2023-01-01 19:46:00,1474.4948989797958,60.0408778173373,25.418192366906343,137.6790950427897,6.0402107629761765,927.6382241070038,3087.8348528883043,10.342123553368435
2023-01-01 19:47:00,1474.8949789957992,62.01055339364927,24.895279102333046,137.76925879158222,5.549312811519594,919.4284004325101,3050.816613755009,10.302316407961158
2023-01-01 19:48:00,1475.2950590118023,60.303638616677624,25.083511992584103,137.41354772673625,5.8363280087712255,928.5708331478239,3055.157675088375,10.325103735088176
2023-01-01 19:49:00,1475.6951390278055,61.92645403974193,23.83907972383903,139.51978790791497,5.51883604660835,921.0640838906867,3040.607710328107,10.270110674132162
2023-01-01 19:50:00,1476.0952190438088,61.123434007399936,24.97040031142806,138.19163937591608,5.731769216152003,917.0500474041044,3046.3040554798904,10.303540970812557
2023-01-01 19:51:00,1476.495299059812,62.01942544370068,24.456856253492347,138.88719046893274,5.848611635180756,921.5207535588755,3070.0973980684926,10.297456482288167
2023-01-01 19:52:00,1476.895379075815,60.26132235591133,26.072253122330455,137.85143542276015,6.022981743321152,927.7965105104387,3088.0956127917425,10.33326286034654
2023-01-01 19:53:00,1477.2954590918184,61.18589014769923,24.96545853963462,137.8396946033123,5.792221956738859,915.8356047483742,3053.0572473936777,10.305786577364316
2023-01-01 19:54:00,1477.6955391078216,61.13581384514218,25.479171335762647,137.30442338365376,5.940478427481189,923.8076368731362,3086.12631343176,10.332268867285899
2023-01-01 19:55:00,1478.0956191238247,63.238041495117976,23.619453397892407,138.55160277785356,5.590167653924313,915.3608102073157,3025.977869244725,10.275567675251876
2023-01-01 19:56:00,1478.495699139828,61.02021305361009,25.224275407185118,137.33124873489533,5.910878028496204,921.7684378992034,3059.861206248707,10.320202740967913
2023-01-01 19:57:00,1478.8957791558312,60.54012042941809,25.357443861025896,136.7793506257557,5.815210755422881,923.9079123180018,3078.7306487830983,10.322049249303435
2023-01-01 19:58:00,1479.2958591718343,63.48693833323876,23.33993614391989,138.89536546922324,5.741801947020056,912.6120578921441,3014.5234653472044,10.265566135658128
2023-01-01 19:59:00,1479.6959391878377,59.93581083572442,25.87871188561785,136.87075285489482,6.106972214684261,927.576094474663,3102.7800257573685,10.345794264158515
2023-01-01 20:00:00,1480.0960192038408,61.167392788202505,24.206969097457666,138.65523955607782,5.824491299841858,920.5703858147372,3060.0662141637868,10.293478772987836
2023-01-01 20:01:00,1480.496099219844,60.394751638268296,25.919363360221226,137.46945649090748,5.8838650799311445,926.5945917944005,3076.128658360639,10.325145088528497
2023-01-01 20:02:00,1480.8961792358473,59.72539222861398,26.146065214723066,136.49011083921062,6.003139152350658,924.8096619459432,3106.6043930103037,10.326326701887268
2023-01-01 20:03:00,1481.2962592518504,60.800550182633174,24.96678431073133,138.6085661827281,5.847694175682627,924.7838446014235,3079.682846717712,10.317045586386676
2023-01-01 20:04:00,1481.6963392678535,62.70547286549165,23.55896393641543,139.21698474796133,5.738761382004519,920.3432728271355,3032.543982715453,10.298744469668868
2023-01-01 20:05:00,1482.096419283857,63.82740553084095,23.826977056314366,139.47967705652263,5.397296733976097,916.038209403069,3037.267129254337,10.26133323097074
2023-01-01 20:06:00,1482.49649929986,60.51956304900737,25.346851553284438,137.7971033311374,5.780029142981544,926.5418566103536,3035.5038934424633,10.309322313313777
2023-01-01 20:07:00,1482.8965793158632,61.15644884233671,24.42101984712641,138.58299427369593,5.617644820864314,925.2896511837915,3070.09537918308,10.275237171743164
2023-01-01 20:08:00,1483.2966593318663,64.53744613252039,22.7875114948282,141.90889798422762,5.356575529508662,911.3229083263359,3001.7146503643953,10.221601034475833
2023-01-01 20:09:00,1483.6967393478697,60.84730606702882,25.003135911628284,138.18206888399436,5.7613152160342915,920.6150095060317,3072.278125574658,10.327909036869142
2023-01-01 20:10:00,1484.0968193638728,62.26490115868176,23.44928724748634,139.14160470886324,5.376457706160556,914.1677959750887,3031.3909520779657,10.276063709147348
2023-01-01 20:11:00,1484.496899379876,62.006154581755474,24.35346254150927,139.1623654553448,5.645147115002172,916.4469090795176,3036.6967664372146,10.281244244749683
2023-01-01 20:12:00,1484.896979395879,60.79596585642079,25.040381363532358,138.53009737909997,5.799845417090362,923.9565895651325,3071.547167924036,10.318830271657216
2023-01-01 20:13:00,1485.2970594118824,60.13609990596683,25.039761456308305,138.638411952315,5.886269650716029,919.0464878872525,3051.223149462431,10.310353875216647
2023-01-01 20:14:00,1485.6971394278855,61.689822637182345,24.242390235511273,138.79775526927838,5.727748041854211,917.73655423407,3056.7182479093017,10.289892867921182
2023-01-01 20:15:00,1486.0972194438887,61.97010195764719,24.949881020629327,137.5653084280367,5.701444318102418,923.7665502010037,3077.0618802977547,10.311353820362612
2023-01-01 20:16:00,1486.497299459892,61.905286760492615,24.254043695891347,138.71883715622494,5.64320877472508,921.5062107558097,3064.590329206789,10.279236469011195
2023-01-01 20:17:00,1486.8973794758951,59.45150344374052,26.065687908854642,137.71933244067702,5.937557034019245,925.522795263012,3085.9920300197828,10.321629455107175
2023-01-01 20:18:00,1487.2974594918983,61.55886384867081,24.58252225544985,138.82086293012557,5.66034380556608,918.6617224953254,3057.7740224687464,10.292254146150052
2023-01-01 20:19:00,1487.6975395079016,60.1285441285364,25.243629946241338,137.70615617596388,5.753825020071681,926.2014400510794,3089.544665939842,10.33173487271235
2023-01-01 20:20:00,1488.0976195239048,60.42150128010639,25.01249481314889,138.02415534412103,5.79488586446948,921.4059377666391,3066.5835399468137,10.306937296989226
2023-01-01 20:21:00,1488.497699539908,60.5877385039835,25.435314037718836,138.39091609105895,5.928666641311169,917.1507148675398,3086.226498145897,10.303464362602131
2023-01-01 20:22:00,1488.8977795559113,61.184084230434465,24.727899079842164,138.48781682701497,5.961115187532027,918.8115066460681,3045.5994095044475,10.293124845657163
2023-01-01 20:23:00,1489.2978595719144,63.15520719999526,24.055346111224896,138.74704879192905,5.514721059473789,912.6460577269252,3029.2710360067667,10.250040573984585
2023-01-01 20:24:00,1489.6979395879175,62.99317474264071,23.956172412906618,138.51641578246486,5.614049793313803,915.5572193616948,3025.612762462904,10.274695554846854
2023-01-01 20:25:00,1490.0980196039209,60.81677320292849,25.458071340789346,137.47890119555922,5.786159349683924,926.6666926762902,3073.926531727314,10.29961772990365
2023-01-01 20:26:00,1490.498099619924,60.45866020758291,24.926400561673585,137.63668231191463,5.809201381290908,924.8433536849731,3063.3834803070226,10.291503891449159
2023-01-01 20:27:00,1490.8981796359271,61.71576455793694,25.125648220965893,139.57840027212717,5.644206107619904,917.0662679763649,3061.708800480875,10.27513395925315
2023-01-01 20:28:00,1491.2982596519305,61.05125607117333,24.43671298662124,138.44091310912765,5.75618393566421,919.6050222520479,3064.7106526029447,10.298738290201081
2023-01-01 20:29:00,1491.6983396679336,60.374722527526906,25.17326903755093,138.20236583048109,6.012540808211745,920.6245506546082,3092.573566909635,10.313039268139827
2023-01-01 20:30:00,1492.0984196839368,62.754367238443386,23.922437928511577,139.28408590314814,5.5361799649914865,916.751876377373,3033.7802414919715,10.28555193977749
2023-01-01 20:31:00,1492.49849969994,62.880588325069525,23.1102603539841,139.26298353745116,5.429727580791279,910.3700088894645,3021.458680333061,10.261364786008706
2023-01-01 20:32:00,1492.8985797159432,61.55616412894264,23.700187807947533,139.52735185646137,5.6779741393532,920.2864533499327,3029.0077870545024,10.277717905929215
2023-01-01 20:33:00,1493.2986597319464,63.05054343008622,23.51372955491328,138.86300770731452,5.453350424385167,916.620471250562,3029.6173911132328,10.247488149695657
2023-01-01 20:34:00,1493.6987397479497,62.24397623512288,24.08724657672503,138.76088879602597,5.612050305368233,920.1621204653047,3055.8617925072695,10.275317150873514
2023-01-01 20:35:00,1494.0988197639529,60.5799521904744,24.87525173668847,137.60620985777183,5.903969285298167,922.9254311368055,3079.437283621902,10.321686873102243
2023-01-01 20:36:00,1494.498899779956,61.55794357190409,24.922114433885245,137.91480760760797,5.851346224128973,921.3950397435727,3052.627821175008,10.294420758466194
2023-01-01 20:37:00,1494.8989797959591,61.557147357564624,23.826923728500788,139.39523930905543,5.627699413009113,920.2074056966425,3050.6581490633826,10.281408570393205
2023-01-01 20:38:00,1495.2990598119625,63.652201217534135,22.83614768288136,140.14043280438128,5.411337896606326,909.5570743720742,3016.741521969069,10.23798845519013
2023-01-01 20:39:00,1495.6991398279656,62.62688760624858,23.007936853579583,140.24666398783486,5.372492337290829,907.6751625483887,3017.391979516393,10.241317818177311
2023-01-01 20:40:00,1496.0992198439687,63.25046704281116,22.953823702359976,140.03132629798543,5.320053014254846,906.5614381581488,3030.855163774052,10.26269407883781
2023-01-01 20:41:00,1496.4992998599719,61.313628297363046,25.031143915420365,138.74825448350188,5.81577105108037,922.4560812646477,3069.4922395472304,10.289264203545011
2023-01-01 20:42:00,1496.8993798759752,62.57621489498644,23.39479849139921,139.32981176029978,5.479118151979227,913.8124324186746,3033.9571833045043,10.278553857342999
2023-01-01 20:43:00,1497.2994598919784,61.881155934706676,23.914965580018468,137.77597933833093,5.747613734194303,914.7196891611841,3031.440669281262,10.281955596350102
2023-01-01 20:44:00,1497.6995399079815,62.652967516410655,24.024345781311002,138.4135623886752,5.4381043077267845,916.0115375840982,3051.9330200832273,10.26695155074174
2023-01-01 20:45:00,1498.0996199239848,61.61158128318545,24.005053432282242,138.66400124607816,5.643875561613985,917.713987883865,3038.825123928726,10.266804168732097
2023-01-01 20:46:00,1498.499699939988,60.77254472056719,24.22389366168547,138.23991441978532,5.751841034418139,918.9079890987786,3057.3878979239444,10.331630285087064
2023-01-01 20:47:00,1498.899779955991,62.928515841909594,23.650553025538237,138.4676075016098,5.716038777018233,912.1183868019172,3028.087309977493,10.26298252480255
2023-01-01 20:48:00,1499.2998599719945,61.64533998122772,25.016324426117265,137.48782336712458,5.664231889429276,919.0215086667263,3050.446213808051,10.287031464840252
2023-01-01 20:49:00,1499.6999399879976,61.741042211639275,23.91809031752037,139.50380322583763,5.72218460666514,915.9957855599139,3040.6914867551145,10.266241953360641
2023-01-01 20:50:00,1500.1000200040007,64.14500995489773,22.61888057723547,140.20190794582774,5.418050197113495,909.7024944613166,3003.914010052895,10.239827275017287
2023-01-01 20:51:00,1500.500100020004,62.575756239020585,23.34882465847208,139.95373301767918,5.380795413493472,910.217394596623,3008.1584577969593,10.23395817530952
2023-01-01 20:52:00,1500.9001800360072,63.45426412241485,23.016081253195306,140.22901791503352,5.488792294938633,905.8841228113096,3008.684103498599,10.232840657680635
2023-01-01 20:53:00,1501.3002600520103,61.848788709169604,23.79855000464294,139.0842407249557,5.593896324226561,914.5073851922566,3039.707785743756,10.294966676911221
2023-01-01 20:54:00,1501.7003400680137,61.825605923883515,23.63145668706849,139.3559684094586,5.726137274698009,913.3330420604373,3068.301143584039,10.284105350153972
2023-01-01 20:55:00,1502.1004200840168,61.5295230824657,23.852141625916836,138.28573796079957,5.742639883307895,921.4039452614168,3067.579783258148,10.284785087517823
2023-01-01 20:56:00,1502.50050010002,60.24330303839994,23.916215847423132,138.67371111554954,5.702295353083982,913.4102242004179,3041.8952537791524,10.294488461019512
2023-01-01 20:57:00,1502.9005801160233,61.1947795576902,25.009644356093595,138.78750088900256,5.846755044631236,918.6053850766793,3080.8142007973483,10.291346880292059
2023-01-01 20:58:00,1503.3006601320265,61.26072868441803,24.652473343825132,137.67209957612627,5.814182959287817,915.6893276899991,3056.5506923724133,10.30653837079626
2023-01-01 20:59:00,1503.7007401480296,63.64194365723298,22.941214449117282,140.17740932344068,5.483316122067743,912.4038038425525,3041.307209788091,10.258647378828826
2023-01-01 21:00:00,1504.100820164033,61.71676895229726,24.284752673701668,140.0723766120112,5.593068806749498,918.4194412180545,3039.5939587900493,10.282757788377248
2023-01-01 21:01:00,1504.500900180036,61.6681439321846,23.519542616259706,138.88513336107064,5.691202732581109,920.1951839037224,3047.6067092835,10.282071383275289
2023-01-01 21:02:00,1504.9009801960392,62.913720294246495,23.39040612032158,138.96273063648343,5.518521432735482,912.0783726715968,3030.331293852061,10.246454526774308
2023-01-01 21:03:00,1505.3010602120423,61.03680421874777,24.282978966793113,137.8231053418191,5.785781039107927,920.2555871644665,3050.7656183459603,10.289455040308578
2023-01-01 21:04:00,1505.7011402280457,61.77969497083765,23.93493697376426,139.31267398252191,5.293792090388993,917.6913095909797,3060.0089439204767,10.27361884390949
2023-01-01 21:05:00,1506.1012202440488,61.488107018736834,22.819822797927237,139.216903828623,5.368479669579068,911.6046177658105,3024.11307480452,10.27243953512601
2023-01-01 21:06:00,1506.501300260052,60.79686822248582,24.33298776022919,138.91814619356526,5.855415710973034,918.8121576054407,3057.027429083774,10.29798765266171
2023-01-01 21:07:00,1506.901380276055,63.799493825789334,23.033104953985834,139.82902989964887,5.399874615504462,907.6322558566065,3021.2849152714357,10.248382594213869
2023-01-01 21:08:00,1507.3014602920584,62.938920168020324,23.710753826060632,139.5477360607044,5.322529925633252,912.3635027827054,3010.945461767548,10.26066331071377
2023-01-01 21:09:00,1507.7015403080616,60.81150420395026,24.667033709308026,137.72019661508835,5.785034448212008,923.1565513283332,3062.368982608584,10.306873781197755
2023-01-01 21:10:00,1508.1016203240647,62.68224584697803,22.726230815319365,140.3488635028359,5.43191704808081,907.9500285591349,3012.260750960873,10.24228613563242
2023-01-01 21:11:00,1508.501700340068,59.9460272864453,25.148329906452982,137.74078449198706,6.029883468502825,924.6396396602785,3062.3613091780667,10.310900775812298
2023-01-01 21:12:00,1508.9017803560712,61.880661427435506,23.130129880410276,140.1452520129395,5.501697173045403,910.0039277725334,3023.446292764621,10.247725540619916
2023-01-01 21:13:00,1509.3018603720743,59.348431182926795,26.04242995402949,136.16200607655477,6.208123223852912,924.8818051809952,3099.4240953499784,10.323117297673132
2023-01-01 21:14:00,1509.7019403880777,61.30788444888969,24.41421065526949,138.01573418644105,5.79686997251976,918.9485959588296,3061.053360064174,10.294823463176131
2023-01-01 21:15:00,1510.1020204040808,63.13635036347641,22.744889620390403,140.10313456725888,5.348518499303989,906.8431279725048,2999.0768623008476,10.234815891619096
2023-01-01 21:16:00,1510.502100420084,64.15333620559302,22.60128365783301,140.3911955007527,5.220981666908611,910.4016730785359,2989.3326652636592,10.24692136785539
2023-01-01 21:17:00,1510.9021804360873,61.20215922624145,24.844315366323897,138.83886930852964,5.768318646644525,919.9810796229206,3070.749106435818,10.292287108018014
2023-01-01 21:18:00,1511.3022604520904,63.91332344319665,22.521841046723118,140.18699366217456,5.377086240456515,906.5203644469934,3024.1221565102787,10.237843503819917
2023-01-01 21:19:00,1511.7023404680936,64.05453518766322,22.539457734117782,140.45108040900357,5.456342187388444,906.8335289771641,2996.714165362932,10.246345152008923
2023-01-01 21:20:00,1512.102420484097,63.5290340178708,23.115645242878987,139.67654435285687,5.47819805428843,911.5140678374581,3012.484471949557,10.268066901980545
2023-01-01 21:21:00,1512.5025005001,61.34054026987466,24.660848125768073,139.06269964821345,5.656778752963246,918.4763563791283,3039.5749683544586,10.296669284127075
2023-01-01 21:22:00,1512.9025805161032,64.18394753022865,21.776943818397243,140.7052162956693,5.009257671323634,895.5903155437736,2979.106954483156,10.23596689040911
2023-01-01 21:23:00,1513.3026605321065,61.25560216123614,23.878120875480047,138.8219655274144,5.7452352793138886,913.9886421561207,3042.226005813525,10.290435906344106
2023-01-01 21:24:00,1513.7027405481097,60.311919772369194,24.161627896167484,139.04164360013377,5.893061011929852,920.4290235072523,3054.2018017269966,10.308053458698302
2023-01-01 21:25:00,1514.1028205641128,61.95846259751655,23.172537788071846,140.11060523014962,5.451990105987804,910.0392803391013,3028.8887389504484,10.263046825966715
2023-01-01 21:26:00,1514.5029005801161,62.157527001328795,23.395132355450905,140.06286702427423,5.59141076229678,915.1521483076114,3027.2722186439473,10.264831955657797
2023-01-01 21:27:00,1514.9029805961193,62.10211401126002,23.911251980532615,138.8426200027502,5.514619281112604,907.7393706412818,3034.992747167069,10.285688652825524
2023-01-01 21:28:00,1515.3030606121224,63.87954972532046,22.531713585841224,141.47299465199524,5.175588912655114,904.2032248328071,3004.3302860314407,10.220776298381741
2023-01-01 21:29:00,1515.7031406281258,62.966411924566955,22.800256663668705,140.9566628946769,5.389931783012231,906.9291288513357,3023.2708474805117,10.225978634381596
2023-01-01 21:30:00,1516.1032206441287,61.924768376718305,23.173631693720548,138.80162926156453,5.480763299752247,913.6842524693328,3032.0669810896757,10.273172121924683
2023-01-01 21:31:00,1516.503300660132,61.074715729067286,24.092002384542816,138.61315725719626,5.87862260700423,916.03167379678,3056.8906862926815,10.289975258870186
2023-01-01 21:32:00,1516.9033806761354,62.30664339690663,23.586286303307094,139.3879745239383,5.391016941857583,917.7697153537953,3047.7448459825555,10.26349664139369
2023-01-01 21:33:00,1517.3034606921383,63.42309459665891,22.406520350019015,140.55847005657776,5.207188385606839,908.6135239479441,2986.124925882276,10.237592992828906
2023-01-01 21:34:00,1517.7035407081416,62.63227186856225,23.586261708415357,139.7969650529857,5.567080812095895,912.4229272042172,3023.3114875251704,10.27389452356407
2023-01-01 21:35:00,1518.103620724145,62.47788402387223,23.03747932193105,139.75354504831407,5.465335563561654,913.9211928260495,3016.6330079212244,10.260452938924947
2023-01-01 21:36:00,1518.503700740148,62.21447386823181,23.36466823727098,139.83244917036112,5.428511605092919,916.7622888414387,3023.300692918028,10.25228208505068
2023-01-01 21:37:00,1518.9037807561513,61.0645894265067,24.943973127771596,138.56751134432466,5.6722711311224,919.9316691720223,3047.2145287256476,10.299049271318903
2023-01-01 21:38:00,1519.3038607721544,62.61774148161301,22.954114980641062,141.12258270910638,5.394794727452217,910.3777283922637,3023.0970405151716,10.23927697978519
2023-01-01 21:39:00,1519.7039407881575,61.713994399497686,23.90533958500127,138.78429788037445,5.547077649536148,921.0428617792887,3062.1882102566374,10.269603271825629
2023-01-01 21:40:00,1520.1040208041609,60.1973306872336,24.55730585779351,139.85123916839916,5.957794336400244,919.8423908420459,3043.0018753284526,10.311238182536883
2023-01-01 21:41:00,1520.504100820164,61.79105080198189,23.7951815513361,139.3022017001015,5.5212718699253704,916.2824406997449,3040.8513261928933,10.274512726877672
2023-01-01 21:42:00,1520.9041808361671,62.130500815699726,23.468857404727196,139.49639824069953,5.426623126037164,913.0223778457815,3027.791786754995,10.255940515664536
2023-01-01 21:43:00,1521.3042608521705,63.75912204754,22.432586502116553,141.32879750237757,5.344913851632148,912.4782443851336,3003.967406280615,10.230747256856175
2023-01-01 21:44:00,1521.7043408681736,61.30650758529365,23.457842550891176,139.73492771360472,5.7525594221581295,913.2146375758111,3021.8340941518263,10.280214177822339
2023-01-01 21:45:00,1522.1044208841768,64.11068487442982,21.820840760292757,141.76606906795544,5.255536274654859,903.1206341501279,2974.2251437762416,10.22572128471812
2023-01-01 21:46:00,1522.5045009001801,62.93627152761678,23.099170133242204,139.570125740735,5.493617847810105,915.957089050572,3021.8828075694614,10.246057315021586
2023-01-01 21:47:00,1522.9045809161832,62.09745542479731,23.19598677960582,139.52821180045217,5.461241954155419,916.1355895573208,3023.3860793847925,10.260441932108591
2023-01-01 21:48:00,1523.3046609321864,63.06712659068591,22.729096121762197,139.87670564285125,5.364327885445503,910.1571206503792,3019.917199999315,10.225585555148246
2023-01-01 21:49:00,1523.7047409481897,63.81840041660396,22.303218398543546,139.52303458897683,5.137695707596887,910.9341445319814,3018.8247048985095,10.245402000680564
2023-01-01 21:50:00,1524.1048209641929,62.395022156655344,23.59143455908642,139.6585007799356,5.713376227114456,914.3138298080908,3023.2684962665267,10.263343944289943
2023-01-01 21:51:00,1524.504900980196,60.910803223160165,23.982959368925062,139.44846912256452,5.7447688084477715,913.0003418484378,3049.6186666457975,10.29765398014251
2023-01-01 21:52:00,1524.9049809961994,64.12654888133297,21.69573119397148,140.82680354027235,5.42940904797662,904.9461989666156,2978.9399426992254,10.22387203505009
2023-01-01 21:53:00,1525.3050610122025,63.32005125748471,23.01504586414853,140.29358884548122,5.347731856669967,912.2290326057907,3003.0057324515406,10.235480720995229
2023-01-01 21:54:00,1525.7051410282056,63.851175035954654,22.11700246351339,140.494558212327,5.309542662939445,907.1386680799592,3012.0375270281775,10.220757757518898
2023-01-01 21:55:00,1526.105221044209,66.03083269305294,21.053976825411766,140.81884277587739,5.160001997039161,907.2713384014642,2967.047196105282,10.206751554676647
2023-01-01 21:56:00,1526.505301060212,63.301166978902515,22.340944121352326,140.1117917722982,5.186865861243256,910.1679396807418,3013.943768438291,10.267352390898948
2023-01-01 21:57:00,1526.9053810762152,62.3163848336829,23.11755567724765,140.0323488647069,5.354785358287589,912.5534949324858,3002.4892850072993,10.238138163381073
2023-01-01 21:58:00,1527.3054610922186,63.506914267317505,23.209076642448988,140.46369212437534,5.5093601795488425,910.4531130012089,3012.209301011875,10.253770407495583
2023-01-01 21:59:00,1527.7055411082215,61.98465513375948,23.91131993595727,138.7778620636357,5.71907118797546,911.8765140589719,3039.9672403945106,10.242131036527104
2023-01-01 22:00:00,1528.1056211242249,61.830699651349036,23.862065071895415,138.2865162197231,5.709566856764928,913.7247766567342,3035.497037724067,10.273505170805834
2023-01-01 22:01:00,1528.5057011402282,62.77708222916694,22.49400447484691,140.0445002938715,5.409593254471686,911.3006971724454,3005.4124204262744,10.239786063473181
2023-01-01 22:02:00,1528.9057811562311,62.58064022628572,23.01428927875589,139.94258572237933,5.463401480450135,909.4319022909604,3011.5296371148147,10.273667737827703
2023-01-01 22:03:00,1529.3058611722345,62.60305635905213,22.969893194125593,141.08374256736198,5.379444328208804,907.9879970295449,3011.573304747694,10.253115301656848
2023-01-01 22:04:00,1529.7059411882376,61.01611671847198,24.69832362354354,138.66251839631767,5.553236286794585,917.6477573786489,3047.6408303219214,10.280226860666891
2023-01-01 22:05:00,1530.1060212042407,61.21043347821808,23.72124749545851,138.418257983138,5.726009712384415,915.640717873782,3033.1076684722875,10.300572019537261
2023-01-01 22:06:00,1530.506101220244,63.11443481531455,23.157153366000326,139.93947838732575,5.412715326323452,911.3867482068313,3028.8868257801746,10.24874028588597
2023-01-01 22:07:00,1530.9061812362472,64.0769520414621,22.120699808644254,141.26996181896112,5.188922820181167,903.0359273154703,2989.1996269900055,10.226414587468605
2023-01-01 22:08:00,1531.3062612522504,63.07083055745622,23.1817440105698,139.136095425199,5.533817386000942,911.9753677541895,3019.5394442372253,10.239572395696724
2023-01-01 22:09:00,1531.7063412682537,62.70366997330003,22.913345819873314,139.62526813098543,5.363388996848174,906.2715789606148,3006.7904291018554,10.25195409321432
2023-01-01 22:10:00,1532.1064212842568,63.21523957836369,22.76381215295942,140.77964788143234,5.474189037031887,908.9689820709466,3006.6115051780494,10.243537931393245
2023-01-01 22:11:00,1532.50650130026,63.86408645859646,22.253458889501704,140.47288389154716,5.243842973669832,905.2108415234546,2990.28305017975,10.21647809760469
2023-01-01 22:12:00,1532.9065813162633,64.50886302495515,22.263547660989076,140.33810340126908,5.149108181199184,909.4397151539268,2992.3513092360863,10.205306067261304
2023-01-01 22:13:00,1533.3066613322665,63.04641712061529,22.59797477250936,140.02875020111242,5.453251973728397,912.7510015204674,3034.4332762027793,10.261309524635823
2023-01-01 22:14:00,1533.7067413482696,62.65214382608191,23.11660369664881,139.93775940342917,5.466842164595616,911.2343870636038,3019.4421587578004,10.259629418130356
2023-01-01 22:15:00,1534.106821364273,61.84552015388452,23.688630632142303,139.38793106480958,5.443227404920963,913.3111126034312,3029.490336625239,10.245717491059745
2023-01-01 22:16:00,1534.506901380276,62.57588382701001,22.969007636962775,140.27368110831833,5.3826189592515865,908.8531293141317,3014.030779455703,10.23441795340381
2023-01-01 22:17:00,1534.9069813962792,63.65636412784202,21.78792955435609,141.16307756923837,5.30509555659205,907.7209441668036,3001.4271599946887,10.205143256655651
2023-01-01 22:18:00,1535.3070614122826,63.43739828975514,21.99907038878657,140.56505141774784,5.279496338680404,902.8011614600032,2979.5279933336406,10.223971910200914
2023-01-01 22:19:00,1535.7071414282857,63.24976013897522,22.575386251212937,139.74757463807202,5.214576789717652,909.2147357207507,3002.134622597158,10.22739355337811
2023-01-01 22:20:00,1536.1072214442888,62.95257363114824,22.912061385701207,140.20909156694583,5.440420384852547,903.3455883887639,3014.7745520952412,10.249220999699894
2023-01-01 22:21:00,1536.5073014602922,64.53282770871893,21.186007839392055,141.4328392468551,5.2515698135314475,904.0694107916452,2975.391853355928,10.218123569069677
2023-01-01 22:22:00,1536.9073814762953,61.46915137283542,23.921027186351406,138.70348023267607,5.34214027614651,915.431081724222,3038.919124881632,10.271249456886242
2023-01-01 22:23:00,1537.3074614922984,64.35678304111657,21.402416033365522,140.65707253096087,5.284650065304849,900.1215659556594,2970.3839829665326,10.214873513828918
2023-01-01 22:24:00,1537.7075415083018,64.95666031543401,22.168725280952334,141.74384121474026,5.3495877172331365,903.1728572919054,2988.102423251149,10.216378737447007
2023-01-01 22:25:00,1538.1076215243047,64.2683815166825,21.471374090048723,140.79720828420366,5.2194084821605315,905.5915683704595,3020.7609301389816,10.22333754959006
2023-01-01 22:26:00,1538.507701540308,61.40773695583085,23.88043175157134,138.90900721633417,5.5070915994434335,911.1916887171122,3042.7158127976522,10.276050369164068
2023-01-01 22:27:00,1538.9077815563114,61.447685883515675,24.16125287704932,139.50357040307262,5.678479807917288,920.3791542321464,3048.064869665347,10.277048311191548
2023-01-01 22:28:00,1539.3078615723143,63.39890022183732,22.55592406471373,139.70599207660234,5.381072401260684,910.5484590162429,3001.169788983599,10.250344159151238
2023-01-01 22:29:00,1539.7079415883177,65.46628877683351,20.988969834358798,141.39059562584256,4.855112246674737,900.364618993784,2957.5646516934366,10.19758798888427
2023-01-01 22:30:00,1540.108021604321,62.84371780264699,23.02063307141751,140.09787685477667,5.251041832122638,914.6788988282494,3014.1127657150773,10.273284445446128
2023-01-01 22:31:00,1540.508101620324,63.42687686004694,22.359340856621646,141.54401217731555,5.164089009522412,907.559947778647,2987.981051440665,10.234829797143083
2023-01-01 22:32:00,1540.9081816363273,63.53638266707809,22.188045379492994,141.3767652277412,5.0910110404464435,904.7129283813927,3007.308051714791,10.222367532824466
2023-01-01 22:33:00,1541.3082616523304,66.41239599533661,21.583148649621947,142.10882728419293,4.8997692254073035,894.433930514417,2954.592009379761,10.1758464883285
2023-01-01 22:34:00,1541.7083416683336,63.93071505934142,21.90008604013767,141.37947638687956,5.157833164424698,905.7220142641219,2991.206904945392,10.2206773629788
2023-01-01 22:35:00,1542.108421684337,60.67995383100888,24.130733366629563,138.27643812513935,5.61281660328715,916.3493352782064,3073.5093333538534,10.264473637493651
2023-01-01 22:36:00,1542.50850170034,63.68657582844136,21.982220646069187,140.44902647643596,5.170148752291421,904.0447506324481,2987.120161754972,10.206140286721691
2023-01-01 22:37:00,1542.9085817163432,64.36957957483487,21.963544714989915,140.78990612129982,5.304539150614996,908.7300442180269,3005.1468789877504,10.229653873078405
2023-01-01 22:38:00,1543.3086617323465,63.7293414227095,22.04145562091289,140.90582762704076,5.233187984141612,908.3896011208914,3000.9106759316933,10.215110807294321
2023-01-01 22:39:00,1543.7087417483497,64.81085829856892,21.52293851609407,141.54994299780955,4.948669564458656,906.8624335145059,2991.3965885312473,10.228604950489473
2023-01-01 22:40:00,1544.1088217643528,62.05401574947423,22.957847704545244,139.58991117581257,5.491466846643736,912.482083299026,3026.3991347401625,10.259735100154241
2023-01-01 22:41:00,1544.5089017803562,63.650702393659415,22.533902166358093,141.1424925870842,5.342118353711566,901.68702006505,2995.9392937859816,10.235243028459204
2023-01-01 22:42:00,1544.9089817963593,62.45727606930947,22.786289231723405,139.9250426367561,5.487690841153453,908.9209521360984,3001.525823194014,10.229253166678406
2023-01-01 22:43:00,1545.3090618123624,63.72479636451571,22.491677135270788,140.34438810876887,5.27744694101804,905.7801145886514,2996.2489797034605,10.223259767533557
2023-01-01 22:44:00,1545.7091418283658,63.946736638191034,23.154610710101043,140.39599613045823,5.385906979769772,911.1966763663556,3010.6796814198697,10.243237320873236
2023-01-01 22:45:00,1546.109221844369,61.850501411067896,23.67729486802298,139.29012765470907,5.861355379120424,913.3912516763918,3058.2038638282766,10.278515301258194
2023-01-01 22:46:00,1546.509301860372,64.82735488293727,21.432836852395294,141.25929470593013,5.076815247710978,903.6534802454993,2975.915308596333,10.202707074319402
2023-01-01 22:47:00,1546.9093818763754,62.9594935710687,22.67039459841578,140.58701628225498,5.3923141182730605,910.332382370077,3010.941982523578,10.236683144789033
2023-01-01 22:48:00,1547.3094618923785,63.05648129021252,23.449549009724983,141.27540422345598,5.339137842865351,910.18040366252,3001.784017805143,10.231272316490033
2023-01-01 22:49:00,1547.7095419083817,62.64123598197129,23.086185993562648,140.57456772165983,5.291109135491811,906.7564378087657,3032.4860310895097,10.229603134150215
2023-01-01 22:50:00,1548.109621924385,62.95734037227292,22.6311139499278,140.71584132162732,5.388740508903002,904.4768160702519,3010.1296382775768,10.229040107473367
2023-01-01 22:51:00,1548.5097019403881,64.26068060957908,22.19903684893414,140.81533302393726,5.010462156268206,905.5517576692702,2984.862780000873,10.201252650241527
2023-01-01 22:52:00,1548.9097819563913,63.85005853114067,22.008065190919996,140.96534434871603,5.081264119952646,903.8673504848394,2981.265226544101,10.21054734444829
2023-01-01 22:53:00,1549.3098619723946,62.82578579246824,22.981025193137132,140.54702109786723,5.362336456579567,908.9877427535569,3018.483602712168,10.235102490748545
2023-01-01 22:54:00,1549.7099419883975,65.59209595110853,21.5784905599276,141.5340633323526,4.964818306901197,904.2912903455422,2977.8874952597753,10.178933799023506
2023-01-01 22:55:00,1550.110022004401,63.92178833421361,22.648708270400828,140.5144851909673,5.304081127050605,906.9415948863027,2999.411159172735,10.233702711837687
2023-01-01 22:56:00,1550.5101020204042,62.499029076652825,22.932746878013038,140.1178231152948,5.351188543887952,910.6952210566568,3008.08070262372,10.263238061382477
2023-01-01 22:57:00,1550.9101820364072,63.259372034031706,22.19381259508794,141.27090733047467,5.3247379607382,908.627551450849,2987.9225834449426,10.217135810409868
2023-01-01 22:58:00,1551.3102620524105,64.50944518781768,21.48595330533233,140.94777705275098,5.146497630114899,906.4003095571254,2974.3207609096125,10.20059762900124
2023-01-01 22:59:00,1551.7103420684136,62.25370661543781,22.600356156623565,140.7908698695639,5.3594282194181195,912.2907628742236,3013.209569225465,10.231347009957958
2023-01-01 23:00:00,1552.1104220844168,64.40793939861571,22.515903734859066,141.4819351455978,5.122759218078586,906.8484289838874,3000.77076971658,10.213544995723746
2023-01-01 23:01:00,1552.5105021004201,62.87705193918769,22.586447749426025,140.33110390964563,5.354607577885363,906.7941464985175,3013.2453989116107,10.236732787654258
2023-01-01 23:02:00,1552.9105821164233,64.37191209387977,21.98359792755015,140.051013465652,4.9843951554818124,904.2568990394619,2993.162817839837,10.207384164375767
2023-01-01 23:03:00,1553.3106621324264,63.15179554712098,23.171366005720568,139.30479130177227,5.328360203194519,910.9228561370514,3023.5748766134184,10.233260495753964
2023-01-01 23:04:00,1553.7107421484297,64.51511408813509,21.479266654365794,141.2407125610484,5.202589491974787,901.2286181425818,2989.301194128585,10.222044544469345
2023-01-01 23:05:00,1554.1108221644329,62.89535916190892,23.410008591196178,140.03428790900878,5.338451319506084,912.2337997363512,3024.684149568717,10.25236944794445
2023-01-01 23:06:00,1554.510902180436,64.38483105975507,21.499096914546765,142.29835819686014,5.065568754885584,901.3974206538519,2975.899811249243,10.216307768821737
2023-01-01 23:07:00,1554.9109821964394,63.55497345620505,22.268217487630952,140.86322240342625,5.36336024171256,904.5356168306402,3001.558526875984,10.238688707262817
2023-01-01 23:08:00,1555.3110622124425,63.6649423817813,22.07834199844581,140.5400424812088,5.353195043629474,907.4399564218911,3002.323434150167,10.222949316275686
2023-01-01 23:09:00,1555.7111422284456,63.027073295406076,23.24103711641251,139.0283092081631,5.3254513715944585,909.3765257628244,3013.10117990466,10.24334846004218
2023-01-01 23:10:00,1556.111222244449,62.14895894430726,23.040541869325804,140.32968603465835,5.513395833987056,908.1551026560606,2993.6589227843806,10.240443370379444
2023-01-01 23:11:00,1556.511302260452,64.51788527687962,21.5520340990248,141.06128374675302,5.13199223992234,902.6634528005809,2970.991853324783,10.199481759299575
2023-01-01 23:12:00,1556.9113822764552,65.15502828303106,20.994316419132485,142.10420702662557,4.955428073437103,893.8692825517257,2970.345855279258,10.196432524046523
2023-01-01 23:13:00,1557.3114622924586,63.91610434910976,21.6567978002304,140.16813206858612,5.252486912064001,908.7857891926815,2992.378055221511,10.229578423125446
2023-01-01 23:14:00,1557.7115423084617,63.199316865631445,22.303481594808094,140.9860195586778,5.457035968007879,904.7654864463062,3007.7777311077857,10.241007075837294
2023-01-01 23:15:00,1558.1116223244649,62.92427196966118,22.72278629575018,140.71675995980874,5.567657071399399,912.9631899758144,3012.8271976895403,10.253473987240483
2023-01-01 23:16:00,1558.5117023404682,66.02065173854164,20.862933283170733,142.8647397156852,4.877320946856166,899.6226454880438,2952.74889078986,10.1784529093591
2023-01-01 23:17:00,1558.9117823564713,63.99803118372806,22.957913131907524,140.7468992748056,5.368677379680941,905.6936192752826,3005.609769045691,10.223640777590742
2023-01-01 23:18:00,1559.3118623724745,61.578918580581316,23.82852061492857,139.48994074915788,5.6122808709002925,911.2161385937052,3028.9113949109005,10.262240549239868
2023-01-01 23:19:00,1559.7119423884778,63.70010161824899,22.000753099848012,141.7318163109343,5.04301959734269,908.3864170613432,2988.3782555964876,10.236067952332332
2023-01-01 23:20:00,1560.1120224044807,64.0196921621304,22.007090321286842,141.33986857360136,5.078951522635144,904.7583766318145,2997.8588797594302,10.213174867277736
2023-01-01 23:21:00,1560.512102420484,64.93345450474875,21.922981307038505,141.54619478276555,5.033154048285374,906.1842747532921,2971.9673813214417,10.218927975505016
2023-01-01 23:22:00,1560.9121824364875,65.26525167465202,20.998104749973454,141.22229815203187,4.949696449641575,901.5931418785187,2966.855643812685,10.208098246779267
2023-01-01 23:23:00,1561.3122624524904,64.70422477699523,22.230444146358643,140.28753381427447,5.072880484232786,908.4891854970103,2973.247091594919,10.201600182133264
2023-01-01 23:24:00,1561.7123424684937,63.300244401179015,22.17493498742779,141.00429780960206,5.2190738520946045,907.5453744811417,2995.8106088802047,10.245438025022786
2023-01-01 23:25:00,1562.112422484497,64.84369962891435,21.853506653263896,140.39217340418753,5.23086337622063,906.2818161778413,2999.63031336121,10.215942125156792
2023-01-01 23:26:00,1562.5125025005,63.5056959592413,22.51314267077154,139.70982114316465,5.283250438605459,909.6501608589383,3004.834184311324,10.209578850410942
2023-01-01 23:27:00,1562.9125825165033,63.78918108972819,22.637538130805453,139.75478852820424,5.2621705752125205,909.3743934065895,2991.2061409351036,10.237250237833113
2023-01-01 23:28:00,1563.3126625325065,62.99807660646982,22.663372581550238,141.5966705605187,5.310903705506636,908.5678008407069,3009.164837803693,10.233387914267983
2023-01-01 23:29:00,1563.7127425485096,63.794780313977554,22.434126390261802,140.88977092414194,5.198607252181609,902.8810170066731,2986.555052961769,10.216812314945638
2023-01-01 23:30:00,1564.112822564513,65.93475647401269,20.2354686522451,142.3123545320939,4.833953177149496,894.2354199287003,2939.220941627426,10.158000524727358
2023-01-01 23:31:00,1564.512902580516,62.62793775972623,23.13690083947861,140.20109670969413,5.475142441168589,912.3639858981743,3030.1922887309947,10.27016972792776
2023-01-01 23:32:00,1564.9129825965192,63.628861905040424,22.431202642414124,140.26538831492348,5.0760692841706705,908.1088207827528,3007.943082253279,10.250429275145457
2023-01-01 23:33:00,1565.3130626125226,65.33106418265318,20.62394867059188,141.27153675485837,5.043540698960922,891.4110626667675,2980.8501445384313,10.184551172004829
2023-01-01 23:34:00,1565.7131426285257,63.012767331116535,22.348489052619964,141.684917934413,5.335355102451651,912.3394129911751,3001.501887375378,10.23450503951143
2023-01-01 23:35:00,1566.1132226445288,64.22127260388821,22.50241527815843,141.25348529736877,5.39632219114143,904.7652864270839,3003.4785003584416,10.216221653512012
2023-01-01 23:36:00,1566.5133026605322,64.73013464712065,21.738356862787764,141.7066205116498,5.15959133760224,901.6890519017294,2960.5408034213797,10.220960219263187
2023-01-01 23:37:00,1566.9133826765353,61.02267820376316,24.609924099143907,138.72065571086318,5.677130207671063,913.1356771667479,3029.2800118142422,10.28488710505637
2023-01-01 23:38:00,1567.3134626925385,64.22549917333181,21.099103830387286,141.8860015639918,4.864222332053992,897.5174896530688,2969.007459294479,10.196325123080417
2023-01-01 23:39:00,1567.7135427085418,63.08449860060529,22.46332572100221,139.9935683141135,5.1977835764416325,908.7494485854116,3007.9779580864392,10.244196672274986
2023-01-01 23:40:00,1568.113622724545,62.88228534214471,22.600801658031614,140.1354936353719,5.36116210838344,902.3358946388882,3004.0748146679675,10.22597930345094
2023-01-01 23:41:00,1568.513702740548,64.17549366314522,22.02006464095658,141.21467268200612,5.213567466741681,909.1558224351106,2983.4056403454238,10.229806781460866
2023-01-01 23:42:00,1568.9137827565514,63.747034520211066,22.173700206369087,140.29218505160176,5.2128438380359405,907.0762611463894,2997.6736027830375,10.227764114951455
2023-01-01 23:43:00,1569.3138627725546,63.39542655054334,22.286620722105372,141.29358866977486,5.1862781913034555,910.1313543018119,3006.4084242847985,10.222394312538757
2023-01-01 23:44:00,1569.7139427885577,63.99945760376511,22.623849303760334,141.13008343954266,5.204523515892091,907.6168415450906,2991.599189938784,10.21750346621425
2023-01-01 23:45:00,1570.114022804561,64.73266499585203,21.820458947674595,141.75104357541622,4.931523508099906,907.0526504950418,2974.822215766909,10.200041737379296
2023-01-01 23:46:00,1570.5141028205642,63.702624986719826,22.035659172881292,140.45399400834683,5.079612642445244,905.4222534424118,2991.364675515179,10.223965474447427
2023-01-01 23:47:00,1570.9141828365673,63.68691650452286,22.434507304451753,141.1833158272577,5.290704652779235,906.1703464007966,3014.4441075854156,10.228211392174876
2023-01-01 23:48:00,1571.3142628525707,64.77920842508625,21.650953470035954,141.27256692633094,4.931510375677378,907.4328513351768,2971.8040128987664,10.198394824776585
2023-01-01 23:49:00,1571.7143428685736,63.74005210004811,21.77856528942134,141.27608368998807,5.2864261131065335,904.842298538011,3001.427557011687,10.214064575220625
2023-01-01 23:50:00,1572.114422884577,62.76540800001246,23.26839714297263,139.71201698596946,5.430458726394859,906.4353587357543,3010.589090637694,10.272209154065148
2023-01-01 23:51:00,1572.5145029005803,63.3806639228022,23.651343324198777,139.2915162766613,5.509188469036862,914.2503534057815,3028.8854967261705,10.242962390825664
2023-01-01 23:52:00,1572.9145829165832,64.83274082029241,21.877625365413575,141.63148882866238,5.151936219156042,900.971947449251,2976.4578387151464,10.232176682208786
2023-01-01 23:53:00,1573.3146629325865,64.5013609659027,21.90612247574582,140.68794025982496,5.167020942165018,900.6371875145866,2995.4160063637573,10.21127378998155
2023-01-01 23:54:00,1573.7147429485897,64.44085145066279,22.643768716249742,140.65142655319968,5.130229160384274,906.3986177778455,2999.0791116740684,10.23945042283722
2023-01-01 23:55:00,1574.1148229645928,64.17127708280331,22.499481774399218,139.9076302557287,5.338885551324266,907.1332878179126,3003.228447235147,10.216642245815658
2023-01-01 23:56:00,1574.5149029805962,65.00637061551635,21.584660399773192,142.2873476398755,5.097801232741765,898.7724882619408,2963.5420868713145,10.196675504227729
2023-01-01 23:57:00,1574.9149829965993,62.94125995895451,22.88621461081264,140.1169733628662,5.5933756600011035,908.0046234156648,3011.7046910232802,10.251078889999514
2023-01-01 23:58:00,1575.3150630126024,65.6443400374279,21.251076180381332,142.31716752119428,5.114586264339444,902.5826607473479,2961.103147903509,10.194579808909864
2023-01-01 23:59:00,1575.7151430286058,64.5500157956571,22.02899511635421,141.09963432751977,5.12078884339917,905.3111535213146,2981.4194689540445,10.220266357701053
2023-01-02 00:00:00,1576.115223044609,62.81404605302592,22.48392431528936,139.47569829313107,5.199930532677676,905.2011744936248,2992.5607555504653,10.247693209092759
2023-01-02 00:01:00,1576.515303060612,61.98914319328307,23.724800814994673,140.22338497115246,5.552476212591203,912.2137522325046,3020.565141117171,10.257131414102238
2023-01-02 00:02:00,1576.9153830766154,66.47818872184297,20.770848276318596,142.29343122795063,4.9779220703639435,899.5998493484649,2963.3982516779083,10.181069369260126
2023-01-02 00:03:00,1577.3154630926185,65.01473785193211,21.473733310129706,141.3158657042112,4.9396579410737464,896.3893825634523,2969.3593630197283,10.201416868999457
2023-01-02 00:04:00,1577.7155431086217,62.87470346552637,23.04054371245877,141.0295280370681,5.386017833956102,908.2213157808449,3033.6434201196785,10.241962879824328
2023-01-02 00:05:00,1578.115623124625,63.773045721204674,22.621526426640475,140.64017718133687,5.146118082376552,905.9669210456123,2992.796168513395,10.232404672155688
2023-01-02 00:06:00,1578.5157031406281,66.64336721255778,20.271407094623257,142.12619290344423,4.829736470573866,893.8246508990468,2957.936958920544,10.177864935168834
2023-01-02 00:07:00,1578.9157831566313,67.03563943423724,20.24655687313184,141.85658941364483,4.753622403288555,897.5849299954493,2928.8666313937783,10.156218147909804
2023-01-02 00:08:00,1579.3158631726346,64.03792393783706,22.140341649113708,141.0912990559851,5.172763411627528,900.8599895861558,2975.6504940452965,10.217978326411462
2023-01-02 00:09:00,1579.7159431886378,64.93540400583505,21.826555061813025,141.50967040416666,5.217854067196414,900.792157645399,2981.0570278555306,10.20329104320212
2023-01-02 00:10:00,1580.116023204641,63.72905883034036,22.366573207270687,140.7184997878435,5.179098861324575,906.3048104393316,3003.401352994035,10.240045034131189
2023-01-02 00:11:00,1580.5161032206443,61.94471026659382,23.7830057378684,140.49172268778216,5.449505468561978,915.7800810696546,3031.0953213792,10.25467700353172
2023-01-02 00:12:00,1580.9161832366474,62.81237267894772,22.605811900222907,140.10027547399028,5.276844660695991,909.0311486409116,3007.8898375172284,10.2337893848228
2023-01-02 00:13:00,1581.3162632526505,64.13294009484456,22.5007523836344,141.30213540457908,5.336546550806034,902.6936088546905,3006.5972654265297,10.223036526244902
2023-01-02 00:14:00,1581.7163432686539,65.37871751500401,21.34195960286938,140.91689477123944,5.167119787997751,898.2482470440075,2974.1314470773827,10.212185191182364
2023-01-02 00:15:00,1582.1164232846568,64.69580562786228,21.712512048810844,141.7279573724423,5.211657365162526,896.8172411059645,2974.2403376588313,10.228054923686932
2023-01-02 00:16:00,1582.5165033006601,63.52660038985429,22.16218147869819,139.95160683010178,5.228433840797264,909.1316351639834,3014.51832450233,10.241187075257177
2023-01-02 00:17:00,1582.9165833166635,65.20543259676724,21.297601715761555,141.78732951229736,4.981565699863958,901.9096850857487,2988.6856130839965,10.214606606336455
2023-01-02 00:18:00,1583.3166633326664,64.88403104586271,21.669851189500676,141.13402355410494,5.252570813374179,905.474857050585,3004.882619755496,10.189627596314885
2023-01-02 00:19:00,1583.7167433486698,65.60753904764012,21.734774087764396,141.29827445960015,4.94975257137319,900.5141376810305,2975.6712973587037,10.187242531172965
2023-01-02 00:20:00,1584.116823364673,65.44895901330861,20.46154371442233,142.42332424417796,4.928662817668736,899.4984829268404,2947.925925966937,10.177192052404418
2023-01-02 00:21:00,1584.516903380676,65.71737870945073,20.74326814007168,141.91402592363858,4.964573313406642,899.4629572234205,2961.584684052261,10.174819918552913
2023-01-02 00:22:00,1584.9169833966794,62.07239924625458,23.30324973776773,140.09526495413837,5.427031260928135,912.8171987495018,3018.1822795497196,10.248777375984282
2023-01-02 00:23:00,1585.3170634126825,65.10262982247538,21.940882077762364,141.51076160865765,5.507690176879108,906.517746256573,2978.3277057682153,10.208241088782865
2023-01-02 00:24:00,1585.7171434286856,64.07148587686856,21.89663249872694,141.13720104004946,5.217701088062285,906.5548004283481,2977.0980274609938,10.224274018376226
2023-01-02 00:25:00,1586.117223444689,65.87391154212003,21.305606211736126,141.6845162665015,5.142416469409523,899.2050989004862,2965.567677907235,10.19296317163389
2023-01-02 00:26:00,1586.5173034606921,66.56205257154602,20.551500512962296,143.01843066538999,4.953023878819054,892.8687466978706,2954.1498339273794,10.153173077830468
2023-01-02 00:27:00,1586.9173834766952,66.35775756099557,19.500566348885275,142.48923748633095,4.809630369948679,888.6713178805146,2942.0580303682545,10.160247855361307
2023-01-02 00:28:00,1587.3174634926986,65.38085530037324,21.745816054795803,141.25499770319692,5.065624527064098,899.6742107947777,2991.7312417416656,10.20052593805484
2023-01-02 00:29:00,1587.7175435087017,63.24456634075861,21.682135461954317,141.7434533997644,5.165931601913197,909.2062302757936,3007.702519321469,10.234666441778197
2023-01-02 00:30:00,1588.1176235247049,63.114516599577925,22.02845537227451,140.56041460378862,5.336066902996612,905.3887118900946,2985.5400653427187,10.234088073753023
2023-01-02 00:31:00,1588.5177035407082,64.92626688325443,21.712716916407768,140.48035853837524,5.22099456203458,902.4461155574452,2994.4036987699346,10.204278157946499
2023-01-02 00:32:00,1588.9177835567114,63.78614163560282,22.934819070117168,141.2135642043554,5.276691476579588,910.6429889012081,3001.894947766614,10.235183602009785
2023-01-02 00:33:00,1589.3178635727145,66.27676301494108,20.83263110197765,142.42822262272804,4.829387667020311,891.0208478783284,2939.058392889454,10.169164323118386
2023-01-02 00:34:00,1589.7179435887178,65.0775294243959,21.33117092554877,140.64180316417264,5.036429133332753,905.1598179121394,2973.6468268270924,10.21274747868088
2023-01-02 00:35:00,1590.118023604721,64.2132062850197,21.565195171104378,139.98915536365067,5.2112302824172145,905.8250953941998,3000.5085976189544,10.200772531489648
2023-01-02 00:36:00,1590.518103620724,63.37309192386005,22.154724469011697,140.07541203915946,5.421509536339187,907.2618624165776,3018.83173116606,10.244829289523732
2023-01-02 00:37:00,1590.9181836367275,64.37767123796714,21.942036977524754,141.45065807810593,5.05751783461179,903.6307226980113,2980.8570912120717,10.224658186495954
2023-01-02 00:38:00,1591.3182636527306,63.01281895952685,22.520832164447448,140.80626960453674,5.213101602493542,907.2976310745066,3012.9720696172794,10.225779254011064
2023-01-02 00:39:00,1591.7183436687337,66.82969572223274,20.919745928811675,141.94875410197864,4.857753970486844,898.170979373696,2954.1400731817926,10.164601618252487
2023-01-02 00:40:00,1592.118423684737,65.34584898582432,21.146283837987447,142.41084974068414,5.104244612274567,897.8721759199161,2964.770932667588,10.19704562006529
2023-01-02 00:41:00,1592.5185037007402,63.21372368974091,22.378191997966944,140.6003504030094,5.352033801791637,906.7553145550115,3005.5380327117286,10.230166710171503
2023-01-02 00:42:00,1592.9185837167433,65.71430804973863,20.502372224215325,142.40274677287692,4.979867028696616,899.4423441645362,2930.298363432122,10.1646931797513
2023-01-02 00:43:00,1593.3186637327467,63.10927860896686,22.884444691025124,139.86036435746473,5.1137325611480495,907.6685768229678,3002.971918599025,10.233455432721932
2023-01-02 00:44:00,1593.7187437487496,63.62935763258542,22.68440566969007,140.51915258553902,5.275420637770754,909.4900323933475,3004.237700644302,10.22545390802041
2023-01-02 00:45:00,1594.118823764753,62.7471664033428,23.04224628383669,139.52038605765833,5.4951544991212025,910.2654039438323,3016.422990395919,10.238597781311691
2023-01-02 00:46:00,1594.5189037807563,64.4707558709836,21.828370279365565,141.15660471699636,5.352782210431067,903.7660700064372,3000.9209925641812,10.204139914184609
2023-01-02 00:47:00,1594.9189837967592,65.18042044040442,21.292592248292458,141.5036847313125,5.017222715653575,902.5575232636447,2992.6987394487496,10.190159739882047
2023-01-02 00:48:00,1595.3190638127626,64.86671973523208,21.08149143243567,142.29695893102377,5.0970623808903355,904.7422796923663,2976.2232198686597,10.193717238388045
2023-01-02 00:49:00,1595.7191438287657,64.98404038445089,21.256538638222047,141.48959993839634,4.911872914307779,900.8577531001494,2969.602147203467,10.196144512781089
2023-01-02 00:50:00,1596.1192238447688,63.684937207986806,21.357894278493237,140.89964147073945,5.268514108112068,909.3444600554083,2994.787355834667,10.22999475015542
2023-01-02 00:51:00,1596.5193038607722,64.4866616996578,22.300470221570915,140.8264000056883,5.351907948093475,897.1626757911461,2965.955646292669,10.217821261185058
2023-01-02 00:52:00,1596.9193838767753,63.31535903097348,22.458543150796128,141.2054618333214,5.35112740178883,908.5855314638337,3010.3314910139516,10.228233848179187
2023-01-02 00:53:00,1597.3194638927785,65.4403110915561,21.98973552407199,140.91686071061835,4.952133177509927,905.4133743911761,2980.2330372858332,10.23394105090497
2023-01-02 00:54:00,1597.7195439087818,62.29220930632005,23.421620219355585,138.8069889164958,5.496584563055812,907.937871793945,3003.4099705335884,10.272426973285603
2023-01-02 00:55:00,1598.119623924785,64.24574870610688,22.56950418018126,140.886776476062,5.243840227761372,902.5401926659974,3001.919794460518,10.227720579004627
2023-01-02 00:56:00,1598.519703940788,68.11682616374898,20.004456326661803,142.27909847757928,4.730462037810659,885.8515256999257,2935.721984541844,10.16173100292197
2023-01-02 00:57:00,1598.9197839567914,64.589004576994,21.795253432026435,142.0886907686681,5.131193242250723,913.7762347200841,2972.762566545652,10.208612176592993
2023-01-02 00:58:00,1599.3198639727946,65.47034144718342,20.979330993263183,141.9834740858618,5.186935451979967,894.8052435433227,2989.5962096088624,10.206339448154248
2023-01-02 00:59:00,1599.7199439887977,65.06303645553803,22.295120026103437,140.96403626085683,5.085749674776004,896.2768388543217,2968.489949390934,10.201651374140605
2023-01-02 01:00:00,1600.120024004801,65.10801220582324,21.394905298565984,141.31428374021982,5.136743683265691,903.0149472506525,3003.3049636535047,10.1853283705332
2023-01-02 01:01:00,1600.5201040208042,63.22441843633144,22.97351690201342,140.6210965091865,5.338468330175827,912.9818411672898,3007.0345692009787,10.252819497332917
2023-01-02 01:02:00,1600.9201840368073,64.44534033944544,21.983507498267347,140.39205569346976,5.370474100450818,907.6473937343894,3007.366341602209,10.22941683236533
2023-01-02 01:03:00,1601.3202640528107,64.27502692472416,22.11282687979982,141.84284072276085,5.135181837864293,903.9826454754975,2986.3886974018137,10.220653432952064
2023-01-02 01:04:00,1601.7203440688138,65.8359491083718,21.606095758779713,142.2230121398176,5.184567435596878,904.8225398823047,2977.404909196381,10.189525278730605
2023-01-02 01:05:00,1602.120424084817,65.22454630158005,21.577001138309512,140.96956678993132,5.184459780772938,905.4778339781686,2976.5212281617905,10.208387995808131
2023-01-02 01:06:00,1602.5205041008203,66.40630584085928,20.391052740563868,142.73867763589746,4.890891367837824,895.7046283223439,2946.115607237172,10.177453501760956
2023-01-02 01:07:00,1602.9205841168234,65.08564077917754,22.08906323551128,141.41554614845597,5.1932220151565485,900.3616685407569,2981.352870708484,10.217105430679878
2023-01-02 01:08:00,1603.3206641328266,64.40775096807218,21.787867806024142,140.15351224845293,5.1734997046112445,909.3200725407252,2983.5487256883584,10.220325335942741
2023-01-02 01:09:00,1603.72074414883,67.07186841267179,19.62334408734279,142.4113544306211,4.934255717248963,895.6247076653518,2952.57199307779,10.153245031055416
2023-01-02 01:10:00,1604.1208241648328,64.94613977048675,21.71464825442922,141.4409622141808,5.154736637773763,903.145928985853,2986.2707139058875,10.211000972023927
2023-01-02 01:11:00,1604.5209041808362,64.77856657666082,22.20195737484361,140.74831626591745,5.254539173790865,904.5096697915787,2970.8748695620743,10.219717007665558
2023-01-02 01:12:00,1604.9209841968395,65.20346729524545,21.733447459666433,141.8214364618124,5.099651204835208,906.2311310031646,2976.3017821715503,10.206314820438605
2023-01-02 01:13:00,1605.3210642128424,64.38711354057625,21.79230410596393,140.80543379923037,5.299065063300301,907.0085647165662,2998.592868552878,10.199087194146353
2023-01-02 01:14:00,1605.7211442288458,66.8238548810739,20.107836047818918,142.15671695711072,4.864236126880928,889.5582769180818,2960.6749853971965,10.174278610159739
2023-01-02 01:15:00,1606.1212242448491,64.68589798591495,21.59276894286841,141.5487889235292,5.13720698757677,896.3561239921011,2971.4888424286046,10.225048261184572
2023-01-02 01:16:00,1606.521304260852,66.03660075153033,20.989732956057978,142.30018211867423,4.798167197286844,901.6976494318492,2959.575011176141,10.208236090239911
2023-01-02 01:17:00,1606.9213842768554,65.27259472714165,21.152346931739984,140.37738832733797,5.156528394230461,905.1752803024542,2988.7650092165486,10.203592466944015
2023-01-02 01:18:00,1607.3214642928585,66.25488380340478,20.685455899226863,141.8264158365065,4.953877496701294,896.1119281020324,2960.644992275336,10.194007257658601
2023-01-02 01:19:00,1607.7215443088617,65.13155480811814,21.40487647038768,141.61471632217115,5.1600287467622445,903.349040167884,2976.8188334448732,10.22933985063583
2023-01-02 01:20:00,1608.121624324865,64.71944530974163,21.61210066235554,141.9290670611827,5.0012733160018845,904.0917646669201,2975.692310807798,10.206436845395416
2023-01-02 01:21:00,1608.5217043408682,66.31563062104668,21.045708918956233,142.04961526363812,4.9792285069196796,898.7090728197488,2972.2414488099303,10.18969037080659
2023-01-02 01:22:00,1608.9217843568713,64.81430946217209,22.01595886675639,141.2516411715888,5.33375813619989,907.8700222020631,2990.700776514891,10.221678556267408
2023-01-02 01:23:00,1609.3218643728746,64.49410115173309,22.192756682806547,140.97666224563642,5.147925345879587,895.1542802851641,2981.0766923148376,10.206690870505685
2023-01-02 01:24:00,1609.7219443888778,65.45534360998082,20.817641152525876,142.05224343578288,4.875284510667707,899.861862356892,2957.6156002336734,10.18471365734128
2023-01-02 01:25:00,1610.122024404881,65.76652067628407,20.166485905586693,142.61426421422001,4.883375723283613,897.1053955166327,2958.4360613091476,10.190065384185395
2023-01-02 01:26:00,1610.5221044208843,65.56251139231134,20.83096284899899,143.1331243157226,4.978057442926808,898.0300106957668,2943.291647826954,10.175683949162439
2023-01-02 01:27:00,1610.9221844368874,62.97727531621424,22.781394585869975,140.4500671565856,5.36117855285458,911.527689011178,3020.3508707208784,10.259548683632355
2023-01-02 01:28:00,1611.3222644528905,64.84996262248407,21.399192369035227,142.06800196764218,5.078005648044139,902.5997051674921,2975.8815067185515,10.205466860148531
2023-01-02 01:29:00,1611.7223444688939,66.37863290880661,20.782574170235254,141.96152167798505,4.704119465262461,898.641705502123,2949.080032949956,10.184604724063576
2023-01-02 01:30:00,1612.122424484897,65.21415106465798,21.023153574169452,141.72261155976406,4.937619019412301,901.3576154995633,2974.621551267184,10.178724606934319
2023-01-02 01:31:00,1612.5225045009001,66.79135844134872,20.401545831338257,142.11636483292875,4.938486504910062,893.8291359834445,2957.4314438641254,10.173836663750157
2023-01-02 01:32:00,1612.9225845169035,64.79057094704224,22.039925697557617,140.52301832214295,5.116358530814562,902.0787465448687,2996.904076054764,10.225247153205538
2023-01-02 01:33:00,1613.3226645329066,65.54547265073897,21.257667249113126,142.07645312784666,5.074512321422402,903.6349091942704,2960.289049112695,10.20638389991818
2023-01-02 01:34:00,1613.7227445489098,63.46261992408346,22.82058578892139,140.9332744386139,5.202287927778557,906.7306845519523,2986.5482450745367,10.233459677867517
2023-01-02 01:35:00,1614.1228245649131,66.22399135252104,20.652385038647594,142.25996193581545,4.7901492519776,894.0445835916632,2941.06473593166,10.172553827391614
2023-01-02 01:36:00,1614.5229045809162,65.51135155751372,21.45830560361446,141.6341284506943,5.072923458728511,897.406339528689,2978.319347397384,10.205328993730994
2023-01-02 01:37:00,1614.9229845969194,67.57604592097438,20.93198879713212,142.43208234797243,4.902806712627598,895.0855742444579,2932.779648807599,10.160258034926104
2023-01-02 01:38:00,1615.3230646129227,64.95932298769105,21.40651115102397,141.7421117755589,5.149646864819332,900.5264814155989,2972.177472793413,10.17305849836764
2023-01-02 01:39:00,1615.7231446289256,63.988805122106,22.44973397206524,140.27071659743063,5.428593384985248,909.8984445925305,3006.193774616187,10.23607009781058
2023-01-02 01:40:00,1616.123224644929,65.22711446769189,21.70461179085187,140.8395697453433,5.2376284470655285,902.0957834921517,2979.8288144955654,10.218880389057608
2023-01-02 01:41:00,1616.5233046609324,66.75308941769846,20.540289298912548,142.24666768005184,5.0683106284494075,897.5489807213636,2943.5970562069565,10.204398972193145
2023-01-02 01:42:00,1616.9233846769353,65.97985054496421,20.412810725534445,143.02833376465958,4.811339206828134,894.4641774659744,2952.1778824286725,10.17343917239497
2023-01-02 01:43:00,1617.3234646929386,65.95955208441548,20.54338547705696,141.7395798230064,4.853085615330308,899.6901610947806,2975.5162163355963,10.196140392372778
2023-01-02 01:44:00,1617.7235447089417,66.69373737972496,20.19280030267645,143.06340097023218,4.665349913006115,896.4903271453743,2943.4442438354035,10.161625377302954
2023-01-02 01:45:00,1618.1236247249449,65.41250975725121,20.88579009717065,142.35337909633313,5.087766389713323,905.6186650137697,2993.7371111998264,10.181854094117686
2023-01-02 01:46:00,1618.5237047409482,66.61494361837171,21.187315794956795,142.5298657243505,4.86752143604827,893.923459222602,2976.3428754972997,10.194606151603018
2023-01-02 01:47:00,1618.9237847569514,66.69861356448205,20.9677950421172,142.0737819591002,4.79639305932208,896.5321328042123,2940.4826583956374,10.1708477858002
2023-01-02 01:48:00,1619.3238647729545,64.08854914305977,22.36159109421813,140.96906905416554,5.279890272289069,902.1746254826403,2989.386254595205,10.23421412883708
2023-01-02 01:49:00,1619.7239447889579,63.109984881334555,22.639961290593906,140.40796777324113,5.292451082127211,904.4338903847265,3020.415699451219,10.248585220469488
2023-01-02 01:50:00,1620.124024804961,64.91431106989631,21.24592417179242,142.04644880520175,5.035753193012083,901.3750882238455,2969.1042236481285,10.234217325793475
2023-01-02 01:51:00,1620.524104820964,66.58643856045555,20.331400908764714,143.00337964334722,4.799522045401015,892.7669143948402,2938.4238987251497,10.174092273922136
2023-01-02 01:52:00,1620.9241848369675,62.289160317411806,24.1744579869478,139.19529378106904,5.635449526451299,913.9561178160156,3042.793184174782,10.284174117585067
2023-01-02 01:53:00,1621.3242648529706,67.62559705147928,20.72008285438326,143.0207761256109,4.992558593542236,892.7306869474418,2966.3996827124574,10.166964609087131
2023-01-02 01:54:00,1621.7243448689737,64.62583120157964,21.976393527841445,140.705276227375,5.046857103264594,900.680447231311,2989.5917069127204,10.206753007307526
2023-01-02 01:55:00,1622.124424884977,67.70878677730279,20.445565349343106,142.4541184968406,4.63164398803725,900.056774018699,2945.381803572472,10.17111202423679
2023-01-02 01:56:00,1622.5245049009802,66.66804933966061,20.75892007368294,142.39861041867422,4.980232181377742,897.0923728190247,2968.4780041566187,10.169915383171864
2023-01-02 01:57:00,1622.9245849169833,65.52931725917779,21.531024729223812,140.94301636909404,4.881386168299614,901.3860718641374,2985.8329813390224,10.186898328918705
2023-01-02 01:58:00,1623.3246649329867,65.51155458801126,21.35997027288007,141.38081500043074,5.12505034833206,904.0500711640763,2982.1888624476096,10.214541644041883
2023-01-02 01:59:00,1623.7247449489898,62.831978952065775,22.483217668404674,139.95695011938912,5.454045149196012,906.8729241267018,3003.7794490628194,10.247172623980497
2023-01-02 02:00:00,1624.124824964993,65.40915193130549,21.01984520480145,141.7172127597722,5.120405487584499,902.1923694551564,2957.991285057979,10.189644051078812
2023-01-02 02:01:00,1624.5249049809963,67.04084759034842,19.92934008300757,142.46257281381608,4.603818763595331,897.4935020763353,2935.50451365155,10.172057618272945
2023-01-02 02:02:00,1624.9249849969995,66.33242603294254,21.06778220440421,142.15967919224394,5.035268095379003,901.3261199896921,2956.765920259958,10.18038039330276
2023-01-02 02:03:00,1625.3250650130026,67.13119366109697,20.038964535211143,142.5340810063342,4.663595196847157,893.4434230495948,2950.671289452438,10.17469527436115
2023-01-02 02:04:00,1625.725145029006,64.45001523447733,22.4196313371844,140.4644487025315,5.211666365899317,907.4799324636762,2986.521497713487,10.244697466560776
2023-01-02 02:05:00,1626.1252250450088,65.46019377795429,21.381719398767995,141.9142311272079,5.1389349976099545,901.2333630510985,2983.33462307763,10.210269080677012
2023-01-02 02:06:00,1626.5253050610122,63.63565144000136,22.54995894572842,140.8231089659029,5.233484423472816,906.9502188011987,3002.801290695293,10.230755280360937
2023-01-02 02:07:00,1626.9253850770156,66.67453325140033,22.20131450844831,141.35545210763806,5.139635841460899,901.802305449531,2978.5795864571583,10.194147488172911
2023-01-02 02:08:00,1627.3254650930185,64.88879579173914,21.95745716018413,141.4018629330634,5.151197115754996,908.2275614550648,3002.9396438444783,10.210701920989862
2023-01-02 02:09:00,1627.7255451090218,64.11626989881132,21.860543986969706,140.51168045448966,5.170706887436795,908.101166735639,3006.9898086239978,10.222591699579489
2023-01-02 02:10:00,1628.1256251250252,65.40570857239729,21.92920047597525,140.88479687441915,5.177430074338346,904.5164304766424,2987.068463937677,10.210576734253994
2023-01-02 02:11:00,1628.525705141028,64.64109083233213,21.95671546560893,139.70027967093606,5.204428650534532,904.108967173081,3005.2415910044833,10.213972684136422
2023-01-02 02:12:00,1628.9257851570314,66.31144368796426,21.206136303349098,142.39688895763038,5.058467637086006,904.0250084252341,2957.899795241434,10.188906655834007
2023-01-02 02:13:00,1629.3258651730346,65.10309588352183,21.928938785047304,140.61336749866052,5.1432995761493325,901.9172205419027,2974.9159013428966,10.216665348947913
2023-01-02 02:14:00,1629.7259451890377,65.40308323185997,22.003297854863177,141.0417580944199,5.105688162446981,908.2467052327258,2988.9468594056407,10.225439256148691
2023-01-02 02:15:00,1630.126025205041,65.29984694437054,21.18426159198483,141.82331586126736,5.292946375579023,906.8588402929406,2970.880511101948,10.218484043236797
2023-01-02 02:16:00,1630.5261052210442,65.64327082543151,21.613243126010783,140.89704219545624,5.094080332043315,901.9602293797329,2995.050355185326,10.208430233481147
2023-01-02 02:17:00,1630.9261852370473,63.783693271892,23.10049088503153,140.849840085635,5.375951894822887,910.6619641513628,3006.4773657769583,10.251313301985505
2023-01-02 02:18:00,1631.3262652530507,66.20775591702159,21.04036095676741,141.02224759419536,5.182030110087452,903.2039359865123,2956.1163251553726,10.199945121889119
2023-01-02 02:19:00,1631.7263452690538,65.4053700048688,21.502159064956437,141.25040038943234,5.210121715531749,901.2646446778613,2971.8111041992493,10.224485263611092
2023-01-02 02:20:00,1632.126425285057,65.13214288143558,21.89773651626334,141.40181157973868,5.088242430284812,902.5345177046909,2972.0299791917937,10.207038328480671
2023-01-02 02:21:00,1632.5265053010603,65.74500680490885,21.800849812805687,141.73674467433403,5.028746466483491,904.533332490679,2961.201257774463,10.215599309569534
2023-01-02 02:22:00,1632.9265853170634,65.31624092430366,21.822172419376436,141.18160696534432,4.937270231070873,904.1791631152681,2987.6096117406387,10.2173834864436
2023-01-02 02:23:00,1633.3266653330666,66.42754979570219,20.797310157418668,141.77765031890812,4.909871084547037,893.6655066414812,2966.7206336866384,10.184923672361244
2023-01-02 02:24:00,1633.72674534907,66.06877137536912,20.61333289634705,142.98727357552363,4.96772661672652,892.6930105093411,2954.502845052861,10.186681146807935
2023-01-02 02:25:00,1634.126825365073,64.60313475132884,21.244399813350334,142.12139982613672,5.166556651741741,901.172565103568,2986.593354315184,10.22157195167763
2023-01-02 02:26:00,1634.5269053810762,64.99336714225815,22.236973131457283,139.8798820681596,5.384998762136462,908.4404260123389,3022.4143423426945,10.230370454324262
2023-01-02 02:27:00,1634.9269853970795,66.854338444051,20.224322086595546,142.54966253434318,4.873132086053754,897.4082413558095,2952.1509102466534,10.182234041456901
2023-01-02 02:28:00,1635.3270654130827,65.62540559597485,21.593974272578713,141.36359693099251,5.132001215495401,900.2402874567351,2972.224784462744,10.202267206678474
2023-01-02 02:29:00,1635.7271454290858,67.19625965812202,21.034115200727555,141.659684350501,5.014562642207872,901.7231362785482,2957.649719410478,10.179105176177995
2023-01-02 02:30:00,1636.1272254450892,65.53637040008714,22.498054686760582,139.91534707001483,5.324597142924926,900.6848593807316,3008.948119582422,10.226440253692422
2023-01-02 02:31:00,1636.527305461092,65.85131426050506,21.120993600349497,141.695436042716,5.3280001718716266,906.5004772852711,2974.6986751802183,10.20975898767053
2023-01-02 02:32:00,1636.9273854770954,64.97324232910078,22.64815926912572,141.1250134018072,5.2777088192419646,907.1023097107712,2996.817670965015,10.23077669473157
2023-01-02 02:33:00,1637.3274654930988,63.804884246923116,23.104168841524917,140.22148042428492,5.317999997262022,916.6148846374477,3035.6338568227484,10.262518577909551
2023-01-02 02:34:00,1637.7275455091017,66.07384500830305,21.500628239422458,141.6866881522473,5.030776035395245,902.4679015817494,2968.903784114207,10.197538029115293
2023-01-02 02:35:00,1638.127625525105,65.37187740134355,21.60407474812942,140.39075958455982,5.281821063927918,903.1279304630694,2993.726896648536,10.199557778732606
2023-01-02 02:36:00,1638.5277055411084,64.91832122253908,21.918137297767945,141.3734368790768,5.168174678970398,900.2592001593375,2990.403775369602,10.216545606142509
2023-01-02 02:37:00,1638.9277855571113,66.63829980732764,20.974375062489223,141.91889819473263,4.9329532311645785,901.7502917294981,2966.607119414343,10.181011939835036
2023-01-02 02:38:00,1639.3278655731147,66.29193368301341,20.793007678844006,142.34376396865977,4.944807526010837,899.83341510406,2975.1557205419986,10.163687032836448
2023-01-02 02:39:00,1639.7279455891178,64.88669441733457,22.354177748279017,140.54289703190076,5.247204787273126,905.291382226802,2984.6161105844544,10.210719679839034
2023-01-02 02:40:00,1640.128025605121,66.30838098657479,20.779807113647138,142.65134748010223,5.081239325252767,900.4506744614106,2982.533190499014,10.191870989575094
2023-01-02 02:41:00,1640.5281056211243,63.57014813969906,22.559928880435013,140.66726989899212,5.353618706928029,912.3592525705308,2994.8143902877555,10.225591384696395
2023-01-02 02:42:00,1640.9281856371274,68.01646110071465,19.998812359075416,144.37124573304737,4.430465953699673,890.0641695301111,2917.827494636853,10.140570892477534
2023-01-02 02:43:00,1641.3282656531305,66.7427372818867,20.725349136334078,141.3935706362337,4.945840377877609,897.1719982682723,2948.8575928836713,10.18114615447539
2023-01-02 02:44:00,1641.728345669134,66.66262986648758,20.370076791606266,141.7512978532253,5.017879404735036,904.6370986203791,2964.5440407472715,10.202809654963133
2023-01-02 02:45:00,1642.128425685137,68.26161069492464,20.327571222017003,142.14666727708152,4.68394073143076,888.7084546401654,2931.795741138106,10.167364141393326
2023-01-02 02:46:00,1642.5285057011401,64.62593960666518,22.753578372700012,140.293016347842,5.3662130265305805,909.8205500100654,3014.687969185698,10.235482415388796
2023-01-02 02:47:00,1642.9285857171435,67.80716991181271,20.207046312805133,143.31131658757025,4.893902083829619,893.8287412029298,2932.294429091836,10.149431978014771
2023-01-02 02:48:00,1643.3286657331466,64.73389599081369,22.552828323929564,140.83266372236437,5.150311581004531,909.5351379162582,2995.9008425215748,10.234146488933566
2023-01-02 02:49:00,1643.7287457491498,66.32201867505195,21.169688204517843,142.29606119036055,5.207486165035398,901.5871789840902,2967.589221109399,10.182766115535975
2023-01-02 02:50:00,1644.1288257651531,64.09789612471432,22.51284945358649,141.53954599805638,5.156581848847496,909.9806436690088,2985.876254269663,10.212060422291474
2023-01-02 02:51:00,1644.5289057811563,65.4934238083349,21.997090742234768,141.80709623516003,5.246079243525707,901.8798359834401,2971.8216945866975,10.225366846721833
2023-01-02 02:52:00,1644.9289857971594,65.43303107651457,22.101891623330822,140.68751810745815,5.2216815436671755,905.5836370001226,2978.091413102684,10.225191200802398
2023-01-02 02:53:00,1645.3290658131627,66.27094386352192,20.72958637144779,141.39322325857802,4.906022312603929,895.3567031135996,2965.748185152241,10.196258916109185
2023-01-02 02:54:00,1645.7291458291659,64.96798899363587,22.01635842930521,140.91556538565732,5.240345109752707,906.4354735651335,2966.7217760055673,10.21251917596534
2023-01-02 02:55:00,1646.129225845169,66.92284783003144,21.03496908866481,141.2938158925983,5.06665211542566,894.9109887675465,2938.4511399114226,10.178274450924127
2023-01-02 02:56:00,1646.5293058611724,66.21022050291356,21.424815401643013,141.48739865567265,5.029434650872176,899.823108663025,2972.03125722364,10.202194037754266
2023-01-02 02:57:00,1646.9293858771755,64.31898933262407,22.55719136514179,139.474206462609,5.39919966480988,908.673810746438,2996.744033363039,10.248577317873757
2023-01-02 02:58:00,1647.3294658931786,65.18815521957139,22.191064057974938,140.40975234483037,5.201837528458969,904.9894212138173,3012.1687985745716,10.244897347233922
2023-01-02 02:59:00,1647.729545909182,65.4639718196987,22.244023512430275,141.29711031445598,5.3824269065953745,907.615755217235,2991.4372470792696,10.228881534277026
2023-01-02 03:00:00,1648.1296259251849,66.52753991244572,21.694072579670646,142.74917706283614,5.079394079443149,897.1978575288894,2976.1192979067714,10.190807805892986
2023-01-02 03:01:00,1648.5297059411882,66.36696906380713,22.42318575543255,141.0190343962374,5.2214045211851525,905.1547132777248,2975.85610515726,10.216327436323954
2023-01-02 03:02:00,1648.9297859571916,66.04337533698319,21.75185762923493,141.75055962785385,5.255038153081225,904.2899933659713,2976.7629190589823,10.21295894762325
2023-01-02 03:03:00,1649.3298659731945,68.118330752843,20.5953821383252,143.46126539411677,4.842679069320555,897.8977641696273,2945.9128099031955,10.184869522829615
2023-01-02 03:04:00,1649.7299459891979,64.6165041141947,22.381817536672663,141.00102401797267,5.163876562603214,904.899095479971,3012.0047445529713,10.232109359226046
2023-01-02 03:05:00,1650.1300260052012,65.45117881706915,21.556300725059867,141.6890108609316,4.96504228682245,907.646631812245,2979.638136337012,10.190216361764978
2023-01-02 03:06:00,1650.5301060212041,65.93785341992206,21.556089118891233,141.36876797886634,4.958615353693288,904.0959141141656,2971.06482387456,10.194481351275899
2023-01-02 03:07:00,1650.9301860372075,65.76514421184952,20.872869573179987,141.5726115617031,5.180442300883119,904.1379999294518,2965.5184159150945,10.201702500060588
2023-01-02 03:08:00,1651.3302660532106,65.85070085292121,21.815612094756943,141.59792234717565,5.398106886190459,897.7595233153826,2989.4523243049575,10.217673815534713
2023-01-02 03:09:00,1651.7303460692137,69.33863607213335,19.358918357131568,143.26365418669943,4.845084494022528,892.3619480993058,2945.289521551801,10.158511589843084
2023-01-02 03:10:00,1652.130426085217,64.59047131462873,22.541542052588138,140.1887211493235,5.268799512654739,911.4492312573573,3009.295068037581,10.24066357045728
2023-01-02 03:11:00,1652.5305061012202,63.82034281109665,22.744296859112225,139.6823204911652,5.347912262063242,910.3160435747532,3006.2019940830105,10.241477175543952
2023-01-02 03:12:00,1652.9305861172234,65.27794930181958,21.514142792026938,140.73701300085952,5.21372255661936,910.4302246364172,2990.3048876982793,10.222122956612505
2023-01-02 03:13:00,1653.3306661332267,64.58578589030488,22.281904050148125,139.91156946624494,5.204403636589631,910.1512283568984,3017.1067002578047,10.241116159308199
2023-01-02 03:14:00,1653.7307461492298,64.2282828061843,22.75239651355138,140.86078090377674,5.283929023675364,909.0044324143225,3010.4772838042063,10.234238099013934
2023-01-02 03:15:00,1654.130826165233,67.64547708947208,20.123931666626696,141.60989651593783,4.839290699685765,895.7919085027164,2960.845525809309,10.178800876641818
2023-01-02 03:16:00,1654.5309061812363,65.93346634834285,21.677585393628497,142.19022604676832,4.940265559098058,902.5296200231775,2981.8182084007253,10.214592460447996
2023-01-02 03:17:00,1654.9309861972395,65.12004368857149,22.640413288661485,140.1072212810154,5.27302558095597,906.3428299381758,3011.051604571879,10.242125844605548
2023-01-02 03:18:00,1655.3310662132426,66.52370935718953,21.613127465520176,141.77088405948524,5.108898009336493,902.8245621604539,2960.778637522068,10.20133382951066
2023-01-02 03:19:00,1655.731146229246,64.94520878754787,22.343240547237794,140.1106826184802,5.296323461148946,906.9214311989349,3005.6911090814265,10.228239956906764
2023-01-02 03:20:00,1656.131226245249,65.68389235392824,22.302622430449087,140.89664939487048,5.1550720217326775,900.0389483547441,2978.606314553435,10.215923849973217
2023-01-02 03:21:00,1656.5313062612522,64.27046152896712,23.20901006797513,138.72491521545268,5.41255026131126,908.5529112414611,3012.8089831616517,10.239910714601297
2023-01-02 03:22:00,1656.9313862772556,65.79304915830558,21.676905780197274,141.65187450293405,5.014172306452988,901.8737859609365,2972.979167131663,10.227240412159542
2023-01-02 03:23:00,1657.3314662932587,66.53021410155793,21.237636923284747,141.1547804966794,5.163502874226372,899.6500177623782,2979.3553816814847,10.204480836720787
2023-01-02 03:24:00,1657.7315463092618,65.96640799443816,22.306214630551064,141.32062302543565,5.061179551398753,909.3031652269002,3003.8282590718127,10.211753838035252
2023-01-02 03:25:00,1658.1316263252652,66.73977386861448,21.153408132528853,141.97756297131014,4.833179741683622,897.2054383630236,2973.184990955364,10.185645535311673
2023-01-02 03:26:00,1658.531706341268,67.09282421966155,20.968317618318515,142.1161469950221,5.093588582534418,891.5853274231218,2963.717539120545,10.185636719390272
2023-01-02 03:27:00,1658.9317863572714,67.30519401384282,20.379652480413302,140.98316016751227,4.933581395594017,899.800419336046,2973.6351610417,10.17329527094771
2023-01-02 03:28:00,1659.3318663732748,66.17814193469822,21.476683360693176,142.6330674157668,4.880487567253285,895.966765437426,2977.2387593386643,10.202055109678632
2023-01-02 03:29:00,1659.7319463892777,66.41950308904086,21.099523163754853,141.34774834365325,5.236848511954396,901.8088177803687,2959.994299935792,10.199052638762984
2023-01-02 03:30:00,1660.132026405281,65.65158304143938,22.113165094775358,141.60307204773397,5.326291006146115,908.459274415515,2991.812688936363,10.22732828207829
2023-01-02 03:31:00,1660.5321064212844,67.26860794685476,21.303769658747463,142.8576030056366,4.9489007746933265,895.8600606203237,2970.062355421461,10.190361198295863
2023-01-02 03:32:00,1660.9321864372873,66.05202262296014,21.77343201594937,141.62736628858164,5.081267854685912,898.9550983848164,2977.429586570508,10.181797878138447
2023-01-02 03:33:00,1661.3322664532907,65.70198393849056,21.921429120410828,140.40860571968315,5.134218282265015,908.6659039476115,3008.029501105417,10.21314849009151
2023-01-02 03:34:00,1661.7323464692938,67.10862371119764,20.83813749157458,141.65436668201747,4.975657728129324,905.4209192494985,2955.9325424559684,10.190154857562682
2023-01-02 03:35:00,1662.132426485297,65.58229102491859,21.857404200371715,141.16813630751903,5.099733710436675,905.6871091107946,2965.0477713710234,10.228364971002875
2023-01-02 03:36:00,1662.5325065013003,65.68138007244548,22.81618508326174,139.69747297514343,5.386375485128887,910.3244113357878,3001.707925306701,10.238308500602887
2023-01-02 03:37:00,1662.9325865173034,66.6497362630178,21.755909048033196,140.8072334845412,5.241426102930021,899.5257284684037,2989.548195042649,10.21074327717046
2023-01-02 03:38:00,1663.3326665333066,64.88964530813034,22.288217120184846,141.09994390253553,5.286975227570361,901.8785804675659,2997.5079751461985,10.226316315914815
2023-01-02 03:39:00,1663.73274654931,65.23052704412932,21.591443850284083,140.61239477252494,5.279208773163468,905.8026542475491,2989.741377910484,10.226316106503873
2023-01-02 03:40:00,1664.132826565313,65.61850888980862,22.803352225327522,141.1003183653367,5.284160535768348,899.6598413866033,2990.9044867885086,10.239449485339815
2023-01-02 03:41:00,1664.5329065813162,66.26610017439914,21.039597333804423,141.5190764050135,4.9689554586394555,903.2317521389234,2975.4784966146312,10.21299292316975
2023-01-02 03:42:00,1664.9329865973195,66.3755347367457,22.167698585141473,141.68150687543184,4.86824331569243,901.1836503125745,2980.0979619366035,10.211766896814378
2023-01-02 03:43:00,1665.3330666133227,67.41519249304368,21.62191387474991,141.20477668132708,5.12968092206216,900.8769021566571,2958.2293730012852,10.215354800762537
2023-01-02 03:44:00,1665.7331466293258,65.91071374315189,21.759988998123955,141.22033269205158,5.2964576201488915,909.2191176514712,3009.5726688285454,10.21639453502314
2023-01-02 03:45:00,1666.1332266453292,66.23545793310541,21.421850217314972,141.23886404450755,5.032402945953996,900.9154012313821,2987.689115658152,10.204453340635844
2023-01-02 03:46:00,1666.5333066613323,68.33368237467671,20.787493411133898,142.38782271055277,4.737628360250686,891.3293930940727,2931.5194105105556,10.180055188621095
2023-01-02 03:47:00,1666.9333866773354,65.84656024082616,21.72609268299655,140.64993799450275,5.2116758361350835,906.851842955667,2997.236172293783,10.221507747856704
2023-01-02 03:48:00,1667.3334666933388,66.66656438216796,21.177160259774706,140.80322114479313,5.12193069477349,908.818029436736,2987.06764292095,10.212689482050635
2023-01-02 03:49:00,1667.733546709342,66.91079875522526,20.81572520375954,142.12261014827408,4.991853924581616,903.0486487370238,2961.2785020395236,10.181982281620046
2023-01-02 03:50:00,1668.133626725345,67.85382516593005,21.388539207406126,141.1142072162483,4.987809009825785,902.9909548738576,2960.7473788915718,10.183650882475103
2023-01-02 03:51:00,1668.5337067413484,66.91724019178343,21.71023577707939,141.10329352416431,4.960004553724737,905.4950156964553,2981.639466221627,10.216299177583416
2023-01-02 03:52:00,1668.9337867573515,63.846414289412145,23.775432157878587,139.5829667801859,5.435590345653642,917.129201060112,3014.553542946079,10.28933381181309
2023-01-02 03:53:00,1669.3338667733547,65.2671194208957,22.437814061925394,141.25479633349505,5.574889804408177,911.939300840576,3003.830041522076,10.241201789266809
2023-01-02 03:54:00,1669.733946789358,65.92456413241088,22.86959108912685,141.5314112103437,5.501302129283445,907.8014146070714,3009.4032007216133,10.233343306514604
2023-01-02 03:55:00,1670.134026805361,65.80356154563687,22.051061248326544,140.9569900914639,5.113952053278712,904.1364388059421,2986.597664378191,10.22759522829425
2023-01-02 03:56:00,1670.5341068213643,67.05667023787039,21.18052019261497,141.6970292576559,5.160110688891665,904.0574565612857,2970.457659091605,10.205790732698198
2023-01-02 03:57:00,1670.9341868373676,67.89936295446687,20.84693262031677,141.68003895606287,4.99313006478322,899.9944452802611,2963.632418993525,10.177763027943046
2023-01-02 03:58:00,1671.3342668533705,65.34427598626286,22.990515761378937,139.68652145082706,5.225493808401538,908.9356830728108,2998.8586415612067,10.239894571212897
2023-01-02 03:59:00,1671.734346869374,65.38643693795665,23.35564279370911,139.5119327648349,5.371724932847254,911.2715901242059,3028.739752677053,10.243781282164694
2023-01-02 04:00:00,1672.1344268853773,64.3789083409169,23.492036418960495,139.85441197529727,5.62626428922668,915.8603869102396,3025.4133552184844,10.25683874013909
2023-01-02 04:01:00,1672.5345069013802,64.65035696930504,24.21424773607577,139.00678793593465,5.632507179213535,914.2608936409106,3031.9806875564755,10.28717359864528
2023-01-02 04:02:00,1672.9345869173835,64.98760382470074,22.87637539234344,141.0794536221781,5.383439908321775,913.2133316299111,3006.282940948024,10.22438115354703
2023-01-02 04:03:00,1673.3346669333866,67.32660454103161,20.82938272493218,141.9640118982023,4.95638121559316,901.8433604106431,2999.546144711181,10.201657396621233
2023-01-02 04:04:00,1673.7347469493898,65.39777754994405,22.216862154711013,140.2590894734649,5.086636440975905,910.0647393456873,3011.4211915224455,10.21843007473748
2023-01-02 04:05:00,1674.1348269653931,67.16878634712114,21.052135464512876,140.83770706376256,5.101250188850633,899.2603638247116,2970.4142818422224,10.182075804501906
2023-01-02 04:06:00,1674.5349069813963,65.75274648354046,22.017490115637152,140.1642245030557,5.2771438298452225,907.9323586252897,2991.7941101279084,10.21671735170217
2023-01-02 04:07:00,1674.9349869973994,64.31876448667255,22.71355665478243,139.2458770097102,5.497128130605502,908.4029751922363,3027.639296154269,10.222328982662468
2023-01-02 04:08:00,1675.3350670134027,66.65777822683641,22.057512926435663,140.41532519928896,5.32184428912374,912.3584711253546,3008.36252390192,10.218242774231365
2023-01-02 04:09:00,1675.7351470294059,66.15550348082165,21.83069988939047,141.08202260356302,5.015412946244535,910.1666972718499,2999.5893123183773,10.238878888521135
2023-01-02 04:10:00,1676.135227045409,65.00335763318779,22.496447676485484,140.0433916508186,5.570107800187265,910.3457829710613,3016.018519170837,10.250554803113916
2023-01-02 04:11:00,1676.5353070614124,66.25945838258966,21.948228805689666,140.66675036010707,5.211238413200791,904.2290445123208,3001.361329445309,10.213472864014017
2023-01-02 04:12:00,1676.9353870774155,65.23704386781837,23.05032259213003,140.77120487368705,5.367112902712239,913.3874551188466,3020.6791125915443,10.244616419748008
2023-01-02 04:13:00,1677.3354670934186,65.96675574923876,22.4240749480954,140.6369848670902,5.058764777974921,910.5961644116104,2991.7449298067313,10.208170715426725
2023-01-02 04:14:00,1677.735547109422,64.43429186266914,23.723638019518795,140.50391703040737,5.377957238615984,909.3647563720202,3023.212179157851,10.250916583279365
2023-01-02 04:15:00,1678.1356271254251,67.9013158121904,20.659999718231955,142.6428516312141,4.9795117154369155,899.3945642626776,2956.453488159113,10.182638690786488
2023-01-02 04:16:00,1678.5357071414282,65.11330603890228,22.344476648419366,139.52715284104687,5.568871780142684,912.7854442335241,3020.0057252013144,10.240185549368444
2023-01-02 04:17:00,1678.9357871574316,66.74953220481774,22.003325139307808,140.80490141988253,5.062388683396839,904.9256414838833,2969.0727366964056,10.210469936122763
2023-01-02 04:18:00,1679.3358671734347,65.78568506414862,22.082888615376454,141.8441793402868,5.214811028911552,909.2454998114398,3004.1421295516734,10.233757859173817
2023-01-02 04:19:00,1679.7359471894379,65.89179198531585,22.668259770797476,140.98397587596747,5.26018539089314,916.0597022970554,2994.332911277918,10.235889077218607
2023-01-02 04:20:00,1680.1360272054412,64.87126143228672,22.458613318117667,140.45748473622282,5.217040231946057,908.4973407724455,3007.5407669291594,10.229668516032465
2023-01-02 04:21:00,1680.5361072214441,67.21470883961292,22.57681723090809,141.40218367957732,5.16728275479825,909.9069827955325,2987.7223569915727,10.199873853506224
2023-01-02 04:22:00,1680.9361872374475,66.30730405438696,22.019508013665014,140.00044627880783,5.083768699641468,904.847474718174,2991.282405794028,10.23492508377653
2023-01-02 04:23:00,1681.3362672534508,67.03126870743685,21.462570624218994,141.00342985678282,5.073177294444741,905.1304114999406,2961.6880590285405,10.20943362072835
2023-01-02 04:24:00,1681.7363472694537,66.72050767717349,22.399731222073598,139.89702553594338,5.250396143802811,910.6282486102194,3004.864686208468,10.23551920395569
2023-01-02 04:25:00,1682.136427285457,66.61798932682271,20.938008655827822,141.3692673962748,5.2049876244726985,907.7827053868776,2993.80074690932,10.221191088815681
2023-01-02 04:26:00,1682.5365073014605,65.2287007664213,22.751092003891948,141.12510942547,5.420488030040644,908.3014961335949,2989.015724076771,10.245571985952758
2023-01-02 04:27:00,1682.9365873174634,65.16110188191666,23.01278625291273,140.32306221419938,5.258672674643984,909.2658546032092,2998.125761685411,10.235301750385524
2023-01-02 04:28:00,1683.3366673334667,66.48626350093006,21.80677176512735,142.01563806792245,5.091892772655083,901.2741910919199,2987.766299045871,10.202472009482983
2023-01-02 04:29:00,1683.7367473494699,66.65000347589206,22.521195766879316,140.68896631071692,5.259891894929034,901.9673506978875,2990.88492554399,10.236665277103135
2023-01-02 04:30:00,1684.136827365473,65.63569392961067,22.398145765469895,139.73139270177867,5.3387830325989025,906.0168213803553,3034.6209912922436,10.261698422249868
2023-01-02 04:31:00,1684.5369073814763,66.66175539690525,22.46007328326446,140.93752756484812,5.352476572621844,909.3306950309704,2988.364231550666,10.224625178117975
2023-01-02 04:32:00,1684.9369873974795,66.01058517088863,22.87954551362475,138.98843831434587,5.494373556643805,909.262260380796,3015.535071080347,10.248561149478938
2023-01-02 04:33:00,1685.3370674134826,65.22373863348422,23.585254509776163,140.1623613590041,5.715792289767409,906.3076041885257,3039.966593689965,10.255640272253931
2023-01-02 04:34:00,1685.737147429486,67.34980303959217,20.932552827826,141.50301777018674,4.979426547395706,902.3621262218255,2960.8317834602594,10.204789329822589
2023-01-02 04:35:00,1686.137227445489,65.84479270147486,23.006507780593846,140.71758725035625,5.243567265119582,902.2677510896857,3020.204950739994,10.226232380107522
2023-01-02 04:36:00,1686.5373074614922,64.39561629147893,23.886731508643297,140.04980668668512,5.5927381447513005,911.7060968007886,3038.778467108342,10.25247633363633
2023-01-02 04:37:00,1686.9373874774956,67.35004527369179,21.716878178677714,140.45655254119654,5.119466234077848,898.0977859039831,2976.8698847728506,10.20836690891014
2023-01-02 04:38:00,1687.3374674934987,64.63297283131513,23.28509560672257,140.49840488950633,5.435416259682594,911.6102205472031,3028.7320832065548,10.240742412526133
2023-01-02 04:39:00,1687.7375475095018,69.06408396385451,20.352129233022648,142.52227434483356,4.83697180555669,893.2227623465557,2943.0091153394933,10.16172577311816
2023-01-02 04:40:00,1688.1376275255052,63.68232507774028,23.522755400197482,139.4554053712338,5.758668702561991,916.6409879730354,3028.7195931824563,10.263759025739065
2023-01-02 04:41:00,1688.5377075415083,65.76407274665027,22.461947824149988,140.77839728800535,5.416410786324938,908.2509158187714,3019.893858418226,10.237787332983965
2023-01-02 04:42:00,1688.9377875575115,64.34643434087131,23.964353159289775,139.5343286861324,5.331414394720002,917.9416037677945,3024.1690563528923,10.251985037654144
2023-01-02 04:43:00,1689.3378675735148,66.69458199017723,21.62974121219818,141.43739443483085,5.086491077160433,907.5503146945601,2987.341985645123,10.22447636915697
2023-01-02 04:44:00,1689.737947589518,65.57757776374474,22.187175891681562,141.37325630769573,5.432212896687716,907.5283622811037,3004.488106420875,10.221915112897776
2023-01-02 04:45:00,1690.138027605521,66.42829949937291,21.885266483984072,140.5991289693485,5.483851833214893,906.5790928969573,2991.1559779144554,10.22735382436752
2023-01-02 04:46:00,1690.5381076215244,67.70409161857005,21.862918718768853,142.25701519782885,5.164495637772517,902.9077200439382,2963.063973446072,10.195005978213796
2023-01-02 04:47:00,1690.9381876375276,66.0719521603008,21.660008089079366,141.53379938877217,5.105520869537106,906.9949013886464,2981.93856270926,10.215272983745212
2023-01-02 04:48:00,1691.3382676535307,64.5434216885068,24.108388900206815,140.18598159032118,5.508919121244927,910.9039908742865,3025.4175903173905,10.252696492514787
2023-01-02 04:49:00,1691.738347669534,67.36041850301605,21.806487696090908,141.1558358136982,5.163265591919484,900.1614991904502,2978.0963835268985,10.207897846250244
2023-01-02 04:50:00,1692.138427685537,67.03120227498182,21.70255302808372,141.09902750339376,5.121861759614608,906.7069643522558,2997.4467968148647,10.214311941539803
2023-01-02 04:51:00,1692.5385077015403,66.71561278734461,22.271922786955653,143.36826830002434,5.033930957546584,901.5025425037757,2993.915680761011,10.22620414249525
2023-01-02 04:52:00,1692.9385877175437,65.28883195726388,22.79274125830022,140.39998134869802,5.540885727590853,906.7886075486273,3032.138246814149,10.237020939801676
2023-01-02 04:53:00,1693.3386677335466,66.49548293490199,21.803004264926724,140.45551129211447,5.206205615948702,907.9950920494393,2979.6781812902077,10.224472074579689
2023-01-02 04:54:00,1693.73874774955,65.86168494008191,22.674235184221207,140.65081807934237,5.373506563014679,903.491258378572,3012.3915672230137,10.253877472024422
2023-01-02 04:55:00,1694.1388277655533,65.52922007782172,23.53593313450537,138.79659744892007,5.543927553006175,910.2081864480568,3029.0800751862894,10.25265519856545
2023-01-02 04:56:00,1694.5389077815562,66.89928994783078,22.237876435225587,141.13371635396666,5.246624697126695,905.1742689416576,2997.4410962501915,10.239904695936444
2023-01-02 04:57:00,1694.9389877975595,66.50315653386666,22.4941859345659,141.21997551515142,5.231624354722103,906.939100060625,3010.948513987533,10.231514316000297
2023-01-02 04:58:00,1695.3390678135627,66.77372275362863,22.562268782828696,140.44529847508966,5.415180286590549,913.7137179402841,3004.55940315289,10.237805467427544
2023-01-02 04:59:00,1695.7391478295658,66.22730308658927,22.84983256225713,139.38206635823119,5.43842974257613,908.9866413654418,3005.942987480855,10.26563428457364
2023-01-02 05:00:00,1696.1392278455692,68.68764964430397,20.96275443065826,141.8712950387841,4.898333094819124,898.804080234455,2971.963854712907,10.184756567060994
2023-01-02 05:01:00,1696.5393078615723,67.57057787385243,21.33052815772894,141.69298470624233,5.125505452398228,902.0748178428559,2974.397959206212,10.202626272688503
2023-01-02 05:02:00,1696.9393878775754,65.84637258436034,23.05497729112524,140.52844177430342,5.456189086199145,909.1556465318561,3016.2753374180993,10.25060126418562
2023-01-02 05:03:00,1697.3394678935788,66.17631926377118,22.516136315010403,139.7880584929343,5.351472023864767,912.248483053653,3005.8822941612966,10.252719028157856
2023-01-02 05:04:00,1697.739547909582,66.42595190431696,22.864490474733987,139.51115960683808,5.3604546109178495,910.4621386183272,3005.2644151505547,10.237005013748965
2023-01-02 05:05:00,1698.139627925585,68.3431293912854,21.439091767810492,141.58843636393067,5.068901285739171,905.300970192755,2968.6036511264037,10.205135205085666
2023-01-02 05:06:00,1698.5397079415884,64.53715330170941,23.85069053743589,139.20595421625234,5.729689169105007,916.3900808032115,3034.272877239991,10.26218096826317
2023-01-02 05:07:00,1698.9397879575915,68.47907770604108,21.78923824218924,141.42373991031675,4.953303198300328,901.218156810059,2979.427901760907,10.19048170419378
2023-01-02 05:08:00,1699.3398679735947,65.83026057181043,22.844600976458377,139.60191713564575,5.338155286975679,904.1065172585921,3005.5678801898725,10.24046521634437
2023-01-02 05:09:00,1699.739947989598,66.11413280577192,22.85138480986852,139.29298094272855,5.4405579194571505,907.506113928383,3010.4465701909494,10.248019787653295
2023-01-02 05:10:00,1700.1400280056012,64.74178078556201,23.028622776808817,139.48113182527436,5.545384900417221,914.9502828452124,3023.766202382548,10.257886888156794
2023-01-02 05:11:00,1700.5401080216043,67.1767891441082,22.29648112961914,141.02345413819194,5.219721940819884,905.6941330010117,3012.9968584364856,10.2412869028268
2023-01-02 05:12:00,1700.9401880376076,67.75911829149437,21.88144976437309,142.39737524882952,5.1528119275974795,903.7219589753837,2987.4242825953415,10.226804592155071
2023-01-02 05:13:00,1701.3402680536108,67.28489459688073,20.986003894692203,141.9088001376909,5.277807252008522,904.0496273407731,2967.0645864493777,10.216400005492421
2023-01-02 05:14:00,1701.740348069614,67.35293351220942,21.570559837428704,141.27517370438213,5.153844022375022,904.4793733685722,3013.2873038351117,10.244902086886798
2023-01-02 05:15:00,1702.1404280856173,65.17646926695484,23.56890686868452,138.91266733762527,5.56726824639909,920.2138708366984,3045.988767188949,10.273040057098042
2023-01-02 05:16:00,1702.5405081016202,67.2418980190535,22.130363041380384,140.69725280758817,5.350676144715867,900.9909267784002,3005.800214303744,10.23422662952879
2023-01-02 05:17:00,1702.9405881176235,64.26153558096507,24.44072495825501,139.37526968438618,5.628849735085123,920.7092484113439,3038.7466076208957,10.295462453626367
2023-01-02 05:18:00,1703.3406681336269,64.88584193087719,23.875400563944797,139.64183055990472,5.610474557853103,914.3547330542027,3037.636872941741,10.26662159805611
2023-01-02 05:19:00,1703.7407481496298,65.2488330646834,23.671309165218954,139.86175731182757,5.617716131426277,913.0022710622154,3042.4338303662794,10.273608268466901
2023-01-02 05:20:00,1704.1408281656331,66.42674235256463,22.558452767883313,140.81199888241824,5.3357415599939335,910.9290300236134,3008.2170256577147,10.238574799020178
2023-01-02 05:21:00,1704.5409081816365,66.22764698158083,23.25772279021147,141.09846396548608,5.39817396735311,908.9769955222798,3013.0128914054458,10.255472820276736
2023-01-02 05:22:00,1704.9409881976394,65.0748915017661,23.091978229423088,140.03200928786862,5.510984959232985,916.9491126049529,3016.968167086222,10.25451954238877
2023-01-02 05:23:00,1705.3410682136428,66.31523403620815,22.459410519448507,139.13094559947828,5.252095754778996,907.275624213684,3016.675155752482,10.254328863032947
2023-01-02 05:24:00,1705.741148229646,66.22751618233497,22.054581714297736,139.71581790832968,5.277239049410646,907.2743298425295,3013.411656798719,10.251449942681404
2023-01-02 05:25:00,1706.141228245649,68.10659432178771,21.24125317352878,141.4812249243342,5.036687699652954,903.9765945849141,2985.2947049295044,10.216935165289831
2023-01-02 05:26:00,1706.5413082616524,66.30968543668259,23.136476672480047,141.060984690705,5.187631922291656,909.329105181478,3007.6397838905173,10.243779076414684
2023-01-02 05:27:00,1706.9413882776555,65.98601933930215,22.873925360936553,139.99380488176513,5.447137148138842,911.123060526268,2987.67942547778,10.239147396474221
2023-01-02 05:28:00,1707.3414682936586,66.57871823692811,22.44101656598927,140.17765200281212,5.2876998084334,909.3480533642849,3001.599629899863,10.22578048985062
2023-01-02 05:29:00,1707.741548309662,67.10457136411307,21.641386003758722,140.82574749145513,5.0741597574961474,902.7533470199055,2984.8137419165437,10.19791550048994
2023-01-02 05:30:00,1708.1416283256651,67.0962742706023,22.161065738449473,140.41650436566255,5.263142883119979,908.4067660672504,2976.9357280748172,10.23318036932042
2023-01-02 05:31:00,1708.5417083416683,65.17985207669643,24.251332421514796,139.58051777706106,5.697581954727471,918.6755713551366,3054.2411707945375,10.29656580746139
2023-01-02 05:32:00,1708.9417883576716,64.94985119438762,24.15299843443896,138.2068523413825,5.4177217547033285,913.5940269926065,3045.375203524411,10.25939102974194
2023-01-02 05:33:00,1709.3418683736747,66.16777284402744,23.735520899076942,139.64004090246542,5.4934166471257075,913.6698222910748,3003.282612912282,10.244809096034842
2023-01-02 05:34:00,1709.7419483896779,65.27448908232167,23.928953594802735,138.78923565529732,5.551263844197331,913.7904571687602,3023.4295118361506,10.266735446883786
2023-01-02 05:35:00,1710.1420284056812,66.11083686154228,22.81965644735556,140.29602339456832,5.523753669527577,911.5759614631083,3014.7688641698337,10.251586340149961
2023-01-02 05:36:00,1710.5421084216844,66.91603468034468,22.45199819497521,140.68513888133154,5.455810436481524,909.2013752621334,2997.2625781706097,10.234789007967157
2023-01-02 05:37:00,1710.9421884376875,64.36654506060253,24.19892344260715,138.48515804667014,5.801018647893121,915.6028791744984,3055.184695427941,10.280385907252624
2023-01-02 05:38:00,1711.3422684536908,66.55248892485105,21.880579432722634,141.47381482317988,5.139853824718922,902.3842028807219,2993.3730379659414,10.23806424565454
2023-01-02 05:39:00,1711.742348469694,66.47520854753434,23.500440689285387,139.79321481142316,5.378574445546496,913.0633088601569,3016.644021310988,10.248249794430906
2023-01-02 05:40:00,1712.142428485697,66.71544914831937,22.789071521978258,140.37521094929002,5.52515288262446,905.2941882164274,3014.2068407725246,10.260930239391085
2023-01-02 05:41:00,1712.5425085017005,66.14504230409025,23.786435043208044,140.67269024375562,5.442745779430275,912.944903424633,3042.2570000874516,10.240906609993852
2023-01-02 05:42:00,1712.9425885177036,64.55506487486694,23.852678567363515,138.81975361761806,5.741520198446067,922.6050913012504,3069.4039135551866,10.276477981465534
2023-01-02 05:43:00,1713.3426685337067,63.73674905488047,25.107050995826008,137.83925639039475,5.832038473389025,924.2802210322154,3081.6475467390383,10.30768578897523
2023-01-02 05:44:00,1713.74274854971,64.24302186779326,23.90654732962583,138.3979720498459,5.536906111515674,924.4693332700192,3053.040993656414,10.279086636627575
2023-01-02 05:45:00,1714.142828565713,65.0207994193753,23.188887833777443,139.4219919213682,5.497890181272588,911.777916179566,3021.016710096839,10.259366067431714
2023-01-02 05:46:00,1714.5429085817163,66.58094831528851,22.56745446386382,140.01396405742892,5.497339309775763,905.5004033797188,3005.7460811902633,10.263475148215973
2023-01-02 05:47:00,1714.9429885977197,65.22481665868965,24.199557896236456,140.1576203036634,5.708165682951105,915.9606347481553,3042.7763393946148,10.267607148122382
2023-01-02 05:48:00,1715.3430686137226,64.63034918332745,24.07436660431461,139.35116456824622,5.700612439068319,920.8198372359614,3037.2556850695355,10.282842994104374
2023-01-02 05:49:00,1715.743148629726,64.28915540123114,24.165623855317968,138.20329885190597,5.617136766586795,918.0517298880155,3041.097048771458,10.285542126269176
2023-01-02 05:50:00,1716.1432286457293,66.09263438583609,23.7492020249603,140.76850898051404,5.506061222019425,916.5780710021049,3020.706253720103,10.267009064819327
2023-01-02 05:51:00,1716.5433086617322,66.35681469096859,22.49673733068667,140.39073115156268,5.499943280862634,919.3339721657966,3016.6376542074986,10.24833951117885
2023-01-02 05:52:00,1716.9433886777356,67.21408795785226,23.012524088725684,140.0828247550912,5.3834599823025835,900.4093905929856,3009.1736635748016,10.236757856455975
2023-01-02 05:53:00,1717.3434686937387,64.90754726663982,24.13241324822744,138.84562674212543,5.699455446509195,919.7804131338995,3058.695048736216,10.279730220402255
2023-01-02 05:54:00,1717.7435487097418,66.36109897275001,23.59825471981691,139.80603322832675,5.370530319757102,916.3732219383464,3031.878328952432,10.270640970184237
2023-01-02 05:55:00,1718.1436287257452,64.60369651437733,23.43207335281245,139.43689850946274,5.677445332707616,920.2156136000476,3024.5061574914885,10.276280051361658
2023-01-02 05:56:00,1718.5437087417483,63.36091935818089,25.616397245874566,137.3338819910502,5.810521030008034,921.0694409518516,3071.234513381378,10.326026681134246
2023-01-02 05:57:00,1718.9437887577515,65.96271273346193,23.656436073326997,139.71249038821216,5.513774514582094,911.0796850602313,3047.9022830450813,10.268796337738763
2023-01-02 05:58:00,1719.3438687737548,63.68069185677473,24.579983636882545,138.5955922244121,5.9806497172960125,921.4456998389671,3077.8373985686007,10.310684583461486
2023-01-02 05:59:00,1719.743948789758,66.82165352612282,22.390671869186644,140.38467489547497,5.571395739926302,913.0172018270295,3033.0377389115524,10.246628502017968
2023-01-02 06:00:00,1720.144028805761,65.92386329286491,23.656133636342084,138.85950317556745,5.393856816218507,911.4417543471125,3018.866993153914,10.26655992764003
2023-01-02 06:01:00,1720.5441088217644,66.70751107328705,22.22431165402357,139.74008627456135,5.349065867750971,914.8665456117837,3010.818784557077,10.261372186922689
2023-01-02 06:02:00,1720.9441888377676,64.99020971240547,23.94076142634251,139.2391251903757,5.559839259063195,917.7667059389631,3013.784930717669,10.271579633938243
2023-01-02 06:03:00,1721.3442688537707,64.23794379854588,24.98348678062418,137.74068537703144,5.913032637421516,925.7356101749145,3091.4641630295832,10.323535345149017
2023-01-02 06:04:00,1721.744348869774,65.73099457276957,23.09806993721277,140.29359883710904,5.439103848912153,913.5174020741723,3030.4549147194134,10.255745464664866
2023-01-02 06:05:00,1722.1444288857772,66.25541838087813,23.552988861468023,140.62603901900542,5.381545028132727,912.9424553570127,3020.2706256117567,10.2532698226354
2023-01-02 06:06:00,1722.5445089017803,64.49466699138414,24.668343802435338,137.75687840005787,5.6819817832668615,921.1118359470112,3046.7251326532482,10.287251960275501
2023-01-02 06:07:00,1722.9445889177837,62.79623111562159,25.338121516906664,137.1120060063976,5.844997562466053,925.4931347867312,3091.6146856999976,10.321718055995172
2023-01-02 06:08:00,1723.3446689337868,64.94015973266052,23.783697279936536,139.60809869630515,5.56652548768421,913.9335661926492,3039.5796628254925,10.270859489129498
2023-01-02 06:09:00,1723.74474894979,65.0199134665027,25.28883602338476,139.23084332928048,5.738350057670836,921.4136550816897,3059.630789629444,10.309386219639899
2023-01-02 06:10:00,1724.1448289657933,66.25839871430571,23.646603815584697,139.79719433073,5.529749449983388,918.3720420704135,3028.8360332155653,10.274335276753444
2023-01-02 06:11:00,1724.5449089817962,66.1010930568106,23.3144221784956,139.71259192038826,5.465813684554612,911.8009855576128,3002.8563263784977,10.255870541304379
2023-01-02 06:12:00,1724.9449889977996,65.51111496647526,23.82346660427997,139.22573011636726,5.427356561735713,913.0859103986019,3031.762661745539,10.272524319957096
2023-01-02 06:13:00,1725.345069013803,65.27349145941017,23.892353998170165,139.4637550464662,5.619313088382334,918.8043925754356,3039.701214939759,10.284639820704237
2023-01-02 06:14:00,1725.7451490298058,64.05917953887239,24.657545014146063,137.80394278744828,5.661594669418045,923.0077701261475,3063.254261437543,10.281298789140834
2023-01-02 06:15:00,1726.1452290458092,64.72857747292538,24.264074800391093,138.22447471679612,5.480817382095771,911.3834160713805,3040.9294184377386,10.269983795902986
2023-01-02 06:16:00,1726.5453090618125,66.57595590174388,22.5667864796887,141.20564882744674,5.398487736398513,911.4224344181617,3001.374781069022,10.229000724021661
2023-01-02 06:17:00,1726.9453890778154,66.11130289578594,23.301171832533118,139.6403491244231,5.4029167349298834,911.3258550205271,3033.280000216734,10.253814074391515
2023-01-02 06:18:00,1727.3454690938188,65.11195866176915,24.37514458501185,138.44448312744947,5.678665296591977,922.7228290929727,3040.478039193024,10.299727468653582
2023-01-02 06:19:00,1727.745549109822,64.18861972262208,24.721618138620105,138.96533534593183,5.705956729302111,916.8546436608652,3071.826151326808,10.301583275772552
2023-01-02 06:20:00,1728.145629125825,64.99855531044695,24.43212119471457,139.0356314592909,5.604741483656203,921.1870588074369,3056.4734258999256,10.285539151840243
2023-01-02 06:21:00,1728.5457091418284,65.65796924793648,23.9310159291314,139.30155849320673,5.51678292620258,917.7360625254939,3027.394786128758,10.275851027277003
2023-01-02 06:22:00,1728.9457891578315,64.79879388190515,24.55600180454022,138.16815420308666,5.71161846270123,927.9701537870208,3063.122610496785,10.302369150646342
2023-01-02 06:23:00,1729.3458691738347,64.48672631567348,24.43593533176042,138.61404237849186,5.746483854317481,917.7885406373804,3047.618613789054,10.282143296553137
2023-01-02 06:24:00,1729.745949189838,66.14419132185573,23.02411187463164,140.01097950804927,5.5106057905236865,914.4710528115756,3038.059901478028,10.26037614490872
2023-01-02 06:25:00,1730.1460292058412,63.70092826921174,24.624705495698247,138.1157404967611,5.9057420170111135,921.8643504845836,3077.2006616894014,10.304608968087267
2023-01-02 06:26:00,1730.5461092218443,65.83598266778563,23.203809184936087,139.63472276853884,5.435235037461914,913.1932229564441,3031.39107383088,10.262178961773628
2023-01-02 06:27:00,1730.9461892378476,64.97743065211954,24.63275547599735,138.65056266675876,5.491144974190466,918.6144062506752,3047.613549186657,10.289688271438065
2023-01-02 06:28:00,1731.3462692538508,64.59029602451608,24.225322030928307,138.14876063521436,5.74604187259987,924.0263502168881,3053.7739484259214,10.26934787637914
2023-01-02 06:29:00,1731.746349269854,64.70201775231652,24.22387193517664,137.7548419799869,5.742875301595802,918.5484308932649,3036.7798453848523,10.302962806207145
2023-01-02 06:30:00,1732.1464292858573,66.89994605953298,22.92740118514241,140.3953344532428,5.41856789160059,904.9415810633477,3011.4201017351684,10.237524804795067
2023-01-02 06:31:00,1732.5465093018604,66.15631201028124,23.225238928612516,139.6200654340626,5.406694564146742,911.71937586554,3021.272463882598,10.246330779000695
2023-01-02 06:32:00,1732.9465893178635,65.24337107107856,24.45849321667074,139.09562183437055,5.879928738130544,916.1880455940061,3044.0576514748077,10.281197669054722
2023-01-02 06:33:00,1733.3466693338669,66.17218491183993,24.12437910874531,138.51415066829568,5.621594684556493,912.4134698529517,3051.6626347979122,10.278897413384083
2023-01-02 06:34:00,1733.74674934987,65.93707425591151,24.735822801095853,139.26408990515844,5.670286841577705,913.6250414837726,3052.288679317677,10.279019099677011
2023-01-02 06:35:00,1734.1468293658731,65.29072552748742,23.80521555928889,138.77640411274422,5.535567427872755,921.2366454201691,3042.5717676699355,10.269516763393593
2023-01-02 06:36:00,1734.5469093818765,64.07935294034114,24.463523910214846,138.21995119433154,5.952334698911948,921.9071680861944,3041.2707211344377,10.304382455216981
2023-01-02 06:37:00,1734.9469893978796,64.3434519675117,24.946599268798035,138.94796771963968,5.643163118816695,917.9435027078607,3065.0942854064774,10.283946844816692
2023-01-02 06:38:00,1735.3470694138828,64.85258881694102,24.4711535525427,138.11726475522374,5.989807912221586,918.4465604992854,3058.272125951653,10.308858213077158
2023-01-02 06:39:00,1735.7471494298861,64.39443776181135,24.23366772110422,138.98791304994668,5.797581204925691,927.118180207341,3051.0525535023066,10.29149066813423
2023-01-02 06:40:00,1736.147229445889,64.47019830952075,25.28585070504334,137.98669206591885,5.847507175109448,926.6476080374239,3081.4766902122933,10.323741738126305
2023-01-02 06:41:00,1736.5473094618924,65.36982210002691,24.008936757654837,139.15199587173234,5.655155352552152,914.2551451016726,3028.4402671035723,10.260397704597963
2023-01-02 06:42:00,1736.9473894778957,66.56713748160209,23.342046709172106,139.91545975954136,5.437376162606632,912.3137634185483,3029.196375344634,10.26565448685128
2023-01-02 06:43:00,1737.3474694938986,62.93688349437819,26.01378699373768,137.2145501940431,6.08921340136513,932.0608910868987,3083.451088667935,10.308256957302179
2023-01-02 06:44:00,1737.747549509902,65.91349611274063,24.29523330817349,139.3405128047555,5.576344557490621,919.7848205698047,3050.1542111130098,10.28412160178815
2023-01-02 06:45:00,1738.1476295259054,64.77516802078453,25.284104266658822,139.31055208207772,5.679742103788984,917.6203090644079,3056.249332174976,10.296513161055499
2023-01-02 06:46:00,1738.5477095419083,63.51372484054242,25.820884839240406,137.9008785991143,5.8564782992464295,923.0819794922434,3081.115198865558,10.353227666443495
2023-01-02 06:47:00,1738.9477895579116,66.05019847786869,23.981715762703562,139.32449346895368,5.619494237894324,918.0788560025449,3049.146645422229,10.26466013704831
2023-01-02 06:48:00,1739.3478695739147,65.3167356823753,24.601139764052785,138.3454642390621,5.689512497835059,920.5664598682556,3039.921370124725,10.286740489369734
2023-01-02 06:49:00,1739.7479495899179,64.39347625185833,25.391912950399984,138.68696690496301,5.8808486593534415,925.0482362638802,3083.334733692192,10.294118196876864
2023-01-02 06:50:00,1740.1480296059212,64.47600700414166,24.897977023324927,138.76772669104997,5.661223503320106,919.5036421995194,3065.4251533848733,10.282088084268604
2023-01-02 06:51:00,1740.5481096219244,65.28648909686689,23.788700254446795,138.48196386295032,5.6985906017263215,917.0438025278535,3089.015271521536,10.276540568053496
2023-01-02 06:52:00,1740.9481896379275,64.4733882051871,24.8399167904941,138.49947145058465,5.872565687326121,926.9249279861023,3077.2995395462663,10.308587988111656
2023-01-02 06:53:00,1741.3482696539309,61.94458229287264,26.20777700325047,136.74462489026453,6.313677341616217,931.6395683562733,3113.1807909001172,10.377206188856777
2023-01-02 06:54:00,1741.748349669934,65.40860707819692,23.73477115578696,138.86274826978814,5.651718798495316,921.9422790293269,3061.103164305236,10.27297381843468
2023-01-02 06:55:00,1742.1484296859371,65.4614124284852,24.739307639541185,138.37921394968438,5.787948011668815,923.1498574350019,3053.615384905553,10.272738239828273
2023-01-02 06:56:00,1742.5485097019405,64.87717376262682,25.127448662688796,138.70941133076474,5.901586037583949,921.8874497016093,3060.7434297268946,10.306140475041936
2023-01-02 06:57:00,1742.9485897179436,64.87279164346546,24.8649309498617,138.256806356427,5.906532431120298,922.2169819139842,3061.2755099275446,10.31621282895931
2023-01-02 06:58:00,1743.3486697339467,65.41089944719847,24.3958865442363,137.75545885824027,5.666196276635523,918.1849893751012,3074.160360254335,10.288648421758664
2023-01-02 06:59:00,1743.74874974995,66.0602038313372,24.084968496191458,138.97412009915536,5.622772241498754,916.269911055942,3032.0373049381315,10.272763484231644
2023-01-02 07:00:00,1744.1488297659532,64.5272887253739,24.557442382481238,138.84467015534253,5.835501258865241,925.3382223058398,3069.3516383703077,10.304598762747593
2023-01-02 07:01:00,1744.5489097819564,65.00430208036964,25.085823653236574,137.78678495631718,5.691083139168887,921.4332301872392,3073.522277524726,10.326322277408511
2023-01-02 07:02:00,1744.9489897979597,65.06889620596905,25.09512252853223,139.1147487278466,5.684786317223556,919.4975896260552,3047.541823671827,10.286005197138623
2023-01-02 07:03:00,1745.3490698139628,64.5326763164453,24.69015546771197,138.17289701991393,5.845146294563845,923.4529668416199,3057.2023174252495,10.312200949667673
2023-01-02 07:04:00,1745.749149829966,63.59162266703881,25.81415105914142,137.53209356326005,6.24888294794802,933.8757942974124,3085.1083990640955,10.341723254026677
2023-01-02 07:05:00,1746.1492298459693,65.24601687306611,24.369046848124945,138.63272374251,5.8881947681717,921.2927489029365,3049.750340065111,10.302639331686544
2023-01-02 07:06:00,1746.5493098619722,66.56641765645712,23.347581437397295,139.7748302225706,5.3953445814727665,914.0049653956972,3029.0049132474705,10.25888154267571
2023-01-02 07:07:00,1746.9493898779756,64.9751197587897,25.100267404310525,137.59701751200157,5.7546178808980395,921.7052833401066,3074.5686291832935,10.317710168014244
2023-01-02 07:08:00,1747.349469893979,62.820400427116155,26.073328417641147,136.13941832093408,6.327557178552011,938.3083212002673,3109.6626514233208,10.36344666946466
2023-01-02 07:09:00,1747.7495499099819,63.332063846760235,26.113997721902507,136.34826649833994,5.976550717079869,928.5209267368244,3102.122077978108,10.35937813269954
2023-01-02 07:10:00,1748.1496299259852,64.34958551373828,25.055050551469833,137.4106497108884,5.756445833151974,920.8306625030039,3085.082043983136,10.309805409033709
2023-01-02 07:11:00,1748.5497099419886,64.53547875243522,24.92373231800134,138.05424293943827,5.632907984973977,924.4342734530064,3067.069198513042,10.32447587985561
2023-01-02 07:12:00,1748.9497899579915,63.5994266688121,25.917437816000696,137.10609998836262,5.955590410852725,928.2564806013188,3097.144345981218,10.326272684897763
2023-01-02 07:13:00,1749.3498699739948,66.13186316199166,23.6113426578236,139.39251120414514,5.7263377498922745,912.0068985569321,3037.796570789908,10.27011973041794
2023-01-02 07:14:00,1749.749949989998,65.16836422816952,25.09733449032386,138.8681435810185,5.92163128240775,922.5900357185328,3074.0889792041644,10.319382297788419
2023-01-02 07:15:00,1750.150030006001,64.18591273929665,24.83492082433691,138.17161498390348,5.878908487668662,925.2875579333274,3080.636575153161,10.320453885303982
2023-01-02 07:16:00,1750.5501100220044,65.51997185808466,24.757798419942116,137.77887328146736,5.959569392321981,923.5540429107103,3065.7601504257036,10.293699308160603
2023-01-02 07:17:00,1750.9501900380076,64.83267857220363,24.8902654021275,137.86709186990313,6.007219730802892,921.0875971224729,3053.169000251165,10.293866379426888
2023-01-02 07:18:00,1751.3502700540107,64.73667193549602,24.80984986297946,137.76442029725476,5.767012250856162,923.4640759375452,3075.0330122384494,10.299591742814009
2023-01-02 07:19:00,1751.750350070014,64.92059450147475,25.01541998381526,137.84898515928208,5.723507491919,928.62169691595,3090.14081471458,10.321062326541236
2023-01-02 07:20:00,1752.1504300860172,64.34721681119123,25.784775305751534,136.79798698403675,5.897711536651787,928.3824621791051,3081.160181795133,10.331262866623764
2023-01-02 07:21:00,1752.5505101020203,65.32810981513089,24.8791347387168,137.356046784227,5.698772218967323,923.274506625354,3070.4361991934115,10.296568627759052
2023-01-02 07:22:00,1752.9505901180237,65.82601084095063,24.158502335181222,139.14582126572864,5.703471469783068,918.1476147823414,3053.208292225491,10.295815825742046
2023-01-02 07:23:00,1753.3506701340268,63.135177119017,26.35943944774474,136.52950995957536,6.306111850818484,929.164076212655,3109.211440185121,10.345967097410579
2023-01-02 07:24:00,1753.75075015003,64.11239112568687,25.62490792821546,136.79771211611245,6.0247970006108424,923.8979050229976,3091.9924325248953,10.315061469154765
2023-01-02 07:25:00,1754.1508301660333,65.79568219770411,24.66347900461595,138.26796692231392,5.640114685863088,916.081671578197,3063.9341384625063,10.305406004479833
2023-01-02 07:26:00,1754.5509101820364,64.55123891868755,24.805472637252727,136.9785946495805,5.925015005215804,918.4512669176589,3065.3314386323473,10.30757014715383
2023-01-02 07:27:00,1754.9509901980396,64.11123920497403,25.708240694695856,136.79147308712194,6.053791647622179,928.7419688792006,3079.310885119488,10.316621276432427
2023-01-02 07:28:00,1755.351070214043,62.63335623052278,26.234619920450196,136.08964366739454,5.976362560144687,931.5005313992832,3096.3596400641177,10.348392928585245
2023-01-02 07:29:00,1755.751150230046,65.16837461114687,25.17285531096148,137.81274068982478,5.820145208057033,924.023683515751,3068.1162381508393,10.322506183577833
2023-01-02 07:30:00,1756.1512302460492,63.19290189017782,26.263323585638087,138.09322016398974,5.876883759614045,925.0475945731755,3098.6109418665,10.330582655993092
2023-01-02 07:31:00,1756.5513102620525,62.46883868134519,26.30351501541851,135.45313273252427,6.224466584555785,937.9828868286565,3107.4342252219944,10.35335769006533
2023-01-02 07:32:00,1756.9513902780557,64.69643826034573,25.53130687773361,136.9282699612487,5.870845740243976,920.206638924196,3071.660619949307,10.311728001332748
2023-01-02 07:33:00,1757.3514702940588,65.23702535406493,24.615425406047407,137.70259246952904,5.798950836740382,919.2442208721786,3057.2027101908834,10.308980511495161
2023-01-02 07:34:00,1757.7515503100622,62.34628027982286,26.861875987888617,136.72072654304102,6.34321758118469,931.467849500928,3119.165366276235,10.360294989721725
2023-01-02 07:35:00,1758.151630326065,64.79385886329906,24.84653907005747,138.69989438382822,5.945020992012582,920.6513356100301,3058.322523659319,10.292173183820715
2023-01-02 07:36:00,1758.5517103420684,63.53691325504797,26.154680193369998,137.52306529979037,6.107214165087707,929.621993851026,3097.096887723536,10.32844543672598
2023-01-02 07:37:00,1758.9517903580718,65.25119908764324,24.970641329980793,137.13584821535437,5.9317286401794,921.8275308503347,3069.5412394897066,10.314839462263901
2023-01-02 07:38:00,1759.3518703740747,63.225342256485575,26.53743094172872,136.6581420888585,6.131532616288975,927.1350184015485,3088.491490560247,10.349442485252693
2023-01-02 07:39:00,1759.751950390078,64.54087127943595,25.309160944020075,136.88448799768085,5.9594560672649255,927.6479125164451,3088.993630453956,10.321843167039018
2023-01-02 07:40:00,1760.1520304060814,64.75880379489683,25.26231638602729,137.00140403636777,6.062869171703422,922.2509940291059,3084.8431602774726,10.306801149124889
2023-01-02 07:41:00,1760.5521104220843,64.82379062228611,25.296539198644496,137.86027929651505,5.839919258235789,921.7345466659441,3085.8580634630966,10.311656055396226
2023-01-02 07:42:00,1760.9521904380877,63.7049863493478,25.277312147439517,137.07164746408876,5.863824997709332,922.8235615186944,3082.157388318605,10.330313170786493
2023-01-02 07:43:00,1761.3522704540908,66.22278364104547,24.436299239986262,138.2963177758574,5.563383990363409,922.0912333554398,3048.2788176279805,10.288669902052396
2023-01-02 07:44:00,1761.752350470094,64.12879266415554,25.210468379022448,137.78115578137312,6.035138136500443,921.7535185151302,3087.233087152532,10.334002910261969
2023-01-02 07:45:00,1762.1524304860973,64.7001226317307,24.90166266561903,137.99543405801427,5.906287993083113,920.3606770529886,3074.7558058125314,10.320919124598692
2023-01-02 07:46:00,1762.5525105021004,61.4623532574604,27.468501124426496,135.18074889723636,6.622914771745977,944.8163701377001,3155.3743788004185,10.380366995414425
2023-01-02 07:47:00,1762.9525905181035,63.91824785642635,26.20506857748314,136.67635889782164,5.966537817933778,932.9279757412407,3107.5687227328976,10.325409414149952
2023-01-02 07:48:00,1763.352670534107,66.72868702753459,23.657620192632553,138.56665336682715,5.580292791769051,917.0140803283775,3039.6123835305502,10.293152529157764
2023-01-02 07:49:00,1763.75275055011,64.14124861378875,24.826062773162292,136.89871899082056,5.975094784550024,921.6685114531415,3083.3693014704227,10.32218814070014
2023-01-02 07:50:00,1764.1528305661132,66.72125195991231,24.509145807770896,138.7615857146897,5.88403849537224,920.521340715964,3041.029294702,10.287800187844558
2023-01-02 07:51:00,1764.5529105821165,65.73357795454235,24.23374169238865,138.47175437188795,5.653145505007868,917.1181400952124,3058.199296835391,10.305204482814636
2023-01-02 07:52:00,1764.9529905981196,61.879136285907805,26.854225928248244,135.82941262487563,6.400727175040828,933.0994990362061,3128.6660101768384,10.379300298129992
2023-01-02 07:53:00,1765.3530706141228,65.6064010374256,25.087137964270706,137.5207541761398,5.772670313744792,922.0071174784078,3057.995874266361,10.296523025206488
2023-01-02 07:54:00,1765.7531506301261,64.97338455804497,24.738852983870515,138.14712525001167,5.822107532422694,929.4200076553632,3073.1601357156765,10.318767263226075
2023-01-02 07:55:00,1766.1532306461293,64.11052233393478,25.645240587604178,137.16453250369597,6.081403123832581,929.3887149695737,3089.1358733268044,10.34404296675802
2023-01-02 07:56:00,1766.5533106621324,63.174780460672046,26.24013876893776,137.2789062524254,6.2384040705373005,933.2638279852342,3104.748504710331,10.350812655908525
2023-01-02 07:57:00,1766.9533906781357,65.13689949715666,25.57404839471943,137.61928240955558,5.94479921077791,923.6495683642287,3069.8272140604613,10.320823713320857
2023-01-02 07:58:00,1767.3534706941389,63.46355812672473,25.94497635346679,136.62589091694844,5.959782560942902,932.3969914119263,3102.396040301501,10.351501742706489
2023-01-02 07:59:00,1767.753550710142,61.6468664086694,27.399145488511973,134.83509742490708,6.234447597721241,938.4467945935768,3116.681267906844,10.373476062216694
2023-01-02 08:00:00,1768.1536307261454,65.41971463904356,24.953588051041223,138.5253608424026,5.813190548789576,923.2172908863317,3067.10074469936,10.325124941764429
2023-01-02 08:01:00,1768.5537107421483,62.58046107350982,26.882155354829965,136.22497617628068,6.339708370544542,928.9167268027492,3091.578512125953,10.370162181360467
2023-01-02 08:02:00,1768.9537907581516,64.08078741062312,25.70650374827374,136.9624991259602,5.799220478336442,919.9183008993448,3090.727057358866,10.335241740241274
2023-01-02 08:03:00,1769.353870774155,65.69086453906304,24.620476410395653,138.59230034913233,5.751787583482117,917.187714862851,3063.875254328768,10.286579800280224
2023-01-02 08:04:00,1769.753950790158,63.85825639009838,25.823208484348996,136.22859974458868,6.117045171543842,931.4465467814629,3088.9728820150335,10.340345335451172
2023-01-02 08:05:00,1770.1540308061612,63.62165894526736,26.20866523154248,137.40467896844225,6.063485737603131,924.343709503021,3087.5323890368923,10.321167193724738
2023-01-02 08:06:00,1770.5541108221646,62.56661204560565,26.92332317513539,135.94961646598014,6.37438075161574,936.1180106332774,3126.7067114682222,10.386923076353755
2023-01-02 08:07:00,1770.9541908381675,63.135902602662775,26.267271817253004,136.34453563103915,5.953556984435716,933.6208093557883,3105.9610451570825,10.352619468298217
2023-01-02 08:08:00,1771.3542708541709,63.989955903106676,25.54038786095178,137.24821406224194,6.007365366886773,923.2224558901579,3092.7218581869442,10.323612718129542
2023-01-02 08:09:00,1771.754350870174,65.17559109549207,24.90786739432122,137.36147237039256,5.7853615111126375,928.9669304799705,3083.2414655610205,10.30505518989716
2023-01-02 08:10:00,1772.1544308861771,66.1496529421476,24.520920048134645,138.82703171253965,5.7360292646102256,921.3319734409043,3068.796714532817,10.290916269720102
2023-01-02 08:11:00,1772.5545109021805,62.79875031053133,26.64238122867626,136.56666024413394,6.229408586169446,931.1247148629448,3128.677656672979,10.369297985864806
2023-01-02 08:12:00,1772.9545909181836,61.87312204285166,27.019801519034793,135.68462448015794,6.3765196262107935,939.6221660762216,3146.6971390214594,10.381984026895626
2023-01-02 08:13:00,1773.3546709341867,62.975678871499014,26.68622608008932,136.37087069973043,6.291544843312848,929.8571280194072,3105.969042014217,10.373320164710455
2023-01-02 08:14:00,1773.75475095019,62.80862811605197,27.30550175959309,135.36619860904145,6.2605126368293735,943.6016405409148,3121.8050787495545,10.38516130158818
2023-01-02 08:15:00,1774.1548309661932,62.74500467164195,27.064272952862062,135.88216495414008,6.181034268040828,931.7867410948521,3115.586356518479,10.371303824913717
2023-01-02 08:16:00,1774.5549109821964,64.71419422042636,25.021770013377385,137.50997881577044,5.8232285369518,922.1685949615793,3067.0418118713956,10.329665047735665
2023-01-02 08:17:00,1774.9549909981997,65.11379230691894,24.938199206076877,137.84014001271257,6.005085394963575,926.1583952000234,3074.6473933064367,10.329167953210352
2023-01-02 08:18:00,1775.3550710142028,64.77923259198953,25.86065580325141,137.323249996875,5.990046922961163,929.0365412155401,3085.994415036282,10.336711839646627
2023-01-02 08:19:00,1775.755151030206,63.50020235820895,26.683658473328308,135.9370249214535,6.1318647284500445,927.8694608871367,3111.623443244317,10.336838077670837
2023-01-02 08:20:00,1776.1552310462093,64.3551020058936,26.066324769685774,136.93726511322126,6.350114585319553,928.427723230524,3102.466214668288,10.349434062112788
2023-01-02 08:21:00,1776.5553110622125,62.98212337711251,26.372021615737637,136.3749651977476,6.122933727411947,932.7326708507886,3104.4427072911676,10.335857618403022
2023-01-02 08:22:00,1776.9553910782156,65.2157808193799,25.55045495242373,137.49413032579386,5.777082150871245,923.1241776223374,3074.916883781913,10.30920430047292
2023-01-02 08:23:00,1777.355471094219,63.55168786768066,25.940152463655185,137.2484283169605,5.9225886983018246,936.0960886219054,3093.9024057295155,10.357562105525258
2023-01-02 08:24:00,1777.755551110222,66.63532407655697,24.175417396190028,138.9654327879286,5.933632576818958,917.2179915956069,3060.8125978005164,10.298888945734898
2023-01-02 08:25:00,1778.1556311262252,64.647732053802,26.125620726890006,137.29768651796033,6.149136746667594,929.148820588113,3076.4143063725705,10.31602711267287
2023-01-02 08:26:00,1778.5557111422286,63.98616318091929,26.83652502698435,136.9553787526965,6.114722641187421,937.9399833269651,3107.487782766128,10.35444592251899
2023-01-02 08:27:00,1778.9557911582317,63.54819515419202,26.59704304771863,137.19445404446773,6.063605405523856,930.0522230371948,3102.2785306851747,10.350557377954376
2023-01-02 08:28:00,1779.3558711742348,63.29761835297548,26.85907668917044,135.33103781559095,6.348749444451284,931.7188287331325,3116.8065726343298,10.368853485642555
2023-01-02 08:29:00,1779.7559511902382,64.1121281968005,26.145582750269533,136.470983954326,6.016993730712051,929.0053326004088,3082.7398410611263,10.343996726225171
2023-01-02 08:30:00,1780.156031206241,64.4238221648511,25.5837322925424,136.80569450250306,6.1461505299417,925.1503819385575,3089.0224764591426,10.339776927662939
2023-01-02 08:31:00,1780.5561112222445,65.07361144074576,25.387704036994396,137.39814782661136,5.884884926954947,923.8941348961002,3111.938896244524,10.324238842537738
2023-01-02 08:32:00,1780.9561912382478,62.98484910473194,27.395319863686822,135.64792093473068,6.310331894248194,929.4324494809567,3123.099741356345,10.375979334231863
2023-01-02 08:33:00,1781.3562712542507,64.60677222776164,25.64349467160645,137.63296438606304,5.9136410435466775,919.1923661588315,3088.268455376579,10.318983275379987
2023-01-02 08:34:00,1781.756351270254,62.829851705548194,26.750733222760136,136.80379371532732,6.1314657946628195,934.7714529115559,3110.096732436545,10.339261738029155
2023-01-02 08:35:00,1782.1564312862574,65.0032695989466,25.823078409737796,137.774280591245,5.889495884519996,927.0881453111851,3091.674660130943,10.332736678248084
2023-01-02 08:36:00,1782.5565113022603,61.88668555262061,27.217164459162348,135.42556302170604,6.387720437949597,934.9471259179621,3128.1322578445543,10.380598369430698
2023-01-02 08:37:00,1782.9565913182637,63.52720427875426,26.187950656343197,136.6261196457267,6.0166246457154084,930.4494020198678,3106.279348433326,10.363002518165782
2023-01-02 08:38:00,1783.3566713342668,63.77349883576594,26.253573653684985,136.1680923302413,6.298604742553296,924.9424588903017,3116.643177863395,10.346772736183134
2023-01-02 08:39:00,1783.75675135027,63.087859022510685,26.806024110073064,136.060714094676,6.237953306037709,935.5600556199504,3124.0225795334127,10.359226314288792
2023-01-02 08:40:00,1784.1568313662733,63.02783757316872,26.79848627559508,135.2398983773714,6.2271003514357055,937.0908740577639,3154.231926372411,10.364211292854945
2023-01-02 08:41:00,1784.5569113822764,62.76905218296822,26.70273723632857,136.25886204038156,6.129799008315812,934.6075402199202,3112.485554301883,10.340368492307192
2023-01-02 08:42:00,1784.9569913982796,64.35609711631882,25.3906952403138,137.3688229983152,6.030477599265852,925.5664255764237,3084.393480267794,10.31424463921427
2023-01-02 08:43:00,1785.357071414283,60.642962035079044,29.250774317850635,134.9175533230581,6.846009304748471,941.2043983814048,3166.9310951985503,10.420080788181437
2023-01-02 08:44:00,1785.757151430286,63.250581495737514,26.946215729416906,136.3384286740787,6.308374519818162,933.7597111727557,3103.190022805635,10.366604826286457
2023-01-02 08:45:00,1786.1572314462892,63.93061224515063,26.84984445879823,134.93652486800048,6.0243322982616325,937.9123252177841,3135.192827994269,10.380985344252737
2023-01-02 08:46:00,1786.5573114622925,62.744864898856214,27.521233752819604,135.99413157596547,6.273863441052979,936.3720043482843,3124.686254774416,10.37489768458611
2023-01-02 08:47:00,1786.9573914782957,63.50768947342392,26.117759181803198,136.77756127238374,6.050656080528604,929.8571535397484,3110.6950606437613,10.346987761924243
2023-01-02 08:48:00,1787.3574714942988,64.01760239027946,27.117656907045852,136.28705711155928,6.048121698622053,930.0439558279076,3102.957819039042,10.358543035625559
2023-01-02 08:49:00,1787.7575515103022,61.4243248645593,27.89538673512699,135.45321076160135,6.666045067517854,938.0480417176273,3134.8047167703135,10.385689062187858
2023-01-02 08:50:00,1788.1576315263053,62.512778771498226,28.04870414105886,135.3450082241793,6.40788880926523,935.795078666205,3125.3284667528023,10.400954977810468
2023-01-02 08:51:00,1788.5577115423084,64.13255070100986,25.796837756227124,136.6763064904422,6.050156112428324,926.9382635139592,3110.548799529045,10.33867218142558
2023-01-02 08:52:00,1788.9577915583118,60.050666623083586,29.692177701029323,133.93657960047474,7.002641482180239,947.8779331467443,3180.091162799851,10.416018776108455
2023-01-02 08:53:00,1789.357871574315,63.26570470612722,25.998917111809863,136.57802227941266,6.241619075546781,933.5051409951953,3110.088159311167,10.352887885525632
2023-01-02 08:54:00,1789.757951590318,62.511274624242105,27.288764599632163,135.81864576082424,6.300581677315429,933.2911877670418,3146.757432758038,10.38500750688887
2023-01-02 08:55:00,1790.1580316063214,62.25249964763754,27.068050549203484,135.82090981888228,6.478996903763859,939.3643727958681,3138.1650249929194,10.392205360779066
2023-01-02 08:56:00,1790.5581116223243,63.5286763613328,26.50635010147239,136.66506824246193,6.381458469713618,935.5617161679712,3121.3029426201806,10.351081244634182
2023-01-02 08:57:00,1790.9581916383277,62.78197824138048,27.169756551052583,136.45911856990128,6.275709854624635,935.3789612273955,3125.2569423554687,10.370570634266098
2023-01-02 08:58:00,1791.358271654331,62.03308754517108,28.590472342753557,134.83530830104596,6.578154351808797,935.8774041320644,3165.9399033400396,10.391850858305192
2023-01-02 08:59:00,1791.758351670334,63.213675467896024,25.839738200406615,137.9950521339991,6.206380691082559,922.9879799650543,3093.2234430720996,10.34694464358992
2023-01-02 09:00:00,1792.1584316863373,60.44028888810951,29.36813575164224,134.41327067058373,6.630272337068424,944.8477615840034,3186.8526479017287,10.4085394530772
2023-01-02 09:01:00,1792.5585117023406,64.87432590536989,26.539296025167907,136.68171406054196,6.205543851345746,931.6698742198678,3111.1606659991558,10.362549943327904
2023-01-02 09:02:00,1792.9585917183435,61.68350452499707,27.847717404918534,134.03798170110764,6.582674672685594,939.3714118401638,3139.328873002248,10.40215898732463
2023-01-02 09:03:00,1793.358671734347,62.59634523190758,27.492621428859508,136.04015037974236,6.459863700352676,935.8204490731554,3130.3721616704543,10.357942436450458
2023-01-02 09:04:00,1793.75875175035,62.14378635706973,27.406775790495495,135.9732973546021,6.2496335805858285,937.6584595882268,3155.8093620207746,10.368170488516437
2023-01-02 09:05:00,1794.1588317663532,62.523379956118184,27.385177939096135,135.21259012544544,6.390917429662175,941.592186170666,3145.9277541345705,10.387773574860901
2023-01-02 09:06:00,1794.5589117823565,61.64992188946815,27.53963825428483,135.83000068283044,6.313149505619802,937.1182562760325,3131.1327253080144,10.38061082167444
2023-01-02 09:07:00,1794.9589917983596,61.82104618778052,27.626543783973197,134.46647186152742,6.366870282617387,937.994691927713,3127.288261270339,10.381617025651888
2023-01-02 09:08:00,1795.3590718143628,64.64706278247158,25.62375935467277,137.55376834750257,6.050956002959605,934.9518905734719,3094.1053537094754,10.320704731370236
2023-01-02 09:09:00,1795.7591518303661,60.89520371350146,28.697554344793815,134.90259752813026,6.943638729148694,947.5096964269711,3172.8811290346703,10.43282770238227
2023-01-02 09:10:00,1796.1592318463693,62.05396804852637,27.992316517431515,135.20306767795154,6.349812265496892,941.1409578539873,3144.9161827709404,10.389337926947064
2023-01-02 09:11:00,1796.5593118623724,62.016849031270944,27.746083909373436,135.04035751551646,6.487878989751656,940.1798667603067,3155.0913516831015,10.395625152063719
2023-01-02 09:12:00,1796.9593918783758,61.23172440687937,28.508148197792465,135.47439044645634,6.710675830289039,942.7422806828481,3164.9296356072937,10.441639277114794
2023-01-02 09:13:00,1797.3594718943789,62.70720591992548,27.2706448337603,136.0434673608989,6.378925192193002,935.7927946744546,3138.0592019566407,10.36792219674126
2023-01-02 09:14:00,1797.759551910382,61.82851838795931,27.522283271106705,134.8899163689374,6.663314552648638,940.8243901908709,3170.6987269985907,10.394867857438374
2023-01-02 09:15:00,1798.1596319263854,61.62765798913805,27.71391868053536,134.54128435290136,6.462044444155113,938.1551891710664,3155.1560000088634,10.388535968161555
2023-01-02 09:16:00,1798.5597119423885,62.66261595034122,27.09966440059037,134.9151833094143,6.357391014740313,934.1932782786113,3149.68470729723,10.412291675890202
2023-01-02 09:17:00,1798.9597919583916,62.601014537294134,27.69970331916993,136.01146191417354,6.493094451783614,944.0084082096282,3135.995051944506,10.396736591757314
2023-01-02 09:18:00,1799.359871974395,61.596041422566444,28.1478886161926,135.889955184472,6.500926307665374,942.4725216851123,3161.9143138159848,10.41655402335226
2023-01-02 09:19:00,1799.7599519903981,62.482312587903955,27.39131567641469,135.8278767644388,6.378061875261313,936.8400031058375,3143.2667612484834,10.384114215956098
2023-01-02 09:20:00,1800.1600320064013,61.14528062566466,28.585535368286592,134.45248162066574,6.592123107457414,940.2730986555808,3155.334824652498,10.426436073112821
2023-01-02 09:21:00,1800.5601120224046,59.01276781215789,30.16621954646368,134.02348194443013,6.857267013037735,949.9342277872387,3208.8553142398123,10.432384769214599
2023-01-02 09:22:00,1800.9601920384077,61.195738933432516,28.464445475885906,133.84555510843617,6.654843447187684,941.4299224738655,3169.115315670958,10.441969751058883
2023-01-02 09:23:00,1801.3602720544109,63.00784769492992,26.69025096415943,136.77526387271027,6.210289199620156,928.606853245437,3092.725351073672,10.349634663932196
2023-01-02 09:24:00,1801.7603520704142,61.96097326859554,27.339199150921623,135.2854378404803,6.520805479677632,936.449796663495,3145.1772422316812,10.379239632734432
2023-01-02 09:25:00,1802.1604320864171,61.71464758252811,28.703808747685052,133.3895707138343,6.442259155647527,946.9938707518106,3147.0254710695285,10.409000409963006
2023-01-02 09:26:00,1802.5605121024205,60.45090498520923,28.27271243248541,134.92024536913596,6.8601922417985275,938.4025829414791,3167.2307723111735,10.429471134219348
2023-01-02 09:27:00,1802.9605921184238,59.52760543358087,29.9461333926277,133.68585007359852,6.815668690586864,947.8396029006464,3193.2246760516045,10.44283820374905
2023-01-02 09:28:00,1803.3606721344267,59.893264549311276,29.68850186273885,132.89478275133428,7.042327926706371,946.4181720425934,3183.9134521594215,10.438483268021136
2023-01-02 09:29:00,1803.76075215043,63.05474958078483,27.907881580998424,135.94418071935817,6.321616052930843,935.3104960656412,3125.07797571061,10.378984913109164
2023-01-02 09:30:00,1804.1608321664335,59.839815406711224,29.242621178676206,133.6202128731281,6.757983928353845,945.8376278738214,3184.94095548525,10.450267246168973
2023-01-02 09:31:00,1804.5609121824364,62.18398489630495,27.85821675036399,135.0468829671648,6.583251142726034,939.8726636416607,3148.042305201503,10.417946627399127
2023-01-02 09:32:00,1804.9609921984397,61.21797291194972,28.21844134285555,134.6962086956563,6.375197716853681,939.5848290955502,3153.7560038641273,10.403420042971733
2023-01-02 09:33:00,1805.3610722144429,62.987894881322845,27.03705597483458,136.9449279684924,6.165937064613375,934.8199743049789,3108.022557412174,10.358734587496322
2023-01-02 09:34:00,1805.761152230446,60.636249972715426,28.734764135080102,134.5680608807282,6.5100408314513,945.4296095849792,3164.5600240716144,10.429640865759833
2023-01-02 09:35:00,1806.1612322464493,60.18347679258931,29.29861111208404,134.0290697374601,6.860323879500886,947.4117843680924,3175.8824117232866,10.45070675443537
2023-01-02 09:36:00,1806.5613122624525,61.551589550885204,27.828147390340153,134.7705300335531,6.547469875351475,940.8388754706219,3143.3324002769773,10.386317753204287
2023-01-02 09:37:00,1806.9613922784556,61.92646631319219,28.041825831684758,135.27966994837476,6.59488627609831,932.650000840002,3155.9110383762045,10.401547273431087
2023-01-02 09:38:00,1807.361472294459,61.48628261219182,28.591562149818227,134.81713542173313,6.584051238077587,941.9621923937302,3144.7648650574884,10.431688974663242
2023-01-02 09:39:00,1807.761552310462,61.26487729902314,29.01932945950635,134.52176977049461,6.531613668619431,939.7122334325563,3164.9406270840395,10.421920921322059
2023-01-02 09:40:00,1808.1616323264652,60.90517326314928,28.43600713704491,135.9229802461789,6.571488536145235,939.7952584632919,3146.0418583049172,10.415843576629607
2023-01-02 09:41:00,1808.5617123424686,60.76491093724652,28.550147599832567,134.7199675411387,6.569928799239461,942.783783073588,3151.3979145399653,10.416611238434728
2023-01-02 09:42:00,1808.9617923584717,61.59943315410315,27.835183698001405,134.83490739498154,6.380941921272534,940.2021841650171,3146.4069172113736,10.39537565446845
2023-01-02 09:43:00,1809.3618723744748,61.817625855854594,27.992567470420507,135.04730193540095,6.529931445683765,939.9555335223449,3159.728752889756,10.429215436108171
2023-01-02 09:44:00,1809.7619523904782,61.92645765144578,28.50010863290433,134.75399898988547,6.547411922105989,938.0112002345916,3167.2032528696095,10.408449489064774
2023-01-02 09:45:00,1810.1620324064813,62.45262553154227,27.14351544446884,135.63266520314508,6.398776176692147,936.8751026426563,3128.9069232595402,10.390327751404117
2023-01-02 09:46:00,1810.5621124224845,62.2501300756554,27.822553705172336,134.20144733764897,6.586395871377665,946.6484743182122,3132.997661353358,10.386478910342722
2023-01-02 09:47:00,1810.9621924384878,61.65644429614163,28.410915849111422,134.45094483402755,6.537576401741721,943.66406221332,3166.3644456856014,10.406613443127089
2023-01-02 09:48:00,1811.362272454491,60.83501243814684,28.4141290420744,133.47263741558453,6.765943778569099,949.2061426884565,3186.3535648619863,10.434904202237503
2023-01-02 09:49:00,1811.762352470494,63.0718393682228,27.459369013678106,135.25588275960243,6.2927767220095605,935.2544732224331,3121.2511289238246,10.376917684588427
2023-01-02 09:50:00,1812.1624324864974,62.90331228433099,27.409740401350454,135.30321609304474,6.477838030826124,934.7978270724099,3141.826761170469,10.397718950083545
2023-01-02 09:51:00,1812.5625125025003,61.451963927590946,28.27071437387805,133.59655641506407,6.6717139634812925,945.2364384200827,3164.535267666723,10.409018370695943
2023-01-02 09:52:00,1812.9625925185037,60.02093645222202,29.404240427311358,134.3651387103548,6.863394224359725,953.2975076514487,3167.1015246367065,10.431384841747215
2023-01-02 09:53:00,1813.362672534507,60.63599533631833,29.690593433328136,132.5902693622042,6.941150520043634,947.5426070776473,3170.8304055930307,10.465785781390473
2023-01-02 09:54:00,1813.76275255051,61.89888594822085,27.181597607704248,134.9135794085812,6.5002726968265145,937.055392848334,3135.805598863575,10.392543905094135
2023-01-02 09:55:00,1814.1628325665133,60.77391192023891,28.90642032259045,133.3531865786464,6.907610258398099,951.6678589628256,3175.7015916926457,10.45049089742924
2023-01-02 09:56:00,1814.5629125825167,62.678913050015304,27.058865053767384,135.62697924439618,6.22073745734794,929.1203135305607,3101.713419420782,10.369695324228784
2023-01-02 09:57:00,1814.9629925985196,59.545420008193354,29.540101981258072,133.95270906053906,6.69930046702215,949.0450115220152,3193.7213746824377,10.441075598043986
2023-01-02 09:58:00,1815.363072614523,62.33109642667217,28.180658704825632,135.74836994075878,6.4987732366250075,942.623748613186,3123.9801924852018,10.378833539617677
2023-01-02 09:59:00,1815.763152630526,62.023750347984624,27.929866491863482,135.0214591355099,6.430855774071804,941.8074232990188,3160.3334969357516,10.422763622137538
2023-01-02 10:00:00,1816.1632326465292,60.713724403761475,29.40129785175269,134.0524996886128,6.829087939285294,940.8038942550245,3204.105672527149,10.439821222165572
2023-01-02 10:01:00,1816.5633126625326,59.31058727367553,30.457314525803213,132.98089646816433,6.785270654810252,948.594720425273,3212.1894305963956,10.457982591040501
2023-01-02 10:02:00,1816.9633926785357,61.82513286224675,28.19806315690653,134.34395375354006,6.755406280235454,939.0166432679226,3188.9364472242655,10.417500172708907
2023-01-02 10:03:00,1817.3634726945388,65.29161054757792,25.86055027166875,137.63441674266903,6.275753566648589,930.6875717357025,3111.5646065525716,10.331350862381177
2023-01-02 10:04:00,1817.7635527105422,61.51820947645911,28.99812021294986,134.53812848551323,6.656404516189929,941.3122262980967,3157.4108631176196,10.399931967956498
2023-01-02 10:05:00,1818.1636327265453,60.09819245047924,29.618779039351775,134.13543846422755,6.706484154954968,950.6732612490164,3187.693293932528,10.441061171705947
2023-01-02 10:06:00,1818.5637127425484,61.11814910300679,28.557926412803813,133.60412561980243,6.6245326065000665,942.0617473309403,3174.435944248968,10.416423591727906
2023-01-02 10:07:00,1818.9637927585518,58.57813280956958,30.179418678933022,132.16058442590406,7.042318342420165,953.3240648895927,3196.583561214762,10.456466334123347
2023-01-02 10:08:00,1819.363872774555,61.57135522653702,28.177845398877714,134.76888127716836,6.668339709077023,939.5776608315522,3152.0883871378787,10.394777241425723
2023-01-02 10:09:00,1819.763952790558,62.39541317438681,27.816063974517427,135.79186774665135,6.26994471437991,936.8470577066602,3145.4371911528056,10.387399919651351
2023-01-02 10:10:00,1820.1640328065614,60.81847772932932,28.925026637666555,134.55295864878573,6.822801683000112,945.2047933330658,3146.781524261553,10.432276592149444
2023-01-02 10:11:00,1820.5641128225645,57.86286980546004,30.54344477046911,131.78185329421035,7.057054833863127,956.4676666203135,3235.4443215648266,10.486141965302881
2023-01-02 10:12:00,1820.9641928385677,61.24142873226657,28.593678048251633,135.01955572180393,6.530941522918773,946.9591066196158,3169.3088756969955,10.42503148733215
2023-01-02 10:13:00,1821.364272854571,57.754014375836356,31.393587687312362,132.46290885787622,7.100104822417387,956.3035196679468,3247.497152265626,10.495140833678022
2023-01-02 10:14:00,1821.7643528705742,61.08207731471484,28.502393089599792,134.33961015861178,6.646116332663994,941.2849497612194,3179.025067488762,10.419148779337931
2023-01-02 10:15:00,1822.1644328865773,58.02268404528067,31.108346832432535,131.54429655703308,7.158880469560965,956.7386291032155,3225.9294992438763,10.491483061991387
2023-01-02 10:16:00,1822.5645129025806,62.52711756850877,27.682592049451028,135.17263824182524,6.431951138803667,942.7250351411598,3130.0291372623337,10.398359261504858
2023-01-02 10:17:00,1822.9645929185838,59.75903767974564,30.010239405355456,133.58505118118535,6.995527837494303,950.0248687003218,3207.6887689745668,10.463512960544774
2023-01-02 10:18:00,1823.364672934587,61.435476514619914,28.560744632062942,134.52027289574997,6.566195439914142,943.456703990704,3158.207504964871,10.417252601187213
2023-01-02 10:19:00,1823.7647529505903,60.69350317957178,29.036038267298512,134.52333364497238,6.689702036434732,947.7264901407605,3162.7220168391764,10.431411473185804
2023-01-02 10:20:00,1824.1648329665932,60.976119919395444,28.6579882064209,134.44135942247817,6.61190035424569,948.8917460897563,3167.668402134734,10.43672191563075
2023-01-02 10:21:00,1824.5649129825965,60.4679216061249,28.355707663336513,135.13668652385508,6.632164115547733,939.6742131255495,3162.346601175888,10.409916691004105
2023-01-02 10:22:00,1824.9649929985999,61.372665096487886,28.77806374534306,133.58209035375276,6.543889187422343,942.0265309739758,3153.318943757812,10.406816493329998
2023-01-02 10:23:00,1825.3650730146028,59.58248829492208,29.658494442217517,133.88415340231677,6.72565234853317,950.2555631572392,3173.825799333876,10.431038498308933
2023-01-02 10:24:00,1825.7651530306061,60.24495424690451,29.56113655699405,134.36740254069105,6.8482850969393185,945.733244606247,3195.99590455289,10.4310386827074
2023-01-02 10:25:00,1826.1652330466095,61.954235139248816,28.032834511413583,133.7522536152254,6.760150643672572,946.8989042227421,3166.657030667173,10.409413805585874
2023-01-02 10:26:00,1826.5653130626124,60.095876866406584,28.8344391491316,134.69993755337003,6.521189591726604,951.3804526843519,3160.2875136891466,10.419668832886426
2023-01-02 10:27:00,1826.9653930786158,60.924321416497904,28.22835305177366,134.59877831249534,6.599107164505297,946.0078726518221,3181.365056093701,10.414996434716821
2023-01-02 10:28:00,1827.365473094619,61.08334227202449,28.002012272367143,133.9055168744363,6.660295574622008,942.4856454764825,3163.9152936048195,10.42201745396045
2023-01-02 10:29:00,1827.765553110622,58.48186556179028,30.603269053087583,132.4009090562151,6.87954790809326,953.5445378460552,3214.3679336202204,10.472321685604935
2023-01-02 10:30:00,1828.1656331266254,57.68167438143174,30.596227003267984,131.84760490952823,7.056293247105713,958.710350642662,3243.8149354926854,10.481131658626884
2023-01-02 10:31:00,1828.5657131426285,61.134111651076175,29.183873202306515,133.8954563952529,6.617332424944059,948.0082837919814,3176.662603640801,10.450043631502876
2023-01-02 10:32:00,1828.9657931586316,59.91135754927285,29.474512357354012,133.90146348120223,6.943209359968966,947.5522396295642,3199.3796676064526,10.452923400538312
2023-01-02 10:33:00,1829.365873174635,61.0727929311305,28.205540602929922,135.06184912231197,6.367045651688116,943.0867687670282,3143.3993038425683,10.394066664137963
2023-01-02 10:34:00,1829.7659531906381,62.258141193060375,28.018441593580643,134.31489492971247,6.419142132623677,943.8819194267435,3128.897761939866,10.390930562123716
2023-01-02 10:35:00,1830.1660332066413,59.5519440545096,29.247087131519447,133.21803230585385,6.768376406894099,952.7944947245825,3200.29603167179,10.44392230416919
2023-01-02 10:36:00,1830.5661132226446,61.214427419894434,29.51798288453223,133.9024384113927,6.640299349290453,945.893547380507,3180.917184291765,10.416677244866644
2023-01-02 10:37:00,1830.9661932386477,59.51012748997895,29.248005147094712,133.7411479860736,6.831958574488745,943.5959706016112,3190.923736734034,10.449682548816638
2023-01-02 10:38:00,1831.3662732546509,60.80482112080473,28.984307579719584,133.8982396909339,6.694416410435337,946.5110330925579,3171.9949600270925,10.43756826091523
2023-01-02 10:39:00,1831.7663532706542,60.90359286253745,29.840185835453163,134.1089142775394,6.7908587549982835,944.1223044836948,3181.2303901511905,10.435168232517627
2023-01-02 10:40:00,1832.1664332866574,58.568702728847306,30.6164920879573,132.87042759649046,6.9489648441031235,957.0131583624127,3203.056907719989,10.473646611422083
2023-01-02 10:41:00,1832.5665133026605,59.75439660824879,30.00592550957499,133.42516639310787,6.748719973214337,949.6054919789137,3188.632188214327,10.451839920571206
2023-01-02 10:42:00,1832.9665933186639,62.29394474301811,27.94189332615377,134.0110466326655,6.460605736629104,937.8404309985704,3132.616753228053,10.394815784693572
2023-01-02 10:43:00,1833.366673334667,59.573172648608974,30.449711033549423,132.5281449642591,7.046953648358912,950.126653736353,3193.842305508391,10.461772832215436
2023-01-02 10:44:00,1833.7667533506701,61.911650460312956,28.561808527271108,134.0463594272763,6.609517972549469,947.773005918971,3160.1241135576615,10.408408850934181
2023-01-02 10:45:00,1834.1668333666735,56.84657389667371,31.149452499383372,131.87347630894075,7.224686806622501,962.6133627388564,3262.464221513399,10.499542335144131
2023-01-02 10:46:00,1834.5669133826764,58.651347316466186,29.635241169359293,133.24222006700907,6.944106327858818,951.9308739505514,3203.9018963914955,10.44782013534945
2023-01-02 10:47:00,1834.9669933986797,58.26805766571596,30.170175865505836,133.59033973513223,6.897612805719709,955.4973524697151,3187.3425145559795,10.454735439425114
2023-01-02 10:48:00,1835.367073414683,59.894718872257016,30.217741221458862,133.5784461631289,7.0538582478795915,953.8235034345522,3198.4627430160217,10.465101761832429
2023-01-02 10:49:00,1835.767153430686,59.161709683541865,29.441505960763138,133.24705389981096,7.042007107976178,953.7346099080327,3192.9755240607483,10.453222332731533
2023-01-02 10:50:00,1836.1672334466894,59.180877343943834,30.265938765269777,132.39641830376118,7.130741106031181,946.5208592133075,3219.3029761817634,10.454885238186238
2023-01-02 10:51:00,1836.5673134626927,58.56975622855386,31.088246029650897,132.30634522139388,7.356332005095009,966.3749883984963,3246.5293220705444,10.494695236312461
2023-01-02 10:52:00,1836.9673934786956,60.56872663107532,29.28433422358969,132.70614600725432,6.9271835193320035,953.4991591829875,3203.9846457870667,10.457208764919207
2023-01-02 10:53:00,1837.367473494699,57.9137109023794,31.591242111381753,131.67074652911109,7.142184252734613,956.2438551734963,3229.5939628824626,10.497320246089366
2023-01-02 10:54:00,1837.767553510702,59.19879588415194,29.57278563721193,131.95404784843856,6.942243690638493,955.4362900536944,3205.4242340551955,10.449435183666122
2023-01-02 10:55:00,1838.1676335267052,58.317908247066526,30.91806531943179,132.36335474023036,7.138113791709786,956.3587065481983,3229.630484263675,10.490724120891144
2023-01-02 10:56:00,1838.5677135427086,59.336855767930864,30.11981384094044,131.94090732755666,6.996327154449838,956.6354663058333,3208.0950765497832,10.474035271046366
2023-01-02 10:57:00,1838.9677935587117,57.47147745501955,30.761961173938932,131.40557109501097,7.287314471021841,958.8997667064798,3227.863791862113,10.490675149540392
2023-01-02 10:58:00,1839.3678735747148,59.976981745075335,30.097678600768937,133.02547130658596,7.010279841703117,947.7562949502114,3215.8634893384306,10.467582353257889
2023-01-02 10:59:00,1839.7679535907182,58.16378107679845,31.337157067701558,131.90637278415784,7.3063028693667516,956.0289434101209,3230.057007116652,10.474687433996655
2023-01-02 11:00:00,1840.1680336067213,61.70766399342599,29.67875701744445,133.67070110493142,6.63620980029252,950.8452469693926,3182.7223854155213,10.433913748680622
2023-01-02 11:01:00,1840.5681136227245,57.753473137611586,31.200426381466375,130.5283431209748,7.382891884294894,955.4155004775884,3221.776976158852,10.487337854914657
2023-01-02 11:02:00,1840.9681936387278,61.35762899752314,28.56855034077341,134.97981844157593,6.621513369913186,944.4811705442205,3187.217071612165,10.40994575407313
2023-01-02 11:03:00,1841.368273654731,57.86608540826398,31.032080388052215,132.33054820246574,7.3618556209779555,963.2648426494384,3235.3508457464645,10.512213994636046
2023-01-02 11:04:00,1841.768353670734,59.44179357161652,29.401277865408968,133.28595389195414,6.844253146468167,953.7327360471115,3199.4417400016728,10.461477578391502
2023-01-02 11:05:00,1842.1684336867374,56.262740603304735,32.48394020286403,131.3443905324032,7.424721670796999,962.369407896124,3250.2939608141082,10.504333970694288
2023-01-02 11:06:00,1842.5685137027406,58.28273807549517,31.080091177215262,133.08010040956157,7.0938819555398,955.1099695861903,3219.674073800481,10.511878935343306
2023-01-02 11:07:00,1842.9685937187437,56.31121185633068,31.6109531004774,131.07257403524835,7.337200152509504,957.8231217994121,3266.9202301592545,10.51714168786487
2023-01-02 11:08:00,1843.368673734747,58.0877001598697,30.949577478077913,131.2617597248681,7.1526988190449785,959.0154778036632,3211.7266743148657,10.473061790612398
2023-01-02 11:09:00,1843.7687537507502,59.12323515306941,30.341297138319,132.93830889551836,7.017788710414792,953.8551087356569,3216.5512111725234,10.473127674993215
2023-01-02 11:10:00,1844.1688337667533,58.72149250753678,30.66769116582284,132.0200432563967,6.890195938096337,953.8476629049975,3210.3877328057474,10.47790562218826
2023-01-02 11:11:00,1844.5689137827567,58.23606253755638,30.680519094683024,132.538342108838,7.104613681136584,962.7123985768403,3206.262749537865,10.48519381426914
2023-01-02 11:12:00,1844.9689937987598,59.41318981149444,30.035093997385797,133.25572141634012,6.9851491474367355,950.495591390953,3201.3717162940407,10.442939228552602
2023-01-02 11:13:00,1845.369073814763,60.55539239493702,29.040280387281317,135.12718934337903,6.659136221728915,947.5447999671854,3166.5949907441172,10.426917399613167
2023-01-02 11:14:00,1845.7691538307663,59.89687798149146,29.376945612668905,134.16467910039373,6.763018959281181,950.6745449230774,3205.2929190927694,10.454303489880745
2023-01-02 11:15:00,1846.1692338467692,59.108754490326916,29.512953652822066,134.2930993466416,6.900041931977898,946.8173777121607,3191.2993794114427,10.449016165757627
2023-01-02 11:16:00,1846.5693138627726,57.94470951679221,31.508492723338858,132.3551113729957,7.251608838071486,959.1112680527347,3240.1961084267227,10.508014204891758
2023-01-02 11:17:00,1846.969393878776,59.8053789180256,30.313119916802986,132.83893703327513,6.975328742220069,949.708032721057,3184.1316766447508,10.465597594334929
2023-01-02 11:18:00,1847.3694738947788,58.34801545396401,30.403902872038852,132.32790482480945,7.22424659353575,951.4561833507518,3195.516122949285,10.441585860471106
2023-01-02 11:19:00,1847.7695539107822,58.87375833121085,30.253324112513464,133.51798747106523,6.8109380833898,952.8228456944954,3221.9669285974187,10.468858458235943
2023-01-02 11:20:00,1848.1696339267855,59.07166364025662,30.332455624504636,133.38364527169313,6.932854929641637,953.221195390854,3209.272004416663,10.461239165025214
2023-01-02 11:21:00,1848.5697139427884,58.7202882556447,30.883405552977447,132.34672054491938,7.179655511442786,954.305684713475,3224.1006635857448,10.488778704688341
2023-01-02 11:22:00,1848.9697939587918,59.173718750795096,29.643600907618094,133.2605369243405,6.831417599295149,948.9467910280694,3192.918864024293,10.415616095745904
2023-01-02 11:23:00,1849.369873974795,59.06944453125102,29.854372966741757,133.62427210397956,6.869415427857353,948.5637885735075,3201.610288073721,10.451177329205498
2023-01-02 11:24:00,1849.769953990798,58.136200616915,30.9722686264689,131.5235773181069,6.990459979910758,957.261901403696,3251.8783050120583,10.508942266436
2023-01-02 11:25:00,1850.1700340068014,60.241937426635154,29.782905775947988,133.66151188534732,6.761360547013086,952.497323214087,3187.3680995538616,10.447116648954989
2023-01-02 11:26:00,1850.5701140228045,56.05303384228875,31.90600386404694,131.00658172165438,7.254172210653866,964.3540448626275,3236.264172124479,10.513571058806718
2023-01-02 11:27:00,1850.9701940388077,58.772906552644834,29.960034304842825,132.97524043552443,6.954346421121675,952.2396261807762,3232.61145789265,10.471979941139917
2023-01-02 11:28:00,1851.370274054811,59.26288389650786,30.44909728247252,133.2274966196065,7.018393009907822,947.203362148773,3208.87043741094,10.459149282787802
2023-01-02 11:29:00,1851.7703540708142,59.09525641500707,30.231139246373587,131.40776626456696,7.021585077428963,956.9288373042602,3207.7605227609315,10.472425969809516
2023-01-02 11:30:00,1852.1704340868173,58.143347319521574,31.137059864916473,132.83761814578867,7.21497606823435,955.6295199666905,3240.08139559451,10.468387060877573
2023-01-02 11:31:00,1852.5705141028207,55.98505828552281,32.34993391469945,130.2733540957184,7.391353706557152,967.2630252404008,3276.8023267588387,10.51717600122426
2023-01-02 11:32:00,1852.9705941188238,58.97521481533835,29.51312157074655,133.36340965718222,7.017623779117808,947.2795433172472,3190.726574931907,10.481041055925857
2023-01-02 11:33:00,1853.370674134827,58.826961313224444,30.431544861917263,132.73991317003023,7.018742049476408,957.2667098426165,3224.924112444755,10.472919721171223
2023-01-02 11:34:00,1853.7707541508303,57.55842931662082,30.341567388831137,132.20872251154134,6.99265375679594,951.3542023003897,3229.829743418872,10.504209619605593
2023-01-02 11:35:00,1854.1708341668334,57.69113316634777,30.575876217091192,132.37439090070222,7.1984659071582895,955.663675272495,3212.4397735384932,10.48185874892359
2023-01-02 11:36:00,1854.5709141828365,57.29493529943316,31.51421119094134,131.29729941841663,7.181182332045581,958.8310277295602,3220.7292288530657,10.500278350863693
2023-01-02 11:37:00,1854.97099419884,57.42915106221107,31.75373102655789,132.27624976446947,7.333208700312438,958.723308891715,3239.8813624221953,10.489842345467281
2023-01-02 11:38:00,1855.371074214843,59.46217767285769,29.924580587726773,132.96062069184762,6.8858180852712625,949.2578979458364,3192.630872555086,10.466374392696379
2023-01-02 11:39:00,1855.7711542308462,58.97225384349863,30.345577832714156,132.26451609489797,7.074394719345771,951.2054741959694,3217.1587639651016,10.473980518496946
2023-01-02 11:40:00,1856.1712342468495,58.906342983201455,30.37445952160337,133.00757217317764,7.005048432391737,952.8248481581203,3206.932000119346,10.46635669587259
2023-01-02 11:41:00,1856.5713142628524,60.42865627013361,28.760813848949983,132.85952098006598,6.778527558269239,946.4231289793615,3175.2198537532677,10.440674517271708
2023-01-02 11:42:00,1856.9713942788558,59.06376720317502,30.062333530100833,132.87949413422479,7.05609747381002,952.681271366794,3224.649243948642,10.474328302608193
2023-01-02 11:43:00,1857.3714742948591,57.709391287929456,31.09215759953747,132.1229521951887,7.145074015319675,957.5741739827713,3225.9316834952565,10.483277864732818
2023-01-02 11:44:00,1857.771554310862,59.640449538762276,29.82417921102386,133.08521250554875,6.934471366328472,952.1220639202804,3207.451891964325,10.47278650697571
2023-01-02 11:45:00,1858.1716343268654,55.78919999037599,32.95416949677228,129.67845373893076,7.49756917776228,968.4076594776361,3259.5764697376017,10.539411198424688
2023-01-02 11:46:00,1858.5717143428687,57.66472053721357,31.511617499362618,131.29411664541647,7.432251845730659,960.6930401783017,3252.3995739388406,10.49701664880645
2023-01-02 11:47:00,1858.9717943588716,57.68788276066796,30.487671014999407,132.7574304220947,7.012497378183108,958.2707253511127,3216.4448503855656,10.497081837926459
2023-01-02 11:48:00,1859.371874374875,56.94873418493736,31.282005245465207,130.61146107639908,7.264611762836066,961.6408556413464,3229.087580509377,10.518093475451128
2023-01-02 11:49:00,1859.7719543908781,58.57435676019849,30.417880422717342,131.67517306776855,7.124657972077531,963.7523659000809,3229.87273840664,10.483769138834228
2023-01-02 11:50:00,1860.1720344068813,58.254612831372555,30.509364223297233,131.8545974207208,7.120035692643154,957.8583877921039,3219.0984518568753,10.499320509362715
2023-01-02 11:51:00,1860.5721144228846,57.073151019260315,31.876610317953503,131.09093826111416,7.337909153876816,962.765561072522,3255.8809197233977,10.518811761441413
2023-01-02 11:52:00,1860.9721944388878,59.239181937588086,29.370993181374782,132.50439691352796,6.921664160605216,952.017507508135,3185.1581531173692,10.457477904390622
2023-01-02 11:53:00,1861.3722744548909,58.164637453876125,30.593679912197295,132.31649642778567,7.121528553505271,959.8933402692054,3219.0996072865105,10.485625249743357
2023-01-02 11:54:00,1861.7723544708942,56.124986699965575,32.40004584477137,130.93827000226966,7.62957035869063,962.8058653937301,3282.184569525577,10.543368708624957
2023-01-02 11:55:00,1862.1724344868974,58.75030822583679,29.658998119352653,132.92669750171333,6.893600675539594,947.381092618355,3205.401303799358,10.447986410079432
2023-01-02 11:56:00,1862.5725145029005,57.548899472278094,31.834388630124124,130.6955838871354,7.408236133946224,962.9952573378491,3241.909437156509,10.51129648690141
2023-01-02 11:57:00,1862.9725945189039,57.42926480805406,31.124939998675067,132.640729833469,7.310298378162724,950.4543530679899,3230.9487127004913,10.482275367388729
2023-01-02 11:58:00,1863.372674534907,57.93931643662973,30.51502180798306,133.66165783222223,7.002110609892681,952.7448104248376,3223.948013080716,10.466013534726088
2023-01-02 11:59:00,1863.7727545509101,56.43496298710807,31.630325482545103,131.0209969527552,7.4495602258726095,961.5435239340629,3249.0158385475183,10.519408645067806
2023-01-02 12:00:00,1864.1728345669135,58.23953367259337,31.018352743184888,131.25575045630632,7.004455239853205,956.6468494720716,3230.245875453091,10.486203203388213
2023-01-02 12:01:00,1864.5729145829166,55.91195341196101,32.86446577969393,130.6214687729912,7.610906292011083,962.6763119095012,3286.8756516900753,10.537015743080154
2023-01-02 12:02:00,1864.9729945989197,58.608106100309165,30.15597950432905,133.25997581302877,7.1758676339493315,959.6618649637984,3200.8249184394444,10.477650712694123
2023-01-02 12:03:00,1865.373074614923,58.30999267006841,31.078845252139388,130.70735640691478,7.352330722339414,958.4025464445351,3230.9857487801396,10.49521845880318
2023-01-02 12:04:00,1865.7731546309262,55.899790797428984,32.76457978998519,130.51417574483116,7.505711379621367,964.5162180927156,3270.128975784882,10.548863512241025
2023-01-02 12:05:00,1866.1732346469294,56.08850348073067,32.06112022982571,129.9906146243036,7.457164307771459,968.4516568427487,3262.098224882545,10.528350885487317
2023-01-02 12:06:00,1866.5733146629327,56.265370135479074,32.28214557922038,131.08772968487955,7.41887960359465,963.8630110326246,3258.2534325324664,10.515444230352337
2023-01-02 12:07:00,1866.9733946789358,58.19669255371559,30.797964986917354,131.21156867840344,7.232083593918796,961.0259915284892,3235.6936775584527,10.51306433782824
2023-01-02 12:08:00,1867.373474694939,57.19460770407106,31.239854499791303,131.89009384423545,7.290400443244689,963.8218152344243,3229.3963461330445,10.49249243702611
2023-01-02 12:09:00,1867.7735547109423,57.50397391729855,31.287965128359136,131.88944613138807,7.19243078796713,957.7616788108724,3231.2632414635414,10.485491725845387
2023-01-02 12:10:00,1868.1736347269452,54.621764661432586,32.43127575620407,129.87112149106775,7.715471341022129,969.701176410885,3267.35029896168,10.549901934798203
2023-01-02 12:11:00,1868.5737147429486,56.54084276743868,32.78498255351374,128.80001394313928,7.502703607359582,970.1279117721979,3284.4845321164034,10.53325712598287
2023-01-02 12:12:00,1868.973794758952,55.07920627721654,33.23634174475621,129.773732617146,7.628065613916061,969.2465060323847,3276.5969135532805,10.55060686789301
2023-01-02 12:13:00,1869.3738747749549,54.69852103566293,33.30187765294324,129.84468321757683,7.503028564117966,970.2447459275618,3279.7896293887184,10.534916812982933
2023-01-02 12:14:00,1869.7739547909582,56.61938773474455,31.31531266319896,130.48091403097538,7.310953904565161,960.5229009811555,3263.8396290870187,10.509290388755659
2023-01-02 12:15:00,1870.1740348069616,57.24100281450127,30.708719205367615,131.45451258558765,7.110135361114452,967.0945230555442,3249.5773031232193,10.48778521868996
2023-01-02 12:16:00,1870.5741148229645,57.1163380897372,32.20245408605623,131.34190296341578,7.328638142429278,959.7243741680442,3245.513434969365,10.509470281554046
2023-01-02 12:17:00,1870.9741948389678,55.564133996256864,32.74778303379678,130.51974343174348,7.650521021625724,969.0779953358818,3274.700588070637,10.535174428045956
2023-01-02 12:18:00,1871.374274854971,58.96104874281402,30.300733789023525,133.367643397289,7.235371750227832,951.377827325929,3212.250709208583,10.468399453716208
2023-01-02 12:19:00,1871.774354870974,55.83924527671121,32.16770659081483,131.08579415313483,7.34138134542508,964.3524906470382,3259.447835883068,10.528001789674276
2023-01-02 12:20:00,1872.1744348869775,57.429838651502486,31.111490105839845,132.18490517762112,7.087438192235803,959.8475809001113,3249.695809020289,10.501764962307343
2023-01-02 12:21:00,1872.5745149029806,56.87873551936907,31.00254848880785,132.0550028206617,7.183860767509531,954.838489328689,3228.8952945544697,10.480618700649837
2023-01-02 12:22:00,1872.9745949189837,56.264056624259545,32.69653793300892,131.4654554382686,7.312854448513856,954.7439074587817,3250.0436533661696,10.509333238654216
2023-01-02 12:23:00,1873.374674934987,57.474643152197906,31.67495209179471,130.16783877599568,7.431071931818311,965.0314985474282,3255.467343757097,10.503763360206278
2023-01-02 12:24:00,1873.7747549509902,55.87354118749351,33.055437661835946,130.83122621849097,7.541406175376168,963.4370527862388,3284.6974914428324,10.529002989454517
2023-01-02 12:25:00,1874.1748349669933,53.56085337960952,33.60420414894594,129.85912897748182,7.74498174606061,979.2298006790968,3293.632341424134,10.571664236335886
2023-01-02 12:26:00,1874.5749149829967,56.77584043064485,31.661721262588152,131.4590965295135,7.28801365818857,961.6197205437754,3253.4840607036767,10.488478746165738
2023-01-02 12:27:00,1874.9749949989998,57.00380379705779,31.532176143354004,131.17754177341877,7.3299155678278165,956.4178485662964,3264.009979509528,10.498152571722068
2023-01-02 12:28:00,1875.375075015003,56.163162687545935,31.717417132724535,131.78940376426988,7.293572285625394,960.5962233484487,3251.3262600604303,10.517931345558551
2023-01-02 12:29:00,1875.7751550310063,57.475672625972734,31.092078653839128,132.74505719738332,7.149210628906564,961.974219263779,3243.590649299425,10.50147359054901
2023-01-02 12:30:00,1876.1752350470094,56.06104243045545,32.55199430760644,132.3089317116057,7.291878275783798,963.8618213081107,3273.873101609534,10.523929471368769
2023-01-02 12:31:00,1876.5753150630126,54.50474700393167,32.98622126902979,129.98789515231434,7.662837742599205,967.9531060398505,3295.2558354373546,10.544157737949998
2023-01-02 12:32:00,1876.975395079016,54.62577178998762,32.78366636775374,130.09955309426897,7.619100842407464,967.1560960316287,3263.1195012064427,10.553115301059194
2023-01-02 12:33:00,1877.375475095019,56.73455493296865,32.082384850856705,130.51960926689853,7.291197363192511,961.5547678344191,3237.644361898079,10.504826112441464
2023-01-02 12:34:00,1877.7755551110222,55.48362658980862,32.03674621423783,131.14263390841973,7.3140546090587355,963.7900517083295,3268.7313950151733,10.519357360213071
2023-01-02 12:35:00,1878.1756351270255,53.70289555745161,34.431374728049235,128.84702187923,7.863304545482517,972.434903720202,3325.389736835503,10.577786697063493
2023-01-02 12:36:00,1878.5757151430284,57.19088893710469,31.104023858915514,131.68392045301331,7.351759601125306,961.2944756999274,3234.2630144460295,10.509848843233216
2023-01-02 12:37:00,1878.9757951590318,51.866969308162716,35.04112254780169,127.58375260509207,8.029081908806477,981.661680415357,3351.677840452009,10.610688988686396
2023-01-02 12:38:00,1879.3758751750352,56.093453729740084,32.680304988254555,130.8549295914737,7.326156226055063,966.9744588082806,3258.299085585155,10.528087472637514
2023-01-02 12:39:00,1879.775955191038,53.620524121336665,33.65932760814197,129.83028124047536,7.682337672923841,971.6596401862472,3295.0666127676886,10.560652865115232
2023-01-02 12:40:00,1880.1760352070414,58.328094904992334,30.41779727076938,132.31974676174744,7.037563977607041,954.6800481033363,3216.8964920843314,10.496891683171507
2023-01-02 12:41:00,1880.5761152230448,56.747837407983624,31.664598761593425,131.1609258689863,7.3738022346043595,960.417991979714,3271.470856524388,10.514233921099077
2023-01-02 12:42:00,1880.9761952390477,55.45537643200691,32.759772792000774,130.99543749694948,7.373005225914153,970.135482050221,3262.7207700051613,10.520640551356687
2023-01-02 12:43:00,1881.376275255051,57.27174472658528,30.851293882737934,131.49016159891346,7.28515285481881,960.9004878454632,3234.223126255291,10.51614483711497
2023-01-02 12:44:00,1881.7763552710542,56.743470678817495,31.775900452183098,131.8028465994758,7.251475249710582,967.8079314166514,3253.8677619166215,10.509911165204382
2023-01-02 12:45:00,1882.1764352870573,55.22297565235745,32.630641327019276,130.84540451733125,7.485074241341865,966.2699439762688,3260.206396585314,10.551440311311683
2023-01-02 12:46:00,1882.5765153030607,55.73818277781245,32.47132217655434,131.29365458365737,7.574304204327729,966.5546838548638,3287.1555443002603,10.544131116681417
2023-01-02 12:47:00,1882.9765953190638,56.40774478418905,32.132345140170486,131.4713502506259,7.21832022509717,965.2956095467867,3257.300453566326,10.505222874066707
2023-01-02 12:48:00,1883.376675335067,55.15070399193844,33.57723988416892,130.45066099248888,7.697026528734359,969.6533822968612,3293.047159972987,10.533553716048992
2023-01-02 12:49:00,1883.7767553510703,55.385139058801215,32.63371440787788,131.0297844270548,7.517755347422669,968.5786924932847,3276.65689205843,10.550265275982518
2023-01-02 12:50:00,1884.1768353670734,56.59931958165416,31.367818289039345,130.78961480350455,7.291532260132611,960.8204284877642,3251.3462700191194,10.512126846150949
2023-01-02 12:51:00,1884.5769153830765,56.05168980278424,32.09737317665706,131.01597936815247,7.4176177061505815,961.4339569855554,3276.8715979504427,10.511080660805671
2023-01-02 12:52:00,1884.97699539908,54.15668120314845,32.712978247245346,131.20072061544735,7.644327344612107,960.787838763648,3278.9842247671227,10.526898237962497
2023-01-02 12:53:00,1885.377075415083,54.53646774882475,33.43566441322526,128.81194587349358,7.66290239066999,973.7499782942699,3310.6290590050658,10.552866967881158
2023-01-02 12:54:00,1885.7771554310862,56.635875570299675,31.51864239670781,131.692792191763,7.270818402006704,960.3634406768529,3242.35186756778,10.499502116670017
2023-01-02 12:55:00,1886.1772354470895,54.85602682638426,33.50151453663356,130.82480148569442,7.540365641188408,967.4641587940934,3287.8110764539497,10.542750165954072
2023-01-02 12:56:00,1886.5773154630926,53.21686697787785,33.85863614090227,128.628356474301,7.794991812236824,973.867752469818,3290.462075608536,10.593780402205395
2023-01-02 12:57:00,1886.9773954790958,54.2337578411665,33.583243252001566,129.7283035145588,7.776854566434397,969.3318029533598,3293.251834659387,10.55967782054433
2023-01-02 12:58:00,1887.3774754950991,55.924620323686696,32.610802733193935,130.58819129727715,7.513534367602031,970.9387962839046,3261.20724355861,10.522246563267554
2023-01-02 12:59:00,1887.7775555111023,54.55442999610224,33.55768326310054,129.36623127003875,7.684255130637546,972.262159887735,3282.7374546899,10.551216611944973
2023-01-02 13:00:00,1888.1776355271054,56.43168793939904,31.86549274385815,131.95308000781114,7.165738400527466,961.1285206076674,3247.2368976969483,10.508778069279469
2023-01-02 13:01:00,1888.5777155431088,54.583705519481555,33.53948043050427,130.34286771133205,7.366048146153259,967.5199190850408,3268.8771698295277,10.548365973241816
2023-01-02 13:02:00,1888.9777955591119,54.176337058821275,33.983099006739515,130.07728064801339,7.695531748183426,973.5184858284783,3296.777868542131,10.557315062819033
2023-01-02 13:03:00,1889.377875575115,54.16386109184599,33.00864652554754,129.83142199543983,7.783526047727825,967.6433300203885,3286.1396427601485,10.55111236207329
2023-01-02 13:04:00,1889.7779555911184,56.76429716082621,31.839684998691453,131.0801437056925,7.296176071233178,958.7654531373695,3251.6639562161527,10.521523433928245
2023-01-02 13:05:00,1890.1780356071213,56.460184846631115,31.652203647395627,129.7850000231914,7.2418161895485005,965.8099496591904,3253.4161795451273,10.503121931907819
2023-01-02 13:06:00,1890.5781156231246,57.397348053937826,30.56484795168014,132.1270377402357,6.973959596098957,956.0578472282565,3230.2365877830935,10.495108926919107
2023-01-02 13:07:00,1890.978195639128,52.081200859797846,35.29313689754484,128.67437700827287,7.853358612531847,979.2012945028673,3352.7048142461554,10.61201586095564
2023-01-02 13:08:00,1891.378275655131,56.170451101180824,31.6868721901393,130.41827202090053,7.4216628805433205,961.2445947727699,3259.5163558114577,10.5061473127396
2023-01-02 13:09:00,1891.7783556711342,55.724137145571426,32.26778379391587,130.34253133173902,7.250184155026389,960.6612120201547,3262.638351474174,10.537364679100591
2023-01-02 13:10:00,1892.1784356871376,54.0726342750383,33.68557410650671,129.6558101888416,7.802491479280049,974.2622386512276,3283.9289109322417,10.574115114414164
2023-01-02 13:11:00,1892.5785157031405,53.348045638802894,34.13138002177789,129.6345815382858,7.582695167201796,973.6117603106494,3288.7582270147113,10.578803655184165
2023-01-02 13:12:00,1892.9785957191439,54.83799559999248,32.9053080859602,130.79229314395835,7.64053195621812,967.038463623401,3286.932149259419,10.520899282612628
2023-01-02 13:13:00,1893.378675735147,55.16404242533187,33.32342945561402,129.7117104129608,7.793459696364197,969.5328059572815,3299.8241335247594,10.57260142632831
2023-01-02 13:14:00,1893.7787557511501,52.669967022744416,34.68216886680265,127.8268194598542,7.87627998761148,976.8284915535716,3342.69025304862,10.60803540560494
2023-01-02 13:15:00,1894.1788357671535,54.17363633030938,32.482656094204856,129.25039588670523,7.488244833760148,974.0266219276514,3305.799606272483,10.565847478713199
2023-01-02 13:16:00,1894.5789157831566,52.97122735645354,33.58521471558325,128.5140518851743,7.880637037004093,970.696712211326,3316.6670391366115,10.593396648489467
2023-01-02 13:17:00,1894.9789957991597,53.91539294190619,33.31244307097436,129.18146440269965,7.737363076502622,967.0937841994079,3311.3726436436077,10.56310616256137
2023-01-02 13:18:00,1895.379075815163,54.37942789483055,33.33440457587839,129.44198651659903,7.595290406464335,965.4167845995693,3275.3716715607857,10.564667475008498
2023-01-02 13:19:00,1895.7791558311662,55.19158384698858,32.25378604188185,130.47979276619228,7.517575219568732,975.6530013055192,3253.483225673739,10.53266030448103
2023-01-02 13:20:00,1896.1792358471694,51.31434060364019,35.737183438798894,126.95661127882937,8.137440683983469,984.333851840722,3353.9569866969873,10.620860648343577
2023-01-02 13:21:00,1896.5793158631727,57.47881146532724,31.457237188449362,131.7926468933998,7.129986656605615,959.3502373817707,3247.249558332997,10.502998137144193
2023-01-02 13:22:00,1896.9793958791759,55.58346917241283,32.85944578279957,129.39368993191678,7.626766055509837,965.0869142340497,3286.985018522923,10.55330595929422
2023-01-02 13:23:00,1897.379475895179,55.189446173175014,33.23098574517636,130.0359600285521,7.695021046388771,969.2237188257517,3301.1165639970227,10.55655633473041
2023-01-02 13:24:00,1897.7795559111823,54.7747606507532,32.817480183858116,130.17722727251146,7.451208743205954,971.9277700186002,3274.7450156347263,10.556415056816439
2023-01-02 13:25:00,1898.1796359271855,51.66988503868775,35.42535948813661,127.6701214107896,8.019856503834692,987.4498461929147,3359.019926879721,10.632148767688141
2023-01-02 13:26:00,1898.5797159431886,54.39139900282051,33.37217916558274,129.79463035080187,7.642677984358127,965.5261754327547,3290.483594741861,10.54029276728896
2023-01-02 13:27:00,1898.979795959192,52.9692135225203,34.31165393052608,129.01224310732505,7.752690944893544,974.8547859884095,3308.3577199842825,10.593295399804271
2023-01-02 13:28:00,1899.379875975195,53.76832402769579,33.36678846368429,129.04315429350504,7.568199361252136,978.9961600580834,3306.119620715808,10.591427529424685
2023-01-02 13:29:00,1899.7799559911982,54.18880221344305,33.96793667838838,129.36253524827262,7.716104573588071,972.2918547500173,3304.7387206102217,10.575444329586507
2023-01-02 13:30:00,1900.1800360072016,52.990388582310985,34.83767259938844,129.08625713904271,7.8845938942405205,973.213188545054,3319.990338297865,10.607932228195073
2023-01-02 13:31:00,1900.5801160232045,54.557869916235944,32.58828988502329,129.68127905521746,7.6899580545516955,968.7450846584,3286.765097332768,10.575929195056638
2023-01-02 13:32:00,1900.9801960392078,55.20416645285038,32.672620909500736,129.61142387208938,7.544974141816837,967.9339873359843,3269.850002073124,10.519396911248107
2023-01-02 13:33:00,1901.3802760552112,54.36112005567621,33.068420605276366,129.89793689915382,7.864072762524481,976.8604530374771,3279.7541163524747,10.57289781758226
2023-01-02 13:34:00,1901.780356071214,55.73151261115095,32.0308793583597,130.9439529025568,7.423709826383625,960.6414769914179,3261.636161455791,10.52423508438924
2023-01-02 13:35:00,1902.1804360872175,53.38052906674794,34.341659444497964,129.00753536090335,7.766996258044092,974.585124699554,3294.81285000251,10.569661197957172
2023-01-02 13:36:00,1902.5805161032208,54.142655312882084,32.680170467137366,130.65763585824374,7.5132534355836516,963.2663251164905,3262.052233583418,10.54729980049659
2023-01-02 13:37:00,1902.9805961192237,52.66705983781872,34.346430216092315,128.5258848214112,7.9708091662144085,978.4653272509512,3330.732118558321,10.621889680109602
2023-01-02 13:38:00,1903.380676135227,53.644884497856914,32.86762318173575,130.1772385755185,7.571958507121417,973.5371837369537,3284.9599381484004,10.570015980453498
2023-01-02 13:39:00,1903.7807561512302,53.91956985403345,33.81776143183413,129.95531686498867,7.671933333513895,968.1344917460682,3295.389354145953,10.56549367452053
2023-01-02 13:40:00,1904.1808361672333,52.66730669230703,34.53925874416924,128.9498261812703,7.9490581049525275,979.3293561988718,3335.842577910593,10.617170397652652
2023-01-02 13:41:00,1904.5809161832367,53.75488561254515,33.77627371162114,129.10256994035703,7.928961748971,979.2584434130704,3303.11046919335,10.585727827335225
2023-01-02 13:42:00,1904.9809961992398,53.709161053462374,33.88986463768949,128.73649694696846,7.796598730817206,974.5292470500492,3289.458791963451,10.578991442875992
2023-01-02 13:43:00,1905.381076215243,53.51901882342688,34.12814056665336,128.69124138959984,7.708056917817412,978.3995723038121,3310.3101746935668,10.582867214751813
2023-01-02 13:44:00,1905.7811562312463,52.98186254671524,34.00370053453123,128.25919727586944,7.7837181581874955,971.0117076606793,3294.801809436951,10.581116399618985
2023-01-02 13:45:00,1906.1812362472494,53.076734583550795,33.861843790034456,129.28328579297835,7.844900286207092,972.0785566355303,3277.0109541588345,10.548563389257094
2023-01-02 13:46:00,1906.5813162632526,55.02944343384581,32.542706638172255,129.5133847350224,7.379926358328398,960.5889729087462,3261.0936581693063,10.525930032977705
2023-01-02 13:47:00,1906.981396279256,54.52273068204527,32.804048658151295,130.83158648151945,7.508302365146124,968.7365770755073,3292.569525210689,10.555671451879377
2023-01-02 13:48:00,1907.381476295259,54.13958629070978,33.31083533079492,129.7917387899497,7.6404002040227645,972.755295303479,3287.7663982026215,10.570693532440549
2023-01-02 13:49:00,1907.7815563112622,54.19266633613092,32.89671205414249,129.91353694823593,7.771865580992701,970.443305961361,3309.4244605124964,10.565650268895691
2023-01-02 13:50:00,1908.1816363272656,52.7665238388504,34.18156951583228,130.14481320412128,7.729869421846534,974.6324939566913,3317.6586738733004,10.574103517396987
2023-01-02 13:51:00,1908.5817163432687,53.63317491200533,33.91170843764315,129.07098311035483,7.855558955155038,976.2998570289716,3320.042660955183,10.584597341901459
2023-01-02 13:52:00,1908.9817963592718,52.350560549778756,34.14492944361757,128.05109596720416,7.837830932047704,975.6286206422764,3293.972899925904,10.587366280017125
2023-01-02 13:53:00,1909.3818763752752,53.631967787939224,33.43033618066723,129.91576587319958,7.674559176624478,974.2454755927939,3304.6012735657328,10.554191991030574
2023-01-02 13:54:00,1909.7819563912783,52.01920307952185,34.34232054021236,128.1171538296632,7.993355939444154,979.5482602124614,3327.620036626733,10.611846611432002
2023-01-02 13:55:00,1910.1820364072814,52.51659107280055,33.844759793440055,128.48980041121504,7.746834286349496,976.0461261262581,3314.9168482618843,10.578459387942349
2023-01-02 13:56:00,1910.5821164232848,53.57638185567909,33.55863564202144,129.76478863065591,7.866779305036067,974.643175066973,3307.050017435805,10.583597876781539
2023-01-02 13:57:00,1910.982196439288,51.720109304096326,34.671902599955,128.73239334747174,7.7735867093518225,985.2456343678691,3331.585110569281,10.605949040992101
2023-01-02 13:58:00,1911.382276455291,52.57799311790571,33.80279759796338,129.627863693906,7.682582798626541,972.0373097530448,3310.3465799880814,10.578908582193657
2023-01-02 13:59:00,1911.7823564712944,53.83821625272427,33.287441072807354,129.40916730226238,7.649407601430779,974.5097011695984,3293.7247349825043,10.570407066250842
2023-01-02 14:00:00,1912.1824364872973,53.04601719285212,33.81158885198957,129.05964193486588,7.79715835249944,972.4724608544898,3315.7052656600995,10.600849333581786
2023-01-02 14:01:00,1912.5825165033007,52.70573668525384,35.290685289126806,128.54158438421373,8.070355882650885,981.3061563225546,3340.6499952330437,10.612170545606512
2023-01-02 14:02:00,1912.982596519304,55.81933577740086,32.19803579359048,130.65001012054478,7.44362707857054,964.5772922932579,3256.938891117495,10.515253777587702
2023-01-02 14:03:00,1913.382676535307,51.20560663308284,34.49107214185215,127.93925045654295,7.914858932043302,980.219010871776,3323.869733243268,10.603637208016151
2023-01-02 14:04:00,1913.7827565513103,53.01585203305385,34.902294839774214,129.0191905717286,7.729130395170285,980.558745754242,3311.6030609940426,10.586712902155755
2023-01-02 14:05:00,1914.1828365673136,51.092086478203235,35.124030565315756,128.820909233784,8.018355339653715,978.330312571928,3326.357957797286,10.604764490577566
2023-01-02 14:06:00,1914.5829165833165,50.98094112849202,35.8863237056477,126.24278280554415,8.054160004738794,986.5952346802225,3344.014886645224,10.637162289500282
2023-01-02 14:07:00,1914.98299659932,54.591425855289216,33.578087670229195,129.65661937536163,7.705906940353978,973.5827522090046,3296.859828641877,10.561901294082373
2023-01-02 14:08:00,1915.383076615323,53.14644840200451,33.75544354026584,128.74063714505962,7.646026885538712,975.5405263570091,3308.1028724504577,10.580526316152806
2023-01-02 14:09:00,1915.7831566313262,52.35910765753808,33.90054531463383,129.37136399348685,7.696865516799532,979.5232834642237,3330.457541843749,10.586771929976324
2023-01-02 14:10:00,1916.1832366473295,52.51168748632719,34.46821859354104,128.08226761820333,7.953172137659372,972.6495596683235,3313.7984875830193,10.592741886876265
2023-01-02 14:11:00,1916.5833166633327,52.5658225441601,34.222374624555876,129.3012541463196,7.801227648348026,975.2717768361605,3308.585903510883,10.56648653167057
2023-01-02 14:12:00,1916.9833966793358,51.84143600634549,34.2884026449021,127.85026816149833,7.811073144481175,976.8752946534603,3313.969925683777,10.576664167907266
2023-01-02 14:13:00,1917.3834766953391,54.59157488170797,33.366476475156965,130.37669921473432,7.679021341014119,968.6447317871983,3283.2713650046926,10.55781623676358
2023-01-02 14:14:00,1917.7835567113423,52.688756291701765,34.615735311711326,129.1497057850039,7.733881407976701,975.6861325880235,3304.2804087590503,10.581350023818457
2023-01-02 14:15:00,1918.1836367273454,52.0655050547311,34.60720819043607,128.73180892340486,7.813415561615509,978.2907356481871,3314.0317473912546,10.575535086720206
2023-01-02 14:16:00,1918.5837167433488,52.36490856721083,34.806783341042916,127.54555528509647,7.99636493908595,975.3320891191161,3333.9754290915716,10.602843566263871
2023-01-02 14:17:00,1918.983796759352,51.582576221370815,34.49492223937232,128.12957813702448,8.086440575566392,983.5290418534483,3339.655361679106,10.612250968592326
2023-01-02 14:18:00,1919.383876775355,53.09371973595897,33.77693782757646,129.48255901085147,7.72229792722889,974.5016803709234,3302.2179784490118,10.567708753727008
2023-01-02 14:19:00,1919.7839567913584,54.2243635379711,33.05122658042519,129.9629201863568,7.486204717326788,968.0530255293021,3300.113518717659,10.55144307315704
2023-01-02 14:20:00,1920.1840368073615,51.46084032401408,34.21476585133688,128.40046754902895,8.08140798803818,978.9864162059446,3350.0806645937996,10.605170885297484
2023-01-02 14:21:00,1920.5841168233646,51.80248669011755,34.27515004703236,127.94451182572152,7.750885668857253,972.9139883979304,3324.5163108951856,10.58153853308717
2023-01-02 14:22:00,1920.984196839368,51.709847145032356,35.40427962098703,128.05670022796113,8.023260177844866,982.4119517770191,3370.4982632229253,10.633593213079331
2023-01-02 14:23:00,1921.3842768553711,52.89195458020376,34.192888140768176,129.12517735098328,7.88051155100021,976.9862775902512,3329.7804445617912,10.59412796030202
2023-01-02 14:24:00,1921.7843568713743,52.83472460198995,34.07891263299047,127.61771217817855,7.722486318505871,978.3803521751809,3312.223001615308,10.569476900554974
2023-01-02 14:25:00,1922.1844368873776,53.33352263204704,33.23607973062149,128.6117539111983,7.4188350177876385,971.9230943131721,3292.9927867269357,10.566171417985487
2023-01-02 14:26:00,1922.5845169033805,53.20887432047766,34.02299300533031,128.92060461064833,7.903879353982581,980.3486593882326,3316.6998988872747,10.559720930267979
2023-01-02 14:27:00,1922.9845969193839,51.627566950373954,34.11316350389737,127.64745094079203,7.922929166678387,969.893367720256,3322.5686582704525,10.607801314808492
2023-01-02 14:28:00,1923.3846769353872,49.94684237530136,35.43977509658011,127.54167803927426,8.11602818864422,985.1673988160238,3365.41893676217,10.624286054650414
2023-01-02 14:29:00,1923.7847569513901,52.749078509100144,34.06593783345979,129.58646955816644,7.6524712505475545,974.6307827431034,3278.3982515527773,10.567226069852056
2023-01-02 14:30:00,1924.1848369673935,53.342731773467,34.09365023036078,129.4071105734228,7.950348523574586,970.8559605547006,3301.8965735513707,10.5871429517247
2023-01-02 14:31:00,1924.5849169833969,51.88212394983828,33.95183278665277,127.79560611030655,7.739592748547383,977.4232694549047,3323.7599783271876,10.599144406993224
2023-01-02 14:32:00,1924.9849969993998,50.35965114795134,35.434468679728326,127.28890174265923,8.221238461730476,981.97397840596,3346.84062688471,10.615294519236556
2023-01-02 14:33:00,1925.385077015403,49.86991355369158,35.82902199559032,126.99459596818946,8.18607130157118,991.1009454194781,3348.4855578320953,10.645629437816536
2023-01-02 14:34:00,1925.7851570314062,49.462444769123884,36.244644732242286,126.25895027157343,8.322945737168517,985.1533645086267,3367.1305608947036,10.640569594281663
2023-01-02 14:35:00,1926.1852370474094,55.60724860549983,32.222746158280316,130.7762794007473,7.415083859660263,962.3727421097864,3262.0601755706366,10.524571832305902
2023-01-02 14:36:00,1926.5853170634127,52.43645475365441,35.12930624025516,128.4935616787412,7.896425821231014,978.8063728360354,3309.462261117288,10.619297779693326
2023-01-02 14:37:00,1926.9853970794159,50.24481428840924,36.280252219704344,126.51130376783249,8.321806672949988,983.563072286551,3387.4100724352043,10.65567520512289
2023-01-02 14:38:00,1927.385477095419,51.97047461772359,34.566227636463076,128.76696547547934,7.784149743215834,981.2327441469733,3317.3393189600392,10.582613705873673
2023-01-02 14:39:00,1927.7855571114223,52.371688655689454,34.14298750754054,127.82320341337555,7.856426420388892,974.3126628361919,3313.989926502835,10.592411473188433
2023-01-02 14:40:00,1928.1856371274255,50.879130811364426,35.376181011739575,127.79652870569686,8.201363853858771,981.1134902761332,3331.2694701914393,10.612235866830137
2023-01-02 14:41:00,1928.5857171434286,52.18884146698881,34.29994419372037,128.60559066450443,7.844032096455039,974.9880558780515,3318.422337578537,10.59148665975079
2023-01-02 14:42:00,1928.985797159432,51.49492034931967,34.42500382839772,128.2953521349693,7.9332616621562595,973.8708138285251,3364.713961691098,10.593301241715077
2023-01-02 14:43:00,1929.385877175435,49.578234384007885,36.30551681180646,126.96893497934096,8.287484714976477,984.7263600779606,3357.269617420944,10.645974412979765
2023-01-02 14:44:00,1929.7859571914382,52.52676488816249,34.352741615215464,128.04475396806095,7.885063725453551,980.7595667521562,3327.149035162508,10.599800644594852
2023-01-02 14:45:00,1930.1860372074416,51.79354641222947,34.281211112034015,128.541379309096,7.8786825099320135,977.989930819589,3309.723829028073,10.593515885820496
2023-01-02 14:46:00,1930.5861172234447,51.00384845537166,35.73959498515559,127.21444769853002,8.282751281704611,990.7050569699077,3340.6335084519046,10.631043528427865
2023-01-02 14:47:00,1930.9861972394478,50.41247669547411,35.545035969688264,126.75722209187373,8.17952682557975,985.1683428157169,3358.6388992702946,10.6412575968091
2023-01-02 14:48:00,1931.3862772554512,51.77342951180752,34.39850700919061,128.38185504602762,7.914890636561554,978.2265567721815,3321.873409432228,10.59011394919462
2023-01-02 14:49:00,1931.7863572714543,52.24824588158393,34.984293150697304,128.5135923792195,7.871152716937188,980.9503924137642,3330.0055212211328,10.610068703391379
2023-01-02 14:50:00,1932.1864372874575,51.670508507873734,34.87519164428218,127.56048182583861,8.224379207155115,978.7551757568099,3318.052767103808,10.583566563853665
2023-01-02 14:51:00,1932.5865173034608,52.48822891658036,34.63511754270896,129.00797032318624,7.87308259609361,975.6538569426846,3312.695100519171,10.574924071865524
2023-01-02 14:52:00,1932.986597319464,51.86321418884166,34.327721695819505,128.47683873858588,8.071075088548834,972.4734580663329,3289.61956422124,10.596589837315447
2023-01-02 14:53:00,1933.386677335467,49.60306651579996,35.42240055574147,126.92672520546945,8.188662049776083,987.0580597618907,3334.643930021978,10.622675484731872
2023-01-02 14:54:00,1933.7867573514704,48.80727276331019,35.878560813532964,127.22191859084725,8.334273049097314,994.7482684052036,3382.4385046294974,10.653186525937185
2023-01-02 14:55:00,1934.1868373674733,51.160319178980295,34.84684107511382,126.48799775834016,8.112432026833002,986.3368802396902,3341.517119790416,10.606787510677913
2023-01-02 14:56:00,1934.5869173834767,50.34212429070193,34.883922583326395,127.58942806056459,8.159435537580912,988.6613665470013,3336.459269010676,10.61510146218433
2023-01-02 14:57:00,1934.98699739948,51.96426755449885,34.3776769640961,129.42840239384208,7.70674018868082,974.6403517914024,3308.1488606053845,10.576937100733728
2023-01-02 14:58:00,1935.387077415483,52.87656223814145,34.22126076444024,128.6284139269995,7.708028365496355,971.7474757600489,3312.3057990112598,10.588491843984176
2023-01-02 14:59:00,1935.7871574314863,51.048389777463825,34.52627537061124,128.69395044109905,8.046829215417306,977.7997260367438,3324.4835745788587,10.589881603226393
2023-01-02 15:00:00,1936.1872374474897,52.070791433935725,34.660113874308614,128.52974428318043,7.678721331537672,975.0740977655676,3313.550929517485,10.581001645418421
2023-01-02 15:01:00,1936.5873174634926,52.21917882087911,34.10646127153042,128.21523117116755,7.666309020956676,979.653814664504,3310.5274564395054,10.582057779520031
2023-01-02 15:02:00,1936.987397479496,53.18564673428897,34.27863063304621,129.3954883213105,7.882924503164276,974.6529320746706,3303.2873688822147,10.569625533279659
2023-01-02 15:03:00,1937.387477495499,50.74946076351195,35.351891688534955,127.76093878008058,7.882251676496117,975.041369624462,3319.165083953574,10.611302090411012
2023-01-02 15:04:00,1937.7875575115022,49.914844662299025,35.297382616088846,127.49367910723149,8.13717351838021,982.8312163816611,3347.004922818748,10.614231526568956
2023-01-02 15:05:00,1938.1876375275056,49.6304480761371,35.743160505955,127.32093213651873,8.00570814107573,985.7739205258596,3342.72165630393,10.613617712877586
2023-01-02 15:06:00,1938.5877175435087,51.87231472614623,34.34172431633185,128.68531543492773,7.706119386545731,976.6161002546667,3313.8079466010627,10.579392713819468
2023-01-02 15:07:00,1938.9877975595118,53.2771636968453,34.02105284820908,129.80132860932017,7.815027870838259,974.496679953377,3303.706271299169,10.567423870861042
2023-01-02 15:08:00,1939.3878775755152,49.24504065431187,36.47248390316172,126.65483467748415,8.346327513389419,989.9279364376979,3382.0354365152407,10.641145279604917
2023-01-02 15:09:00,1939.7879575915183,51.513251917108555,34.83600160627723,127.9689273517833,7.901571422672591,975.7942615645233,3330.8010766621137,10.608557077879853
2023-01-02 15:10:00,1940.1880376075214,49.88043730074102,35.07054787547012,127.44543717358677,7.9646216263422005,983.0149220708228,3345.3240935975477,10.634682289012257
2023-01-02 15:11:00,1940.5881176235248,52.307727510180214,33.88594003279959,128.04061074254247,7.947156860585567,970.9750803131211,3320.2003876870613,10.578807933664747
2023-01-02 15:12:00,1940.988197639528,50.763807918859555,35.321535277674904,127.05533835955809,8.181092208252855,984.5668897698388,3340.2381507274017,10.621230716009997
2023-01-02 15:13:00,1941.388277655531,49.53287767469582,36.55258975011077,127.56950441480802,8.249348370688095,986.749057533093,3344.5402247622833,10.624940497941617
2023-01-02 15:14:00,1941.7883576715344,51.04663743610051,34.752219469805794,127.46993969474069,7.944399166585963,980.2307325547065,3330.5184960904962,10.592982895249248
2023-01-02 15:15:00,1942.1884376875375,51.069099064644085,34.57942404419427,127.84130299964532,8.052517025079617,981.3468495086619,3321.234044968965,10.610899374338471
2023-01-02 15:16:00,1942.5885177035407,51.447031048113544,33.94986142224433,128.50141417203753,7.870985094182114,973.6080383993078,3314.0006664764896,10.582973926910281
2023-01-02 15:17:00,1942.988597719544,49.24569085119143,36.26797384308944,126.65823233755609,8.297016699147282,988.7084122069919,3372.4099841531174,10.653265205452332
2023-01-02 15:18:00,1943.3886777355472,49.992863158998325,35.23574043354688,126.89542202493026,8.005368366599198,984.844142235457,3333.902969605775,10.619362958588805
2023-01-02 15:19:00,1943.7887577515503,51.891011457317376,34.58448027569139,128.81774464010277,7.886851269043857,977.6552938361214,3305.6878193490666,10.57882058440856
2023-01-02 15:20:00,1944.1888377675537,51.899242798722085,34.3762762607188,129.07262861766557,7.8189965181393735,977.3348618622413,3309.7026777815904,10.592882917949431
2023-01-02 15:21:00,1944.5889177835566,52.96351194976896,34.06998614550186,129.6493466524723,7.842811805472125,977.5317741571504,3318.925486397995,10.568148414536305
2023-01-02 15:22:00,1944.98899779956,49.98371563732633,35.035342996289216,127.65731795925046,7.9742812448763924,982.5740621615927,3346.0566496696365,10.632984333133416
2023-01-02 15:23:00,1945.3890778155633,51.334119272181596,34.75057103097841,128.4943233958357,7.8125744070490875,976.717837576982,3329.694441526415,10.597732061175963
2023-01-02 15:24:00,1945.7891578315662,50.04141807246778,35.718134477716255,127.08819601511618,8.345676282620419,983.6067790050348,3330.3868255725133,10.63468678336592
2023-01-02 15:25:00,1946.1892378475695,48.45015813487169,36.75906891509837,126.11096099488987,8.482094016695392,988.8001951919987,3377.181405084487,10.670493923746653
2023-01-02 15:26:00,1946.589317863573,50.23928646190721,35.25629335113476,127.83913557557412,8.13731775489632,979.7960461797068,3344.6311881154006,10.607006030778257
2023-01-02 15:27:00,1946.9893978795758,51.70009468143694,34.593682007575126,129.09458019470688,7.777298151863669,979.0446805983493,3335.2927874069487,10.595341701043315
2023-01-02 15:28:00,1947.3894778955791,52.12140434920141,34.40178766275642,128.6894771252795,7.9993097445452594,974.8880565583063,3332.1510868152454,10.59606533192096
2023-01-02 15:29:00,1947.7895579115823,51.54897882046212,34.94578282624479,127.32791458786987,7.950588178388046,981.1399092195252,3325.1216343654223,10.589063806841594
2023-01-02 15:30:00,1948.1896379275854,49.756742793134535,35.46512117039646,126.94166603795078,8.296254123753714,979.8337262244949,3376.309687548943,10.65729995401118
2023-01-02 15:31:00,1948.5897179435888,49.77158123199127,35.684738195275436,127.77271910705178,8.17191164407867,983.5041262509083,3370.945624110081,10.622451291818646
2023-01-02 15:32:00,1948.989797959592,47.66483271401875,36.84209095621055,125.53088526448464,8.65325325254606,992.0432087374952,3387.4771353178967,10.691962466221922
2023-01-02 15:33:00,1949.389877975595,50.92633393893724,35.90997293023455,127.36846287889392,8.301503336659707,983.4824958654167,3354.092021325088,10.631619481355166
2023-01-02 15:34:00,1949.7899579915984,51.556343224800045,34.666450431738404,127.84778223471176,8.10216636813841,977.7634256237058,3315.1311917301,10.610721778337231
2023-01-02 15:35:00,1950.1900380076015,48.23490715019347,36.99608334925462,126.11833366114654,8.559876570514609,986.5094303101295,3396.0521481234105,10.683198346117267
2023-01-02 15:36:00,1950.5901180236046,48.699658923228476,36.105002946700665,126.76670095461417,8.260788844273298,989.652248946721,3383.5635656057616,10.663512594395092
2023-01-02 15:37:00,1950.990198039608,51.53903456956082,34.20279634078184,128.937289610171,7.777038299417846,980.5605359088831,3318.1590000481397,10.58860118807102
2023-01-02 15:38:00,1951.3902780556111,51.02228574387892,34.91662064426142,128.2329179512802,8.074612525631535,975.269317888889,3336.8569992480107,10.603806384230708
2023-01-02 15:39:00,1951.7903580716143,49.62214179983635,36.02935888801863,127.57760979230622,8.418976637087447,984.076083055819,3367.387133266654,10.63075628939771
2023-01-02 15:40:00,1952.1904380876176,50.897445057359946,34.997600775987785,128.78507577639857,7.857071118162835,985.4412665626588,3346.9317268864797,10.604146817023233
2023-01-02 15:41:00,1952.5905181036208,51.201954137799135,34.95102529479008,128.4846829648165,7.903517027957218,983.3623151547223,3323.6898114994706,10.600512380808473
2023-01-02 15:42:00,1952.9905981196239,51.623386249072325,34.46733787345014,129.26970846584987,7.84951106074545,974.9956515883355,3315.620148059118,10.59946066509118
2023-01-02 15:43:00,1953.3906781356272,50.597844565570696,34.2033518882881,127.94516676599306,7.793552665623598,976.3218407803829,3327.900549233805,10.589264967931385
2023-01-02 15:44:00,1953.7907581516304,48.8903779768117,36.08373520062958,126.64310412167555,8.364926788902428,986.8280994265375,3364.355256905415,10.6495943271773
2023-01-02 15:45:00,1954.1908381676335,52.04389061567628,33.899598487407616,128.95916964595756,7.940306177340455,977.1223562525653,3321.925788514759,10.592340243940491
2023-01-02 15:46:00,1954.5909181836369,50.36549640103165,34.98912265802388,128.4070581938102,8.00000080885852,976.3553020015803,3350.373208075556,10.610561509215348
2023-01-02 15:47:00,1954.99099819964,50.02096568696453,35.80670211158601,128.48515015473959,8.214223413053002,984.6119022401645,3354.854069241418,10.625044952436571
2023-01-02 15:48:00,1955.3910782156431,49.878415494607665,35.00893461703276,128.36643964690856,8.137180603907415,982.0163977198224,3327.9666611661064,10.597182132299016
2023-01-02 15:49:00,1955.7911582316465,51.8460573838891,34.397935904270504,128.6848551862111,7.9295350033283745,975.7429039130293,3311.335840834035,10.587010203287786
2023-01-02 15:50:00,1956.1912382476494,52.91753192985394,33.42912673798471,129.9830131090553,7.577509716285907,966.9736662642161,3286.343146758955,10.566804236403422
2023-01-02 15:51:00,1956.5913182636527,51.49436762723143,33.98292557184926,129.0083323450574,7.936083475163524,976.0089332970638,3313.6356466281886,10.595193908094933
2023-01-02 15:52:00,1956.991398279656,50.83943881805074,34.78278957624785,128.4532567397884,8.0439783145314,977.9150096552181,3324.3520575352445,10.597486352920415
2023-01-02 15:53:00,1957.391478295659,51.2757767804924,34.683003279471244,128.13356332113375,7.875047349350557,977.0943309836019,3334.157627405037,10.586026557931364
2023-01-02 15:54:00,1957.7915583116624,50.5666066462079,34.88686076438325,127.39024289479387,8.111475466044526,980.2913648533624,3328.10366246116,10.598733502835412
2023-01-02 15:55:00,1958.1916383276657,48.93825293765586,36.24313583028579,127.07706527625277,7.959837214708379,980.6662770451502,3353.1348903205544,10.625078974579903
2023-01-02 15:56:00,1958.5917183436686,49.43756061974594,35.84296912490227,127.2988971787228,8.181640259385128,983.8189174952167,3358.4062043113736,10.64063166220536
2023-01-02 15:57:00,1958.991798359672,50.17645284794402,34.638932926310645,128.06173246626616,8.095326139909155,979.120520270103,3355.259173728413,10.584641118144537
2023-01-02 15:58:00,1959.391878375675,47.80610937123751,36.361299546223066,127.17921267403143,8.209795693229436,992.5974250702926,3390.3275942851974,10.654513319736537
2023-01-02 15:59:00,1959.7919583916782,48.809191881380464,36.43015252261838,126.35422343929274,8.318353593049517,990.980560524829,3379.5304365508605,10.646131396258596
2023-01-02 16:00:00,1960.1920384076816,49.95872404994448,35.59602861148354,128.38615548765432,8.160812400996651,982.5955244756435,3332.298448901838,10.621750168385757
2023-01-02 16:01:00,1960.5921184236847,50.67260836973709,34.74657071202641,128.29344405138957,7.956131323741337,982.0916523198806,3335.7582578844963,10.616895373180453
2023-01-02 16:02:00,1960.9921984396879,48.77628730679937,37.11068908369309,126.0763209359146,8.284609780329147,988.9484677123633,3386.3963078244333,10.655740230502861
2023-01-02 16:03:00,1961.3922784556912,47.34281571101331,37.78629069815076,125.36885347987076,8.395057070636843,995.7976105985026,3407.8552603962517,10.67128210047181
2023-01-02 16:04:00,1961.7923584716943,51.255148507654845,34.455296405595966,128.00651134214866,7.846281530172334,976.0068924828488,3332.5939856345785,10.582932048003071
2023-01-02 16:05:00,1962.1924384876975,50.000213113995564,35.655015039334195,127.67238479502163,8.04459809746429,982.6677682878405,3355.0655684238714,10.607998555850722
2023-01-02 16:06:00,1962.5925185037008,47.3165531797472,36.2903525577652,125.93519842803933,8.355087164280569,993.0486255879906,3384.230706978858,10.655429084856127
2023-01-02 16:07:00,1962.992598519704,50.20244201147159,35.1278161938392,128.21299200999624,8.271609177794517,977.5712506013842,3343.7364036786867,10.608947568933406
2023-01-02 16:08:00,1963.392678535707,50.389235323891725,34.217916622078576,128.0273379112265,7.924715372545098,976.0120438167879,3332.692981917235,10.593742298288603
2023-01-02 16:09:00,1963.7927585517104,48.82922357145974,36.14784110534043,126.83180230968442,8.157848600149903,988.2652256671963,3377.7056868532263,10.655023401979975
2023-01-02 16:10:00,1964.1928385677136,49.145286154636096,35.30140784260536,127.47348275371931,8.246559637996524,986.1032349991278,3354.068293971138,10.618714143179016
2023-01-02 16:11:00,1964.5929185837167,50.57629259264511,34.8529742157811,128.82678224239365,7.820158388363046,978.7799516459726,3314.072218088647,10.585949681642195
2023-01-02 16:12:00,1964.99299859972,48.85593806063102,35.79256657250083,127.27696831915544,8.064140656792386,986.9582064556786,3360.8724496383547,10.623386410467097
2023-01-02 16:13:00,1965.3930786157232,47.94045709738948,36.287694920035236,125.92432880919004,8.177004559324281,987.7671805502926,3362.9825690593852,10.670923783266263
2023-01-02 16:14:00,1965.7931586317263,49.14789004687496,35.485028209381476,127.17605413830091,8.073630289678716,986.101033951677,3354.5673595912695,10.62424730638137
2023-01-02 16:15:00,1966.1932386477297,48.565886689160116,36.80467735282962,126.61819323275418,8.0462527044559,986.7523006416834,3357.596279454793,10.638852739889522
2023-01-02 16:16:00,1966.5933186637326,50.238731330773135,34.63968068402314,127.15489459559966,7.982570947976668,980.9810109998839,3348.2236793752127,10.58862488272528
2023-01-02 16:17:00,1966.993398679736,50.20752178035697,34.62615255344263,128.24264542441776,7.865814647166844,982.1890967269541,3340.905320892055,10.615837838112146
2023-01-02 16:18:00,1967.3934786957393,51.28056892421353,34.289871335697555,128.49806727152261,7.779085010599287,978.0286577611976,3329.6858047843293,10.604243735615798
2023-01-02 16:19:00,1967.7935587117422,48.40748826312856,35.804003992190864,127.9565908760076,8.159113946881243,988.6798976159333,3364.7475171607402,10.635394734030774
2023-01-02 16:20:00,1968.1936387277456,48.562444904229366,35.760316135720345,126.4625376775618,8.315335203067253,987.6045892064486,3364.264918341257,10.644885794330639
2023-01-02 16:21:00,1968.593718743749,48.42180554475382,35.984223833665325,126.1437036528498,8.026703705186296,986.923208666744,3358.3722894797497,10.625196530868761
2023-01-02 16:22:00,1968.9937987597518,48.88754922076257,35.74621419690403,127.34907685214735,7.941831138353886,980.3187604788435,3355.662924603829,10.62349151563792
2023-01-02 16:23:00,1969.3938787757552,48.57136087946998,36.474167005603015,126.9928375339699,8.157940486740065,985.5524783313317,3354.3267987340405,10.633839257916774
2023-01-02 16:24:00,1969.7939587917583,49.65889291823073,36.033727625723394,127.10877132762029,8.236762471245425,985.84138724552,3355.8785769257993,10.620160912345515
2023-01-02 16:25:00,1970.1940388077614,51.09080384172153,34.29366595915717,128.40031403645588,8.00461879722149,983.5394775512616,3326.6000169767376,10.58826658287855
2023-01-02 16:26:00,1970.5941188237648,48.1877812923328,36.511356136820595,125.60492711173814,8.378696793854076,986.5244907670359,3368.824565855885,10.654066260466777
2023-01-02 16:27:00,1970.994198839768,50.13863978528955,34.50910486647936,128.81425042372678,8.05531051881644,977.9754976951642,3322.193664706422,10.600957129979129
2023-01-02 16:28:00,1971.394278855771,47.393016790322534,36.56845239450027,125.6757183965779,8.391227503431749,989.3558564653572,3389.1813961998146,10.64943672109744
2023-01-02 16:29:00,1971.7943588717744,48.338085630280176,35.75196339665587,127.09682116816725,8.231723711527163,989.7329532091942,3356.557335499967,10.64135238960523
2023-01-02 16:30:00,1972.1944388877776,47.18965318643779,36.98055498921382,125.59546832064,8.437936527687537,992.3706815664661,3399.5061872265383,10.690222955643025
2023-01-02 16:31:00,1972.5945189037807,48.794347018813454,35.077828868503175,128.03049115152956,8.00276385252408,980.4890123943245,3352.147237894756,10.625635543231407
2023-01-02 16:32:00,1972.994598919784,49.86951042999866,35.0664560185391,127.86688357451351,8.050443878943776,988.1102332314122,3365.4551738683244,10.624763793715466
2023-01-02 16:33:00,1973.3946789357872,46.6362479782334,37.41644881432951,125.24751577279143,8.407279602073508,994.5627005131486,3395.806167940893,10.665040037158224
2023-01-02 16:34:00,1973.7947589517903,47.3479163221045,36.26700560333843,126.50242244823163,8.31288498846314,990.0780578662249,3350.39527043433,10.66035786941599
2023-01-02 16:35:00,1974.1948389677937,46.32422736087881,37.1474813347423,126.09933042618819,8.344359006960163,992.5152604896638,3402.378364181222,10.685529056989587
2023-01-02 16:36:00,1974.5949189837968,49.198249821323955,35.31498057710073,127.8920893345398,7.943532258011686,979.6372175128524,3356.1985359462465,10.62694920849155
2023-01-02 16:37:00,1974.9949989998,47.44807867779604,37.249367421440596,126.22871953363436,8.531090525728159,995.9728399188742,3383.4317401825638,10.668398444970862
2023-01-02 16:38:00,1975.3950790158033,50.46027656034428,34.84727859728749,128.7679997056596,7.98425941458844,980.8041752383469,3340.846104865998,10.61317715221188
2023-01-02 16:39:00,1975.7951590318064,46.04115618023455,37.77593413580935,124.49355283767825,8.715260416724364,1001.7611669093462,3426.595741917872,10.70307742726204
2023-01-02 16:40:00,1976.1952390478095,49.672417362088034,35.194733064914864,128.25336364985125,7.849163040108807,984.0379977116802,3348.5430201516842,10.618665111718194
2023-01-02 16:41:00,1976.595319063813,51.557243271040484,33.9216741881351,129.08272825452744,7.785006346686238,977.0054468230423,3313.903775370216,10.58064250716388
2023-01-02 16:42:00,1976.995399079816,50.0142012729593,35.02818659849926,127.64784278573333,8.004450592002026,984.225735663705,3340.6869992716684,10.609305441760863
2023-01-02 16:43:00,1977.3954790958192,50.13781036051617,34.732465081691956,128.09643050936018,8.030334458643003,977.6941875211849,3339.01395098496,10.62750935868154
2023-01-02 16:44:00,1977.7955591118225,45.97157811782957,37.93839819630251,125.94889497618442,8.42677457863517,989.3098773439143,3391.701082843581,10.667616080504104
2023-01-02 16:45:00,1978.1956391278254,47.90073169887185,35.73482643330953,126.0360517827672,8.11861068625567,984.4180342654527,3364.3930619284224,10.63300094992957
2023-01-02 16:46:00,1978.5957191438288,48.00966623250193,36.05667647248688,127.63600259664932,8.25098995746475,984.8656450984594,3356.7353482997646,10.669588229090962
2023-01-02 16:47:00,1978.9957991598321,46.80253971987421,37.8163942500454,125.08987100797908,8.739000908292095,994.6545058886946,3413.3189244649725,10.691957442109784
2023-01-02 16:48:00,1979.395879175835,47.27274547174052,36.833377457659985,126.50908443774257,8.353050782364713,992.2588799844083,3399.138688347908,10.667689247447905
2023-01-02 16:49:00,1979.7959591918384,47.48285170925333,36.81239774613092,125.6471092835538,8.25176662407796,987.0848775542273,3384.7963413642915,10.659774807023162
2023-01-02 16:50:00,1980.1960392078417,49.68975334446042,34.802201130743576,128.01598965740675,8.088824042914677,976.4777905320101,3330.7865559071697,10.608227424962546
2023-01-02 16:51:00,1980.5961192238447,49.814635635568365,34.87645753387228,128.2139474088541,7.773771679191498,982.0257924800072,3326.299556554945,10.595035075299522
2023-01-02 16:52:00,1980.996199239848,47.808936856575755,36.08468876993477,126.92153399019865,8.256700664467255,984.1431593190717,3359.2301201757327,10.619930640093239
2023-01-02 16:53:00,1981.3962792558511,48.00170443384603,37.01745826728369,126.88699731194697,8.25234046902177,987.4084157976154,3364.8063196445614,10.669340944685226
2023-01-02 16:54:00,1981.7963592718543,51.73653338874965,33.406835262813615,129.1194689737278,7.810155769796452,971.8726905041315,3305.904384372263,10.566618463815535
2023-01-02 16:55:00,1982.1964392878576,51.09454906982295,33.19725083753146,129.64165937141752,7.6429521719780835,965.8560425537346,3299.715581162987,10.584971702202683
2023-01-02 16:56:00,1982.5965193038608,45.574921573887195,37.47610548664471,125.94199883480641,8.453235647842487,992.8445746659595,3399.062148821883,10.697868218012074
2023-01-02 16:57:00,1982.996599319864,49.05786285495458,35.39215909666203,127.88361786393776,7.97753702715835,980.3861194405764,3347.2718949399627,10.638531016800123
2023-01-02 16:58:00,1983.3966793358672,48.72830775563272,35.34859630607617,127.76498314260547,8.25011604707077,981.0837557431424,3353.608402762768,10.625340635362615
2023-01-02 16:59:00,1983.7967593518704,49.95610457983596,34.86326474156079,128.37514393912494,7.996298847522953,975.6145095461807,3348.157679273743,10.598985103486937
2023-01-02 17:00:00,1984.1968393678735,48.581706498850764,36.142988438857934,126.87738148193392,8.437501944510299,985.5675092612564,3353.5569291108936,10.633296624603238
2023-01-02 17:01:00,1984.5969193838769,49.83203294552235,34.521531379073565,128.5303257193086,7.883572820966118,981.660420674956,3313.7544016638135,10.590590188919693
2023-01-02 17:02:00,1984.99699939988,46.94104287052378,37.05761947236741,124.80560323385899,8.498625603345843,991.2976440645904,3421.219476524687,10.67537776906386
2023-01-02 17:03:00,1985.3970794158831,50.08491073828787,34.5689548276823,128.82395995471833,7.811142639791754,979.4065756477268,3329.0232436773076,10.601432125405857
2023-01-02 17:04:00,1985.7971594318865,47.64823049391492,35.53442689089927,126.7761020232161,8.183144054113297,988.8969071792219,3360.784013758908,10.627344192225975
2023-01-02 17:05:00,1986.1972394478896,48.33476764642647,35.45753044715385,127.84677763913426,8.161621965490808,982.2887407499767,3357.59492406076,10.619895915015764
2023-01-02 17:06:00,1986.5973194638927,48.312495286450286,35.3615356082013,127.431496683258,8.27965974073604,982.1231639845465,3342.508068476252,10.620348394943996
2023-01-02 17:07:00,1986.997399479896,49.38398762814865,35.67182415844349,128.10861540706293,8.134243230826375,986.8067169255627,3336.924618128795,10.614475675575497
2023-01-02 17:08:00,1987.3974794958992,46.469635574041284,36.76998589677709,126.44600425591166,8.371221362091017,991.6548753184728,3384.784447523957,10.6843775389639
2023-01-02 17:09:00,1987.7975595119024,48.4969267085788,35.46773730912064,126.92111360623076,8.086083472645555,988.8520589953768,3337.07455308916,10.630714372714602
2023-01-02 17:10:00,1988.1976395279057,47.378407601595406,36.472618948356136,126.54150621287008,8.192113327902314,985.7301419732614,3383.766183366542,10.64351999526546
2023-01-02 17:11:00,1988.5977195439086,49.80430173914388,35.010225318837364,128.2056778607489,7.956881791483357,978.0276497827056,3346.865678021497,10.612978000725972
2023-01-02 17:12:00,1988.997799559912,49.04151154496731,35.17021744366594,127.58362627604463,8.062505463215205,980.9525041490919,3329.788315797285,10.608991849947518
2023-01-02 17:13:00,1989.3978795759153,46.652529113021274,36.499211792100496,126.0735909150896,8.519947066244027,986.3385118137701,3401.0532401467444,10.67584951635902
2023-01-02 17:14:00,1989.7979595919182,48.08879997432845,35.975088894904424,127.26484624426242,8.170363739358434,983.4759375475302,3359.5884241181825,10.625580341935317
2023-01-02 17:15:00,1990.1980396079216,47.64661197407966,36.1773313785572,127.07438975427138,8.130111464242361,987.1181598728157,3378.1156519606416,10.648583779208499
2023-01-02 17:16:00,1990.598119623925,47.8846196255411,35.713157423574074,127.59973651131236,8.148357381903987,985.9032649913253,3366.399187128692,10.652913866607548
2023-01-02 17:17:00,1990.9981996399279,49.109139905308794,35.039312210901016,128.3022528589147,8.118813277056292,981.2898486364521,3352.032226395922,10.62561154133091
2023-01-02 17:18:00,1991.3982796559312,48.471091483454245,35.045151315766056,128.5021273151622,8.160112705008132,988.195143589204,3345.4013221439677,10.612928208899437
2023-01-02 17:19:00,1991.7983596719343,49.25769783134655,35.26694156056479,127.21216436687814,8.031461943356753,978.6301045738412,3335.5303372787653,10.601539541035917
2023-01-02 17:20:00,1992.1984396879375,47.81277252010902,36.057154364677686,126.94236149080157,8.189010351602779,989.8047294222958,3353.828504160459,10.65155538979566
2023-01-02 17:21:00,1992.5985197039408,46.54161411629305,37.45712139277186,125.68923133367885,8.363574072207594,995.8184540306556,3394.2903651349347,10.654169220315342
2023-01-02 17:22:00,1992.998599719944,48.16232758602358,36.59985721582781,127.32986723954349,8.21190545257554,988.5460254391486,3381.5323880136743,10.638146948245925
2023-01-02 17:23:00,1993.398679735947,49.27491223681279,35.34443356643618,127.3658747664351,8.120811285093236,981.1044639232259,3351.5146169884583,10.640303649295655
2023-01-02 17:24:00,1993.7987597519505,47.114996061210064,36.831151116761774,126.21311596439197,8.407936115373575,984.5574512207902,3372.9642742556857,10.670897459628344
2023-01-02 17:25:00,1994.1988397679536,47.57036426945975,35.73791800420378,127.45464345563879,8.2143462403812,982.6093449957776,3352.0607686351855,10.637757332521614
2023-01-02 17:26:00,1994.5989197839567,48.98811369931845,35.01831253472402,126.94713134692374,8.03545477726253,984.3956886687034,3347.307490874812,10.602385181647813
2023-01-02 17:27:00,1994.99899979996,49.902699786980264,34.79156636844052,127.85649666038506,8.07434855202205,976.7397481556998,3332.755948060596,10.610467910486586
2023-01-02 17:28:00,1995.3990798159632,47.199978268017034,37.4217405932382,126.04019894497783,8.359137177228348,989.7160681687301,3384.8886582380474,10.66370354451537
2023-01-02 17:29:00,1995.7991598319663,47.704522953667286,36.002162083481075,126.89288966103474,8.457031408631543,988.5554234407234,3365.413467414848,10.64548293334904
2023-01-02 17:30:00,1996.1992398479697,50.75736860284396,33.703338592047594,129.343375786664,7.9481248759268235,972.685111063585,3296.7675015833693,10.570451088978531
2023-01-02 17:31:00,1996.5993198639728,50.02479775115455,34.18929830552681,127.83560898714957,7.8927729384014835,972.0415459028139,3319.8685022656937,10.591083914643278
2023-01-02 17:32:00,1996.999399879976,47.60607081799232,36.31684250895296,126.21008005945555,8.326577799595677,986.2317239459044,3384.988185429826,10.649611116003562
2023-01-02 17:33:00,1997.3994798959793,46.51152920398427,36.62426514176808,126.51351361668242,8.359337432464233,990.1074634232831,3355.006939841282,10.661425786065962
2023-01-02 17:34:00,1997.7995599119824,48.70871921754348,34.70806524081464,128.63097322139873,7.928036286370288,983.2140955961266,3325.522862220059,10.622124269224194
2023-01-02 17:35:00,1998.1996399279856,47.682753818927424,35.520614374536514,127.8808625603473,8.309764936162251,988.32727517863,3344.0815371337612,10.619868362118972
2023-01-02 17:36:00,1998.599719943989,47.02816577128651,37.12678689838131,126.97344637869223,8.417256663457739,991.2746900853498,3379.924150477328,10.653714635993488
2023-01-02 17:37:00,1998.999799959992,47.312948309692764,35.90812545894931,126.84311240398134,8.167271991578161,991.273301344113,3364.2605157479215,10.642025044970177
2023-01-02 17:38:00,1999.3998799759952,47.209160215330506,36.421111492767345,126.07259994496478,8.287039520509552,984.6416462105353,3371.8653194376707,10.665772746130692
2023-01-02 17:39:00,1999.7999599919985,45.87708236371654,36.88133871580784,126.25202863252434,8.460686478164407,992.5927188536274,3390.0539623472914,10.661305716348897
2023-01-02 17:40:00,2000.2000400080015,46.26272614468474,36.37320019912756,126.28247772539629,8.419555365751743,993.8227733875814,3376.274835693616,10.674783739667708
2023-01-02 17:41:00,2000.6001200240048,46.602099598056384,36.22743067409933,127.12714153187271,8.23766234956293,984.2316724956804,3356.896786741278,10.647633495099006
2023-01-02 17:42:00,2001.0002000400082,47.75540129584509,35.87960742571819,127.87907281576075,8.073657682679768,983.2179769995493,3350.5822675675436,10.642901444403257
2023-01-02 17:43:00,2001.400280056011,44.70639477479445,37.4014808730389,125.29779121696814,8.647931550904056,996.7657530997138,3395.7351732381044,10.676107414287438
2023-01-02 17:44:00,2001.8003600720144,49.022395113108196,34.778602205097805,127.76481825666845,7.9943995184264045,978.3199268160988,3330.8629513093156,10.579461507642305
2023-01-02 17:45:00,2002.2004400880178,47.99309477686044,35.75421795409671,127.79087485829007,8.130711149568057,983.9553516936151,3353.6911098865944,10.628992565373748
2023-01-02 17:46:00,2002.6005201040207,46.260467948386925,36.95899856485234,125.58152527057737,8.690221628171173,995.4047088148607,3384.7738074043414,10.6672641222721
2023-01-02 17:47:00,2003.000600120024,47.629446903278534,36.43629520815732,126.26250661011129,8.36446047740459,992.802110104529,3372.228377928923,10.641618873814252
2023-01-02 17:48:00,2003.4006801360272,46.98610127889579,36.04324157069004,126.30806421146822,8.255002834859331,983.3572085598664,3377.116495296657,10.635482335235999
2023-01-02 17:49:00,2003.8007601520303,46.08141020317404,36.67843042943048,125.63590129528043,8.375166377401362,995.2506961815641,3395.9939243641516,10.6645381195179
2023-01-02 17:50:00,2004.2008401680337,46.47701802126137,36.87618621648531,127.7306832477679,8.447156054635625,987.0112869072829,3376.4492225926333,10.652822642907443
2023-01-02 17:51:00,2004.6009201840368,47.95501538014019,35.97792719641359,127.2334889558654,8.323701705058307,984.8946434000976,3366.6433522140064,10.647347747155068
2023-01-02 17:52:00,2005.00100020004,46.71351904878619,36.37303239210001,126.13478387977226,8.314411514143329,993.02447247687,3362.7768995128363,10.668122192321974
2023-01-02 17:53:00,2005.4010802160433,48.11740068252779,35.19847834443195,126.81811118512941,8.015395597659545,985.588467253597,3340.0730613613728,10.625412255972481
2023-01-02 17:54:00,2005.8011602320464,47.324366087830185,36.66275640187323,126.16579498277206,8.375037675658797,985.8422287718696,3347.6981376406216,10.663635197075434
2023-01-02 17:55:00,2006.2012402480495,48.9400723479854,35.12534001972012,129.11281640336867,7.964563066346511,984.5146193396927,3320.2163170531894,10.59422030296749
2023-01-02 17:56:00,2006.601320264053,46.98312634386062,35.93647967945462,126.48137413249657,8.175278948130016,986.3787638421584,3372.579476470602,10.645205664914272
2023-01-02 17:57:00,2007.001400280056,45.53680772136624,37.55622059944418,125.75611820796354,8.47160047513077,997.1132519053832,3393.2263039082027,10.678328891811997
2023-01-02 17:58:00,2007.4014802960592,48.78738246609451,35.15468526981611,127.87615104839779,7.9356504046451315,983.6234120910788,3319.9853777926796,10.60414594839279
2023-01-02 17:59:00,2007.8015603120625,47.49501609707323,35.853446594752064,127.91644634873184,8.122115337103017,986.9262416740391,3360.127806769365,10.629614667207191
2023-01-02 18:00:00,2008.2016403280657,45.55862306761622,36.168337242022666,126.46671258623755,8.407245606984546,987.6432963931088,3369.2410708097464,10.665295958919318
2023-01-02 18:01:00,2008.6017203440688,48.83076484888378,34.817064916474926,128.54668654524687,8.100099956777488,979.908789620051,3350.1050050737103,10.612406583079615
2023-01-02 18:02:00,2009.0018003600721,49.297508865724545,34.82224291343844,127.75802982473958,8.230361472075025,978.623841548143,3306.842482245957,10.607739143828102
2023-01-02 18:03:00,2009.4018803760753,49.2020420822359,35.216893431658534,128.12076773958543,7.870339813506544,975.9456422818774,3343.767677678816,10.606288440546026
2023-01-02 18:04:00,2009.8019603920784,48.43294406874073,35.29579124452534,126.823425989475,8.124677912868554,981.5809908907437,3366.7954610600978,10.633745606977039
2023-01-02 18:05:00,2010.2020404080818,48.57499629500419,34.30274139893413,128.62144924388068,8.008510295575881,976.5049478318404,3346.122877864777,10.607078758916126
2023-01-02 18:06:00,2010.6021204240847,46.58406557652295,36.797097644813455,126.48094527443408,8.260947827705907,989.9555465422338,3389.2865748220365,10.664654430012245
2023-01-02 18:07:00,2011.002200440088,47.22123976450187,36.48656334938549,127.3118673342647,7.9336354368499435,982.0266432369618,3364.1021015708225,10.639261527526491
2023-01-02 18:08:00,2011.4022804560914,49.30196301452252,34.30743689774439,128.78501691543997,7.879253692480477,978.9109488512149,3328.594208647722,10.599845734868552
2023-01-02 18:09:00,2011.8023604720943,48.97687906190321,34.96712004600781,127.76518783165533,7.919463458402161,984.3670969754102,3332.955090412601,10.611754011678821
2023-01-02 18:10:00,2012.2024404880976,46.937140173272184,35.4635751649385,127.52261288820957,8.135458627011426,987.3747390671466,3354.974493287065,10.62591765443228
2023-01-02 18:11:00,2012.602520504101,49.123079416973596,34.76266911698481,128.50668938055628,8.099163800072168,985.8498360914466,3323.586414497387,10.617463153020983
2023-01-02 18:12:00,2013.002600520104,48.18967241815965,35.42205266876657,127.23922131994426,7.923970820820442,981.1483944939055,3320.5963615175638,10.629304437092998
2023-01-02 18:13:00,2013.4026805361073,49.03761247779492,33.866557687505356,129.43612545407112,7.81960827419015,974.4822418343358,3314.537867852693,10.606424575396328
2023-01-02 18:14:00,2013.8027605521104,47.99811659581682,35.66575863829629,127.73292051592476,8.114341850433751,980.5381906288677,3345.3722860724392,10.62716472413972
2023-01-02 18:15:00,2014.2028405681135,46.86494113729116,36.01339939164321,126.9823475989423,8.352793322696815,987.9035217170333,3352.2510508302225,10.644335349996304
2023-01-02 18:16:00,2014.6029205841169,46.0768479195251,35.78854167860327,127.23275114173036,8.27160874667237,987.3848794211477,3358.1164419009265,10.643245745817559
2023-01-02 18:17:00,2015.00300060012,49.049444327633886,34.95831558402071,127.45866071322303,8.0449177017854,983.6411801248101,3339.3988062028698,10.60346260515471
2023-01-02 18:18:00,2015.4030806161231,47.44144526684763,35.58113135186877,126.7559211984145,8.256073372210327,981.3187126758,3379.6684418693653,10.63495945261587
2023-01-02 18:19:00,2015.8031606321265,46.06837052942454,36.96793244373679,126.23001726587482,8.3920943404236,990.5033224842739,3392.9989796921527,10.664694182591225
2023-01-02 18:20:00,2016.2032406481296,46.69631288748032,37.0741670303596,125.60385335683094,8.418191202685204,989.6792356737952,3384.928411161366,10.644912128966997
2023-01-02 18:21:00,2016.6033206641328,49.24328153489071,34.107954017413014,128.50294010226963,7.942069928605432,977.547695076471,3322.773982011449,10.608880245966233
2023-01-02 18:22:00,2017.003400680136,46.71243271940635,36.49222893004106,127.6819213635083,8.319761591323546,988.8284607321892,3381.0199890743056,10.65111320760487
2023-01-02 18:23:00,2017.4034806961392,48.45457706907411,35.694876420979824,128.2429327698281,7.977893182886768,983.6815454875914,3340.075445621065,10.61368798420688
2023-01-02 18:24:00,2017.8035607121424,45.3717014496472,37.158997166474244,125.85608054065187,8.518516014114406,999.2915144599939,3394.0500207814075,10.674571718019607
2023-01-02 18:25:00,2018.2036407281457,48.21178000669212,35.273061950579034,127.32454082560409,7.979507002186463,976.7863783467842,3328.5614464134264,10.60962977645622
2023-01-02 18:26:00,2018.6037207441489,46.83226148410177,36.09496600986586,127.1802807095679,8.366811152373872,985.5197457244407,3369.7276931375754,10.641892165866905
2023-01-02 18:27:00,2019.003800760152,49.062226136908976,34.439668568634424,128.2581327018564,7.829957884693836,976.7413498084737,3341.024379479062,10.608644409404075
2023-01-02 18:28:00,2019.4038807761553,42.979671681230336,38.43067178839977,124.42487135933001,8.941417081606767,1001.4315411519357,3434.8114959939353,10.721879450605982
2023-01-02 18:29:00,2019.8039607921585,47.55968684886016,35.08266103381262,127.84167405097398,8.090746531994752,987.804818437215,3321.3835481937103,10.639187979549334
2023-01-02 18:30:00,2020.2040408081616,47.093318379794084,36.749335156341765,127.06652467147599,8.307725862167958,991.8931671054798,3365.9754548616197,10.637174015651782
2023-01-02 18:31:00,2020.604120824165,46.9506161235615,36.444637069116496,126.48495108642764,8.218302272758672,987.1477231684571,3371.7630509410205,10.649676605908033
2023-01-02 18:32:00,2021.004200840168,46.26220608288891,36.459827565172034,127.18336390087633,8.298225666431202,988.5874651775772,3380.0564970493156,10.671934633829183
2023-01-02 18:33:00,2021.4042808561712,45.79887960024509,36.6032805093507,126.55044849692287,8.465130741452615,981.6687384842214,3369.9870243562177,10.66766261955805
2023-01-02 18:34:00,2021.8043608721746,47.59125413268371,35.938854858109174,127.00327726322112,8.363650309385115,987.4267404339203,3368.7747215119043,10.64948206882488
2023-01-02 18:35:00,2022.2044408881775,47.250256582217816,35.960811808607325,126.90475478978347,8.4458322558318,983.8966361216004,3353.3434948764184,10.641425446699301
2023-01-02 18:36:00,2022.6045209041808,45.860511134364174,36.79290329568933,125.57675421063645,8.400528776740835,989.2737703627029,3402.121099365732,10.66641213685419
2023-01-02 18:37:00,2023.0046009201842,48.082959122407516,34.88298273660595,128.50412387998247,8.094916522991431,983.3528867113178,3339.6228747537357,10.623423624154606
2023-01-02 18:38:00,2023.404680936187,47.41154983604896,35.93940720018563,127.27845487723066,8.18574366052846,982.9742033715139,3321.9163279697727,10.62015384556982
2023-01-02 18:39:00,2023.8047609521905,46.61057805703218,35.634607648563744,127.67769517819127,8.168667582305421,982.6044509645714,3355.857591771188,10.627799272555754
2023-01-02 18:40:00,2024.2048409681936,47.21121462438834,36.44207062004262,127.61230716065732,8.213922215719863,989.4549148622478,3357.39529336075,10.658951931171032
2023-01-02 18:41:00,2024.604920984197,47.06805978034576,35.9497507680125,126.77805557572323,8.329117395361559,988.7872163713241,3365.4782955823675,10.650286831395539
2023-01-02 18:42:00,2025.0050010002,48.95821265517716,34.61622355271136,128.91360417009875,7.929046820632851,984.1744170701545,3323.247811205619,10.600059146997184
2023-01-02 18:43:00,2025.4050810162032,46.00385672080528,36.456032939136094,126.06885825405905,8.482893885017042,987.7899080720118,3385.140477985468,10.66526552006864
2023-01-02 18:44:00,2025.8051610322063,46.494874254881616,36.204242166869,125.58032370478763,8.191793908020783,993.656530838884,3369.671973917853,10.641199129597593
2023-01-02 18:45:00,2026.2052410482097,48.31566498321223,35.31501552052563,127.68191453499847,7.987714598621893,985.4294995453505,3344.850953026313,10.597135663864192
2023-01-02 18:46:00,2026.6053210642128,46.78171488787739,36.580376151051,126.65266687083113,8.194418670402124,988.5442364248621,3392.316897842105,10.659305385787741
2023-01-02 18:47:00,2027.005401080216,48.10656971987281,35.20235831282407,128.08355262082284,8.036220837699638,978.2702841934388,3332.867556116372,10.621425834828187
2023-01-02 18:48:00,2027.4054810962193,48.22845380169928,34.95404649957426,128.38113104437008,8.045633686676139,980.3035998783839,3313.5300780088846,10.606266827907495
2023-01-02 18:49:00,2027.8055611122224,46.6457007964558,36.13826639729648,126.79045781781463,8.289031816238168,985.16462847166,3366.837996184208,10.629283992015752
2023-01-02 18:50:00,2028.2056411282256,48.4596101480289,34.73522836111843,127.05630046524132,7.856699170470399,985.6608982445889,3311.83185949348,10.60513987721546
2023-01-02 18:51:00,2028.605721144229,46.03159490193152,36.8524905467862,126.30494531239572,8.469939134967587,991.7953092563022,3380.0668409248715,10.675174851602607
2023-01-02 18:52:00,2029.005801160232,48.98549318190397,34.93014096035506,128.32810191688617,7.940704258787285,981.2127037297685,3341.9623434040673,10.612799534881207
2023-01-02 18:53:00,2029.4058811762352,45.03321424894907,37.35760783052907,125.9515058313492,8.438342237613215,996.2952943425987,3396.7334968026703,10.682304014613676
2023-01-02 18:54:00,2029.8059611922386,47.56081156293944,35.09698058287563,127.58869886379132,7.955300033485978,984.0475497789304,3330.0626039147655,10.614096291938283
2023-01-02 18:55:00,2030.2060412082417,46.51701932196598,35.471928942754154,127.5237119540076,8.002386039852889,980.2340188361063,3344.3339030783427,10.609287775558972
2023-01-02 18:56:00,2030.6061212242448,44.951785182425695,37.37061816375714,125.78033699374633,8.54820985729667,993.6566621055027,3391.0613937551725,10.693050466870874
2023-01-02 18:57:00,2031.0062012402482,47.887794288903486,35.025449027586,128.28532266409655,7.922944891586713,981.4691022423838,3321.9699532507784,10.611314057327165
2023-01-02 18:58:00,2031.4062812562513,49.85250345995974,34.93885826510775,128.9645073833136,7.846165345316159,979.6367837417038,3324.735781796576,10.596864914254054
2023-01-02 18:59:00,2031.8063612722544,47.47658650129053,35.32117896973377,126.77959671517482,8.094720942059862,978.4946955161026,3349.525020518324,10.62332983804204
2023-01-02 19:00:00,2032.2064412882576,45.14192786739382,36.55235607016943,126.16287997799107,8.395256897729025,991.9269365780486,3368.721335266155,10.643707428733954
2023-01-02 19:01:00,2032.606521304261,49.00634585383887,33.653564375088685,129.06969897110432,7.731137132461597,975.6492489411544,3293.350505090894,10.611252350813473
2023-01-02 19:02:00,2033.006601320264,47.71766926436747,35.53453360835697,127.27192656397847,8.098773875527048,983.3383043366658,3351.0041669586954,10.630231211187748
2023-01-02 19:03:00,2033.4066813362672,47.61749337489771,35.7817343796175,127.32187239636195,8.098088954112367,985.9592626886435,3351.580634928967,10.643152568727189
2023-01-02 19:04:00,2033.8067613522705,46.601797614854725,35.73816039617756,126.21798936141589,8.424372937310538,988.6985431386152,3362.15113945542,10.645089118523547
2023-01-02 19:05:00,2034.2068413682737,46.29721814232219,36.59969778815971,125.57379576456957,8.417360616927484,990.7678141279397,3371.3059407877286,10.65427450581254
2023-01-02 19:06:00,2034.6069213842768,46.64687235488565,36.430709421949146,126.00592451677129,8.255706216196764,986.2070178175782,3363.90342453442,10.64115367083956
2023-01-02 19:07:00,2035.0070014002802,46.87276799329923,35.432552144711636,127.42663335832565,7.924562517050008,978.9069566065458,3351.6452167102593,10.621644434552294
2023-01-02 19:08:00,2035.4070814162833,46.98179236614997,35.323022933311115,127.39431698384507,7.863640008168894,979.6237684860646,3335.054971011729,10.602473155132907
2023-01-02 19:09:00,2035.8071614322864,45.35820579434846,36.46615519362423,126.53973839026041,8.203177237306816,987.6471016105291,3369.7413450881654,10.642390289215657
2023-01-02 19:10:00,2036.2072414482898,47.494391044911595,35.35595021030587,128.40081424550596,8.29435205399101,981.9603474853075,3337.4499402435945,10.612986124847787
2023-01-02 19:11:00,2036.607321464293,47.17422700340169,35.95872187010303,127.30840276805937,8.22785905438994,980.025176953923,3339.672148840297,10.633460662129508
2023-01-02 19:12:00,2037.007401480296,46.0376971814821,35.96432696281468,127.5046023151791,8.155485942518087,983.3489244187912,3356.2716430275036,10.63261655083783
2023-01-02 19:13:00,2037.4074814962992,45.30397664600699,36.00529261305766,125.87856273816125,8.429330124929635,992.2655068563176,3377.4682777124626,10.662984043189025
2023-01-02 19:14:00,2037.8075615123025,46.17460243349336,36.63276511711439,126.09553032378244,8.358346115113092,993.5934433151214,3375.587178250711,10.648201955604785
2023-01-02 19:15:00,2038.2076415283057,44.81436466679319,37.1315373508376,124.74353977685293,8.608802729806246,991.5820762296011,3378.753427226625,10.660869931023218
2023-01-02 19:16:00,2038.6077215443088,46.59051607383228,35.830116116252846,126.40464990651274,8.171656825557953,981.5673276768277,3340.578514364221,10.631541940731035
2023-01-02 19:17:00,2039.0078015603121,45.79027492616392,36.89627545163273,126.11531987438013,8.36279470218135,987.9714356779938,3378.6426455710484,10.656130863587272
2023-01-02 19:18:00,2039.4078815763153,46.87681630571497,35.045639648145595,127.49099966814731,8.070539223359292,984.3728397789056,3354.545272734919,10.621871051626199
2023-01-02 19:19:00,2039.8079615923184,47.29921364091629,35.367053869740424,127.44881352471332,8.135535519851684,977.9485204374981,3319.688262355304,10.615605680086366
2023-01-02 19:20:00,2040.2080416083218,45.833235474295286,36.37190134043856,126.28692039180157,8.38200821091209,989.3763792668561,3386.417388024033,10.649836823789373
2023-01-02 19:21:00,2040.608121624325,48.018243867144996,34.96828461574831,128.22778703941862,7.97391377561482,980.0475110295049,3334.753025905195,10.610766646933877
2023-01-02 19:22:00,2041.008201640328,43.54221564343848,37.9418619645159,124.36448984426177,8.7846232920141,997.1330816305333,3442.7375457586313,10.714548733479772
2023-01-02 19:23:00,2041.4082816563314,47.931895206435335,35.20609012432268,127.55193492192465,8.13585161897735,979.3903929541009,3349.5348269973592,10.595389723716625
2023-01-02 19:24:00,2041.8083616723345,46.02668842404392,36.963352937718575,126.317354063696,8.440228356697315,995.4211010672747,3362.810269538513,10.655943272067468
2023-01-02 19:25:00,2042.2084416883376,48.44991960660397,34.21707223369977,128.20312088011286,7.9070109616591875,980.5346950652969,3334.936425032218,10.584866951863232
2023-01-02 19:26:00,2042.6085217043408,48.02336742868514,34.32469764330542,128.25551244704934,7.778505372108871,979.0600155243623,3317.591576540681,10.602055963640016
2023-01-02 19:27:00,2043.0086017203441,46.28627633322554,36.34039114245523,126.79230082604772,8.355617683360984,987.975873287614,3377.1470608739214,10.655421295053937
2023-01-02 19:28:00,2043.4086817363473,47.79959757916836,35.089171289510936,129.18521242936174,7.719087506841974,983.9860446574138,3328.214914762842,10.606044319948364
2023-01-02 19:29:00,2043.8087617523504,47.24704368379999,34.62389539094962,128.20988995630918,7.927012197842588,982.3085150283908,3342.9438347595565,10.604930828555583
2023-01-02 19:30:00,2044.2088417683538,45.47966114043682,35.67175320449217,125.86013385876652,8.480529434141975,987.7092780372842,3392.861434775302,10.655597474290088
2023-01-02 19:31:00,2044.6089217843569,48.62057627542503,34.505597293442534,127.99761465075126,7.824373018563375,977.9271744352582,3327.134473160412,10.597791902542776
2023-01-02 19:32:00,2045.00900180036,45.84100345355646,35.6845653035098,126.24580774175038,8.318850641501061,985.8556040656723,3383.565961628073,10.635151862417006
2023-01-02 19:33:00,2045.4090818163634,47.848597804039954,35.382836596350664,127.88682929522169,8.239857250272483,982.8719678014082,3339.8890200302462,10.614331385518959
2023-01-02 19:34:00,2045.8091618323665,47.40510565768514,35.58305267802835,127.70185688254074,8.200279074130966,983.8899274234478,3357.5319861053913,10.624840885261396
2023-01-02 19:35:00,2046.2092418483696,45.755247856428696,35.67229268574126,126.23212056687696,8.240268200909972,985.329898228647,3374.432512033497,10.62550597245321
2023-01-02 19:36:00,2046.609321864373,46.330978305646425,36.0504927899603,127.28411637760308,8.054750912925913,987.3169379322084,3357.468229749293,10.61484199659236
2023-01-02 19:37:00,2047.0094018803761,47.086157804643015,35.68498703902269,127.02823101440654,8.304445332640977,987.8543265344346,3368.5575297787086,10.634447043212127
2023-01-02 19:38:00,2047.4094818963792,47.146586077448035,35.687830572014924,127.43014245761691,8.068452611603382,984.8183133851029,3338.2101986567577,10.626758454042651
2023-01-02 19:39:00,2047.8095619123824,48.25234730573157,35.08936599777485,128.0301465286501,8.019540044577234,979.3725031750708,3329.9497410784243,10.6115229291506
2023-01-02 19:40:00,2048.2096419283857,48.52410053323439,33.112175156136516,128.93768350391866,7.811940711877347,974.4798401199806,3318.533003444376,10.572623451629969
2023-01-02 19:41:00,2048.609721944389,45.857234543426465,35.9321541100046,126.5565473103083,8.168503773685606,984.5279075517719,3376.7853550951913,10.66621153116819
2023-01-02 19:42:00,2049.009801960392,47.19777165530141,35.114970735741096,127.58949151996836,8.240026951790727,980.0192526530149,3361.790915526097,10.621427142348466
2023-01-02 19:43:00,2049.4098819763954,46.78434703801185,35.4413766655372,127.22476296434229,8.227852593873575,978.2212612264498,3355.5838751437936,10.623248067266424
2023-01-02 19:44:00,2049.8099619923987,47.260930307714084,35.10681555867389,127.92957549530196,8.130897083821903,977.9397031970658,3335.9955737798605,10.61448301347597
2023-01-02 19:45:00,2050.2100420084016,47.98823222785342,34.76278601731273,128.2333813473497,7.716913316031745,977.0674573619967,3312.9295643606247,10.596823387081514
2023-01-02 19:46:00,2050.610122024405,48.753016630993216,34.33557285465044,129.11931355754905,7.89970736542151,976.377762511109,3317.5205854985556,10.611810717605273
2023-01-02 19:47:00,2051.0102020404083,46.10202327469479,36.55487283532743,126.59766859622572,8.19069092330449,983.587763393775,3359.9211740769583,10.66268715770695
2023-01-02 19:48:00,2051.4102820564112,46.365449366087816,35.47578707188545,128.2539581947791,8.284370110579452,989.8794877602342,3366.7479637969377,10.639281039879124
2023-01-02 19:49:00,2051.8103620724146,44.43476590769254,36.902223638369456,126.28804209541909,8.562752552481225,993.0219901357715,3379.8504771212943,10.667655808974184
2023-01-02 19:50:00,2052.210442088418,47.364301992459545,34.858305351589784,127.2991245189295,8.119985091505226,973.4342846369583,3309.3904795533326,10.602526964579798
2023-01-02 19:51:00,2052.610522104421,47.543254375297806,35.61416999122999,127.62943116822844,7.93727979199413,980.6298746660789,3334.472017297278,10.599688732176347
2023-01-02 19:52:00,2053.010602120424,45.47274024790551,36.703738153316316,125.80927483176166,8.536996553735051,993.7583194712973,3385.8144162229128,10.683882088025483
2023-01-02 19:53:00,2053.4106821364276,47.21030672011501,34.7999852523594,128.8006641079438,8.056627813841251,979.8167718477384,3340.796838717546,10.60653929979045
2023-01-02 19:54:00,2053.8107621524305,46.73135251405527,35.32860465946002,128.3299100734558,8.053955734082491,981.9991060684353,3352.136056808281,10.632363384815907
2023-01-02 19:55:00,2054.2108421684334,46.66478120564056,35.41285745508361,128.22360878021877,8.305137676353752,983.9809599821319,3355.1805958242508,10.637877781007845
2023-01-02 19:56:00,2054.610922184437,46.688270345651034,36.25279976313706,126.91010369536517,8.332620372985904,987.826203679048,3362.054881227122,10.63355057488298
2023-01-02 19:57:00,2055.01100220044,47.502466859443615,34.78611725355548,127.69799563857782,7.833313411850609,979.0982092443486,3339.2145508655362,10.623075314820872
2023-01-02 19:58:00,2055.411082216443,47.82305601835478,34.42951638111374,127.63905673564666,7.841275203525497,983.1660510785108,3336.3212523843226,10.606746840246506
2023-01-02 19:59:00,2055.811162232447,47.983956450947005,34.64183067259334,128.81412133831077,7.877626822529183,977.6758310328493,3323.0399917259983,10.597924817209117
2023-01-02 20:00:00,2056.2112422484497,47.16693131918551,35.78116410906701,126.96080880849601,8.144020177920234,980.6857886161225,3344.5794889271024,10.622596478606493
2023-01-02 20:01:00,2056.6113222644526,46.554840540902866,34.73039762504668,127.91254011313015,8.227881630805586,985.5313304464418,3354.234909221596,10.615762839549989
2023-01-02 20:02:00,2057.0114022804564,46.28322497064568,35.30323922017491,127.51276551372615,8.22066254982879,984.2486797527961,3347.965160411868,10.610802973225208
2023-01-02 20:03:00,2057.4114822964593,48.03529858518002,34.522058890040014,128.63763910170482,7.94836509428029,981.1223676888203,3324.5172347107678,10.595592158078988
2023-01-02 20:04:00,2057.8115623124622,46.57884695998383,35.68961115919079,127.39304802990961,8.128759366461052,984.7338049576437,3345.134631033215,10.628933714825749
2023-01-02 20:05:00,2058.211642328466,46.403742982169504,35.686835773139094,127.77607301898001,8.009706516762197,984.8732355567622,3353.5971114839203,10.631377707031476
2023-01-02 20:06:00,2058.611722344469,47.06739836929859,35.104823083421415,127.80347258940657,8.155310906992403,985.7880039019486,3324.9411108576255,10.613899837488548
2023-01-02 20:07:00,2059.011802360472,47.89253763303572,34.74665839146989,128.21575569264442,7.988163858294263,978.3067634317395,3331.52561249375,10.566197401009886
2023-01-02 20:08:00,2059.411882376475,48.31818308660588,35.244337753816836,128.64772551864078,7.923123608689433,975.9479276769436,3326.577721056372,10.594328965948165
2023-01-02 20:09:00,2059.8119623924786,46.56091641127197,36.20324402505194,127.88815850970803,8.133759547178455,981.2953138945811,3356.4652111135083,10.636561856469232
2023-01-02 20:10:00,2060.2120424084815,47.45552406167231,34.519824676227636,128.5166078726742,8.03603824344494,978.9201631999588,3326.2719454263033,10.618129492166565
2023-01-02 20:11:00,2060.612122424485,46.644361001627686,35.32979203776223,127.92297641458657,8.202130729168362,984.2409718240796,3348.615813133424,10.645403469791786
2023-01-02 20:12:00,2061.012202440488,47.62014697008257,34.71465245754081,127.56090852128484,8.00126175246993,981.6254958508866,3331.349707046312,10.610540992683232
2023-01-02 20:13:00,2061.412282456491,43.354069318849454,37.178338158037874,125.70286457024199,8.825472179523144,992.494303963712,3394.06561326543,10.689335166419532
2023-01-02 20:14:00,2061.8123624724944,45.047408838965666,36.19673805437699,127.05916200584105,8.359807833753651,985.7672383340062,3369.1822100021345,10.663346655088034
2023-01-02 20:15:00,2062.212442488498,47.58392277709583,35.57184141569193,127.85867574933496,8.065645535414907,981.0354553310135,3341.4739495787703,10.631368203626183
2023-01-02 20:16:00,2062.6125225045007,47.597050579118935,35.123891486063584,127.77588891903942,8.138857868874611,985.3949795146567,3336.5351812655063,10.592243103286574
2023-01-02 20:17:00,2063.012602520504,47.34976866541855,34.786741495124275,128.4604083160263,7.798206639449371,976.5530606951003,3322.025725399888,10.601575341009092
2023-01-02 20:18:00,2063.4126825365074,47.998455045374826,35.180928687489825,128.80407157288445,8.101468436842529,979.2934786075903,3335.501135885749,10.614595932882455
2023-01-02 20:19:00,2063.8127625525103,50.18033721981149,32.73753710472068,129.98911307142913,7.6069771662900845,970.6977343135609,3285.3733420624258,10.539580237134778
2023-01-02 20:20:00,2064.2128425685137,44.96506258902987,37.50880561579546,125.9690827289197,8.44614346034591,993.3013934863046,3393.2550673558894,10.66854137825455
2023-01-02 20:21:00,2064.612922584517,47.388699134652725,35.01220939548568,127.60017241858846,8.034683385248186,980.6839667758808,3339.9046111865587,10.600244055735429
2023-01-02 20:22:00,2065.01300260052,44.782444539996014,36.71819667191512,127.37560408898526,8.431345031780793,990.9409727901622,3382.407208301758,10.65936900084587
2023-01-02 20:23:00,2065.4130826165233,46.18187659015061,35.422101293188156,127.32044941374338,8.138502450491641,987.7796914080302,3359.2937826353414,10.628278331200889
2023-01-02 20:24:00,2065.8131626325267,47.67983256641437,34.91858385952726,127.57393989169188,7.9951356189645075,982.6007626053645,3341.094223239189,10.592596278104093
2023-01-02 20:25:00,2066.2132426485296,46.59564637338947,35.96814578573418,127.30635003990429,7.970985647596605,984.2814308771749,3345.330982155527,10.629437357128756
2023-01-02 20:26:00,2066.613322664533,48.26662098734428,35.09257285347559,127.89469044804908,7.9401596049044665,980.4829683961284,3308.7406569653695,10.60492496902296
2023-01-02 20:27:00,2067.0134026805363,48.9213934212315,33.63788783134992,128.8284354237146,7.7768548959772925,975.8975370639633,3313.293187772645,10.564098026162013
2023-01-02 20:28:00,2067.413482696539,46.01549973979791,36.82501941930608,127.26651845221602,8.266912471813752,987.4334115333592,3374.5185480095647,10.653012551830365
2023-01-02 20:29:00,2067.8135627125425,45.54227632776032,36.32327406056831,127.73391112355162,8.253972175257228,985.9459834666321,3364.4464830278125,10.649709098563415
2023-01-02 20:30:00,2068.213642728546,46.14076762163423,35.25168859056566,127.47808453252932,8.24533813976072,984.5297803632762,3359.262170317045,10.610974059938917
2023-01-02 20:31:00,2068.613722744549,46.458299234661766,35.34756697766732,127.26196389358336,8.047956882219564,976.0953870231255,3344.4112598452366,10.610280894906822
2023-01-02 20:32:00,2069.013802760552,48.10379626081872,34.53610549754816,127.87939439641141,7.907628633700222,974.9786340643401,3302.276484323308,10.600964663687286
2023-01-02 20:33:00,2069.4138827765555,45.63161572550434,35.86381529680963,127.36907191733332,8.158164497183924,986.459647647956,3372.9297866303464,10.642430913568964
2023-01-02 20:34:00,2069.8139627925584,46.751938364411025,35.53173174685608,127.48466633947588,8.163850639380266,985.316429603578,3362.4052247308587,10.627228276305294
2023-01-02 20:35:00,2070.2140428085618,45.451034154676606,35.80728363579688,127.12141738447525,8.219857941743502,983.9989285179157,3353.1564914892383,10.627456007112379
2023-01-02 20:36:00,2070.614122824565,47.048916404371816,34.77158727873037,127.91706401052274,8.070991877590702,982.07394887063,3338.3024710579475,10.602131725865682
2023-01-02 20:37:00,2071.014202840568,49.096030312348525,33.509135352266945,128.5349891564162,7.80636239940081,971.2497265107406,3304.1865148125535,10.578566119540161
2023-01-02 20:38:00,2071.4142828565714,47.43794724202249,35.3734488852092,128.0336975513479,7.928941243305841,979.7865022021824,3328.352195873311,10.613273414875573
2023-01-02 20:39:00,2071.8143628725747,46.93151725804163,34.9714037777645,128.41474683203003,7.93940505745881,974.0320917312132,3333.45092760342,10.603722006729143
2023-01-02 20:40:00,2072.2144428885777,45.795101801942984,36.07787336160719,126.73177104843035,8.175119368897922,986.798900505722,3341.7519357931287,10.62179635225467
2023-01-02 20:41:00,2072.614522904581,46.62567115107299,35.02856301127092,127.46683394624043,7.899566460466139,975.9014109705522,3335.4139610012253,10.625889054877112
2023-01-02 20:42:00,2073.0146029205844,46.036473154975106,36.04651225777431,127.2283070207561,8.159091681032077,990.2212528587577,3367.832374468192,10.656238179058423
2023-01-02 20:43:00,2073.4146829365873,47.3584298677348,35.06597140965837,127.55333584427498,7.970345764069452,979.12105350217,3344.2110303464847,10.60365242412985
2023-01-02 20:44:00,2073.8147629525906,48.52043757410404,34.30148337093608,128.29921532951565,7.78964335353306,982.5391902935698,3322.8268022092457,10.596075152526796
2023-01-02 20:45:00,2074.214842968594,46.92288811828695,35.116631622355975,128.23063871003572,8.27881564556086,976.6156095942151,3332.86260259254,10.629153346118397
2023-01-02 20:46:00,2074.614922984597,47.1968475637036,35.07410815223234,128.9843321876677,7.9221790196091195,981.2180454818761,3315.36710322205,10.61306552774284
2023-01-02 20:47:00,2075.0150030006002,46.82188574945941,35.13068188280405,127.87431411132269,8.190916984045394,986.4698976278885,3344.5477236117176,10.620322371803992
2023-01-02 20:48:00,2075.4150830166036,47.61896342210418,34.86897720442911,128.28536109590337,8.09154247005492,985.4123673893051,3363.2031969177956,10.621818905127165
2023-01-02 20:49:00,2075.8151630326065,47.59346477232111,34.96705899276749,128.6881771546322,7.929434556141767,979.8801504181743,3334.821988603745,10.597736883376195
2023-01-02 20:50:00,2076.2152430486094,48.50271410317362,34.200186876666194,128.62022343389935,7.667866746446677,973.5963159686767,3298.2318256487924,10.585771980772058
2023-01-02 20:51:00,2076.615323064613,49.220908454683716,32.4658481556114,129.7885100197118,7.668597395952061,970.761034163315,3309.2914878257093,10.559870011284948
2023-01-02 20:52:00,2077.015403080616,46.03053086879251,35.272961146635666,127.60336617293305,8.407064668337798,980.361644586319,3363.1406560913883,10.626278212596711
2023-01-02 20:53:00,2077.415483096619,48.1212531224633,35.00279520018509,129.22518905316292,7.942465825152345,979.5279402171792,3317.063506354761,10.611388659119585
2023-01-02 20:54:00,2077.815563112623,46.182644306506724,35.3102142342389,127.2752398346163,8.11435531636031,985.3314575991042,3376.73837838526,10.62960372156501
2023-01-02 20:55:00,2078.2156431286257,46.50012911413544,35.28500582062396,127.8406398829552,8.049495308240456,982.6191125848133,3342.7748128830804,10.610453234785075
2023-01-02 20:56:00,2078.6157231446286,45.37095670263712,36.11172833392344,127.0535907868967,8.218713007237476,987.6178677189367,3383.4150941470903,10.635710690163599
2023-01-02 20:57:00,2079.0158031606325,47.15009730610753,35.374803950514746,127.63297010706071,8.121083414276368,979.0607622554736,3325.3655288372324,10.60047460110284
2023-01-02 20:58:00,2079.4158831766354,47.874922689673454,34.34602111176049,127.77861218213425,8.044353852320807,982.0815865493511,3317.735971637724,10.594081185397329
2023-01-02 20:59:00,2079.8159631926383,47.44806578795708,34.172489279288925,128.7842830199734,7.993813110984284,975.8705727433498,3326.744445805722,10.599352647480005
2023-01-02 21:00:00,2080.216043208642,48.087512257891504,34.519857664595214,128.6243263985511,7.796484038491741,979.9135765028275,3320.8682762876265,10.58763905543642
2023-01-02 21:01:00,2080.616123224645,46.30418772514146,36.25484527780703,127.17563052409744,8.138217255405676,981.5416930593083,3359.6005395843913,10.630982244965713
2023-01-02 21:02:00,2081.016203240648,47.32526908731588,34.71560857354855,127.91063344225054,8.044247788021497,979.7058600597082,3346.440817663591,10.621194578329042
2023-01-02 21:03:00,2081.4162832566512,47.488044020994906,34.182065116258386,129.69095943620349,7.665217504928377,971.7266992849983,3307.55989645596,10.562807723415903
2023-01-02 21:04:00,2081.8163632726546,47.44700695393986,35.947633904000604,127.61061145936797,8.062958227794292,980.9512344968767,3336.6886859119995,10.601459366843883
2023-01-02 21:05:00,2082.2164432886575,46.466709176735,34.908129763860316,127.48443794865095,7.983956426675286,981.0044136924832,3357.2089271274895,10.622227424191689
2023-01-02 21:06:00,2082.616523304661,47.301963343824895,34.43907875722485,129.14459020235486,7.807648722571939,974.5476589010352,3335.1669047941596,10.59131132308951
2023-01-02 21:07:00,2083.016603320664,46.79050040345629,34.247071261986484,127.83591892835481,7.9770606317250285,982.9377009907605,3312.984495343,10.595465729999782
2023-01-02 21:08:00,2083.416683336667,48.19701888515966,33.690513474513764,128.3251353439323,7.680692627720318,981.8024364455229,3294.1125300705608,10.568410006258848
2023-01-02 21:09:00,2083.8167633526705,45.46601458487922,36.416357413087034,126.51613904968885,8.17846420953967,990.0064013747773,3371.8539567688135,10.641879204708285
2023-01-02 21:10:00,2084.216843368674,46.16807581966375,35.05543142896469,127.28173162018741,8.255499121479323,979.060365076231,3355.757105518977,10.617142083278702
2023-01-02 21:11:00,2084.6169233846767,47.553575364063065,33.99891916140081,129.22783639418728,7.594160162384921,979.5084519282562,3305.2362291839663,10.572718883569864
2023-01-02 21:12:00,2085.01700340068,47.053351025855406,35.0336252702738,128.96429301332327,8.125039781190708,981.4258249404096,3323.3080296818694,10.599457929617927
2023-01-02 21:13:00,2085.4170834166835,46.48279008518218,34.68346379256979,127.023007289305,8.100067396668239,984.9463011293948,3333.0820149951865,10.61454668499232
2023-01-02 21:14:00,2085.8171634326864,48.74499011455763,32.751178057334414,129.92188177880428,7.705708221511788,968.3051941357267,3285.7495381936346,10.56480218456185
2023-01-02 21:15:00,2086.2172434486897,47.781840716969405,34.37267603505135,128.75069191344846,8.04790428082334,970.7933320268271,3295.6204207220117,10.585051366354445
2023-01-02 21:16:00,2086.617323464693,48.15051155734416,33.57497761199635,128.65541355896437,7.785801650356956,976.3231657056175,3311.9424344333675,10.582420000223886
2023-01-02 21:17:00,2087.017403480696,47.225766867453146,34.139175307547276,128.5211751947415,8.01151246575514,979.8333888758658,3312.8814770880576,10.591947659997686
2023-01-02 21:18:00,2087.4174834966993,48.375372214892266,34.5438356500911,128.60953067774466,7.6634418742108,978.075427291243,3322.3610545972097,10.598922655233917
2023-01-02 21:19:00,2087.8175635127027,44.78322092520878,36.973871440284064,126.17518666689018,8.519723123395181,987.0696379513877,3399.585748168258,10.679713315320654
2023-01-02 21:20:00,2088.2176435287056,48.54307234151658,34.052118927780235,129.31233615936847,7.789847816968463,977.2305614244135,3324.045781448602,10.589134582948681
2023-01-02 21:21:00,2088.617723544709,45.85385483233873,36.20325967562868,126.79049325757187,8.210451281085362,983.3963974365489,3365.8739777316428,10.62255530953318
2023-01-02 21:22:00,2089.0178035607123,45.91677814875134,35.032198418537895,128.0818399667801,8.032841398648468,981.3194002764825,3338.1596343263686,10.614959755508162
2023-01-02 21:23:00,2089.417883576715,47.893223492132385,34.54205917667672,128.33803627823193,7.858347631187679,980.0280108914877,3328.4960495562,10.588472844418787
2023-01-02 21:24:00,2089.8179635927186,48.986670702621,33.23059267453148,129.4864182293611,7.469719004538251,970.4552222903692,3279.3776502415776,10.558951909816964
2023-01-02 21:25:00,2090.218043608722,47.781205343581995,34.561712839417375,129.5825640129126,7.997497687158077,974.8481322084951,3309.7071190208862,10.592710914898316
2023-01-02 21:26:00,2090.618123624725,47.04420530101762,34.55003839930775,128.2258595749835,7.946791843659237,977.9056586288493,3323.8719067479155,10.587808752159823
2023-01-02 21:27:00,2091.018203640728,48.68248912486312,33.405518111870144,129.28644723375783,7.477345139619437,977.2035051612019,3306.5907938999158,10.559193583450021
2023-01-02 21:28:00,2091.4182836567315,48.069018277853765,34.76602889060586,128.52079370113134,7.958564139404315,974.6035427633323,3315.726102589205,10.580618287911635
2023-01-02 21:29:00,2091.8183636727344,47.90502208848372,34.21980816965881,129.5266544763556,7.699796359382366,979.2436966750678,3314.625377530559,10.572742453270582
2023-01-02 21:30:00,2092.218443688738,47.00906854134048,34.24214888768351,129.46103441878978,8.055412232074353,979.5868238839194,3312.535520188764,10.585027130317634
2023-01-02 21:31:00,2092.618523704741,47.18860156115457,35.22850985710516,128.7306764162107,7.990458788994529,979.5840989531574,3330.4834686050185,10.592289595000079
2023-01-02 21:32:00,2093.018603720744,47.51252775702971,34.18889206474892,128.72394199312367,7.798927799486992,980.6421794415697,3337.101166402794,10.601358701988842
2023-01-02 21:33:00,2093.4186837367474,49.11132838979303,33.189635736380666,130.1015835319929,7.767172501291371,976.971979025505,3314.113817527303,10.574093009837888
2023-01-02 21:34:00,2093.818763752751,51.01625502750473,32.34683263467644,130.74861781398997,7.256677298336812,959.1635107293971,3254.975981707002,10.513817481822812
2023-01-02 21:35:00,2094.2188437687537,47.246604129494706,35.10017292186486,128.67413687090442,8.003325213481286,980.4300450482754,3339.914796469736,10.597413587848704
2023-01-02 21:36:00,2094.618923784757,46.61016148626286,35.61203872890288,128.08265830497322,8.173361174954618,984.2220871016682,3333.4950869247327,10.633070125648997
2023-01-02 21:37:00,2095.0190038007604,46.80670312908965,34.887260385836804,128.15935637784443,8.027014092290335,979.5369383166201,3326.1598177042492,10.5960706843565
2023-01-02 21:38:00,2095.4190838167633,46.79030416659261,34.728938181479336,128.3383687677552,8.06950888165684,981.1128133350279,3326.619844593859,10.596593604727595
2023-01-02 21:39:00,2095.8191638327667,46.81345751147715,34.33493608761974,129.11317675466597,8.14262057846593,976.1634321950645,3307.6119086062668,10.602502417758814
2023-01-02 21:40:00,2096.21924384877,46.32222223914611,35.18663500809184,127.8925462263362,8.113415944079968,982.5861577402412,3343.0523505310116,10.614512776672791
2023-01-02 21:41:00,2096.619323864773,47.940423573946994,33.87647726103305,128.39870874104994,8.00626678905623,975.6603911895886,3325.450434092691,10.570723958637558
2023-01-02 21:42:00,2097.0194038807763,47.17143607937019,35.141509904352034,127.62957740626538,8.134836407179105,981.5261889278411,3336.6259354681692,10.597016292495328
2023-01-02 21:43:00,2097.4194838967796,49.77715063936264,32.85354339759474,130.3159456376745,7.589002831954627,964.9678554813977,3268.9448096628103,10.546908412875407
2023-01-02 21:44:00,2097.8195639127825,47.56443842849918,34.23564605760676,129.37791398207477,7.886270817358802,976.5382737372657,3331.7948140062554,10.580318311219546
2023-01-02 21:45:00,2098.2196439287854,46.113760526096435,35.20128646192045,128.11140506289783,7.969537767488793,987.962344211232,3321.851126420644,10.596393075047336
2023-01-02 21:46:00,2098.6197239447893,47.64195213150824,34.4369118486282,127.6920810748751,7.955879104555448,976.3440628612713,3321.125347089409,10.591023011103818
2023-01-02 21:47:00,2099.019803960792,47.312232216116236,34.64348732991022,128.24234188236326,8.057084935572826,982.6726066226529,3323.0779011361774,10.606111930458214
2023-01-02 21:48:00,2099.419883976795,48.43625210658862,33.72403738066707,128.4879271793619,7.610410276306975,975.151968393015,3302.512525859445,10.573825119825027
2023-01-02 21:49:00,2099.819963992799,49.82356843190297,33.1557356462542,130.0216898739677,7.449264195430183,966.6056795946696,3270.2904348374814,10.543819391081744
2023-01-02 21:50:00,2100.220044008802,50.065286556433165,33.33376016416815,129.05078252344367,7.588919026590841,971.7072231364637,3273.330510411423,10.557702372186082
2023-01-02 21:51:00,2100.6201240248047,48.98801171387083,34.585907967045976,128.86063256927557,7.898667769383099,976.2237282662701,3312.110875115239,10.59245522934243
2023-01-02 21:52:00,2101.0202040408085,47.83172155636592,34.15745268465847,129.24780215210444,8.016210063811576,977.3324211656738,3312.590410637054,10.579368035701822
2023-01-02 21:53:00,2101.4202840568114,47.06827830890892,34.50589067032568,128.19348437339153,7.805707514801581,979.5397336799003,3317.437585327106,10.603649097861448
2023-01-02 21:54:00,2101.8203640728143,47.35912777615422,34.36292374554324,128.59853906674584,7.754452009841246,976.7386238002547,3297.840417042382,10.605272339127877
2023-01-02 21:55:00,2102.220444088818,47.34036418065074,34.576487668650685,128.74985641184398,7.863075754157372,977.8952576022135,3333.0310548481634,10.601630134060965
2023-01-02 21:56:00,2102.620524104821,48.85916801927678,33.47233969716813,128.99118686600292,7.7106229204878645,976.4171200609209,3312.7411315605727,10.58061556533275
2023-01-02 21:57:00,2103.020604120824,49.27111882215743,33.164727574712145,129.17183014384452,7.685340974808862,972.8463424587836,3297.3865749155293,10.569549134921319
2023-01-02 21:58:00,2103.4206841368273,49.15544364279796,33.738149781927476,129.84138865398788,7.746535550802644,971.3798961855045,3292.0124043601722,10.574932014230367
2023-01-02 21:59:00,2103.8207641528306,48.37628262959723,34.348652981746376,129.38214207208384,7.755998132048307,973.7152672122343,3294.8963766508036,10.571087636551317
2023-01-02 22:00:00,2104.2208441688335,47.96266247976905,33.49091389217305,128.928585631424,7.734616712131496,976.2676939027183,3296.897655531591,10.558208624000665
2023-01-02 22:01:00,2104.620924184837,47.95098936195558,34.22698291780039,128.80114935000262,8.035882594162528,974.7316080374585,3336.049271464922,10.587016600334538
2023-01-02 22:02:00,2105.0210042008403,47.63695234137148,34.69425461837263,128.03251047232476,7.775867719673377,970.429376155526,3304.26927378708,10.573703394196059
2023-01-02 22:03:00,2105.421084216843,48.22482578486162,33.040577406063,129.25526173697008,7.7362818955427635,972.5826684343015,3303.2773377393487,10.566188325020935
2023-01-02 22:04:00,2105.8211642328465,48.386867096920916,33.733059094956545,129.40842238554276,7.691695749585522,969.0258363531972,3294.3162499395903,10.565578019373374
2023-01-02 22:05:00,2106.22124424885,46.818718448941205,34.5102369852417,128.24669101114955,7.8859413965896925,977.6507602511331,3310.158825674402,10.594499180582638
2023-01-02 22:06:00,2106.621324264853,47.65090110749551,33.89819435997485,128.45855448193558,7.76980332558585,970.388194096386,3301.422085318003,10.576735583179529
2023-01-02 22:07:00,2107.021404280856,47.526779508017846,34.02270980288692,129.17255717344867,7.717389317490197,971.9026457122109,3312.0586400276247,10.562931522989473
2023-01-02 22:08:00,2107.4214842968595,49.15054645729674,33.226690794087766,130.44052139977484,7.505417386177325,974.0293159474444,3281.043604510997,10.556326466138895
2023-01-02 22:09:00,2107.8215643128624,46.954007842084835,34.6409046542882,128.1986297518722,7.970146241297285,979.7222710079465,3317.4772632236723,10.6025185609025
2023-01-02 22:10:00,2108.2216443288658,49.46736907710753,33.650568854701966,128.9720290440043,7.623665231190227,972.9188595542425,3278.820407231137,10.573486776518319
2023-01-02 22:11:00,2108.621724344869,47.15720661249921,33.80724227109652,128.4073649502749,7.811964230881779,977.9854052262951,3325.6504036600677,10.573560571519096
2023-01-02 22:12:00,2109.021804360872,49.840304322855246,32.28462439248472,131.38324207617205,7.349183659627272,964.7123855755978,3255.3606281665798,10.546388534124665
2023-01-02 22:13:00,2109.4218843768754,50.767310872768704,32.69519544136103,130.15556384417837,7.53524562950547,966.4683005260204,3258.6259061044416,10.522403635311218
2023-01-02 22:14:00,2109.8219643928787,49.583475032978825,33.00256361897592,130.10031235323788,7.566844255046453,965.4445561533458,3290.899249307237,10.568858153991098
2023-01-02 22:15:00,2110.2220444088816,49.36727826075723,33.017806038641375,129.46437090361616,7.374853212141722,972.3520877507866,3280.732838030013,10.546231285053896
2023-01-02 22:16:00,2110.622124424885,49.28948693660584,33.39432540300628,129.43697424359485,7.65182773807714,970.9021345441305,3286.630564011459,10.575056161277368
2023-01-02 22:17:00,2111.0222044408883,49.88849612877583,32.78417843218625,130.2064425390871,7.534999350607432,968.7642798596665,3300.238849159701,10.52951018541926
2023-01-02 22:18:00,2111.4222844568912,50.24027800903337,31.62592333540497,130.93858083027402,7.32966079047319,965.1463389875734,3267.5105511866163,10.50672928017553
2023-01-02 22:19:00,2111.8223644728946,50.84535222609673,31.582454411943075,131.67967562735112,7.396589001660743,968.2844198889901,3252.188450610339,10.522952370459727
2023-01-02 22:20:00,2112.222444488898,49.26377616457496,32.16217681200866,130.74253375562245,7.5682226709523865,964.511188217522,3274.43244174341,10.538612113001257
2023-01-02 22:21:00,2112.622524504901,47.4613774315567,33.96249048783749,128.8356013638938,7.7703768885416595,976.8467413598049,3301.7650780835143,10.585973200987295
2023-01-02 22:22:00,2113.022604520904,48.07266307371711,33.93822343459034,128.9153383792922,7.708557862787816,974.1113761834722,3315.2615080172136,10.571884371252763
2023-01-02 22:23:00,2113.4226845369076,48.70176600075363,33.751815003398995,129.72393992352914,7.558026546858429,973.7947208211925,3300.6186450958303,10.572595813765828
2023-01-02 22:24:00,2113.8227645529105,48.75816982982417,34.05595565589627,129.63052224798878,7.647126169791282,973.1503820592234,3273.217877608728,10.543338058874578
2023-01-02 22:25:00,2114.222844568914,47.263045867738036,34.46505021250136,128.70383837852742,8.002888490274168,980.4968962490219,3317.1736696800995,10.616247027266017
2023-01-02 22:26:00,2114.622924584917,48.35457558535008,33.081034340294465,129.20639585662587,7.6852860928970435,966.6354456469066,3282.5972537298558,10.576003542927284
2023-01-02 22:27:00,2115.02300460092,47.604038328418106,34.11948185287856,129.8429222151196,7.742128319592564,978.1854406100446,3314.553607059033,10.571172381232241
2023-01-02 22:28:00,2115.4230846169235,49.26077650392431,33.52313417076769,130.17272687582417,7.532664708362076,973.4933751483377,3281.1820058828343,10.567447030320661
2023-01-02 22:29:00,2115.823164632927,49.27217888826389,33.77241133581583,128.79476432476,7.717977428263084,974.30194507056,3282.90214628119,10.567087106479189
2023-01-02 22:30:00,2116.2232446489297,46.94959258773002,35.288270418225885,127.16365962082935,7.842409755731374,979.5128861771663,3330.67219144448,10.604322209758974
2023-01-02 22:31:00,2116.623324664933,48.99011022584642,33.381652554469895,129.1207027846204,7.748353980254806,969.2373049058814,3296.551542225556,10.564582114716604
2023-01-02 22:32:00,2117.0234046809364,49.29157024865272,33.33729280336177,130.16747816581682,7.8649913519090795,969.2954230050169,3285.8185233436957,10.563889321651727
2023-01-02 22:33:00,2117.4234846969393,48.85936284091698,33.67481468212079,128.46842636238387,7.583746464296837,972.6381650736836,3287.391003449803,10.565244885356142
2023-01-02 22:34:00,2117.8235647129427,48.401710802596924,33.7865661739762,128.89989860454412,7.844978733689603,972.1608002598792,3311.9307582231736,10.577903561191027
2023-01-02 22:35:00,2118.223644728946,48.56010210165582,33.30853257218043,129.4685421989868,7.596286792766028,972.6451821021845,3281.765967486705,10.568084534582972
2023-01-02 22:36:00,2118.623724744949,48.44239164488318,33.899664936830796,128.27836469526596,7.9796291413062805,980.1674248282457,3308.7527284729795,10.567821160094127
2023-01-02 22:37:00,2119.0238047609523,49.09658836993808,33.38268534582065,129.63907119672817,7.326824593275937,967.1340132276597,3294.888607530824,10.550509448793491
2023-01-02 22:38:00,2119.4238847769557,49.33872468368648,33.544745359275545,130.23506020283497,7.572246427912153,967.6257740148925,3278.641892283533,10.546369818999224
2023-01-02 22:39:00,2119.8239647929586,48.027633106751914,33.75293191143462,128.91668615456507,7.693829974386093,969.4420379362788,3301.706588838877,10.578432348351468
2023-01-02 22:40:00,2120.2240448089615,49.08320586624798,33.62885755729338,130.392153691993,7.751624750256909,970.0074374438722,3288.4503764346505,10.545445099035225
2023-01-02 22:41:00,2120.6241248249653,49.12439406621836,32.80806743522238,129.7956884173341,7.469583821164254,964.5928097189062,3278.066307160634,10.563781133976704
2023-01-02 22:42:00,2121.024204840968,48.9409815915923,33.58156976979531,129.53867148210136,7.693435479998957,970.925786888357,3303.7316373646013,10.553909034848994
2023-01-02 22:43:00,2121.424284856971,50.88089542832865,31.808541795896552,131.64935124188682,7.499199806332498,956.0585278348707,3249.073011955377,10.504255638176316
2023-01-02 22:44:00,2121.824364872975,46.86709182494637,34.875591969968326,127.70326340964327,7.90259408648839,985.6751037192425,3345.660281903093,10.59114070393224
2023-01-02 22:45:00,2122.224444888978,49.997977513976956,32.35152847892261,129.98305710078077,7.615794273783828,962.1248993278568,3294.452103695035,10.535606442013346
2023-01-02 22:46:00,2122.6245249049807,49.91199940048537,32.85853020855096,130.5692160221206,7.437559920189832,964.3323244670748,3251.23176019521,10.520871496902993
2023-01-02 22:47:00,2123.0246049209845,50.763408241143544,32.277338474226454,130.59341347859672,7.221488826504978,966.8472896944578,3264.1617235145527,10.52156658491222
2023-01-02 22:48:00,2123.4246849369874,49.3309954967561,33.311111978874166,128.94762502442046,7.489876972836487,973.2430372200981,3287.4907594092783,10.55631877631548
2023-01-02 22:49:00,2123.8247649529903,48.39754269727378,33.74237892319031,129.0511006131876,7.77395978341801,978.2161226603579,3309.6450200972786,10.57677573418901
2023-01-02 22:50:00,2124.224844968994,51.595113974444814,31.567632586378462,131.61992185580868,7.320978850772471,961.6103576970057,3240.450419175408,10.50672863405987
2023-01-02 22:51:00,2124.624924984997,48.35959823335628,33.52211394983948,129.63751997580462,7.791031986757849,973.4785650618944,3276.71121002638,10.555932751878107
2023-01-02 22:52:00,2125.025005001,49.383337547197904,32.807886353479496,130.6207498058587,7.659270350334427,969.3490720992652,3285.8537097306967,10.535625771729302
2023-01-02 22:53:00,2125.4250850170033,49.80791308452716,32.70631972329611,130.36366311510346,7.50034865531508,965.345444186478,3267.9778758531106,10.530663381671573
2023-01-02 22:54:00,2125.8251650330067,50.21020502487932,32.582907189828504,130.87152656856267,7.404983971279085,963.2288968546833,3284.087730729825,10.525319739036185
2023-01-02 22:55:00,2126.2252450490096,51.12645806977837,30.878512731140468,131.94924463848892,7.18964945207903,961.8012323412034,3231.478998819233,10.4799646722641
2023-01-02 22:56:00,2126.625325065013,47.277057474497724,34.02827529994886,128.91836683077864,7.852894169339301,976.6906035741846,3324.7814105387793,10.585910767129693
2023-01-02 22:57:00,2127.0254050810163,49.79901756758638,32.67959312303131,131.00615876786745,7.290794214360603,970.096064424026,3285.6511271462773,10.547086158147005
2023-01-02 22:58:00,2127.425485097019,50.24999822931676,32.48419150639147,130.29317983356506,7.523094570314527,966.0610400384801,3281.820684923962,10.543622665151599
2023-01-02 22:59:00,2127.8255651130225,48.685651820567074,33.28706440031205,130.19091727203121,7.639670531716657,968.4269122252315,3295.227103639168,10.55885280850135
2023-01-02 23:00:00,2128.225645129026,49.4070808294417,32.96059188697534,130.52223145085506,7.422511640512804,966.6813237562752,3280.0815463286326,10.548559128042283
2023-01-02 23:01:00,2128.625725145029,49.39226613203949,32.91732231031948,130.60306326085572,7.356135653187847,970.4223008090786,3278.119125486831,10.542202210086106
2023-01-02 23:02:00,2129.025805161032,51.63255696297353,32.01889279878771,131.07100075280752,7.424367111025321,964.3334118651409,3258.6172427783026,10.518835290360368
2023-01-02 23:03:00,2129.4258851770355,50.378511596855056,32.391421738709475,130.05525205846718,7.510954014241378,964.7640498929449,3279.421810309451,10.547819892437344
2023-01-02 23:04:00,2129.8259651930384,47.92690123311097,34.350673090556285,128.61369412100964,7.815263721462592,981.8907176921462,3322.6893195760294,10.589794813782898
2023-01-02 23:05:00,2130.226045209042,49.25167764653384,33.302872102650504,129.9133888135084,7.754421143400492,967.7032781699897,3272.2152286881887,10.562664992852952
2023-01-02 23:06:00,2130.626125225045,49.148360974147,32.91385253115737,129.89624807640223,7.631679593458968,972.7519341257964,3289.3797122516844,10.548838790875976
2023-01-02 23:07:00,2131.026205241048,50.62220392296095,32.20114490314371,131.26827989056017,7.324396142632316,964.4707453598652,3247.676199294443,10.524108736078647
2023-01-02 23:08:00,2131.4262852570514,47.33837643865841,34.513012994123045,128.31271251704212,8.057402706589395,980.3989034605627,3324.9384483868052,10.60028748056622
2023-01-02 23:09:00,2131.8263652730548,49.91059148761222,32.27054830641759,130.95791576826412,7.306550806129047,964.8529723315211,3258.8243538752013,10.528420456341747
2023-01-02 23:10:00,2132.2264452890577,48.44101630299876,33.027157483871974,130.8507538636459,7.711924237689156,971.6957676602345,3286.5744901622497,10.556704695043482
2023-01-02 23:11:00,2132.626525305061,48.469387010112335,33.9841269593357,129.08298392527007,7.867137009643508,975.5925506649407,3309.197103956152,10.599581849493386
2023-01-02 23:12:00,2133.0266053210644,50.82505884799866,31.064494264521244,131.26279499233598,7.151111014006721,962.0438272407453,3250.582264340245,10.495367604961986
2023-01-02 23:13:00,2133.4266853370673,51.34247954254314,31.05738670516552,130.86303240832765,7.389836007860721,954.0489099484489,3254.878889463286,10.503791749290034
2023-01-02 23:14:00,2133.8267653530706,49.57010670952163,32.49356981498532,130.96155772204372,7.460591424490969,969.795978842292,3266.2047668715127,10.546004146134713
2023-01-02 23:15:00,2134.226845369074,49.75724020162095,32.301893186550934,130.690302498334,7.40961118735604,965.8328215788625,3261.6234859582064,10.535794240981751
2023-01-02 23:16:00,2134.626925385077,50.98209491769446,31.599333890517936,131.9963463476061,7.21496364050128,962.0254268242201,3247.3109787127933,10.504710601134166
2023-01-02 23:17:00,2135.0270054010803,50.624279545956234,31.834900683854027,131.3200645874621,7.207670460934484,958.5051477142755,3242.1947579992693,10.507456466719981
2023-01-02 23:18:00,2135.4270854170836,52.09754465229533,31.48096267639728,132.3914234713348,7.253079024153328,962.1494093838473,3255.370337739122,10.490507019825008
2023-01-02 23:19:00,2135.8271654330865,49.63947711693475,32.78744499548476,130.2647895262128,7.602303514971937,972.6098889881328,3282.535955889721,10.54800006497388
2023-01-02 23:20:00,2136.22724544909,48.249765317683654,33.589687762473744,128.87060912579105,7.666810854591862,972.1908618072422,3296.612673882233,10.576067354305147
2023-01-02 23:21:00,2136.6273254650932,50.978128915836166,32.155787249613674,131.4246262354641,7.270108277259917,962.1532656776079,3241.3217999365347,10.495395683837618
2023-01-02 23:22:00,2137.027405481096,49.779969991556804,32.999857520165314,130.49028639700208,7.360683218780598,961.2419902265851,3268.238827205416,10.526578426007532
2023-01-02 23:23:00,2137.4274854970995,49.79571697637259,32.93217883003329,130.70973163597026,7.644363144405593,966.7191426187348,3287.1243067963337,10.542465916728803
2023-01-02 23:24:00,2137.827565513103,49.95370919662738,32.13271625237445,130.9111245845656,7.32475270224795,961.0675889751805,3261.5191426192932,10.524943722808386
2023-01-02 23:25:00,2138.2276455291058,49.36035549627923,33.56157575015169,129.15094877923835,7.526907014994768,974.0967124654111,3304.5540781638138,10.554585623571564
2023-01-02 23:26:00,2138.627725545109,51.27004543598541,31.64625746872118,131.14187718116614,7.340700684728252,961.724109298866,3213.3885445933547,10.52968409821797
2023-01-02 23:27:00,2139.0278055611125,50.59111630542932,32.20737961203903,131.1935816449332,7.27479773826337,969.6647686293264,3268.688848723274,10.528003022498579
2023-01-02 23:28:00,2139.4278855771154,50.789304292965696,31.808161288310362,131.62032739891842,7.361517057014122,960.225099955885,3219.8872151141204,10.501097640840275
2023-01-02 23:29:00,2139.8279655931187,48.60499978514179,33.78951023611623,129.73952500272057,7.67449657849273,968.8672576192416,3281.5174164020714,10.548974428389872
2023-01-02 23:30:00,2140.228045609122,51.76867587860355,31.874675258232603,131.6911137059853,7.228030374876971,958.6436529547655,3240.0873963897084,10.510502031862952
2023-01-02 23:31:00,2140.628125625125,49.818560173307056,32.49806125527218,130.30744216806008,7.325872736019174,962.2377507389931,3267.1926809445163,10.536248174213961
2023-01-02 23:32:00,2141.0282056411284,51.97945785338759,31.112307650192463,131.71730305978627,7.453393547213533,962.9687518927468,3225.6508253318234,10.484786229933166
2023-01-02 23:33:00,2141.4282856571317,49.80094180706442,32.42164550084166,130.98480501653023,7.223777756691691,963.9945624853118,3276.8805259093874,10.539869012049396
2023-01-02 23:34:00,2141.8283656731346,51.12458483570192,31.771347669943772,131.13174623898422,7.251286153953155,960.9009840334459,3269.540869538977,10.529326644926337
2023-01-02 23:35:00,2142.2284456891375,49.83396318975747,32.509442566116775,130.16662034386945,7.535421857917545,959.4566501156979,3280.558661518482,10.526308677753004
2023-01-02 23:36:00,2142.6285257051413,51.01900433351123,31.077968930425534,131.86824680033422,7.224723808923202,961.3964049009179,3245.327545442932,10.514757623665112
2023-01-02 23:37:00,2143.0286057211442,49.85033873342476,32.805689919667905,130.5235283911444,7.73256816208776,970.7334176097677,3277.7953221284456,10.540716003477327
2023-01-02 23:38:00,2143.428685737147,50.091880976662246,31.290275723567404,131.03683082848258,7.447798866342223,964.8717799731488,3241.507962486798,10.511325763791795
2023-01-02 23:39:00,2143.828765753151,50.31385745859817,32.57436457662899,129.78415953079244,7.356190543558302,964.3380042335984,3261.4191027877937,10.53453614996166
2023-01-02 23:40:00,2144.228845769154,49.590324335662835,32.76010371623933,129.69768626664884,7.784721509669414,970.2685604658966,3275.345607285251,10.563557850731671
2023-01-02 23:41:00,2144.6289257851568,50.423616923817384,31.36863217667297,131.020862470745,7.352914639388209,963.3067291845018,3260.1987046524387,10.512361015759234
2023-01-02 23:42:00,2145.0290058011606,51.93395202229915,31.66774208360786,130.82879573193023,7.27753612540913,960.1073183415922,3252.4726116627967,10.494773046597562
2023-01-02 23:43:00,2145.4290858171635,50.41083638309366,31.621560216402617,130.45317058613665,7.335214013579023,959.1227421628008,3237.9167929047853,10.495475321859313
2023-01-02 23:44:00,2145.8291658331664,50.16495369423508,32.5883764349856,130.10516836569914,7.690433997983813,968.8822593542837,3258.956769595919,10.53129520183876
2023-01-02 23:45:00,2146.22924584917,51.856231233329005,30.956444084052197,131.94992426064226,7.234994871318739,959.2959372475058,3255.414134897206,10.495970812256035
2023-01-02 23:46:00,2146.629325865173,49.7364971443264,32.77989429027757,129.96441327681487,7.527003854881231,966.5139164643731,3306.0282228351507,10.56795437761492
2023-01-02 23:47:00,2147.029405881176,51.137258100682914,31.788063993749255,132.01638428157537,7.231611674186996,964.4890025941514,3229.7568112797107,10.501361058226095
2023-01-02 23:48:00,2147.4294858971793,50.324498499791275,31.902864431363508,131.87958591362903,7.235163814497109,960.8958127405573,3238.088774673031,10.524618670109254
2023-01-02 23:49:00,2147.8295659131827,51.21517354067662,32.09286060685152,130.51410663138319,7.4364976116792265,959.8697640085,3248.0439560268615,10.521115433006273
2023-01-02 23:50:00,2148.2296459291856,50.5794338525072,31.261250927101585,131.8645529948107,7.110665222120568,956.6073426342638,3253.9247280923814,10.524718470943794
2023-01-02 23:51:00,2148.629725945189,51.76171145542472,31.80509517482613,131.45378673984575,7.360957940886473,963.8660285935463,3247.784881307671,10.526959799010392
2023-01-02 23:52:00,2149.0298059611923,50.65391209779821,32.37226867963168,130.25371201926848,7.367414673002247,971.4388678720557,3258.9867490954803,10.545114120597356
2023-01-02 23:53:00,2149.429885977195,50.742131697745094,31.656877171066686,131.32923983914057,7.330758696796983,963.3429357438773,3273.484500009072,10.523660527992508
2023-01-02 23:54:00,2149.8299659931986,51.0271967383232,31.697372868551387,131.8108480836524,7.2406624686007275,964.0558996622286,3244.7710904226205,10.52783893921569
2023-01-02 23:55:00,2150.230046009202,49.496156948731574,33.06372431653114,129.52293993918147,7.44421788148929,969.3652537446897,3278.104000095914,10.55528573856504
2023-01-02 23:56:00,2150.630126025205,50.586688521146556,32.73797917368214,130.72732858592536,7.5166671267396,962.1924129084902,3266.8066193744444,10.538211939831633
2023-01-02 23:57:00,2151.030206041208,51.55970418141179,31.084894894185293,131.86614227040772,7.311847692696494,962.3228807144388,3235.3928748042626,10.50222464200873
2023-01-02 23:58:00,2151.4302860572116,52.154915491092964,31.138431431988963,132.0106747221336,7.2363090713555795,959.5164766596101,3252.379818301783,10.500616302970917
2023-01-02 23:59:00,2151.8303660732145,48.53185566522829,33.03254497842508,129.81375754979896,7.418340899055712,969.1350227230726,3265.8307305696508,10.562443399473763
2023-01-03 00:00:00,2152.230446089218,52.110167644260464,30.672483183995094,132.3071334002038,7.193494920201667,953.1393939251393,3227.8078234032364,10.471961440362989
2023-01-03 00:01:00,2152.630526105221,50.514809998112455,32.891864255541606,130.43068933905914,7.305656646108218,969.1499115802491,3274.564159210966,10.53417849686791
2023-01-03 00:02:00,2153.030606121224,50.115400540957914,32.25014256602142,130.525174364311,7.579762268346327,963.4233463222364,3246.481569593508,10.532237091941875
2023-01-03 00:03:00,2153.4306861372274,52.01587821086893,31.450095879689314,131.9547781970496,7.29618215211257,955.7862490929095,3227.9325885871694,10.517520405441719
2023-01-03 00:04:00,2153.830766153231,50.06016263551118,32.602727260698664,130.6928659218072,7.412427366568426,960.6308267151287,3278.2062675798693,10.536403376013388
2023-01-03 00:05:00,2154.2308461692337,52.031006646316214,31.0653002070202,131.84451651449103,6.933348411090477,959.7855255683925,3244.107899280884,10.482151349891915
2023-01-03 00:06:00,2154.630926185237,51.35286514497787,31.769873313966723,131.45223693278362,7.208638784050764,960.5282739710561,3240.177163421865,10.497118069429783
2023-01-03 00:07:00,2155.0310062012404,51.69800701919673,32.14400669004079,131.45383886689694,7.2615888812070875,961.1036201066873,3234.2925697581604,10.520000195375635
2023-01-03 00:08:00,2155.4310862172433,50.580084469347234,31.98908922829793,131.97646856080289,7.440474128186766,961.7407879852796,3263.2719771706033,10.515646818258794
2023-01-03 00:09:00,2155.8311662332467,54.46657303674663,30.438601721293466,132.84970467688098,6.974372305660473,952.5459822247758,3196.4937205717047,10.444333864429321
2023-01-03 00:10:00,2156.23124624925,52.285748196386386,31.487891010636456,130.65178018555824,7.331616089431561,962.3831856802943,3246.8348588542153,10.48075454907112
2023-01-03 00:11:00,2156.631326265253,49.31823289133258,33.244110887820256,129.5401191597423,7.593520206537268,968.234362187581,3270.069755633428,10.565855534486804
2023-01-03 00:12:00,2157.0314062812563,51.20747939452433,31.81267085383035,130.9532197625376,7.44142576982045,958.2799386873345,3246.6123094499285,10.502581605774337
2023-01-03 00:13:00,2157.4314862972597,49.58767743045345,33.36437224242716,130.07547589149084,7.65969121153381,968.0745337784618,3285.2316473679043,10.55586170971953
2023-01-03 00:14:00,2157.8315663132626,50.39736211554156,32.82082813258793,130.23894859880932,7.3378798225471185,965.478894463622,3260.29258677244,10.529159357166737
2023-01-03 00:15:00,2158.231646329266,51.81805416493345,31.039024385468053,131.9638008100732,7.302746028000714,958.3646264837565,3241.027119446024,10.509442270460244
2023-01-03 00:16:00,2158.6317263452693,51.92902197137408,31.604167353622223,131.00187409609978,7.331149624731527,954.4956175568163,3248.1403114537698,10.51043652368801
2023-01-03 00:17:00,2159.031806361272,52.41919167321272,30.132947972668475,132.3941341195524,6.953312665015056,950.6736870605852,3236.6136364687127,10.49253454882667
2023-01-03 00:18:00,2159.4318863772755,50.00911392930834,32.467117406710784,130.66288372431384,7.364253495582319,966.5193846815296,3264.2291363210693,10.531895274125871
2023-01-03 00:19:00,2159.831966393279,51.014428486606604,32.11837211548614,131.2866279340453,7.3274036293516405,964.3522295125894,3267.0623330022077,10.518592689043626
2023-01-03 00:20:00,2160.232046409282,51.50680754179532,31.23844159580467,131.1704553804252,7.233273216120984,956.919034917386,3239.5285634596858,10.490958350396015
2023-01-03 00:21:00,2160.632126425285,52.394352037686666,31.226466421007437,131.75969378282394,7.019955031938986,952.5156662408127,3234.7664589088827,10.481054328036716
2023-01-03 00:22:00,2161.0322064412885,50.30183615911468,32.60486801592955,130.31662226852714,7.487734562787765,963.7244668017772,3270.350835324128,10.525926236464766
2023-01-03 00:23:00,2161.4322864572914,52.243584348923,31.759526870737627,132.0785266979458,7.317915649086805,956.4576477664484,3236.6331819093257,10.513775982660519
2023-01-03 00:24:00,2161.8323664732948,50.64894300463011,31.848288060772166,130.3160765267011,7.265371619501783,966.5885914679627,3266.982771588248,10.518695149659912
2023-01-03 00:25:00,2162.232446489298,51.6105084004066,32.07719134892192,130.94862388038513,7.241626398815874,963.7339001870979,3240.504401037352,10.517612915083589
2023-01-03 00:26:00,2162.632526505301,52.69453860219544,29.910549732200522,132.41146150738632,7.122950609832202,960.8865364044586,3221.3108868760896,10.494988636705012
2023-01-03 00:27:00,2163.0326065213044,53.35585190753713,29.896050834687124,132.0986834725978,6.9979398871992355,947.5686122682686,3188.337337946119,10.448180602435121
2023-01-03 00:28:00,2163.4326865373077,52.95610767536425,30.79428875632387,132.28977593700753,7.212311844955688,954.3146519648518,3234.2810310744085,10.474675457902867
2023-01-03 00:29:00,2163.8327665533106,51.10581314659062,31.65140845411574,131.8958213790284,7.236568749886718,960.7510590966154,3248.6388651718803,10.509142572212792
2023-01-03 00:30:00,2164.2328465693136,51.93818728304522,30.554861918958178,131.86262254227586,7.213545939993344,957.2487370972622,3215.418306344722,10.494722183762539
2023-01-03 00:31:00,2164.6329265853174,53.02585697956229,30.560813388019014,131.946217832645,7.1530693446744245,953.8093406056263,3202.6772643375793,10.474940315689684
2023-01-03 00:32:00,2165.0330066013203,54.207137825218624,28.476591502112313,134.12053270463628,6.847107535641981,944.9008780390358,3169.5050054233147,10.434676856027467
2023-01-03 00:33:00,2165.433086617323,50.07758406722893,32.68612000490667,131.53284382880292,7.459368533801673,965.7136292170848,3283.323432227377,10.532347434611026
2023-01-03 00:34:00,2165.833166633327,52.594801913809384,30.285849245146867,132.98110876688563,6.988809617163733,952.0350706407925,3219.1690265274237,10.475755330756456
2023-01-03 00:35:00,2166.23324664933,53.98101441086866,29.757684342860085,132.4391451188444,6.979068670381849,949.6034723226178,3195.175178816171,10.459098629228908
2023-01-03 00:36:00,2166.633326665333,51.74495869976603,31.84619731780281,131.52581636610657,7.30534959879552,956.5700049746641,3246.151641540948,10.523096335811166
2023-01-03 00:37:00,2167.0334066813366,52.608314782217455,29.88271010033553,133.06529293558071,6.959168024362912,948.9694509594076,3195.9209830518075,10.448814196503358
2023-01-03 00:38:00,2167.4334866973395,51.507800479554106,31.695204159681328,131.67930915253632,7.351909316080229,958.6775180780168,3243.1138628787917,10.517265651896954
2023-01-03 00:39:00,2167.8335667133424,50.60560396083186,32.285760986786656,129.82474300864703,7.393460798725451,961.3586428583744,3272.198275155067,10.534901179791563
2023-01-03 00:40:00,2168.233646729346,51.846235365889044,31.754458141175366,131.96110411033325,7.261335508674848,961.082386153739,3247.668441816916,10.487999807918003
2023-01-03 00:41:00,2168.633726745349,53.54360711829889,29.393675206847607,133.33004126871916,6.917049120565865,943.2785984721746,3214.6992518110324,10.446013310634262
2023-01-03 00:42:00,2169.033806761352,51.895285056657784,32.02193017710772,132.15438065568082,7.192801172375749,968.3427449325175,3236.4823104251163,10.523181062529787
2023-01-03 00:43:00,2169.4338867773554,51.56557247623446,31.658033300525357,131.26121858257724,7.0861976968178615,957.038862788656,3236.0002254491856,10.496046104136768
2023-01-03 00:44:00,2169.8339667933587,53.90508457397166,30.193436174679054,132.7886507375776,7.161370138449859,953.8887633474191,3195.1209052991644,10.447248154234146
2023-01-03 00:45:00,2170.2340468093616,53.598919089088255,30.467349138033274,132.82296927460567,6.908077504528734,956.3777557730864,3216.5892840456445,10.48343872901191
2023-01-03 00:46:00,2170.634126825365,52.831531505775345,30.386937526108802,131.78355225540125,7.059299982688786,949.4372101525711,3214.478033071594,10.468746002119023
2023-01-03 00:47:00,2171.0342068413684,53.371912471983435,29.993067911518025,132.88883807742172,6.967423723015459,954.1618886735188,3207.2672864172982,10.449968627442525
2023-01-03 00:48:00,2171.4342868573713,49.92667950321555,32.73633161620165,129.7695375875476,7.578163439463481,974.153129437855,3278.0429208741057,10.54272919252274
2023-01-03 00:49:00,2171.8343668733746,52.28141313165628,31.100075783944646,131.21622861303092,7.338656143532737,967.427445795589,3268.087883858175,10.508160523000441
2023-01-03 00:50:00,2172.234446889378,51.64252204049419,31.317907805039418,130.89115515920122,7.1360813549872555,954.5247092080656,3237.1737792371696,10.48981961003419
2023-01-03 00:51:00,2172.634526905381,51.88816775725771,31.62727650322933,131.43146555659325,7.19356914521403,960.4700477207183,3231.7232649697025,10.49173253789727
2023-01-03 00:52:00,2173.0346069213842,51.26596864283734,32.33288310779282,131.79402945320126,7.3498090187917,965.0079889004343,3250.038353727399,10.524040522766509
2023-01-03 00:53:00,2173.4346869373876,53.32336799490676,30.498489162924127,133.19361310112566,6.8814857162580445,953.6893517372706,3219.7699461354377,10.481481498052181
2023-01-03 00:54:00,2173.8347669533905,51.330654107469144,32.126005553571794,131.4729922420425,7.2395312915272125,960.9879839426328,3244.455453968517,10.522915040220209
2023-01-03 00:55:00,2174.234846969394,53.339239400696556,29.94910628932917,133.05034771064265,7.162288393472962,956.0832054449907,3212.6973766754186,10.460484066034276
2023-01-03 00:56:00,2174.634926985397,51.742990723100675,31.597468832046623,131.68345389407125,7.234010065957044,962.368137372618,3232.4498920479828,10.514821794206725
2023-01-03 00:57:00,2175.0350070014,52.48519922307631,30.932158272645083,131.61632308788978,6.9558976073414245,961.3187812115965,3224.683215203186,10.487329648447263
2023-01-03 00:58:00,2175.4350870174035,52.885469964912886,30.992328047932837,132.21908267861693,6.972349860063924,947.8889786665155,3218.4157491478563,10.506038290761877
2023-01-03 00:59:00,2175.835167033407,52.495754671164136,30.759127268014925,131.91981179562268,7.072584345297955,956.6550734032671,3211.346213695529,10.505177721553597
2023-01-03 01:00:00,2176.2352470494097,52.868868310762835,30.685186139847364,131.18432498033462,7.057218678973179,953.0757521819695,3223.2620054247063,10.476779025373625
2023-01-03 01:01:00,2176.635327065413,54.82931758903875,29.062990042893304,133.36777750962187,6.732149502345236,949.0073108263579,3176.5134529530524,10.41542716301043
2023-01-03 01:02:00,2177.0354070814165,53.05521667868862,30.779113415747023,133.00435657445345,7.181361723586947,955.0387426694342,3195.9406100574106,10.472400298289164
2023-01-03 01:03:00,2177.4354870974194,54.35499286033605,29.90411533654295,133.18987641708645,6.947050036966609,953.4082835466144,3210.2060585194586,10.467902002279045
2023-01-03 01:04:00,2177.8355671134227,53.94912223806922,30.373050686298328,132.80834219418455,7.129016529552603,951.9146359465316,3221.7987025596985,10.476316891565311
2023-01-03 01:05:00,2178.235647129426,52.87118526641053,30.48827068803647,131.94553525312244,7.122006365813554,955.1652161787181,3215.1340476218797,10.482799760774608
2023-01-03 01:06:00,2178.635727145429,51.67258455008099,31.621056037369463,132.17266452426324,7.270356248182917,960.2167516023569,3245.952283073234,10.489004958997985
2023-01-03 01:07:00,2179.0358071614323,53.21189851361651,30.969040134196646,132.5403549548486,7.080965156351336,957.2559221069041,3215.436969160597,10.480931400390315
2023-01-03 01:08:00,2179.4358871774357,54.96874268899291,28.97716531071736,133.24329436497777,6.824310245844739,942.2480193964961,3168.865690160372,10.442104811525462
2023-01-03 01:09:00,2179.8359671934386,54.97968503830057,29.38952506488792,133.42304245396215,6.7510995890092955,948.9616607844674,3190.6457612545546,10.461424841180609
2023-01-03 01:10:00,2180.236047209442,56.10075641441403,28.802288022931695,134.29444203891381,6.647459507545259,941.1213307247166,3183.400173792842,10.417829264710974
2023-01-03 01:11:00,2180.6361272254453,54.39014696207529,29.887173127833794,132.99038240077442,6.736925272546702,950.766032803907,3195.5629676273047,10.45264191437631
2023-01-03 01:12:00,2181.036207241448,53.327748282533015,30.63875019738138,133.28975616124436,7.040548335241053,955.3540298471544,3217.145384977834,10.445205172915237
2023-01-03 01:13:00,2181.4362872574516,54.39560036142747,29.973760802621488,132.78099760462354,7.029241444519221,949.0247073175476,3179.436812297067,10.473702937185363
2023-01-03 01:14:00,2181.836367273455,51.896612708008355,31.388429035270136,131.7685757659005,7.310797629179346,963.573146720976,3238.6673055374367,10.509497278913539
2023-01-03 01:15:00,2182.236447289458,54.763344514895856,28.73498630041439,132.89990123538664,6.5330209309556695,950.1911277807072,3192.7670496899896,10.443128591116722
2023-01-03 01:16:00,2182.636527305461,53.02137373668829,31.38727441775398,131.18560902029142,7.421173387321528,960.98739426661,3234.161951575263,10.507238561764606
2023-01-03 01:17:00,2183.0366073214645,53.14176931431319,30.429832680711154,131.95152290835796,7.080511778648098,953.22579577572,3222.639059145917,10.463353863166887
2023-01-03 01:18:00,2183.4366873374674,52.40626964314924,31.40290484265701,132.17005460485083,7.312011559207944,960.4562853392084,3237.565109495429,10.507214773045286
2023-01-03 01:19:00,2183.836767353471,54.04598055176976,29.688759611631557,132.7774726978398,6.856359712140543,952.5260138925634,3201.734386085233,10.46878823495086
2023-01-03 01:20:00,2184.236847369474,52.78539249203222,31.294817091664964,131.62981008243108,7.170419818964254,959.9421101452808,3240.1148907133907,10.488900716541595
2023-01-03 01:21:00,2184.636927385477,54.76153997175964,29.293398533409302,133.64890363089017,6.6396817445492,951.4159695448844,3168.7864949852155,10.446412855208667
2023-01-03 01:22:00,2185.0370074014804,50.66786197075479,31.96967748185147,130.67623389778555,7.528871288502566,967.3644162365831,3262.653080334152,10.536996430081565
2023-01-03 01:23:00,2185.437087417484,56.34117287703122,28.313056014044278,134.07500921915354,6.663733426971136,940.0961333084355,3180.9101864221575,10.41884784616922
2023-01-03 01:24:00,2185.8371674334867,53.99039603945564,30.738103813804173,132.76363209468144,6.927881585194065,950.1511234598188,3209.985000109166,10.469589408564108
2023-01-03 01:25:00,2186.2372474494896,55.146327486547726,29.456544889656712,134.11166685905698,6.699320592806012,955.2838756336417,3171.3582845019487,10.463202929308478
2023-01-03 01:26:00,2186.6373274654934,54.40925319294513,30.146912499954315,133.93829486490446,6.880783512306689,945.351488555416,3203.2492876934557,10.448121193232627
2023-01-03 01:27:00,2187.0374074814963,54.451145228872825,29.823080844105395,132.25984772318677,7.097787524962365,946.9709409957981,3209.195798884608,10.463711063563395
2023-01-03 01:28:00,2187.437487497499,52.60018074177746,30.30383371240452,132.93057316694583,7.115036918137444,957.4213460463442,3228.5599752595963,10.466861392533858
2023-01-03 01:29:00,2187.837567513503,57.546881728676276,27.564339440111723,135.515545232086,6.434596330146991,940.1125009183555,3140.760483433926,10.406883049949645
2023-01-03 01:30:00,2188.237647529506,54.61029913341865,29.28294525625459,133.4518394605274,6.7586901100622265,948.0596474636869,3216.67993997179,10.450029452749956
2023-01-03 01:31:00,2188.637727545509,55.65514699370516,28.93140014480506,134.24568991243646,6.710746202240668,950.5189704560984,3177.193487140763,10.421608197964717
2023-01-03 01:32:00,2189.0378075615126,51.1457353917131,32.293759624733006,131.7164490146713,7.573885716691101,964.746600907583,3287.8485506313555,10.529125904171266
2023-01-03 01:33:00,2189.4378875775155,54.966445735990554,29.128760019372,133.21507540462335,6.832248827810768,947.6211558111627,3187.6464592383177,10.455708375985573
2023-01-03 01:34:00,2189.8379675935184,53.29989503466739,30.617994517560373,131.10997951001352,7.136242442535606,957.4746881355624,3236.978280912427,10.490595414772919
2023-01-03 01:35:00,2190.2380476095223,54.04238559778634,29.27431153797662,133.4975631433964,6.96781308843293,952.3077904951803,3218.2365813937413,10.473102166574662
2023-01-03 01:36:00,2190.638127625525,54.86967920696017,29.54194473175573,133.08186812721567,6.813977914389443,950.1436243807603,3186.646640310692,10.433841022324174
2023-01-03 01:37:00,2191.038207641528,55.23674803307472,28.791088207451114,133.1095881293475,6.651614781590834,945.275627113011,3163.40629370828,10.426217566175168
2023-01-03 01:38:00,2191.4382876575314,53.92524211231996,30.326848335976983,132.62585129916087,7.064193228791816,955.8629515917352,3199.5252978526273,10.477415385036503
2023-01-03 01:39:00,2191.838367673535,54.8106501752104,29.890131688133557,133.09893119454256,6.93712004192204,944.6889676365466,3192.63310663765,10.449156098276035
2023-01-03 01:40:00,2192.2384476895377,54.251428871957685,30.14818116077492,132.71113928117592,6.953760510030471,942.9945328390168,3189.3943945542906,10.45381929275524
2023-01-03 01:41:00,2192.638527705541,52.514373683226594,31.175129976940063,131.74028154394395,7.001432147769703,956.6313480643313,3218.02160634231,10.488975605760912
2023-01-03 01:42:00,2193.0386077215444,55.19661979119484,28.85617250499218,134.52166022933477,6.668383485098107,941.4261964834395,3164.6102889750714,10.422822482918347
2023-01-03 01:43:00,2193.4386877375473,54.005700028039236,30.20980446372236,133.21884713906968,6.822226479223152,952.3391013047524,3211.3776547046023,10.481416661078416
2023-01-03 01:44:00,2193.8387677535507,53.9904792577674,30.028985278384862,131.54746520147742,7.035401058757212,953.1337705090934,3211.354671052288,10.485265626261516
2023-01-03 01:45:00,2194.238847769554,55.84252782604406,29.13692446050271,134.73138130346197,6.650736829370787,944.0388333088058,3153.838178841423,10.438321080992976
2023-01-03 01:46:00,2194.638927785557,56.191285666386335,28.633489608350068,135.30505334860712,6.618421770193032,946.600443053398,3143.9190457443306,10.409633888542295
2023-01-03 01:47:00,2195.0390078015603,56.24708417931788,27.70863675237871,134.9504260531585,6.442436466412146,936.8448855135297,3169.4000888929095,10.393938859701633
2023-01-03 01:48:00,2195.4390878175636,52.6101832337519,30.86591015240067,131.7333162019371,7.101077112766414,953.0607828742617,3228.1196056901726,10.48256106491738
2023-01-03 01:49:00,2195.8391678335665,55.86791804366757,29.436002376365554,133.3065885296838,6.8638391080866565,945.8554130941377,3183.17960541075,10.442651822552701
2023-01-03 01:50:00,2196.23924784957,54.98368483802325,29.16864188636747,132.8436588077251,6.784234172643046,943.6667316269514,3204.6301568786753,10.439267368672269
2023-01-03 01:51:00,2196.6393278655733,54.7710050889678,29.510236064080956,132.62418646542685,6.74447735223692,950.0000294973967,3197.267350977506,10.44164695947898
2023-01-03 01:52:00,2197.039407881576,56.12664812659906,29.280805764702865,134.21980136668157,6.723773811052897,945.7434876387164,3162.050167043566,10.433965273912708
2023-01-03 01:53:00,2197.4394878975795,56.111130255943586,28.230492587481407,134.4343820792071,6.543874131693948,945.310615543265,3174.9133555763888,10.431993333925188
2023-01-03 01:54:00,2197.839567913583,55.51959318038511,29.28293236416433,134.2625015451313,6.753989514285296,939.6035284369175,3187.900828884996,10.433266526687213
2023-01-03 01:55:00,2198.2396479295858,54.753920219075816,30.25089659458777,132.8390700412751,6.966851334193426,945.1493171654982,3221.4847206062304,10.475742755678683
2023-01-03 01:56:00,2198.639727945589,55.56621176444765,28.340766332017512,133.77358368590788,6.539501133980214,945.1342770067313,3167.1919676974703,10.434420453511725
2023-01-03 01:57:00,2199.0398079615925,53.76817673282344,30.557112542862278,132.42638222319675,7.064111702570789,952.2447738236322,3209.6353740681357,10.469804091689698
2023-01-03 01:58:00,2199.4398879775954,55.81421578544307,29.066090877442928,133.33991650423084,6.820219415753762,948.7834849191471,3177.333843521426,10.43931158726371
2023-01-03 01:59:00,2199.8399679935987,55.61270477250096,29.80102812141999,133.4562384096368,6.754637092287984,948.0205279533002,3180.4285159861975,10.440815076071882
2023-01-03 02:00:00,2200.240048009602,55.552718677106654,29.654891845562744,133.7630884210292,6.595717768363929,948.9797294406417,3181.7497467450403,10.446956112535867
2023-01-03 02:01:00,2200.640128025605,54.36445410107474,29.72783279640765,133.16355155887942,6.912565183435821,945.7066214249379,3195.9678826884233,10.444161112456117
2023-01-03 02:02:00,2201.0402080416084,54.38971508577778,30.638251306577423,133.19572092096138,6.962748566063785,951.957518844239,3201.94054404318,10.46827274395276
2023-01-03 02:03:00,2201.4402880576117,55.38211329834986,28.912905822836365,133.94300352611094,6.914390537109048,948.7638392011224,3176.651639562233,10.442665108223
2023-01-03 02:04:00,2201.8403680736146,54.493914082096836,29.80094453257742,133.9133835406186,6.769436150954007,951.4817375738081,3195.9238916699182,10.464666437224636
2023-01-03 02:05:00,2202.240448089618,54.488005128552125,29.76491316211901,132.88166637437635,7.069169830748609,943.8652434113488,3190.895343500943,10.460087906384619
2023-01-03 02:06:00,2202.6405281056213,54.53821286350511,29.574682257650984,132.81246279848855,7.025490355406276,950.7697931990602,3227.6353124583616,10.434990190844747
2023-01-03 02:07:00,2203.0406081216242,55.360243062370635,29.235650002466663,132.83836437204337,6.779324862560451,955.4882916729251,3188.7461200172647,10.423398097998826
2023-01-03 02:08:00,2203.4406881376276,54.776490922407156,30.027424874823954,133.0499589365064,6.948270743325171,957.411129697923,3219.318763884004,10.474746191272244
2023-01-03 02:09:00,2203.840768153631,55.78019724968223,29.36263006247146,133.06204347506036,6.749573769280826,944.4335423614723,3190.8671982976334,10.44740907554756
2023-01-03 02:10:00,2204.240848169634,56.360178868296,27.840907434889647,135.30318040755608,6.588695185960812,940.2012342992804,3159.0594116452867,10.410548692582148
2023-01-03 02:11:00,2204.640928185637,57.25562957125622,27.151022445863145,134.44491601798217,6.537452956184845,936.9833971356185,3125.0219551841756,10.376265520245097
2023-01-03 02:12:00,2205.0410082016406,56.781890347893096,28.646117815413998,134.42407654304506,6.429616048017622,940.3489384186383,3141.561004396558,10.401006100523968
2023-01-03 02:13:00,2205.4410882176435,56.94256971618935,28.716355404119128,135.38049738690992,6.5605608637033,943.352972181109,3159.3468217899394,10.420092146731635
2023-01-03 02:14:00,2205.841168233647,57.092035379185205,28.05486109450083,135.36261219149932,6.437316159203982,940.9351044084995,3159.537318741137,10.398332446060804
2023-01-03 02:15:00,2206.24124824965,55.851303803360985,29.307721327500786,132.46401950326432,6.7314185951406165,947.3664655228652,3170.617518940147,10.426469318411387
2023-01-03 02:16:00,2206.641328265653,54.8096834271563,28.978039999358188,133.89712153646312,6.857253365122361,947.291630201653,3181.9956634868777,10.438611866759928
2023-01-03 02:17:00,2207.0414082816565,58.8508900966675,26.67368881458572,135.32693949910018,6.3248838560027245,930.4608590757081,3140.0151120174046,10.366068497862308
2023-01-03 02:18:00,2207.44148829766,57.89148563969142,28.456464002991833,135.23593678952307,6.581958430817854,942.7231292866564,3156.9274181452993,10.400636792488847
2023-01-03 02:19:00,2207.8415683136627,56.04609573834967,28.567565027419896,134.3632239025724,6.585077750432149,943.1050816304321,3161.455136048133,10.416509288408145
2023-01-03 02:20:00,2208.2416483296656,56.302746682441025,28.725508771593702,134.41844498211282,6.546109085991617,944.0626059461134,3171.6675585862104,10.427700106304622
2023-01-03 02:21:00,2208.6417283456694,57.58895174501114,27.554802898143464,134.48173423240706,6.2193262178005435,939.3536792276398,3148.3789115422423,10.386002330692776
2023-01-03 02:22:00,2209.0418083616723,57.28297665928201,28.240521930505004,134.70770309952263,6.46989847000864,935.0837462190345,3150.367454376,10.389282347668908
2023-01-03 02:23:00,2209.4418883776752,54.832914604399036,29.247493767777964,133.93524330648242,6.8999459479063185,946.7163172363632,3176.7424522201804,10.433760755158161
2023-01-03 02:24:00,2209.841968393679,56.84924698903656,27.986620851314573,134.75543404068853,6.576085078875508,935.8141418359611,3153.4300906641743,10.411263384068603
2023-01-03 02:25:00,2210.242048409682,57.16760693971394,27.96009045914125,134.6958912511842,6.481248292973113,943.6899023826156,3158.607689723662,10.399785788716235
2023-01-03 02:26:00,2210.642128425685,54.785669552984984,29.521537034053313,134.02720846654626,6.947293205700371,950.7316572251278,3223.2528190283,10.448845811229013
2023-01-03 02:27:00,2211.0422084416887,55.27212591716157,29.17534952987426,133.7980776926014,6.8865287077018955,944.4073789277475,3195.268179582658,10.443421547638735
2023-01-03 02:28:00,2211.4422884576916,56.7223532711143,29.279985002607507,133.4657477749917,6.743736607816091,945.5456915621112,3170.991344259732,10.420750498092557
2023-01-03 02:29:00,2211.8423684736945,57.83055894857446,27.94348148590143,134.82905798009566,6.53312956881571,937.2358350403242,3139.1179680946207,10.403287145495051
2023-01-03 02:30:00,2212.2424484896983,57.37123849495812,27.75890614530318,135.7343903206321,6.35260807379449,941.8648419160488,3126.7638566373826,10.395203796734041
2023-01-03 02:31:00,2212.642528505701,56.636918700168856,28.099787313221892,134.1409745198912,6.853080757979115,946.8982269607949,3186.3685722430337,10.422314870063303
2023-01-03 02:32:00,2213.042608521704,55.91257810416523,28.745909750486803,134.3662768092049,6.75423901931144,942.8978688591732,3175.925485113593,10.426803945506823
2023-01-03 02:33:00,2213.4426885377075,56.99399372588974,28.276997690317593,135.1037818130664,6.588836155310467,944.1384123404803,3156.282663782419,10.404721004259125
2023-01-03 02:34:00,2213.842768553711,55.05352638719421,30.282381427610137,132.56578423102727,6.879618666478101,948.1600020602526,3175.239216690896,10.464681154844351
2023-01-03 02:35:00,2214.2428485697137,56.909952647305694,28.982625054995843,134.61208414792094,6.63697252911715,943.428056632133,3194.233417880624,10.40797387320871
2023-01-03 02:36:00,2214.642928585717,56.417072230631106,27.930125849923986,134.7727306729176,6.6733272121698315,945.7826093822031,3160.53111211838,10.396342716858541
2023-01-03 02:37:00,2215.0430086017204,57.35288820935315,28.52081503702435,135.2357141077364,6.496522252653172,946.6953611038141,3163.1792164106714,10.410176533855346
2023-01-03 02:38:00,2215.4430886177233,55.44043578609416,29.166375565296402,133.53015912549546,6.883854895013846,947.4252409742817,3186.9018064482343,10.44995168116719
2023-01-03 02:39:00,2215.8431686337267,57.43808830528826,27.679365447535112,135.428492256615,6.417631183817221,930.9797904975329,3148.319086140951,10.402293452994593
2023-01-03 02:40:00,2216.24324864973,56.984509402605084,27.87783823352459,135.4562723161036,6.5012111365602365,943.6191774961172,3159.9636989215105,10.4143442739401
2023-01-03 02:41:00,2216.643328665733,56.943438251187835,28.808458225255862,134.66921900249847,6.734932681390518,950.9392546139239,3159.016621325316,10.444424283583276
2023-01-03 02:42:00,2217.0434086817363,58.138527571542326,27.53809529576283,135.14762394795383,6.605085659258163,931.7635883001466,3148.305203813564,10.374559143416526
2023-01-03 02:43:00,2217.4434886977397,56.04075985637551,28.61499457482428,133.80779693502367,6.86812086140327,945.1874853301509,3190.436059324002,10.440301972790513
2023-01-03 02:44:00,2217.8435687137426,57.844126213121854,28.28490011812721,135.80283218076153,6.488114902164287,937.2075533696775,3165.3343902493393,10.3938688262603
2023-01-03 02:45:00,2218.243648729746,55.36937304210935,29.048671734488835,133.04288696727545,6.92894193577699,943.9368660521864,3167.1311034885125,10.423312896433124
2023-01-03 02:46:00,2218.6437287457493,57.912422350522796,27.253810950002546,134.81867257572694,6.4413007953770265,941.5070260876657,3136.9728648585633,10.375827752551855
2023-01-03 02:47:00,2219.043808761752,57.04572245994528,28.551228284010943,135.1786893209266,6.673190763914395,942.7020419160373,3164.8578348902165,10.416496207947295
2023-01-03 02:48:00,2219.4438887777555,55.071406759039164,30.43980655880728,132.98996937901057,6.950186338271939,949.0001142925413,3236.9543896853384,10.465209331362715
2023-01-03 02:49:00,2219.843968793759,58.65663545493837,27.073575400298765,136.19340898027892,6.290939392744395,936.9482438035948,3165.3577723176168,10.392991320978581
2023-01-03 02:50:00,2220.244048809762,57.62034488861938,27.64517026537985,134.94844880124575,6.480622301833353,936.676826030699,3156.5971368426563,10.413854908699925
2023-01-03 02:51:00,2220.644128825765,56.74495186471437,28.850726356476972,134.5861342917608,6.716773135669268,941.604523454715,3159.5937220622823,10.44343319293757
2023-01-03 02:52:00,2221.0442088417685,58.84687808835171,27.811152764949057,135.87935230004513,6.564844178155428,936.414568975392,3135.473417333945,10.398505371094542
2023-01-03 02:53:00,2221.4442888577714,57.59286136707739,28.91671729210982,134.77176144219564,6.611997698232555,943.0557835848515,3159.3728983477226,10.405179483043563
2023-01-03 02:54:00,2221.844368873775,58.23132421415795,27.589270385352105,135.3350726043802,6.4506752905040665,943.7100729120361,3152.2213794611075,10.405261039331103
2023-01-03 02:55:00,2222.244448889778,55.02176002476266,30.258095941522907,133.5580275896071,7.063099071859863,948.6780386558767,3220.249583076843,10.451905723274026
2023-01-03 02:56:00,2222.644528905781,57.82536183185199,27.862741875652627,135.18824066666897,6.269994464894087,941.1889945472105,3160.148881591548,10.41688967194323
2023-01-03 02:57:00,2223.0446089217844,56.41519422283856,27.668918746639058,135.17735674430736,6.241191114884774,941.6817960261847,3155.8668565348426,10.416873772279596
2023-01-03 02:58:00,2223.4446889377878,58.42630915069941,27.478644133503707,136.76091256243902,6.304864397055286,937.1846355227253,3139.522986611265,10.389640817613792
2023-01-03 02:59:00,2223.8447689537907,56.58589456254308,29.066059575334382,133.6063345238269,6.494748526920213,946.0858155825089,3157.941073990918,10.432858770935962
2023-01-03 03:00:00,2224.244848969794,57.95296982738259,27.738561665482074,134.09146702543785,6.421627003772682,942.4498560747397,3141.916915572663,10.402576471708858
2023-01-03 03:01:00,2224.6449289857974,58.301276917068336,27.743140398697516,136.2815687056687,6.442419041363257,939.1609855067712,3130.261479224658,10.409498580977145
2023-01-03 03:02:00,2225.0450090018003,57.8687157007863,27.957555385746556,133.9852755333887,6.435416895613813,941.8485295545242,3155.278312359152,10.402397511702867
2023-01-03 03:03:00,2225.4450890178036,57.54282981867113,28.14316210304901,136.01142498508344,6.386819004463039,937.8203616362283,3151.8731913692086,10.388561080007609
2023-01-03 03:04:00,2225.845169033807,57.17589896497389,28.296021771232933,134.69348659519014,6.697966377625121,944.8539739110114,3144.110153308117,10.415713851454209
2023-01-03 03:05:00,2226.24524904981,55.37965301761627,29.296086108227836,133.0329789361177,6.8141100809977715,949.7895390106167,3185.8383374009018,10.441731989759333
2023-01-03 03:06:00,2226.6453290658133,57.18940599361112,28.944022903314927,134.5154433036514,6.445180151394401,944.474331125751,3173.9915697090223,10.400367139341679
2023-01-03 03:07:00,2227.0454090818166,59.35481826295594,26.877359297915643,135.7802441904529,6.329088471596672,932.3361340780781,3113.2901212993,10.357950237838676
2023-01-03 03:08:00,2227.4454890978195,58.82697921960488,26.645981799532866,135.691362070171,6.288606876681385,930.3570022608816,3141.5500558393383,10.36072857069065
2023-01-03 03:09:00,2227.845569113823,57.90754127000513,28.093983121312938,135.1529485171144,6.611332506487846,941.9540475208883,3173.489590989425,10.406194977280496
2023-01-03 03:10:00,2228.2456491298262,59.981479947735636,26.823605191698597,135.78087008534254,6.103205964942583,936.6291225138617,3109.5518004339033,10.34828202255906
2023-01-03 03:11:00,2228.645729145829,57.51957467865183,28.225733529345195,134.06253136914174,6.629021176956956,945.4494191526677,3160.2249907929413,10.412436455118959
2023-01-03 03:12:00,2229.0458091618325,57.8630707389876,28.188949646992253,135.34311651881225,6.505942549531956,938.9338297046608,3159.075804159754,10.398661240976839
2023-01-03 03:13:00,2229.445889177836,57.13307840860597,28.450479727482875,134.39039026155965,6.616636494744626,942.5702789380776,3157.795906083777,10.3934373596279
2023-01-03 03:14:00,2229.8459691938388,59.410461776423205,26.461227742226562,135.6042462491229,6.251889020282628,933.6556020459919,3108.9797581823623,10.378132274074492
2023-01-03 03:15:00,2230.2460492098417,58.19957652730292,27.730242805814626,134.0842514153703,6.3553999499995655,944.092011344839,3161.476344395835,10.39814973561653
2023-01-03 03:16:00,2230.6461292258455,57.86138952445512,28.01182537972401,134.60078624104153,6.456816753352007,942.8993397400544,3149.5299785211505,10.411304931256124
2023-01-03 03:17:00,2231.0462092418484,56.61656734907215,29.348415399135497,133.3196187119443,6.791397403788589,946.9284347674696,3184.0643408057445,10.436233530505035
2023-01-03 03:18:00,2231.4462892578513,58.92022469575013,26.961345947358,135.4839798142923,6.0810144388815335,933.5706494219498,3113.7118553154833,10.382377189429057
2023-01-03 03:19:00,2231.846369273855,58.238230336748316,27.732296057920532,136.29808885965204,6.22010533538239,934.5843123524722,3124.511270366402,10.396238274206468
2023-01-03 03:20:00,2232.246449289858,57.77449423104131,27.964679110942548,135.74820262927048,6.455342712232539,942.9846086317041,3151.9216171784497,10.399292532741576
2023-01-03 03:21:00,2232.646529305861,59.37759111721088,26.766906281087238,136.2767821693909,6.320720790462101,932.3198331882145,3138.9958874029844,10.365727138899272
2023-01-03 03:22:00,2233.0466093218647,58.60974069166733,27.898855224895915,135.01434132436347,6.39476039952844,940.1277711789289,3129.2511075665693,10.396039757051863
2023-01-03 03:23:00,2233.4466893378676,58.08544023153178,28.972399767443772,134.26256639108678,6.386115807736401,943.3989658742264,3155.8002453539298,10.401002068014586
2023-01-03 03:24:00,2233.8467693538705,59.27603149177562,27.439217630037884,135.66394018936333,6.337948932386876,937.0691587541463,3123.155122050108,10.373340097673285
2023-01-03 03:25:00,2234.2468493698743,57.75891721464011,28.060740401907633,134.9777864563404,6.493784607329048,938.5867104108537,3141.588913424651,10.399162288595663
2023-01-03 03:26:00,2234.6469293858772,57.318238181272996,28.156878692103493,134.09884668088418,6.503025724000002,941.3247140913826,3176.90317851559,10.411985210549268
2023-01-03 03:27:00,2235.04700940188,59.46535096873914,26.701191820586047,136.7321283602806,6.216965917059194,934.7999133054893,3119.6129060708836,10.378534926158634
2023-01-03 03:28:00,2235.4470894178835,58.011487112893136,27.47645542484881,134.75771827945383,6.46002011276063,937.2627570070924,3154.876528765844,10.391679633523056
2023-01-03 03:29:00,2235.847169433887,60.29801790981379,26.64423044540348,136.42051440689323,6.180895203869932,930.605303879911,3107.7112138622556,10.355523632356832
2023-01-03 03:30:00,2236.2472494498898,60.8359975823635,26.208266306815815,136.17283975195716,6.167309140247923,928.2912385887531,3118.6648407539114,10.357826805440027
2023-01-03 03:31:00,2236.647329465893,58.31662978411763,28.169909746484368,134.06573710220707,6.475295894653843,941.4595583806973,3151.6541673674296,10.41576012957711
2023-01-03 03:32:00,2237.0474094818965,57.3240917233466,29.018820189114678,133.2005879472569,6.503637234502074,943.8515221289574,3153.5499448122264,10.429744410576841
2023-01-03 03:33:00,2237.4474894978994,58.41211640754214,28.025628371224517,135.14101780167576,6.249474146665776,937.1317853300523,3144.1989797063848,10.382227948363331
2023-01-03 03:34:00,2237.8475695139027,58.59536456359487,28.37237947563001,134.9280842254221,6.576586525422126,942.0290217393617,3163.76217549567,10.39385883105301
2023-01-03 03:35:00,2238.247649529906,59.0334642168453,27.773490438679815,135.10386717877307,6.255277637313125,934.6123965065148,3121.684136939036,10.381661545394328
2023-01-03 03:36:00,2238.647729545909,58.45566609761322,27.746441324691418,135.1601360224665,6.49139590833611,939.0634283980844,3151.8741600529825,10.388683837815577
2023-01-03 03:37:00,2239.0478095619123,59.07926178046781,27.64320559008861,135.46792132443366,6.463346479750033,933.156803963261,3136.988299572193,10.387936926018066
2023-01-03 03:38:00,2239.4478895779157,57.52586606496529,28.44975778096497,135.01961588600204,6.530234704767056,937.1535161015527,3172.394009476538,10.4074134777468
2023-01-03 03:39:00,2239.8479695939186,59.73653585316199,27.280853444088667,135.21315488349512,6.4382940589166875,932.6475563220256,3132.0985799817886,10.365739032619182
2023-01-03 03:40:00,2240.248049609922,57.449875123531015,28.419344290987915,134.90989353612596,6.700827002350611,936.2095717262829,3170.4437118167516,10.412363532980551
2023-01-03 03:41:00,2240.6481296259253,58.10262663057081,27.93433423018921,134.4982344371438,6.645005885015725,944.6329181542462,3168.0092360283174,10.39582636721806
2023-01-03 03:42:00,2241.048209641928,60.215428978154456,27.14761658793239,135.91455742302404,6.46856836102064,938.7517497582843,3119.2930305362574,10.361708762716576
2023-01-03 03:43:00,2241.4482896579316,59.15268339662796,27.606550285743197,133.92083780146527,6.596626863000469,938.4035070558407,3152.8593516227666,10.381230036188578
2023-01-03 03:44:00,2241.848369673935,59.24834046123373,27.910536936640007,135.09420433468256,6.4781259717158415,939.3780715391026,3134.2530372580013,10.381305046567745
2023-01-03 03:45:00,2242.248449689938,58.19801484271761,27.947570955584034,135.11297500936251,6.227202002537953,932.4437909650431,3140.1007898764537,10.39195644600535
2023-01-03 03:46:00,2242.648529705941,58.85122114243938,28.41807629617596,135.40541358890295,6.380085423594123,937.2816830931826,3156.4251857701024,10.386441730151253
2023-01-03 03:47:00,2243.0486097219446,60.23225746293458,26.83205183798035,136.0472884333023,6.326726257918529,938.1676967492309,3143.404888383986,10.357721785042274
2023-01-03 03:48:00,2243.4486897379475,58.432943934328925,28.421724678061402,134.17681582118175,6.518926290667339,942.9475144511761,3153.9927118510077,10.390041609246484
2023-01-03 03:49:00,2243.848769753951,60.15416761032143,27.20370819928872,136.81435864630726,6.105709452530124,932.0388561549463,3110.9646499381683,10.364204439811777
2023-01-03 03:50:00,2244.248849769954,60.923823121009775,26.572944316681752,135.86559346823393,6.242239129708741,928.9993730643265,3132.54129413244,10.368495226315643
2023-01-03 03:51:00,2244.648929785957,59.97613393221578,26.84788042963792,136.43764370999878,6.45923627329222,935.1746347722045,3118.017636769022,10.3612861914145
2023-01-03 03:52:00,2245.0490098019604,60.431518694502564,26.40697559694252,136.04585089674342,6.192136741476164,938.479296455897,3100.0983399280776,10.353997254351905
2023-01-03 03:53:00,2245.449089817964,60.793491002114955,26.266672705474264,136.89584432530816,6.128782759802446,930.70420477248,3119.030881614191,10.338683559941028
2023-01-03 03:54:00,2245.8491698339667,60.15490347523134,27.05989139726293,136.32748411503636,6.354139551973045,936.1909462404328,3108.8931928755856,10.353041567523443
2023-01-03 03:55:00,2246.24924984997,59.10728611930974,27.752661829826682,135.88294431017937,6.415130660884446,931.8183458044335,3122.5676367458263,10.401693836833276
2023-01-03 03:56:00,2246.6493298659734,59.72291968220807,27.126357158337825,136.39385562051243,6.329086316054392,933.9339553834336,3097.115011161998,10.363793701885566
2023-01-03 03:57:00,2247.0494098819763,60.05329360051433,27.003364486332075,136.26097403259038,6.020728703863722,930.158841582789,3101.621222110774,10.358088275430454
2023-01-03 03:58:00,2247.4494898979797,60.459563312274334,26.104802112593045,136.51667063075018,6.1305162060847795,938.788246624725,3096.4234618803193,10.365614071708187
2023-01-03 03:59:00,2247.849569913983,62.63760258914158,25.751682472585646,137.00185313186566,5.976044803981878,923.5631181184664,3079.5155962288286,10.353633928643184
2023-01-03 04:00:00,2248.249649929986,58.60576421062412,27.762207896804934,135.62839441558893,6.2833069021434165,940.1489852744193,3149.3763386808623,10.404810375155852
2023-01-03 04:01:00,2248.6497299459893,58.037015067576164,28.276674083842167,135.25697287509408,6.427570518393832,945.6718871319856,3156.018418371485,10.395852529147037
2023-01-03 04:02:00,2249.0498099619927,60.14903907949611,26.54756111484689,135.58882062592903,6.232871499312901,930.7997160870976,3111.3503890741913,10.371227819299031
2023-01-03 04:03:00,2249.4498899779956,60.44878119665643,27.31032561037118,135.2758964293969,6.335876298790704,937.6275281558197,3134.35638940298,10.377508685787422
2023-01-03 04:04:00,2249.849969993999,61.34808997746924,26.23881658627261,137.26952038201483,6.1638041889191495,937.1737041060115,3105.3647807145876,10.352319136408097
2023-01-03 04:05:00,2250.2500500100023,60.44676414173953,26.261443373655013,137.29014306739137,6.236818548032996,933.4105287292316,3103.4666238985633,10.352315608156552
2023-01-03 04:06:00,2250.650130026005,59.39063528242195,27.074897946203826,135.12908550706857,6.480639276096452,938.9460740519613,3133.4679878490097,10.377371472941828
2023-01-03 04:07:00,2251.050210042008,61.481246580419146,25.63779085127459,136.59459104251383,6.124249404873975,930.6286576334679,3097.7353426011896,10.34153673239545
2023-01-03 04:08:00,2251.450290058012,63.0623210325463,24.743341163871047,137.9030051484397,5.587693496166746,919.2021284352268,3053.397725269723,10.30673834436773
2023-01-03 04:09:00,2251.850370074015,62.03948543488987,25.247503520644248,136.49783574608918,6.0535711270477774,931.0646471861699,3075.241713699919,10.335649081779218
2023-01-03 04:10:00,2252.2504500900177,60.142815078209345,27.232763005683978,136.43954060855168,6.196519797439989,940.9190572655538,3116.1395058629155,10.36201103837248
2023-01-03 04:11:00,2252.6505301060215,58.925087471062035,27.493280416970144,136.14676908319967,6.3056986168005045,934.6586932376673,3147.2609988067184,10.384340583826718
2023-01-03 04:12:00,2253.0506101220244,62.83544805003605,24.713578400567638,138.34909653638798,5.832235882635613,919.8358382278877,3044.5574534550824,10.29389042930353
2023-01-03 04:13:00,2253.4506901380273,61.4563065071768,26.340751123960153,137.69982627876453,6.085290409344693,926.4338261189574,3101.3233999915965,10.335728106820385
2023-01-03 04:14:00,2253.850770154031,61.30905954869552,26.025146603494896,137.18356933463048,6.208373422277547,926.9010944342622,3107.6634891310805,10.339214863331854
2023-01-03 04:15:00,2254.250850170034,62.51234834641492,25.01403990632234,137.5843065341175,5.831292534828843,923.9962122563704,3071.4932051375413,10.293839191269226
2023-01-03 04:16:00,2254.650930186037,60.0319561542959,26.638370831700573,137.53992306479773,6.35466224426949,937.5177141553264,3110.24333549379,10.37519642034876
2023-01-03 04:17:00,2255.0510102020407,61.11677387822114,26.104158461111037,136.4784151764684,6.128661406970339,925.5216360074842,3128.9279802530045,10.363401403368728
2023-01-03 04:18:00,2255.4510902180436,60.38417337584873,27.223355334580212,135.756279605267,6.248609254268021,934.4084781191315,3139.1386003875814,10.377991815247496
2023-01-03 04:19:00,2255.8511702340465,60.829668936325874,27.314678698289498,137.11736691065414,6.303979647877615,933.6611655379195,3109.1273168275593,10.369140245409925
2023-01-03 04:20:00,2256.2512502500504,59.652124272249154,27.228046020354498,135.5087194911601,6.565047458736203,943.9552549821556,3117.0757755625796,10.373405367523606
2023-01-03 04:21:00,2256.6513302660533,60.46652715287467,26.537904358151298,136.43915785544604,6.169626281060013,934.8807937118813,3116.047874703779,10.33393685530644
2023-01-03 04:22:00,2257.051410282056,58.82135935136479,27.54651856385916,135.27893465797226,6.401113708741852,940.4076493272014,3145.6833267363977,10.414730607306069
2023-01-03 04:23:00,2257.4514902980595,60.252561165491905,26.51863909370787,136.77390824653082,6.236045579851587,934.0915046707577,3118.877120200433,10.35323182986561
2023-01-03 04:24:00,2257.851570314063,62.75024809886541,25.25048369505368,137.8349446738594,5.865691475062103,924.7590012183194,3079.976431176967,10.317757100447093
2023-01-03 04:25:00,2258.251650330066,60.113853333372035,27.470739202065353,135.57950413093363,6.385926082576652,931.7622268085543,3125.500364747207,10.37052155388002
2023-01-03 04:26:00,2258.651730346069,62.97887064794511,24.816158840370033,137.35986431623212,5.90634344866721,921.4245058460275,3077.1382024290033,10.299808182239417
2023-01-03 04:27:00,2259.0518103620725,61.995550281473456,26.31995793268885,136.86557945805717,6.221886802274005,922.3813579621388,3111.1156205104735,10.326311799611712
2023-01-03 04:28:00,2259.4518903780754,63.275626206647125,24.404117184785054,138.57780133802413,5.904559463908963,923.1267350006619,3059.230238842792,10.306631670357646
2023-01-03 04:29:00,2259.8519703940788,61.95890040473093,26.774941188302595,136.9360619041207,6.166594342514083,925.8250747965077,3081.199731129659,10.350443912108034
2023-01-03 04:30:00,2260.252050410082,60.678327013398736,26.532154183062406,137.62185457219414,6.368835134300861,929.8663891852117,3106.0351493929043,10.347952195681913
2023-01-03 04:31:00,2260.652130426085,61.694625019997574,26.56121617626929,136.78272130517348,6.128718544738361,925.0141435947096,3092.400141945565,10.351452023794025
2023-01-03 04:32:00,2261.0522104420884,62.15244920586361,26.551937115390288,136.14425221985843,6.133076519092262,928.7669283038454,3088.169664498041,10.325737858494383
2023-01-03 04:33:00,2261.4522904580917,62.94593770885343,24.921015134959,137.67892706712448,5.787501181307869,923.6903238410472,3079.8981493460415,10.29203996593323
2023-01-03 04:34:00,2261.8523704740946,60.83698152777393,26.474564133220774,135.99512321876765,6.10469351517015,933.1582608280067,3123.221011487972,10.369077183893161
2023-01-03 04:35:00,2262.252450490098,62.100054500307074,26.118609340395114,137.4690063437002,6.151338981335032,932.8227866456494,3107.2884891733497,10.340693147036424
2023-01-03 04:36:00,2262.6525305061014,62.89240016659829,24.749530396186103,137.97897536694202,6.012680849634145,921.0128843946893,3073.329665901744,10.316438147055866
2023-01-03 04:37:00,2263.0526105221043,60.84529986508054,27.216475695751498,136.42607461554536,6.397417866713448,935.3780433251413,3113.4514167891307,10.366684140756313
2023-01-03 04:38:00,2263.4526905381076,61.966034170995506,26.81999787431295,137.18535584362547,6.075127848703939,938.5807605232156,3117.1091041469454,10.324344837071987
2023-01-03 04:39:00,2263.852770554111,64.05240671777909,24.914176380153272,139.0695876568731,5.709052029766663,924.1038273845503,3070.845179470322,10.319209960626752
2023-01-03 04:40:00,2264.252850570114,63.50281122429693,24.75808657724635,137.66385630308437,5.745624089872772,921.2078650999682,3071.0032733062776,10.303479020397095
2023-01-03 04:41:00,2264.6529305861172,61.1283003905446,26.192555500570926,137.2427011122489,5.928701012791121,926.9966597983979,3095.679495433293,10.346380704219209
2023-01-03 04:42:00,2265.0530106021206,62.30866071184649,25.341794358159472,137.0253680394717,5.922334453284305,927.639237289974,3102.5419965233345,10.353635062494263
2023-01-03 04:43:00,2265.4530906181235,61.066177450016106,26.7309528706679,136.7719663330661,6.11182715917841,934.0424742986223,3104.36512104652,10.338153515931293
2023-01-03 04:44:00,2265.853170634127,61.693236134329986,25.961748208256406,136.50335620797384,6.174846168262774,930.9647802474842,3108.8830177624054,10.35846816939754
2023-01-03 04:45:00,2266.25325065013,62.380495736101764,25.285215233741653,136.82909510417304,5.928449834112224,926.3188382274526,3088.3548940654237,10.320997429790815
2023-01-03 04:46:00,2266.653330666133,61.446582405117674,26.652795279257113,136.32127636184848,5.991514633619714,928.7595845728459,3087.8895736670097,10.342651392367852
2023-01-03 04:47:00,2267.0534106821365,62.02636850294749,25.39613623592864,136.78602138986153,6.182057137965283,930.6248378884246,3091.290845647654,10.329849427702204
2023-01-03 04:48:00,2267.45349069814,63.09096815439015,25.319293685273315,138.23269847291172,5.91115486405474,920.0564779167719,3075.2683437741607,10.326774347639196
2023-01-03 04:49:00,2267.8535707141427,63.70850693982895,25.029670296516354,138.7670422944596,5.915756910401598,924.2313948813609,3076.983991229088,10.325987302556806
2023-01-03 04:50:00,2268.253650730146,63.38484734867385,25.677272707737025,137.4663836437892,5.888151680929675,922.546563578452,3084.374238473009,10.341419760537104
2023-01-03 04:51:00,2268.6537307461494,64.3597591220608,23.99307067155544,139.4491686444724,5.657599867743106,918.3704047134867,3049.6863792237828,10.263428610642588
2023-01-03 04:52:00,2269.0538107621524,61.2816134531174,26.810857921007027,135.73873935170332,6.318410783554034,925.9461361247477,3104.5004939093033,10.352630931228537
2023-01-03 04:53:00,2269.4538907781557,61.55499802426935,26.49006266855953,137.0065395589905,6.050927819201845,933.0106241231946,3101.3197578723502,10.336041531250379
2023-01-03 04:54:00,2269.853970794159,60.99961837475597,26.986844970117726,136.0055533267736,6.27124398170185,930.8018267392731,3116.214140730526,10.354570549117447
2023-01-03 04:55:00,2270.254050810162,63.7346323600832,24.956329765902144,138.33429788436416,5.82934696488717,919.0651310080505,3064.888900801791,10.303252231245295
2023-01-03 04:56:00,2270.6541308261653,62.21072734013837,26.127001810660886,137.67548867470347,5.943627681361691,924.1477218637214,3088.759336470464,10.310784829628513
2023-01-03 04:57:00,2271.0542108421687,62.05742449136627,25.199148487447154,137.6396909018015,5.948735055364007,925.6452459241201,3084.165861887653,10.33398995870313
2023-01-03 04:58:00,2271.4542908581716,62.88988176516635,26.083355875634076,137.3973002246669,6.049084058517368,923.1375358475445,3089.4258637027788,10.299295066639312
2023-01-03 04:59:00,2271.854370874175,62.313505741941924,25.6009924659278,137.48356986622036,6.187642477872178,928.6777219345911,3089.8486897202824,10.340766332233116
2023-01-03 05:00:00,2272.2544508901783,63.68579841281565,25.129194770643167,139.21195283262122,5.92181949717861,924.1763332184452,3047.923995294322,10.290397716252278
2023-01-03 05:01:00,2272.654530906181,61.19968298020033,26.307978640494763,136.85515525660261,6.208947262405471,932.9522354702958,3106.1749715241594,10.346151279008545
2023-01-03 05:02:00,2273.054610922184,64.86749092381322,24.47843617825062,138.5336315092166,5.630636670432649,910.3650763560157,3050.772160312778,10.291353066738703
2023-01-03 05:03:00,2273.454690938188,63.70691085168451,24.90364118097375,137.3274706210989,5.792798397799825,924.0968974175305,3080.1034563597887,10.304555078657406
2023-01-03 05:04:00,2273.854770954191,62.66306091728464,25.623149127536156,137.95573805403424,5.975311756542641,926.4642511572516,3085.7465864114342,10.334141703299927
2023-01-03 05:05:00,2274.2548509701937,62.132435630489155,25.660958071330306,136.87318288170638,5.957389866869077,921.7490848085465,3095.807626604202,10.331207049564817
2023-01-03 05:06:00,2274.6549309861975,62.25416271063858,25.21297775704928,137.09424086976966,5.907282419587881,930.3169905508798,3088.8339892605895,10.34692724035658
2023-01-03 05:07:00,2275.0550110022004,61.67045609510381,25.99168003912941,137.52778829297444,6.136287603388195,931.9031158087932,3089.805253855349,10.334134729231415
2023-01-03 05:08:00,2275.4550910182033,63.275484092393484,25.60206500614389,137.7174071428022,5.885995110419926,918.471902159141,3075.3383190449586,10.308092318205924
2023-01-03 05:09:00,2275.855171034207,61.87288700978329,26.01650288952862,137.3820594317011,6.093141703023604,925.0967014601749,3121.414187460703,10.33873371248374
2023-01-03 05:10:00,2276.25525105021,62.390375641829046,25.604305593534285,137.37308582713956,5.916986530331697,926.9405506906083,3093.591194112007,10.323727839897803
2023-01-03 05:11:00,2276.655331066213,63.08263572996909,24.71033080058588,137.46801165157024,5.970189436494708,925.3212959636182,3083.429246494895,10.320627106145828
2023-01-03 05:12:00,2277.055411082217,62.00989540278547,25.650069569874624,137.08654953656873,6.140557597932671,927.7532933061353,3094.198346162764,10.331245558067092
2023-01-03 05:13:00,2277.4554910982197,63.83679889155378,24.58328287242855,138.6365937732351,5.8421140689939355,923.3218793745311,3057.425880848738,10.275868575085738
2023-01-03 05:14:00,2277.8555711142226,62.56961923058662,25.526199150554795,136.91771753438957,6.080580493876695,923.3771864324866,3098.8788322331607,10.339031954756136
2023-01-03 05:15:00,2278.2556511302264,62.849490448229325,25.310003175635874,137.51065726033434,5.860691818146068,920.5529485807062,3094.806788552402,10.318082584147875
2023-01-03 05:16:00,2278.6557311462293,63.92161619605102,24.674486946031113,139.03300027530378,5.992336811321338,923.8415652246078,3068.27046184285,10.300480796551328
2023-01-03 05:17:00,2279.055811162232,64.4961983924272,24.842944991198472,138.9838508635389,5.74376153335803,925.0852697664765,3051.0201692651776,10.309594400446104
2023-01-03 05:18:00,2279.4558911782356,63.17872316894649,25.515207618946775,137.13839556043914,6.068141617635728,922.7695621401976,3082.748023661183,10.324728379909274
2023-01-03 05:19:00,2279.855971194239,62.770000640339454,24.479517392920897,138.88495312681945,5.677697596524649,917.5569989659843,3073.7609430273765,10.30852410571247
2023-01-03 05:20:00,2280.256051210242,64.5354706490552,23.747601230347207,139.0215162824166,5.847635490989084,918.9946984505414,3045.820991111259,10.294535322599343
2023-01-03 05:21:00,2280.656131226245,62.37943451552081,26.044557349360982,137.72636907447125,5.857455893451411,929.8338883742828,3081.6865161213786,10.333573195214907
2023-01-03 05:22:00,2281.0562112422485,63.81978521014436,24.607104188752825,138.65075879987663,5.9467160727880035,920.7242765419306,3057.5130958640448,10.295364051682151
2023-01-03 05:23:00,2281.4562912582514,62.05528411651385,26.193425761740677,136.5446897798588,6.069747555700985,933.4391079837839,3100.4014169722996,10.346911706273575
2023-01-03 05:24:00,2281.856371274255,63.15772556847406,25.876612762286808,138.33176630988189,5.92441860944514,926.648305611335,3082.705901200579,10.3170504665299
2023-01-03 05:25:00,2282.256451290258,64.46437742664901,24.360479249643745,138.86677015484554,5.609619992749181,919.5988689337731,3074.0082040291663,10.280536739480304
2023-01-03 05:26:00,2282.656531306261,62.11871830134071,25.949701503042704,137.58591089073929,5.940742107038236,927.4563999398985,3106.489747204483,10.335816798245464
2023-01-03 05:27:00,2283.0566113222644,63.47349280262076,25.854371022620896,137.27232341231868,6.062573349066739,923.196018248111,3101.4254715083084,10.333587020531013
2023-01-03 05:28:00,2283.456691338268,65.84578117365751,24.148188486604674,139.12883359544128,5.594950999168649,916.7617826076042,3021.563867661696,10.272589472756604
2023-01-03 05:29:00,2283.8567713542707,63.91892295117658,24.720585644271615,138.18716621903067,5.627231734047826,918.1773402112237,3074.96070546699,10.293010335799076
2023-01-03 05:30:00,2284.256851370274,63.259147403728775,25.107476666919215,137.9722490825246,5.899313752055006,918.3344959085375,3071.158395366701,10.32579233593039
2023-01-03 05:31:00,2284.6569313862774,63.015969085694785,24.8928959238901,137.79555260085843,5.9761941656530615,928.4929623618876,3085.0157787324174,10.321629612634826
2023-01-03 05:32:00,2285.0570114022803,65.42125952136865,23.767347104949298,139.50828852878243,5.57163714232207,911.7165130503639,3058.135868752558,10.273420823393305
2023-01-03 05:33:00,2285.4570914182837,63.708175063630485,25.28742183361202,137.88641809250242,5.885218149180131,922.2970743465863,3074.7282672450865,10.330442755805887
2023-01-03 05:34:00,2285.857171434287,63.14967174283035,24.70911728786227,137.80543824450857,5.836915860638258,926.2603927864816,3060.0119968731974,10.329411572456348
2023-01-03 05:35:00,2286.25725145029,62.36989768338356,26.39561342527934,136.99606543433413,6.102964083897369,929.0114011643911,3092.7574030776764,10.375700188018556
2023-01-03 05:36:00,2286.6573314662933,64.26731545626167,25.03007755163056,138.34819144189856,5.526003027501028,923.7448733550192,3070.7148758427265,10.321359260404513
2023-01-03 05:37:00,2287.0574114822966,62.85178763583848,25.558077323643424,138.27161247767106,6.171448839124103,926.4984789288353,3072.044166687483,10.324278314922962
2023-01-03 05:38:00,2287.4574914982995,64.75217643659506,23.950079668027396,139.06580285293592,5.784403753848512,912.4819075141572,3041.895335873271,10.284912388478066
2023-01-03 05:39:00,2287.857571514303,65.33054820524598,23.773658641604776,138.00940692690324,5.653204178439471,912.0734231011793,3052.508396775973,10.288611492502408
2023-01-03 05:40:00,2288.2576515303062,63.550965299406315,24.84034504138646,138.5138895967937,5.716152640314272,920.3815019866294,3078.0127710537304,10.304613927008416
2023-01-03 05:41:00,2288.657731546309,64.48868632510386,24.577467443011084,138.398326494663,5.654459146972448,920.2359204363827,3048.237798568542,10.285525485448744
2023-01-03 05:42:00,2289.0578115623125,65.81116482567188,23.36087844295396,139.46489000921517,5.472386054371717,916.3984031997581,3048.6596111544936,10.275432640988923
2023-01-03 05:43:00,2289.457891578316,65.51423675642813,23.885469925717842,139.51792262340715,5.618391971284925,911.2632685327211,3044.0098568933017,10.269856898368314
2023-01-03 05:44:00,2289.8579715943188,63.340357494262314,24.583265543890743,138.7325018244693,5.902204431669822,928.4157482997373,3076.137332998332,10.315800924931139
2023-01-03 05:45:00,2290.258051610322,65.02876022708008,24.384316462291622,138.63483412698343,5.5824530742651035,924.8908998632821,3045.1299353618474,10.277970962129737
2023-01-03 05:46:00,2290.6581316263255,63.90677648854419,24.783151916088766,138.25909975503097,5.753525219925134,923.6141727134045,3066.960567204073,10.308978749745993
2023-01-03 05:47:00,2291.0582116423284,64.99936527716245,24.36480769459681,137.32044342566763,5.87277804002333,922.4879097369832,3065.321226222526,10.289818700949837
2023-01-03 05:48:00,2291.4582916583317,65.16329340863052,23.721141813574135,139.3560215346041,5.792338745153335,909.2171354738018,3041.4726252242713,10.27317871125061
2023-01-03 05:49:00,2291.858371674335,63.974062627802844,25.26269234816476,138.07044936561036,5.813818244379071,923.1274040060632,3055.4142470861834,10.277639664761272
2023-01-03 05:50:00,2292.258451690338,62.7489040966508,26.032742266884593,137.28631103073238,5.994791374201402,930.0111606131704,3104.7085768489733,10.326537753598583
2023-01-03 05:51:00,2292.6585317063414,64.37585949783296,25.10412146400799,137.87840882178847,5.850110514397795,921.334845306231,3036.3039410139218,10.295968175720049
2023-01-03 05:52:00,2293.0586117223447,67.15529885834842,22.458546785651688,140.35537820668966,5.3441109798047846,908.9162361225126,3007.4664064573053,10.242719949294177
2023-01-03 05:53:00,2293.4586917383476,64.88130465179664,24.482023944359252,138.77685060482483,5.805557291206533,920.1298309633376,3070.6393646178753,10.286896079986981
2023-01-03 05:54:00,2293.858771754351,63.45689422524127,24.374822435534064,139.06060755630764,5.739790498864157,920.3919281584368,3073.916131280094,10.304710258428088
2023-01-03 05:55:00,2294.2588517703543,64.9646405337782,24.637088920286377,137.29246519461495,5.816701258283639,923.5634309822761,3061.814906835789,10.290738004728185
2023-01-03 05:56:00,2294.6589317863572,66.28403256223059,23.586754606770512,139.97587753971786,5.577367312072643,917.6330606684405,3023.6569986632003,10.261895970109633
2023-01-03 05:57:00,2295.05901180236,63.96233073928317,25.763736719781335,136.83794112665063,5.909668770890323,924.4804680975238,3074.1551662855786,10.325122443137841
2023-01-03 05:58:00,2295.459091818364,64.85530828472531,24.891009836242745,137.77395555076208,5.637968403468142,921.4306831914274,3054.605987560717,10.291199387966797
2023-01-03 05:59:00,2295.859171834367,66.38296909400944,23.535668670011248,138.9325985972604,5.487839454955048,914.1055864095732,3015.569518996614,10.28792468540154
2023-01-03 06:00:00,2296.2592518503698,64.8771866180688,23.509207054839653,139.80989130799344,5.621924183584425,916.5452200582359,3050.1667100819627,10.276127864421413
2023-01-03 06:01:00,2296.6593318663736,64.60279134356917,24.904248835577082,137.9505076127774,5.847975118364116,919.3834377809391,3064.4391123097985,10.309449483554078
2023-01-03 06:02:00,2297.0594118823765,64.53651770862388,24.361870675797984,138.30443270768814,5.863004745290822,923.0008227245552,3081.352052647147,10.289180061665055
2023-01-03 06:03:00,2297.4594918983794,66.33830280623978,23.921705067471738,138.82965193230845,5.703433074979263,916.9498161804761,3023.780490858447,10.281066062542545
2023-01-03 06:04:00,2297.859571914383,66.2702255827997,23.720532695581767,139.78459601124456,5.480333017993455,914.2332148083042,3022.7072683994566,10.258218426942666
2023-01-03 06:05:00,2298.259651930386,66.2186988272891,24.18296627626438,139.4862569710386,5.704948974885105,917.8080156448297,3051.8711000428516,10.279692975251917
2023-01-03 06:06:00,2298.659731946389,65.92142792730611,23.537384990434923,140.227152483226,5.505937291062228,911.9551892031911,3045.6373993545635,10.270362309901728
2023-01-03 06:07:00,2299.059811962393,66.23582730283437,24.781723904751445,138.96593261453629,5.638834187113349,917.8808155230032,3038.8271751730663,10.285252894418509
2023-01-03 06:08:00,2299.4598919783957,66.01556912199474,23.428989609188005,139.83740015807243,5.554802771624857,912.6768234464494,3026.61979223542,10.248464066535929
2023-01-03 06:09:00,2299.8599719943986,65.39350550013287,23.986123994759197,138.81765399092419,5.571088841314707,912.9045298863651,3033.880320614772,10.27673955117214
2023-01-03 06:10:00,2300.2600520104024,65.2844689217683,24.535380654887057,139.1809192370802,5.6804624941878865,917.7590006935338,3040.182406749067,10.283346420449279
2023-01-03 06:11:00,2300.6601320264053,65.37754078450091,23.78943461970652,139.07358689377648,5.309985635323379,922.0924878738759,3038.02606715825,10.279187148796275
2023-01-03 06:12:00,2301.0602120424082,65.98643177432952,24.61303437522643,139.33479497649515,5.921501667483231,922.23748684277,3049.3136870224735,10.294054465523082
2023-01-03 06:13:00,2301.4602920584116,65.37545782445572,24.03379695978193,138.21116206770688,5.606157677761656,917.9744881093188,3049.0223881188335,10.290362374913501
2023-01-03 06:14:00,2301.860372074415,64.62761091472689,25.34085819219097,137.5345912257186,5.905101397843175,921.3931006547971,3049.676841046795,10.311179438297499
2023-01-03 06:15:00,2302.260452090418,65.38908691523446,24.170891193187558,138.87238575834246,5.622702735032331,915.61266975279,3055.8714252965433,10.285440711206437
2023-01-03 06:16:00,2302.660532106421,65.093512670116,24.24765327551718,138.88684197755867,5.651636579828158,916.1104247541522,3060.3077247201472,10.275766954128716
2023-01-03 06:17:00,2303.0606121224246,64.78659240134883,24.943179415570903,137.8439678354678,5.791286152566402,912.4091288470349,3062.3270476844805,10.285889581857592
2023-01-03 06:18:00,2303.4606921384275,64.59195876775964,24.13547928604403,139.13521633023902,5.796345664018703,915.4356872582426,3077.7351557429743,10.29464011208956
2023-01-03 06:19:00,2303.860772154431,66.21112524891998,23.952996978808915,138.3697683031543,5.751356996522612,920.2857308964146,3059.0410181245484,10.27455379523347
2023-01-03 06:20:00,2304.260852170434,66.94229840038086,23.011481247686756,140.15224250884677,5.406123615056946,903.9370360111304,3034.3989126152333,10.240582413191737
2023-01-03 06:21:00,2304.660932186437,65.93280910350146,23.682944686741205,139.9944375520086,5.565789760587848,911.6349702754957,3022.5131234731293,10.242906967331502
2023-01-03 06:22:00,2305.0610122024405,65.25126556916635,24.280923009336774,139.50241416958062,5.713341125009121,917.164818233036,3053.4574227539365,10.284114058765747
2023-01-03 06:23:00,2305.461092218444,66.4295468248127,23.779763688595754,138.96147691461056,5.678434724824151,917.5147289662134,3044.3973808103733,10.275557712365302
2023-01-03 06:24:00,2305.8611722344467,64.73785145154136,24.834960764781112,137.66838933450356,5.7731833614305454,917.7770679816074,3055.146982505013,10.28903522984902
2023-01-03 06:25:00,2306.26125225045,66.49134574087776,22.64314349469292,139.9221592196628,5.398656897567205,910.0834733782173,3022.073836135813,10.258774882912682
2023-01-03 06:26:00,2306.6613322664534,65.28399664583303,23.64388283185922,139.27271128696296,5.61179503884388,911.7289430591422,3033.148107440593,10.264307812626773
2023-01-03 06:27:00,2307.0614122824563,68.3589114578182,21.88154413301731,141.56369959946636,5.251709184738973,901.8132148694792,2979.7209785040777,10.218058719391088
2023-01-03 06:28:00,2307.4614922984597,64.86944147393277,24.421534217092358,138.67565746107744,5.806342885791043,916.203131055517,3052.955593280337,10.27862842162456
2023-01-03 06:29:00,2307.861572314463,65.47370368332187,24.030210439818116,139.04329360532415,5.706036889656165,916.5325295568884,3051.732085818103,10.30163029934749
2023-01-03 06:30:00,2308.261652330466,66.93727274870245,23.60391859350517,140.44130245041163,5.578273742861724,913.238316563047,3017.802667960189,10.26117859316512
2023-01-03 06:31:00,2308.6617323464693,64.16574776566436,25.054877557630235,138.61351355661583,6.033979234711227,924.145855273442,3076.1773350192316,10.337853670921215
2023-01-03 06:32:00,2309.0618123624727,66.4731585474481,23.14283910029511,139.0602576397412,5.528172170863247,916.179820297174,3016.973318308581,10.241205286913639
2023-01-03 06:33:00,2309.4618923784756,67.10818229727144,23.116765244369965,139.62564855109986,5.449871337959269,917.0384898274866,3033.2059367759052,10.259668794027322
2023-01-03 06:34:00,2309.861972394479,66.9536035085691,23.164202784718213,139.24708622610757,5.480127307039091,913.7667262974018,3018.796113788887,10.263304369892657
2023-01-03 06:35:00,2310.2620524104823,67.29060383778786,23.31129418311685,138.7723016185438,5.2450447550416,909.5067174119965,3015.650157102697,10.26079004203759
2023-01-03 06:36:00,2310.662132426485,64.36748362279603,25.765044992442988,137.3108672728862,5.9517877891867155,921.925214939769,3087.625483814737,10.32573640770402
2023-01-03 06:37:00,2311.0622124424885,66.75536885853496,22.826504244326074,139.7054766534285,5.416884295076074,910.1132199235029,3010.896847073564,10.255758606920113
2023-01-03 06:38:00,2311.462292458492,65.76213194098968,23.735503195963453,138.46480023773321,5.683749052607093,924.9054701508946,3040.3965125936215,10.274677114781081
2023-01-03 06:39:00,2311.862372474495,65.86607979876445,23.676245428461804,138.0475364266732,5.708177063143582,917.3482499078235,3035.523662845433,10.28248501337677
2023-01-03 06:40:00,2312.262452490498,65.85426016247916,23.94779334059362,138.21618081164755,5.651706073617391,921.2843409328684,3031.585589856973,10.289516657889305
2023-01-03 06:41:00,2312.6625325065015,66.39116554875787,23.739158828448303,140.35249295320637,5.464505758362157,914.5327619908819,3019.556080887027,10.264841871043027
2023-01-03 06:42:00,2313.0626125225044,66.25323962407846,23.252706962095772,139.64559438186336,5.658882117802585,913.6611605648553,3028.0449938120905,10.28110709404804
2023-01-03 06:43:00,2313.462692538508,67.36112399991146,23.119773263113583,139.61401750464663,5.533894921422017,916.3095940653569,3028.169270019197,10.259095823932007
2023-01-03 06:44:00,2313.862772554511,67.79828027895503,22.679507218215253,140.27667311284853,5.247256961613818,906.0293107644281,3009.074483235443,10.236910617656712
2023-01-03 06:45:00,2314.262852570514,66.19682483350304,23.97367831172216,138.8106829860796,5.826573917040631,915.4445267949324,3058.5140681975995,10.273311557560586
2023-01-03 06:46:00,2314.6629325865174,65.33526230058989,24.429644938977663,138.86699312637597,5.683802560558493,914.9104985492016,3052.3196541469565,10.267288004970071
2023-01-03 06:47:00,2315.0630126025208,66.91327813383029,23.90086282620832,139.50158657801848,5.584016395487028,918.5359713430845,3039.3800721184816,10.262521983205184
2023-01-03 06:48:00,2315.4630926185237,66.62927179484659,23.63433290304429,140.52247292391152,5.534957803279357,918.8014379581223,3046.791963284162,10.282647608961172
2023-01-03 06:49:00,2315.863172634527,67.74457167669671,23.301436086191394,138.93969222604258,5.306220028888769,910.0288468737948,3002.977037130453,10.260816084538149
2023-01-03 06:50:00,2316.2632526505304,65.64857179464629,24.253280192787866,138.26827099038545,5.570301011308148,913.6283840050431,3051.353438540002,10.267434783631378
2023-01-03 06:51:00,2316.6633326665333,66.99492059562205,24.02310852417949,139.59889971149474,5.436754541198036,908.8820468236092,3033.302872326006,10.263364055907706
2023-01-03 06:52:00,2317.063412682536,65.96472564265008,23.11004610830143,139.2577217819975,5.552283142818667,911.8272859010928,3046.823155167394,10.27365143983671
2023-01-03 06:53:00,2317.46349269854,65.30599343594213,24.644079074433147,138.4157897924119,5.6869541563762676,917.6050686555218,3067.9288479628663,10.303654604172682
2023-01-03 06:54:00,2317.863572714543,67.13668104537491,23.088414388072113,138.77769493408113,5.379981143083594,911.3256433600754,3002.857035281411,10.265440504871806
2023-01-03 06:55:00,2318.263652730546,67.84689666965419,22.905992855042467,139.42098319974525,5.561178290819724,913.275475337284,3002.619060204992,10.256140909943962
2023-01-03 06:56:00,2318.6637327465496,67.84708317689459,22.853709169255612,140.28422279482518,5.260561129176063,908.9185012571272,3005.2371372554276,10.23966724386501
2023-01-03 06:57:00,2319.0638127625525,66.0308315245674,24.487613540919288,138.29952577241386,5.673973719816437,915.2712456869498,3046.60950072354,10.279216538197986
2023-01-03 06:58:00,2319.4638927785554,67.32546795930546,23.4928994605937,139.3618765016143,5.525527077375692,909.2356702598875,3013.2986382725494,10.272345787452464
2023-01-03 06:59:00,2319.8639727945592,68.0998171922527,22.905669581401305,139.47044704432852,5.457817681818854,911.8843539339299,3007.565190356649,10.26533536400954
2023-01-03 07:00:00,2320.264052810562,66.72415909759744,23.514310062472408,139.2708541579648,5.557677854398618,915.4068433374724,3018.1789580791296,10.271438009987836
2023-01-03 07:01:00,2320.664132826565,66.95295372664417,23.21917903558185,139.19267520393123,5.404449047988236,914.4888163936016,3026.5214054076055,10.258489658921388
2023-01-03 07:02:00,2321.064212842569,68.2494976337124,22.299369910215265,139.79230068873997,5.169159439594955,907.3238438752411,3009.0547208346425,10.221736110772257
2023-01-03 07:03:00,2321.4642928585718,64.87118867167236,24.8191123624995,138.59229881519175,5.784381102431,919.4936627088439,3057.5309345533356,10.30841520441969
2023-01-03 07:04:00,2321.8643728745747,66.7222938983994,24.19498945102329,139.24595037859066,5.713010821498372,918.5769130005749,3058.3954336705788,10.28341461272664
2023-01-03 07:05:00,2322.2644528905785,66.5813705874469,24.548259353828584,139.2031641659229,5.50530086087342,923.2055466685081,3032.0622375229736,10.31166523265452
2023-01-03 07:06:00,2322.6645329065814,66.86328899827593,22.979045827962185,139.60720048125137,5.432171931361307,914.7248616199939,3030.9994014350928,10.257656263434678
2023-01-03 07:07:00,2323.0646129225843,67.8081223455672,23.015272921106956,140.10531151397825,5.280647130298839,912.4575474554706,3025.5636660486375,10.246932628111528
2023-01-03 07:08:00,2323.4646929385876,67.05396980192121,23.246166053169098,140.9598963197961,5.523211964313806,907.1669600290597,3005.4947889746927,10.240752038467104
2023-01-03 07:09:00,2323.864772954591,67.32548610263119,23.1294241129471,139.89138332370814,5.415942567873295,910.3279755651342,3013.945825282688,10.238592875406415
2023-01-03 07:10:00,2324.264852970594,66.72405579685004,23.155376595729443,139.15733184732892,5.433907942650469,913.7994376367055,3031.416678205036,10.250478673765148
2023-01-03 07:11:00,2324.6649329865973,66.81037333579805,24.18844017422281,139.12535831394194,5.6720472421625825,914.3115406631929,3055.021948729801,10.275819297905496
2023-01-03 07:12:00,2325.0650130026006,68.30508906672425,21.919874263490815,140.77760149991153,5.304916974844865,905.2497499673325,2993.516645516157,10.214778830684164
2023-01-03 07:13:00,2325.4650930186035,67.76618217016738,23.008724828799487,140.89240070344667,5.283550651580421,908.9610968401396,2987.1236255619506,10.223060933314157
2023-01-03 07:14:00,2325.865173034607,65.86015596239162,24.016118295442297,140.22081514080983,5.659758037209667,913.381326190366,3037.05018612613,10.277381482520148
2023-01-03 07:15:00,2326.26525305061,66.9532009528559,24.361048350111588,139.46728013978537,5.604575751889252,916.2894925072411,3044.2381703946894,10.299803869139815
2023-01-03 07:16:00,2326.665333066613,66.8240540940297,23.76758228495722,139.02347505790294,5.822995682155308,911.1882483910912,3029.2956386596106,10.279470012022214
2023-01-03 07:17:00,2327.0654130826165,68.05575709246497,22.89129233784733,140.13380362700917,5.441895610202848,906.7478078563541,3005.4657160335623,10.248947959945008
2023-01-03 07:18:00,2327.46549309862,67.84151239773028,22.858173403009122,139.53346400669815,5.4425903471075765,912.1809740635861,3032.6182800568176,10.250967380704079
2023-01-03 07:19:00,2327.8655731146227,67.01955593912636,23.830257305602533,138.9795425609653,5.559036238761155,918.385487135154,3038.938442268809,10.264363843489305
2023-01-03 07:20:00,2328.265653130626,66.3984324261205,23.743924702029222,139.17340830861713,5.635361541487543,910.0798367079954,3043.9731380203125,10.27414203979843
2023-01-03 07:21:00,2328.6657331466295,67.40824254458063,23.422446182672488,138.97857189538902,5.698966510880461,911.0127898686594,3043.5217755243793,10.264476653785987
2023-01-03 07:22:00,2329.0658131626324,68.02306630038522,22.7513410731441,140.93336003358536,5.409325119850755,905.201975894333,3011.2737172597726,10.253165088090737
2023-01-03 07:23:00,2329.4658931786357,67.10071094831522,23.450899952242004,139.0670215408159,5.693462246667733,910.6390305625878,3029.691678891582,10.268286036557056
2023-01-03 07:24:00,2329.865973194639,66.41510692970225,23.21476864755168,139.26041260539182,5.6337090053823236,911.7250836221928,3027.657076632499,10.28130538340159
2023-01-03 07:25:00,2330.266053210642,67.4171354146454,23.23176457756704,140.37422503105628,5.505563081690919,912.1777875726547,3019.399476048475,10.273921386677236
2023-01-03 07:26:00,2330.6661332266453,67.47200533468678,23.02424659133168,139.19156059424017,5.442437003902767,911.9392096989149,3038.774181905353,10.259084901497989
2023-01-03 07:27:00,2331.0662132426487,70.48275275285548,20.662250585330607,142.33527503436446,5.070313021012321,897.9504588735913,2959.902554026661,10.200011229258413
2023-01-03 07:28:00,2331.4662932586516,68.99876301431058,21.829514258481154,141.02995768550772,5.132936760410495,902.6107591252694,2980.5869677364985,10.193178345037392
2023-01-03 07:29:00,2331.866373274655,67.18959433219885,22.79608603298713,139.5338638821387,5.553121168327584,914.7777639114852,3014.1635079057946,10.217370000228803
2023-01-03 07:30:00,2332.2664532906583,67.28256323147663,23.584531064473182,139.4709052824817,5.431764676122439,918.041991248,3051.22785683915,10.266755650678258
2023-01-03 07:31:00,2332.666533306661,66.31941774601712,24.18206648531994,139.0297030430814,5.488063026170462,916.282726720287,3025.586851748325,10.263492564388239
2023-01-03 07:32:00,2333.0666133226646,68.04872212259954,22.871773936893614,140.9692803367969,5.345194009535465,906.0800224621039,3005.2651960039075,10.237511719753101
2023-01-03 07:33:00,2333.466693338668,66.48922037949173,23.91428038788805,139.61601612727205,5.614201881422722,913.6861263546035,3036.0313119365064,10.255673585790301
2023-01-03 07:34:00,2333.866773354671,66.95324589387239,23.435051674023498,140.47096812563873,5.593115233086014,911.0107362380123,3035.1377344661705,10.245452412887644
2023-01-03 07:35:00,2334.266853370674,66.52609274292867,23.643526794884533,139.09222357381347,5.727111140392254,917.3616055761281,3040.0719274902385,10.274837807916235
2023-01-03 07:36:00,2334.6669333866776,67.24760920966624,23.550078014632412,139.68419543135957,5.493574864481439,909.4781000809213,3020.132160891345,10.255408318652016
2023-01-03 07:37:00,2335.0670134026805,66.61418370773889,23.40324124610377,138.61467301800943,5.627042015135703,915.5367680736882,3040.2273664335958,10.2873997480061
2023-01-03 07:38:00,2335.467093418684,68.33834843592905,22.40079271063113,140.24699722805215,5.379815632952725,911.036179299574,3017.8026761084816,10.236351653659623
2023-01-03 07:39:00,2335.867173434687,67.94401864618813,22.9583710936496,141.31900960291932,5.425801350022396,913.2926810541868,3019.2939768217416,10.250117124663994
2023-01-03 07:40:00,2336.26725345069,67.79205156246186,23.40937408737954,139.53262888764255,5.396046768745361,910.3812325563603,3006.8569332497923,10.244235593155535
2023-01-03 07:41:00,2336.6673334666934,69.8515779349329,22.123771712832617,141.1844682824023,5.106967438530429,909.043254673159,2980.0356194655683,10.23184186655783
2023-01-03 07:42:00,2337.067413482697,67.20318631197469,23.608320394454104,140.71094299695181,5.226269899349719,910.8379602206217,3005.4884812186974,10.245561131176785
2023-01-03 07:43:00,2337.4674934986997,67.63602262102478,23.01441997358103,140.23398156168992,5.43887929651189,906.9964031021618,3016.219043902915,10.25745162423343
2023-01-03 07:44:00,2337.867573514703,66.76151078474454,23.898394647921425,139.67713763400977,5.604584339666181,915.1370262397015,3057.0661279474907,10.27007811823227
2023-01-03 07:45:00,2338.2676535307064,67.31791875977383,23.865004443189292,139.93634657541807,5.347333556026495,914.0959988317812,3023.4813178804175,10.271851747265039
2023-01-03 07:46:00,2338.6677335467093,67.09853033567836,23.389928362050455,139.64123142133516,5.63440861464668,914.9565061052683,3043.838012316728,10.249489733859294
2023-01-03 07:47:00,2339.067813562712,68.26020902642428,23.535732440846495,140.18538917885633,5.309991418887447,908.9323161378941,3017.164897165033,10.250511154929391
2023-01-03 07:48:00,2339.467893578716,69.38141000435402,21.733903031710422,141.83045958267124,5.13876231227714,902.4670273938264,2966.5608330425025,10.21837886815538
2023-01-03 07:49:00,2339.867973594719,69.13903028604902,22.258388140739886,140.46368178830076,5.257181871146843,906.8530179214623,2998.050482161016,10.235216443520352
2023-01-03 07:50:00,2340.268053610722,69.62229306584169,21.88897382606832,140.88182186415182,5.154890385392725,908.9831179712703,2991.3123252111236,10.224155504544758
2023-01-03 07:51:00,2340.6681336267256,68.47966902972156,22.801645274426072,140.62517234001032,5.442345238071855,910.2033769184158,3016.4641656553017,10.25095822870115
2023-01-03 07:52:00,2341.0682136427286,68.80138244347322,23.174632494112924,140.42038337011755,5.400756443551244,910.5518336340815,2993.2495981363286,10.23824142075237
2023-01-03 07:53:00,2341.4682936587315,69.82438394546388,21.560355613514876,141.28355150285455,5.262880947351438,900.3398557414511,2995.815129627799,10.211009939589795
2023-01-03 07:54:00,2341.8683736747353,68.68875247873689,21.763792753705086,140.98139746715788,5.237432919001496,905.8692102156634,3002.0275833559103,10.242343955468515
2023-01-03 07:55:00,2342.268453690738,67.16865348293112,23.429560023382678,139.08846682878283,5.315727398855986,905.7840940519914,3025.655659649548,10.247121905005775
2023-01-03 07:56:00,2342.668533706741,70.96254915391928,20.409920454831695,141.74791670454246,4.823407202105885,898.9003349963043,2978.8108584679803,10.17736837266298
2023-01-03 07:57:00,2343.068613722745,68.11701790712513,23.585591651437877,139.65384660759582,5.318543614075496,909.889739632125,3018.4265992382916,10.263282856475888
2023-01-03 07:58:00,2343.468693738748,67.01791493335593,23.713538404612585,139.17055626682992,5.509422569024499,907.5248746006753,3024.7762789652966,10.24938177552269
2023-01-03 07:59:00,2343.8687737547507,67.9695462816825,22.945892123458503,139.80712770395823,5.3751592332760465,909.7277167059568,3039.2652636555003,10.272358257388763
2023-01-03 08:00:00,2344.2688537707545,70.0338047881523,21.153205089299654,142.48346330976722,5.07877377858651,906.4818542804396,2966.7140663977143,10.192161258889266
2023-01-03 08:01:00,2344.6689337867574,68.87907526702976,22.267288439508512,140.10213227696448,5.273945605471212,909.3778721726055,3002.3011102360233,10.228629400827572
2023-01-03 08:02:00,2345.0690138027603,69.46308255170729,21.929472357634268,140.53324005631313,4.989122996999663,904.723867364704,2967.679894898098,10.213946761717734
2023-01-03 08:03:00,2345.4690938187637,68.55112412062284,22.529532231365675,140.28686132685593,5.315111413649637,906.6876894714098,3017.7848972907054,10.222325245442065
2023-01-03 08:04:00,2345.869173834767,71.12115525043254,20.44121779624459,143.47369134653394,4.84079685690928,891.1851453761102,2941.197669888585,10.17896988139396
2023-01-03 08:05:00,2346.26925385077,68.5923457115109,22.91703380109526,140.21335776929757,5.369216751201449,910.8684664252063,3016.850572573998,10.259530990654579
2023-01-03 08:06:00,2346.6693338667733,66.76429986473796,24.503403341743496,138.99401926245488,5.566496076910147,914.3042490855104,3051.442290183374,10.284805525108238
2023-01-03 08:07:00,2347.0694138827766,71.05064362362857,21.546820520770588,142.14804598627367,5.094310449779877,899.8322743530673,2960.993957147205,10.195252881749873
2023-01-03 08:08:00,2347.4694938987795,68.68091871284935,22.133805241319905,140.2598620292136,5.146792531525448,913.5177384800992,3009.8436626125394,10.238311925260449
2023-01-03 08:09:00,2347.869573914783,68.0502311594995,23.577423493663254,139.00891584274962,5.506897446061015,910.9034779358362,3008.424520732359,10.25175244269772
2023-01-03 08:10:00,2348.2696539307863,68.17285703303118,22.708039347456694,140.2264152036772,5.262119674376269,903.1814882369167,3012.0958592903467,10.234800936193222
2023-01-03 08:11:00,2348.669733946789,67.6415481369414,22.606932713399775,140.38627479904756,5.575085202686501,909.2874063924421,3012.503090336514,10.261310341664421
2023-01-03 08:12:00,2349.0698139627925,69.6354918069146,22.11142445282508,141.61432412247473,5.278185140511595,901.6119769859415,3004.4865882763593,10.221877402127507
2023-01-03 08:13:00,2349.469893978796,68.50333239085754,22.817544108290267,140.28899946005615,5.4772794405895535,908.1888083237658,3021.250582982478,10.235666980620385
2023-01-03 08:14:00,2349.869973994799,69.82819801862625,21.761301320625186,140.52895929597713,5.302648469457688,907.1910389076451,2981.71445606718,10.235511596124415
2023-01-03 08:15:00,2350.270054010802,68.65620985562973,21.94558888931924,140.07377150417315,5.423241864970624,908.324828209669,3011.2481580714016,10.246576812066511
2023-01-03 08:16:00,2350.6701340268055,69.392927510696,22.16337704915869,140.6189920749746,5.119047078414714,908.4280612406799,2995.682600883555,10.232718988625805
2023-01-03 08:17:00,2351.0702140428084,69.55230176354767,21.794268272431758,140.61069538861028,5.2567706944144135,899.7798413934216,2996.083524304905,10.233738847426544
2023-01-03 08:18:00,2351.4702940588118,67.77398573561258,23.625494649221423,139.77681727907225,5.41798083359331,911.804900196158,3022.4832165993134,10.270593709867054
2023-01-03 08:19:00,2351.870374074815,67.12635338820502,23.742764730802627,138.32059654105907,5.727441005382722,918.5559051620319,3032.99714023396,10.272553923413344
2023-01-03 08:20:00,2352.270454090818,67.93864427015284,23.51417995224846,139.16636489919554,5.410292710834133,911.5052258663094,3033.787278802674,10.275057793368097
2023-01-03 08:21:00,2352.6705341068214,68.68789221646752,22.383270089895493,141.0111617162578,5.371477722119958,903.6430320920559,3001.198287419701,10.262631049092997
2023-01-03 08:22:00,2353.0706141228247,68.35128535942526,22.426466446925804,140.3275615044878,5.262137033782725,902.7217800497542,3025.0004356427157,10.233620760984582
2023-01-03 08:23:00,2353.4706941388276,67.39187071707072,23.404488632166643,139.36599582737682,5.732573792645758,909.7444715695138,3016.496214195238,10.26906253288019
2023-01-03 08:24:00,2353.870774154831,67.22773238365386,24.13277974817777,140.2218136167812,5.489233729730403,913.8658588673821,3029.148526666363,10.25064881598483
2023-01-03 08:25:00,2354.2708541708344,69.15112613451625,22.230146047026626,140.70830605251317,5.297012058651915,903.7626942529764,2986.1343432301787,10.225263172865908
2023-01-03 08:26:00,2354.6709341868373,67.00229500921559,23.86210260660312,139.26937536403008,5.713784955868796,918.1774797996429,3041.572866141414,10.295390828353275
2023-01-03 08:27:00,2355.0710142028406,69.56969722906808,22.084628755678033,141.22680031165538,5.102888866367128,905.4257767321388,2983.4390606059656,10.211825409798898
2023-01-03 08:28:00,2355.471094218844,68.78036177546589,22.641200848660706,141.1780557595069,5.340319704157764,907.3666988374587,3003.12534598635,10.245531543050935
2023-01-03 08:29:00,2355.871174234847,68.86271340151579,22.275920504928298,139.6966137139971,5.472775551528542,909.2322727536011,2995.6197245006433,10.253208624638157
2023-01-03 08:30:00,2356.2712542508502,70.04915100669987,21.66573470227386,141.6500798362041,5.221834726266083,904.307886737708,2985.9004792385845,10.196951834362114
2023-01-03 08:31:00,2356.6713342668536,69.90751202651148,22.26364281560496,140.18902692255804,5.102779475045593,910.9694088468735,2990.205678993722,10.216823097116597
2023-01-03 08:32:00,2357.0714142828565,69.86780308988057,21.059685277103604,141.4595212997681,4.970434135876374,904.4143494606348,2967.8193280210744,10.212063036405931
2023-01-03 08:33:00,2357.47149429886,68.11853346431377,22.3958331718651,140.0526408859136,5.5433857210146655,906.4089645992643,3019.9951165037396,10.248291918314335
2023-01-03 08:34:00,2357.871574314863,68.11209318606707,22.751785302638062,140.36477855451886,5.507719527080563,912.64805319195,3010.671384856106,10.238160023116082
2023-01-03 08:35:00,2358.271654330866,70.25784797454703,21.62885211640052,141.40919577669476,5.2784135454681484,904.093826662761,2992.124045446412,10.213311871693096
2023-01-03 08:36:00,2358.6717343468695,69.22715407769303,22.727367895237226,141.44908938740738,5.194151824819321,909.8774352679178,3017.57172371703,10.233176675044861
2023-01-03 08:37:00,2359.071814362873,68.27683281432006,23.02015923947922,140.5732606597654,5.389302973799815,909.3473128821856,3002.1496208211474,10.256549665659815
2023-01-03 08:38:00,2359.4718943788757,70.49582730160516,20.434251318971505,141.66909398678018,4.979906776720697,899.7618860660947,2973.713277697214,10.21642312571858
2023-01-03 08:39:00,2359.871974394879,68.95271916351321,22.296309082201528,141.16709072269833,5.202325662072351,904.2869847010421,2991.230526281056,10.231067493431446
2023-01-03 08:40:00,2360.2720544108824,69.77719043301687,22.11427787912082,140.72505879577466,5.256295758153979,904.2160217765025,2990.2816745868877,10.222568339481407
2023-01-03 08:41:00,2360.6721344268853,69.96633979821391,21.910994086490774,141.27472042065733,5.0763818946868176,904.32366919579,2972.0777000583576,10.209849155926522
2023-01-03 08:42:00,2361.0722144428883,68.53030763309283,22.613616981663732,140.23745331572934,5.271940541403478,907.2203478671867,3014.3881536412346,10.245978922177233
2023-01-03 08:43:00,2361.472294458892,69.31171175299939,22.66376753533567,140.6999337660997,5.391657996526089,903.6873721113571,3018.9780119602833,10.240024545508804
2023-01-03 08:44:00,2361.872374474895,70.55994826871454,21.30632374781819,142.06924295629275,5.265036090666936,902.0547379202766,2979.1661085730225,10.19580972343846
2023-01-03 08:45:00,2362.272454490898,68.3017285859711,22.389579777555667,141.59074667113438,5.339078785124417,909.9864429721948,3003.8582122679027,10.2453784667394
2023-01-03 08:46:00,2362.6725345069017,68.42478994601863,23.029458557416724,140.45008612114546,5.331155052641569,915.5093653980998,3026.10004508409,10.242781843068254
2023-01-03 08:47:00,2363.0726145229046,70.63490300618083,21.863260715076855,141.42643672196547,5.085392546215746,899.8087343134628,2957.8145839982863,10.209859620621243
2023-01-03 08:48:00,2363.4726945389075,70.54792646922026,21.255975307571436,141.60636944612247,4.928157692537083,901.5167811992643,2976.2633919428963,10.220031815962535
2023-01-03 08:49:00,2363.8727745549113,69.64906246866771,21.80447107991846,140.7472797133974,5.148726953801545,909.2207747622751,2984.903574698867,10.220000922354032
2023-01-03 08:50:00,2364.272854570914,69.75843132992503,21.679959255958074,140.42511305727677,5.194858466620237,906.9664147770671,2999.51044451059,10.205287721966844
2023-01-03 08:51:00,2364.672934586917,68.55248220488497,23.187215163368936,140.92022655204607,5.5598854995941,914.4593919146284,3025.410704723767,10.247091241756209
2023-01-03 08:52:00,2365.073014602921,70.11914032276482,21.632402732959534,141.57811818587686,5.172399095002657,908.6403717507869,2969.6186353443,10.22105358925766
2023-01-03 08:53:00,2365.473094618924,70.95838083694889,21.35858559620741,141.08477245173978,5.046993269762041,901.9292963529838,2977.784049158726,10.188244617680274
2023-01-03 08:54:00,2365.8731746349267,69.53234963799875,21.899888159721417,141.6509079185771,5.355086880814013,904.9044139000221,2973.8775091479433,10.21503062014779
2023-01-03 08:55:00,2366.2732546509305,69.97409311227528,21.781828439848834,141.64527239701687,5.199875014098204,898.3346316337049,2988.439434254043,10.21210053135126
2023-01-03 08:56:00,2366.6733346669334,67.14542448832402,24.935850066358025,139.72463138184588,5.786394747005591,916.5364129835727,3034.6968982091116,10.303018315224703
2023-01-03 08:57:00,2367.0734146829363,69.1858836361399,22.05784851204487,140.8621133314967,5.240222742441443,901.6267199179873,3002.4629426227616,10.24786744912494
2023-01-03 08:58:00,2367.4734946989397,70.39894810472676,21.484666121768246,141.70174414735106,5.127450446706551,901.6849009698275,2962.9517295150586,10.203993473498421
2023-01-03 08:59:00,2367.873574714943,70.56998152918241,20.922303279105098,141.18910870879355,4.89861625699187,897.6080217682351,2971.6859252393397,10.186452592008015
2023-01-03 09:00:00,2368.273654730946,71.81331174983123,21.457796539470827,141.9156644471218,5.038391648638222,897.595267457637,2961.833280521785,10.19867086380953
2023-01-03 09:01:00,2368.6737347469493,73.89482260102689,19.038575981379136,142.98215216399208,4.446145027419181,885.2998592393841,2919.4481366343316,10.127166426400379
2023-01-03 09:02:00,2369.0738147629527,69.27043608110654,22.13285072173363,140.72194382825614,5.144035014654082,905.9092649555432,2981.235502858226,10.222393796190145
2023-01-03 09:03:00,2369.4738947789556,69.00226041360135,22.45452113388694,140.8357577712195,5.226329156613581,909.5475824362267,3003.8110642809424,10.236280662874782
2023-01-03 09:04:00,2369.873974794959,69.08989071759596,23.394078640695092,141.22126662877284,5.35144914307695,904.9951027709665,2998.0521235891233,10.249777252644627
2023-01-03 09:05:00,2370.2740548109623,69.10589544611119,22.568897946864958,140.889936477685,5.16796791364071,905.1867853680334,3007.4584007075296,10.231032474371363
2023-01-03 09:06:00,2370.674134826965,69.95147898899644,22.097028829823092,140.07569543469938,5.44970342267706,909.9993774441314,3003.5014616456756,10.228128608974817
2023-01-03 09:07:00,2371.0742148429686,70.04277369757632,21.937696187104763,141.53017342870174,5.065040421440637,903.2543182343638,2981.803199925018,10.211518732065324
2023-01-03 09:08:00,2371.474294858972,67.99308220482311,22.960972994652476,139.55616607371337,5.201325969876411,913.0457648277956,3008.019367618075,10.238858530209303
2023-01-03 09:09:00,2371.874374874975,71.74085990697897,20.30288233638405,142.1337505826224,4.873768968744342,895.233875906466,2937.307657140664,10.173541816915247
2023-01-03 09:10:00,2372.274454890978,71.14410284034741,21.074833839496875,141.21879463054267,5.0569734406322695,896.2634906533863,2947.0897188575586,10.187614861293234
2023-01-03 09:11:00,2372.6745349069815,69.18915023068159,23.06970277194281,140.46425435758485,5.4933622585277835,904.5742321623482,3017.538472209387,10.250438164154568
2023-01-03 09:12:00,2373.0746149229844,70.31062889943108,21.314499662467508,141.92030396979922,5.198916469156083,901.8376673507892,2988.6419671008584,10.229417161382937
2023-01-03 09:13:00,2373.474694938988,71.99812147787148,20.339861061882353,143.06640245014344,4.955838406425283,899.4606526863059,2947.1076120051143,10.172403987168458
2023-01-03 09:14:00,2373.874774954991,68.21594763764118,23.038043006976064,140.46783512141246,5.521950066246289,910.3162192745224,3011.1308678916757,10.253347627659815
2023-01-03 09:15:00,2374.274854970994,69.76013018751961,21.825247338442697,140.73477777045488,5.2871485064321275,903.1072322983289,2986.732521581489,10.239267697203294
2023-01-03 09:16:00,2374.6749349869974,71.15478057606525,21.06369935171987,141.72069900420448,4.99685023491499,895.4516334786116,2965.3862888529056,10.214526600270387
2023-01-03 09:17:00,2375.0750150030008,69.41201463677857,22.54194317067685,141.2485290302719,5.206788470718188,911.9740551089965,3012.655819044521,10.22488673811789
2023-01-03 09:18:00,2375.4750950190037,69.00361910799755,22.39712106044156,140.65330689302064,5.245029530069668,903.710042819043,2998.2148478911577,10.229043890876603
2023-01-03 09:19:00,2375.875175035007,69.87700835780998,21.49842073374044,141.5688635247042,5.106123685127379,904.9497229498636,2982.6292572052207,10.217997288182952
2023-01-03 09:20:00,2376.2752550510104,68.66175768286747,22.687172065057236,139.75268069405254,5.3504163913867355,910.0890634288226,3009.684715245828,10.243038765674596
2023-01-03 09:21:00,2376.6753350670133,70.0438555022777,21.75287840558196,140.56376877264637,5.319916271137539,906.1657156081693,2982.467202638292,10.232801552336467
2023-01-03 09:22:00,2377.0754150830167,70.08732723343168,21.21587480084842,141.75373061804743,5.133314238362065,904.4680156370026,2987.9004308623107,10.216039035265991
2023-01-03 09:23:00,2377.47549509902,70.98177504117501,20.963435528226,141.9783732005218,5.002252694530237,897.355175888414,2979.841983674463,10.198303094445404
2023-01-03 09:24:00,2377.875575115023,69.85739533960468,22.351589207553285,140.43981110362867,5.539799484319682,906.661989048348,2999.0715386724687,10.235486780067601
2023-01-03 09:25:00,2378.2756551310263,68.71540334096818,22.995581324799186,139.6089744783282,5.533709733299624,909.7468749234579,3022.0962126630106,10.262081309816745
2023-01-03 09:26:00,2378.6757351470296,70.48496004779814,21.88444359407166,141.2859106029807,5.080062748808757,905.3771574547017,2973.4691968347456,10.203176757745943
2023-01-03 09:27:00,2379.0758151630325,71.56098108246513,21.109509563335436,141.51549539651563,4.900490181487672,898.2350866049203,2962.8462625281163,10.185026284680546
2023-01-03 09:28:00,2379.475895179036,69.58923148179757,21.693451875748806,140.27844510474176,4.942600695692753,902.6373112762417,3008.0533081517265,10.212033025214735
2023-01-03 09:29:00,2379.8759751950392,69.43831092496708,21.20218608127192,142.18189733377724,5.270650720315983,905.6698993277298,2986.3910871980183,10.201971701579428
2023-01-03 09:30:00,2380.276055211042,69.17900193199256,22.64658387933199,140.14527959061505,5.406923029499181,907.827444532009,2999.2811850256485,10.24146101055359
2023-01-03 09:31:00,2380.6761352270455,70.78549065038263,21.04232839359663,141.91137211610368,5.0805291106162205,903.1220844615871,2947.6991082276586,10.182350833141456
2023-01-03 09:32:00,2381.076215243049,69.95765513113379,22.061286532796814,141.1110931133628,5.088924668620825,903.2192417513801,2985.784243735132,10.211086289341154
2023-01-03 09:33:00,2381.4762952590518,70.16973358480364,21.362752865417708,140.99481401072123,5.246550651879822,903.7298791542694,2973.6808351967416,10.194029084178515
2023-01-03 09:34:00,2381.876375275055,71.96359135257913,21.135769340565187,141.98937971073752,5.026742942301618,897.3183034239007,2961.088970485881,10.187805535507636
2023-01-03 09:35:00,2382.2764552910585,69.77304673314119,22.435509362724115,141.06001754609144,5.0437688720050735,900.1666738821939,2999.249419224119,10.238140784697299
2023-01-03 09:36:00,2382.6765353070614,70.24873006936976,21.54035433434352,141.4508983786658,5.1167316566252605,903.8705589256837,2981.9976486668706,10.208996312701448
2023-01-03 09:37:00,2383.0766153230643,69.08244655105553,21.982917424515634,141.23167944340278,5.271297249772165,907.8804500921015,2998.571521374987,10.236153838503956
2023-01-03 09:38:00,2383.476695339068,70.68920295157713,21.861852792885593,141.1629074829686,4.96739960673503,898.4069306462244,2974.349293745247,10.1757503777667
2023-01-03 09:39:00,2383.876775355071,69.72654311791499,22.384795633707217,140.83494921532102,5.0386690569502,906.1790829810328,2989.758039559505,10.213041679611914
2023-01-03 09:40:00,2384.276855371074,70.38842119727393,21.38948551405902,140.71126188626116,5.142981220138175,906.7700451067632,2970.927718695017,10.199726869955374
2023-01-03 09:41:00,2384.6769353870777,69.79500876432878,21.864894962936436,140.7731757683748,5.079068119300826,904.1197085482906,2982.31281561647,10.231139966560416
2023-01-03 09:42:00,2385.0770154030806,70.15581789178188,21.276257805287283,140.66324782576976,5.288997798998694,900.2967226369384,2980.4870303977355,10.214477982539083
2023-01-03 09:43:00,2385.4770954190835,70.29824580845424,22.05786468196355,141.8871409123622,5.064325647572549,905.0831764507775,2983.3111532198154,10.201138979988835
2023-01-03 09:44:00,2385.8771754350873,70.47636407470813,21.256984618303935,141.33091264604175,4.966253762111491,897.3811392167383,2955.963172284961,10.1972227212663
2023-01-03 09:45:00,2386.2772554510902,71.13095697584238,21.768885349929874,141.2921310421521,4.931236076298558,900.919317788318,2973.177311920265,10.215790079182
2023-01-03 09:46:00,2386.677335467093,69.61347798136083,22.049456716676456,140.82874781902217,5.348779863659473,904.604040829589,3012.9743672136406,10.227897595094797
2023-01-03 09:47:00,2387.077415483097,72.01770298634897,20.502685965815825,141.90718063508888,4.961579687918137,899.3045268202687,2945.984813378139,10.17540227541975
2023-01-03 09:48:00,2387.4774954991,68.53433206933657,22.702653744963825,140.24841178700896,5.396535862134138,912.0889715398899,2998.3843925969436,10.247419761014937
2023-01-03 09:49:00,2387.8775755151028,71.42678247805605,21.390644033944277,141.77983881367723,5.00748441642496,901.2380312178092,2975.7663975937976,10.193229529957565
2023-01-03 09:50:00,2388.2776555311066,70.10751823161418,21.41502735049937,141.05279719793404,5.2974366584521455,904.4784904047211,2994.1630733618185,10.222433159911406
2023-01-03 09:51:00,2388.6777355471095,70.35857465547834,22.221377008619587,141.41728003344716,5.329826272042764,900.3624663623908,2978.8615614164705,10.21924294046781
2023-01-03 09:52:00,2389.0778155631124,70.35749502118382,21.93720106963868,140.44938183020304,5.204402624924907,906.1938886919482,2976.359220997901,10.217047663712899
2023-01-03 09:53:00,2389.4778955791157,68.87736298018886,22.448079488311233,140.8756272335313,5.122178348243475,907.5537532873976,3017.383383963051,10.236995930613086
2023-01-03 09:54:00,2389.877975595119,69.23497744703081,21.61900052768694,141.02573060344392,5.320895547113158,904.926193159122,3002.4496443616263,10.242381781969714
2023-01-03 09:55:00,2390.278055611122,72.2667451670916,19.85666095977193,142.60658611064875,4.889706461946047,895.4334012773467,2941.5476480590046,10.186387144305147
2023-01-03 09:56:00,2390.6781356271254,71.23812271673096,21.769676492861752,141.86074137365287,5.000264547240185,901.8582066611934,2973.5503226773158,10.198444837173357
2023-01-03 09:57:00,2391.0782156431287,70.9680605956677,21.176823754318608,141.93120775581,4.789606884522049,897.8429565157379,2966.8294045311018,10.20134594834247
2023-01-03 09:58:00,2391.4782956591316,70.16817575332823,22.190057414924365,140.6608836149631,5.1016719260133625,906.0498611557581,2993.268986858087,10.211748638876486
2023-01-03 09:59:00,2391.878375675135,68.83555244966233,22.326779841756725,139.2690200367638,5.510324156604004,903.9866977542739,2990.6213073827703,10.222891603238097
2023-01-03 10:00:00,2392.2784556911383,71.41406380553272,20.7436257542652,142.15021397714688,4.831897387998316,898.987869622059,2958.905115708477,10.183235945173132
2023-01-03 10:01:00,2392.6785357071412,70.37133006752734,21.18855519651386,141.64811621387386,5.138157133787153,903.2531298498021,2989.691192660104,10.2201292401681
2023-01-03 10:02:00,2393.0786157231446,70.35855038236099,21.28566247500035,141.6690999227224,5.188613376554418,899.7413143865402,2965.2168577133602,10.189637623163554
2023-01-03 10:03:00,2393.478695739148,69.9431194553039,21.91459584926447,141.1590375526006,5.121086532529476,906.08306830285,2996.4893697690545,10.226944461328426
2023-01-03 10:04:00,2393.878775755151,69.65961540496845,22.973035490649828,140.34668428228855,5.355091380007475,910.6061709587628,3013.2707964931105,10.255560808971602
2023-01-03 10:05:00,2394.278855771154,70.88581590580648,22.042012166631423,140.97130544923317,5.1159563598046685,905.8732892076246,3006.1878912383263,10.206985988872853
2023-01-03 10:06:00,2394.6789357871576,71.16597550320934,20.94746742272102,141.44461508911988,5.035574654338009,900.3855214749595,2956.908938203371,10.181845198197388
2023-01-03 10:07:00,2395.0790158031605,69.78745332489713,22.63499359544373,140.40927667139962,5.156190231081498,903.0384090164202,3008.985354788138,10.23698942520363
2023-01-03 10:08:00,2395.479095819164,72.38864501010133,19.908960251261142,143.12101670311733,4.623042987146745,895.9728534612923,2941.054664293413,10.151135490291383
2023-01-03 10:09:00,2395.879175835167,69.58274068143442,23.208297663883673,140.76561721979127,5.480960121244745,913.3424431274035,3011.4677081098075,10.246997606402118
2023-01-03 10:10:00,2396.27925585117,70.51231287400519,22.499760138734068,140.89458048195846,5.1632982106381515,903.8190509689354,2981.559226099184,10.215397167069375
2023-01-03 10:11:00,2396.6793358671734,70.71109015944796,21.773283274308827,140.48636884862086,5.045856264056453,911.1607174629754,2991.1045855251873,10.21564496247569
2023-01-03 10:12:00,2397.079415883177,71.47527870715281,20.79348863879673,141.0156634972537,5.055605274279303,897.7093688873107,2973.9454940149003,10.188950088227948
2023-01-03 10:13:00,2397.4794958991797,69.50455461783078,22.016932608124673,141.38194233362245,5.324309075411313,906.7974686846778,3009.6089220618423,10.237089317895093
2023-01-03 10:14:00,2397.879575915183,70.4471513836205,20.91761798096348,141.39020805133055,5.228676546531039,901.3063513632993,2971.1896099593264,10.203312796705713
2023-01-03 10:15:00,2398.2796559311864,71.06204377095287,21.253116259670094,142.4219228403628,4.933074448882627,902.9100830012864,2976.110394630546,10.201397293009153
2023-01-03 10:16:00,2398.6797359471893,69.19142440565845,22.39078426293389,141.54737829247424,5.2122017584075335,909.9729920917293,3017.651141228337,10.232831436988855
2023-01-03 10:17:00,2399.0798159631927,68.93873247774194,22.37310623567803,140.8142747255712,5.353732173938284,913.9780512820404,3000.4114836055483,10.247449529026685
2023-01-03 10:18:00,2399.479895979196,70.77794579602707,21.952705907182555,141.0365179362441,5.254720583595759,905.6603561513457,2982.0010603189867,10.20527777038447
2023-01-03 10:19:00,2399.879975995199,70.3389396117691,21.97566866110323,140.46810253784108,5.360186523153352,904.1013120624222,3003.456007985081,10.208477432377627
2023-01-03 10:20:00,2400.2800560112023,68.36441174471543,23.58903311393353,139.31427909494172,5.5586112919428965,912.85064145524,3029.409894768934,10.273353031916661
2023-01-03 10:21:00,2400.6801360272057,69.55103029539262,22.17158948234547,141.27011601079985,5.141510600427511,906.4018546640601,2994.972690984522,10.223373858935313
2023-01-03 10:22:00,2401.0802160432086,70.48417442105614,22.094075920510438,141.14125500200188,5.062740100939396,907.0771391619415,2977.375860232196,10.213850794619791
2023-01-03 10:23:00,2401.480296059212,72.23807528377085,20.518554738630527,142.99690682889198,4.996657562371127,903.003231231611,2964.644559146309,10.19297892190416
2023-01-03 10:24:00,2401.8803760752153,69.78470200039287,22.410420950584047,140.87658332015386,5.0037674341660665,904.166269042515,2992.8936594789216,10.232976964744617
2023-01-03 10:25:00,2402.280456091218,70.34539192862492,21.73174744033317,141.82845565183638,5.288029659532048,902.81705929253,2991.9422491076043,10.196784070299307
2023-01-03 10:26:00,2402.6805361072215,70.7432191249422,21.342451816939704,141.47650041862556,5.143020279819755,897.6412060799007,2977.8954811560984,10.210396258910825
2023-01-03 10:27:00,2403.080616123225,71.78008329145455,20.527656270127316,143.30902661248604,5.054329166224583,898.1936232077002,2951.759993581636,10.174134526594418
2023-01-03 10:28:00,2403.480696139228,70.80687932520063,22.135934542441422,141.04197547173288,4.998619671234035,900.2203627870208,2983.6876859163535,10.201982281890658
2023-01-03 10:29:00,2403.880776155231,71.0780736435343,21.690713964325777,141.6546902004872,4.9978973647338965,899.170116171075,2982.414216668915,10.221468526983806
2023-01-03 10:30:00,2404.2808561712345,71.55633432183215,20.980898725740982,142.33532165390616,5.076299393014286,894.1545095316177,2960.949170005465,10.187302342243774
2023-01-03 10:31:00,2404.6809361872374,67.82975722479372,23.555833069730912,140.64301107060794,5.435330677105001,910.4191800862146,3023.5479073148,10.252875978291438
2023-01-03 10:32:00,2405.0810162032403,71.25387749051725,21.54765164356973,141.14131945539353,5.1796909688729835,902.5743491595196,2967.0908803162333,10.204002445791629
2023-01-03 10:33:00,2405.481096219244,70.7088409728807,22.092050518413775,141.48084027970904,4.960285775211555,904.5120721897604,2974.201372009405,10.221442841497808
2023-01-03 10:34:00,2405.881176235247,72.5118764969126,20.399956573139576,143.08978799388808,4.825508497300221,894.5709852677487,2943.2725197106606,10.17778628769768
2023-01-03 10:35:00,2406.28125625125,69.97824196900775,22.279255551933243,140.1193938394076,5.260748058029624,906.596445321591,3021.3221522088984,10.219506813165099
2023-01-03 10:36:00,2406.6813362672538,71.02355983200715,20.96087618393937,142.15326154062387,5.049314694187079,898.2324851490949,2952.6069983934676,10.180836811774318
2023-01-03 10:37:00,2407.0814162832567,69.59594012863914,22.0027301782536,140.03169513493813,5.247887149198922,908.4513382002041,3003.1149572615263,10.225472023815863
2023-01-03 10:38:00,2407.4814962992596,69.53421594498775,22.239141574555216,140.59589367715535,5.3885358695226735,913.2467888969903,3011.2015385151417,10.244301340782757
2023-01-03 10:39:00,2407.8815763152634,69.58856265478995,21.999063196267034,140.8199440918387,5.249645161758634,907.2943312262619,3005.3496207349463,10.23494814157586
2023-01-03 10:40:00,2408.2816563312663,69.12048885661099,22.139171036435965,141.50267328868574,5.244143164271981,909.6376632505918,3000.5605657048227,10.23977570157264
2023-01-03 10:41:00,2408.681736347269,71.98460122728663,20.50656165766512,142.78230297545366,4.845394956906977,899.8350289768385,2962.270531982619,10.179105002653651
2023-01-03 10:42:00,2409.081816363273,70.19409880580552,21.786018896956012,140.49343649964084,5.1484599418718595,902.9023653754289,2994.8361389334323,10.205803027259112
2023-01-03 10:43:00,2409.481896379276,71.49921746851263,21.440417061841327,142.37336515779168,5.208252980024082,901.8787755056776,2954.1092314145035,10.220789861690136
2023-01-03 10:44:00,2409.881976395279,71.18760771214883,21.184337504675856,141.98143638034924,4.939181604872615,899.5889074988661,2971.932814020759,10.161317433373833
2023-01-03 10:45:00,2410.2820564112826,72.69787865275087,20.352772600175896,142.51091295491798,4.662091175364364,898.5902968375989,2929.7783888622516,10.133736805187462
2023-01-03 10:46:00,2410.6821364272855,71.8952568214615,20.759222229795757,142.04895904029271,4.969187724899744,896.6820585235512,2967.826153899929,10.173475889388492
2023-01-03 10:47:00,2411.0822164432884,70.52526897150007,22.149968798732647,141.92784281538403,5.017461606755406,902.0341404505403,2979.970018280509,10.192182884514436
2023-01-03 10:48:00,2411.482296459292,70.5596942607715,22.436251151724463,142.20008526985052,5.236249145433217,901.4677801144962,2964.448629591691,10.21466770267954
2023-01-03 10:49:00,2411.882376475295,70.17462958920306,21.81020155662375,140.98871035628812,5.0880658853650145,898.7944303341641,2978.8410360161365,10.211646516678465
2023-01-03 10:50:00,2412.282456491298,70.38426075152215,21.105827407112415,142.07683295185052,4.867132701331149,897.7562716895429,2952.039252605312,10.194595384139996
2023-01-03 10:51:00,2412.6825365073014,68.97003203348166,21.585013686912415,141.20662948875332,5.206211151547409,903.6901199537516,2982.3429998529277,10.231840630390582
2023-01-03 10:52:00,2413.0826165233048,71.38690764059731,19.932630511330665,143.07062000027108,4.76365302893092,897.1996947856948,2951.461937696559,10.172054723108047
2023-01-03 10:53:00,2413.4826965393077,70.13349522897617,22.063354747268846,140.08955981156944,5.276960699462709,908.4537775051134,3016.02216859664,10.239964611991846
2023-01-03 10:54:00,2413.882776555311,69.87602468579536,22.40956852655061,141.399928332294,5.260374029092905,906.338052439753,3009.5009295374425,10.240209657414121
2023-01-03 10:55:00,2414.2828565713144,70.75483223613979,21.11472651556271,142.0792295689239,5.081496475043037,902.5218048586989,2961.298455234699,10.206635495245461
2023-01-03 10:56:00,2414.6829365873173,70.02741022914228,22.386605035419862,140.4879149878751,5.266822882352144,907.1201500732125,3013.843510633116,10.223169694245787
2023-01-03 10:57:00,2415.0830166033206,69.69131613404485,22.92583654908271,139.78539448453557,5.344675818743515,910.9861208628861,3016.2401487737347,10.255547114729412
2023-01-03 10:58:00,2415.483096619324,69.56941319824416,22.15679632530956,140.2758896681037,5.0161453381194105,901.3147976618857,3010.4046395448486,10.208807464251207
2023-01-03 10:59:00,2415.883176635327,70.22973632142359,21.106522316364686,141.62568696869215,5.221622821903919,899.0127906512546,2974.8224179530284,10.19753224866263
2023-01-03 11:00:00,2416.2832566513302,71.85878232820549,20.684622039362626,143.07093106299683,5.025520469527609,894.0547439422213,2937.2730922120777,10.169608476804017
2023-01-03 11:01:00,2416.6833366673336,70.12493540042917,22.0294249126168,140.436932049731,5.252921207646027,910.321198029805,2991.3664621291273,10.232557928902805
2023-01-03 11:02:00,2417.0834166833365,69.96033277349935,21.448523435723036,141.49778677355445,5.114447376470497,896.4177652208762,2973.4437920335968,10.184300583561152
2023-01-03 11:03:00,2417.48349669934,70.26270321832912,21.63312333154076,141.31801460659494,5.070269905487006,901.2986431160097,3000.940364910274,10.18574190371375
2023-01-03 11:04:00,2417.883576715343,70.7498306375524,21.673442445303436,140.655787260396,4.940324655338029,900.409368077587,2979.823666714246,10.211663148248526
2023-01-03 11:05:00,2418.283656731346,71.45855211801789,21.296785480799183,141.94486109274106,5.209124891095219,900.726796462765,2958.426868271002,10.19005293981974
2023-01-03 11:06:00,2418.6837367473495,71.07823857025605,21.28091270782205,142.05902122169647,4.989497297115359,902.7725277470349,2981.7357564989697,10.212415677504408
2023-01-03 11:07:00,2419.083816763353,67.54219791950945,23.062082083277915,139.72443957991803,5.430634587001052,915.3294835184364,3012.0010924294,10.272593536131316
2023-01-03 11:08:00,2419.4838967793557,70.5634497478335,21.418172894210997,141.32685677524475,5.090836720870756,896.3683672986474,2973.402480665823,10.204661976360638
2023-01-03 11:09:00,2419.883976795359,71.1437025225926,21.228881677976794,142.30871550742938,5.255245371886591,900.4962203885307,2967.28987236068,10.192258171413737
2023-01-03 11:10:00,2420.2840568113625,71.03297902451214,21.04750934374095,141.34680208545424,5.06605460008079,894.2025469104357,2967.9194584886045,10.170167133946192
2023-01-03 11:11:00,2420.6841368273654,71.43890167064222,20.98814576546714,142.33620641484924,4.980558185369452,899.9944191725933,2944.1060945763797,10.193643858275319
2023-01-03 11:12:00,2421.0842168433687,69.42175784733632,22.392915420662327,140.07137036708576,5.270296437521519,908.0403314673006,3007.3624680928438,10.250235191421629
2023-01-03 11:13:00,2421.484296859372,70.02886139373545,22.211439199126882,141.02546585433106,5.294697880901541,909.1570592115827,2998.268241596519,10.228857486817338
2023-01-03 11:14:00,2421.884376875375,71.66924965141607,20.93594434374264,143.01126323189703,4.933814236649553,897.4803514614027,2965.144586774754,10.189738905852415
2023-01-03 11:15:00,2422.2844568913783,70.16143724641643,21.20883249697034,140.94739347033862,4.974074220006306,903.4732726638248,2968.25969512426,10.192263203735754
2023-01-03 11:16:00,2422.6845369073817,70.72933516723651,20.816613995713777,141.4063723224691,4.846368737314087,901.7113972300091,2961.913258197955,10.197526506769458
2023-01-03 11:17:00,2423.0846169233846,70.5903298208575,21.99172342678604,141.0890252537947,5.2063504091338935,902.7729710287114,2977.5480758856866,10.218808811051044
2023-01-03 11:18:00,2423.484696939388,68.99204297766875,22.309813542938667,140.26902561491244,5.417317994400617,905.398938666097,3010.0983801023467,10.237360231884812
2023-01-03 11:19:00,2423.8847769553913,71.05525957263671,22.068519333079834,140.77826006735881,5.106314983597108,902.3707827872337,3001.718490199321,10.225444536572573
2023-01-03 11:20:00,2424.284856971394,70.24298516571716,21.794209362187203,141.16491066498708,5.28808273519559,903.2338965346845,2988.3061824654965,10.231232117574244
2023-01-03 11:21:00,2424.6849369873976,71.19873947118914,20.797260818516257,142.1753780375602,5.119828658772637,892.1914168170331,2980.186684491451,10.189031071662646
2023-01-03 11:22:00,2425.085017003401,70.38022316690481,21.070686357074297,141.90328535496585,4.84693477359588,901.1556259650722,2968.3766907641657,10.198406790691736
2023-01-03 11:23:00,2425.485097019404,67.39360063864174,23.782097337222318,139.6110057483045,5.42697585058875,917.8479522207462,3050.986040802727,10.273646994041304
2023-01-03 11:24:00,2425.885177035407,69.34079599490668,22.529997735062363,140.5033659581351,5.296528397069894,907.1201713527788,3009.4624077393137,10.248590462945272
2023-01-03 11:25:00,2426.2852570514106,70.98737319242827,21.41485587768076,142.46385966494276,4.996972149451512,899.7806423917624,2957.92533702013,10.21136828625968
2023-01-03 11:26:00,2426.6853370674135,70.49877775113349,21.679678195023435,141.13176626784835,5.186856110878838,900.2102047968149,2993.9783114089682,10.22806405389929
2023-01-03 11:27:00,2427.0854170834164,70.15123530994542,21.913422569374095,140.30038018148258,5.131097308192721,902.7368312745987,2985.222656389358,10.214418933432365
2023-01-03 11:28:00,2427.48549709942,69.7974523054962,22.42047439058138,140.64822335617816,5.235066239925431,909.5846205621184,3004.525285621046,10.229347937715394
2023-01-03 11:29:00,2427.885577115423,69.84805929686779,22.522617095342987,140.45315757313577,5.263929692392517,904.2196751192391,3007.2939701629166,10.22596292649514
2023-01-03 11:30:00,2428.285657131426,70.14802373368133,22.255398993412225,140.5483262034809,5.167662825550353,899.0138092060616,2983.604376212433,10.200952282786453
2023-01-03 11:31:00,2428.68573714743,71.01009257764686,21.331486572648764,142.29017541826596,4.993273547968782,903.2156512673399,2960.14607904705,10.190462885408277
2023-01-03 11:32:00,2429.0858171634327,70.20612936275673,21.550811098954654,141.18118925902573,5.122820340508354,902.7630786796653,2982.17186047213,10.22259091688665
2023-01-03 11:33:00,2429.4858971794356,70.25452973654187,21.39298085225984,140.44318278387834,5.2646776605825565,901.7225115434696,2976.749871104204,10.205600197107378
2023-01-03 11:34:00,2429.8859771954394,70.10255730697341,21.61807977785446,140.4584247239163,4.9342791278652545,907.8402790158467,2981.294523102666,10.206118186914003
2023-01-03 11:35:00,2430.2860572114423,69.47510210107681,22.706187308426223,139.89455152472902,5.468659566615938,907.3287205405176,2999.707530281097,10.221477888364388
2023-01-03 11:36:00,2430.686137227445,70.91928425651507,21.17494556908507,141.7246749321712,4.958776730136809,902.7185885946071,2967.9927684848567,10.20602835010798
2023-01-03 11:37:00,2431.086217243449,71.08478088174468,21.08579706309971,141.83155759112486,5.049698559846115,898.0456149909663,2964.2303868464633,10.219325534922817
2023-01-03 11:38:00,2431.486297259452,69.78269766689787,22.05921716458051,141.28247237592436,5.130562031641229,907.9339301700187,2990.5288371866322,10.228505773854168
2023-01-03 11:39:00,2431.886377275455,71.61155752710962,21.305025113555004,142.01917060065355,5.143264094363,895.9775197792927,2971.0856008094197,10.199716664918212
2023-01-03 11:40:00,2432.2864572914586,69.62271041833077,21.604109372936218,140.78385945684624,5.178746190217325,896.389588880027,2982.4683209451255,10.195387925074465
2023-01-03 11:41:00,2432.6865373074615,70.48682791822301,21.603337620630583,140.6774915461282,5.1625401896419865,903.4882890193517,2954.1128363034773,10.180872987791892
2023-01-03 11:42:00,2433.0866173234645,71.6478455456483,20.534744608264873,143.11443542568378,5.095523085742597,898.5775983884913,2956.3360386395257,10.186045834032107
2023-01-03 11:43:00,2433.486697339468,70.46726806297502,21.223182396456178,141.7563393581967,4.947450609177607,902.2250723582065,2954.5939282808163,10.20011964307243
2023-01-03 11:44:00,2433.886777355471,72.09638402811954,20.854332605934125,142.48149590967765,4.911104382896689,894.0673804164727,2955.8342828413984,10.15581714313199
2023-01-03 11:45:00,2434.286857371474,69.99594672020146,21.459393893882407,141.8893328280853,5.2940115853153396,900.1108450102457,2962.602335364373,10.196800182548637
2023-01-03 11:46:00,2434.6869373874774,67.99577659121366,22.554547095094254,140.06892784167783,5.3373165031050664,908.7557240134746,3020.654865883881,10.269581633478909
2023-01-03 11:47:00,2435.087017403481,68.66118336550798,22.22187002968682,140.44881968328377,5.446285574792093,913.4873170652329,3008.2445478800537,10.242850515682969
2023-01-03 11:48:00,2435.4870974194837,69.41508253824865,22.64336538235532,140.67294966829346,5.291466686337458,905.7899484158027,3017.006216342442,10.236119576840014
2023-01-03 11:49:00,2435.887177435487,68.83305123382227,22.880736135591597,140.38732102834547,5.404695061125882,908.5048051004906,3015.919285835085,10.248334299831553
2023-01-03 11:50:00,2436.2872574514904,71.16094316708133,20.83344913422671,142.2817076752344,5.04885184960682,899.041823247901,2966.890426364031,10.19348037870073
2023-01-03 11:51:00,2436.6873374674933,71.06200291390282,21.409311864626176,141.08649838503055,4.962973059022925,897.2286416272303,2972.504415052814,10.195093835156829
2023-01-03 11:52:00,2437.0874174834967,70.0443351701773,22.30995659437574,141.27821857543032,5.254657518440109,903.606710240084,2989.571433928499,10.22227145768769
2023-01-03 11:53:00,2437.4874974995,72.21062799541082,19.702558973023176,142.95425283320304,4.870811896920758,888.5095974150717,2953.752150601596,10.165202007190459
2023-01-03 11:54:00,2437.887577515503,70.43501499308822,21.14913358631102,141.94019058803812,5.114490285837948,899.6563190690092,2983.4736674533638,10.202819484095068
2023-01-03 11:55:00,2438.2876575315063,69.82456292858066,21.325042805810973,140.92696990874816,5.126401209063334,894.8422464787961,2977.2473422966,10.209321773669329
2023-01-03 11:56:00,2438.6877375475096,70.62541925606307,21.15082710384059,141.3043653131915,4.944346254531808,899.9660674857314,2963.1572600979016,10.17579480428336
2023-01-03 11:57:00,2439.0878175635125,70.7916255656186,21.4932706773024,141.02763168575748,5.070374975776753,897.1360411482041,2976.9542761564758,10.201746114072181
2023-01-03 11:58:00,2439.487897579516,70.21433159374278,21.674979866085746,141.3786844122756,5.158799975965799,899.438965320578,2982.011711386258,10.220686385259546
2023-01-03 11:59:00,2439.8879775955193,70.43924189736424,20.98396378778531,141.51293822984266,5.1819571276462915,899.0002913528998,2969.0029071890654,10.197993491488793
2023-01-03 12:00:00,2440.288057611522,72.20505789492876,20.9711257406722,142.29458495473045,5.079655446052421,895.550474018668,2943.4882546265717,10.178576591089696
2023-01-03 12:01:00,2440.6881376275255,69.09960955571407,22.635217645163365,140.37441816474507,5.301450836886925,912.9115610593134,3021.131813268975,10.2531205422868
2023-01-03 12:02:00,2441.088217643529,70.14566645513747,21.583673753179,141.58296792035176,5.235714613673817,899.7547230802584,2965.5305279826453,10.209839033659177
2023-01-03 12:03:00,2441.488297659532,68.66912239894961,22.93883981875535,140.20829605062102,5.412803472125792,910.8403526783296,3010.185948183058,10.245281121491299
2023-01-03 12:04:00,2441.888377675535,68.03318143259996,23.377307519053204,139.7500815034055,5.564247451640341,906.2739919996943,3012.6078821850438,10.25199113774068
2023-01-03 12:05:00,2442.2884576915385,71.1636780285508,21.61177986372447,141.06941891982817,5.215840318311995,902.1308654065963,2969.0973059877583,10.19969743700485
2023-01-03 12:06:00,2442.6885377075414,70.76454128467773,21.5466091998863,142.19368167368887,5.100978076977341,897.7602010825758,2988.670587979311,10.186096982091437
2023-01-03 12:07:00,2443.0886177235448,67.97433488635677,23.160133087526816,139.6917328663041,5.423296160689143,913.2114792690196,3019.1844204381273,10.269785783859916
2023-01-03 12:08:00,2443.488697739548,69.86288008318965,21.03220844275705,140.68063246085643,5.131668003862586,903.6239368393366,2982.4627646414538,10.209449426951142
2023-01-03 12:09:00,2443.888777755551,69.90747268736823,21.621667731266513,142.21512050215097,5.184071087888644,902.909537067733,3002.9728403395093,10.209529766187563
2023-01-03 12:10:00,2444.2888577715544,69.66236005763042,21.900553799701218,141.05774799218364,5.178383365816345,904.2542088068552,2992.0810713653855,10.221206783460179
2023-01-03 12:11:00,2444.6889377875577,70.16297697693285,22.045722927564594,140.5501609852358,5.280025900085632,907.2620415426629,2984.0008207173078,10.226920450832447
2023-01-03 12:12:00,2445.0890178035606,69.18326616514598,22.65956236883982,140.1550994520355,5.268629512337457,903.6866859285219,2992.749354501134,10.223613840840205
2023-01-03 12:13:00,2445.489097819564,69.827832508988,21.973252695173343,140.5022695356653,5.284938217152097,903.7403015868416,2984.07412516257,10.21606626518485
2023-01-03 12:14:00,2445.8891778355674,70.91291122099453,21.134413631393468,141.38070065067114,5.066894366277883,899.3425479664187,2977.6783823188775,10.20011642225482
2023-01-03 12:15:00,2446.2892578515703,70.2760729136138,22.048735840910982,141.43685569469832,5.166232232759052,909.3122605231155,2998.5572350027787,10.227054348802337
2023-01-03 12:16:00,2446.6893378675736,70.27624280371785,22.103476541788403,141.7256750085615,5.276668251354717,906.2862168801906,2979.8837938743422,10.218247325812264
2023-01-03 12:17:00,2447.089417883577,69.73564950295899,22.476186227701255,140.697345752066,5.130710748685756,904.4930867769391,2989.748502104237,10.214709027832361
2023-01-03 12:18:00,2447.48949789958,70.46361417862445,21.456585619184484,141.35789263420594,5.20735901465611,901.00673111234,3000.354188759062,10.219280861080899
2023-01-03 12:19:00,2447.8895779155832,69.30289451665378,21.747590657447127,140.95810317130915,5.297433716725351,906.1176382642554,2993.565602869682,10.240337698988535
2023-01-03 12:20:00,2448.2896579315866,70.897624604427,21.211994615837394,141.6609637199609,5.073308311070202,896.2187190710813,2982.84849920225,10.184643060511098
2023-01-03 12:21:00,2448.6897379475895,70.4585698716336,21.203871819269168,142.411165092879,5.092779389004974,903.1088588065415,2954.2829061174543,10.197001795660737
2023-01-03 12:22:00,2449.0898179635924,69.9863847636859,21.741961976381134,140.47996537471653,5.240982358169732,909.0707224960722,3000.6701283931106,10.217250484540513
2023-01-03 12:23:00,2449.489897979596,71.97168328026297,20.914268693741718,142.47128010953497,5.018583006475715,897.8519103646694,2958.439574718711,10.183889279346646
2023-01-03 12:24:00,2449.889977995599,68.99529473576514,21.94213949856976,141.53476927191517,5.119405123922764,904.4040859538054,2986.2521673687493,10.22150771095295
2023-01-03 12:25:00,2450.290058011602,69.08470348645362,22.5753923296538,139.9359230040517,5.413347176433445,911.7964245760348,3016.3386045600428,10.233292309628807
2023-01-03 12:26:00,2450.690138027606,69.72779412722932,22.10561735902607,141.19750391910148,5.293414685290114,906.9931263181315,2996.1387883492566,10.215834260389878
2023-01-03 12:27:00,2451.0902180436087,69.09564395471497,22.119543199520905,139.7329597777745,5.237821328120477,912.0185921363121,3018.2570742466773,10.238184088007102
2023-01-03 12:28:00,2451.4902980596116,69.64654926677373,21.09551169667467,141.53741985820372,5.08338106738506,899.4546958113475,2988.6842189557,10.20762578426
2023-01-03 12:29:00,2451.8903780756154,69.14652390471332,21.92788231145252,141.05553809160213,5.3496443875140125,909.0410370972423,2977.161125835087,10.216705213058558
2023-01-03 12:30:00,2452.2904580916183,68.67956332442618,23.020051443080344,139.5980447744961,5.21532772413579,912.354111372333,3015.3282612785706,10.251506938546221
2023-01-03 12:31:00,2452.6905381076213,70.14929859251484,21.439556599816946,142.3371776577237,5.046625303419047,902.9271510889365,2968.4374551349074,10.200778471724721
2023-01-03 12:32:00,2453.090618123625,67.69097481227989,22.204033267523638,140.63045744373682,5.380013531944545,911.1220988700617,2991.438376736104,10.221075999413852
2023-01-03 12:33:00,2453.490698139628,70.3274697804038,21.932410856636075,141.84653080106187,5.063331785527164,903.3146520098726,2973.710618676278,10.21360078132449
2023-01-03 12:34:00,2453.890778155631,71.93794802966123,20.489595178502046,141.530271953087,4.881422979283736,898.0044967784356,2953.474196860196,10.170275447923181
2023-01-03 12:35:00,2454.2908581716347,69.6312553483952,22.214608552806375,140.5579900959492,5.0906857626584054,901.565140011347,2996.348143270511,10.215408460866918
2023-01-03 12:36:00,2454.6909381876376,69.58601136094289,22.711988981085316,140.46506138404854,5.4103140487671055,908.1360996325403,2989.981439339572,10.23858211034933
2023-01-03 12:37:00,2455.0910182036405,71.47333181631282,20.422857636961925,142.79643963391982,4.886399808349674,896.2274440614493,2954.6735587067774,10.178588105181408
2023-01-03 12:38:00,2455.491098219644,70.63538404036615,21.037695236710125,141.71141897941456,5.152623979505419,899.7363575739449,2981.9753492466925,10.180960882467504
2023-01-03 12:39:00,2455.891178235647,70.15428322967372,21.258935246184933,140.94452879028054,5.054448012610654,904.1947392673737,2977.173344759406,10.195917237315191
2023-01-03 12:40:00,2456.29125825165,70.95710848509454,20.48064560168191,142.25308929714635,4.749488937950018,892.8424579062752,2958.36416668953,10.188703738135588
2023-01-03 12:41:00,2456.6913382676535,70.16463574897182,21.783847760784447,141.82005043458025,5.169660889205583,902.6698000553238,2998.2540868238407,10.205385947403814
2023-01-03 12:42:00,2457.091418283657,69.96536640305317,21.46536810170623,141.39451620315765,5.271118348527526,902.6861194247497,2986.5693909026186,10.213097476028564
2023-01-03 12:43:00,2457.4914982996597,70.12890462179985,21.240771379885487,142.3046903070168,4.986579112747464,901.980304138702,2966.137227914679,10.209177490855076
2023-01-03 12:44:00,2457.891578315663,67.56081201155703,22.52156698686698,139.24215090285574,5.58869302434638,913.3436667957048,3040.480632473277,10.255289244455504
2023-01-03 12:45:00,2458.2916583316664,69.97620205105524,22.362448687623058,140.91714037700518,5.1203081672328645,907.4732446458685,2994.3415986826744,10.215587916660406
2023-01-03 12:46:00,2458.6917383476693,69.83898309395018,22.44655907204511,140.38047502947194,5.255133607722594,906.9052809200153,2998.3936844185328,10.218238720347543
2023-01-03 12:47:00,2459.0918183636727,70.96559304296673,20.87761384606018,141.9309654649888,5.059210028293473,897.0446816304544,2954.399382475558,10.172691631885739
2023-01-03 12:48:00,2459.491898379676,69.95018285504842,22.12382256363664,141.68323280606361,5.156663377715075,908.237945642834,2998.6470177157785,10.22865058338594
2023-01-03 12:49:00,2459.891978395679,71.60088368342636,20.165865749055317,142.25252595322945,4.8703504167772005,895.7975044954568,2937.6227862841174,10.162371085328616
2023-01-03 12:50:00,2460.2920584116823,70.37144674490516,21.45353057127001,141.33716720465947,4.848599587753137,897.9887218411519,2966.305262747517,10.199858298449668
2023-01-03 12:51:00,2460.6921384276857,69.29488864469837,22.19119608499558,140.71225959139767,5.224670321501286,903.3978646717045,2987.850045367498,10.22640511207171
2023-01-03 12:52:00,2461.0922184436886,70.4471657334268,20.183018034966654,141.34141432102507,4.987154117153957,898.383020757888,2964.427439776085,10.185668899495651
2023-01-03 12:53:00,2461.492298459692,70.67804863076488,21.11227540752316,141.19594477684737,4.970263023208224,906.5942615615378,2971.0596983954965,10.17980358278909
2023-01-03 12:54:00,2461.8923784756953,69.84214297024255,22.180365278365205,141.07580909260525,5.270412859108494,909.8634769491343,2976.0523838422178,10.221193886766606
2023-01-03 12:55:00,2462.292458491698,69.83404467238375,21.292885691043214,142.08568593795397,4.929752046118371,897.4568359285546,2980.887655122217,10.182433739926337
2023-01-03 12:56:00,2462.6925385077016,69.38722270075968,21.370848753097707,141.11773716424284,5.117286041253746,906.9731298569466,2977.2955526427363,10.233357052452954
2023-01-03 12:57:00,2463.092618523705,68.34847722936455,21.97145518535027,140.90610108354136,5.425789700223436,910.0817765797061,3006.9610619498962,10.252753561365594
2023-01-03 12:58:00,2463.492698539708,68.56475776487441,22.839691201662223,139.75867937105815,5.460921432706873,905.0897148388492,3008.0920256794047,10.249502293697661
2023-01-03 12:59:00,2463.892778555711,68.82350926056357,21.778489541583987,140.37979144835037,5.201650996978138,902.948157789044,2993.1027437147823,10.225656236014254
2023-01-03 13:00:00,2464.2928585717145,69.80089674235701,21.594660634651035,141.0753818776731,5.309068595661538,904.6303534630656,2977.820946751287,10.200348569449375
2023-01-03 13:01:00,2464.6929385877174,66.96380176908595,23.665783282733557,139.68849655471038,5.769536386211405,910.0341380597671,3035.431460116128,10.258100140423348
2023-01-03 13:02:00,2465.093018603721,70.33183670065688,21.57077256489468,141.50450620997017,5.012477037548826,907.9785720021596,2988.360457724683,10.187165657393239
2023-01-03 13:03:00,2465.493098619724,69.49551977453997,21.706317019713577,141.36665253604164,5.258997575512617,906.2585237959152,2994.9890694352466,10.23618053644121
2023-01-03 13:04:00,2465.893178635727,71.01063802023275,20.348317177237583,141.63768120479776,5.032692165603811,903.8112194780741,2965.4681854688924,10.201972070730442
2023-01-03 13:05:00,2466.2932586517304,70.92573378718653,21.709630483048148,140.67403466278088,4.945895053954723,897.3632422269226,2967.9584835058,10.185232389573894
2023-01-03 13:06:00,2466.6933386677338,69.80690345667857,21.643379388756056,140.5420965428233,5.082939110977988,907.5403736672438,2989.9492774891805,10.22644115419625
2023-01-03 13:07:00,2467.0934186837367,70.62023675744085,21.821388621523262,141.44637015405547,5.173175689022039,906.9214819165919,2973.888618278192,10.239187511450128
2023-01-03 13:08:00,2467.49349869974,70.69914042571368,21.4434312933026,141.29454677835182,5.11568736972376,902.4854128195013,2964.616988637584,10.203727064398533
2023-01-03 13:09:00,2467.8935787157434,67.78014038596841,22.328173569547346,140.0746761911907,5.329404481683829,914.0849386437078,3002.9877585681993,10.234984080298828
2023-01-03 13:10:00,2468.2936587317463,70.58014639096355,21.39098738363309,141.22727126220286,4.917671717921523,899.9321000134543,2976.515763451286,10.19352668158323
2023-01-03 13:11:00,2468.6937387477496,69.89538317658037,22.35269628125956,141.008839950326,5.239560786451708,906.1385167211151,2978.926430393829,10.216490046545067
2023-01-03 13:12:00,2469.093818763753,69.26896636585244,21.65633393123326,142.36488175074277,5.134646872739265,902.4231597709764,2974.569277724823,10.211029238200892
2023-01-03 13:13:00,2469.493898779756,67.94256628228953,22.61836724359562,139.44440990063393,5.362206886007558,910.8098259993943,3019.5799397587393,10.237086553109648
2023-01-03 13:14:00,2469.8939787957593,69.30775901716606,21.741766321582304,141.07179770565187,5.04307889124821,905.2449035278441,2970.476054126832,10.192921872460575
2023-01-03 13:15:00,2470.2940588117626,69.46358491643578,22.113430262167803,141.0857160372816,5.220310850649528,907.9234947521948,2969.793680291519,10.217713079129114
2023-01-03 13:16:00,2470.6941388277655,70.190007527391,21.771468741757847,140.93479516349163,5.145381355009952,904.126292765865,2970.5808806738996,10.220149683812158
2023-01-03 13:17:00,2471.0942188437684,69.12184055912117,22.41529232762414,139.47545248308944,5.274831545993366,910.6606107734242,2996.5778614757933,10.244705806838393
2023-01-03 13:18:00,2471.4942988597722,68.65425897118372,22.370024335060645,141.08727278526763,5.085245257680461,903.4927494631334,2990.1802653313052,10.211001670345786
2023-01-03 13:19:00,2471.894378875775,70.2296741052143,20.835368215450305,141.68930275208163,5.155063673390365,901.5930839519078,2970.5605972888616,10.196687834789364
2023-01-03 13:20:00,2472.294458891778,69.47915725030398,21.978133734876863,140.74117202397866,5.105285178040222,906.4858424139526,2991.1906737083023,10.220355383772926
2023-01-03 13:21:00,2472.694538907782,68.2286118619284,22.735340163355968,140.84213821820651,5.50733525123868,907.833602966677,3001.232751270058,10.226579417419847
2023-01-03 13:22:00,2473.0946189237848,68.30123765895082,22.13943426877825,140.44612413388447,5.214278118089999,899.3222675124873,2997.4936907595807,10.224734234986247
2023-01-03 13:23:00,2473.4946989397877,67.76559108551194,22.80332310313781,139.94182774315183,5.503066505416101,914.9796186485578,3018.972903909378,10.242417830678992
2023-01-03 13:24:00,2473.8947789557915,66.7327562864971,23.203285269310317,139.85464433470057,5.553635559128102,911.6041771272579,3028.932798632042,10.266718159258854
2023-01-03 13:25:00,2474.2948589717944,69.74933895207671,21.527499416434033,141.85179492942075,5.04730633733992,900.3389355598968,2996.530229613744,10.214402126730931
2023-01-03 13:26:00,2474.6949389877973,69.09614828144645,21.729106247208463,141.0246097414283,5.367918304464992,903.8850980736537,3002.5484582432864,10.225721604086765
2023-01-03 13:27:00,2475.095019003801,67.82365308856596,22.75579830741324,140.47548546828045,5.348131306773166,907.4573831573994,3011.835271085078,10.248941536811406
2023-01-03 13:28:00,2475.495099019804,68.51147741670803,22.483523015773635,139.21229550227906,5.433433494778283,908.4380025254379,3014.5583512653116,10.230052896357941
2023-01-03 13:29:00,2475.895179035807,70.63565110034234,20.874806776559176,142.74388668297084,4.727989251142267,895.9004559877204,2938.8924491023035,10.175374939311425
2023-01-03 13:30:00,2476.2952590518107,68.8654923348489,21.9185292463056,141.0325017825108,5.078704114294259,905.6594979352872,2986.874159793467,10.203423615570768
2023-01-03 13:31:00,2476.6953390678136,70.97156175259309,20.80183136525664,143.1419129847859,4.851382881384786,894.772121837145,2965.33132939893,10.171011386290793
2023-01-03 13:32:00,2477.0954190838165,68.91549969279166,21.50025736121742,141.3306664049483,5.212373989445614,903.6842201758487,2976.994513051331,10.225113970802331
2023-01-03 13:33:00,2477.49549909982,67.46612219036749,23.157719305743246,139.72358279525884,5.461128671894989,908.6250991861888,3020.8182711996583,10.259476667553036
2023-01-03 13:34:00,2477.8955791158232,69.45285934394397,21.973065574914493,140.9519847448057,5.330604048043398,910.7260657195077,2977.3384994221406,10.217644388406805
2023-01-03 13:35:00,2478.295659131826,70.22891547124469,21.839756498803137,141.34431696224016,4.931673676007092,901.4431534208995,2977.4505467215686,10.209459767093692
2023-01-03 13:36:00,2478.6957391478295,68.73527525312043,21.833592515985604,141.0356227353409,5.157161170954671,906.9072034880543,2969.8806743144955,10.239120019199712
2023-01-03 13:37:00,2479.095819163833,68.11787181790784,22.084004642151434,140.53423389690798,5.204177066067671,905.4164663835162,3001.842033166875,10.231812150169127
2023-01-03 13:38:00,2479.4958991798358,68.7151482316841,22.074578272964324,141.01081715887702,5.068578077240243,907.0423251092413,2986.83715626328,10.214458836826504
2023-01-03 13:39:00,2479.895979195839,67.00591235609235,23.270581487726925,139.73937959953082,5.456025661409016,916.6871768077923,3042.6883541695092,10.255857089815397
2023-01-03 13:40:00,2480.2960592118425,68.76446908440496,21.948485113930438,140.17532165682366,5.09116666825824,908.8255334476792,2986.9902652431724,10.238498322654776
2023-01-03 13:41:00,2480.6961392278454,68.91125573747696,22.011732549187013,140.76704845323374,5.102260031461537,910.1538670652853,3005.170050690362,10.247757144955617
2023-01-03 13:42:00,2481.0962192438487,68.11423101574638,22.63864062561567,140.81000755080376,5.09109387047982,909.078072960095,3005.728218905148,10.22948611809552
2023-01-03 13:43:00,2481.496299259852,68.93983063853914,22.77068741183588,139.91140458624204,5.376599559867973,909.9912468880196,2992.83013321727,10.233091733547415
2023-01-03 13:44:00,2481.896379275855,69.36143042322857,22.166945277459927,140.48834062397228,5.1299294528114885,906.1597187177272,2987.614335143682,10.219386077356601
2023-01-03 13:45:00,2482.2964592918584,68.50384829348579,22.4277046651601,140.5365018231543,5.295747236887319,909.1719594998515,3017.5105708519773,10.231423479424958
2023-01-03 13:46:00,2482.6965393078617,69.23030138435436,21.10606836012251,141.90429617604215,5.149463428878306,905.6699461300512,2955.3852379205746,10.220522586615507
2023-01-03 13:47:00,2483.0966193238646,67.00328423767694,23.083783422259433,139.0853826827914,5.347039710935013,912.831482422246,3011.733476391139,10.25421865493589
2023-01-03 13:48:00,2483.496699339868,69.13635184241363,21.867582126827205,142.2620948470682,4.900423852696745,898.8703673360393,2981.793530461654,10.207150423470864
2023-01-03 13:49:00,2483.8967793558713,69.66282860690205,21.278071124395073,142.62320183887638,5.149383537332673,905.1901619591363,2979.3152475796587,10.212881503782338
2023-01-03 13:50:00,2484.2968593718742,66.98683301723982,23.55297389520629,140.40297160649973,5.422116728650319,914.2472863218248,3028.8571671682093,10.265506666694153
2023-01-03 13:51:00,2484.6969393878776,67.65393197820534,22.564455935981314,139.74353756779783,5.579422886526558,908.2947607696365,3008.5238623364075,10.244540204536666
2023-01-03 13:52:00,2485.097019403881,68.36845966654094,22.460632316338135,141.28889208270107,5.261884140041844,905.4341347922866,2998.9600039575344,10.223969225524517
2023-01-03 13:53:00,2485.497099419884,66.87594550523035,23.395931390893775,139.47271636433805,5.542747494778163,917.7089129029481,3020.9161037454232,10.241351068026212
2023-01-03 13:54:00,2485.897179435887,69.09628870332931,21.3130202641055,141.3521929684852,5.0496068138967285,906.4162546659659,2972.3572532671337,10.22281409349351
2023-01-03 13:55:00,2486.2972594518906,68.91621158138844,22.031089272163673,140.48064436516594,5.287543149510497,905.7508447881105,3005.0847386243063,10.222040580558264
2023-01-03 13:56:00,2486.6973394678935,67.99687590267644,23.00267396421524,139.88137233992634,5.525097890448294,914.296032507218,3028.0596169454643,10.256359518157826
2023-01-03 13:57:00,2487.097419483897,69.56621017885267,21.475198683888486,141.1874504670563,5.279187494636149,903.0894232491903,2970.3109181897025,10.228225953053286
2023-01-03 13:58:00,2487.4974994999,66.76163506504481,23.606551626329736,139.05775424845257,5.686027024501307,917.2303716147803,3038.8525663763016,10.263851287168768
2023-01-03 13:59:00,2487.897579515903,69.4696780347898,21.993993419558915,141.664230799245,4.946021705537719,907.8338990420526,2997.7740539781566,10.221312986104863
2023-01-03 14:00:00,2488.2976595319064,68.00669673080152,22.42475466649647,141.25298420848506,5.155842394106255,906.7800420705865,2981.2355292965876,10.228300921731426
2023-01-03 14:01:00,2488.69773954791,68.29002620474438,22.035466377658274,141.50116295416333,5.025414396383964,906.989686321314,2985.2171411410977,10.217946847713268
2023-01-03 14:02:00,2489.0978195639127,69.69258111571847,20.864411005595148,141.25806821087892,5.148598487564699,906.1001641794292,2971.6953085775267,10.206954333515261
2023-01-03 14:03:00,2489.497899579916,69.82767622203566,22.031613484594324,141.45042258715753,5.038724762839181,905.0573582323449,2979.9313586760964,10.202830295078252
2023-01-03 14:04:00,2489.8979795959194,67.31007689546233,22.543022093565675,139.5129684721469,5.414647463310985,909.5489108120537,3022.304790388361,10.259466248601889
2023-01-03 14:05:00,2490.2980596119223,69.61439958160429,21.5528769535308,142.3042602774435,4.960508702346412,906.1102151231672,2963.207403153741,10.191728384369545
2023-01-03 14:06:00,2490.6981396279257,66.20279315729769,23.29217406883464,139.74687994806578,5.647607707418407,909.4760544588711,3026.4303770456563,10.283007877719347
2023-01-03 14:07:00,2491.098219643929,68.8806024874965,21.944587289869023,141.43909904625949,5.2388648723908195,903.7551075552066,2987.969074419828,10.222057229784966
2023-01-03 14:08:00,2491.498299659932,68.67732942995318,22.488170690924974,140.02873026261267,5.224739653161375,905.9193066689097,3016.805186305647,10.218005432944684
2023-01-03 14:09:00,2491.8983796759353,69.36717836521372,21.437540234570474,140.957208056884,5.257232323510211,901.6256242372395,2982.4598743091574,10.210822246395912
2023-01-03 14:10:00,2492.2984596919387,67.90031317736361,23.072218819061327,139.88457068416378,5.517076038063303,911.3737727009864,3030.5396167051276,10.23616249416268
2023-01-03 14:11:00,2492.6985397079416,68.7420797515157,21.919574991470277,141.04182504101323,5.193906875752964,906.6665000155944,2994.637512525699,10.220516901766267
2023-01-03 14:12:00,2493.0986197239445,67.63942705321816,23.121001265742017,140.65873438911413,5.411398600899792,909.2545434106531,3024.472152657291,10.217173249091376
2023-01-03 14:13:00,2493.4986997399483,68.3600080033827,21.87176794396756,140.13632916709443,5.371247901800748,904.200092241797,2985.3839893868667,10.210305267845646
2023-01-03 14:14:00,2493.898779755951,68.83065159563051,21.87290689138986,141.69726690988597,5.19737667856975,903.9809415871033,3002.62705202667,10.225397305283199
2023-01-03 14:15:00,2494.298859771954,69.5945226657722,22.119194150429344,141.73534375693072,5.109379492143455,898.7199399408217,2976.4593467388686,10.209181758925931
2023-01-03 14:16:00,2494.698939787958,67.22966966138824,22.676075984403163,140.7396026649589,5.508231854378566,910.7537001366575,3023.2741663124007,10.260486429033515
2023-01-03 14:17:00,2495.099019803961,68.55144543541468,22.486951567324684,140.38505773047544,5.328632025337703,910.7163294150837,3005.106185381838,10.220887916995897
2023-01-03 14:18:00,2495.4990998199637,68.6918573721643,22.694187946207926,140.79301509434558,5.180189826371542,909.3144726282587,3037.4260486339867,10.238465838219142
2023-01-03 14:19:00,2495.8991798359675,68.69973288629858,22.295052135991856,141.66203933618164,5.1291313839795025,905.6798339474757,2993.3725141180544,10.21662768352404
2023-01-03 14:20:00,2496.2992598519704,69.91662083586722,21.04342508114279,141.57037910789245,5.143867451828139,901.7316913819607,2965.426294860804,10.183930668165958
2023-01-03 14:21:00,2496.6993398679733,69.01577041340852,21.2752196846158,141.25265122746927,5.1174622297389565,902.7195132167067,2968.8974898833417,10.199715391235932
2023-01-03 14:22:00,2497.099419883977,66.9100449951585,23.36337216954023,138.78766072471805,5.544083540611305,914.9708078086303,3017.9533077739593,10.256184225487901
2023-01-03 14:23:00,2497.49949989998,67.73383624201387,23.06601604944858,139.74694899583776,5.355044175942015,910.6310337770901,3006.239803748068,10.252594373237757
2023-01-03 14:24:00,2497.899579915983,68.34961603633525,21.685154697983002,139.38746956856028,5.3988105710984176,908.1337570755571,2993.320849805541,10.229348354671856
2023-01-03 14:25:00,2498.2996599319868,67.54920786034548,22.126366769964328,140.35723900687907,5.180888379324562,903.164788128122,2995.6675514395397,10.250468744471975
2023-01-03 14:26:00,2498.6997399479897,67.62578705695688,22.56321156424531,140.1707294871919,5.482717378066068,908.6511405460705,3015.787223440899,10.252683338281384
2023-01-03 14:27:00,2499.0998199639926,68.15541997402029,22.72475848316785,139.62426129730915,5.453117887433546,908.308939340947,3014.469610705334,10.23203402859486
2023-01-03 14:28:00,2499.499899979996,69.31927111873051,21.68225559023027,142.0860261649796,5.19201988913415,898.4104723782854,2967.6212798720767,10.185013538104695
2023-01-03 14:29:00,2499.8999799959993,68.0796187757707,21.931127091827715,141.0120669618005,5.1733084063604675,906.4163431633356,2988.8389285949565,10.233218050203632
2023-01-03 14:30:00,2500.300060012002,69.39385295380484,21.32396167572748,141.4091415495772,5.198942500141296,902.9551451521825,2988.3477362120175,10.20086378585772
2023-01-03 14:31:00,2500.7001400280055,69.7589268011598,22.175982991991756,141.8299592991504,5.218245555212256,900.0490704049565,2988.2397488808992,10.211477822687012
2023-01-03 14:32:00,2501.100220044009,67.81223646906712,23.062278361083507,140.58612480574425,5.302841733090745,908.8777148796312,3007.7096738514256,10.225189445578946
2023-01-03 14:33:00,2501.500300060012,68.35728263798194,21.42360737991858,141.4660226469966,5.123187556535013,898.201892621294,2966.4954545904757,10.199086297044575
2023-01-03 14:34:00,2501.900380076015,67.98837486039892,22.643530290511553,140.01500097897522,5.4024774021069835,908.6051477465801,3003.36811544726,10.254058902720566
2023-01-03 14:35:00,2502.3004600920185,66.41243059433522,23.05974510404785,139.24392694908144,5.621801158601248,912.8203525690517,3030.5126227723936,10.284470800681138
2023-01-03 14:36:00,2502.7005401080214,67.23307075553456,22.89156632279586,140.26582601385624,5.380342299681106,913.3281515849143,3013.5231060835436,10.234839679534854
2023-01-03 14:37:00,2503.1006201240248,68.39960840112391,22.24050516089733,139.74486111228333,5.339762523908612,911.0143282052925,2983.645900763498,10.224221045782922
2023-01-03 14:38:00,2503.500700140028,68.54828369286066,21.815601667157853,140.44795242778164,5.315048690757559,907.8370866823957,2981.2520854116133,10.223850432007932
2023-01-03 14:39:00,2503.900780156031,66.31218496048,23.617553614518968,138.8315033629187,5.478530361711548,912.0429058264486,3042.352156057495,10.295829932809701
2023-01-03 14:40:00,2504.3008601720344,69.7702041520582,20.918295315441,141.60721539358337,4.945401363332104,898.2779178725577,2975.346005625062,10.179665077526735
2023-01-03 14:41:00,2504.7009401880377,67.20221282937052,23.15625857745045,139.74286211243714,5.31463896931832,916.2458412645384,3021.1505991178005,10.255596687029845
2023-01-03 14:42:00,2505.1010202040407,68.34173963984783,21.67523893452008,141.11675925373115,5.170881040175646,897.1951562698746,2977.148163937716,10.189945433134985
2023-01-03 14:43:00,2505.501100220044,66.96152949304579,22.933818222888867,139.5611664739449,5.455124200491192,904.642791522383,3015.436389619668,10.226369843309243
2023-01-03 14:44:00,2505.9011802360474,67.5552295245814,22.810875434385125,140.6273947721955,5.410885757066002,911.8237229590251,3003.2819745737115,10.243500231812297
2023-01-03 14:45:00,2506.3012602520503,67.79919369292593,22.140230415856983,139.73413356183949,5.41505124945718,907.046754262522,3008.7327506946376,10.24369966208185
2023-01-03 14:46:00,2506.7013402680536,67.41431864219506,22.02601565136495,140.87635773297848,5.3614927951997435,911.755822570459,3019.6973345855095,10.23871909322957
2023-01-03 14:47:00,2507.101420284057,66.20430629314528,23.3485539728655,138.86524639437067,5.370430407930782,910.7509223613472,3007.73945816275,10.271039815811594
2023-01-03 14:48:00,2507.50150030006,66.02740725734041,23.0818184936964,138.3222452324875,5.5526023135597855,913.6437728772561,3024.2369411452473,10.274364313631528
2023-01-03 14:49:00,2507.9015803160632,66.21200030513883,23.51854474080306,140.91547897735833,5.538494937419414,915.1577983050562,3014.024431647014,10.258017748283892
2023-01-03 14:50:00,2508.3016603320666,67.78794826991732,22.44557413486659,140.93602381364488,5.4160953305940165,906.1126332103514,3026.91017560144,10.22823245093059
2023-01-03 14:51:00,2508.7017403480695,66.75782868840227,23.416977134949608,139.56110329042804,5.502868187089608,908.93026242497,3027.1442926360796,10.252834968765095
2023-01-03 14:52:00,2509.101820364073,67.32672921103716,22.674574850073967,141.6407099103318,5.3486554857060105,901.8556661982639,2985.475699297632,10.226148411269419
2023-01-03 14:53:00,2509.501900380076,65.41160385466213,23.488728432247548,138.95100053464682,5.6705144433027,913.8944637951276,3040.074379613653,10.267057988052558
2023-01-03 14:54:00,2509.901980396079,66.79633544859921,22.825021039408366,140.76155635377228,5.4011846300774,913.106203892145,3008.759360942272,10.253424232946456
2023-01-03 14:55:00,2510.3020604120825,66.33744962355492,23.58859597999247,139.7828900498541,5.282343594461876,912.9699150553263,3014.8030408038285,10.247753340176407
2023-01-03 14:56:00,2510.702140428086,67.22285843660319,22.39649631171277,139.7118507068338,5.3138514296213835,911.0788948367706,2990.7963723486855,10.239702572390398
2023-01-03 14:57:00,2511.1022204440887,66.45946241048213,23.213855328153898,139.90821215003015,5.541815214286036,913.0101677374427,2999.2193388240826,10.255531575305728
2023-01-03 14:58:00,2511.502300460092,66.31684319571262,22.54590305557612,139.64371781316618,5.256873011189564,910.6548126374303,3002.5256136025587,10.247516401220091
2023-01-03 14:59:00,2511.9023804760955,68.24968889769812,21.67361461224618,141.21041806856078,5.054074314598703,900.6840534601323,2968.6940735937383,10.213307334717358
2023-01-03 15:00:00,2512.3024604920984,67.46740492226756,22.77742185214952,140.83069562331937,5.415603336391898,905.4614358249434,3024.151829410291,10.24168920007789
2023-01-03 15:01:00,2512.7025405081017,67.00234611422337,23.150862796341993,139.74053113561988,5.493439942553782,911.729130546485,3007.3236150205566,10.2399846551816
2023-01-03 15:02:00,2513.102620524105,66.70150092385761,22.518244002821746,140.6683187429877,5.225696965094355,905.4633048045988,3002.5960629580973,10.258827492951397
2023-01-03 15:03:00,2513.502700540108,66.53140921310984,23.258596134471322,140.1800797063792,5.4335933307765565,914.372867328291,3024.347379086378,10.263112381365856
2023-01-03 15:04:00,2513.9027805561113,65.36041867641725,24.09761839108203,138.81287581366752,5.7222244426036255,918.0632962509525,3042.346841778662,10.277213520477723
2023-01-03 15:05:00,2514.3028605721147,66.95359505938472,22.626802937903438,139.537383691242,5.276045087987924,911.4579781077598,2985.783469463697,10.232863938850347
2023-01-03 15:06:00,2514.7029405881176,68.00533820528183,21.652623635235226,140.36968185174854,5.198891678931544,903.6225556301343,2980.3713872584503,10.22150469939228
2023-01-03 15:07:00,2515.1030206041205,66.85582975590229,23.3987548403445,140.30420686161312,5.265980635981246,909.469368330945,3022.0404764317677,10.255094278791319
2023-01-03 15:08:00,2515.5031006201243,65.7479552753324,24.118677475352488,138.5652172406278,5.711870301931447,919.2063574133593,3052.465886542883,10.27112597513104
2023-01-03 15:09:00,2515.903180636127,66.05329047279021,23.597535411077057,139.1868350756078,5.456180611284817,913.7917803357079,3032.849439382904,10.270636646133823
2023-01-03 15:10:00,2516.30326065213,67.21951273799652,22.245767447445843,140.7929843763987,5.382406550866735,908.2070364978562,3008.9740005205945,10.238808405234083
2023-01-03 15:11:00,2516.703340668134,68.6505843122024,21.829849775111843,141.57462969765365,5.03552612456717,906.2652075922006,2963.9852836664086,10.202581331179314
2023-01-03 15:12:00,2517.103420684137,66.5950360399269,23.11569961536641,139.59295641226996,5.266763383322431,922.2111472271421,3027.635488937151,10.25832674143953
2023-01-03 15:13:00,2517.5035007001397,63.77322713305004,24.620299183096783,138.72189576623558,5.6154810888343905,914.7862361613104,3058.125799034191,10.28596017518572
2023-01-03 15:14:00,2517.9035807161436,64.4527822763256,24.702152725606556,138.4271405310606,5.7595527847141925,919.0263514775955,3060.7621662926235,10.318199612487604
2023-01-03 15:15:00,2518.3036607321465,66.27036797441166,23.043407388697943,140.30219397398415,5.424908794139507,909.3530889318814,3004.246754313819,10.241512276946086
2023-01-03 15:16:00,2518.7037407481494,67.266271278979,22.56617998307252,140.32676472242122,5.278403417411895,901.7295276823469,2998.1037923702506,10.215478252741008
2023-01-03 15:17:00,2519.103820764153,66.62919184546847,22.25795717346401,140.67115371780173,5.363834665536252,911.747094256586,3018.7496163368123,10.227226079578633
2023-01-03 15:18:00,2519.503900780156,65.34971594400777,23.75663391893118,139.246755293245,5.36967449450012,911.9506701731925,3017.817725157086,10.262635555159589
2023-01-03 15:19:00,2519.903980796159,66.84903852946954,23.440675193156313,139.97017160012214,5.32632953449702,910.8306276642962,3014.4179121321363,10.265526443490694
2023-01-03 15:20:00,2520.304060812163,66.79494180437207,22.833689345395303,139.82368883413412,5.310978436304772,907.1763182304503,3001.8659362711674,10.239396752001085
2023-01-03 15:21:00,2520.7041408281657,64.74138643564575,23.845773472502053,139.2814819509155,5.602914801145124,915.4093756511942,3049.805009438399,10.26599923340255
2023-01-03 15:22:00,2521.1042208441686,65.94428669044213,22.783246155395975,139.93293319483215,5.515254479892928,905.9255320963214,3031.2394618320122,10.259162834674733
2023-01-03 15:23:00,2521.504300860172,66.25777148596208,23.520802548751558,139.50173392605063,5.489934561392607,908.4394877569433,3009.898142710289,10.260599638282283
2023-01-03 15:24:00,2521.9043808761753,68.10496691827623,22.558810894048055,141.5428802449536,5.092994275889197,898.0420258455811,2987.1128476692106,10.20973361006193
2023-01-03 15:25:00,2522.304460892178,66.90769682608511,23.263295668088652,140.46547002096173,5.272136616635056,910.1794025746187,3007.963949265075,10.235598415015259
2023-01-03 15:26:00,2522.7045409081816,68.22632653476163,22.081959711459508,141.6591588766472,5.239195872312802,909.9531603120458,2985.889590671211,10.222111993877606
2023-01-03 15:27:00,2523.104620924185,65.98215115588224,23.138669949401454,139.32965895961414,5.532921825397215,914.9393238206075,3033.5796661747736,10.252769986609989
2023-01-03 15:28:00,2523.504700940188,66.52763634008515,23.412727028103376,140.35264695308953,5.407052064606,912.5980490635792,3029.5786081757433,10.253536336965976
2023-01-03 15:29:00,2523.904780956191,67.21716229893798,22.85119767668428,140.72569921537516,5.2995431475838535,908.5575859701321,3016.4724741024143,10.235621474494152
2023-01-03 15:30:00,2524.3048609721945,67.72223965403587,21.70855453044526,140.0661605315993,5.24483822671297,907.6073864174508,3007.9222852512526,10.238692920060789
2023-01-03 15:31:00,2524.7049409881974,67.12878610830327,22.196112598568746,139.9578461196588,5.514914566397797,909.5079001951011,3018.9123798658825,10.24859885774952
2023-01-03 15:32:00,2525.105021004201,66.10282734627764,23.6708850614156,139.92298208767698,5.31939112951538,909.15008419502,3014.715295755006,10.245162977725785
2023-01-03 15:33:00,2525.505101020204,67.1412503207397,21.76957446176599,141.36027846100464,5.063629984006063,901.9000157816502,3002.2668719253115,10.214917266549284
2023-01-03 15:34:00,2525.905181036207,64.3118821623607,24.327607055836307,138.93028670044433,5.67288915409307,923.1798895318161,3060.4339934184545,10.286601425778205
2023-01-03 15:35:00,2526.3052610522104,65.8743734602563,23.449573247884477,140.2721200473624,5.491473666662893,907.8406431377816,3029.339406664323,10.259906615985217
2023-01-03 15:36:00,2526.705341068214,65.14039839424967,23.850411876164088,138.90990691349174,5.534216529923125,912.1804800689875,3027.9451710045946,10.270169406059408
2023-01-03 15:37:00,2527.1054210842167,65.41813315682838,23.369352726208934,139.25609668421222,5.618774054140729,913.965904264423,3032.4939977519325,10.260490873460459
2023-01-03 15:38:00,2527.50550110022,64.41961142138965,24.29091432441536,139.2976706822377,5.481297823852796,918.0488875005459,3043.193932190095,10.28934968064631
2023-01-03 15:39:00,2527.9055811162234,66.75465203040561,22.825576543455966,140.18812111554325,5.3173748981137665,910.1166803574371,3017.12102453903,10.250129285398122
2023-01-03 15:40:00,2528.3056611322263,64.6429268515211,24.121585600768263,138.8265069981412,5.620178820465762,919.3941917275215,3041.1345718993784,10.288176195687342
2023-01-03 15:41:00,2528.7057411482297,65.85066344678792,22.857961287007907,139.5365803413606,5.474084072976821,912.1985756496438,3015.6750897080856,10.240797009849734
2023-01-03 15:42:00,2529.105821164233,65.93074741985872,23.48126652062128,139.85003465677403,5.514254991910281,916.9143914877202,3032.3771582306304,10.244767522243837
2023-01-03 15:43:00,2529.505901180236,66.29607635137455,23.374150276107976,140.2953379365105,5.387101644632256,907.6339823967494,3014.4301451839688,10.246032409822783
2023-01-03 15:44:00,2529.9059811962393,65.58745176627865,23.25621542732324,140.66009628964892,5.380968313960542,916.9437320463218,3031.957069615011,10.257665759006017
2023-01-03 15:45:00,2530.3060612122426,65.56277446568116,23.574002761597196,139.06328620239452,5.554084595417102,910.273515713218,3025.9345293989113,10.260040791588493
2023-01-03 15:46:00,2530.7061412282455,65.46802226186033,23.417520964238008,139.66561462866076,5.388282478289436,909.7964664346815,3039.9929724840745,10.282674625685532
2023-01-03 15:47:00,2531.106221244249,65.22993403764377,23.747904272727578,139.80811201807379,5.3835728160248095,913.3688245198751,3017.9258017232996,10.26622232267037
2023-01-03 15:48:00,2531.5063012602523,64.48240496796008,23.728965352262108,138.88850299170488,5.485790992206277,917.0399959153273,3042.700424970958,10.275616219032068
2023-01-03 15:49:00,2531.906381276255,66.9245332122865,22.51561314193846,140.66177053484267,5.236601539174148,910.4856277991225,3003.3013207731315,10.23306534824278
2023-01-03 15:50:00,2532.3064612922585,65.9368413138994,22.69512495220638,139.55179514687768,5.452208888822043,906.5369979292012,3027.491489410648,10.257663027523682
2023-01-03 15:51:00,2532.706541308262,64.56227703200749,23.635506660124175,140.0305127634883,5.70534232897111,914.5210888973851,3025.4350273513783,10.280422385514752
2023-01-03 15:52:00,2533.106621324265,65.40240896891049,23.321412089272613,139.22619072466622,5.564044681300138,912.7863170834212,3034.662865440864,10.25444333890259
2023-01-03 15:53:00,2533.506701340268,66.74626911829655,22.5991697045385,140.99355176285394,5.313586365436077,906.0645234963564,3004.2743728713376,10.245128565508296
2023-01-03 15:54:00,2533.9067813562715,66.35115750563503,22.749388800456792,139.7305288502367,5.37620176680283,917.1181193309313,3026.5164235996,10.254615656453977
2023-01-03 15:55:00,2534.3068613722744,65.7591675940466,22.921654511780496,139.38096774388524,5.484091636880883,913.4304336715519,3031.5151435688445,10.25929359196178
2023-01-03 15:56:00,2534.7069413882778,66.61488432391177,22.582244804589724,141.2814792585887,5.318649565633853,907.6336976547658,3003.3480391225053,10.255616259129782
2023-01-03 15:57:00,2535.107021404281,66.53510814619929,22.535340402665405,140.84730313835882,5.210041864835631,908.564329282118,2989.610647515698,10.237168247955315
2023-01-03 15:58:00,2535.507101420284,66.23609055584397,23.241396836103885,139.88355106851776,5.373708815950027,905.4379755579794,3013.069717818141,10.232187617035043
2023-01-03 15:59:00,2535.9071814362874,63.72230370982195,25.05719519796608,137.96825342153673,5.711069485977374,916.9383009781504,3050.887994483439,10.314836804552616
2023-01-03 16:00:00,2536.3072614522907,66.63262333497168,22.574990270806694,140.80399768506962,5.389633299350472,905.7699245604514,2984.227273212926,10.222875950230058
2023-01-03 16:01:00,2536.7073414682936,65.58219966728615,23.541239852446857,140.54993291171957,5.545021866244928,913.5624159520718,3024.7149749758323,10.256214392429516
2023-01-03 16:02:00,2537.1074214842965,67.21794559629971,23.17020884743982,140.0211512789822,5.528731210997801,910.0763653819909,3011.4612306502336,10.260338876853396
2023-01-03 16:03:00,2537.5075015003004,63.2459771305645,24.83333097722183,137.53938893193538,5.844392541067307,924.5648960856023,3076.646403178497,10.321990039634262
2023-01-03 16:04:00,2537.9075815163033,64.17559277187783,24.331152538523817,138.30954524108864,5.74113522551394,917.8954887763238,3077.422333189449,10.292967268423679
2023-01-03 16:05:00,2538.307661532306,65.80756895419063,23.83748218159456,139.04536318053272,5.491374431797837,912.9394885832478,3019.6233801764524,10.24681824721609
2023-01-03 16:06:00,2538.70774154831,66.12102529306024,22.8181818865523,139.29443826578446,5.337131107585972,910.9872836332529,3038.5345479676353,10.255423853680302
2023-01-03 16:07:00,2539.107821564313,66.36984338976207,23.205966211483847,139.54427267320762,5.452328222415467,909.6110264196202,3003.7401345965886,10.262155498980773
2023-01-03 16:08:00,2539.507901580316,63.67665886489236,25.229074290276877,137.46647636479022,5.833187253645618,924.8104441938276,3083.928839075495,10.295388181361956
2023-01-03 16:09:00,2539.9079815963196,64.72575813995996,23.87541571234493,139.22357809429516,5.725717786907872,916.0792472287771,3053.1360836597514,10.298424651930569
2023-01-03 16:10:00,2540.3080616123225,65.93349527111077,22.776311783212847,139.93689288420143,5.55763224685724,912.5558666967302,3006.7553936386926,10.249984681558796
2023-01-03 16:11:00,2540.7081416283254,64.97876312820608,24.21030046533119,139.08227640502977,5.55403918318218,916.304356419603,3040.0822696432447,10.268195302834467
2023-01-03 16:12:00,2541.108221644329,63.988280544566855,24.55591026092549,138.05334657195294,5.597383209067493,916.7803386104542,3046.576994351465,10.301819316378053
2023-01-03 16:13:00,2541.508301660332,64.0859620727937,24.773611174632343,138.03313423722312,5.803302128725815,926.3248703801966,3052.873139681034,10.282562923026747
2023-01-03 16:14:00,2541.908381676335,64.9743357146988,23.35194593255258,140.028585767831,5.504871885164831,908.9622027801521,3018.6838571628796,10.24793735103899
2023-01-03 16:15:00,2542.308461692339,64.58301004455403,24.221694340436986,138.17856130520298,5.610674733535297,923.3082834529575,3051.831777887876,10.283177505900943
2023-01-03 16:16:00,2542.7085417083417,65.53228695512699,22.755228399826233,139.97697695112714,5.508382355276021,908.2116035476787,3010.3252960186132,10.22230356045143
2023-01-03 16:17:00,2543.1086217243446,65.0955739119779,23.013923727868423,139.42714242128366,5.295367693960667,910.6437360703775,3009.0746925624567,10.25637943522575
2023-01-03 16:18:00,2543.508701740348,62.69135505101141,25.038152439984064,138.53664691032614,5.883412830701188,924.2214197127784,3072.3538066523124,10.306983364341027
2023-01-03 16:19:00,2543.9087817563513,65.37707986829768,22.647829113415163,140.7970927177279,5.598181828065873,912.5334166461289,3024.87338216282,10.249555750124019
2023-01-03 16:20:00,2544.3088617723542,65.39566410125784,22.751628557161187,140.72781293606062,5.3701923252137,909.5450283714865,3017.707338309181,10.246668872739559
2023-01-03 16:21:00,2544.7089417883576,63.35670274707692,24.479431001522183,138.1241324456125,5.87122251377361,919.1962144978515,3065.707759458014,10.302057966992079
2023-01-03 16:22:00,2545.109021804361,65.18633915029959,23.24236092907913,140.14941518925937,5.392807338296981,916.1420114273583,3023.9420746515143,10.256468672875863
2023-01-03 16:23:00,2545.509101820364,64.22942502972359,23.595404748560036,139.04849068459728,5.572600784800655,914.2392245268882,3028.974357419826,10.268083671399303
2023-01-03 16:24:00,2545.909181836367,64.05684539546516,24.684186851616754,138.1611720026052,5.6302354727383594,918.674520537446,3043.507081012244,10.3017723909829
2023-01-03 16:25:00,2546.3092618523706,66.93436546511026,22.973852717931212,140.24724292279421,5.453935133284944,902.2661555647301,3015.818055008373,10.235733546535103
2023-01-03 16:26:00,2546.7093418683735,63.310188936074404,24.29220496409803,137.99158141569697,5.804322076622165,921.4006470758592,3060.603126384767,10.296497835038704
2023-01-03 16:27:00,2547.109421884377,64.2695975214215,23.883996324850585,138.64652647572356,5.585362060700253,918.0292037125444,3047.3595257315556,10.291956481736042
2023-01-03 16:28:00,2547.50950190038,63.6732385060168,23.947514809205586,138.9417324627006,5.608508962036432,913.8161174745399,3048.4718455727466,10.275325701395532
2023-01-03 16:29:00,2547.909581916383,63.89121526988152,24.70660977403855,138.7203077661262,5.886922799407648,925.790817149526,3059.401510792847,10.29143321191942
2023-01-03 16:30:00,2548.3096619323865,63.81631405998063,24.311285297631986,139.2124476980246,5.738215720334704,917.4769852896927,3051.6255442322495,10.27959899633103
2023-01-03 16:31:00,2548.70974194839,64.42597857010226,24.259794385816356,138.83769091642483,5.581198221330084,920.9869592325665,3044.426728101762,10.292566940393064
2023-01-03 16:32:00,2549.1098219643927,64.3641939427226,23.583490890022592,138.98913992757687,5.582789522555496,911.9088095556149,3033.1962603520014,10.280761631252222
2023-01-03 16:33:00,2549.509901980396,64.98990515490242,23.906273564794652,139.50598272340747,5.345983230819032,915.9655053898128,3029.5940919222735,10.26598918567215
2023-01-03 16:34:00,2549.9099819963994,65.62135026172987,22.71226725136763,139.32678038269586,5.56245323115742,909.5099916535859,3024.5883404147585,10.231565432378728
2023-01-03 16:35:00,2550.3100620124023,64.92422472202797,23.96448911913973,139.19492779480547,5.678889940261721,912.2791568571253,3029.4296040184445,10.2632269943195
2023-01-03 16:36:00,2550.7101420284057,64.1777073421896,23.624210513219335,139.51314338053345,5.407586751450513,911.0872229649873,3019.397964800958,10.269919360649357
2023-01-03 16:37:00,2551.110222044409,62.57861397156061,24.77408711820864,137.95327795829766,5.924552172954476,921.5849671729502,3049.265602769485,10.305756627486392
2023-01-03 16:38:00,2551.510302060412,65.2828569607227,23.062292544198552,139.77112495048348,5.379053634884481,916.2052910256601,3027.3913438130694,10.253868463447203
2023-01-03 16:39:00,2551.9103820764153,63.32198712608383,25.210402264509806,138.5685504410555,5.797482667250301,923.2685607717207,3064.486725906606,10.290035576561525
2023-01-03 16:40:00,2552.3104620924187,63.738704498742116,24.549308637830645,139.57878314925074,5.693711880937756,916.3630551068896,3038.9697706768097,10.284970153559396
2023-01-03 16:41:00,2552.7105421084216,63.45823041045542,24.69325450606833,138.1592383313252,5.726731022656694,919.0868184484307,3074.8398774700804,10.306688218981565
2023-01-03 16:42:00,2553.110622124425,64.67170464864436,24.116400559039143,139.3824970482623,5.566080428214763,912.6490636395544,3058.592141583544,10.27163032567904
2023-01-03 16:43:00,2553.5107021404283,66.01635006765096,22.3405711394272,140.410927282716,5.342477081409457,908.6351669647447,3004.838011118579,10.26243514720562
2023-01-03 16:44:00,2553.910782156431,63.34125276727565,24.20010766691105,140.27911491465696,5.471062612015755,914.6198868466449,3049.3779925270437,10.289826557092882
2023-01-03 16:45:00,2554.3108621724346,64.47283428105642,23.95139805216375,140.3922097191186,5.741325738254597,913.8619883291362,3029.5774547276455,10.254407390863175
2023-01-03 16:46:00,2554.710942188438,66.16899709672072,22.833748550814455,140.72368746109547,5.358134323360437,911.8659155575676,3028.0072616244674,10.25241934350797
2023-01-03 16:47:00,2555.111022204441,64.7042899769776,23.73210249318574,138.70983318724606,5.348878532181066,909.77035914434,3021.5108373095113,10.263531917534124
2023-01-03 16:48:00,2555.511102220444,63.91526153691377,24.46960411120573,139.9287515291395,5.533698168825532,921.717155238228,3042.585280657858,10.291083372773484
2023-01-03 16:49:00,2555.9111822364475,62.87341275915485,25.2621599225503,137.70188534722755,5.880373287820129,922.5942835177678,3065.1750616945465,10.296049724512356
2023-01-03 16:50:00,2556.3112622524504,63.24180272506283,23.889438757318487,139.35567677396523,5.747783117150977,916.8078334115257,3041.6204963005835,10.292055616561223
2023-01-03 16:51:00,2556.711342268454,63.09484389762616,24.73654046620561,138.44738990818036,5.708127168327985,918.5196634181976,3046.8039519046242,10.289083237862268
2023-01-03 16:52:00,2557.111422284457,63.73528049987805,23.958661847581574,138.7737726613008,5.649464242715915,921.1957741610537,3064.8165953689495,10.28906330291546
2023-01-03 16:53:00,2557.51150230046,62.87343978765937,24.80261533973641,138.10052917745645,5.7501273786524605,922.7843006933236,3063.437786531696,10.291452087236511
2023-01-03 16:54:00,2557.9115823164634,63.5593524203583,24.038319540395165,138.69802027569133,5.680415841647618,912.8204114510821,3036.5569615576237,10.288380654416068
2023-01-03 16:55:00,2558.3116623324668,63.255448015941305,25.12380540190022,138.37129699147556,5.789692755656283,921.0064299877272,3058.3002243735727,10.310482798352016
2023-01-03 16:56:00,2558.7117423484697,64.47021873372388,24.418761643828446,138.49222663681633,5.781183294825662,915.275465730738,3038.89442203328,10.280962877218926
2023-01-03 16:57:00,2559.1118223644726,63.66275368956151,24.098856670146652,138.96030721575337,5.767961561406568,920.9076634387148,3058.8190545790726,10.30316136013431
2023-01-03 16:58:00,2559.5119023804764,62.89924466043268,25.432490893179445,137.39796832538735,5.849390976663547,924.1999878094441,3086.839122570051,10.328439897552636
2023-01-03 16:59:00,2559.9119823964793,61.75838865384762,25.303981380520824,138.02407693845208,5.817569949322779,925.0041307760531,3058.923328072565,10.327616152155084
2023-01-03 17:00:00,2560.312062412482,64.6327564404328,23.991570884990637,137.97848179348878,5.717341773844281,922.1752732190322,3053.8384830073146,10.276679723103094
2023-01-03 17:01:00,2560.712142428486,64.32353049712296,24.474811502792427,139.11282131324774,5.639045172899308,911.3638049285801,3046.793574977379,10.270733165483565
2023-01-03 17:02:00,2561.112222444489,61.56432958373298,25.190002750358687,137.36892221879137,6.250945340281193,925.1090516166544,3063.032479171751,10.318942677017795
2023-01-03 17:03:00,2561.512302460492,63.122883992323615,24.53173133188676,138.15392853581466,5.779492344354947,923.3004440685895,3056.3118316522573,10.300579931041353
2023-01-03 17:04:00,2561.9123824764956,62.685837275970655,25.459543072568273,138.11482645921046,5.942493056809343,925.1302823292824,3074.3878076868523,10.308060968862536
2023-01-03 17:05:00,2562.3124624924985,63.23062023549081,23.971754664242095,138.5026045195231,5.779013248830891,922.9293451426568,3058.395874990929,10.277150592225588
2023-01-03 17:06:00,2562.7125425085014,62.327962432912365,25.443762646892495,137.23300749743038,5.844644167967118,923.5463570640829,3072.96333343506,10.325900161994957
2023-01-03 17:07:00,2563.1126225245052,64.49685748998594,23.073079141273237,140.8070986945959,5.403074690390886,912.8776765631447,2999.7806046524292,10.233500651288068
2023-01-03 17:08:00,2563.512702540508,63.25914981385762,24.47642245454461,138.8397969699026,5.647404281510738,924.7424641810019,3045.60507559848,10.282522553196909
2023-01-03 17:09:00,2563.912782556511,62.141302763121466,24.406165818053864,137.94840049144483,6.14643489269942,923.6595173357764,3081.4196333541295,10.312041872955366
2023-01-03 17:10:00,2564.312862572515,62.8162778999624,24.435733452244445,139.4380630249492,5.514535371640015,924.9458450117843,3052.7525761528073,10.28568376843755
2023-01-03 17:11:00,2564.7129425885178,62.928301459963585,23.99783062925384,138.2383978165646,5.718261882675746,918.7727850539596,3052.4336858446395,10.301213278658132
2023-01-03 17:12:00,2565.1130226045207,62.35610644284208,25.24800338693623,138.3309524252251,6.019604740676035,921.6045751732637,3055.065103101412,10.300311695516779
2023-01-03 17:13:00,2565.513102620524,62.47784940882088,24.17042941970065,138.75435933285178,5.717709749859928,920.5810441620201,3054.9730500842043,10.321932427090788
2023-01-03 17:14:00,2565.9131826365274,61.14709624741291,26.53890168596307,137.02449762721568,6.256392941383616,931.1436353935966,3084.690440381741,10.342165605519407
2023-01-03 17:15:00,2566.3132626525303,65.64233930000741,21.988568931050395,142.00861432720868,5.165842935777407,904.9140275145669,2993.1201620254537,10.229427054012486
2023-01-03 17:16:00,2566.7133426685336,62.90863124356919,23.999286443386566,138.85739620907944,5.572102860885088,920.6366450266221,3058.9806569197312,10.306602362111004
2023-01-03 17:17:00,2567.113422684537,62.2919244522691,24.620660409194933,138.36885334179107,5.967482928765148,918.5497534758246,3042.10662023493,10.315729658069106
2023-01-03 17:18:00,2567.51350270054,62.0264406074216,24.76907266953333,138.64622462979065,5.808970753787201,924.8391550669148,3063.9647483603394,10.320220496670165
2023-01-03 17:19:00,2567.9135827165433,63.242630237605326,24.87624220203629,138.63064851164413,5.698576416024083,921.7396646879874,3046.1616436502804,10.31118295583455
2023-01-03 17:20:00,2568.3136627325466,63.9073871786438,23.730593035953106,139.22020224934758,5.4795893725963225,918.8488483657352,3032.8881107405678,10.278736841666896
2023-01-03 17:21:00,2568.7137427485495,62.26122166645274,25.00069463072386,138.1082600794932,6.023434326517502,915.9780298008964,3077.2164371228255,10.301142643255147
2023-01-03 17:22:00,2569.113822764553,62.69064620692631,23.991820033810203,138.67157406912992,5.80540330035154,915.8775862661424,3059.417229166938,10.27637353206221
2023-01-03 17:23:00,2569.5139027805562,62.74164002542252,25.033680169943857,137.25796742752937,5.756786269109838,925.5671543051922,3073.6782606659144,10.290518988222743
2023-01-03 17:24:00,2569.913982796559,63.07235748980901,24.797835927258575,138.964031995021,5.774739844822913,914.375294024219,3051.0697119559845,10.290145740078449
2023-01-03 17:25:00,2570.3140628125625,61.592280968497064,24.697004622816536,137.9874504758214,5.810987413851405,923.1504221211613,3063.5054935571156,10.308414466693568
2023-01-03 17:26:00,2570.714142828566,62.40028146745009,24.590425838037635,137.75493603813086,5.683763101849278,921.6426149192334,3066.296583418387,10.291325167123677
2023-01-03 17:27:00,2571.1142228445688,64.1612723977353,23.51938589298118,139.05310612495867,5.61595599577554,913.8110314355439,3025.5140811975975,10.252553556579336
2023-01-03 17:28:00,2571.514302860572,60.43005578314623,26.4041520654441,135.70852754960958,6.224541067814726,933.8749985035986,3112.1289651020493,10.37762855051648
2023-01-03 17:29:00,2571.9143828765755,61.90690260411342,24.978446582303793,138.42317460591377,5.894884051461907,920.6060383119492,3090.3168300790917,10.309445945145402
2023-01-03 17:30:00,2572.3144628925784,63.871774454340624,23.36266779111124,139.70085893935627,5.690346014109933,915.6517947386204,3027.150150891203,10.260119288092886
2023-01-03 17:31:00,2572.7145429085817,64.21009511781351,23.297391276027533,140.51639858581223,5.477326431265008,911.3757332686671,3035.170886109588,10.245222099974962
2023-01-03 17:32:00,2573.114622924585,62.64830409689372,24.91860876491184,138.42508192275773,5.68710533503528,923.0509464900659,3053.4377924051723,10.309440655357193
2023-01-03 17:33:00,2573.514702940588,61.27199908568168,25.3164412296615,137.6083467881066,6.0484658819626445,930.566643224173,3095.0387031582577,10.325006253820128
2023-01-03 17:34:00,2573.9147829565914,62.757981742695726,24.2769898159705,138.91585430691103,5.488542666854083,917.4014753925811,3048.8445937367474,10.285122318996182
2023-01-03 17:35:00,2574.3148629725947,62.412240057052365,24.535918137694537,137.84948630213776,5.753123696548894,921.2888837661404,3054.605123130317,10.296063699578086
2023-01-03 17:36:00,2574.7149429885976,62.068939897285205,25.153341891776854,137.8701430062535,5.870614516086041,922.7708273557898,3062.6393452331795,10.309701963281876
2023-01-03 17:37:00,2575.115023004601,62.77602809806564,24.498533462792075,138.64454421540228,5.621427421048825,915.5630167406732,3060.3286002873397,10.285542733226807
2023-01-03 17:38:00,2575.5151030206043,62.00914293391449,25.362545946058553,138.5294123081065,5.942424904600353,921.9217734624492,3081.38043928793,10.31090656677941
2023-01-03 17:39:00,2575.9151830366072,63.300813990582256,24.73860868431161,138.00511788776203,5.71104429731093,918.0337376413848,3072.5983291729617,10.29849330765338
2023-01-03 17:40:00,2576.3152630526106,62.08228705570611,25.09377287473988,137.23427802607262,5.927240217868159,926.0035944969418,3071.8510788233134,10.318133071344793
2023-01-03 17:41:00,2576.715343068614,61.34588942276971,25.460372070071934,137.26925225536465,5.925563621557793,922.4479500390388,3094.5903098762687,10.329702577349432
2023-01-03 17:42:00,2577.115423084617,62.13400949361858,24.60227214516982,139.15960590313725,5.844727849341652,919.3299498133198,3062.8325369006698,10.286138541372422
2023-01-03 17:43:00,2577.51550310062,61.23974714123031,25.173428844576947,137.61382110966701,5.788032427188388,926.7966753562457,3059.7163656557163,10.32204233032206
2023-01-03 17:44:00,2577.9155831166236,61.82380028953406,25.519308001949614,137.9732643726805,5.9128557425064106,921.6783535209976,3081.160033755616,10.326478005484855
2023-01-03 17:45:00,2578.3156631326265,62.91165848703317,24.262026608001083,139.2397079341458,5.639394625606414,922.5790239740255,3062.077748725558,10.279582345991866
2023-01-03 17:46:00,2578.71574314863,62.63690362778771,23.7847056794845,139.24387935824458,5.763987598611436,920.3119264689761,3039.9490616626454,10.272064259476057
2023-01-03 17:47:00,2579.115823164633,62.51035776259158,24.21545159355908,138.57249292890967,5.713569259738831,915.6419391942567,3047.534412272686,10.286305494342773
2023-01-03 17:48:00,2579.515903180636,63.130186174807164,24.480406425184174,138.6723485869583,5.5840625913194355,917.2367298396832,3035.5712568504223,10.308813278997807
2023-01-03 17:49:00,2579.9159831966394,61.12690838706541,25.327114776171356,137.32802225975453,5.898052534898614,923.1402286950157,3071.937429189637,10.322432133336333
2023-01-03 17:50:00,2580.316063212643,62.5185792368377,24.212607265640237,138.95635668786207,5.819609488595321,918.8890926649668,3056.4105902965016,10.287251395503677
2023-01-03 17:51:00,2580.7161432286457,62.83778271508735,24.07095451617026,138.7848986250535,5.733114273030333,916.0969475640343,3036.8059776047858,10.299370500482986
2023-01-03 17:52:00,2581.1162232446486,61.74305837626259,24.917181377947035,138.65040955362502,5.702833173920621,923.4975152693108,3056.157971112771,10.290715075463932
2023-01-03 17:53:00,2581.5163032606524,60.88410457148822,25.682803001919467,137.69449730198394,5.896807821929217,923.5822530463303,3085.992772646852,10.330820130643398
2023-01-03 17:54:00,2581.9163832766553,61.62312711820376,24.684577205521496,138.23371851921843,5.886752048510651,923.2293184258766,3054.563921961363,10.298238124531625
2023-01-03 17:55:00,2582.316463292658,60.574127185751394,25.48309857342719,137.11640365245373,5.781027268994959,923.2345872182664,3069.890573295884,10.328305006583287
2023-01-03 17:56:00,2582.716543308662,62.654803547837666,24.794132419406374,137.88434440069418,5.863622813318496,924.7393238247864,3052.7987572265683,10.299195676591227
2023-01-03 17:57:00,2583.116623324665,63.2313743079697,23.980065045100663,138.76856164188078,5.715862509008656,920.902926846954,3061.1276021307553,10.279389328517112
2023-01-03 17:58:00,2583.516703340668,62.24950323556708,24.695739803626687,138.07271297143942,5.710230483961439,919.7422621653664,3060.6116376863442,10.299286755700091
2023-01-03 17:59:00,2583.9167833566717,61.82621182562213,25.261713176150433,137.60010151566317,5.898065233488599,924.6000068900399,3063.6544006609524,10.301195581017682
2023-01-03 18:00:00,2584.3168633726746,62.49708898861505,23.661551754912225,139.15863275800677,5.521973695023507,913.1310771006124,3022.2360121435854,10.273609104204008
2023-01-03 18:01:00,2584.7169433886775,62.22690692147806,24.651630389283632,138.98420530015554,5.628842758089972,923.3766896420673,3078.0559403314787,10.304079739653249
2023-01-03 18:02:00,2585.1170234046813,61.197625308067245,25.098048592517927,138.68313868700187,5.809750507027507,921.1776847031323,3061.1210544278492,10.296934373854002
2023-01-03 18:03:00,2585.517103420684,60.36142998086777,24.95720904928179,137.37361486676343,5.911654241220914,924.7490723096016,3086.3951474717264,10.32069147322843
2023-01-03 18:04:00,2585.917183436687,61.97894813916155,24.442569905017667,138.90374855542433,5.815528436134101,915.4810767031107,3056.8475683297756,10.291201808871763
2023-01-03 18:05:00,2586.317263452691,59.7705731488405,26.44214812732031,136.50438525474618,5.968779590081765,931.6985904179352,3094.925418195048,10.353192728383844
2023-01-03 18:06:00,2586.717343468694,60.27792383267053,25.713177246547307,137.94565676759655,5.822785109476593,930.1145240816703,3080.3073451525447,10.342293899559794
2023-01-03 18:07:00,2587.1174234846967,61.03423687239242,25.570123728905852,138.3654018309797,5.83240028403251,923.4702758550953,3072.6118215249003,10.306901118428133
2023-01-03 18:08:00,2587.5175035007,60.3505786388956,25.507799164022853,137.52393058434748,6.014022620033304,922.5630947702391,3094.3945840227057,10.3431167122787
2023-01-03 18:09:00,2587.9175835167034,62.217688131651165,24.661195315781505,138.45596741014248,5.636928310799109,917.4007208641402,3065.736664449578,10.307089302539593
2023-01-03 18:10:00,2588.3176635327063,61.326480059906416,25.23810748965144,137.34854735871244,5.799380103684247,925.0813181486088,3076.5559625523306,10.321077057502624
2023-01-03 18:11:00,2588.7177435487097,60.11517205994737,25.278452763866962,137.25840193124597,5.899196460821602,921.0921473981292,3080.105603734893,10.314956530120627
2023-01-03 18:12:00,2589.117823564713,60.771663025025106,25.440668272990926,137.65288835878513,5.865693785958469,920.8004557544849,3074.474926799951,10.297513961069754
2023-01-03 18:13:00,2589.517903580716,61.88568058003376,24.482611397055866,137.90935872979924,5.873590935499853,917.7046371080725,3058.072586772463,10.30620262255331
2023-01-03 18:14:00,2589.9179835967193,59.424660527155275,25.872970496308106,135.5418579800843,6.207480087408786,926.1280399041236,3117.6382772204556,10.34517568819219
2023-01-03 18:15:00,2590.3180636127227,62.421670537790426,24.789229456164577,137.97432335718966,5.721714884577428,921.8365419836637,3063.3709766139636,10.277793392815845
2023-01-03 18:16:00,2590.7181436287256,61.23123847743258,25.00208701293881,138.61091942942969,5.816505688633895,921.7735762624185,3063.877989757077,10.314137368620509
2023-01-03 18:17:00,2591.118223644729,61.432704518226004,24.670106254779164,138.0483109840417,6.107922269089105,927.3127355155914,3072.4616264722936,10.310319785071908
2023-01-03 18:18:00,2591.5183036607323,60.504217627860555,25.26618977851725,137.89433692081647,6.302208174055702,924.1041336978708,3088.5271998748435,10.339900450840444
2023-01-03 18:19:00,2591.918383676735,60.736329400521676,25.27955199165212,137.96851781062372,6.225516438373713,923.6282730739287,3076.507123695036,10.324843091658465
2023-01-03 18:20:00,2592.3184636927385,61.42651707601476,25.96750370817147,136.75857105893357,5.956924843948289,928.192344380949,3082.199493675973,10.325932353754618
2023-01-03 18:21:00,2592.718543708742,61.136222543146836,24.800444861608653,138.07752710302694,5.868680489175227,923.8803060788587,3060.3402029670983,10.302213574700167
2023-01-03 18:22:00,2593.118623724745,60.93081516584558,25.59016951288008,137.45167424259384,5.82789776990881,927.2846624700496,3071.274611837059,10.3221219812577
2023-01-03 18:23:00,2593.518703740748,61.62001106081793,25.054931078509483,138.3810706599665,5.972950291383168,921.5647540640144,3065.5124975080967,10.28777555962953
2023-01-03 18:24:00,2593.9187837567515,58.915704239551644,26.424433276922894,135.61263475706212,6.306160940117027,933.6408560946148,3124.164294254813,10.37112269983254
2023-01-03 18:25:00,2594.3188637727544,61.33261968896168,24.44473749768346,137.93609311198372,5.800385080415966,916.2097394723052,3062.7684052504087,10.331622566069456
2023-01-03 18:26:00,2594.7189437887578,59.552003390593185,26.109151485281505,137.10880581123246,6.180425781648223,934.5001423761543,3120.074775079789,10.366854773775973
2023-01-03 18:27:00,2595.119023804761,60.53311716227923,25.826077633442917,137.37084160971207,5.972933247684142,929.5777303651796,3085.527470973721,10.331806548835353
2023-01-03 18:28:00,2595.519103820764,61.948844602574724,25.470362832437186,138.13087926557796,5.717541085306174,915.0847864613899,3061.0741115303153,10.298245902057625
2023-01-03 18:29:00,2595.9191838367674,62.03691040058046,25.041642462418615,138.26425291747375,5.753088352685429,918.0983481589849,3059.3970700067803,10.279090654941356
2023-01-03 18:30:00,2596.3192638527707,60.427712690554,26.16252051364623,137.39485408465293,6.2318844413051995,930.4321890571543,3091.5508706448086,10.33418612041686
2023-01-03 18:31:00,2596.7193438687736,59.35939569002895,27.031637342503494,136.8521160700532,6.411101054829235,935.0517952624936,3134.230399515356,10.378078406549404
2023-01-03 18:32:00,2597.119423884777,61.21010434820217,24.954631446854417,138.60665897277062,5.623898091525074,922.9147956154036,3066.887368425057,10.314636963496623
2023-01-03 18:33:00,2597.5195039007804,60.31774310659421,25.67514690746775,137.07387949065782,6.09938366912548,929.9880740211271,3098.4077782132154,10.335869353562295
2023-01-03 18:34:00,2597.9195839167833,61.499110578320845,25.239827157510327,137.4627479614127,5.952255270651458,924.6223252037142,3079.85911877566,10.327177416190665
2023-01-03 18:35:00,2598.3196639327866,59.35477279930429,26.042522952881825,135.87967766506617,6.152801585446211,929.2599080315698,3107.0678880081273,10.361523788739293
2023-01-03 18:36:00,2598.71974394879,61.150394340525146,24.847279705136334,137.67747689644028,5.878974995404016,924.4088950185932,3067.029533792422,10.307591768766397
2023-01-03 18:37:00,2599.119823964793,60.79971468196455,24.922644627801088,137.67969752378178,5.781940698396024,919.7386311561622,3060.6252212924205,10.305905010849434
2023-01-03 18:38:00,2599.5199039807962,60.93622586480715,25.176267026400147,136.5983348855672,5.6999288880770145,926.6305347353513,3077.781111252619,10.312166387929869
2023-01-03 18:39:00,2599.9199839967996,59.15074543782538,25.904299708059845,136.1700137285505,6.162972029274036,929.6659321541335,3103.1416262737002,10.345999035066583
2023-01-03 18:40:00,2600.3200640128025,60.30235847512121,25.556536578940513,136.39005237053124,6.074805817707933,927.7345898875865,3075.1064677931254,10.337697816465749
2023-01-03 18:41:00,2600.720144028806,60.41505644939136,25.21143155366867,137.96875484656798,6.023539756556745,928.3469655657599,3089.1531984110716,10.315803612009665
2023-01-03 18:42:00,2601.120224044809,61.16098399493213,24.54709139690902,138.88760729684654,5.787512180593276,925.7134438720249,3071.012030645864,10.299155641722955
2023-01-03 18:43:00,2601.520304060812,59.21924644768563,26.70987151119966,136.17773806366378,6.139879855467987,934.3623502069585,3134.7499346610834,10.358751585186019
2023-01-03 18:44:00,2601.9203840768155,59.7810299784843,25.75701384295508,137.13493516993827,6.074204728289206,926.7647726284644,3093.539426955962,10.339729821145664
2023-01-03 18:45:00,2602.320464092819,60.327351892456846,26.709878717873163,137.2104502954265,6.027974911657084,926.9357435252637,3096.3894777762926,10.319309985529285
2023-01-03 18:46:00,2602.7205441088217,60.28188962835373,25.3294631348084,137.92941398253578,6.153114842087077,926.7395053017607,3072.0220175613076,10.315551763625178
2023-01-03 18:47:00,2603.1206241248246,60.67225524856017,25.461383726591013,137.59941314927374,5.843365042966318,923.2677933865068,3090.0301122674528,10.321445140483481
2023-01-03 18:48:00,2603.5207041408285,58.56885124318026,26.617235003009327,136.0674928045746,6.358977469683455,934.3290820723687,3107.2457161736434,10.337839610856312
2023-01-03 18:49:00,2603.9207841568314,59.131443618781184,25.498039325210858,137.46259774104286,6.035371416118503,928.2103719710325,3096.337505586505,10.345323079191436
2023-01-03 18:50:00,2604.3208641728343,58.518832778658485,26.998529257485234,136.10395758201395,6.103688410366183,936.9758454262958,3136.2824291425554,10.387553598823374
2023-01-03 18:51:00,2604.720944188838,60.53431176160537,25.707537240531313,136.68039583307203,5.999116629002387,928.1267434490753,3099.4314398438532,10.331517163191053
2023-01-03 18:52:00,2605.121024204841,61.61759602304594,24.652203440170386,137.85849719040934,5.801921125603118,919.08397664781,3046.327216009197,10.302177639310086
2023-01-03 18:53:00,2605.521104220844,61.42785478644054,24.8772760667043,139.15051234084063,5.773820019559134,925.5059853842206,3064.5991936734963,10.28966858826531
2023-01-03 18:54:00,2605.9211842368477,59.941448588406665,26.25605769384495,137.67138205880232,6.0788487646806955,927.4971430562342,3103.9581388046345,10.340762353328461
2023-01-03 18:55:00,2606.3212642528506,60.159384583913265,26.645991665159062,137.68429361716701,6.1466030302656725,927.302918839672,3091.5918381769657,10.350809799851644
2023-01-03 18:56:00,2606.7213442688535,58.12182303066386,26.810186914289336,137.39217729110428,6.245602227060049,934.8599531598375,3141.7579935741774,10.37064287955066
2023-01-03 18:57:00,2607.1214242848573,57.02778833196463,27.04866611199893,135.3403644001476,6.449583323091981,934.0875227787159,3116.405857889183,10.380722138097456
2023-01-03 18:58:00,2607.52150430086,58.60739436415977,26.659338839852104,137.0151188240216,6.286166712713756,932.9568084575276,3123.759423447052,10.356592232382669
2023-01-03 18:59:00,2607.921584316863,60.796674158684304,26.182711787937734,136.99088067457652,6.003441545125214,927.6962903310185,3092.1538047416643,10.32742610956751
2023-01-03 19:00:00,2608.321664332867,58.70085956760883,26.818956737357965,135.96570048931676,6.104792257546763,933.6853677771429,3108.680510317167,10.35963585405991
2023-01-03 19:01:00,2608.72174434887,59.15257027408605,26.48946182871394,137.1204646524856,6.182821314160709,937.7616800659548,3116.8876891751697,10.351945237101813
2023-01-03 19:02:00,2609.1218243648727,60.578659291821026,24.794425550620744,137.74757475150145,5.967075777608947,925.6882840008169,3072.4017842584403,10.311751236202895
2023-01-03 19:03:00,2609.521904380876,58.260045428486436,27.5023178144339,135.050899714802,6.267093694898571,934.8281328315186,3151.8136457061128,10.348083538429776
2023-01-03 19:04:00,2609.9219843968795,58.821260698914344,27.189199984100178,136.05098908665954,6.166802441665419,941.0076232676406,3120.206632886653,10.353145676821946
2023-01-03 19:05:00,2610.3220644128824,58.69861187101947,26.827000920543018,135.12354540929707,6.276262773993596,935.4135277642954,3121.5880070399335,10.357333362102136
2023-01-03 19:06:00,2610.7221444288857,60.827039048598024,25.205238033006186,137.96531923046786,5.9943055041459825,922.2583818223434,3072.842103685601,10.31374629691964
2023-01-03 19:07:00,2611.122224444889,58.611473851698,26.934576359217715,136.52972346045803,6.501930765623702,937.923906339626,3103.466599182562,10.362960261169906
2023-01-03 19:08:00,2611.522304460892,60.294008356040955,25.254196299588315,138.5848150157194,5.938373035892531,918.0609822068996,3054.634898793356,10.321740418285813
2023-01-03 19:09:00,2611.9223844768953,61.01486636856276,24.494123331389986,138.7699978595988,5.832415449503304,921.3239662051529,3071.040091557963,10.322198863041336
2023-01-03 19:10:00,2612.3224644928987,61.002915146482195,24.628000341445567,139.1052703141076,5.763661599172563,920.8035848311744,3076.5835234632714,10.333045285983284
2023-01-03 19:11:00,2612.7225445089016,58.41559161299533,26.8107910772464,136.12474940968212,6.453566223132996,933.2388904466197,3107.5777555048053,10.377088301427815
2023-01-03 19:12:00,2613.122624524905,60.65862710504482,25.42930369406057,136.19903244200657,6.257516183826037,928.3756590519971,3090.410584844322,10.323145067977421
2023-01-03 19:13:00,2613.5227045409083,60.509437610374576,25.676856369217656,138.4821736390044,5.966434253419185,923.8345620245401,3085.4805045234825,10.324512143869253
2023-01-03 19:14:00,2613.922784556911,59.09533034823601,26.04734140933974,135.98080537905287,6.0668976375861785,933.6009257690829,3094.933813160921,10.358794602924199
2023-01-03 19:15:00,2614.3228645729146,57.73547365357685,27.593618773422445,136.57147898069607,6.120949098440523,938.5820851448705,3138.6504359725905,10.384246627995328
2023-01-03 19:16:00,2614.722944588918,58.84692303059736,26.40323826009304,135.8777460933553,6.118008258564988,926.2939025716429,3109.2772422527755,10.348234749595841
2023-01-03 19:17:00,2615.123024604921,57.52806090740234,27.12247997590322,135.69600995681256,6.288604910415765,932.7688419429072,3135.385641606272,10.370416905723049
2023-01-03 19:18:00,2615.523104620924,59.01709214333805,25.59141704799559,136.40149524115787,6.252210124348609,933.8741363259751,3118.0974235262415,10.326152716852384
2023-01-03 19:19:00,2615.9231846369275,57.84816439391617,27.190858718178493,136.37542377933184,6.219043469643382,932.3024816912545,3124.1792901048807,10.361674361605347
2023-01-03 19:20:00,2616.3232646529304,57.35161798780315,27.207486238182764,135.49507890804907,6.418132865267329,930.845362149929,3135.327318845541,10.387300619089393
2023-01-03 19:21:00,2616.723344668934,60.00560243810854,25.829245927213613,137.02617421894126,6.158951468071301,928.7163997557053,3096.3056909773914,10.347626650618594
2023-01-03 19:22:00,2617.123424684937,58.22651314660096,27.264774377114563,135.90915402568302,6.00268892283376,932.5792544061203,3106.9548767443243,10.342226494435087
2023-01-03 19:23:00,2617.52350470094,59.54735656557945,26.352908566860457,136.36423842697866,6.110334635189055,931.270617098768,3095.124201443468,10.355317232023893
2023-01-03 19:24:00,2617.9235847169434,59.12194394859179,26.45781621306952,135.7023531340937,6.194737118173162,932.315080940923,3098.844610773127,10.364022215577608
2023-01-03 19:25:00,2618.323664732947,58.037876073577124,27.060407148521385,136.40496169386373,6.455083151026054,936.1408102198872,3143.368256233816,10.364202685701372
2023-01-03 19:26:00,2618.7237447489497,60.10667412891667,26.341495731630005,136.19964357078786,5.8681382392767745,924.9495155305173,3089.890118680841,10.343035806562588
2023-01-03 19:27:00,2619.123824764953,59.39636961660696,26.27580271531733,136.9356584579673,6.377286863961575,929.8738159785427,3106.74249784366,10.355137297960765
2023-01-03 19:28:00,2619.5239047809564,58.96475143434628,26.276392875811936,136.42486847292037,6.092298079516104,932.4563905874093,3097.8407035459204,10.337214989710317
2023-01-03 19:29:00,2619.9239847969593,58.52266398628862,26.683926011562164,135.69768948584087,5.9792950651036545,934.1510522905079,3109.6504133579656,10.359885980145572
2023-01-03 19:30:00,2620.3240648129627,58.737631282344466,26.390941384356342,135.78457669827077,6.197191538521143,932.8401593460507,3112.5049880862507,10.35647131750126
2023-01-03 19:31:00,2620.724144828966,57.583976503450266,27.55285240825312,135.07662769293515,6.422326845090946,942.0012987185479,3132.8004037004116,10.400031065815934
2023-01-03 19:32:00,2621.124224844969,59.62598747997036,26.3862731253599,136.89687673054402,6.048551969287885,925.7390112215658,3104.397728548522,10.343419947657397
2023-01-03 19:33:00,2621.5243048609723,58.89979529374682,26.01931759891913,136.9901588346114,6.037256708909935,927.7944881117045,3084.1660413223262,10.354135415188107
2023-01-03 19:34:00,2621.9243848769756,58.435000357722686,26.923293700578522,136.4595011591575,6.448610725482831,933.8319658108618,3125.942781767755,10.369574389065791
2023-01-03 19:35:00,2622.3244648929785,58.086738597719275,27.599239839605655,136.0173828429955,6.1611478749869,939.41452998809,3098.4064563489724,10.368228349996608
2023-01-03 19:36:00,2622.724544908982,58.383057685786376,27.476423401330855,135.9245152003658,6.522098383464448,938.1038864508854,3135.9847365056044,10.366858872113836
2023-01-03 19:37:00,2623.1246249249853,59.4269225631958,25.9357391091071,136.51452342422868,6.221279676859323,939.2753841072728,3109.2753008902982,10.350469854928763
2023-01-03 19:38:00,2623.524704940988,59.09112953910819,26.635268752668505,135.94588851585968,6.320231522783748,933.9268891817762,3134.402509999078,10.370596455535368
2023-01-03 19:39:00,2623.9247849569915,57.41097750908083,27.243670889417984,135.4354940545141,6.284011974164576,938.8854750735367,3140.4294857173013,10.393276124305622
2023-01-03 19:40:00,2624.324864972995,58.43428994610765,27.080791545751005,136.2959739268323,6.318102005403312,934.9214939664153,3108.523043910132,10.375068950160024
2023-01-03 19:41:00,2624.724944988998,58.286787651663424,27.101212235347965,136.11764504388006,6.434563388619771,929.5722922237262,3103.3611923952094,10.36825778970416
2023-01-03 19:42:00,2625.1250250050007,57.931787388217536,27.58320181065128,136.62689200786613,6.390186877809445,934.2105616653939,3137.5138922158153,10.355170734631987
2023-01-03 19:43:00,2625.5251050210045,57.91928906176527,26.0440387629313,135.7701967840576,6.069370884749583,932.1489434623118,3128.1710770625373,10.364772002518313
2023-01-03 19:44:00,2625.9251850370074,58.45056656866874,26.957911379059308,136.52609804602946,6.107690407146389,929.7524306318609,3101.5723321357445,10.35541046515031
2023-01-03 19:45:00,2626.3252650530103,57.39695088042877,26.73221944383656,135.8721759237488,6.071146016461099,932.7443333430127,3114.2459464266876,10.357711065210188
2023-01-03 19:46:00,2626.725345069014,57.16738348853576,27.70646554980463,136.05752461300642,6.518041704768972,932.9632791607384,3135.909000511254,10.368901875164124
2023-01-03 19:47:00,2627.125425085017,57.502522858773666,27.60314583799642,135.45849392843812,6.254178616458464,945.6949480036998,3128.3662041452785,10.378542949602743
2023-01-03 19:48:00,2627.52550510102,59.25572810768844,26.579053615998212,136.45005086462294,6.14450284934102,933.5088470142883,3105.3850981763985,10.356535057290662
2023-01-03 19:49:00,2627.9255851170237,59.71838665738873,25.772185576844418,137.33478312119556,6.132007093804861,928.9181299903942,3098.936718430472,10.349994645835556
2023-01-03 19:50:00,2628.3256651330266,58.237350128729055,27.33577571922065,135.7073493775417,6.29294864922609,936.333967081773,3139.277913177975,10.360429805603477
2023-01-03 19:51:00,2628.7257451490295,56.979088202273644,27.163386372358612,135.14312276835813,6.188784637341629,940.6795346812512,3139.1637532507593,10.377241337877548
2023-01-03 19:52:00,2629.1258251650333,56.96290121228806,28.242897030785034,135.7517652498102,6.383774906608987,943.0205284153204,3141.1534029220156,10.38593200411383
2023-01-03 19:53:00,2629.5259051810363,57.41111454260143,27.912859157193193,135.02890332375674,6.440762481349891,938.4202331519446,3141.710405071795,10.39344283665619
2023-01-03 19:54:00,2629.925985197039,56.30723999684733,27.68858482870506,135.30874486385989,6.470203122734243,939.5047322978802,3138.740656233612,10.38860574348432
2023-01-03 19:55:00,2630.326065213043,57.42534873643172,26.52679430096256,134.9498602653704,6.441804407335255,935.6703328738251,3124.3279242072845,10.35722672431151
2023-01-03 19:56:00,2630.726145229046,56.892303743745224,27.720967575266297,135.31934366600947,6.424155903300094,939.2134156489909,3147.434854840626,10.407752653689947
2023-01-03 19:57:00,2631.1262252450488,57.966227106290745,25.77697760373642,136.88403077675542,6.181085175196495,926.1084044752539,3101.628854012196,10.324004882091174
2023-01-03 19:58:00,2631.526305261052,58.052455189929134,26.257841677843594,136.71274758884562,6.241916559862299,926.1719049729578,3100.8561312058496,10.357278391426444
2023-01-03 19:59:00,2631.9263852770555,58.74339367683426,26.349952879900147,136.283156417366,6.1484897415218,934.1476449551985,3105.463606782177,10.342290219630092
2023-01-03 20:00:00,2632.3264652930584,58.2953766955539,26.793626826492115,135.7736763911825,6.341894124893134,938.6889735867787,3126.9472494812767,10.389108682698991
2023-01-03 20:01:00,2632.7265453090617,58.6459892215213,25.95679962314516,136.5797457390894,6.173491780335561,931.7201164043861,3103.559827915248,10.365717439305406
2023-01-03 20:02:00,2633.126625325065,57.35885041204264,27.255957379359508,134.39828898481034,6.520068283201491,932.3935950647849,3116.0316006987146,10.373530633597415
2023-01-03 20:03:00,2633.526705341068,55.60496274727137,28.40907172129577,134.9633009265576,6.594481051234318,937.9047470994132,3135.5202416229545,10.37628852001455
2023-01-03 20:04:00,2633.9267853570714,59.919318782614,25.951299273684324,137.17898365838872,6.218833554932817,928.1466680753726,3093.6591439465724,10.32125751450523
2023-01-03 20:05:00,2634.3268653730747,57.30939568369795,26.656884787860985,135.8872406177211,6.390444441841277,936.5043132858857,3130.3464524824844,10.385051699592225
2023-01-03 20:06:00,2634.7269453890776,56.254294666454456,27.523852415798594,135.17379342125065,6.251637779501173,934.5818954727814,3133.8730458372097,10.397681541123575
2023-01-03 20:07:00,2635.127025405081,57.38845670884245,27.115449460270547,135.70668781123123,6.090762074464199,935.8717699388619,3142.9153858438694,10.380301882340726
2023-01-03 20:08:00,2635.5271054210843,57.734003092551085,27.24158687303663,135.89383814151006,6.1276590950042715,931.6979308338472,3113.0449957108144,10.372715831414288
2023-01-03 20:09:00,2635.9271854370872,59.84046950655378,26.504855504408578,135.7246986983574,6.2247571438450695,933.5771002688623,3122.9289408587056,10.33789143522044
2023-01-03 20:10:00,2636.3272654530906,58.56487906694019,25.905975149276294,136.9470955295806,6.125309808552753,928.6097436729707,3107.788318355185,10.331340377807978
2023-01-03 20:11:00,2636.727345469094,57.73190880099627,27.45323459110427,135.5125932198959,6.443907651840142,939.4992734340769,3130.772394532326,10.374865547415956
2023-01-03 20:12:00,2637.127425485097,59.2245128422394,25.29167720949906,136.85808253309577,6.33772445731846,926.4951430516272,3100.727456065721,10.337275431071655
2023-01-03 20:13:00,2637.5275055011,57.02427650989067,27.678487977968274,134.90928473054657,6.361644925014998,943.6669399277421,3136.4572923530377,10.399104527782903
2023-01-03 20:14:00,2637.9275855171036,57.657829753870494,26.72448499561101,136.31579933759022,6.182557413297836,928.462806275078,3101.7053740822594,10.372360046895658
2023-01-03 20:15:00,2638.3276655331065,59.26233864203682,26.037122831197124,137.27924654083546,6.159731312120642,927.3753059006556,3103.2652708425176,10.335078147589188
2023-01-03 20:16:00,2638.72774554911,57.311232947929525,27.0472185386119,136.07935493156953,6.413201175177807,934.5754598980053,3153.5707365502853,10.390827619318198
2023-01-03 20:17:00,2639.127825565113,58.489197048961714,26.279839400914707,136.4863912266315,6.02621596142388,926.9705033235072,3113.9118900424282,10.36352808345768
2023-01-03 20:18:00,2639.527905581116,56.35499568230545,27.861955011641015,134.66556157015637,6.524728918398368,935.7405967532267,3139.0555695490953,10.378737002468348
2023-01-03 20:19:00,2639.9279855971195,57.29595217642401,27.192473202182537,135.6830526658345,6.336742626213366,933.253801043745,3128.944683082492,10.38283243745285
2023-01-03 20:20:00,2640.328065613123,55.90518867475608,27.928355397537203,135.37038675731017,6.46363069842107,946.0771421321632,3148.389772766809,10.405139132709243
2023-01-03 20:21:00,2640.7281456291257,58.72378257259098,25.68792532634602,137.24492473967558,6.067736353980987,928.9570087357179,3113.773947663397,10.336411112597018
2023-01-03 20:22:00,2641.128225645129,56.796420581762106,27.83881885465468,135.5068868380536,6.3626444361513705,939.0020682616453,3136.640788736767,10.402852721276632
2023-01-03 20:23:00,2641.5283056611324,56.078758183048194,28.579831164481792,134.0077580801114,6.675400653544658,941.4977461295274,3159.6991493790188,10.417218452357817
2023-01-03 20:24:00,2641.9283856771353,55.87447401579,28.143861787783056,134.85531519767338,6.693232748867552,942.3771204598031,3164.8184009571773,10.422487741902147
2023-01-03 20:25:00,2642.3284656931387,58.051421175374834,26.72128636110818,136.05417923646246,6.453119671440963,933.3096311414212,3127.0610092017314,10.373994698505847
2023-01-03 20:26:00,2642.728545709142,56.309151309019825,28.251005648809326,134.72317904095752,6.5548884425369325,940.081003638686,3161.408569230315,10.418073777835216
2023-01-03 20:27:00,2643.128625725145,54.67496559033778,28.383432246205548,134.22119515581494,6.700946131988033,944.5147099120828,3165.819249188923,10.417935324875028
2023-01-03 20:28:00,2643.5287057411483,56.65218600312071,28.01189613403951,135.3042945229943,6.5849987614356,935.2334632750307,3143.7730685137976,10.406342006615144
2023-01-03 20:29:00,2643.9287857571517,56.02285503907052,27.925452182920292,134.42981857974527,6.703272897710415,939.9992661540923,3164.6323328780322,10.380711104277673
2023-01-03 20:30:00,2644.3288657731546,56.61842312578194,27.48775805758712,135.22891565155834,6.283689873387233,937.6876365394685,3136.732669789866,10.372444861447823
2023-01-03 20:31:00,2644.728945789158,56.9085587080029,28.310255713251866,134.8303885964548,6.38403137366337,940.1251367444388,3130.541644254091,10.38534978758908
2023-01-03 20:32:00,2645.1290258051613,56.58000759183289,28.470413058315913,133.63478442195526,6.604240443889772,940.5242263662077,3181.20246928031,10.417490868500108
2023-01-03 20:33:00,2645.529105821164,56.24526843660202,28.193968544738585,134.7128668792683,6.455888555877668,944.6728170519671,3158.970167106092,10.43081828306125
2023-01-03 20:34:00,2645.9291858371676,56.59832932099244,28.198770344123265,134.4197456366061,6.491701464024552,944.5107488232302,3157.443816135903,10.415817080201155
2023-01-03 20:35:00,2646.329265853171,55.22983976827048,28.404250213316455,134.64542418645175,6.603048997882344,943.9030828397771,3176.662760484983,10.454371827918331
2023-01-03 20:36:00,2646.729345869174,56.23286931444476,27.658796116415967,135.8166124464001,6.587351799718988,936.1950841509635,3140.9216103486297,10.392694230078325
2023-01-03 20:37:00,2647.1294258851767,57.00413134578432,26.75913376942914,134.43470901101662,6.367935146826339,935.2509881435032,3121.7301869524304,10.375980864805536
2023-01-03 20:38:00,2647.5295059011805,56.81854862935878,27.915221864289858,136.1188869638331,6.383274872675296,933.4887756505691,3151.9498825637966,10.387373633080482
2023-01-03 20:39:00,2647.9295859171834,56.21757838958323,27.789891260140845,135.63659464045702,6.4075011840905685,936.5991254097088,3145.5848469763896,10.400457582343154
2023-01-03 20:40:00,2648.3296659331863,56.35702827135715,28.26102372627918,134.96688263714276,6.617636674464804,938.4856278845523,3155.346943815,10.394066054202732
2023-01-03 20:41:00,2648.72974594919,56.77759034040627,27.40419675106692,136.48455822382422,6.5685126057108985,938.1696519806219,3135.4168028146755,10.38557615685918
2023-01-03 20:42:00,2649.129825965193,55.796674867269026,28.439087411998365,135.53578283218874,6.590882931591925,944.6169834637441,3158.04859052583,10.415967446110182
2023-01-03 20:43:00,2649.529905981196,57.167622417524115,27.643388744419227,136.52227425330366,6.356668935811547,941.9768667491062,3142.556059558483,10.35841237858582
2023-01-03 20:44:00,2649.9299859971998,56.71566743087938,27.529246367400948,135.01712211695124,6.538647093932679,942.8772267467049,3138.456091209779,10.400146635036982
2023-01-03 20:45:00,2650.3300660132027,56.17250356257652,27.808618178264805,135.0888549869676,6.4809217148296945,939.4769295438251,3143.919952351703,10.38192574840692
2023-01-03 20:46:00,2650.7301460292056,54.51409729863616,28.527278906219337,134.34744957695554,6.583446828747494,945.3836428660554,3166.237924133839,10.431270457800322
2023-01-03 20:47:00,2651.1302260452094,56.19498668644088,28.340178744733265,134.51480721630176,6.5099229339309135,944.830248577723,3145.796941246583,10.409874723542313
2023-01-03 20:48:00,2651.5303060612123,58.46183872401904,25.96911058053541,136.44489850909272,6.116309879024626,927.357299631193,3104.524029168586,10.336701549442072
2023-01-03 20:49:00,2651.930386077215,58.196879694575806,26.932903684773244,135.45054829928074,6.292820768526646,932.8196632914293,3128.3021851870403,10.358041466901206
2023-01-03 20:50:00,2652.330466093219,55.71017173847755,28.269597166563972,134.5215332744487,6.590172761485048,937.5723028296201,3152.835217324466,10.416976496089342
2023-01-03 20:51:00,2652.730546109222,55.39725970559796,28.1890548211089,134.70921782808517,6.572438816368961,944.0477334199406,3163.7230487644842,10.416882199846079
2023-01-03 20:52:00,2653.130626125225,56.41973286896625,28.673497170618926,134.5804163429993,6.618591908697448,946.019587606458,3149.5398004766216,10.411444174506835
2023-01-03 20:53:00,2653.530706141228,57.73227954647751,27.434349706979404,136.1065720512587,6.301639506365999,930.1548773392439,3124.679694744402,10.377166389573775
2023-01-03 20:54:00,2653.9307861572315,55.99568555808388,27.62258672574931,136.47304035322117,6.3318053076185095,944.0387250441386,3141.2671344832647,10.37925825020922
2023-01-03 20:55:00,2654.3308661732344,56.721320092945064,27.22840179958258,135.87223705562343,6.280867027017191,932.8310330873669,3107.7592607332804,10.370069247183368
2023-01-03 20:56:00,2654.730946189238,56.55134375524151,27.082065485932304,135.18111240076274,6.412805739293792,934.6636691792827,3130.9759494503814,10.382277642151152
2023-01-03 20:57:00,2655.131026205241,56.38286093045342,28.60062650116819,134.33716030266018,6.476378733709228,941.5968086085719,3168.6504854921272,10.401146003059617
2023-01-03 20:58:00,2655.531106221244,55.53964090991273,28.487695499392807,135.14922745873346,6.748982578203686,939.604253688488,3157.3268735586234,10.420785438866456
2023-01-03 20:59:00,2655.9311862372474,53.524970178697195,30.206303916419674,132.87125970536528,6.830412029498876,956.1321393608661,3208.21750006629,10.457250900312598
2023-01-03 21:00:00,2656.3312662532508,57.2256738021691,27.771277918684024,135.96790728555942,6.252778188141393,931.3347226203854,3143.358336277126,10.376923718843061
2023-01-03 21:01:00,2656.7313462692537,56.79921627291423,27.862219528145477,135.45851864746263,6.661380004508568,937.1471742052837,3134.426554646049,10.40852126026033
2023-01-03 21:02:00,2657.131426285257,57.31576610835987,26.947010835209532,135.9719680278286,6.41448731518112,934.1069980747355,3129.5175417651653,10.372530392213761
2023-01-03 21:03:00,2657.5315063012604,58.42541848378615,26.53074295540163,136.01052433684822,6.357598526694612,934.0893399440566,3093.7586281271697,10.35932069630937
2023-01-03 21:04:00,2657.9315863172633,53.88515384877632,28.92967104393102,134.06291959895265,6.794616546043111,944.5961503913655,3180.716189638896,10.450589627216038
2023-01-03 21:05:00,2658.3316663332666,56.329861602504714,27.667143256172274,135.33809568343193,6.371976996451808,940.8510109711614,3161.850410755765,10.404045618272251
2023-01-03 21:06:00,2658.73174634927,59.18735180585284,26.144707676733812,136.54641842689435,6.040163960105078,928.2153549860637,3108.0501939086353,10.320674668422113
2023-01-03 21:07:00,2659.131826365273,56.49433872814283,27.850407600355588,135.11340008199647,6.321256774720318,936.2512908783162,3133.824101618017,10.392236454121413
2023-01-03 21:08:00,2659.5319063812763,57.619546882678264,27.117983654867057,136.0609050089464,6.458084630719754,931.4382919274678,3128.8957194392906,10.3652456945329
2023-01-03 21:09:00,2659.9319863972796,55.504044988919155,29.13716238414637,135.6962952378609,6.589887411957282,940.0676351582592,3179.4166253150515,10.385601631716808
2023-01-03 21:10:00,2660.3320664132825,57.663408813218204,26.454909785801643,136.44576220415732,6.537669735782739,930.7472717512061,3107.881631534478,10.368129631735064
2023-01-03 21:11:00,2660.732146429286,57.30983329454613,27.41358017457231,135.20673059663025,6.433292459384502,933.6632649547596,3144.813105185155,10.396384224702745
2023-01-03 21:12:00,2661.1322264452892,55.373873643091265,28.667559999378337,133.65629183004984,6.835212262133288,940.0114771086866,3141.5829106445067,10.395794104751875
2023-01-03 21:13:00,2661.532306461292,56.789317927367115,27.12843036856979,136.02334509967156,6.33327269158786,939.2943942033935,3118.2654722756256,10.397650836629921
2023-01-03 21:14:00,2661.9323864772955,54.49605194405859,29.06662589283392,134.62251180849313,6.5684908446672186,943.8772199439929,3159.63133786705,10.419448604437177
2023-01-03 21:15:00,2662.332466493299,55.79680775988956,28.5791849122778,134.84979079815224,6.655994148237641,944.8030626996613,3158.3696203394984,10.406720382531116
2023-01-03 21:16:00,2662.7325465093018,56.06986850975791,28.81683978303011,134.21183170242807,6.660323909818951,944.1946669493244,3176.3361349432475,10.432133876456811
2023-01-03 21:17:00,2663.132626525305,55.473190831831346,28.39291751147829,135.35497909911936,6.630454853823668,938.7921224663032,3156.1090589095365,10.40730102585104
2023-01-03 21:18:00,2663.5327065413085,56.53815482233945,26.745966381040365,135.6860780959488,6.336675085695756,936.7135738681509,3113.231925503881,10.378356930873986
2023-01-03 21:19:00,2663.9327865573114,55.461794857063765,28.798719892584675,135.32932222351263,6.569809962011783,943.7967996063651,3173.853988134766,10.413289224149704
2023-01-03 21:20:00,2664.3328665733147,55.17865478333881,28.933699750486202,134.86114471627556,6.605595642273562,937.4931427334113,3184.9445353726787,10.416813506930524
2023-01-03 21:21:00,2664.732946589318,55.640832275748096,27.758711670959855,135.77099473916124,6.731758968693086,941.1934715551251,3150.7264770778884,10.409526834281937
2023-01-03 21:22:00,2665.133026605321,56.448935745270326,28.073890102816275,134.97084747704636,6.623112274872226,938.958623659529,3153.5445895116104,10.39006344141303
2023-01-03 21:23:00,2665.5331066213244,55.09579749988025,29.094722798243183,133.71541683963437,6.485508488637094,943.789063849556,3171.369238036431,10.406601456757265
2023-01-03 21:24:00,2665.9331866373277,55.360446436644835,28.33325904781391,134.46089515052532,6.755987112792986,945.3980342879213,3172.0815977937114,10.416104760482368
2023-01-03 21:25:00,2666.3332666533306,53.330623869057675,29.156809988565467,133.64590475486125,6.9331473491879905,950.7007503308931,3169.001598753003,10.439885143353573
2023-01-03 21:26:00,2666.733346669334,55.98707090897316,29.132000343583726,135.061572006214,6.6745108392721875,940.8963443653723,3163.441524171488,10.420617383466688
2023-01-03 21:27:00,2667.1334266853373,54.57612835510623,29.30818203116325,134.1394581325366,6.869345338956497,943.9770531626178,3198.6566506667104,10.441903185854986
2023-01-03 21:28:00,2667.5335067013402,54.35448455626558,28.995517499122037,133.56392016059274,6.737139072353479,945.2728931674909,3150.9971179826184,10.430528161281512
2023-01-03 21:29:00,2667.9335867173436,54.81233649976752,28.856624072206273,133.49743626261073,6.616069545989246,947.4342125822133,3168.1336289930746,10.433981166708062
2023-01-03 21:30:00,2668.333666733347,54.83012077525136,27.99771278198242,134.2501133891252,6.716282188607808,936.4359381460674,3165.089273691069,10.412088065868847
2023-01-03 21:31:00,2668.73374674935,54.74237359707338,28.56137219648606,135.12062454854944,6.4820735697360625,941.4912062992488,3155.326860535021,10.426872410711223
2023-01-03 21:32:00,2669.1338267653528,55.518880152143524,28.8590079479681,134.46484473291045,6.489839253981564,941.9752582912249,3171.517263263397,10.41683722257211
2023-01-03 21:33:00,2669.5339067813566,54.93628521476378,28.645615527273712,133.99484298728606,6.868844620663964,948.1775596052657,3165.726799493381,10.434403894006014
2023-01-03 21:34:00,2669.9339867973595,55.92771961776601,28.451567242700147,134.03190445872477,6.494741754383147,944.5272772587982,3168.991433533398,10.409031789020299
2023-01-03 21:35:00,2670.3340668133624,55.716054443269265,28.773938031699103,134.975840945329,6.649300823563159,945.4044331068793,3171.562382534447,10.4087177255853
2023-01-03 21:36:00,2670.734146829366,54.7412518598177,28.945333509793457,134.66737120310617,6.737691557001952,938.7914550104875,3171.9264930834565,10.431897340013244
2023-01-03 21:37:00,2671.134226845369,53.90353477069311,29.538465565021735,133.18372799416687,6.7598059062897144,954.064283231726,3205.7283744266015,10.448452633713915
2023-01-03 21:38:00,2671.534306861372,55.906423205580495,27.862170532213682,135.676361629694,6.45765166857596,942.3922935412734,3142.8014702397636,10.414931788428117
2023-01-03 21:39:00,2671.934386877376,56.031503301570304,27.580522600859723,135.73498710042603,6.302151342850133,940.021157292258,3155.781220009043,10.394037848353307
2023-01-03 21:40:00,2672.3344668933787,54.81756817194414,28.972029494903687,134.0235967973829,6.7697279373361905,947.9501314899387,3194.7211546392914,10.441817847957134
2023-01-03 21:41:00,2672.7345469093816,54.51561760489974,28.658267448528683,134.8300801142051,6.540293250048723,944.0284178295602,3183.916339212072,10.41344921870097
2023-01-03 21:42:00,2673.1346269253854,53.96981929820877,28.65939798595864,133.00419974087998,6.897668384300925,949.3477455740709,3204.85434469751,10.447667159357255
2023-01-03 21:43:00,2673.5347069413883,54.921942983091235,28.662548878744097,134.88058447570964,6.8233346046666945,944.0985130211047,3171.7109641350394,10.387679705187766
2023-01-03 21:44:00,2673.934786957391,56.281843180500125,27.911016229157184,135.58642405680231,6.4935956041771625,939.8899910211295,3146.6520761708493,10.415601140987095
2023-01-03 21:45:00,2674.334866973395,55.46845054764457,28.258302184816994,134.5142143379481,6.695378005112191,945.9855268105816,3178.35227280943,10.38859353866281
2023-01-03 21:46:00,2674.734946989398,53.19500871995588,29.41023332750303,133.11511765958292,6.452969236777941,949.1059302962182,3200.1389442134973,10.438322291731287
2023-01-03 21:47:00,2675.135027005401,58.20289137484313,25.987811482547837,136.22458378922883,6.24354526946141,929.992928300572,3104.030642667916,10.356770479710194
2023-01-03 21:48:00,2675.535107021404,55.11427603874615,28.54531945201052,134.86363508457805,6.776537943693855,944.2935310909253,3166.8167243101275,10.42599129109052
2023-01-03 21:49:00,2675.9351870374076,54.37341492146529,28.842242273726942,134.03645876627803,6.67211515620409,944.1318778935479,3175.5572635876056,10.446219210564434
2023-01-03 21:50:00,2676.3352670534105,56.47921080336,27.681652670919124,135.32279888142907,6.1857120079955905,937.8411295860329,3123.9710513281834,10.383227243507323
2023-01-03 21:51:00,2676.735347069414,54.852448063673194,28.978953721588923,134.11101917021813,6.788758612480007,947.4690754688884,3171.2683475132976,10.43849372171527
2023-01-03 21:52:00,2677.135427085417,54.437073069496215,29.101204611850402,133.63151286301868,6.851294293396142,946.2960354248003,3199.662364054966,10.434563082191312
2023-01-03 21:53:00,2677.53550710142,56.854652840517495,27.259825718021048,135.6895211471585,6.40969767098044,937.2463999243788,3136.751975735368,10.390586238014182
2023-01-03 21:54:00,2677.9355871174234,53.23257277070679,30.309531924756644,133.07637265715098,7.005052881342047,946.6498471193263,3234.331680835756,10.46611760355776
2023-01-03 21:55:00,2678.335667133427,56.92373400083008,26.895548723595986,135.2483466729685,6.323468506802046,937.1053652247626,3115.0557639177678,10.365022675100962
2023-01-03 21:56:00,2678.7357471494297,55.98090002069766,28.889141889329768,135.42606548278357,6.4952511960114485,944.8610857800286,3164.1820146106534,10.417736612261093
2023-01-03 21:57:00,2679.135827165433,55.485326026737795,28.69189248345544,133.74428972593475,6.79549243986514,944.795407312354,3174.9397916258304,10.431529739822173
2023-01-03 21:58:00,2679.5359071814364,53.45661765211589,29.4858825107864,133.21296451441486,6.993100890727505,945.4455650062439,3195.9913022802666,10.454629537340102
2023-01-03 21:59:00,2679.9359871974393,55.957791114511465,28.60017505660063,135.0558869208073,6.48438662879683,942.1486353166871,3159.8328788676804,10.434941509012797
2023-01-03 22:00:00,2680.3360672134427,55.160513761806804,29.314203408354174,134.197816242989,6.7166235189162355,944.3602199039968,3166.6318489395876,10.425360414431974
2023-01-03 22:01:00,2680.736147229446,54.432125763265105,29.051580867269546,134.01364239468282,6.726585776035037,949.4240423463274,3180.7788043979735,10.417287828587767
2023-01-03 22:02:00,2681.136227245449,54.62610255868857,28.378745045777194,135.06676563902408,6.5005473984504025,947.878313627271,3169.1424190076937,10.423689854215466
2023-01-03 22:03:00,2681.5363072614523,57.2766034127179,27.495463743353007,134.4586931371333,6.394643220618365,937.8596811164455,3128.5455441708636,10.392337354984152
2023-01-03 22:04:00,2681.9363872774557,54.9476632809776,28.54162572517084,133.7041062214804,6.709757125380546,945.0461472375123,3174.8526608153547,10.431816289573584
2023-01-03 22:05:00,2682.3364672934586,53.65064575108888,30.107550106024433,133.1643975731205,6.865630670157539,954.2562029842795,3199.3148567456797,10.458478861897412
2023-01-03 22:06:00,2682.736547309462,53.98101882469046,29.325416399741073,133.0354161026892,6.95625241908427,948.7076839621601,3181.0970791530917,10.452808038177963
2023-01-03 22:07:00,2683.1366273254653,55.475286268824846,28.15610182310229,134.74761400215039,6.639261884397457,940.4607318692993,3162.2200040266807,10.40055348063289
2023-01-03 22:08:00,2683.536707341468,55.25951802014983,28.432316081640664,134.77792308227149,6.631059339208928,938.2927288536747,3167.9337927514507,10.417585808092198
2023-01-03 22:09:00,2683.9367873574715,54.351117709850385,29.30964858009218,133.72615963975232,6.953687776830569,943.7362885034031,3192.1861153614414,10.431148382057026
2023-01-03 22:10:00,2684.336867373475,53.80956484678232,29.313395261974687,133.15307826793992,6.824737687105491,948.0326213312624,3191.7258845261304,10.466458601597207
2023-01-03 22:11:00,2684.736947389478,56.12162181864207,27.75479098417366,134.2812566203943,6.510454687550152,938.3343716627576,3167.787776975002,10.403121172912657
2023-01-03 22:12:00,2685.137027405481,54.41732278595508,29.56165942397921,133.6388773518944,6.899197923104203,950.7546743927079,3178.1571550168746,10.43273044946405
2023-01-03 22:13:00,2685.5371074214845,53.21613321999382,29.86399198666895,132.29354525721587,6.911383960733715,952.0938662017135,3199.975912973175,10.467977719963308
2023-01-03 22:14:00,2685.9371874374874,55.29471921330868,28.322204448391208,134.85672769451125,6.729578575709119,939.8880621097034,3157.076356161908,10.41857479688273
2023-01-03 22:15:00,2686.3372674534908,54.63936162754402,29.104089490212303,134.04414901887802,6.746874712753065,950.8699898287962,3182.432419147807,10.438634164983117
2023-01-03 22:16:00,2686.737347469494,55.13359139437872,29.116911570110023,133.72529773125706,6.829423053704745,947.4008597377718,3196.5821963252342,10.427247373899565
2023-01-03 22:17:00,2687.137427485497,53.82035639955047,28.67216274071609,134.08302786385374,6.645484900012256,948.5729750490428,3170.695667062372,10.424373255597715
2023-01-03 22:18:00,2687.5375075015004,54.223129700752104,29.0461342841498,133.64638407385502,6.651763003448197,948.0610662770565,3173.2662711037447,10.45255379501591
2023-01-03 22:19:00,2687.9375875175037,53.344071335947866,29.58992437729376,133.4468998182153,6.8235733776522745,948.517185111999,3191.594209191002,10.45024899416745
2023-01-03 22:20:00,2688.3376675335066,54.018526989390445,30.277586177261306,132.31855253821345,7.012633364231518,952.654525943299,3218.913984073889,10.455348338377746
2023-01-03 22:21:00,2688.73774754951,55.267935769760854,28.598764079575975,134.14914619089058,6.7493046804410115,949.4108955531616,3172.1988967843076,10.409501361542501
2023-01-03 22:22:00,2689.1378275655134,52.497680338334426,30.858093988017746,132.37893603102037,7.271112011174583,951.3045172417485,3241.575457088776,10.487381921568218
2023-01-03 22:23:00,2689.5379075815163,54.97460316299847,28.008132232955454,134.19874339028877,6.630576483473522,946.6574662323096,3167.9121604848956,10.425901350965988
2023-01-03 22:24:00,2689.9379875975196,52.36483510805287,30.30753324726067,132.33682611640128,7.064460230764339,952.5969069990219,3223.9680963060264,10.465765487057531
2023-01-03 22:25:00,2690.338067613523,54.64683766911268,28.86252723192383,134.8962376169794,6.631647480574018,944.8500043584213,3176.2790887327637,10.41540281862434
2023-01-03 22:26:00,2690.738147629526,53.67191040449335,29.77959728295645,132.59581669070977,6.913671945643001,953.2235252945363,3190.3153065822657,10.463311920914496
2023-01-03 22:27:00,2691.138227645529,55.03031646570009,29.574184933126027,133.3413558555055,6.68941144191972,946.318467908816,3179.2612642749323,10.443826267693037
2023-01-03 22:28:00,2691.5383076615326,54.45378119039954,29.26552175833859,134.1389618056365,6.602748147046927,947.5885240328157,3176.0718607874464,10.439661050111615
2023-01-03 22:29:00,2691.9383876775355,55.08240753181853,28.579473442402456,133.80871692732345,6.614271261688197,935.9092552465108,3170.456220588322,10.413687528858077
2023-01-03 22:30:00,2692.3384676935384,53.584430882287094,28.37205851781596,134.0074340358866,6.655582483517807,945.4654524640879,3195.8366454938273,10.428677193540693
2023-01-03 22:31:00,2692.738547709542,55.31595767600077,28.8454123970589,134.6532487112821,6.660041706874767,944.1768752450868,3154.319913950094,10.413780065723307
2023-01-03 22:32:00,2693.138627725545,54.665518713825804,28.580318265574405,134.38858215044053,6.608195610122439,940.977415490892,3176.502925658466,10.421576753400954
2023-01-03 22:33:00,2693.538707741548,53.489736702128866,29.814861028145437,132.89407756881408,6.8025529583932425,948.6882069224591,3192.864781727093,10.456580393195672
2023-01-03 22:34:00,2693.938787757552,53.21879948837296,29.676936129827553,132.75785099473524,6.968711959820003,953.8880246737017,3196.356296980001,10.464193274471837
2023-01-03 22:35:00,2694.3388677735547,55.34999579147045,28.63371625062066,134.89410796767453,6.490072292577175,942.4609499870342,3154.997974234103,10.423961837890326
2023-01-03 22:36:00,2694.7389477895576,54.63757768530432,29.110947843001004,133.87799646240367,6.785202018873292,949.7859959136077,3182.1149529693885,10.431089721410645
2023-01-03 22:37:00,2695.1390278055615,52.85745905989617,30.73870208754513,132.5147060462947,7.145316417783473,952.5391122463991,3223.224969096104,10.464907791129566
2023-01-03 22:38:00,2695.5391078215644,53.343178479601384,29.787242736179852,133.83176991927346,6.770971530206382,949.5776412140273,3197.259375408015,10.438721272711629
2023-01-03 22:39:00,2695.9391878375673,54.619881728460015,29.25770983246026,134.30671499522938,6.549752621106671,945.2290438060375,3176.791284046043,10.433242126099351
2023-01-03 22:40:00,2696.339267853571,53.022294588874516,29.855411189668203,132.73775909366879,6.999682107562456,954.5801078091231,3194.2725490032376,10.448053974950737
2023-01-03 22:41:00,2696.739347869574,53.58180187745974,29.377140925750094,133.49925819994255,6.793023926016396,947.2941269392028,3178.637524200019,10.444824616136126
2023-01-03 22:42:00,2697.139427885577,54.15112309457846,29.32883800741036,132.7170726818536,6.696705955539575,948.0216697939379,3181.865060768381,10.448525066749983
2023-01-03 22:43:00,2697.5395079015802,53.96897836077892,29.642967080374948,133.94455132483634,6.648684713541249,949.706901997568,3168.9342651272345,10.441545768072892
2023-01-03 22:44:00,2697.9395879175836,53.74700005411407,29.856861588945943,133.21877424111162,6.937603718611713,946.7664797348963,3192.500395301626,10.441573755951804
2023-01-03 22:45:00,2698.3396679335865,55.38210380580832,28.12521619483825,135.6300896876503,6.4913597725992975,946.0121562372079,3159.918367393395,10.41037487938537
2023-01-03 22:46:00,2698.73974794959,54.374573813551194,30.06399715289687,133.10421491613343,7.0591170009710495,943.6200171318314,3172.5807081474613,10.454965345373447
2023-01-03 22:47:00,2699.139827965593,53.19476605017701,30.055659802483564,132.15224733018306,6.827911229602642,948.3609283688929,3195.7267925801825,10.454693716582268
2023-01-03 22:48:00,2699.539907981596,52.38655471202781,31.172477785046976,131.36361886813276,7.157741198477361,955.9872202489375,3225.0272221855,10.489400664217586
2023-01-03 22:49:00,2699.9399879975995,54.4855438604572,28.835073524993508,133.8351537954903,6.759282746439013,940.4691440922304,3190.684327863391,10.427878518546263
2023-01-03 22:50:00,2700.340068013603,55.57947718976687,28.439722300762078,135.08431246104863,6.402415076529335,937.7791727779312,3154.1773565448148,10.402681320869235
2023-01-03 22:51:00,2700.7401480296057,54.521035480304896,29.553883775961896,133.6997639170364,6.934868056497439,950.0529758373503,3204.7442944591025,10.442302299688917
2023-01-03 22:52:00,2701.140228045609,54.71829137380579,29.469159323636994,134.29007988707014,6.633014551151439,943.8963118426459,3189.674161145149,10.42361924864619
2023-01-03 22:53:00,2701.5403080616124,54.72080599519095,28.264751593006828,134.68277780886754,6.8792284882134735,940.490672213453,3163.418721549392,10.433065673045459
2023-01-03 22:54:00,2701.9403880776154,52.915530494822036,29.90416825403837,132.74625319136553,6.887757650816687,953.3020965235701,3199.2410798811343,10.473387023740946
2023-01-03 22:55:00,2702.3404680936187,54.16115236326195,29.888016924548946,133.18410807204683,7.034440889271714,951.3367116454413,3182.486160559991,10.445006465392714
2023-01-03 22:56:00,2702.740548109622,54.07160807194554,29.5287535268385,133.8367501002454,6.804400271083957,948.1583280855804,3192.4328244795247,10.443082461255003
2023-01-03 22:57:00,2703.140628125625,53.889044689509134,30.30932950981772,132.51521117343847,7.045556015146897,952.8123983226582,3194.6103175015414,10.469425962082022
2023-01-03 22:58:00,2703.5407081416283,54.48576898266266,29.426144741807708,134.9190555182705,6.7170384303557755,947.5058402625457,3179.2820520368023,10.44623575432683
2023-01-03 22:59:00,2703.9407881576317,54.72378414857291,28.924771033884934,134.1094421468964,6.547396733428314,943.765794937629,3191.9876707277595,10.42685560141825
2023-01-03 23:00:00,2704.3408681736346,54.48616293451239,29.203779138618117,133.0459033384202,6.97699411664154,951.0649396475969,3168.474180672219,10.410432015180916
2023-01-03 23:01:00,2704.740948189638,54.43988909309306,28.622694070972514,134.1274044781428,6.559895186262685,947.7665442256599,3188.2249877200647,10.423691033654437
2023-01-03 23:02:00,2705.1410282056413,53.432832884284736,29.96829188436981,133.4568095498419,6.93505113906917,955.7656324132554,3231.062532851189,10.470396583312452
2023-01-03 23:03:00,2705.541108221644,54.91754263205231,29.387435481964953,134.04787383867483,6.669435449922613,946.0562436643501,3183.7452464980497,10.428667075741474
2023-01-03 23:04:00,2705.9411882376476,52.7897319631325,30.160481726622702,132.7052173853617,6.992283523592519,955.2605825440274,3200.6309048315143,10.471993287026665
2023-01-03 23:05:00,2706.341268253651,54.783562628709475,29.500449169178903,134.67301161953998,6.78046435082946,950.0064432387717,3178.328647436514,10.417766221437951
2023-01-03 23:06:00,2706.741348269654,54.31685749457241,28.802944874167228,134.98202199783768,6.568746020775206,941.7279867384501,3163.037903845617,10.425064301883157
2023-01-03 23:07:00,2707.141428285657,53.99843278684222,29.292891452429465,134.16353704576284,6.622090470780999,951.8058620530928,3190.029696245802,10.432809800137795
2023-01-03 23:08:00,2707.5415083016605,56.79570841730167,27.815447831092015,134.980981385528,6.402329543666123,939.4120337859766,3142.1424965009533,10.399784243151522
2023-01-03 23:09:00,2707.9415883176634,55.11143222278867,27.897729128662274,134.37022477904125,6.617258198014196,942.4833768053261,3168.0482249644915,10.42310640878591
2023-01-03 23:10:00,2708.341668333667,52.80510828664212,31.12060024225345,132.39420028921916,6.984122300545855,951.7497910828209,3221.084338919051,10.486671175336395
2023-01-03 23:11:00,2708.74174834967,54.806090543154745,29.29525619226868,133.68243187982029,6.876354345689961,950.0634875996044,3173.9468473618585,10.45262273947689
2023-01-03 23:12:00,2709.141828365673,53.52498380096466,30.083396195805577,134.31103128498987,6.781703537803403,955.9948574432647,3198.979681572967,10.454759321149153
2023-01-03 23:13:00,2709.5419083816764,53.90080224004528,29.334863730246358,132.9051682872894,6.859981698517511,943.9726846659693,3183.5096973585783,10.435500906567952
2023-01-03 23:14:00,2709.94198839768,53.23822390020605,30.03338672523189,132.31919849914246,7.0061594456300815,956.7887499829193,3216.6310001422094,10.478332655061505
2023-01-03 23:15:00,2710.3420684136827,52.96971541401716,30.241192157178094,132.29607997299175,7.248346293178489,956.2555629210234,3201.556703734605,10.447453805153792
2023-01-03 23:16:00,2710.742148429686,53.23012551601641,30.51607547382048,133.0458602606094,7.0586637306390605,951.5943093694152,3229.409892184689,10.48160690838784
2023-01-03 23:17:00,2711.1422284456894,53.97506472255411,29.03643943319809,133.69251765118554,6.9138420817112,948.2390572340049,3192.4083574901065,10.447374857901536
2023-01-03 23:18:00,2711.5423084616923,56.46665811052089,28.053283560506824,135.3474887822108,6.433466310956516,940.7743292355957,3150.3450021345825,10.410999686373431
2023-01-03 23:19:00,2711.9423884776957,56.64287478532754,28.04655392073906,134.0149690095361,6.583189805425394,935.1687395230495,3145.0822350784642,10.39881736087421
2023-01-03 23:20:00,2712.342468493699,53.57380332240212,29.182218834325898,133.58924544631853,6.8453472260670685,949.3567060719472,3179.909009590932,10.4591392583365
2023-01-03 23:21:00,2712.742548509702,53.31327095703953,30.177045715969165,132.23476053801033,6.984238199259384,949.7277281511947,3197.901331262228,10.468801466227244
2023-01-03 23:22:00,2713.142628525705,54.770909034138235,28.97997304442522,132.87186930827946,6.832756322665774,950.7330229387711,3181.2578750530834,10.441907249023568
2023-01-03 23:23:00,2713.5427085417086,52.15106113863642,30.688743884928865,132.90046403417327,6.948277538325849,957.6531282623253,3227.03172478969,10.47903498550214
2023-01-03 23:24:00,2713.9427885577115,51.66645856334084,30.940722906556417,132.46625236950283,7.174636017264474,957.8871201137423,3248.1970578033884,10.501055425509497
2023-01-03 23:25:00,2714.3428685737144,52.43846968529595,31.097502980672367,132.58956735553764,6.988303192970587,955.510502893197,3208.9846265166198,10.47115053136032
2023-01-03 23:26:00,2714.7429485897183,53.52703598223309,29.32056227017334,133.86596713227692,6.993362407701697,939.6663281927736,3163.1360498283693,10.463271352125648
2023-01-03 23:27:00,2715.143028605721,55.66124352710261,28.34143448428437,134.16612567011302,6.710912900607999,943.6121702871988,3164.796223508521,10.414260808221991
2023-01-03 23:28:00,2715.543108621724,53.0000268462141,30.816935617946047,132.1102177559223,6.985981883217792,956.7304140079181,3211.724593992861,10.499803426846764
2023-01-03 23:29:00,2715.943188637728,53.37851010650968,29.8560083367058,132.61118948215184,7.019219289724437,950.6751375554651,3210.005256582698,10.464739324724793
2023-01-03 23:30:00,2716.343268653731,53.1032584522104,30.25267751431134,132.82423906929975,6.941980479904471,958.1732382002922,3214.766985671349,10.465143732695733
2023-01-03 23:31:00,2716.7433486697337,55.564904187462965,28.626806041146434,133.743535091115,6.700443307393532,944.5977761174913,3170.3965547274465,10.419867903103109
2023-01-03 23:32:00,2717.1434286857375,51.73061409452519,31.11025916673582,132.00481429880315,7.326843869544581,960.3960147644617,3238.0049131370024,10.505723176613179
2023-01-03 23:33:00,2717.5435087017404,54.55874517603852,29.18183715391259,133.91143742388894,6.774396467841261,952.0793447426626,3208.8206191722234,10.457770603308354
2023-01-03 23:34:00,2717.9435887177433,55.6697003138542,28.589072796005794,134.6396058192486,6.502208142984518,945.2807883391584,3144.349596618971,10.403421635473272
2023-01-03 23:35:00,2718.343668733747,54.894472393266334,28.617818989239133,134.3567579702027,6.671656761451086,943.1750034432445,3154.166947664003,10.44430578372751
2023-01-03 23:36:00,2718.74374874975,54.802937203418196,29.08991550031259,134.47916652701633,6.751908397526597,948.4572662624357,3160.999365746576,10.422220904642344
2023-01-03 23:37:00,2719.143828765753,54.26573300008507,29.923607173891877,134.01568320549475,6.830195728430088,952.1464301501937,3184.8028183077467,10.42628022166104
2023-01-03 23:38:00,2719.5439087817563,55.74092171547623,29.12537438301105,134.91589074774063,6.70497659827762,946.6988929916478,3167.7181840648946,10.427742817900723
2023-01-03 23:39:00,2719.9439887977596,53.6806390360193,29.877891357972132,133.3494114327654,6.9852632906282155,953.430790401875,3189.7374644065703,10.460953610502568
2023-01-03 23:40:00,2720.3440688137625,52.58177696934662,30.322809346582428,132.6564745713258,7.096683690810175,953.3896467944339,3224.112343985108,10.468155372551722
2023-01-03 23:41:00,2720.744148829766,53.94161336879824,30.601458586891567,133.22036615538502,6.948818865420587,953.6528410586092,3223.7628180005404,10.457937562594605
2023-01-03 23:42:00,2721.1442288457692,54.41160955489598,29.83230740370965,134.163673856996,6.801418890449984,946.194893852891,3190.3618188298155,10.447374622445091
2023-01-03 23:43:00,2721.544308861772,53.09662576246871,30.298044226461602,133.2161673023706,6.859144231950644,951.5391689760274,3206.77112213231,10.452186361666154
2023-01-03 23:44:00,2721.9443888777755,50.45138182526209,32.39614639140006,129.79921834878022,7.3561897370929294,963.111090892678,3230.5229381955237,10.524895597611069
2023-01-03 23:45:00,2722.344468893779,53.17133791554657,30.157340805372467,132.07938667730767,7.070955840602374,951.9461749823168,3207.004472339236,10.464732763855237
2023-01-03 23:46:00,2722.7445489097818,53.76956401600254,29.799413504219316,133.38886851041897,6.757733924246094,951.9936060524012,3205.819347572683,10.452170638510141
2023-01-03 23:47:00,2723.144628925785,51.82797508690553,30.533372120499447,131.32686476497332,7.202675454151136,959.608809482977,3232.6281351891953,10.488192259240572
2023-01-03 23:48:00,2723.5447089417885,52.66001019915749,30.33892587180538,132.29173451522553,7.005577877874733,951.1402553856663,3202.7381363834697,10.442457242868752
2023-01-03 23:49:00,2723.9447889577914,53.857180824348276,29.464887540094928,132.81889645864473,6.721998257846664,951.4013717915973,3201.6739114713646,10.444001753312175
2023-01-03 23:50:00,2724.3448689737947,53.331275901339616,30.05614138459404,131.18563540836436,7.154133592534511,955.2743978579047,3230.145451074656,10.499962101295935
2023-01-03 23:51:00,2724.744948989798,53.99150726974683,30.02253732123351,133.1757399748277,6.964251741256106,957.1007420181355,3211.0179375456405,10.457424913480011
2023-01-03 23:52:00,2725.145029005801,53.182199228677135,30.398414581021548,133.08739182377394,7.001248437173137,957.1291468923087,3207.62894407698,10.474176649366296
2023-01-03 23:53:00,2725.5451090218044,52.239379700929916,31.556883728077327,131.90387070538097,7.129906870687505,955.7149952682919,3201.4345974150656,10.467949549670257
2023-01-03 23:54:00,2725.9451890378077,53.20358110020094,30.316423317725413,133.0587448248476,6.994173144423982,951.2029308664153,3222.2091419159497,10.477335520668422
2023-01-03 23:55:00,2726.3452690538106,53.01412243759782,30.629136537992412,131.4997034398435,7.025166184018366,952.2840676327742,3233.4625873636273,10.467398305590574
2023-01-03 23:56:00,2726.745349069814,54.14151948514272,29.339064421417852,133.19164839842864,6.845975952139787,955.2692735215264,3199.3288315831983,10.429080871750541
2023-01-03 23:57:00,2727.1454290858173,54.13140464898422,29.573144128962223,133.21994668771023,6.875007156497253,949.2228580336142,3200.5406266104055,10.45183294027785
2023-01-03 23:58:00,2727.5455091018202,53.50350112253399,29.550600919476793,133.91204336486595,6.869107242413861,957.8326077095563,3189.4147816706104,10.456861507781397
2023-01-03 23:59:00,2727.9455891178236,54.24855471993606,29.061025732222415,133.5560640070705,6.76514249588621,954.0271457087523,3179.791294169724,10.445190503808119
2023-01-04 00:00:00,2728.345669133827,54.904598960957784,29.506543010336905,133.61606489179914,6.972602004040062,954.1079479037655,3187.7305865341286,10.432087729815631
2023-01-04 00:01:00,2728.74574914983,53.72483518869441,30.65076787012218,132.45653988195536,7.059840022806079,953.0246253718633,3226.000460658024,10.46707482544423
2023-01-04 00:02:00,2729.145829165833,53.19055969961831,30.280035087796627,132.02099699431835,7.089126888772308,959.060031326108,3224.366450250428,10.485398321704643
2023-01-04 00:03:00,2729.5459091818366,52.54766181567256,30.241024067416802,132.50317277874453,7.324148378333798,958.5577645722618,3232.61909906278,10.47238127982889
2023-01-04 00:04:00,2729.9459891978395,54.97394136892041,30.126597047351105,133.63193388806687,6.954323114871759,954.4864744774363,3197.4101763969275,10.438036786281597
2023-01-04 00:05:00,2730.346069213843,53.6116912564339,30.469543103362035,133.34280715918115,7.229314377530887,952.450647842303,3219.0928154815115,10.493305058528065
2023-01-04 00:06:00,2730.746149229846,53.33860239921073,30.006156878778903,131.91026481240655,7.055901315321179,953.6026881280243,3194.577987770248,10.450560865845498
2023-01-04 00:07:00,2731.146229245849,53.217588897339496,29.932696045303874,132.43179065649431,6.971500172699667,954.3154792395721,3190.0745632985995,10.459897243610774
2023-01-04 00:08:00,2731.5463092618525,53.1673998630267,30.526063314695225,131.78795882006676,7.337146070573199,961.8894172592302,3231.6375619335436,10.500895670684812
2023-01-04 00:09:00,2731.946389277856,53.62538844418609,29.870347092487634,133.39212224945788,6.9376129805338715,948.7494864693278,3192.4171732329874,10.467860610226438
2023-01-04 00:10:00,2732.3464692938587,53.14119600402633,30.44817558956379,132.53603033694802,6.844480158054002,958.824475326745,3204.5567007351656,10.45219750515514
2023-01-04 00:11:00,2732.746549309862,53.48402809431856,30.40365943151494,133.1676654806194,7.135448773625989,953.8721867117158,3212.9634268073783,10.464196412476992
2023-01-04 00:12:00,2733.1466293258654,54.256268633641,30.424089063239126,131.85229902557361,6.986154920287732,949.6941671672608,3227.6344515331084,10.48255007420602
2023-01-04 00:13:00,2733.5467093418683,54.642095755395744,29.387828670225677,133.58934584633397,6.877073531688255,945.1578091835858,3196.4894555533824,10.452061158851569
2023-01-04 00:14:00,2733.9467893578717,52.87378456200975,30.8453913153689,132.52015262533996,7.068630798924051,943.8086863824321,3227.272958578975,10.471179719657027
2023-01-04 00:15:00,2734.346869373875,55.496365742107315,28.895098483726397,133.45141852917135,6.667926191057064,942.2566226698915,3178.4912225627477,10.44003117144776
2023-01-04 00:16:00,2734.746949389878,54.227600138762334,30.167308644751714,133.41145397236227,6.838812564954184,949.1895466708023,3208.12001657571,10.450505115912826
2023-01-04 00:17:00,2735.147029405881,53.143090283340364,29.99929381940958,132.60000532285554,6.989898966880725,956.658907517325,3215.3622179935514,10.462787894771528
2023-01-04 00:18:00,2735.5471094218847,55.222106933854725,29.17042257047041,133.91322872201044,6.7608626362594295,951.8453503413729,3178.3621722378152,10.441614007331172
2023-01-04 00:19:00,2735.9471894378876,52.2283017953797,30.78815887047361,132.25750482917724,7.223263151151614,959.9366995885821,3232.001051170557,10.496581328327952
2023-01-04 00:20:00,2736.3472694538905,51.53203733449891,31.528364163011812,131.48950715866764,7.249866314615418,962.2701247833879,3232.826858124756,10.484383081234297
2023-01-04 00:21:00,2736.7473494698943,52.62766535178162,31.174226214205163,132.14789972330593,7.260025740137756,960.1006982783373,3233.338531650366,10.50510706442187
2023-01-04 00:22:00,2737.147429485897,52.261197452712274,31.059832131538897,132.51263752028504,7.1928699359678525,962.4804130154846,3240.4908858066565,10.498761661083833
2023-01-04 00:23:00,2737.5475095019,52.854851992231026,30.983269527915038,131.68208888605457,7.209876719046105,959.8964591180475,3222.115087524274,10.491539301139527
2023-01-04 00:24:00,2737.947589517904,53.84387790711687,29.877319785552928,132.79807448875582,6.991188401441391,948.478065312157,3207.3728534424336,10.455917606770463
2023-01-04 00:25:00,2738.347669533907,52.32303146259641,31.34592506331306,132.22771243657894,7.236688804881973,958.0004459352162,3219.501342926361,10.507009013676528
2023-01-04 00:26:00,2738.7477495499097,52.04322209668947,31.343619219656667,131.7647866304691,7.329065803856998,963.6218002450255,3242.969226046997,10.51156721423192
2023-01-04 00:27:00,2739.1478295659135,54.646233103977835,29.400143481502035,132.76440636219647,6.763002655493175,941.1914364602051,3185.893384589887,10.445731868965764
2023-01-04 00:28:00,2739.5479095819164,52.845216853608534,30.33526931567298,132.71587414307805,6.84170783719842,952.5959437600173,3202.368361979725,10.449137724809786
2023-01-04 00:29:00,2739.9479895979193,52.831340515798075,30.20854344436265,132.49502447506552,7.001946135247079,952.3270026359847,3193.5756317690552,10.473261583253548
2023-01-04 00:30:00,2740.348069613923,52.737568676716,30.58946626039616,132.86444993773137,7.169855831310187,953.0716902055141,3235.9756052065136,10.469894625315177
2023-01-04 00:31:00,2740.748149629926,52.617005470320265,30.832142670080707,132.15383359057716,7.03107973535548,957.5596224755506,3210.372072844526,10.494082888530556
2023-01-04 00:32:00,2741.148229645929,52.44153890696961,31.199910136392862,130.9723415609666,7.2660806879399455,958.5231556337175,3236.4749046796155,10.496771842449409
2023-01-04 00:33:00,2741.5483096619323,52.87473273824063,30.36853870624109,133.3161943007636,6.9600848749087385,950.522100657288,3210.1251181521934,10.466539129304216
2023-01-04 00:34:00,2741.9483896779357,51.84782760340932,31.448272386384286,132.01629946037514,7.335734448522898,960.5187397597873,3223.954851565834,10.48828261728539
2023-01-04 00:35:00,2742.3484696939386,53.38224698974252,30.625559066410133,132.1626622517062,7.036704713350818,951.8930415592063,3223.3441494499693,10.464180710522971
2023-01-04 00:36:00,2742.748549709942,53.809216727458946,30.07595043072386,133.1658526443918,7.104015282766244,954.0816303861009,3201.600063023994,10.460047517936307
2023-01-04 00:37:00,2743.1486297259453,51.694163200610134,31.69919977875113,130.79998533616637,7.5617946396380935,967.3738054243264,3264.7388862229886,10.536537523322112
2023-01-04 00:38:00,2743.548709741948,52.67354644437097,30.890220341404234,132.3269228596511,7.056758771864443,957.9531206952598,3233.845936315623,10.496055379052226
2023-01-04 00:39:00,2743.9487897579515,52.67549475625716,30.82786174230474,133.3661068437088,6.974661777473821,958.8884062060267,3212.4843086866554,10.463471226826663
2023-01-04 00:40:00,2744.348869773955,54.471969211406204,30.303161658807596,133.1470076476231,6.974647160894997,953.8761046652179,3190.1175375444263,10.467890495927303
2023-01-04 00:41:00,2744.748949789958,54.13429188769477,30.533149942320524,131.93102277446377,7.061198888398845,952.9076071321878,3195.5063857733708,10.467695479106409
2023-01-04 00:42:00,2745.149029805961,53.83570269933887,30.384760786469254,132.7599157609738,6.872595246101939,952.4173371233651,3193.771968517745,10.452299135399416
2023-01-04 00:43:00,2745.5491098219645,52.81629816345935,30.770532927435724,131.8206935524894,7.15602234324148,953.9346250149322,3246.034210920118,10.482308641322897
2023-01-04 00:44:00,2745.9491898379674,52.65965382780976,32.12765584974588,131.26403919798307,7.204825677032711,963.3161625231351,3252.551597574095,10.511073140816874
2023-01-04 00:45:00,2746.349269853971,53.09353055457736,31.351076188479702,131.53698496055145,7.088504884023692,959.7399335921771,3243.2748760064983,10.489334070293621
2023-01-04 00:46:00,2746.749349869974,53.92412714133918,29.871557357309964,133.0710641408603,6.897191435032694,955.4677609933818,3201.0148283689605,10.46868172769021
2023-01-04 00:47:00,2747.149429885977,54.20699613014528,29.75072384899669,131.9185663928007,7.184251828561994,956.7104251311962,3209.193636088431,10.465575751807537
2023-01-04 00:48:00,2747.5495099019804,53.18840156565448,30.502817238243626,132.13711234505996,6.989158160809648,954.1570650458125,3219.529610168292,10.476662164140912
2023-01-04 00:49:00,2747.9495899179838,53.36505146516911,30.650405827298535,132.21521550758803,7.163055622380105,954.3925355744111,3220.2920043421227,10.472302164756623
2023-01-04 00:50:00,2748.3496699339867,52.45816022971769,31.62713119625124,131.32549226189715,7.375257514693258,963.9337631029256,3239.023533625955,10.511893253167864
2023-01-04 00:51:00,2748.74974994999,53.40260471949319,30.554052638271713,131.47306759274133,7.2538987855776,951.1672715412456,3221.5314535939165,10.463624008603365
2023-01-04 00:52:00,2749.1498299659934,52.69160516759769,31.40729432361222,130.9877756184491,7.219612820974269,962.4099289135107,3230.6424448604903,10.49195189522919
2023-01-04 00:53:00,2749.5499099819963,54.48605699349707,29.804405222118145,133.12826622131973,6.911110665912543,950.1944826934309,3182.5593565233785,10.459830345876743
2023-01-04 00:54:00,2749.9499899979996,52.00330231649353,30.964479916693197,131.30593525632128,7.180714862935146,956.9723515405932,3237.4043136499545,10.491984137253938
2023-01-04 00:55:00,2750.350070014003,52.55391197013384,30.670155099720095,132.3295370562461,7.109386836224555,957.6131357411504,3227.2222180011636,10.48884783749754
2023-01-04 00:56:00,2750.750150030006,52.8357927624309,29.9891843590145,133.4879364499428,7.109261008293653,951.698105579111,3210.91649120094,10.48360858967343
2023-01-04 00:57:00,2751.1502300460093,53.09937478890878,30.72164658972084,131.64165888586254,6.884049356789623,953.8421332551851,3223.59435682378,10.49468934400139
2023-01-04 00:58:00,2751.5503100620126,54.396330427694245,29.51273053306924,132.39195177048782,7.06710553721043,946.6228884888094,3201.2268155235583,10.45136355658545
2023-01-04 00:59:00,2751.9503900780155,51.653387496320676,31.385815505970044,131.45818938492576,7.225393671908135,957.4594427634363,3239.922344940446,10.48680947570787
2023-01-04 01:00:00,2752.350470094019,52.554805250549585,31.21548604982504,131.53105033090515,7.093405323791676,960.7811121683139,3229.7695923210986,10.491690620209862
2023-01-04 01:01:00,2752.7505501100222,53.76817868769943,30.25599743790971,132.52505142936903,7.264767789869263,955.9779254490696,3216.0780902938345,10.462373148564177
2023-01-04 01:02:00,2753.150630126025,51.99189333871847,31.31204651313897,132.15323559622567,7.228491691866819,958.1807608343343,3245.117056457897,10.495173836745701
2023-01-04 01:03:00,2753.5507101420285,52.855904813085296,30.958505134917758,132.38717963573046,7.21948259003502,959.1300438605551,3225.575070271083,10.508477663021655
2023-01-04 01:04:00,2753.950790158032,54.46782752921036,30.024658907560287,132.78335590104,6.8971545121474875,950.6092718277497,3178.4423820414113,10.434209878910611
2023-01-04 01:05:00,2754.3508701740348,52.56532349252323,30.49585444131173,132.30187800411636,7.068576371898886,957.2435147671633,3216.8174030078,10.475499659962823
2023-01-04 01:06:00,2754.750950190038,52.43368351473214,30.690282915208005,131.50845070672784,7.05173864482812,956.7365272231564,3221.7430769940065,10.480683377344814
2023-01-04 01:07:00,2755.1510302060415,51.36080531842807,32.58596224950687,129.60347049923934,7.5974401293451415,964.1162543547437,3270.2035103551166,10.539466749287566
2023-01-04 01:08:00,2755.5511102220444,52.48743639698703,31.32929217132672,130.90120968805252,7.423123853430899,958.8615003213496,3231.619827767061,10.475748443935563
2023-01-04 01:09:00,2755.9511902380477,51.1014183719354,32.02333856822268,129.75261232060527,7.365450311033897,962.1423245769483,3258.626265789503,10.522972395000288
2023-01-04 01:10:00,2756.351270254051,53.77699563819193,30.04191071878423,132.38195610441957,7.189482350194009,959.7943075558383,3224.2349872209734,10.46386612365038
2023-01-04 01:11:00,2756.751350270054,50.5235149037376,32.36503136059324,130.73534678920922,7.4992969746615685,966.8520465551202,3256.9830954694303,10.539167005461628
2023-01-04 01:12:00,2757.151430286057,54.341363795987114,30.33477943743854,133.1131461693548,6.837556881461456,951.8556107593996,3223.095053236216,10.462674440129348
2023-01-04 01:13:00,2757.5515103020607,52.036254612899945,31.700135446860003,131.15077998407463,7.178484650548867,961.7162356645131,3243.224749865958,10.509120594481175
2023-01-04 01:14:00,2757.9515903180636,53.10975951245007,30.57188915883626,132.90004544828645,7.110628901065966,946.1309081543887,3209.006868508924,10.455375758907563
2023-01-04 01:15:00,2758.3516703340665,53.375078505905535,31.08764500434931,131.30694634729633,7.050262048673409,955.1580862249638,3231.373527248194,10.50671442591424
2023-01-04 01:16:00,2758.7517503500703,54.30006391793009,30.22824779759429,133.32015636100886,6.958268866899692,949.3526827460684,3215.5890179412904,10.452802449694833
2023-01-04 01:17:00,2759.151830366073,53.92411868735477,29.897568315145705,132.96583368541818,7.058670592535737,951.9018613626166,3217.708237523907,10.45784657719378
2023-01-04 01:18:00,2759.551910382076,52.714679920511294,31.645689846377234,132.14522705758378,7.368426258370656,958.5937488809406,3253.1652871350066,10.495293241224061
2023-01-04 01:19:00,2759.95199039808,52.9533775894014,31.409362017237605,131.86491443057207,7.13857418669052,958.7423831942007,3240.0973311213506,10.493206161531255
2023-01-04 01:20:00,2760.352070414083,54.076528701212474,30.42238737675803,132.77450621015208,6.9670389882483335,953.030342546988,3204.460867589536,10.46959112897437
2023-01-04 01:21:00,2760.7521504300857,51.66437628611756,31.79702335553529,131.41961464157734,7.435203115674086,963.684002288993,3264.255296343376,10.506763745793958
2023-01-04 01:22:00,2761.1522304460896,53.019141626236795,31.051579219203404,130.92332207186587,7.20383374974533,964.6906764801656,3211.964043570267,10.480094217978472
2023-01-04 01:23:00,2761.5523104620925,52.84398465691385,31.215053525132596,131.93750688428645,7.21822665305693,957.5731979432181,3241.4221619538343,10.482927035582026
2023-01-04 01:24:00,2761.9523904780954,51.635960820575995,32.40534372113735,130.37195689758633,7.44183570060833,963.752843735771,3270.347958843259,10.513103081692863
2023-01-04 01:25:00,2762.352470494099,52.91452469894157,30.56662964519236,131.95881741848387,7.077865837172203,950.638694830225,3234.9542054516014,10.482955628810894
2023-01-04 01:26:00,2762.752550510102,54.75788320662667,29.55217125692144,132.92918471494386,6.987856879878305,947.0272245217042,3192.242205912447,10.4505421071578
2023-01-04 01:27:00,2763.152630526105,53.157711267622446,31.288548353525268,132.13250256737075,7.209180947544623,957.5671587207436,3221.4128836275927,10.484044594111326
2023-01-04 01:28:00,2763.5527105421083,52.542668723095126,31.45636027194352,132.16826142526133,7.405317618384906,957.8627204162507,3225.64157304872,10.506062409977053
2023-01-04 01:29:00,2763.9527905581117,53.650596923871056,31.121237402784306,132.18423729073257,7.088547679019171,957.4778527423297,3232.7332463702187,10.491155163605468
2023-01-04 01:30:00,2764.3528705741146,54.07991906058027,30.423843368852154,133.12858806758757,7.120190410336148,952.2048675482888,3209.418702429797,10.446045785184099
2023-01-04 01:31:00,2764.752950590118,51.34801130995628,32.34793935165934,130.7020508388129,7.4095978801629885,956.7478484596552,3251.0186973667874,10.517713419631038
2023-01-04 01:32:00,2765.1530306061213,52.51846144223126,31.376398993229316,132.67620603486867,7.443123754738155,962.8328249380897,3222.4538507002203,10.504430960549602
2023-01-04 01:33:00,2765.553110622124,53.32955087846687,30.213811929384953,133.14594348036292,7.075272590519595,955.8675991839231,3217.8445839432698,10.478947539837893
2023-01-04 01:34:00,2765.9531906381276,53.20860068038781,31.20340155055935,132.1583973232689,7.1689614335055625,957.4216617992827,3224.8580651648713,10.485685852429649
2023-01-04 01:35:00,2766.353270654131,52.71500949723858,31.99429048626364,131.32437153499706,7.167510061575877,959.2506464700245,3244.966422906431,10.500375277530635
2023-01-04 01:36:00,2766.753350670134,54.848491578046705,30.310614195483524,132.5277753716587,6.973685533755522,951.570005130252,3199.0283568421346,10.476276417170357
2023-01-04 01:37:00,2767.153430686137,55.73407670275892,29.483771972521755,133.04344502243998,6.897232270292785,948.8515255934699,3165.7328132691678,10.43479102814028
2023-01-04 01:38:00,2767.5535107021406,54.82782629280868,29.208466302135772,133.15744969580135,6.846967591476499,945.206901364042,3194.0510755504306,10.447915149661474
2023-01-04 01:39:00,2767.9535907181435,51.62702265331543,32.28734315524613,130.73498082151934,7.413877237141176,960.5566751400941,3272.2960021491103,10.530463978701315
2023-01-04 01:40:00,2768.353670734147,53.476516219019736,30.47160731250025,132.4351694507306,7.1700751365139626,958.782649954005,3249.2530830741543,10.47436081879977
2023-01-04 01:41:00,2768.75375075015,52.781042757130784,31.026747996326712,130.99247246427345,7.171122421488444,962.2213951382117,3228.5846570701347,10.490540402723937
2023-01-04 01:42:00,2769.153830766153,53.01263925001327,30.995244145930776,132.60196690532874,7.17689535524405,957.5047647636188,3221.3092990901405,10.485984693460647
2023-01-04 01:43:00,2769.5539107821564,53.57295287614958,30.303696413284523,133.31099302467442,7.16900956846163,955.0817046348927,3201.034277647679,10.479043863621154
2023-01-04 01:44:00,2769.95399079816,53.04381630099014,31.072562052742693,131.8610854669779,7.315461920984136,961.4513844809146,3240.2175237234846,10.495484450690507
2023-01-04 01:45:00,2770.3540708141627,53.5683536555194,31.214024869192524,131.1627410922844,7.272645364080732,954.1054141364779,3234.342115515671,10.497021554763055
2023-01-04 01:46:00,2770.754150830166,51.34232757141858,32.19553199689813,131.7671586697125,7.322415636142733,960.5374262169262,3249.406203523547,10.512916399710813
2023-01-04 01:47:00,2771.1542308461694,52.88575349315856,31.085728289815922,131.74162859244626,7.188508555690188,959.4425150680087,3232.269252355485,10.47279603688423
2023-01-04 01:48:00,2771.5543108621723,52.860909022677724,31.316549223647964,130.90524775699296,7.417795492955209,956.889317623028,3250.9970302176125,10.494213693969908
2023-01-04 01:49:00,2771.9543908781757,54.24097972361159,30.917938051396117,132.16419301040065,6.984015583253026,957.6953845763281,3225.5500404526456,10.474979164970952
2023-01-04 01:50:00,2772.354470894179,54.57424734805617,30.321467408607546,132.5693295260111,7.029500806395409,950.676864264173,3211.9263374214015,10.47457020301522
2023-01-04 01:51:00,2772.754550910182,53.08987882601835,30.37254193745708,132.79646563522297,7.0474308731477215,957.707985742561,3238.08136116152,10.487695098194003
2023-01-04 01:52:00,2773.1546309261853,52.35630445955345,31.958733983627862,131.4420231888242,7.105684044311933,957.4001951927332,3232.0839957082976,10.501552009431618
2023-01-04 01:53:00,2773.5547109421886,55.320542710628054,29.904097469693788,133.1233571838676,6.74249604192097,949.8794087835479,3197.761327705984,10.4313771996349
2023-01-04 01:54:00,2773.9547909581916,51.905942701341765,32.40715746607997,130.48113308094793,7.350177369932489,959.0850707593411,3249.818051181692,10.516314210280177
2023-01-04 01:55:00,2774.354870974195,54.82041111427508,30.1228836970406,132.45681451506425,7.067021551897744,953.2189711307796,3198.2453868041925,10.460301541814346
2023-01-04 01:56:00,2774.7549509901983,54.15230745622227,30.468429117438305,132.58873852746981,7.090014864768071,959.0601455485192,3211.4569316951547,10.460211792160083
2023-01-04 01:57:00,2775.155031006201,52.60835827534782,31.430452128129293,131.92617360172935,7.440293383206235,957.2741977556382,3252.588951630493,10.478396887814243
2023-01-04 01:58:00,2775.5551110222045,53.179705721774916,31.606941123730135,131.0868662995473,7.032978570259856,957.7334216082173,3240.7671304994474,10.493894382859446
2023-01-04 01:59:00,2775.955191038208,52.77212134110494,31.223100459289952,130.33807580026948,7.346414276721745,957.9684623150007,3237.248745292186,10.499260046553024
2023-01-04 02:00:00,2776.355271054211,53.647369546262006,31.387193402387,132.48767865723804,6.899236954941741,955.7244607803005,3213.8298325401443,10.489211183202285
2023-01-04 02:01:00,2776.755351070214,51.84566469436859,32.192526866119806,130.5993524118294,7.415799831812691,958.9547383857049,3259.7567358104984,10.533803737711507
2023-01-04 02:02:00,2777.1554310862175,52.81762029495065,31.04808587761032,132.68839673697448,7.287135261041691,953.3648897526066,3229.472279519987,10.511318667688947
2023-01-04 02:03:00,2777.5555111022204,52.667709267123804,30.886208070747898,131.5365334132269,7.293047800244327,958.0078406670218,3219.24737855189,10.487537255850624
2023-01-04 02:04:00,2777.9555911182238,52.701770075732576,31.72275472221209,131.6127006294363,7.141773677999198,957.2609027192293,3250.3350870625704,10.49960033996477
2023-01-04 02:05:00,2778.355671134227,54.11734149394378,30.24297464776018,132.56072056266768,6.760205573607094,952.8719402030466,3201.1707285061334,10.474832705203523
2023-01-04 02:06:00,2778.75575115023,52.78162444552403,31.761051010866176,131.16004362141055,7.144769939607803,963.2528518635277,3240.9470198514796,10.496694914213442
2023-01-04 02:07:00,2779.155831166233,53.419569131097965,31.17134806061664,131.50677818472198,6.981461395993877,955.7176067022426,3237.596989628404,10.495485151262214
2023-01-04 02:08:00,2779.5559111822367,54.6701815543486,30.176103963826847,133.62620923798846,6.883702153077763,950.7999623796351,3205.4793269189395,10.46026487011463
2023-01-04 02:09:00,2779.9559911982396,53.50557461922441,31.597523365306813,131.85188348213205,7.2927953385024455,956.7008931603572,3244.7412332267345,10.489614051611913
2023-01-04 02:10:00,2780.3560712142425,51.783449161912124,31.81409013244597,130.85977380898885,7.398122114789449,969.0798744994979,3268.574151527453,10.529862356253561
2023-01-04 02:11:00,2780.7561512302464,53.18336303285598,31.69872197760415,132.32130752722833,7.2208134697460045,962.6471884827135,3253.7354296654207,10.49602420588067
2023-01-04 02:12:00,2781.1562312462493,54.56728605406004,29.97574169926623,133.1734883402742,7.073421643144305,951.7315545752735,3195.742464671761,10.479958253524142
2023-01-04 02:13:00,2781.556311262252,53.490152671373274,30.865672792361313,132.19524931498384,7.115513594681685,956.0208026395259,3236.5269430957806,10.497665291746468
2023-01-04 02:14:00,2781.956391278256,51.79310960392254,31.440698223886745,130.3868601634474,7.484074425700363,961.1622848079726,3268.392677325152,10.517137263675501
2023-01-04 02:15:00,2782.356471294259,54.301847862032126,30.895686821389965,131.19493764269387,7.112621690832256,958.4605231627942,3227.7696103450276,10.484244254912358
2023-01-04 02:16:00,2782.756551310262,52.86202958108107,31.988066175404633,131.7677226469348,7.228110900772637,959.4467409306137,3247.83869408129,10.506776894027007
2023-01-04 02:17:00,2783.1566313262656,52.77627545494173,31.234907290424584,131.81854539990488,7.259724137986125,963.0539767901648,3242.5152578103693,10.50444992650937
2023-01-04 02:18:00,2783.5567113422685,54.618279622263735,30.57641510352686,132.71593609806786,6.966428519776245,947.8099868518415,3187.1389397499133,10.473567729685293
2023-01-04 02:19:00,2783.9567913582714,54.16098744685413,30.479884436556475,132.94219389859228,7.2084501203499185,956.5303166471776,3245.215368530153,10.481014042454698
2023-01-04 02:20:00,2784.356871374275,55.614091871103,29.357935576351554,132.49548152258063,6.853514252541275,950.1479310650312,3189.3481668939226,10.440360900846706
2023-01-04 02:21:00,2784.756951390278,54.177200909414445,30.039773863460614,132.61826639008945,6.991095178871974,960.1879533610006,3223.1620157679695,10.479424703554578
2023-01-04 02:22:00,2785.157031406281,52.61116289626344,31.214457044236703,131.1704116995068,7.088556763272719,962.6317115972586,3252.824361945781,10.497970279707202
2023-01-04 02:23:00,2785.5571114222844,53.8763010898033,30.165800289835218,132.6218961553878,7.105962797470619,958.5437705982515,3215.1287936040435,10.482194269551263
2023-01-04 02:24:00,2785.9571914382877,53.53841444188884,31.08571579669558,131.86891766399063,7.156539965755588,959.8186476030776,3239.2783448369632,10.511612136686647
2023-01-04 02:25:00,2786.3572714542906,52.209690701972264,32.70419218360771,131.21502517417056,7.430179438258409,965.7013347614982,3263.6400527255178,10.52911152519518
2023-01-04 02:26:00,2786.757351470294,54.101462250970236,30.262739293775947,131.22407983562664,7.168768108060375,952.376920243367,3237.473804771038,10.470576846918007
2023-01-04 02:27:00,2787.1574314862974,53.09061873418654,31.185931694314675,131.90163758128892,7.409185414277921,961.6116175761964,3241.913186330691,10.51018184527823
2023-01-04 02:28:00,2787.5575115023003,53.372140306817954,30.715325121916916,131.53413003841263,7.245808308600601,959.5533716140599,3220.951580179273,10.493696443206053
2023-01-04 02:29:00,2787.9575915183036,53.543405082598504,31.430778463138257,131.68174497813774,7.189939997471678,961.2289583887638,3220.117807969981,10.50028452824569
2023-01-04 02:30:00,2788.357671534307,54.96925223036726,30.432041139219063,133.2817883788256,6.937473155748305,942.9429639628994,3208.154228143798,10.475787771432424
2023-01-04 02:31:00,2788.75775155031,50.719318205208616,33.242355609113886,130.066039595899,7.782556726637845,974.295113698134,3287.4334901726706,10.574121118905142
2023-01-04 02:32:00,2789.1578315663132,51.49325122207868,32.794257168394715,130.29624874554966,7.489711662258948,962.301260543821,3254.8725197862573,10.510641935386792
2023-01-04 02:33:00,2789.5579115823166,52.108304054355585,32.32679143019628,130.5379486107494,7.295392686459195,969.048481871976,3264.870401890592,10.519337476112971
2023-01-04 02:34:00,2789.9579915983195,54.31226060103633,31.02367097535374,131.48300114456845,7.019369593384522,960.0441118964744,3237.992234783887,10.487066269266283
2023-01-04 02:35:00,2790.358071614323,52.53047453241839,31.482025059396243,130.48035873766423,7.3031937711070425,961.7181903712769,3259.4625799577625,10.51268864798941
2023-01-04 02:36:00,2790.758151630326,53.20026890891044,30.642417562697066,132.0379705587665,7.058825769373893,956.7388038622832,3234.293295766188,10.49750384734058
2023-01-04 02:37:00,2791.158231646329,53.52162375098533,31.575965553229334,131.02831395732215,7.343102357175109,958.2507517087902,3241.5529629192933,10.510945763747152
2023-01-04 02:38:00,2791.5583116623325,52.26643729358705,32.455454883683686,130.75938091806856,7.537244472074316,967.4051157128332,3283.4505752065033,10.546064240014585
2023-01-04 02:39:00,2791.958391678336,52.666944901022056,31.93362899347761,130.8253596320142,7.384391216997862,962.0455113210962,3254.114040385435,10.537531078079441
2023-01-04 02:40:00,2792.3584716943387,53.96285810615404,31.25910104491586,132.16975865818543,6.928333240893599,956.007709473957,3245.1101106000647,10.479842331821683
2023-01-04 02:41:00,2792.758551710342,52.858097232816924,31.476868014128613,131.48870641974443,7.166691737486617,959.5084845412376,3234.762399520808,10.502804058536464
2023-01-04 02:42:00,2793.1586317263454,51.866663543825844,32.5055842954194,130.59049153463707,7.407790793721081,963.6384422788561,3253.8291569025064,10.545840334313128
2023-01-04 02:43:00,2793.5587117423484,56.265319643188086,29.89038559267461,133.1947134980374,6.855071374597571,949.0131197692714,3177.3433338384875,10.43279986501453
2023-01-04 02:44:00,2793.9587917583517,52.16384031866211,32.078847098068614,130.08249304187598,7.325501679677505,968.2013532780303,3256.9447797913476,10.523003773564293
2023-01-04 02:45:00,2794.358871774355,53.542785353526334,30.463951994998812,131.17041415997375,7.223437203401768,961.3079084824159,3225.0335362162523,10.490328136786358
2023-01-04 02:46:00,2794.758951790358,50.64904403827526,33.52071682767704,129.44854594656329,7.6887642388216015,974.4969909148377,3282.271664619886,10.55646474841571
2023-01-04 02:47:00,2795.1590318063613,53.142079309773514,31.11666471319319,131.2363486676548,7.245690902449159,959.0832706842394,3240.8868341132847,10.504859673409806
2023-01-04 02:48:00,2795.5591118223647,52.17230566139403,32.15936051375306,130.91017963302664,7.438126304998342,966.3702635979511,3257.7503146762588,10.506199338982508
2023-01-04 02:49:00,2795.9591918383676,53.77159852958303,31.29158508379196,131.575584804673,7.27552089903375,955.8903098557299,3228.865241645359,10.496518676076638
2023-01-04 02:50:00,2796.359271854371,52.60481478068807,31.893137590350946,130.97997905990383,7.393413657503083,964.7226924764694,3262.7653596921537,10.531571180993437
2023-01-04 02:51:00,2796.7593518703743,54.13426538811973,31.34613388489853,131.78442383323522,7.1168243131711,957.7730484417716,3245.527776543665,10.495505867727495
2023-01-04 02:52:00,2797.159431886377,55.08822068792918,31.024450211157696,131.79891625257324,7.012001025490834,963.1535595653307,3221.785516010443,10.49699680410899
2023-01-04 02:53:00,2797.5595119023806,51.79254260121646,31.956698713810418,131.78182887013608,7.5202203280275866,960.8985673696911,3274.1924331853897,10.53049685760324
2023-01-04 02:54:00,2797.959591918384,52.82036166443544,31.094085104446034,131.89740480310275,7.272344565752041,961.0037994679332,3224.7784311495343,10.496251337572794
2023-01-04 02:55:00,2798.359671934387,53.77548826322786,31.138197291864675,131.49288725654014,7.254976893191509,959.8938485111448,3236.7792856082774,10.475674511797441
2023-01-04 02:56:00,2798.75975195039,52.897658615735445,31.87961875938632,130.7771501875278,7.33023778083859,965.3515940913001,3257.942242891738,10.512805723521899
2023-01-04 02:57:00,2799.1598319663935,51.480058864285496,32.82917532259835,129.81052189946922,7.6104606016712975,965.2292877395552,3281.721752332332,10.547889022218238
2023-01-04 02:58:00,2799.5599119823964,54.0453758771848,31.433636756014216,131.97766490938844,7.275060828784703,962.7896809766172,3245.503110424022,10.504578863196686
2023-01-04 02:59:00,2799.9599919984,51.796723524476285,32.78184326827016,130.81211412786425,7.563820607028274,967.2554682038896,3264.264309111958,10.558106964815648
2023-01-04 03:00:00,2800.360072014403,52.962324948630766,31.872168355148094,130.51339057089154,7.24191528845817,970.2107539135942,3267.2131325493297,10.532992937529421
2023-01-04 03:01:00,2800.760152030406,54.40360381310466,31.358166769680277,131.49747456008294,7.264448628180008,960.1534271663611,3242.834924315765,10.48404852036725
2023-01-04 03:02:00,2801.160232046409,53.89261718840063,31.215149137625755,130.51746979880812,7.072092101770868,964.4144907140458,3234.571714660225,10.496569832754595
2023-01-04 03:03:00,2801.560312062413,51.58672611416645,32.927218136534265,130.80170899397535,7.594008654124637,967.7001743792496,3284.147790443001,10.54809481371188
2023-01-04 03:04:00,2801.9603920784157,52.34232800677642,32.812448157754964,130.2755461551098,7.4605119707296685,964.8242233846203,3280.0976572199415,10.54980465928587
2023-01-04 03:05:00,2802.3604720944186,52.708268286094224,32.38929140168665,130.89373887423733,7.408812532516736,965.7239614282089,3257.929230495044,10.526540730687724
2023-01-04 03:06:00,2802.7605521104224,54.5551837740243,31.836275846504353,131.22251303559963,7.152874172290013,958.3492695954508,3233.5177388444326,10.48261472993316
2023-01-04 03:07:00,2803.1606321264253,54.12937682983484,31.14765005621727,131.9975529065541,7.282380108796448,958.63109746041,3234.8020162610355,10.479620076378998
2023-01-04 03:08:00,2803.560712142428,50.55267342907905,32.75288298932725,130.7334616235838,7.557559707930152,967.8134906460049,3283.026109398939,10.556946365988608
2023-01-04 03:09:00,2803.960792158432,55.39989910656204,30.915735276674535,132.6816779197751,6.950789111018844,953.5106260574515,3215.05870270088,10.473959776180221
2023-01-04 03:10:00,2804.360872174435,55.193647067115236,30.616984948716663,132.7035828750458,7.26555242064588,952.293402895328,3221.4957612924673,10.474147401069514
2023-01-04 03:11:00,2804.760952190438,53.68000203505936,31.4134217628306,132.31629998180617,7.154143969883567,960.677996595565,3244.7856575572127,10.503891217991312
2023-01-04 03:12:00,2805.1610322064416,52.48538310319761,32.35347972228135,130.3573828094212,7.442798047496306,958.9786473479318,3258.0861824035783,10.52959063975946
2023-01-04 03:13:00,2805.5611122224445,54.13300810273102,30.813332356249855,132.12832659613952,7.1872129170608545,960.1956304836646,3223.6144540060814,10.480476076526713
2023-01-04 03:14:00,2805.9611922384474,55.20208592570242,30.52232530224682,131.93381436494366,6.9969359777412885,955.8197614619962,3234.4954926987944,10.461803528037915
2023-01-04 03:15:00,2806.3612722544513,52.89354748156438,32.17527040170551,131.18953108508265,7.370408617144371,964.5392581243435,3268.6388400335677,10.505914265533335
2023-01-04 03:16:00,2806.761352270454,54.28888654108834,31.465010929736657,132.41917377258093,7.0580410872156,961.4360285076948,3242.634623793104,10.487190547891501
2023-01-04 03:17:00,2807.161432286457,52.433175491903164,32.11235517475684,131.16503090417345,7.47104773018077,964.2184668614133,3254.3480507592108,10.526447793170496
2023-01-04 03:18:00,2807.5615123024604,52.63107693534488,32.521752609963194,130.1531212801524,7.499111291186726,966.8254297912163,3274.289585409785,10.554928485530613
2023-01-04 03:19:00,2807.9615923184638,53.546310566927176,31.428563503471565,132.19827184832903,7.0714966778060235,959.8798848411853,3254.4715006209804,10.496522273964768
2023-01-04 03:20:00,2808.3616723344667,53.06977718883621,31.044444473115536,131.9832970954,7.094128976695091,961.5220609962483,3253.635344612768,10.516513104596788
2023-01-04 03:21:00,2808.76175235047,54.366004358981144,31.07774323084542,132.5810481381871,7.073898764375131,956.6880659940583,3214.441143994097,10.475203241212045
2023-01-04 03:22:00,2809.1618323664734,52.24522178344788,32.19791328609809,130.1280132017212,7.388343919140423,963.4951944934629,3265.409503319727,10.534190771099706
2023-01-04 03:23:00,2809.5619123824763,54.097396642659334,31.797537766716523,131.48299472336248,7.066193030339579,956.9796213368924,3232.587509604287,10.501390822260243
2023-01-04 03:24:00,2809.9619923984797,56.140484959980526,30.857487110664636,132.27125242597927,7.129796967840665,956.7212857633319,3218.747069226544,10.493383666109173
2023-01-04 03:25:00,2810.362072414483,54.3228531254511,30.856280838320238,132.7996498152675,7.196188134209197,960.898998752359,3234.5936707756787,10.490816869703217
2023-01-04 03:26:00,2810.762152430486,54.79486439987628,31.258847532503907,131.98906327312423,7.095720482648793,959.2911973377311,3222.3139186696735,10.49291713896673
2023-01-04 03:27:00,2811.1622324464893,53.90145854998864,31.75967725401867,131.3178037646286,7.300640554190691,960.9549620350223,3260.902397354383,10.508645220144345
2023-01-04 03:28:00,2811.5623124624926,52.36409477038104,31.990643199338862,130.3655967267403,7.374706709103482,971.786148664633,3272.5746741901644,10.532103337462171
2023-01-04 03:29:00,2811.9623924784955,54.60073065851189,31.254693437505203,131.70929626690784,7.176325114722757,960.5665359305126,3234.6116373732484,10.510193317477903
2023-01-04 03:30:00,2812.362472494499,54.401515213738094,32.13313508798148,130.90453319178664,7.389989097944842,962.2841999390571,3240.626519260001,10.517117173148833
2023-01-04 03:31:00,2812.7625525105022,54.23320337033025,30.66169863420428,132.63138473034093,7.064308932523486,961.4654402091594,3226.3520669126283,10.480465150380597
2023-01-04 03:32:00,2813.162632526505,53.3927550101282,32.20925066950438,130.835031199928,7.381056731709996,960.5703564262742,3248.166420247489,10.524612336930067
2023-01-04 03:33:00,2813.5627125425085,53.752931279693186,31.73984034314062,131.73210954189165,7.2311381943948305,959.3068049137723,3238.3854566485024,10.507813380184812
2023-01-04 03:34:00,2813.962792558512,53.2487934570899,31.956865762371194,130.96544126916064,7.345444805243646,961.5952973142147,3253.4635034836865,10.519426579271693
2023-01-04 03:35:00,2814.3628725745148,54.12832106171996,31.529580638042678,131.14916282985962,7.227769923870461,960.945953834689,3245.876472728039,10.498001326335029
2023-01-04 03:36:00,2814.762952590518,53.33129624746006,31.45744972319551,129.28666144012703,7.368170847859089,962.4324484518179,3246.245487554771,10.505237222683883
2023-01-04 03:37:00,2815.1630326065215,54.556921562739404,31.153009636798124,132.52659449409782,6.884021471294713,958.0146375710327,3228.139428150747,10.479258729598264
2023-01-04 03:38:00,2815.5631126225244,52.93842765889305,31.740628706407236,130.9333100462312,7.552928647361322,964.8583600485907,3261.9533650025624,10.524791715566836
2023-01-04 03:39:00,2815.9631926385277,55.68012949049347,30.809404105964145,132.47683697345144,7.1413189701906825,956.8637853331555,3219.446431655496,10.483139076668603
2023-01-04 03:40:00,2816.363272654531,54.2870904862529,31.644599070456536,132.4207951167564,7.090896508933413,959.593160910285,3244.9006989520567,10.504693330564084
2023-01-04 03:41:00,2816.763352670534,54.96600438944877,30.078004125838568,132.6532942049937,7.031686928707255,953.8513880580351,3206.6364006802332,10.444835496101536
2023-01-04 03:42:00,2817.1634326865374,55.6545108093134,31.029769942836833,132.75052309121486,7.218251422806176,955.4415293387233,3234.3014238799624,10.51552312311544
2023-01-04 03:43:00,2817.5635127025407,53.96901465732129,32.23080275998559,130.47824528086056,7.381117122089544,959.0139909842978,3271.5795155562346,10.510017749272706
2023-01-04 03:44:00,2817.9635927185436,52.09178368290595,33.058782464321354,131.40033835001975,7.532070675441796,968.596335247301,3257.0738990433065,10.52362060622854
2023-01-04 03:45:00,2818.363672734547,53.982984306968845,31.584043685937992,131.24269298284258,7.26975660883715,960.8541265781765,3251.491568342451,10.537916054869498
2023-01-04 03:46:00,2818.7637527505503,52.44527462187244,31.676391421309834,131.25425983053364,7.546767233882775,964.9923775187177,3253.8663203650967,10.533207270769523
2023-01-04 03:47:00,2819.1638327665532,56.056317241629365,30.099146320543106,133.12001008830882,7.006913016099923,945.8363535395957,3201.8402592929083,10.463352547959824
2023-01-04 03:48:00,2819.5639127825566,55.57173857379596,30.264135627880535,132.7593049997444,7.069508342513343,952.3974104939884,3208.1943101628594,10.445130741222364
2023-01-04 03:49:00,2819.96399279856,54.256454718687436,31.437495334870913,131.80064098169208,7.3270505094077185,961.7744006887547,3237.3037285351493,10.486788066581159
2023-01-04 03:50:00,2820.364072814563,56.20529568057672,30.118620352078814,132.29782523534834,6.932466130463994,951.0125002749767,3213.7710300279878,10.468142571695143
2023-01-04 03:51:00,2820.764152830566,54.62646729464987,31.178038246344617,131.6600670586534,7.089675738897757,958.4729570040737,3245.7985665591655,10.478198821756203
2023-01-04 03:52:00,2821.1642328465696,55.700709524780656,29.96687413054507,133.23514408642293,6.951292483617043,956.7355756427477,3208.222948126369,10.476270831676807
2023-01-04 03:53:00,2821.5643128625725,54.888802102219856,31.223597876971976,131.48008516653627,7.202739524084575,961.1922769140425,3222.8761599277277,10.492553284263952
2023-01-04 03:54:00,2821.964392878576,52.44286998942781,32.40372297511417,130.43975641288,7.445354586008575,967.1997002894257,3253.4705993529333,10.529361298685256
2023-01-04 03:55:00,2822.364472894579,52.439380549518944,32.38245024758366,130.33815827456976,7.572916163063223,962.4046740423065,3264.6078702220234,10.527945210710207
2023-01-04 03:56:00,2822.764552910582,56.57331843466156,30.61049281857198,131.96753562930687,6.827424447806791,950.6450215496156,3222.0943184610596,10.457524312136295
2023-01-04 03:57:00,2823.164632926585,54.438505571838434,31.52274216013929,132.73805005842425,7.1837848938610795,954.7539943281057,3251.7033064614893,10.491138447276043
2023-01-04 03:58:00,2823.564712942589,54.93511070881627,30.924456379878485,131.39667537829732,7.173974356789857,961.7938093112534,3248.932749850093,10.504870154571085
2023-01-04 03:59:00,2823.9647929585917,53.144341668347955,31.57301877672184,130.42435371570517,7.316204245138026,965.49281817614,3259.256585720414,10.522581022430284
2023-01-04 04:00:00,2824.3648729745946,54.66278005381088,30.89319217926322,131.70780146041395,7.165106698056501,958.4676134348928,3229.5492162951,10.481697736298223
2023-01-04 04:01:00,2824.7649529905984,52.46640588097531,32.902680274292386,130.04829391032698,7.634757770259029,966.6946778468863,3288.2556982589235,10.551837601805934
2023-01-04 04:02:00,2825.1650330066013,56.41002935005981,29.899997247204706,133.54304825419797,6.865723745690801,949.20245432328,3200.6045911250258,10.451198919901449
2023-01-04 04:03:00,2825.5651130226042,53.594072696043256,31.764286793730395,131.10670655356515,7.304626816817923,958.8085738946605,3250.345313574708,10.50890532420797
2023-01-04 04:04:00,2825.965193038608,52.848558180331246,31.71757861850815,131.25786663928864,7.288287009619231,964.2506845232238,3236.266666860607,10.50867053461079
2023-01-04 04:05:00,2826.365273054611,54.70886814105921,31.333968554612767,131.74673438504712,7.222928980147992,963.58474303441,3267.458580199663,10.509168587619845
2023-01-04 04:06:00,2826.765353070614,53.864052558465524,31.887161987564056,131.57921974477304,7.37663414660054,961.8646318678385,3249.08467288851,10.515053264773103
2023-01-04 04:07:00,2827.1654330866177,55.75766286468445,30.915987492983838,132.26100431382116,7.083479832459513,955.7169077417731,3229.0954049208026,10.483138946589337
2023-01-04 04:08:00,2827.5655131026206,54.90451671115194,30.650395600630596,132.8115979626617,6.933231137229181,953.6190144429545,3221.057570863751,10.490984630773374
2023-01-04 04:09:00,2827.9655931186235,52.97339061462674,31.97403722326607,130.43127819143825,7.514363314135966,965.2057581040245,3266.319776290157,10.554027766640097
2023-01-04 04:10:00,2828.3656731346273,54.52240497272821,31.257605836577536,131.97354784915018,7.199146511325599,963.6478330502514,3234.3454820016145,10.500514658219597
2023-01-04 04:11:00,2828.76575315063,56.64095329937051,29.75452518629007,132.91029412817213,6.890426883767546,947.3317423329756,3187.9675697472962,10.458315521835242
2023-01-04 04:12:00,2829.165833166633,55.304595178585714,31.431974395779292,131.4866042953497,7.163815243779449,957.3742937452744,3231.6198567107413,10.48625307820825
2023-01-04 04:13:00,2829.5659131826365,53.37340769165055,32.42512291917699,129.96450630449823,7.515266744349517,968.7646400475168,3282.2345539674293,10.552754576061668
2023-01-04 04:14:00,2829.96599319864,53.27668815816289,32.08528822399519,131.21371204509208,7.354277153004713,960.7398402082857,3270.6993488396297,10.526753191374622
2023-01-04 04:15:00,2830.3660732146427,52.71150332570345,32.27912257974005,131.54509406521453,7.56594822016587,972.9675571144506,3280.468270062251,10.536025298814959
2023-01-04 04:16:00,2830.766153230646,53.19435673860106,32.11990971395204,130.8598230215341,7.580654929518636,971.2314668003137,3267.7203627640442,10.523677012462723
2023-01-04 04:17:00,2831.1662332466494,55.17315613208947,31.414748305730193,131.72455031121586,7.201994149051371,959.0462960818759,3236.571374878738,10.50197185573457
2023-01-04 04:18:00,2831.5663132626523,53.732550584243256,31.084563902122746,130.73287271161672,7.5156805711120125,957.699601420879,3242.9294377014467,10.50788909068121
2023-01-04 04:19:00,2831.9663932786557,55.331841529457385,31.289558996485503,132.701612809942,7.197753635627613,958.6330199444285,3252.504785144573,10.508172338776417
2023-01-04 04:20:00,2832.366473294659,54.08594783654806,31.65243876963928,131.01539820352644,7.285255429458758,961.4259482502755,3260.746367623627,10.507085727079044
2023-01-04 04:21:00,2832.766553310662,52.99169456127904,32.482730652982255,130.83056741146015,7.595893409978368,967.1419802600003,3282.7058674792847,10.545000528581788
2023-01-04 04:22:00,2833.1666333266653,53.479827818539384,32.20056362705532,130.48958392186734,7.461466046631646,972.5262611417809,3253.1382162040672,10.538108551735357
2023-01-04 04:23:00,2833.5667133426687,54.73663849937011,31.704462351722828,131.244849377487,7.441080175531628,958.9690769910684,3253.8622666745728,10.498097790176974
2023-01-04 04:24:00,2833.9667933586716,54.9162891895869,31.537160034591114,131.90587715045774,6.8892284857920965,957.5605197419424,3211.286840475038,10.480023528339828
2023-01-04 04:25:00,2834.366873374675,55.70540251006271,30.951078560166003,131.73182162736816,7.080430417500927,959.0081055523829,3239.1179966794025,10.472430478452145
2023-01-04 04:26:00,2834.7669533906783,53.541989230967076,31.784851907159982,131.395399059066,7.3499297152044285,969.1002377551101,3244.6545091915787,10.527658126187719
2023-01-04 04:27:00,2835.167033406681,54.772525844304276,30.68045196721998,132.65915354621316,7.326388684615839,957.20076732035,3222.0724216617527,10.49950035167677
2023-01-04 04:28:00,2835.5671134226845,54.55018770458568,31.94658141318151,130.44172135636535,7.344733416103323,964.1741744385837,3262.4452393740708,10.522902024616847
2023-01-04 04:29:00,2835.967193438688,54.63338731725612,31.280245773769057,132.00289263025,7.127800321780185,965.1486507339754,3252.052018374874,10.511288790065382
2023-01-04 04:30:00,2836.367273454691,53.445447774520055,32.656556267928714,131.44118108318187,7.516354106640964,962.5664875394585,3260.8225353689395,10.536157319065083
2023-01-04 04:31:00,2836.767353470694,54.59623602355482,32.506574095973754,130.08291243405506,7.4964029463032045,960.3970365471512,3258.642878926947,10.528314139537157
2023-01-04 04:32:00,2837.1674334866975,55.17864645096467,31.741989604193183,130.40372435136157,7.23824411463977,959.5529340294656,3265.0195564979254,10.516306582491408
2023-01-04 04:33:00,2837.5675135027004,53.79325041870276,32.215723113097425,131.16338505566824,7.273590236906336,959.3274798407344,3252.9979566784004,10.502527208710726
2023-01-04 04:34:00,2837.967593518704,54.36514851312584,32.204888999923746,130.48622159341645,7.401921859927131,966.770903331239,3256.7368991198373,10.530338927009197
2023-01-04 04:35:00,2838.367673534707,54.536629797290914,31.565355959713905,132.11037731839085,7.185453023011373,959.7591181183001,3229.930580423424,10.489329066609855
2023-01-04 04:36:00,2838.76775355071,53.41626368988298,32.21154113450251,130.7386334016823,7.523992703892961,967.7647864732473,3270.936897395695,10.53589526512573
2023-01-04 04:37:00,2839.1678335667134,55.788443775522126,30.936383212620278,133.05567384782864,7.044202164217631,959.0406410432098,3213.647517863183,10.474486291931044
2023-01-04 04:38:00,2839.5679135827168,55.1813339694707,31.783923691354698,131.94555043819128,7.277599454138719,956.7188206050571,3244.934736051983,10.506228287530867
2023-01-04 04:39:00,2839.9679935987197,52.38896365706064,32.69318761574689,129.88184015687864,7.567025776807962,969.1840482387491,3285.1115285036003,10.554050266541568
2023-01-04 04:40:00,2840.368073614723,54.648491658342216,32.156665464402586,130.8838776698877,7.191257983982071,960.8666366159745,3262.858865399105,10.528893257598813
2023-01-04 04:41:00,2840.7681536307264,54.38264412650944,31.694514849288055,131.08449800526054,7.269510088036089,960.0638970717823,3247.968067611448,10.503222552010016
2023-01-04 04:42:00,2841.1682336467293,53.48975476538144,32.852093820955105,130.96008408951997,7.496899391621671,964.3203561234715,3281.176602250596,10.531927255496612
2023-01-04 04:43:00,2841.5683136627326,54.47141094443701,31.64493629070997,132.1454724899607,7.195486336552639,959.7005865913127,3232.3839687560812,10.48172296335754
2023-01-04 04:44:00,2841.968393678736,54.187573686060325,31.934863179092698,131.42030602729145,7.271319578198372,960.8613379164433,3246.3878673889726,10.516011296668863
2023-01-04 04:45:00,2842.368473694739,54.8613495378967,31.9923340400074,130.83525319879104,7.329466922479511,965.9665645764545,3257.8015754960443,10.508239791592255
2023-01-04 04:46:00,2842.7685537107423,55.39805049849559,31.29923874027915,132.0540405500233,7.12698450281157,959.3603800814418,3246.263891970107,10.505898561710012
2023-01-04 04:47:00,2843.1686337267456,52.99269021664437,32.65004625423273,130.6642593111409,7.458334812231779,969.990979602268,3282.937141690011,10.539393401186238
2023-01-04 04:48:00,2843.5687137427485,55.12521253871998,31.64821924594084,131.78776712132878,7.257070211009951,957.6455642834671,3234.84926314238,10.501410478674359
2023-01-04 04:49:00,2843.968793758752,53.604055460226604,32.629039398420815,130.17166775813538,7.375737461515886,964.1745917655819,3261.640110078116,10.5297211621773
2023-01-04 04:50:00,2844.3688737747552,53.93261738255703,31.820470565543957,131.6176613809883,7.5497353712272135,962.065663839259,3270.0213431471916,10.51555270617436
2023-01-04 04:51:00,2844.768953790758,52.48145016859097,33.4159755143203,129.2473222091357,7.506226160026048,970.5199547707253,3299.7633008410708,10.553555225571653
2023-01-04 04:52:00,2845.169033806761,52.87751554810487,32.370464686569385,130.65543150692324,7.3745563635717835,964.5590869922706,3260.3930510178066,10.552608588851404
2023-01-04 04:53:00,2845.569113822765,54.81768916175703,31.325738852611494,130.8479196383542,7.194839623196075,960.6176346874179,3253.6342992244154,10.518355495353552
2023-01-04 04:54:00,2845.9691938387678,55.83267028855384,30.944595398103164,132.1814976171091,6.985777117496765,958.779295384502,3214.5666377496477,10.507941683935554
2023-01-04 04:55:00,2846.3692738547707,54.376539271936906,31.581907397593564,131.57738858190328,7.380887991347819,960.6161010688405,3249.8509979612227,10.496668929218075
2023-01-04 04:56:00,2846.7693538707745,52.72785911732225,33.26345198805287,129.00736904606697,7.627301157478722,971.4330927336584,3278.855639427506,10.55659350330326
2023-01-04 04:57:00,2847.1694338867774,54.04007476389542,32.51507819036598,129.83256527968697,7.596247733794209,960.5568070917592,3259.713819408353,10.534356666971451
2023-01-04 04:58:00,2847.5695139027803,54.5677745538619,32.19558677154586,130.9613842722931,7.12517201223302,962.0158830404506,3266.3736823289546,10.52252606639103
2023-01-04 04:59:00,2847.969593918784,52.15511440470006,33.254595640659204,130.1136313173433,7.519425333858864,966.8962637005529,3290.191673013426,10.565727095690574
2023-01-04 05:00:00,2848.369673934787,54.61116302932473,32.04674033495382,130.93887074413715,7.1217592743249405,958.4679730144868,3236.9325475610344,10.500173389013897
2023-01-04 05:01:00,2848.76975395079,54.640720680152846,31.691466621533703,131.1231398220368,7.444743356858501,961.8437029143911,3276.939770984871,10.511132054774148
2023-01-04 05:02:00,2849.1698339667937,53.59995532195087,32.095247964449065,131.1938716121118,7.4249684286191515,964.4162513932783,3256.455454505731,10.534606384930687
2023-01-04 05:03:00,2849.5699139827966,56.52602841821798,30.188447441622003,132.81581465299533,7.0577095166154225,954.7155289970071,3229.023675191994,10.497707318202409
2023-01-04 05:04:00,2849.9699939987995,54.19915050207149,32.01765452592036,131.2943387303137,7.387637239308662,967.1996171340476,3253.8571554956247,10.527773868067884
2023-01-04 05:05:00,2850.3700740148033,54.35739157454113,32.08089685397311,130.80782979372435,7.455540183223156,967.032450982756,3283.482626982146,10.53384970973282
2023-01-04 05:06:00,2850.770154030806,54.492891955275994,32.472131874177165,130.5363529251538,7.353281881359901,966.8332688786024,3257.2877933580367,10.508896941622808
2023-01-04 05:07:00,2851.170234046809,55.96234461164751,30.940975837370512,131.37127458943414,6.960437067270616,949.1494951912198,3220.386780366017,10.494160390853585
2023-01-04 05:08:00,2851.5703140628125,54.61539437744271,31.824980357520364,131.1983733260234,7.287996206752254,963.1501353324504,3258.917057453412,10.524950422511866
2023-01-04 05:09:00,2851.970394078816,54.61622864188015,31.943651816554134,131.41792539523192,7.168446354741844,958.9842550659631,3257.5392079282474,10.513921148743554
2023-01-04 05:10:00,2852.3704740948187,54.17825219915055,32.17447751743703,130.43309455208723,7.311093961572447,964.6862536214559,3252.889424264284,10.520602267070595
2023-01-04 05:11:00,2852.770554110822,54.39249582860475,31.56354282716098,131.44020809722173,7.4403350023846775,968.6191802777361,3251.001856772445,10.535736766915491
2023-01-04 05:12:00,2853.1706341268255,55.80209435074381,30.393468884355674,132.21888625081888,7.402333087626521,954.2448647392098,3234.499892710364,10.481512503836717
2023-01-04 05:13:00,2853.5707141428284,54.13362450209412,32.32316638317217,130.80929888604587,7.385565526026963,962.1577845129001,3240.6342258121567,10.515907207117808
2023-01-04 05:14:00,2853.9707941588317,55.4127462170308,31.76634547130705,130.66168241691935,7.348713810583183,961.3044064810616,3258.1630941594835,10.498942956106267
2023-01-04 05:15:00,2854.370874174835,56.11355608849848,30.538128780026863,132.73286898090663,7.002191750791373,958.7751979785832,3211.568426015589,10.457713342228281
2023-01-04 05:16:00,2854.770954190838,53.66598430314955,32.815395597318535,129.34089092746427,7.535139546470405,964.6627215514094,3283.1825146951433,10.556984120188577
2023-01-04 05:17:00,2855.1710342068413,55.324544563782204,30.78233626505352,130.96732719190948,7.33494941847157,962.7255702359877,3234.423971788013,10.498064374857774
2023-01-04 05:18:00,2855.5711142228447,53.86573241854627,32.10912031193364,130.4550356025233,7.509716201934119,967.8498991684664,3264.5929046136243,10.526809836449614
2023-01-04 05:19:00,2855.9711942388476,53.881595150249304,31.762624209111554,130.85790899066717,7.334777906787596,962.343034924103,3261.0929091716334,10.522853799146974
2023-01-04 05:20:00,2856.371274254851,55.87526832204956,30.7818061221752,132.0849205181316,7.176956419731382,954.5503321849717,3232.436878164394,10.482325407667744
2023-01-04 05:21:00,2856.7713542708543,53.94187162805878,32.62892508224218,130.8340979748965,7.446739172537916,964.9660740927079,3274.61096154342,10.531278122861012
2023-01-04 05:22:00,2857.171434286857,54.547510702861004,31.27643107164411,132.08860625110654,7.412027368265305,962.1303997881726,3260.9476093487806,10.523249929108102
2023-01-04 05:23:00,2857.5715143028606,55.43745857575582,31.497839788611223,131.47483858690788,7.269453309178967,959.7657470691294,3243.5686171600314,10.484521710455015
2023-01-04 05:24:00,2857.971594318864,53.88994104937633,32.50265683493013,130.7099045464245,7.367527299861407,960.9015590848704,3259.7553408741032,10.525688980157947
2023-01-04 05:25:00,2858.371674334867,55.47300373390937,30.971435585905766,131.75788049331163,7.219097866940576,960.8484250933228,3235.641099108724,10.505928077459643
2023-01-04 05:26:00,2858.77175435087,55.86231538090389,30.929787159481542,133.1071029234337,7.103981748501466,960.8538334100618,3208.079412248956,10.4784901812109
2023-01-04 05:27:00,2859.1718343668736,53.840965723990614,32.71185683850979,130.9508718282424,7.439390916405069,965.8319082163814,3256.076516183343,10.552094054532624
2023-01-04 05:28:00,2859.5719143828765,54.149853864059295,32.32312467414838,130.91538723913072,7.3496132817941255,963.5681304640078,3267.7823083111202,10.531434305768311
2023-01-04 05:29:00,2859.97199439888,54.13043079030586,32.77274419816017,130.083859933536,7.307910121846315,963.2959957878235,3265.6237383932926,10.528888277011074
2023-01-04 05:30:00,2860.372074414883,55.61965577377488,32.26695500773834,131.45079699240026,7.256116284275845,961.3100072706075,3254.7513863800636,10.510722327169182
2023-01-04 05:31:00,2860.772154430886,54.5592397158822,31.995260036323955,131.14648068466732,7.332728929400444,962.5215241264787,3251.9964408615565,10.517729237482026
2023-01-04 05:32:00,2861.1722344468894,55.84018474137526,31.06908167943414,132.1712245055206,7.201713816594406,960.6706212275452,3256.8214229669193,10.492107896489719
2023-01-04 05:33:00,2861.572314462893,55.51637884180889,31.466416473780622,132.71264203939228,7.2179095441762,963.2484183156664,3233.3722351837396,10.504455949292314
2023-01-04 05:34:00,2861.9723944788957,53.77339224857527,32.189590129771325,130.36013953126053,7.527374162502239,964.8158282694942,3285.3410523069815,10.534877159273199
2023-01-04 05:35:00,2862.372474494899,55.287693512321454,31.212910290199112,131.55350284974412,7.249198863212338,957.2806891708557,3240.4679890415855,10.501335288566784
2023-01-04 05:36:00,2862.7725545109024,55.60044329588788,31.365251010568535,131.44431055813328,7.272665991323773,964.3778375535323,3236.441903328932,10.508243423116827
2023-01-04 05:37:00,2863.1726345269053,55.938981818434534,30.99205919822679,132.09392454059974,7.273963779735054,960.7422741417388,3228.357654017618,10.500702040959013
2023-01-04 05:38:00,2863.5727145429087,55.900157818719,31.458829317144378,130.8104881755845,7.293375351811221,962.1136488918083,3243.713498129454,10.514329087958883
2023-01-04 05:39:00,2863.972794558912,58.48880978998471,29.951796478235224,133.43816165013217,6.912140490240461,951.2807453696354,3215.221909155441,10.469210612387684
2023-01-04 05:40:00,2864.372874574915,54.53018056686043,32.41674298579407,130.90100009808182,7.679654958682392,965.7167673137271,3269.6969174788114,10.508781478900316
2023-01-04 05:41:00,2864.7729545909183,54.23966018115441,32.50944453916996,129.29004995604285,7.477188469558947,968.5723975863485,3286.565251964031,10.53515660672615
2023-01-04 05:42:00,2865.1730346069216,55.381250134818856,32.46054311039889,131.139443225661,7.458806316634816,961.1402563345321,3244.2461969554615,10.502403091162659
2023-01-04 05:43:00,2865.5731146229245,55.99702398719368,31.20898307370548,131.9977390787988,7.27682432143187,956.3843930425226,3235.898245785347,10.483114360134895
2023-01-04 05:44:00,2865.973194638928,54.28419457711391,31.99013102714401,130.94142138244294,7.5222597361515655,964.6732786682134,3257.565749342081,10.528934429765311
2023-01-04 05:45:00,2866.3732746549313,54.000962363274716,32.75078503884275,129.75651846552154,7.656318234347175,972.8304363373265,3279.091097465322,10.556412004182215
2023-01-04 05:46:00,2866.773354670934,55.776519959635124,31.765111901423627,131.10125303247716,7.184136052599327,963.8152763441603,3250.620320859775,10.53572003183774
2023-01-04 05:47:00,2867.173434686937,55.700829949216114,31.48507895349429,131.63091369033998,7.228104225708916,967.862146435862,3243.358356585449,10.517172036962851
2023-01-04 05:48:00,2867.573514702941,54.46899159035851,32.488808291209295,130.87013899042944,7.2582900033336,962.6679801899959,3261.780225496278,10.50716120889431
2023-01-04 05:49:00,2867.973594718944,55.25814226113321,31.738799922302324,131.72097065255645,7.292499020175084,961.062256495897,3230.73432521789,10.493556617036214
2023-01-04 05:50:00,2868.3736747349467,55.547503354706464,31.18895507542235,131.93425208101056,7.0753733528760865,955.1458730929758,3262.652299278288,10.501998944858935
2023-01-04 05:51:00,2868.7737547509505,54.782682159371994,32.75413728523668,131.65053313345427,7.580812011458429,967.3862270079848,3266.89067384156,10.524045649788679
2023-01-04 05:52:00,2869.1738347669534,54.54816608056349,32.17560810141029,130.545920257876,7.566609953803319,967.1694497964504,3249.0751499057146,10.530749795201485
2023-01-04 05:53:00,2869.5739147829563,53.79722842201126,32.8420536443135,129.8118016693102,7.4219026981712375,971.9138256450467,3287.472041020189,10.557394514806678
2023-01-04 05:54:00,2869.97399479896,53.44873706386786,32.50647866742348,130.79550572899265,7.511683934670686,963.222138593992,3276.916075798994,10.53845833701798
2023-01-04 05:55:00,2870.374074814963,56.265841624349775,30.198318426838824,132.3011289166044,7.218256930381646,958.6026437837698,3212.2325327049834,10.474072983019811
2023-01-04 05:56:00,2870.774154830966,54.91964449252718,31.855519140257858,131.17399123472524,7.513752294097512,963.2706621627136,3228.8109961531213,10.51769496512
2023-01-04 05:57:00,2871.1742348469697,56.13082556858853,30.856754945502505,132.511449432623,7.032196360839182,954.0496752626436,3227.696209866784,10.479513737793727
2023-01-04 05:58:00,2871.5743148629726,53.64820469986339,33.16738075115761,130.85104301711866,7.564189128639868,972.7913268381908,3292.1562314229304,10.560932515390748
2023-01-04 05:59:00,2871.9743948789755,56.96721678637186,30.635912107450324,132.82414918292517,7.188566966314963,956.1862094785151,3222.5327663943062,10.486870525810945
2023-01-04 06:00:00,2872.3744748949794,54.620824517826144,32.398439394718686,131.54624179389188,7.446431691203289,959.0356277243428,3279.4600275544553,10.519551182692359
2023-01-04 06:01:00,2872.7745549109823,55.9375472306863,31.597884104332472,132.2165740477394,7.144320380195046,955.7667273297724,3237.897202867554,10.48539823873421
2023-01-04 06:02:00,2873.174634926985,54.01259053078279,33.23633898174446,130.0074415771451,7.600241142500357,964.7785615279826,3270.2172723613007,10.532455728519022
2023-01-04 06:03:00,2873.5747149429885,55.57416008751069,32.449817518294516,130.67211883525178,7.345505923157679,963.1364544483947,3246.4096670461454,10.540638735526564
2023-01-04 06:04:00,2873.974794958992,56.68911028168365,30.915675887931517,133.10255965841512,6.922096297335247,955.6326083641081,3216.506770922424,10.469057527471838
2023-01-04 06:05:00,2874.374874974995,55.2498669377155,32.7188375612008,131.09331573738538,7.498768213522961,964.0606735814288,3277.84577566976,10.51991469720289
2023-01-04 06:06:00,2874.774954990998,56.8152269760434,30.92450665563053,131.56550090080057,7.106642836180916,952.9182617583122,3219.8049914909825,10.488182189953806
2023-01-04 06:07:00,2875.1750350070015,56.02646129950568,31.611086395430267,131.63758031327998,7.224768352995991,957.9525849092406,3222.77708457716,10.528383610323175
2023-01-04 06:08:00,2875.5751150230044,56.82342367457377,31.260671388261486,131.1623300885605,7.193388969096802,952.70234846372,3231.7239032589036,10.498893466158504
2023-01-04 06:09:00,2875.9751950390078,56.2833573029329,31.07060217602997,130.78830023692146,7.139046334464902,962.750364307289,3238.7344684112604,10.494092712311177
2023-01-04 06:10:00,2876.375275055011,56.089331195564775,31.24071889988644,132.30219391832932,7.126666041926846,958.5228621456149,3239.481612716854,10.503470978878557
2023-01-04 06:11:00,2876.775355071014,55.337783215130244,32.25117862994627,131.79396669132623,7.108816469205904,963.6562237130287,3283.913382483907,10.506049316718352
2023-01-04 06:12:00,2877.1754350870174,56.17078820576883,31.5247426343723,131.66351456693567,7.289756016089891,963.5121512082006,3248.1646308458044,10.49241539597837
2023-01-04 06:13:00,2877.5755151030207,55.96375531434235,30.98995254421585,132.74138755871294,7.075459973026599,959.6584124409136,3224.010740997902,10.518738367970984
2023-01-04 06:14:00,2877.9755951190236,54.10793674195163,33.12381190077051,129.4250906319392,7.4653563766651425,967.4953433081305,3271.8866684916206,10.543396416662228
2023-01-04 06:15:00,2878.375675135027,55.10339655289524,32.30249402201592,130.3592711348542,7.549397916542181,967.8980740606872,3280.7303741980527,10.526657406696089
2023-01-04 06:16:00,2878.7757551510304,55.223005619112236,32.22274240736894,130.49481986689807,7.262382831164818,960.2158815537404,3263.379207717258,10.535983174244985
2023-01-04 06:17:00,2879.1758351670333,55.4390211218836,31.3794873727494,131.22158702431645,7.207468201344024,955.0428233574567,3237.318329069923,10.482067692747568
2023-01-04 06:18:00,2879.5759151830366,53.79228603469763,33.387232544063146,130.55219449043565,7.6134609027486375,967.5209574400986,3271.962317067584,10.558040197449246
2023-01-04 06:19:00,2879.97599519904,55.02654126219378,31.60876916901146,130.35184941268008,7.3915222513844,965.5633148172161,3255.7481206079788,10.509766542704302
2023-01-04 06:20:00,2880.376075215043,55.651876486569606,32.42675217715592,130.4784115765474,7.66707518383773,962.2255781863082,3256.557522767321,10.525897048767058
2023-01-04 06:21:00,2880.7761552310462,52.952324882750986,33.86117281038957,128.9515523993666,7.5574489792148,972.8953840307979,3308.5809381236677,10.567489473029537
2023-01-04 06:22:00,2881.1762352470496,55.140326400725876,31.76033144691438,130.72960273231374,7.446854718387152,968.0744714373521,3238.7444437489166,10.527564133079283
2023-01-04 06:23:00,2881.5763152630525,56.45106801711106,31.13286174505718,132.35809362059888,7.15839173332236,960.6404172746951,3234.734688044777,10.474769263651575
2023-01-04 06:24:00,2881.976395279056,55.09461096861879,32.43090600282015,131.57950452736975,7.454082533140122,964.7590825125159,3274.4040008328498,10.51392800295505
2023-01-04 06:25:00,2882.376475295059,57.10561110471439,31.06016146613656,132.0635261885408,7.096580173199498,962.7978615128658,3227.5140415952037,10.49219194724564
2023-01-04 06:26:00,2882.776555311062,56.712615527309694,31.736367932299537,132.075421939521,7.382034707731128,962.4198932765554,3234.5471426114163,10.511731978601956
2023-01-04 06:27:00,2883.1766353270655,56.66758049293741,31.38336868101752,132.4218505305326,7.189280781791147,959.0619915485561,3247.3786923620496,10.49947382795697
2023-01-04 06:28:00,2883.576715343069,55.20424708563127,32.50498761847847,130.865333636253,7.444144751412877,967.696514376207,3246.282385281419,10.507685358738607
2023-01-04 06:29:00,2883.9767953590717,57.193138395876616,30.684583638280262,131.87966551894473,7.149804154595018,954.8394332106708,3226.0832068914274,10.483660978818765
2023-01-04 06:30:00,2884.376875375075,56.05956699202085,31.507327420277058,131.26727382527486,7.208740805425946,962.8093512462187,3260.725859500357,10.514725653785606
2023-01-04 06:31:00,2884.7769553910784,54.54277045096251,32.22412385439576,130.99993756806614,7.557301144753835,961.1365831527605,3275.3180254159474,10.527473561936912
2023-01-04 06:32:00,2885.1770354070813,54.30165182470096,32.39150970730378,130.62193063296934,7.497994773522135,967.2433343212734,3277.4575718747806,10.540399197798761
2023-01-04 06:33:00,2885.5771154230847,55.98849361924005,31.64305996573277,131.5335290417664,7.297240753518613,956.8072796247751,3241.8823579801788,10.49374307873386
2023-01-04 06:34:00,2885.977195439088,57.45706143762288,31.38442312139314,131.57876411403672,7.145152437676483,956.1612699477539,3229.956925694559,10.470221859708166
2023-01-04 06:35:00,2886.377275455091,55.988290802743485,31.704557475332315,130.88309540129123,7.3780677054924615,963.3896674025416,3265.0062876138345,10.522876804765966
2023-01-04 06:36:00,2886.7773554710943,55.745955802969,31.9409580325205,131.28027243488975,7.486222143572013,967.8094575371969,3261.2839996469584,10.54118090921411
2023-01-04 06:37:00,2887.1774354870977,53.980215055223404,33.04882713554211,129.89222786034517,7.423547018706647,971.9513238556123,3286.563241360779,10.549378899684797
2023-01-04 06:38:00,2887.5775155031006,56.30739713876531,31.896137144704625,131.0648691310585,7.452045671535686,957.0340705534888,3241.7777587736978,10.51206639215101
2023-01-04 06:39:00,2887.977595519104,55.15719387965226,32.57306620238277,130.44592450735976,7.492697867759301,967.7937612827253,3273.359333869628,10.548594816558506
2023-01-04 06:40:00,2888.3776755351073,55.421854588599786,31.688463930827176,130.890483348691,7.488355036213081,963.4958614088155,3247.2349571301816,10.52874388965026
2023-01-04 06:41:00,2888.77775555111,55.89262692883415,31.833770227471522,130.97704271459858,7.330800358240442,959.8683733720469,3242.1562261688505,10.495930888164795
2023-01-04 06:42:00,2889.177835567113,54.70601953902773,32.32723622426675,129.49271889800679,7.447516551899481,968.6293364081824,3266.154372685535,10.53674683932897
2023-01-04 06:43:00,2889.577915583117,55.478815058100814,32.1545774784247,129.0786718230502,7.334730871493018,967.0530583849626,3258.163432699054,10.526489789158553
2023-01-04 06:44:00,2889.97799559912,56.03037172459972,32.09720538523726,130.75013613208,7.4415619764902,968.4733078268248,3256.3995980679083,10.530066436050948
2023-01-04 06:45:00,2890.3780756151227,54.143628719734856,33.5268781330349,129.57755577074641,7.957308085538106,973.1059606064952,3310.5183965203128,10.553767400729784
2023-01-04 06:46:00,2890.7781556311265,56.1457189819416,32.051540367765234,131.52003007763,7.124932904192884,958.3938811392323,3258.4181505845468,10.511645751553559
2023-01-04 06:47:00,2891.1782356471294,55.33792074534663,32.27194543280945,130.88226706774063,7.5503186418666175,965.44974333534,3252.4189128677654,10.531589274716746
2023-01-04 06:48:00,2891.5783156631323,56.73287294987551,31.38278108800891,131.61301697901973,7.241310353044342,961.6703107413811,3240.152528057489,10.511722588461645
2023-01-04 06:49:00,2891.978395679136,55.81841886582627,31.686778159206902,131.531863714466,7.0723460347525,968.6228502036433,3275.988283460715,10.50173087791848
2023-01-04 06:50:00,2892.378475695139,57.43229134474658,31.181827609758393,132.03852401246732,6.9473198659728075,956.8558424186416,3215.740532308181,10.51314780348872
2023-01-04 06:51:00,2892.778555711142,57.08552696326077,32.172847717366636,131.24810032461795,7.238765261191601,967.7932407585915,3244.9997896110413,10.517368861582053
2023-01-04 06:52:00,2893.178635727146,53.77011289202524,33.10853075699738,129.61808409484294,7.512401867403324,973.8687346990883,3284.06156218828,10.555922251625583
2023-01-04 06:53:00,2893.5787157431487,55.80691958236217,31.74268329127517,131.61218016913006,7.289093748364894,963.5139808050019,3262.009430671002,10.511385792203438
2023-01-04 06:54:00,2893.9787957591516,56.14003051283548,31.480713202847035,131.0413036241079,7.240251488093513,960.0184032555885,3253.9173418428645,10.495516625904134
2023-01-04 06:55:00,2894.3788757751554,56.24156245577233,31.746948377605293,131.34033043641907,7.388948576924368,959.3972742702359,3236.9922398344506,10.507826911284127
2023-01-04 06:56:00,2894.7789557911583,54.45877043327049,33.08911661177988,130.17818320643104,7.7129764298036605,968.3004861057699,3272.673477929061,10.541727271352102
2023-01-04 06:57:00,2895.179035807161,56.92952626268483,30.963485365180343,132.7279397758213,7.085964804208808,952.9109427368381,3223.639619704649,10.496882467518681
2023-01-04 06:58:00,2895.5791158231646,57.246989522600224,31.313272021022893,131.91593639556507,7.310186827714437,960.0910613123846,3230.4400859201432,10.487437471405876
2023-01-04 06:59:00,2895.979195839168,54.7481415394085,32.738616899103924,130.46733781099059,7.636364436752052,959.8283587690984,3298.335763819241,10.558474511184581
2023-01-04 07:00:00,2896.379275855171,53.27062034685147,34.06736557984089,128.4624383860014,8.006858062992343,974.8871417006845,3301.9295882206497,10.57359024428967
2023-01-04 07:01:00,2896.779355871174,57.15787348249507,31.207903853418866,132.18728635411614,7.166888628545928,958.5761012479661,3236.5455994971467,10.49922903203042
2023-01-04 07:02:00,2897.1794358871775,56.27764320093371,31.76742730448683,131.62682888719556,7.215568575465391,959.7739247463003,3251.268797614622,10.504250850734548
2023-01-04 07:03:00,2897.5795159031804,58.85599147581796,30.138676776445518,133.62612736851403,6.819366398496323,949.4812469839578,3204.248405689108,10.463873710194333
2023-01-04 07:04:00,2897.979595919184,55.17294337111792,32.34428382510801,130.50353788604062,7.302071577833007,967.5068183246043,3269.4589224742795,10.524621525641548
2023-01-04 07:05:00,2898.379675935187,55.95428161888328,31.955119371904107,131.75910481890202,7.20920795822591,957.7265696526908,3255.539647275613,10.497302630542292
2023-01-04 07:06:00,2898.77975595119,56.365037274036005,32.60845617513276,130.64356206837058,7.332686548999326,962.1099603010927,3263.552250743656,10.513825239481806
2023-01-04 07:07:00,2899.1798359671934,56.97655711664725,31.128032400598773,132.07271589029978,7.076561040569252,957.9150207819815,3228.6347256251584,10.484576721371992
2023-01-04 07:08:00,2899.5799159831968,54.866238905226,32.49511465529347,129.47061506837832,7.520428039164931,966.1532788896175,3268.9946666064575,10.553376231463664
2023-01-04 07:09:00,2899.9799959991997,55.4858457306513,31.502591725608127,130.93224883790117,7.36462604020954,955.4267735994769,3261.8211584047754,10.51697825764716
2023-01-04 07:10:00,2900.380076015203,58.720615888398555,30.024931050461568,132.84729991751806,6.893195639056648,954.453039348703,3193.4744079641396,10.461817010217517
2023-01-04 07:11:00,2900.7801560312064,56.14841593897216,31.794327783946144,132.0649654236464,7.6445171670597505,957.9019638489394,3249.3065427998695,10.532753220747361
2023-01-04 07:12:00,2901.1802360472093,56.7968469009471,31.359630753152224,132.6886214524979,7.1453850098153255,958.1104271540692,3232.1710646242122,10.491126309844631
2023-01-04 07:13:00,2901.5803160632126,57.57535350172177,30.69274527785211,131.3554256583155,7.425566014255046,958.5847826370684,3238.5487313271183,10.487896821489054
2023-01-04 07:14:00,2901.980396079216,55.504656079225434,32.02947483040111,130.2445372806578,7.369367675635261,961.7751169529553,3271.539932765783,10.516314454160552
2023-01-04 07:15:00,2902.380476095219,58.08852698546927,30.185901017250544,132.35500175857115,6.9001150664997954,953.3603116944611,3200.6740524500588,10.454078558587
2023-01-04 07:16:00,2902.7805561112223,54.39663206866992,32.98452886274006,129.94332609249847,7.7752858239460725,969.1045068623163,3300.5662813495105,10.54639979820747
2023-01-04 07:17:00,2903.1806361272256,55.78016403650701,31.531989327219186,130.7341954582092,7.440494127647949,965.2499768852334,3267.861502036545,10.518366463846696
2023-01-04 07:18:00,2903.5807161432285,56.78251099782694,31.80054106605305,130.9087240390967,7.186926572963877,958.3488844352667,3238.449573597523,10.501400312960564
2023-01-04 07:19:00,2903.980796159232,54.61461849405871,32.99467560569875,129.32405537732657,7.461840015218382,965.440281783183,3279.0256792718806,10.542836603080728
2023-01-04 07:20:00,2904.3808761752352,54.9094888436046,32.40057389960393,129.53262088253277,7.57531777455525,962.7072847610715,3261.5393538543917,10.547166761786833
2023-01-04 07:21:00,2904.780956191238,57.78438452928918,30.809429467089103,132.2397311606115,7.066919223092184,951.5056287924937,3217.73920517612,10.469759338780774
2023-01-04 07:22:00,2905.1810362072415,56.48560739681034,31.368420248132235,131.4262025819561,7.419751392522522,965.7753738349952,3245.1299317653147,10.513998124790263
2023-01-04 07:23:00,2905.581116223245,57.33976026354541,31.3704055047667,132.2921023063883,6.9839689584112685,950.8811751902165,3204.2923516758924,10.45187862733446
2023-01-04 07:24:00,2905.9811962392478,59.11663857753041,29.867390590287638,132.41968160114982,6.925484160326334,949.3842965687599,3213.7365172561026,10.458618534395407
2023-01-04 07:25:00,2906.381276255251,56.94845458158627,30.99263228274284,131.57282148859187,7.2343942827543435,959.6831316692353,3254.775704489032,10.496170091754323
2023-01-04 07:26:00,2906.7813562712545,54.89524344606916,33.387326275208665,130.7373466628926,7.597418021593955,965.4054404283917,3274.8659810688505,10.568875753207786
2023-01-04 07:27:00,2907.1814362872574,57.43793947968361,31.188716150920392,132.2780307972113,7.155696944465219,957.4946163821397,3240.6394120028035,10.510244412051895
2023-01-04 07:28:00,2907.5815163032607,56.31422052961852,31.68668544824932,132.12311008645167,7.340807536808199,959.227880197241,3261.134999588127,10.491270866558128
2023-01-04 07:29:00,2907.981596319264,54.868918149204426,32.494274517011696,130.20768935336912,7.493008268741507,968.6365874701911,3261.9198914069993,10.545349288569513
2023-01-04 07:30:00,2908.381676335267,55.811437602248915,31.7344718417919,130.3437959590031,7.289175618239741,956.9744401570529,3241.5511214005487,10.532097591839426
2023-01-04 07:31:00,2908.7817563512704,55.99446852888174,32.3507341842054,130.5680751523205,7.553921755152367,963.0532814024899,3261.6341527303457,10.535752950987971
2023-01-04 07:32:00,2909.1818363672737,55.878553170731266,32.00146448172758,131.91276234470993,7.098515916895739,962.8748454029039,3258.8932566599988,10.523829624783055
2023-01-04 07:33:00,2909.5819163832766,55.922184753246015,32.14020576751611,131.13193840418262,7.298985924936009,962.9357665663869,3248.8189461392813,10.517581862473074
2023-01-04 07:34:00,2909.98199639928,55.13360358372637,32.687270020790194,129.5034329925607,7.6015606173255845,964.7273151401058,3269.1540503347474,10.540043160531518
2023-01-04 07:35:00,2910.3820764152833,56.31061567226729,31.18787161887629,131.68367031567382,7.40606392180818,966.6729773782569,3239.494676239753,10.49792185632887
2023-01-04 07:36:00,2910.7821564312862,56.5636523554234,31.54441110740545,132.16217213225153,7.215078989976343,959.1102036524745,3221.0438015734835,10.507242530812935
2023-01-04 07:37:00,2911.182236447289,55.378759104337696,31.878018704645065,130.96250995710713,7.236779101639813,962.3511722367363,3267.764624289153,10.517250592057762
2023-01-04 07:38:00,2911.582316463293,56.80211179010159,30.974663344257017,131.9273936993395,7.1140615775568765,959.4634871637386,3259.728787345893,10.490929285685406
2023-01-04 07:39:00,2911.982396479296,55.97864667248497,32.19464032040771,131.4081751703117,7.286592930588179,963.6631726103399,3273.435452878555,10.514215068014456
2023-01-04 07:40:00,2912.3824764952988,57.46857156845449,31.13200020387204,131.4661109430658,7.025401948914976,962.6423184384231,3241.250270239895,10.482464780155508
2023-01-04 07:41:00,2912.7825565113026,56.129514664752314,31.167997103551606,132.70798139397894,7.394485184517909,956.3828276177675,3234.5220338302643,10.499613148272525
2023-01-04 07:42:00,2913.1826365273055,56.354064087721696,32.15524761235197,131.6840439241908,7.522704138323069,961.1456866215475,3262.8014507879834,10.52922245271925
2023-01-04 07:43:00,2913.5827165433084,58.684278452927444,30.515336480253676,132.4685556609064,6.983676030563999,951.6235920447527,3223.6555181342173,10.475766777670795
2023-01-04 07:44:00,2913.982796559312,55.91289966533147,32.859836261459606,130.07105272365249,7.387227693185307,971.0449178316269,3271.957375727065,10.54290790634456
2023-01-04 07:45:00,2914.382876575315,56.58860210815604,31.22835466427742,131.7829204504053,7.166262988869184,955.2397091152806,3215.0309583584844,10.490251463650955
2023-01-04 07:46:00,2914.782956591318,57.11597744064097,31.388055219058078,131.57978814200632,7.246603654539333,957.0822625436695,3229.115257956518,10.503516361054295
2023-01-04 07:47:00,2915.183036607322,56.14981027242525,32.02589099651901,131.69848752290682,7.430755333609868,956.9633249113002,3250.289961632511,10.522995568909735
2023-01-04 07:48:00,2915.5831166233247,54.246053586085054,32.64884058685792,130.17435337283544,7.660743292962314,969.2719609554485,3294.932962214579,10.554411550031084
2023-01-04 07:49:00,2915.9831966393276,57.48351492132607,30.61978175373933,131.38119010552896,7.216195124922281,963.9254833746468,3242.7018146375826,10.485989585153746
2023-01-04 07:50:00,2916.3832766553314,55.2529651987128,32.280882920693536,130.88378671995514,7.3833875737193475,963.8601041971729,3265.020169420246,10.533440973330881
2023-01-04 07:51:00,2916.7833566713343,57.007035738601,31.833014656619397,131.5315020436543,7.325703366737011,962.075673049611,3253.7827912694684,10.520932034600355
2023-01-04 07:52:00,2917.1834366873372,56.20682131639976,32.341034594610925,130.26947846979007,7.470789196226622,966.2268964039491,3265.259528633928,10.50828399231156
2023-01-04 07:53:00,2917.5835167033406,58.29084054080079,30.13636883252187,132.8838546658764,7.231480432209996,953.4918149441993,3221.760454640088,10.468774362082206
2023-01-04 07:54:00,2917.983596719344,56.21981489514198,31.52003441316584,131.43834359690604,7.366326296920661,958.130227503153,3247.357411912537,10.53425141354201
2023-01-04 07:55:00,2918.383676735347,58.38697175003638,31.280712509876835,132.75062265924203,7.185467251493627,959.0477136386363,3219.5585669197008,10.489993471593491
2023-01-04 07:56:00,2918.78375675135,56.67019432030059,30.952980246604806,131.21848007012585,7.178788894281248,965.9419233772846,3217.630315350158,10.50562325128916
2023-01-04 07:57:00,2919.1838367673536,57.49153386412157,30.751883507992478,131.53771136539348,7.216403402727455,954.3608888854257,3221.9509092725575,10.473383057633194
2023-01-04 07:58:00,2919.5839167833565,56.878716070513605,31.54943233697985,131.58786586193108,7.0488807276664,961.4249558692147,3238.055804103478,10.501636380887895
2023-01-04 07:59:00,2919.98399679936,55.989730494770114,30.944847527396195,131.19102339391293,7.413092187808796,959.795484101896,3254.855489086087,10.506673422728431
2023-01-04 08:00:00,2920.384076815363,55.7322678562083,32.31340958548424,129.1578770169695,7.595057027773559,965.933157278427,3280.0483000832082,10.522509942342554
2023-01-04 08:01:00,2920.784156831366,57.726973693306626,31.139165766792775,132.58102358691156,7.094302412438272,954.2408443509299,3232.8720667096723,10.474581784240778
2023-01-04 08:02:00,2921.1842368473694,56.43773769908531,31.708426544745937,130.63847624969765,7.344966982080345,962.2107901476008,3255.401254762745,10.506243905781087
2023-01-04 08:03:00,2921.584316863373,57.725656337476465,30.891052839841937,131.64170043114316,7.035901369257685,956.6054823059841,3232.9441443131154,10.49234802926115
2023-01-04 08:04:00,2921.9843968793757,54.96132018523919,32.55740048511508,130.32279163459071,7.568307290406295,971.6452547287925,3250.380478577169,10.54284175848855
2023-01-04 08:05:00,2922.384476895379,58.474123281167174,30.785814316806213,131.81234402333425,7.0505781897990225,952.9524671277468,3203.746312579133,10.485104445140438
2023-01-04 08:06:00,2922.7845569113824,58.466740779474854,30.288227999359282,132.3449825393688,7.055506856452742,954.8700865483528,3243.8149947540333,10.494107856141316
2023-01-04 08:07:00,2923.1846369273853,58.893235095378834,29.38667927588278,131.85133927393716,6.952174306263314,954.2314473112503,3193.5317930261835,10.454648485755369
2023-01-04 08:08:00,2923.5847169433887,56.974657900425875,31.866275792526025,131.1312185970423,7.255281775826312,963.6445740609896,3263.655388617692,10.504474684802078
2023-01-04 08:09:00,2923.984796959392,56.39551871727066,31.653206462867985,131.057268000379,7.292890349791035,961.1668616730644,3246.482520922667,10.535328149417163
2023-01-04 08:10:00,2924.384876975395,56.23635546495419,31.51566145412153,132.00989181435995,7.160593164943801,963.0421918004196,3253.4253446812036,10.507433346356054
2023-01-04 08:11:00,2924.7849569913983,55.504074929334706,32.4815322294595,131.16814022119115,7.2497352582470205,965.1065867365342,3269.6172414552852,10.536782435907387
2023-01-04 08:12:00,2925.1850370074017,56.73034417756224,31.337550857074056,132.31870826919945,7.094946572716997,960.6843372617527,3252.5258856331407,10.507179955788846
2023-01-04 08:13:00,2925.5851170234046,58.56194236582716,29.905632360526266,132.62669701009798,7.120261680479243,949.5568406681216,3189.3205800202577,10.472969775301674
2023-01-04 08:14:00,2925.985197039408,58.61045166875994,30.88643754278124,131.5731153131715,7.223381805353403,960.3252471941355,3237.052264159863,10.486256531790694
2023-01-04 08:15:00,2926.3852770554113,56.84014530611069,31.061119006191436,131.49128683926423,7.218532070738003,960.8696918915431,3221.0439832298907,10.499009143170271
2023-01-04 08:16:00,2926.785357071414,57.57286484385801,30.873717137769553,131.6999245093669,7.125826600312859,953.5210865424151,3231.424909226752,10.478608271445975
2023-01-04 08:17:00,2927.1854370874175,57.03248737917534,31.480701840903443,131.06481206508596,7.133471667759104,964.0584451367233,3241.4181601330138,10.497851717298843
2023-01-04 08:18:00,2927.585517103421,57.70198886211763,30.661692564147856,132.52500537006128,7.22298883258986,959.6920520936853,3236.3446615553285,10.48833802496391
2023-01-04 08:19:00,2927.985597119424,57.30231763244897,31.7053452169948,131.88313755274478,7.202348121544998,961.263813169288,3241.4435580495483,10.490082963076885
2023-01-04 08:20:00,2928.385677135427,57.89887579328468,31.639374521103445,133.01107789470254,7.2514133488149675,963.0547446991583,3226.223066470141,10.502956704902486
2023-01-04 08:21:00,2928.7857571514305,57.11083190645052,31.702121034604325,131.5382425912593,7.248825730821896,961.8388127578903,3246.607834232226,10.519102832827791
2023-01-04 08:22:00,2929.1858371674334,56.98142905827563,30.802203235925198,131.27131309304684,7.0941402887884735,964.287856238342,3225.5210304556963,10.494723971084587
2023-01-04 08:23:00,2929.585917183437,56.09662539561363,31.810577941376934,130.81402402694144,7.549515678686769,965.2131476818769,3255.699163150369,10.526198846974266
2023-01-04 08:24:00,2929.98599719944,56.59777953060417,31.48696338826248,130.6409055397219,7.304766900390372,958.8076238962074,3245.6319631785104,10.501172670602351
2023-01-04 08:25:00,2930.386077215443,57.36194759465247,31.01672891482445,131.87404221444126,7.232145035073712,958.1633375638629,3218.0461189181274,10.502915106957818
2023-01-04 08:26:00,2930.7861572314464,57.326296747278946,31.147987447179805,131.91239282252099,7.2789620347990445,958.5270153361834,3249.4341997586166,10.499241314626516
2023-01-04 08:27:00,2931.1862372474498,56.89677450556655,32.056905423722164,131.19433782842705,7.274964617504345,965.8117381253026,3249.704233657128,10.527475709072148
2023-01-04 08:28:00,2931.5863172634527,56.63545454076686,31.89001640930855,130.69873968440373,7.464136660948327,961.7896879999879,3257.465718374432,10.526149488547238
2023-01-04 08:29:00,2931.986397279456,55.50590983928205,32.22764649060244,129.7962544947461,7.34745080028118,963.9491189448325,3274.8138321635074,10.516305260445996
2023-01-04 08:30:00,2932.3864772954594,56.62731513485108,32.3427331550579,130.50243431358663,7.312192382326397,959.3022679728141,3249.8994567738355,10.522488857486598
2023-01-04 08:31:00,2932.7865573114623,55.45986155606627,32.76423691234979,129.7233491804296,7.465328564722739,962.3156115037386,3288.3361385697317,10.55477266052407
2023-01-04 08:32:00,2933.186637327465,57.243424183648266,31.280383876656135,131.82174641112283,7.24866353346196,962.7766324680474,3241.331657765268,10.506121131348655
2023-01-04 08:33:00,2933.586717343469,59.86102855275004,29.273976784848436,133.01920064414662,6.868070695323117,946.5126859498611,3191.1489026895374,10.44651784413427
2023-01-04 08:34:00,2933.986797359472,57.912765947120974,31.807247680580357,132.5201192188765,7.020222981748223,958.3277773881812,3235.409238989558,10.477944531103539
2023-01-04 08:35:00,2934.386877375475,59.55216018540615,30.391272571049385,132.39102534669416,6.902975690421648,951.2074463780376,3210.2003506108877,10.454337053820067
2023-01-04 08:36:00,2934.7869573914786,57.589282477388224,31.42410267418359,132.36578076301373,7.145332107051488,958.6831811491729,3232.272984901605,10.495274401749992
2023-01-04 08:37:00,2935.1870374074815,56.90970439996538,31.17969911033349,131.89550340548377,7.306605812099786,965.5170398578146,3244.5018285149686,10.496109394824146
2023-01-04 08:38:00,2935.5871174234844,58.207986848407494,30.25785133807544,132.7783162860973,6.921502925705831,960.7500145485044,3212.242878166569,10.492434150464756
2023-01-04 08:39:00,2935.987197439488,57.20934028456287,31.84733463099776,131.46251685603943,7.435003504511755,962.6291188338043,3261.6014637961753,10.511102259062842
2023-01-04 08:40:00,2936.387277455491,58.058082665376844,30.951994375904924,131.58187566862748,7.095077004094691,956.5089766245197,3227.08731239631,10.500557989244125
2023-01-04 08:41:00,2936.787357471494,57.46463773965962,31.055630043587122,132.17353324604886,7.220016650220818,958.1869809650376,3237.184828349863,10.486175766138492
2023-01-04 08:42:00,2937.187437487498,58.469320293978576,30.65990883449889,133.2539235491385,7.203280687592899,952.3115030858228,3221.6733083892245,10.480427716895639
2023-01-04 08:43:00,2937.5875175035007,58.04952852306007,31.09063046631365,131.776882761143,7.190977451705124,956.5484473018945,3226.688560671852,10.466823113377872
2023-01-04 08:44:00,2937.9875975195037,58.966453743373876,29.881638965803432,133.31411765916067,6.879590016028206,950.8111695543394,3178.794685582094,10.46982806089188
2023-01-04 08:45:00,2938.3876775355075,57.090997658680465,31.955379938821906,130.68832891649782,7.316914282848633,960.4807927967457,3254.7482914155157,10.493752272949969
2023-01-04 08:46:00,2938.7877575515104,56.85660450350536,32.390392903951266,130.50414060259567,7.187965110940226,967.02397598116,3260.3523354155277,10.523571567635734
2023-01-04 08:47:00,2939.1878375675133,56.307115170910365,31.80567199547749,130.78715846112044,7.547015608791944,966.1818857357056,3269.639904315547,10.536719039291654
2023-01-04 08:48:00,2939.5879175835166,57.071073183062246,31.18235386848424,132.02356886316144,7.133252629861795,963.5351581400006,3245.4408682098615,10.506875659332511
2023-01-04 08:49:00,2939.98799759952,57.50253356062331,31.28366341855932,132.72656531179624,7.091707456443377,950.3681404907865,3223.6532001893097,10.505284188871732
2023-01-04 08:50:00,2940.388077615523,58.02026754467673,30.68582452555454,132.5005173367771,7.190232896528989,957.3021243810201,3222.7152878828647,10.489052589772443
2023-01-04 08:51:00,2940.7881576315262,55.20621342850657,32.414363708108354,130.26074739256163,7.414390087813111,971.1978390305757,3271.066314745128,10.552282492736985
2023-01-04 08:52:00,2941.1882376475296,57.7410358718723,30.76924292273242,132.06621561482368,7.189329052192502,957.6635244752378,3221.961512170498,10.497129516066066
2023-01-04 08:53:00,2941.5883176635325,57.55312706847463,32.26528318912144,131.04118136551327,7.534535138976019,968.0252158642002,3268.028441623754,10.526890414419734
2023-01-04 08:54:00,2941.988397679536,58.5380650829098,31.386401430721914,132.0710915822002,7.259819157139292,951.928398741726,3229.697511755283,10.497063216450698
2023-01-04 08:55:00,2942.388477695539,58.62842728842963,30.575796648067495,131.50224658125538,7.027408264072141,953.8181200106973,3234.7082893423435,10.465446796607965
2023-01-04 08:56:00,2942.788557711542,60.99918585501672,29.004140262095337,133.94211556683274,6.82371625559436,947.9242219975632,3168.68301439922,10.430588787113566
2023-01-04 08:57:00,2943.1886377275455,54.89206741021146,33.27488946617948,130.56938635824662,7.679172001368129,971.7945086426266,3282.3196297729783,10.567979238054706
2023-01-04 08:58:00,2943.588717743549,55.9634185441417,32.68438924815909,130.29020214577338,7.651043207580519,964.1927289931527,3263.190709069954,10.542282408551964
2023-01-04 08:59:00,2943.9887977595517,54.48833252442622,32.892892481249284,130.10174176218507,7.481529515093823,966.915768586043,3308.731207960006,10.553667406585664
2023-01-04 09:00:00,2944.388877775555,57.85971708294405,30.454033681961437,131.3493632697171,7.297094530761469,959.603789163787,3214.489957285529,10.51264969426053
2023-01-04 09:01:00,2944.7889577915585,58.17562789839235,30.55216884240854,132.34770172341803,7.178360099254826,956.9699446686783,3226.6424780499506,10.492341920496079
2023-01-04 09:02:00,2945.1890378075614,58.51495236892437,30.926636610201804,131.73415035390005,7.081865968489624,954.5497959907806,3215.1493816604843,10.47689697228293
2023-01-04 09:03:00,2945.5891178235647,57.65462209634239,31.710945999998213,131.67488430285508,7.189702479901661,960.879981968885,3212.870095971799,10.489292274476481
2023-01-04 09:04:00,2945.989197839568,57.78683105692213,30.51710826457323,132.6964138894969,6.923912357689667,950.4694909235048,3213.6823446488024,10.474861353669764
2023-01-04 09:05:00,2946.389277855571,57.08316285186587,31.074458992212275,132.12063561008185,7.257047865507568,959.6784665527308,3227.8839625360642,10.495866146867362
2023-01-04 09:06:00,2946.7893578715743,57.28268614385136,31.496733133931198,131.0022758339222,7.343095283151987,953.3354831861487,3236.2720930950545,10.502264144967096
2023-01-04 09:07:00,2947.1894378875777,57.308469114284804,32.04969374136284,131.18153903613214,7.103258123912426,963.9090708162894,3242.0921819426712,10.493058432737262
2023-01-04 09:08:00,2947.5895179035806,58.43379040391078,30.73550252689206,132.47464286898668,7.108826935242589,954.8584098845521,3201.0855738283344,10.462049557842226
2023-01-04 09:09:00,2947.989597919584,60.29301310675763,30.444336820095774,132.46667924289324,6.952989802655575,953.0561275661842,3200.9904857563233,10.480508394640392
2023-01-04 09:10:00,2948.3896779355873,59.60208460998698,29.684503239546324,132.42444742755885,6.959126498380211,952.389482419154,3195.737178941234,10.457688550723985
2023-01-04 09:11:00,2948.78975795159,55.589265740140604,32.87347993698511,130.0671368832699,7.4880668715807515,962.8717905212652,3268.7751260649757,10.544729384700402
2023-01-04 09:12:00,2949.1898379675936,59.765951460525955,29.438222420773098,133.37522419283087,7.040156928267823,946.3870568447119,3197.6144803637276,10.4545781291805
2023-01-04 09:13:00,2949.589917983597,57.51774069938887,31.09573167519136,131.8750734111609,7.209759769462996,962.8868085028481,3235.258866362618,10.500368598141531
2023-01-04 09:14:00,2949.9899979996,55.66191752308798,33.13114089921001,129.60958268286583,7.57281297184682,966.4162089670396,3289.8046415930194,10.559152973573942
2023-01-04 09:15:00,2950.390078015603,56.70898299802733,31.846292708087496,131.21679124852528,7.271348800073872,960.0512858285823,3240.85063211843,10.508941273273692
2023-01-04 09:16:00,2950.7901580316066,55.17115982402985,33.223419846675114,129.14067687200222,7.48806970265718,967.8576133637665,3274.909209427305,10.54740021582281
2023-01-04 09:17:00,2951.1902380476095,56.72403003692752,31.677266759651587,131.86955122091794,7.174117782629693,960.2318930784631,3251.282572896804,10.521133023460138
2023-01-04 09:18:00,2951.590318063613,57.07849083040132,31.467915823706548,131.51088563802261,7.242991112155896,959.2065314349197,3239.478439999788,10.50189795866348
2023-01-04 09:19:00,2951.990398079616,56.90421242058144,31.88785657955251,131.05400912489853,7.301852555406326,960.1532381216997,3230.828738631582,10.512415840907888
2023-01-04 09:20:00,2952.390478095619,57.955368929961274,31.286200657625187,132.14682148649524,7.370175925271303,959.1530664681674,3224.696161704753,10.489925526962187
2023-01-04 09:21:00,2952.7905581116224,55.63282834253735,33.6565900084608,130.04085694213413,7.551933094793663,967.4960569455606,3287.072615188784,10.551957921796568
2023-01-04 09:22:00,2953.190638127626,59.253283867390934,30.557567310873637,132.49143108984973,7.066738450926904,953.5370138902119,3200.772018436756,10.467112936099157
2023-01-04 09:23:00,2953.5907181436287,57.52694360714378,30.708717982983245,131.1339725438279,7.2999293223867605,962.6647680120386,3237.5185936522494,10.511014941717594
2023-01-04 09:24:00,2953.990798159632,58.571844182206874,30.372924368109206,132.19800778800146,7.092362435836191,956.540606992255,3229.035486971627,10.450579333986886
2023-01-04 09:25:00,2954.3908781756354,57.48648497869138,31.05752187266147,131.92353844464324,7.306751051059979,954.3754069510784,3219.0269059112206,10.502829395650501
2023-01-04 09:26:00,2954.7909581916383,58.50015389960032,30.868843448589438,131.8141653857985,7.1264648301975075,955.6321861544726,3229.864501452438,10.479232158985576
2023-01-04 09:27:00,2955.191038207641,57.235159140524146,31.3471507749894,132.15605880892096,7.192441566666979,959.8121129796365,3254.47512480732,10.504411963347854
2023-01-04 09:28:00,2955.591118223645,58.86385249740688,30.576052944709648,133.01672820411744,7.208397414072645,952.4100322316733,3222.7962479735365,10.504364141703645
2023-01-04 09:29:00,2955.991198239648,58.13505254119476,31.442733623807413,131.83834045870393,7.1274487111238845,962.5300560083703,3231.861162007495,10.491375420888703
2023-01-04 09:30:00,2956.391278255651,59.15183846463022,29.998565582630917,133.70850326394145,7.034744384603549,950.9927045498981,3207.782699266836,10.466645112353687
2023-01-04 09:31:00,2956.7913582716546,57.323250447628354,31.053267461736393,131.38498923527908,7.297599900906923,964.2722957668469,3229.798817256402,10.501855138921766
2023-01-04 09:32:00,2957.1914382876575,56.895217863698655,31.44323494180508,131.45466888143423,7.520931027580476,964.2144339691538,3249.268019476617,10.522835540528389
2023-01-04 09:33:00,2957.5915183036605,57.14618663064482,30.91907321236786,132.065525440711,7.1382398019841835,956.9500531120817,3246.631508116647,10.50178069650463
2023-01-04 09:34:00,2957.9915983196643,58.80915609924017,29.86948071755298,133.21369254989185,6.943101908922288,952.4658203751002,3221.53043654652,10.468930010319372
2023-01-04 09:35:00,2958.391678335667,59.17558231240308,29.6141444922716,133.46898746146695,7.000400373923117,953.0072241108109,3203.454083786419,10.444768607756542
2023-01-04 09:36:00,2958.79175835167,56.6437938457691,31.85861964969077,130.6566871330495,7.2082942110288,958.7111529360474,3253.643602538464,10.512773428899202
2023-01-04 09:37:00,2959.191838367674,57.442084745211865,31.639577185149825,131.7978104018567,7.108854681413251,961.5492486678629,3252.379095176575,10.493800610899441
2023-01-04 09:38:00,2959.591918383677,58.22645707177906,30.652448295550034,131.57129456326518,7.273582579954781,952.8517053244025,3230.4308579156464,10.489919655571745
2023-01-04 09:39:00,2959.9919983996797,57.49134894690632,31.12450436336882,131.6575470734004,7.192763371301564,954.7049240280026,3210.9811818866815,10.50037269334134
2023-01-04 09:40:00,2960.3920784156835,58.0229814603531,32.017668698723696,131.4282647695683,7.31872565222637,959.20620824698,3241.6453359073807,10.509481805056584
2023-01-04 09:41:00,2960.7921584316864,56.45087557488331,32.09038462436051,131.9683935592006,7.219241958761542,965.1133411665974,3255.643878846863,10.514766461586406
2023-01-04 09:42:00,2961.1922384476893,58.356052690643956,30.679915726248325,132.71672954818416,7.130161921686953,961.3372351576404,3216.1040975794986,10.471064138075723
2023-01-04 09:43:00,2961.5923184636927,59.17991953889972,30.079819472731458,132.4822487951874,7.074456469733876,956.7631418236804,3206.2054456219525,10.454501373360998
2023-01-04 09:44:00,2961.992398479696,56.569778023460735,31.554311683666256,131.34509358913348,7.450485621562713,965.2925959648094,3254.784205782054,10.524914150155242
2023-01-04 09:45:00,2962.392478495699,59.409362547262035,29.915153564648936,133.95539578660976,7.062122142777527,951.1526328419764,3208.937846264945,10.468371218537321
2023-01-04 09:46:00,2962.7925585117023,59.71627959993826,29.87890697256475,132.3000368228483,7.1660511645184135,947.1039915724391,3200.511648509883,10.472277741383339
2023-01-04 09:47:00,2963.1926385277056,56.810342254284265,31.58562843093688,131.4103487939997,7.268752873983356,967.5182125854557,3252.5333582035096,10.53312364147349
2023-01-04 09:48:00,2963.5927185437085,56.60806389963935,32.50086638573376,130.16115233238196,7.557527387471353,969.9482526659526,3270.7033563487794,10.537596799766566
2023-01-04 09:49:00,2963.992798559712,57.94955620885308,31.007335010575176,131.60992087378426,7.294168652805645,958.9850793984456,3236.9762223724233,10.502624159849358
2023-01-04 09:50:00,2964.3928785757153,58.571867287485226,29.95634658361275,133.27455538746037,6.83821357306856,956.2358301644546,3211.806313789948,10.461613384531482
2023-01-04 09:51:00,2964.792958591718,58.45018336666792,31.21072937204837,132.3061916558072,7.136630517984821,957.7898632400585,3242.102530128695,10.491145882643945
2023-01-04 09:52:00,2965.1930386077215,56.75322697527254,31.90614887451232,131.53910631966235,7.352373167387087,960.5636509214781,3251.9423153916728,10.513715599671405
2023-01-04 09:53:00,2965.593118623725,58.51614621326844,30.8930971992033,131.64219251327094,7.037365247955952,956.4695387674535,3235.1813043800485,10.473380671807812
2023-01-04 09:54:00,2965.993198639728,57.40973782272386,31.544373210412918,131.57779865583365,7.367981953745296,957.5184206969266,3250.0428201615655,10.516464185090495
2023-01-04 09:55:00,2966.393278655731,57.59854991793042,31.643892197280707,131.3886414613653,7.230922183394168,954.5618774125277,3244.9307098166546,10.493434271524709
2023-01-04 09:56:00,2966.7933586717345,56.74355381826278,32.55378035847214,130.90814917795478,7.44227160220812,960.8467108280188,3263.771129187344,10.502328070130456
2023-01-04 09:57:00,2967.1934386877374,57.376277325672596,31.429322911388176,131.70542637567112,7.104512758417112,961.2805052327757,3232.0392730271356,10.495375700035458
2023-01-04 09:58:00,2967.5935187037408,58.40971149389341,30.23867084985358,133.11571917174115,7.0648573372984105,951.7766973615612,3222.577008819593,10.470825500689486
2023-01-04 09:59:00,2967.993598719744,58.45268124229398,31.6397472993822,131.2635652323459,7.101969431991772,962.0124599548533,3238.768412730425,10.501198082765846
2023-01-04 10:00:00,2968.393678735747,57.67954214542876,31.211003328833414,131.6816910764922,7.125211578354998,959.5624346989409,3230.3093261857784,10.503513870455583
2023-01-04 10:01:00,2968.7937587517504,58.1841196800291,30.728034000866334,133.01291761556257,7.126598756193827,955.4522853120251,3225.4368880870384,10.491612620768743
2023-01-04 10:02:00,2969.1938387677537,56.899025880034145,32.4911769697747,130.16263567818044,7.439825078905508,960.3125239290887,3281.6550920111454,10.499656705216342
2023-01-04 10:03:00,2969.5939187837566,56.288917497463224,32.38422241594662,130.73099569227858,7.561940575906413,961.572239686779,3272.932978240589,10.53012960150718
2023-01-04 10:04:00,2969.99399879976,57.102234938876066,31.79072169915661,131.13878592444405,7.274244111773877,960.6304109500792,3250.849484459876,10.509319800117542
2023-01-04 10:05:00,2970.3940788157634,56.186207000823224,32.054059268322746,131.59638957023807,7.502668218245026,964.9951084189056,3259.7914759897812,10.500953198363137
2023-01-04 10:06:00,2970.7941588317663,57.17109528288569,32.298511048599664,131.298431339095,7.227684068708079,956.2266021852524,3237.041828335247,10.509217267440924
2023-01-04 10:07:00,2971.1942388477696,59.716658152841454,29.290552896770194,132.92493468064896,6.847263566038393,943.5029406523292,3193.114876315018,10.458018329682531
2023-01-04 10:08:00,2971.594318863773,57.77237868403625,31.649677932619348,130.922950766985,7.392984365382597,962.9729025623512,3242.357522893965,10.517061156922356
2023-01-04 10:09:00,2971.994398879776,56.616231866714635,32.12609907415751,129.77629596406425,7.424459624139603,965.4309420562871,3266.8468469216123,10.538144664769245
2023-01-04 10:10:00,2972.3944788957792,58.859089620764586,31.173917309668603,133.18637619091814,6.920564838841536,956.4623224826717,3227.3561281116245,10.46623655066452
2023-01-04 10:11:00,2972.7945589117826,57.815075948554146,30.26671013365303,133.13543572167612,7.126581392851399,953.7953352794613,3234.8473131740307,10.493444711428603
2023-01-04 10:12:00,2973.1946389277855,58.867297573049576,30.053923967768768,133.00861090137047,7.077645857935924,953.9098940547435,3184.6438797202795,10.468265736157397
2023-01-04 10:13:00,2973.594718943789,57.50328732252484,31.42129993996345,130.81340935799957,7.259424089034227,960.5797601551856,3249.1200227758563,10.510387816427473
2023-01-04 10:14:00,2973.994798959792,58.3994681140688,30.49413382450614,133.16144235239696,6.991912111011099,954.5571299669866,3200.1428235736826,10.462156659583949
2023-01-04 10:15:00,2974.394878975795,57.46094358439488,31.971208889084128,130.87709499468602,7.2074616639319915,963.3425413280517,3225.3278227787623,10.499589397611707
2023-01-04 10:16:00,2974.7949589917985,57.13740727247479,31.253304447216138,130.99335449818125,7.278064795824513,961.5779428771157,3231.9172429547,10.508805868812857
2023-01-04 10:17:00,2975.195039007802,60.274973554525474,29.198658535221288,133.06064067502143,7.0281173064598494,945.8173901284141,3204.4217808120193,10.469094411983598
2023-01-04 10:18:00,2975.5951190238047,57.102436096292074,31.5405421690787,131.9527022442165,7.235836806258858,962.6844650902341,3239.4234983519377,10.506481086461395
2023-01-04 10:19:00,2975.995199039808,60.3649464854941,30.509476638650717,132.92333475300182,6.891525422204981,959.8089815138768,3195.162648250659,10.447804064585359
2023-01-04 10:20:00,2976.3952790558114,59.49222655967352,29.596502001757976,132.99194261298896,6.870637705831309,947.4446012506675,3194.897472185593,10.437271421514176
2023-01-04 10:21:00,2976.7953590718143,58.687190765185505,30.148498103768727,132.79196848983784,6.8038034630907305,950.5207350948461,3199.461503900896,10.46553184437555
2023-01-04 10:22:00,2977.1954390878172,57.29300251783323,32.35098119926806,131.34092479427997,7.326818689559547,960.9079982129067,3253.7408751049234,10.516699935018314
2023-01-04 10:23:00,2977.595519103821,57.67672739968996,31.633849081067247,130.53860824301304,7.311233865050048,958.8357324406528,3243.8658482342653,10.50588589366763
2023-01-04 10:24:00,2977.995599119824,56.2498236811835,31.9468080266718,130.3948707516735,7.382684418311596,963.6731122568139,3274.8384289961787,10.518816434657257
2023-01-04 10:25:00,2978.395679135827,58.12877754799836,30.338860849785252,132.96779516012347,7.209766712029936,957.3949317144816,3233.0120661499145,10.474537532423039
2023-01-04 10:26:00,2978.7957591518307,58.0940084255406,30.020442741172747,132.49877874598397,7.040085668377307,959.2734880568717,3218.8740282953618,10.480763724664124
2023-01-04 10:27:00,2979.1958391678336,58.00952147306859,30.54394937892835,133.01268588894496,7.033008070597064,952.1110807890045,3232.296422854934,10.472140052908877
2023-01-04 10:28:00,2979.5959191838365,58.968728100217106,30.689675855683692,132.7418033511146,7.089516455019502,954.697441574909,3228.117032897971,10.482498181668506
2023-01-04 10:29:00,2979.9959991998403,58.89420096121577,30.754454171361047,132.73338425188464,7.3183162198848235,955.8551146193903,3218.4979741509333,10.484633646383847
2023-01-04 10:30:00,2980.396079215843,57.96652979928951,30.8612432963868,132.64588013015202,7.1976372981532535,956.9862091553665,3257.047686791788,10.511414119071496
2023-01-04 10:31:00,2980.796159231846,59.46688041229157,30.24351043583284,132.64689190026317,6.917621945207957,954.377744527997,3224.9476972384123,10.48315782709785
2023-01-04 10:32:00,2981.19623924785,58.03451207777978,31.115089210341736,131.5510529567928,7.128827298524098,957.7923401899995,3229.630740094145,10.491702111105154
2023-01-04 10:33:00,2981.596319263853,60.22363362520239,30.280745421393007,133.82967804802288,6.700899111677127,954.7307484030681,3189.442745417411,10.431279438928161
2023-01-04 10:34:00,2981.9963992798557,56.731632038476896,31.2486514735822,131.3850505298412,7.125364293363672,962.4408166411721,3250.7265536785894,10.49667579575001
2023-01-04 10:35:00,2982.3964792958595,57.61667343467718,30.255050104798322,131.35705701841152,7.114550604661314,952.9583464089072,3233.3695890001923,10.483432104086017
2023-01-04 10:36:00,2982.7965593118624,57.643539890974495,31.4383030119906,132.3707992759729,6.98677307858941,952.9711149162022,3237.6260067869366,10.500103416278238
2023-01-04 10:37:00,2983.1966393278653,56.7846881334785,31.857287314111336,131.08077098961365,7.375349499712626,966.9892521956519,3253.787377082382,10.50503600179924
2023-01-04 10:38:00,2983.5967193438687,59.89350718672609,30.782078240677322,132.93230158865322,7.188507070842387,954.8243230901162,3219.1383418096348,10.479850468567923
2023-01-04 10:39:00,2983.996799359872,58.01984751093365,31.60715243973868,131.89120444858176,7.457371063915999,964.6766202444808,3247.2114303884246,10.506381126113638
2023-01-04 10:40:00,2984.396879375875,59.772497968088,30.253926192556445,132.98543191350373,6.8221431043924055,954.2850787149335,3198.7991532957767,10.450860357720652
2023-01-04 10:41:00,2984.7969593918783,58.86465482287704,29.96492689297623,133.61480061268645,6.945355819949672,948.6124320105401,3205.611544625361,10.450609203623529
2023-01-04 10:42:00,2985.1970394078817,57.83476783448802,30.254371911575895,132.97146486615227,6.986183915655394,955.7063994772394,3212.5482237182214,10.452135605035998
2023-01-04 10:43:00,2985.5971194238846,58.29776726725952,31.071064490049505,132.99715356045127,6.867815182386037,958.0978934508554,3213.401314204125,10.474144664565944
2023-01-04 10:44:00,2985.997199439888,59.303031648090126,29.924295406406287,132.79623563388256,7.032042729455519,950.6391398425817,3208.3572365952623,10.453255133788504
2023-01-04 10:45:00,2986.3972794558913,59.49169322722238,29.85791973474525,132.6888280097717,6.876973713743599,949.7197676563895,3194.2716179775052,10.456360214511685
2023-01-04 10:46:00,2986.797359471894,59.22789893725197,29.744796670915008,132.9433604534566,7.208554405566867,954.2714646350707,3201.608378229789,10.479584237851755
2023-01-04 10:47:00,2987.1974394878976,60.2517788105167,28.80808880817957,134.69771978610044,6.635641587061647,941.5760635254668,3174.526733438566,10.430039609954584
2023-01-04 10:48:00,2987.597519503901,58.08038712146382,31.218648069745672,132.73406940938253,7.198580084643227,955.6845359469727,3222.2516329884847,10.483371140706133
2023-01-04 10:49:00,2987.997599519904,55.41009322776824,33.25414794204817,129.13373216766374,7.75076987144708,972.4816985219414,3295.8040024453353,10.5646894835265
2023-01-04 10:50:00,2988.397679535907,57.06796850170285,31.1629779750274,131.82234957974686,7.211609375066428,957.6420937188436,3214.5029401058955,10.506169778428061
2023-01-04 10:51:00,2988.7977595519105,57.467806816945355,31.14162808563657,132.0879085828229,7.11600544892162,960.2636893318238,3244.963965716743,10.463852173208643
2023-01-04 10:52:00,2989.1978395679134,55.13638408278945,33.06089910951359,129.74685319099095,7.653457029312802,969.0935659783013,3258.0361048556842,10.54921072043784
2023-01-04 10:53:00,2989.597919583917,59.37304402231358,30.05021203801024,132.55772057310605,7.040574641103727,954.4242295202741,3195.9191829674214,10.454065749049642
2023-01-04 10:54:00,2989.99799959992,57.37841680351363,30.84260962849458,131.76603649857898,7.173418649160459,956.1489039503729,3229.192230471229,10.506541813279535
2023-01-04 10:55:00,2990.398079615923,60.28513896865141,29.63902505222568,134.02004698866597,6.730347415480221,950.1250878117481,3175.724092312349,10.454814622474839
2023-01-04 10:56:00,2990.7981596319264,58.35884134096584,31.241236130118512,131.90736075898783,7.156105363048411,957.7994235012383,3210.3939875369806,10.468860823214536
2023-01-04 10:57:00,2991.1982396479298,57.12739950815758,31.71397443071964,132.41568997197027,7.3549915241446975,958.9169351596654,3256.5565390783545,10.500048826534883
2023-01-04 10:58:00,2991.5983196639327,57.3270832115483,31.665892641820285,131.52715945714178,7.349778543722094,955.0875443422044,3242.9044209911062,10.503714836969692
2023-01-04 10:59:00,2991.998399679936,58.548477107035964,30.34563899206591,132.2326174325339,7.177433074790847,958.6302607943953,3207.2452983815497,10.490983748819414
2023-01-04 11:00:00,2992.3984796959394,58.26310861387481,30.734521141896515,132.34456286794023,7.009882014195925,960.564820198356,3218.2257472356223,10.488570438554627
2023-01-04 11:01:00,2992.7985597119423,58.05594786692664,31.550298340961106,131.38508640409302,7.289971498116179,954.3625439797229,3236.313873844417,10.496761948679614
2023-01-04 11:02:00,2993.1986397279456,55.63168200770636,32.85086085226195,129.9543543009575,7.30205139732944,971.8994028342555,3260.0865424470526,10.545921037650855
2023-01-04 11:03:00,2993.598719743949,57.49178146880658,30.858477603854187,132.64347671688745,7.069973881343726,958.5527712885882,3195.0533547678524,10.4871446318265
2023-01-04 11:04:00,2993.998799759952,59.499062035384334,29.66202194515902,132.29649204520018,6.995279717328703,951.8541053698393,3207.2940782311084,10.468498465239598
2023-01-04 11:05:00,2994.3988797759553,58.90644253581627,29.772392959088073,132.418719617691,6.953165680644761,949.5952783070202,3201.650049688021,10.455969482137943
2023-01-04 11:06:00,2994.7989597919586,59.2307785086176,29.78297824540091,133.53679981370732,6.745828348444252,947.7115048589183,3204.032072999957,10.467844014664303
2023-01-04 11:07:00,2995.1990398079615,58.012886004910946,30.50419201727186,131.54256785396177,7.126422524885425,959.7677426914495,3227.931059521984,10.48120670527882
2023-01-04 11:08:00,2995.599119823965,57.03049090754514,31.100899279953484,131.6676802778304,7.306381388634721,955.9753522383428,3243.3878393131654,10.510851621409179
2023-01-04 11:09:00,2995.9991998399682,57.323658912869625,31.15310735814548,131.32353035858802,7.288784208211503,957.5065223805078,3232.26012591995,10.502128792350907
2023-01-04 11:10:00,2996.399279855971,57.940101952270844,30.98452118608343,132.95543359743905,7.279923982021817,963.166515017333,3229.503161228756,10.484621948087272
2023-01-04 11:11:00,2996.7993598719745,56.693593634943504,31.529249442300568,131.9929919714398,7.274985765387229,959.342583709568,3245.986256957603,10.51631575329808
2023-01-04 11:12:00,2997.199439887978,60.11039523592239,29.438047868787176,133.17219923093947,6.952990767604604,949.5385214587575,3196.593017517228,10.442201169757123
2023-01-04 11:13:00,2997.5995199039808,58.771652169480284,30.284153190206762,132.677217534114,7.237796621617369,958.0670015278574,3221.457795583016,10.463412182045415
2023-01-04 11:14:00,2997.999599919984,56.07403206303387,32.90148918963375,130.16260576601812,7.412057702285392,969.2497589593595,3273.517751020306,10.550974150281874
2023-01-04 11:15:00,2998.3996799359875,57.97978703393707,31.064767739176904,132.44415238209896,7.26443717776168,958.5784900135268,3248.646719309743,10.48081601241941
2023-01-04 11:16:00,2998.7997599519904,57.927733733486065,30.673647094697834,132.38745631627017,7.104258240812394,955.5389914321248,3235.1117915996433,10.466734878598109
2023-01-04 11:17:00,2999.1998399679933,57.70545657983994,30.75671845463733,131.289857883551,7.191962795405516,951.5045388661358,3228.36823825563,10.502103971362217
2023-01-04 11:18:00,2999.599919983997,58.112840967593165,31.585555151853086,132.0940808859094,7.245266015368997,953.0654188823987,3236.915218489642,10.500093153478547
2023-01-04 11:19:00,3000.0,59.029121137085305,29.872056278668307,133.489018956651,6.965862824727599,948.0548429163539,3205.2119566838255,10.450852632608509
