TIMESTAMP,MD,ROP,WOB,RPM,TORQUE,FLOW,SPP,MW
2023-01-01 00:00:00,1000.0,53.91650027455491,28.013293156421476,135.97436872681644,6.555809570426083,937.3890848087826,3155.3484214339146,10.39406084483131
2023-01-01 00:01:00,1000.4000800160032,56.91668396771906,25.925492277355463,137.15476691282592,6.03277439624964,925.5631085946342,3085.4951747818186,10.343053495210684
2023-01-01 00:02:00,1000.8001600320064,53.077906460483675,28.350331260945293,133.92723761354281,6.522275133984538,941.8450588481932,3165.629230133607,10.413422414656882
2023-01-01 00:03:00,1001.2002400480096,56.0550763801365,26.771971555983665,136.53186216952895,6.338658240398434,934.1995173650665,3112.463249213702,10.371500695620123
2023-01-01 00:04:00,1001.6003200640127,54.937848906610206,27.246451270900828,135.91244622107897,6.030163646279709,934.0234049064329,3122.518909715542,10.363675442461956
2023-01-01 00:05:00,1002.000400080016,56.1727001864713,26.699737481657827,136.2448563379863,6.072136741601134,932.5398003800896,3113.513331783916,10.346111953956715
2023-01-01 00:06:00,1002.4004800960192,56.41017296987537,26.899858364052392,136.9318532842594,6.161990473483104,926.4891656948396,3104.217419692772,10.364216090182671
2023-01-01 00:07:00,1002.8005601120224,54.4462584828904,27.2828943014262,135.21285657486993,6.453399622837466,937.3855261636221,3117.1892729430906,10.392651537588376
2023-01-01 00:08:00,1003.2006401280256,54.96274465796825,28.20459619146973,135.23813868026986,6.512471375379684,940.3302533440531,3154.9312004303038,10.396393927126448
2023-01-01 00:09:00,1003.6007201440289,55.6425435260765,26.827871362015507,135.36896654410347,6.091495686809212,937.1615785748256,3144.58127911519,10.381864561636613
2023-01-01 00:10:00,1004.000800160032,54.0010219565855,27.950016477587262,135.53753094822196,6.408940808017427,936.5128926244927,3143.287756855736,10.384060184980232
2023-01-01 00:11:00,1004.4008801760352,53.13432703651529,28.007566765900798,134.35444731766466,6.690743745887192,937.9800740551001,3172.2306124650904,10.419111150630727
2023-01-01 00:12:00,1004.8009601920384,55.2443645031249,26.8121812129325,135.9519726805702,6.206494081511617,935.1491335046921,3122.539005147906,10.364457770035337
2023-01-01 00:13:00,1005.2010402080416,55.1103532871881,27.168848447075145,135.62116264549758,6.359934776087363,935.1421725421733,3125.811260601343,10.394185768077476
2023-01-01 00:14:00,1005.6011202240448,54.683598969416295,27.574356745157232,135.3562790637214,6.5212883503495,944.218790736476,3147.613421065871,10.38413200994447
2023-01-01 00:15:00,1006.001200240048,54.155907086740406,27.630426778585228,134.94933864971202,6.465979285606554,943.1647341169565,3133.3202836954997,10.39438939059831
2023-01-01 00:16:00,1006.4012802560512,56.10626281338147,27.160893206908053,137.10158354134327,6.224069936773506,925.652913186775,3116.110320036291,10.361487981791505
2023-01-01 00:17:00,1006.8013602720545,56.01530534927494,26.160508758473675,137.09475160812593,6.141232880526486,930.0130000711388,3100.9457135915463,10.356890059763426
2023-01-01 00:18:00,1007.2014402880576,54.50632411759097,27.055121587799682,136.39980998486217,6.457131562038168,935.0371018489728,3121.713294106381,10.395787743806626
2023-01-01 00:19:00,1007.6015203040608,54.997299273698886,27.285499973874078,135.41144067319144,6.372416673841546,931.4061792459846,3090.7249576141344,10.364795109660147
2023-01-01 00:20:00,1008.001600320064,56.216307776636974,26.04825170794971,137.115712138205,6.146774226139646,927.6833181307716,3094.744522996376,10.345291474122938
2023-01-01 00:21:00,1008.4016803360672,55.61720630455153,27.75984145922662,135.11187899253846,6.383616700905763,932.3499396369332,3129.072532798985,10.369655783568838
2023-01-01 00:22:00,1008.8017603520705,56.032669409146685,26.54485592270203,135.8813096234668,6.2858852159497465,928.8428182678347,3124.89985665862,10.358169499630188
2023-01-01 00:23:00,1009.2018403680736,55.37266486651242,26.795175854523965,135.89087638202324,6.339330598065655,933.9223231025373,3118.8205547236853,10.365768663397668
2023-01-01 00:24:00,1009.6019203840768,55.13564620433607,27.32265895942402,135.4904366673726,6.338302805929327,940.7774880789993,3145.4489354890843,10.394075152677667
2023-01-01 00:25:00,1010.00200040008,55.37579233412265,26.771466676489478,135.6111519502171,6.28309444365577,933.021596384839,3115.945920943949,10.357170720836034
2023-01-01 00:26:00,1010.4020804160832,53.671669804396906,27.593839012103945,135.42519151862072,6.688033301437544,939.6008450216046,3148.415507402202,10.402078152914521
2023-01-01 00:27:00,1010.8021604320865,55.78824859268528,27.112383186718553,135.8870094782689,6.3670683560377705,939.590212210697,3130.8888622738623,10.391929814643206
2023-01-01 00:28:00,1011.2022404480896,54.43939283795259,27.180518609688928,134.57807313447645,6.499941374931486,934.532434098869,3129.239592721325,10.398859387080439
2023-01-01 00:29:00,1011.6023204640928,55.58261091903499,26.759120435228958,136.77509311431334,6.383126346974201,933.8279746069088,3097.0664760098257,10.37104408879136
2023-01-01 00:30:00,1012.0024004800961,55.19254836185341,26.662907412278066,135.95344369982448,6.448745531514658,932.44532998667,3132.546147440326,10.37791252156691
2023-01-01 00:31:00,1012.4024804960992,56.01491046311603,26.549320927888985,136.36029888166087,6.287316871593534,928.9817596055942,3114.7855389425845,10.359662501539558
2023-01-01 00:32:00,1012.8025605121024,54.49667344977877,27.93721964423754,134.88161807743222,6.285200558917415,937.1368518987272,3144.8051215757473,10.378509011125045
2023-01-01 00:33:00,1013.2026405281056,54.31956299673257,27.55503774356777,135.7600988378382,6.277478166106283,937.5137425712883,3140.764627834035,10.384164923303826
2023-01-01 00:34:00,1013.6027205441088,55.09885675959213,27.36962947515736,135.7212639379355,6.205433436741249,936.6232615217111,3122.2679683937117,10.37975837223553
2023-01-01 00:35:00,1014.0028005601121,53.08520160792405,28.80732455685492,134.17292047385396,6.7749987409053904,947.6054076385473,3155.3980082696785,10.42046192368482
2023-01-01 00:36:00,1014.4028805761152,54.756975946755006,27.294925979344633,135.41812339052166,6.387614523857208,937.558216727264,3144.0551551123663,10.369452573125551
2023-01-01 00:37:00,1014.8029605921184,54.72514752219777,27.46755874186529,135.87606006899756,6.306901317614742,939.6607018868851,3134.0196643150016,10.393980892615518
2023-01-01 00:38:00,1015.2030406081216,53.58896462079229,28.08887383462101,134.90380290521057,6.510199757070597,938.9295898914406,3156.365905370514,10.41430041257252
2023-01-01 00:39:00,1015.6031206241248,54.0610968970807,27.40186796638044,136.02234641955434,6.490353253103195,940.5715039825498,3147.3319550450806,10.38049266239794
2023-01-01 00:40:00,1016.0032006401281,55.237392042749065,27.19491420060635,134.8933631029442,6.2609864976353,933.2349155019448,3128.7045583271256,10.364879259116302
2023-01-01 00:41:00,1016.4032806561312,57.14997269306625,25.997095661251866,136.96246149339765,5.962639567202401,924.7794064501842,3085.5860855757296,10.335785825560531
2023-01-01 00:42:00,1016.8033606721344,55.600191831855234,26.913529464266087,136.52526027333062,6.256304873711679,937.3519036476093,3111.9524252440133,10.40646927340944
2023-01-01 00:43:00,1017.2034406881377,54.925646446800194,27.830373141206206,136.78224604286748,6.428909344038009,928.9172504393454,3129.8984131711586,10.378045451693971
2023-01-01 00:44:00,1017.6035207041408,53.65505526259813,28.378793833534235,135.48936872861188,6.354379108853932,942.5331176346323,3167.227608851975,10.397125923262319
2023-01-01 00:45:00,1018.003600720144,56.46205500482319,26.09434992775865,136.99430145734323,6.123606805279053,930.4375654317022,3092.5390070623757,10.329678183895673
2023-01-01 00:46:00,1018.4036807361472,56.24428858981059,26.4137245744425,136.85131903894384,6.158178227833273,932.2633636317709,3122.356354202151,10.361206144687067
2023-01-01 00:47:00,1018.8037607521504,52.85497953763596,29.35346597321293,134.71273475842267,6.714629250786541,948.996700976416,3176.0797210089863,10.428058847963984
2023-01-01 00:48:00,1019.2038407681537,53.955041226596016,27.865176170651015,134.74596166786114,6.481227842562439,936.5825333571103,3131.9738173767237,10.395496212511842
2023-01-01 00:49:00,1019.6039207841568,54.451478125206464,27.52712881792003,135.88749750982262,6.2820821232107935,933.0734479799053,3140.5615456063815,10.380905621488802
2023-01-01 00:50:00,1020.00400080016,55.834743623341076,26.526106364178204,136.11742318377483,6.368169028321265,933.9934022243403,3107.5030916996357,10.348987773386698
2023-01-01 00:51:00,1020.4040808161633,54.158809622811525,27.330213072953637,135.22123268291418,6.6214016937691555,938.4770807428235,3145.0955792779478,10.385417543808657
2023-01-01 00:52:00,1020.8041608321664,55.44705068033378,26.282931467117088,135.960670854128,6.26375557680937,936.6170144017362,3137.860539163949,10.354219907945774
2023-01-01 00:53:00,1021.2042408481697,53.15076258389327,29.271239357869,134.2244446118878,6.778985609028019,947.8932024048336,3186.4624272395267,10.402910062783524
2023-01-01 00:54:00,1021.6043208641728,55.83897227775553,26.456302912555543,135.96536828843733,6.159112941187327,933.8193409449677,3107.932397179828,10.352338565704718
2023-01-01 00:55:00,1022.004400880176,55.234331508351985,27.601608719544547,135.4395129086017,6.43379307137048,937.0304951115226,3145.678679478036,10.39187702686444
2023-01-01 00:56:00,1022.4044808961793,54.301693104771715,27.851085369190983,134.19385821794862,6.831424809952312,941.0161681956765,3148.9409218212777,10.399686129630036
2023-01-01 00:57:00,1022.8045609121824,54.52693546274593,27.66220366795576,135.05537198332212,6.5721562089644765,944.5634743805491,3134.872293359379,10.397026330763309
2023-01-01 00:58:00,1023.2046409281857,53.33557965309624,28.11630501357194,135.5296721350642,6.40570412693582,938.4687323105418,3152.9956263427143,10.384397296155589
2023-01-01 00:59:00,1023.6047209441888,55.26950351108872,26.70803151195397,134.74564290837452,6.394426462895694,939.1899642983841,3143.7657253636844,10.383511312065425
2023-01-01 01:00:00,1024.0048009601921,56.4163474267198,26.709606529969697,136.33719955002584,6.225074515303624,929.6098195274529,3100.2843211567615,10.354668860452753
2023-01-01 01:01:00,1024.4048809761953,56.28753348283107,26.673004573049788,137.0622437541555,6.257446254900177,929.3915050903084,3108.7016380306363,10.352647559637953
2023-01-01 01:02:00,1024.8049609921984,56.586069578089386,26.194451322747547,137.11124296176635,6.31744922999854,930.8354408346827,3117.358625690461,10.36312899043139
2023-01-01 01:03:00,1025.2050410082015,55.75880117061989,26.45015268382045,136.26230965255712,6.144764270359619,932.4270459022764,3108.065972097145,10.339997182574985
2023-01-01 01:04:00,1025.605121024205,54.61007543316465,27.25370143158341,136.00839924571173,6.342592001054131,939.1882089633413,3133.425564056762,10.386523684520832
2023-01-01 01:05:00,1026.005201040208,56.44611213506923,26.422093420142616,136.09753731637915,6.070139772057183,930.6196226017952,3107.817342935462,10.363937178551428
2023-01-01 01:06:00,1026.4052810562112,54.69677137963454,28.181832831595116,135.76277935039738,6.435760974277958,936.1358478209804,3152.214997283002,10.38492561075556
2023-01-01 01:07:00,1026.8053610722145,53.976749097292206,28.26436166407356,135.31478583802667,6.575908465857718,937.9383708185278,3161.204754580162,10.394868428428788
2023-01-01 01:08:00,1027.2054410882176,54.82901557789195,27.2563641222645,135.72232443049717,6.57737304938015,943.4855906636208,3130.897229174714,10.382561244965252
2023-01-01 01:09:00,1027.6055211042208,54.184703602711636,28.622063166923606,134.84309955540633,6.557640359109416,939.3995613679114,3159.2050867333337,10.415149574641466
2023-01-01 01:10:00,1028.0056011202241,54.07667054545678,28.343066628568245,134.27641054329715,6.637395128973182,950.6083352321347,3176.809707097401,10.416817728362652
2023-01-01 01:11:00,1028.4056811362273,54.51576905866214,27.82118375027893,134.7152809219926,6.174010870070968,940.2912723720062,3141.3794961597528,10.399850135510112
2023-01-01 01:12:00,1028.8057611522304,53.70191684002609,28.2277184082103,135.29796211343208,6.713394743128822,941.8915293686907,3150.2110614989783,10.402783164089133
2023-01-01 01:13:00,1029.2058411682337,54.5410506402243,27.569871703488488,136.84719463938055,6.370498519606568,931.914882714529,3138.699166809925,10.37098071601824
2023-01-01 01:14:00,1029.6059211842369,54.02472504787206,27.948213895991955,134.6591984063048,6.597625583384269,943.8924063703978,3167.4897782975117,10.41038159823273
2023-01-01 01:15:00,1030.00600120024,54.53408361007109,27.80266344697505,135.79499971045797,6.401396742032283,933.2891871919068,3126.6049640523,10.39089999618114
2023-01-01 01:16:00,1030.4060812162431,54.07272033483067,28.09304274120893,133.49392424601163,6.555544199642787,939.7259793171279,3149.108008637205,10.399781315921434
2023-01-01 01:17:00,1030.8061612322465,54.41921337166201,27.567531387697798,135.551479233326,6.387332787686159,941.8637020265273,3132.728721867615,10.390226397852917
2023-01-01 01:18:00,1031.2062412482496,53.26392619113561,28.492522469116413,134.29374033596937,6.614183582390837,938.3591694143015,3156.6370557121472,10.40773950146347
2023-01-01 01:19:00,1031.6063212642528,54.556353532182996,27.70333356568419,136.26448394687398,6.577724715414118,940.4247179195088,3155.703300104983,10.379430924346613
2023-01-01 01:20:00,1032.0064012802561,54.98795541866397,27.514865554624873,135.8662591065881,6.3572357715041266,936.1198308579781,3148.7637986815644,10.383269213283468
2023-01-01 01:21:00,1032.4064812962592,55.03160263822521,27.226338742953,135.8678966681169,6.290710849464018,936.8739032872359,3133.8623572233664,10.376573062379626
2023-01-01 01:22:00,1032.8065613122624,55.83941633788469,26.470849614486877,135.75260580431976,6.2496816429350215,929.9889363126008,3108.596549002152,10.370003643000336
2023-01-01 01:23:00,1033.2066413282657,53.89884954340444,28.04669735326426,135.67366225390566,6.588812981188442,943.7911336426092,3151.0074871497904,10.398589453477125
2023-01-01 01:24:00,1033.6067213442689,55.94621655765683,26.86679918985995,136.9816119614412,6.1970168441254705,934.3334538937211,3108.8219931067597,10.341071351393278
2023-01-01 01:25:00,1034.006801360272,54.326845997491056,28.205735604132027,134.4636513586544,6.484193224471425,938.2498482450022,3163.4551341966676,10.396038611858465
2023-01-01 01:26:00,1034.4068813762754,54.96959356819429,27.3242899422776,136.0442420092825,6.418666512309325,934.9957651015429,3132.148011070646,10.398183095930138
2023-01-01 01:27:00,1034.8069613922785,52.65081638048029,28.53846073478126,134.71039750447224,6.779084201408311,948.462039281418,3162.984071804251,10.430925479024719
2023-01-01 01:28:00,1035.2070414082816,53.326160885783246,28.006901199953017,135.18580773096312,6.359281459528828,938.440250565708,3152.333140618896,10.396960512949068
2023-01-01 01:29:00,1035.6071214242847,54.70893522329099,28.16692638294517,135.48865382418452,6.558753064522772,937.0417092890083,3160.1618047353204,10.398481237001628
2023-01-01 01:30:00,1036.007201440288,56.50689123946091,27.012016004572143,136.66406256349546,6.236154283171695,933.5114767831575,3123.863973298362,10.347417253640046
2023-01-01 01:31:00,1036.4072814562912,56.14563733480176,27.048902228767734,135.66149002636888,6.283883162586081,935.0452474938828,3131.511609709132,10.35386109499472
2023-01-01 01:32:00,1036.8073614722944,53.55592311014668,28.720858953209135,134.61208094558603,6.6248081751986865,941.6427312980109,3178.2138899788574,10.410072959814023
2023-01-01 01:33:00,1037.2074414882977,54.89153802207219,26.801658065391074,135.37180286716526,6.408772883240105,941.7555686000643,3154.7115619752926,10.383779457882012
2023-01-01 01:34:00,1037.6075215043008,54.94878352520414,27.38488870121126,134.88770487587703,6.477008797107219,937.4804822589638,3140.312360300175,10.381683960725132
2023-01-01 01:35:00,1038.007601520304,53.80971034702062,28.729819340364706,133.97222739619886,6.482831149877884,946.4477978217944,3162.5123152236984,10.420445474904131
2023-01-01 01:36:00,1038.4076815363073,56.45213537282756,26.23965878904049,135.72703137240325,6.081967005242267,933.6493590911602,3100.2427193547524,10.353830254439469
2023-01-01 01:37:00,1038.8077615523105,55.835017838127854,26.784874482998873,135.066350344507,6.128356912915282,930.5685384007893,3136.984706472522,10.374015826086366
2023-01-01 01:38:00,1039.2078415683136,54.628346372668446,27.9375123228408,134.4554222748781,6.736699077265636,944.9688235304246,3155.1075651530687,10.388403064634602
2023-01-01 01:39:00,1039.607921584317,55.71056292661503,27.294878091167895,136.78853662978122,6.358447693298214,935.8667236203755,3107.979195752742,10.388577139769472
2023-01-01 01:40:00,1040.00800160032,52.1493485435891,29.28614804734182,132.67857498046615,6.645967840359365,950.7825322286744,3199.9232407202794,10.45319316189407
2023-01-01 01:41:00,1040.4080816163232,52.55559752025179,29.111190187566066,133.22457070350575,6.790756831020518,939.6188262966556,3166.8561488132245,10.431641225391308
2023-01-01 01:42:00,1040.8081616323266,54.68736174030396,27.50251938405748,136.23723906971497,6.417595874490726,939.0750284737028,3131.756473598076,10.387595728678832
2023-01-01 01:43:00,1041.2082416483297,55.698083058913724,26.79680425031379,135.46861194286092,6.354893186422357,931.7656090813157,3126.998376544601,10.371641222453446
2023-01-01 01:44:00,1041.6083216643328,54.071478500867975,28.171244848971863,134.96727175239286,6.543812996088127,936.1839061372408,3160.0953343633146,10.396704975437084
2023-01-01 01:45:00,1042.008401680336,52.344233498488414,29.37229481355764,134.12543043901582,6.729611381403714,946.0943460438302,3176.701438108183,10.42607403051659
2023-01-01 01:46:00,1042.4084816963393,53.64578772965842,27.89694533339449,134.65139661716407,6.5480313490478155,934.9188898649749,3154.3420091863277,10.406670203540772
2023-01-01 01:47:00,1042.8085617123425,55.3228471822984,27.538555878467275,135.45461306834392,6.498375814843227,936.9046873648422,3145.1411436948024,10.394195815366729
2023-01-01 01:48:00,1043.2086417283456,54.590190830763014,27.710245920771495,134.85358343732884,6.385110078239509,941.7856308925645,3151.4722940347215,10.391405389823912
2023-01-01 01:49:00,1043.608721744349,53.94884577625142,28.23019148369335,134.31022824381165,6.540841810978039,943.7815834894608,3139.0082047269975,10.412784522219187
2023-01-01 01:50:00,1044.008801760352,56.123225138708925,26.54106988128706,136.3403660214276,6.309309502800835,936.6401702671956,3133.396107042734,10.374478246182584
2023-01-01 01:51:00,1044.4088817763552,54.26609506761026,28.809644635289846,133.92185389493923,6.688947172358388,941.8289871452453,3159.4507820056897,10.422433193375175
2023-01-01 01:52:00,1044.8089617923586,53.264232935036745,28.566683243265746,134.8384411704226,6.719307446499225,946.474592323773,3165.9180600130294,10.443261918243094
2023-01-01 01:53:00,1045.2090418083617,55.58031395096423,26.913817662436404,134.79997579551406,6.30125581082595,932.6784316838236,3126.7739546958555,10.36392598550515
2023-01-01 01:54:00,1045.6091218243648,54.66041314163248,27.916490753560996,135.52024302437283,6.2433821598589345,931.7525469407975,3125.336595794696,10.378428956077638
2023-01-01 01:55:00,1046.0092018403682,53.56524807358296,28.76543299423163,133.76297536679516,6.489830407359595,940.7816300355207,3194.283396987051,10.412552281131859
2023-01-01 01:56:00,1046.4092818563713,54.194854469669075,27.63977375283684,135.2418935068135,6.478332620299587,937.746844114386,3136.790613279673,10.382304582017493
2023-01-01 01:57:00,1046.8093618723744,55.419921985845974,27.309005761836886,135.1824914189995,6.3719003105869865,933.7643799737073,3117.2037332732584,10.372178583032461
2023-01-01 01:58:00,1047.2094418883776,53.94180271862715,28.34009852940124,134.76815431649175,6.578979129944922,946.7601191335144,3161.445820376951,10.422484505172186
2023-01-01 01:59:00,1047.609521904381,53.46298181698063,29.2305552369763,134.62372403736003,6.564726100698721,944.1184209658417,3157.1055329618166,10.437231731471792
2023-01-01 02:00:00,1048.009601920384,54.62788173923333,27.78709092704717,135.59175612606853,6.348963944609007,945.6083531997681,3147.474891578097,10.39966373801558
2023-01-01 02:01:00,1048.4096819363872,55.27971626523104,27.74391960216327,135.17183808630875,6.426220440657652,942.1507301485433,3155.3355254609123,10.406396788040523
2023-01-01 02:02:00,1048.8097619523905,53.665819186851344,28.592336042767144,135.15399655687074,6.765526976923305,940.4693788880307,3167.6320773206685,10.409729655312866
2023-01-01 02:03:00,1049.2098419683937,53.40511990368758,29.228734051807184,134.2297985070579,6.598306328448854,947.7313644703952,3174.6587823018763,10.43185400388093
2023-01-01 02:04:00,1049.6099219843968,54.536798113062424,27.824436829447617,135.21579639098692,6.446279970510527,941.7601299407742,3140.7816373397204,10.399575499307332
2023-01-01 02:05:00,1050.0100020004002,53.77522837173346,29.15567343720551,134.46734852197343,6.60407196273548,943.6367350021925,3161.147579062187,10.42618227927611
2023-01-01 02:06:00,1050.4100820164033,54.78124934549014,28.05812412450593,134.28735784003203,6.537584086597153,939.4510629617002,3144.2955830688406,10.395848633082009
2023-01-01 02:07:00,1050.8101620324064,53.25924021642464,28.74634634613665,133.97391057538266,6.685128234221482,943.3440831006629,3184.8735794190006,10.424635562093071
2023-01-01 02:08:00,1051.2102420484098,53.48874786348866,28.579291343741804,134.60305193446712,6.724192172456607,950.5265903113957,3179.0080512734157,10.425664277252979
2023-01-01 02:09:00,1051.610322064413,55.31172136588802,28.166669264136868,134.4779118744011,6.561711132832264,946.1938001416715,3156.563155582534,10.411700368208676
2023-01-01 02:10:00,1052.010402080416,53.34817179283323,27.931476708975676,134.8772897756786,6.534412557732657,939.7308326978902,3161.5354340744248,10.406433915885152
2023-01-01 02:11:00,1052.4104820964194,54.522804321467945,27.58334149929864,135.93004327721073,6.394411834245337,944.1413030632133,3139.7569335666176,10.402578522947344
2023-01-01 02:12:00,1052.8105621124225,54.35324230288851,28.530708713895898,134.47707951660516,6.443013811634718,939.3811163711893,3147.123711518162,10.403010523993643
2023-01-01 02:13:00,1053.2106421284257,54.04394516968819,28.163807021916302,134.618655925534,6.715452206262477,947.4153581940924,3154.8574521887085,10.431375685452016
2023-01-01 02:14:00,1053.6107221444288,52.96217932294711,29.628914572269824,133.45793148401108,6.7893751476941535,947.9397404805655,3193.876989261633,10.430028069427316
2023-01-01 02:15:00,1054.0108021604321,54.39413365135449,27.909704748950375,134.72966933330673,6.76876864312916,941.5485453648765,3152.5333769958106,10.410433185542455
2023-01-01 02:16:00,1054.4108821764353,55.03432453838312,27.81343494515825,135.61696342263303,6.314578379642188,934.9037240491873,3127.399896661761,10.389168710943718
2023-01-01 02:17:00,1054.8109621924384,54.39963823783667,28.64289809451784,134.59373234953165,6.776466847204316,943.031563481801,3176.8430120185158,10.422511062584952
2023-01-01 02:18:00,1055.2110422084418,54.631013133331045,27.7171578533901,134.96980439731817,6.560081712101609,943.094366358011,3169.225420119029,10.407316379888337
2023-01-01 02:19:00,1055.611122224445,54.770366030612415,28.149251924230157,135.56661317833894,6.360487771304938,939.0755560150583,3141.1056370142655,10.388328700265035
2023-01-01 02:20:00,1056.011202240448,55.3971354641668,27.028711499035765,135.16300105279555,6.178024674022072,937.5350363291858,3125.582655421583,10.418146947941652
2023-01-01 02:21:00,1056.4112822564514,53.599941376138595,29.056649248019983,133.9668338015916,6.6136407351043855,949.1361000021169,3168.5690674338416,10.43632894359832
2023-01-01 02:22:00,1056.8113622724545,55.5874909667623,27.995119844574507,135.56110593949182,6.439555144237,940.1322408827122,3151.22113541875,10.410403309410581
2023-01-01 02:23:00,1057.2114422884576,57.642552228969336,26.594380588045134,135.80084243007326,6.075987822531653,929.9659636395701,3110.063272711562,10.354693042872835
2023-01-01 02:24:00,1057.6115223044608,54.46164372610485,28.54240234933026,134.44379046142907,6.666988146827818,940.4537111173797,3167.2208362033657,10.420244240228923
2023-01-01 02:25:00,1058.0116023204641,53.397398706326406,29.184099174203087,133.87556368925067,6.670905663936946,946.7202154032337,3177.4318758605964,10.439454684647352
2023-01-01 02:26:00,1058.4116823364673,54.710902299138034,28.171894484512716,135.1868812719259,6.506168954065218,941.2103494370677,3144.813853097421,10.394445380659857
2023-01-01 02:27:00,1058.8117623524704,54.88677677199143,28.48395246337309,135.21812192314528,6.411024036007907,941.7991637942026,3163.0614626946467,10.40419026362572
2023-01-01 02:28:00,1059.2118423684738,55.67903737175893,27.951596853792555,135.28676152703875,6.499091243151006,940.694397566253,3131.872446493473,10.3866406200849
2023-01-01 02:29:00,1059.6119223844769,55.36983968532212,27.431835981645772,135.3590069072507,6.268699398804441,935.2908111886358,3127.8377812771228,10.393069979634701
2023-01-01 02:30:00,1060.01200240048,53.592331188395875,29.025908143832062,134.32314780564127,6.8047710225292946,943.1352009001503,3171.9192293735796,10.415885716576259
2023-01-01 02:31:00,1060.4120824164834,53.19616796885753,29.44775120481534,133.72634297664354,6.9034297712203685,947.4828703599758,3183.3343075914004,10.446397111430363
2023-01-01 02:32:00,1060.8121624324865,55.36362060539694,27.832737708791186,135.1520876386993,6.331119548906003,940.7680324996197,3133.840437728039,10.394090649255471
2023-01-01 02:33:00,1061.2122424484896,53.53800564353456,29.444188648337377,135.01244883604167,6.863140522384158,947.6971771626382,3180.7449417902453,10.40730183811545
2023-01-01 02:34:00,1061.612322464493,53.75908635079417,28.970517309558232,134.4880382858462,6.67043187377696,952.5196643061269,3164.4513548745613,10.432688219990546
2023-01-01 02:35:00,1062.0124024804961,55.35719929949991,28.000124481320075,135.9821537209587,6.6109852108737375,943.9472661910538,3132.317903893239,10.407648382643536
2023-01-01 02:36:00,1062.4124824964993,54.55122194831078,28.276202298065765,133.71081700333016,6.644150264969491,935.7331649102584,3168.1955388305073,10.413447331984386
2023-01-01 02:37:00,1062.8125625125026,54.960839483192146,27.868188413121256,135.52754041840777,6.458545633806503,944.2141337594038,3158.3481863256097,10.398440417295156
2023-01-01 02:38:00,1063.2126425285057,55.4648198330019,28.313928490348324,136.016154008237,6.370673035922816,939.6540715900483,3142.1021535043537,10.37735218997241
2023-01-01 02:39:00,1063.6127225445089,54.83785888833284,28.285859878730925,134.40247550905715,6.513193606793837,939.4194623179903,3161.524197507865,10.406170259964153
2023-01-01 02:40:00,1064.012802560512,53.088217711508584,29.253251108364424,133.87912030713443,6.776038599375529,948.6713358845938,3179.4279741240107,10.423191341564317
2023-01-01 02:41:00,1064.4128825765154,54.05814842297514,29.45882426420471,133.73895283007076,6.840994737885762,948.8738071688473,3196.4166275347793,10.420497385343978
2023-01-01 02:42:00,1064.8129625925185,54.2340353289562,28.879161035380502,134.1801463483362,6.7685750631405845,942.0242621640942,3158.194983161071,10.426359970709443
2023-01-01 02:43:00,1065.2130426085216,54.17609209311925,28.85127197055905,134.04995230595128,6.793268983085304,944.9130212998922,3188.1441615781955,10.417321300679498
2023-01-01 02:44:00,1065.613122624525,54.09483479453651,28.591555070316836,135.9418780118272,6.777173748269174,941.4622095956756,3178.4412632029134,10.419932400479656
2023-01-01 02:45:00,1066.013202640528,53.40769208081685,29.504785520450657,133.51045361562953,6.910376199952902,948.0981973152526,3183.6848781793487,10.422633972799328
2023-01-01 02:46:00,1066.4132826565312,53.87735063322195,28.34436402627883,134.58260987333125,6.7340756937017066,940.2383270667334,3161.335964717966,10.417115499921833
2023-01-01 02:47:00,1066.8133626725346,55.07746278346552,27.533272800136075,135.60908625884454,6.368263202645536,938.8164307292235,3140.216593354907,10.394358379033886
2023-01-01 02:48:00,1067.2134426885377,52.919954407964404,30.098988829806636,133.48591301941508,6.782784840937833,950.2160581397649,3180.385141419639,10.426420636501431
2023-01-01 02:49:00,1067.6135227045409,52.48942851232782,30.290923188890815,132.36763513958613,6.794279352679055,955.4794873393807,3203.154994057857,10.460696214140627
2023-01-01 02:50:00,1068.0136027205442,53.34479436107175,29.156811653861205,134.29366412520616,6.897426990914436,949.9437982083483,3195.1580989502268,10.428553880517015
2023-01-01 02:51:00,1068.4136827365473,52.896653435638925,30.03854337076996,133.54129498906565,6.815689641374048,946.3924412145934,3190.092494998192,10.450394409574498
2023-01-01 02:52:00,1068.8137627525505,54.465465407290665,28.389248283056308,133.64949717298765,6.657343122557892,944.4969952260215,3186.1985043714826,10.412373168050761
2023-01-01 02:53:00,1069.2138427685536,54.10791338259295,28.567987299355217,134.61565024313506,6.319509189296271,943.9767177901999,3154.705022756228,10.418624545913001
2023-01-01 02:54:00,1069.613922784557,53.97973644464002,29.050234474021085,134.01282904218775,6.681393569082987,944.2575327734335,3184.953598812816,10.440480623803339
2023-01-01 02:55:00,1070.01400280056,54.1560399003766,28.56778951172728,134.95097508201107,6.733682240431412,946.3915884776352,3161.4541886082743,10.415524592042921
2023-01-01 02:56:00,1070.4140828165632,54.73300146352331,28.565370844866866,133.87877579331987,6.629946650088439,941.6596191126805,3159.8544197517076,10.418316059933309
2023-01-01 02:57:00,1070.8141628325666,53.91847289088324,28.741152096506326,134.37365219638735,6.556986570439906,941.3764942863047,3170.158834065377,10.41449678498662
2023-01-01 02:58:00,1071.2142428485697,54.734755625650564,28.657547717033424,133.94119555872118,6.643917685867655,943.6860112171594,3161.8197956989393,10.424979382252939
2023-01-01 02:59:00,1071.6143228645728,56.771343619193644,26.68262174802064,135.6502399086372,6.466799745175651,928.7215272264968,3112.9376620002877,10.35851526681524
2023-01-01 03:00:00,1072.0144028805762,55.49024025352208,28.495297446221496,135.16687525421105,6.464664338203276,934.371790596822,3143.8912313532073,10.388928820411104
2023-01-01 03:01:00,1072.4144828965793,55.44330977390779,27.4479241419643,135.35993479239954,6.385897158926952,938.3503125415226,3129.086216854267,10.370863243314309
2023-01-01 03:02:00,1072.8145629125825,52.4188726344014,29.54499066186372,133.39579992340396,6.9014898739713075,948.8392316782626,3189.3981152279703,10.458317170817882
2023-01-01 03:03:00,1073.2146429285858,52.86637763248651,29.506388479215115,132.74047847561414,6.913625695735054,946.9075092179705,3212.795003314342,10.466461132942944
2023-01-01 03:04:00,1073.614722944589,52.01359288394077,30.673440352149147,132.852953551637,7.070235492657761,947.2325840392974,3202.325388153672,10.471895827872741
2023-01-01 03:05:00,1074.014802960592,53.201816974409084,30.068927922779064,133.81356675479105,7.036334557244791,943.9442706688393,3193.7614801773902,10.4374836544701
2023-01-01 03:06:00,1074.4148829765954,54.71937306995803,28.715254381178003,134.59494331525786,6.7807565744716225,941.2763921759226,3173.9648296962005,10.41680296440456
2023-01-01 03:07:00,1074.8149629925986,53.31651776824484,29.082074311700687,133.8275338118424,6.797688886570933,941.4075724720375,3194.0155344987056,10.446184684047019
2023-01-01 03:08:00,1075.2150430086017,55.94409503503643,27.697359265757633,135.38132960939214,6.532085341388158,939.6246527956994,3125.910257537977,10.401106920088607
2023-01-01 03:09:00,1075.6151230246048,54.11992515530867,28.521925459288415,134.09743943680533,6.483525819512162,944.8243132924439,3162.868158961814,10.396841748009317
2023-01-01 03:10:00,1076.0152030406082,56.48650339911601,27.447314806516395,136.51882147773588,6.341171578969602,933.3826224491914,3137.5412204854492,10.37318718710914
2023-01-01 03:11:00,1076.4152830566113,53.42153024290696,29.170678468795792,134.04140870083586,6.660890967329168,950.1343610025662,3172.263844214652,10.433527572610359
2023-01-01 03:12:00,1076.8153630726144,55.41004660816654,28.087193246078566,134.33581283739096,6.464059767319676,938.427236270021,3167.4635085206455,10.402492313500181
2023-01-01 03:13:00,1077.2154430886178,54.0738611629722,29.552888930420785,132.43973531528195,6.938013983992187,949.0920351852568,3179.8036155010705,10.446626042570813
2023-01-01 03:14:00,1077.615523104621,54.46989628107491,28.41388914365484,135.1185285541974,6.74063650365116,946.7938023739085,3171.0024371412865,10.433457117350239
2023-01-01 03:15:00,1078.015603120624,54.06529649320897,29.038350357117356,133.60187687065897,6.530241536172175,943.3571835227309,3165.6363745235353,10.414233644581042
2023-01-01 03:16:00,1078.4156831366274,53.65998880957784,29.548424780993326,133.48668426081983,6.830408352831013,951.7695343097739,3203.3400812967857,10.442022945848377
2023-01-01 03:17:00,1078.8157631526306,54.03831679333823,29.625202013344154,133.3943130895448,6.653358024967839,947.9726012799077,3179.589954066999,10.420640075150294
2023-01-01 03:18:00,1079.2158431686337,54.79330163985484,28.724974562997563,134.99138193636864,6.584190744653134,939.0071962706768,3143.68790538146,10.38656428588273
2023-01-01 03:19:00,1079.6159231846368,53.59369592015377,29.327663285444174,133.71491229812,6.923409275088528,947.5713142941993,3196.629612935184,10.436597527372998
2023-01-01 03:20:00,1080.0160032006402,54.23867183249268,28.82080266963671,134.4713153220189,6.927913056919594,941.320728976097,3157.4902599424913,10.418327550873327
2023-01-01 03:21:00,1080.4160832166433,53.68000082079488,29.086992713348504,133.8525335398446,6.858432779467215,938.0360492145015,3175.900342691354,10.430111806391357
2023-01-01 03:22:00,1080.8161632326464,55.131851938699796,27.817225002451536,134.9464412120442,6.616672553421677,937.7340373711789,3145.702019020063,10.408984220077775
2023-01-01 03:23:00,1081.2162432486498,55.66572195871637,28.33515594685984,134.3864079217659,6.417147321537628,941.1774506954087,3156.4497854423807,10.395571285586785
2023-01-01 03:24:00,1081.616323264653,51.01790102113057,31.37248697864751,131.855453553444,7.08616207935853,953.9370943395601,3203.5813249792986,10.498870024535435
2023-01-01 03:25:00,1082.016403280656,53.96638645745474,29.084624903203085,134.31952091021193,6.657154566917198,945.9220850582632,3170.9871544086536,10.430277310496285
2023-01-01 03:26:00,1082.4164832966594,52.87004160299,29.64666400996827,133.31153107974365,7.127107092507382,948.6326216544519,3199.3027366520682,10.450299715084842
2023-01-01 03:27:00,1082.8165633126625,53.38592812746796,29.756778349784202,133.09302590337342,6.902606191747307,953.6100451072352,3190.668642339309,10.459632025835589
2023-01-01 03:28:00,1083.2166433286657,54.98880673004613,27.69394603562544,134.17150957321718,6.706247590206893,938.4770690235424,3154.7286487013625,10.417070749759667
2023-01-01 03:29:00,1083.616723344669,53.90440192884639,28.825303065903743,133.32978198831728,6.679623877918764,945.7898167429993,3177.6141585555315,10.427095323465606
2023-01-01 03:30:00,1084.0168033606722,53.567401333916806,29.152951971601624,134.32124371577055,6.8080225556985035,944.7334432677236,3197.6629984365895,10.440859609403592
2023-01-01 03:31:00,1084.4168833766753,54.44780701542131,28.615530196429035,134.3465717249896,6.703206935696472,939.801478015718,3153.622660346797,10.432095735652139
2023-01-01 03:32:00,1084.8169633926786,54.08877426383947,29.39376461587751,134.63954900667358,6.784323538524449,948.1943901217896,3190.489899233077,10.450771111838922
2023-01-01 03:33:00,1085.2170434086818,52.49112330417603,30.299521673079653,132.80897805948265,7.086922819306298,950.3528416879349,3218.575543860388,10.471180659957799
2023-01-01 03:34:00,1085.617123424685,55.91029960188436,28.311353092864834,135.014201322511,6.439661552241818,941.6813958243467,3164.755713124492,10.417091192573121
2023-01-01 03:35:00,1086.017203440688,55.029793109375554,29.02720216049654,133.92793560244257,6.4514155189576385,944.8733641304809,3164.3296482569262,10.416757855986795
2023-01-01 03:36:00,1086.4172834566914,54.58133903183014,29.005406978887475,135.078566659107,6.615857450331576,939.4607374077578,3173.224196013974,10.425153368980784
2023-01-01 03:37:00,1086.8173634726945,54.866367660155284,28.469941999618754,133.26919736972354,6.729980756183972,947.2001747991995,3170.794901873024,10.428062344457464
2023-01-01 03:38:00,1087.2174434886977,55.36490488114772,28.494521321153602,134.95668659647583,6.503312451421221,938.5231519737642,3171.0310151499507,10.404687367803026
2023-01-01 03:39:00,1087.617523504701,55.975005753773104,27.834998666902443,134.98070035229253,6.748825143828436,938.2933729165807,3143.6464895822655,10.415947825849674
2023-01-01 03:40:00,1088.0176035207041,56.244418981455404,27.798561625402407,135.97534378564777,6.4465124923841195,936.5689638832337,3136.8167428394167,10.402003068189025
2023-01-01 03:41:00,1088.4176835367073,55.10907605057032,28.820977301733777,134.5069162375457,6.600378757390204,943.1406856494009,3166.020414493461,10.402346209277969
2023-01-01 03:42:00,1088.8177635527106,55.536651493272316,27.79156166380608,135.08175309785676,6.386256807093452,941.3364436601886,3154.7954245475244,10.404811188480078
2023-01-01 03:43:00,1089.2178435687138,55.2487175827859,28.050873951695554,133.68697772472066,6.638096134136053,943.5872262575576,3164.278579080436,10.407222396612516
2023-01-01 03:44:00,1089.617923584717,54.34908807244726,28.56114099191402,133.50797696059863,6.720780916547243,941.0960345817577,3160.29505515237,10.424091450309206
2023-01-01 03:45:00,1090.0180036007202,53.642758498782875,29.87620571436093,133.70453522584316,6.840558643733417,950.2265300531192,3185.370624581948,10.45525986097987
2023-01-01 03:46:00,1090.4180836167234,53.85827913579763,29.62404422585947,134.5468894229048,6.752905196399959,948.5324933339922,3177.145071097575,10.436157760660414
2023-01-01 03:47:00,1090.8181636327265,54.82622365792597,28.612057765806252,134.3480031398286,6.6969579634419665,942.8595837894724,3160.2325451876063,10.435706191903778
2023-01-01 03:48:00,1091.2182436487296,56.46067152052898,27.732359077939133,135.23956415881963,6.343206573471277,933.5233389585437,3133.64454944106,10.396472676054666
2023-01-01 03:49:00,1091.618323664733,53.260176036134084,30.029326915075117,133.20728882578334,7.06592289976291,950.3310033421437,3216.5263087833664,10.45423851711888
2023-01-01 03:50:00,1092.0184036807361,55.17673946839981,27.948501494311405,134.72423651696454,6.550056022099861,945.6133909871356,3158.3334933000583,10.390213872986603
2023-01-01 03:51:00,1092.4184836967393,53.24131877169719,29.35594388525754,133.53240788351007,7.062439885799781,955.6958491986509,3192.726421099249,10.442400105462136
2023-01-01 03:52:00,1092.8185637127426,52.8475410051695,30.646442014105844,131.96980943772374,6.931638603581282,948.465702914841,3212.181977728543,10.470469285851511
2023-01-01 03:53:00,1093.2186437287457,54.47454176489604,29.160912781663477,133.85434271839185,6.866629120799132,948.2257770583939,3186.8717488629622,10.443076165458368
2023-01-01 03:54:00,1093.6187237447489,53.14446418454035,29.245568046348343,132.82818098932992,6.879589884528293,950.821313218283,3215.5058002183646,10.437231603590032
2023-01-01 03:55:00,1094.0188037607522,53.81257974555981,29.775109311411704,133.9826381142312,6.84914096778726,953.5388133903768,3203.343477998651,10.433200308212733
2023-01-01 03:56:00,1094.4188837767554,54.81409991123739,28.866365630786756,133.60467028400836,6.624633026785944,945.4475172540323,3159.516450217854,10.421007573365847
2023-01-01 03:57:00,1094.8189637927585,56.45172878189301,27.473274830130137,135.41784839077906,6.452139018256684,937.4621432639829,3148.6937774628277,10.380807983444573
2023-01-01 03:58:00,1095.2190438087619,54.98061341604187,27.905712119622958,135.0643542557762,6.604365862688946,940.3016533546785,3147.9074585749513,10.407785443153802
2023-01-01 03:59:00,1095.619123824765,53.480568661532516,28.649989160983154,133.17787326579514,6.93040767003458,943.915435813892,3174.5054722517643,10.44732193552101
2023-01-01 04:00:00,1096.0192038407681,53.536072254697764,29.618171117172587,132.79522733017112,6.956419265752157,948.7860863976119,3193.2706725813073,10.44862118099232
2023-01-01 04:01:00,1096.4192838567715,53.93709403311064,28.961063777372516,135.17107336710234,6.664233597969058,946.6974003462418,3163.4936118266855,10.426642724825369
2023-01-01 04:02:00,1096.8193638727746,53.18094236829421,29.661103124028845,133.59662849329325,6.862924030866966,947.4143450893185,3212.8242626215174,10.464735163432032
2023-01-01 04:03:00,1097.2194438887777,53.26192816103035,29.855535890036283,132.982646260999,7.005736980029438,956.3668595189587,3202.459938134486,10.45614815469626
2023-01-01 04:04:00,1097.6195239047809,53.141173759172624,30.092391470698225,133.11862943539862,7.1261151834281,953.6522889403368,3187.791059169897,10.477440322804334
2023-01-01 04:05:00,1098.0196039207842,54.1095878709844,29.193793365280147,132.96455364412162,6.795120098667878,942.22970959123,3173.0812161283548,10.4253390820789
2023-01-01 04:06:00,1098.4196839367874,53.89026183749511,30.229146575285363,133.5094960178399,6.993306397064308,951.328717719949,3200.101497181775,10.449593610806703
2023-01-01 04:07:00,1098.8197639527905,55.40699173533045,28.610787559016373,135.41164330884308,6.652172725313973,941.606111154828,3147.8840848497894,10.409529611135618
2023-01-01 04:08:00,1099.2198439687938,54.25293992433442,28.6962853843009,133.61664232814545,6.558429639611881,951.607064414048,3183.002032874368,10.449471287433054
2023-01-01 04:09:00,1099.619923984797,54.848536622191574,28.695208968784712,134.60993064986965,6.827518346074327,942.8549959516718,3175.833073496432,10.439946336152083
2023-01-01 04:10:00,1100.0200040008,53.96013463601712,28.93137911886258,133.10125121862427,6.8420099112933,949.3509088969158,3205.6266487632697,10.44793507808023
2023-01-01 04:11:00,1100.4200840168035,57.53868659529956,26.714763168451903,136.44787641479243,6.322338780982724,929.3854511416747,3117.5608731820084,10.346259836263286
2023-01-01 04:12:00,1100.8201640328066,52.3291136803227,29.83176772102899,132.18287456308596,7.130486773948142,954.6212832351778,3208.068559337329,10.475860739209068
2023-01-01 04:13:00,1101.2202440488097,54.042619092060406,29.704211216075876,133.66304223937823,7.0172404199053275,951.9130859295221,3175.97218699929,10.454601604087278
2023-01-01 04:14:00,1101.6203240648128,52.84192093058869,30.60020871859692,132.82833714983246,6.969469668367011,948.9879906529954,3197.0021096451624,10.460429285421633
2023-01-01 04:15:00,1102.0204040808162,53.20754708016905,30.31634099364682,132.74951945302792,6.916272365325149,952.9909219903462,3201.262280724347,10.464252247209838
2023-01-01 04:16:00,1102.4204840968193,53.756618101078075,29.59148984606779,132.90994181544323,6.827606039637437,954.827372952169,3191.968530676224,10.453546928836769
2023-01-01 04:17:00,1102.8205641128225,50.97985230969435,31.71778775736802,131.9493498232828,7.173706050676387,961.0636393634376,3249.641418516255,10.498027443538241
2023-01-01 04:18:00,1103.2206441288258,53.87169916093583,29.437428612447523,133.1104320385747,6.857960376230261,953.8834320942372,3194.981419890933,10.442282327410142
2023-01-01 04:19:00,1103.620724144829,55.95908358228435,27.50564501983881,135.77661343087928,6.359446774276108,939.7882164781464,3140.2110081781143,10.408308543750525
2023-01-01 04:20:00,1104.020804160832,53.88064411513219,29.623378771783862,133.6063693989356,6.8321458940076445,944.7809646017251,3205.371437709473,10.443354662985064
2023-01-01 04:21:00,1104.4208841768354,53.51504727956625,30.017824985968513,132.97133018111924,6.683631194217156,945.5644134173789,3196.7191513942244,10.45153638827836
2023-01-01 04:22:00,1104.8209641928386,54.03181645442092,28.825059908484302,133.89955027143827,7.061944561079368,947.6475558942351,3197.02907992852,10.457664305103703
2023-01-01 04:23:00,1105.2210442088417,52.40929075772792,31.231080143968736,131.88664972821434,7.104849912180064,954.7888026467065,3242.814502406134,10.494155482562487
2023-01-01 04:24:00,1105.621124224845,54.14488551126292,29.16681708582422,133.83199313709304,6.81584767900621,954.7890768187723,3201.280013718607,10.458629102597575
2023-01-01 04:25:00,1106.0212042408482,54.27393876116932,28.093708706022802,134.3495510539282,6.708199935105842,950.1154493559909,3173.3400944867776,10.440090074838592
2023-01-01 04:26:00,1106.4212842568513,54.46656772764076,29.61698193686323,132.3258456502979,6.956577776324534,952.071261915792,3201.6851520422138,10.44483607230247
2023-01-01 04:27:00,1106.8213642728547,52.672371484751224,29.840755849541154,133.13443430558604,6.764959748387839,954.4769134062155,3206.9356345225674,10.466183725622143
2023-01-01 04:28:00,1107.2214442888578,55.47527019110971,28.677304558759143,134.42087546585697,6.5510996081254556,940.5585552776063,3165.1514625676396,10.40847292395085
2023-01-01 04:29:00,1107.621524304861,54.5419499796019,29.124591226593036,134.2597684147735,6.862675306838932,947.4681493371857,3161.2934885193304,10.425178489416055
2023-01-01 04:30:00,1108.021604320864,54.89739602957775,29.190565202005867,134.0098369746931,6.825341651805508,942.1308658265325,3172.1924002114547,10.424924202594271
2023-01-01 04:31:00,1108.4216843368674,53.27925099866784,30.051104219052657,133.42730756027711,6.747701438156993,946.4759228605363,3194.41599603667,10.449650637404938
2023-01-01 04:32:00,1108.8217643528706,54.881779849136585,29.410572292201977,133.5160976401057,6.94479648100602,953.2945586054107,3194.77408428088,10.453181659336655
2023-01-01 04:33:00,1109.2218443688737,52.34479187185781,30.955310605813043,133.5962270007192,7.192140361097209,957.5076226041837,3221.5283090806133,10.481738220883026
2023-01-01 04:34:00,1109.621924384877,53.889983212384514,29.453077459390382,133.30906090380785,6.842469505543926,953.5322925283458,3225.9972528524318,10.460070924240956
2023-01-01 04:35:00,1110.0220044008802,54.70017173756688,29.25377386119525,133.15027666888008,6.708746809955711,938.2474396686854,3183.6110440204716,10.420022787032254
2023-01-01 04:36:00,1110.4220844168833,53.29928650564897,30.61410718741987,131.48160815210935,6.92888911898679,954.7616848048316,3226.189817201795,10.475459954222039
2023-01-01 04:37:00,1110.8221644328867,52.32695930353057,30.50835423995133,132.6230919172401,7.1430671957711835,953.5685532205937,3204.7111569273493,10.464034757473275
2023-01-01 04:38:00,1111.2222444488898,53.58795525778503,29.177176863912134,133.43387277343953,6.931399856567736,950.7277172977822,3183.556091140675,10.434855852391555
2023-01-01 04:39:00,1111.622324464893,54.88933550431537,29.481949881703006,134.02490824868522,6.793533494642129,951.6626751173771,3195.4245092750916,10.443733698083337
2023-01-01 04:40:00,1112.0224044808963,52.97728338465102,30.08312177504703,132.9675558802677,6.974769328222752,955.4512947203319,3207.5702456884237,10.465281452879662
2023-01-01 04:41:00,1112.4224844968994,54.661943178825,28.622664266896436,133.91629266696782,6.817863860162795,947.801245681279,3182.5875416926274,10.430529513094553
2023-01-01 04:42:00,1112.8225645129025,53.643894424113995,30.905952243081234,132.00592100345887,7.026327518143748,959.0129465507233,3215.9969142862665,10.479119640771959
2023-01-01 04:43:00,1113.2226445289057,55.0930325166923,28.672632895543888,134.41951248967226,6.481325264414763,942.6706687194114,3166.1093956290238,10.42389601185544
2023-01-01 04:44:00,1113.622724544909,53.64684869157078,30.049590253598044,132.92424525580722,7.076206293602529,951.7500821642493,3195.147645064742,10.456377242613666
2023-01-01 04:45:00,1114.0228045609122,54.64497008950757,29.531592790394967,132.94229198852952,6.964985991105245,954.5161768123072,3214.230514842922,10.4487042483045
2023-01-01 04:46:00,1114.4228845769153,54.90344385303759,29.32732986082798,133.36380225348734,6.822064988487572,947.1267061347231,3171.1717499133288,10.435755797320992
2023-01-01 04:47:00,1114.8229645929187,53.864999428246165,30.19210049450872,133.48808925717583,7.146680648311372,957.5136075130736,3207.724939278566,10.468766806207954
2023-01-01 04:48:00,1115.2230446089218,53.365884868389415,30.865221020002224,132.73855256209131,7.038338966312521,953.4917173249963,3220.4148040606387,10.487287349194936
2023-01-01 04:49:00,1115.623124624925,53.60713092825013,30.456904726531363,132.91421322838048,6.954793692140275,951.4264675814021,3179.961920485338,10.460591896211353
2023-01-01 04:50:00,1116.0232046409283,53.47754839078896,30.980125430517614,132.23778429978282,6.969311581679484,957.6903816983222,3231.9162787114756,10.500985596352676
2023-01-01 04:51:00,1116.4232846569314,55.029013428651254,29.181707477047034,133.89947140013496,6.652059188526381,950.442092753127,3191.183716309564,10.428736552737439
2023-01-01 04:52:00,1116.8233646729345,56.3631528443791,27.94350800637446,135.02776585203148,6.394994639191441,940.426815636027,3138.0717868956044,10.404178499482258
2023-01-01 04:53:00,1117.223444688938,54.8015881195647,29.22515372933482,132.9200073446354,6.839125772640046,944.0679530326711,3184.264858118697,10.43059027029715
2023-01-01 04:54:00,1117.623524704941,53.66821729335925,30.331554212871662,132.49509819150083,7.037993762342137,951.5112923676655,3224.6954734155615,10.468283960942951
2023-01-01 04:55:00,1118.0236047209441,55.580218912888434,28.19812617620236,133.52210165151214,6.708100449281376,941.4832025930978,3161.8644676650374,10.39463796915794
2023-01-01 04:56:00,1118.4236847369475,52.17970721013422,31.818877578668037,131.2935609981922,7.126305714219245,962.9730689358727,3258.5065513589484,10.515630548063664
2023-01-01 04:57:00,1118.8237647529506,54.72234771016458,29.71065623302538,133.95001267758832,6.911724511616293,948.0781381084633,3212.70202383005,10.46278130081689
2023-01-01 04:58:00,1119.2238447689538,54.661822894912056,29.266118214277224,133.07838452373656,6.9480104973713335,948.7997454060979,3175.600734847878,10.435339464364768
2023-01-01 04:59:00,1119.623924784957,54.975904355124776,29.67030501643184,133.16737810055395,6.89372010120068,951.1614795498818,3201.6777399374,10.436267030325377
2023-01-01 05:00:00,1120.0240048009603,53.04315381749927,30.777906840383235,132.24883233443165,7.162637596981981,954.0305972375049,3208.4298973164464,10.500689405500665
2023-01-01 05:01:00,1120.4240848169634,54.51770638537658,29.84555686439208,132.66906977984033,7.117592744407625,944.6657135969239,3192.5216549865904,10.448657534097903
2023-01-01 05:02:00,1120.8241648329665,54.61090541032938,29.294109799135843,133.37335477086754,6.9398466039260605,949.6725809032283,3188.028292426747,10.437182546005474
2023-01-01 05:03:00,1121.2242448489699,55.8408548150608,28.82746134976568,133.4673797511966,6.546368253084918,940.0125698385948,3174.7160488378768,10.43379556802873
2023-01-01 05:04:00,1121.624324864973,53.7259334855931,30.043939382355084,132.42735431331675,6.921377476408669,954.7222899879969,3197.2051047147634,10.452864556561167
2023-01-01 05:05:00,1122.0244048809761,56.07396527348955,28.72031786815111,134.56276822328476,6.648472962638833,949.5067232471425,3169.8052295542375,10.408326261452121
2023-01-01 05:06:00,1122.4244848969795,52.764220508074416,29.94438646569037,133.0158872112485,6.965410033535531,952.772218640401,3193.3919105027144,10.472112047506338
2023-01-01 05:07:00,1122.8245649129826,52.81072044136564,30.65735478003357,132.03840194731202,7.2373249556918955,954.7763854264543,3215.774151381183,10.496839530602726
2023-01-01 05:08:00,1123.2246449289858,53.36731849105091,29.79147782447039,133.30950188953952,7.009679824531688,958.3299237245147,3223.6954330881517,10.468227713077223
2023-01-01 05:09:00,1123.6247249449889,54.22462119788701,29.008101036321175,134.03516662372945,6.781258200443604,946.9428528055604,3177.4952401115142,10.425629158620021
2023-01-01 05:10:00,1124.0248049609922,54.648418934841224,29.749808482984342,134.16326354588392,7.002944850713251,951.4216837562957,3201.267588382124,10.46395590557016
2023-01-01 05:11:00,1124.4248849769954,53.84109662311407,29.958830157953567,132.8508430850965,6.811945998530854,954.1886731021856,3222.078134038539,10.439203009816225
2023-01-01 05:12:00,1124.8249649929985,53.31418036230601,29.47663584204866,132.41018388106573,6.996351057768542,949.6392424172005,3204.894984548014,10.466845676421261
2023-01-01 05:13:00,1125.2250450090019,53.588121881826424,30.75331030072681,132.30978574296284,6.999246255404878,959.6958719831598,3232.6591411700124,10.464477596353762
2023-01-01 05:14:00,1125.625125025005,54.803518989870575,29.576408149640415,134.16728807333178,6.976357275721272,954.1460083392026,3185.5376324927115,10.451551517618181
2023-01-01 05:15:00,1126.0252050410081,53.66126999138614,29.854010403644516,132.15868557516828,6.970442348566546,960.3819711621272,3206.502646151239,10.473258354445255
2023-01-01 05:16:00,1126.4252850570115,53.98079910067955,29.807145278454023,133.72680398984332,6.919152957517731,951.6431586908327,3197.4858988656983,10.441175718606042
2023-01-01 05:17:00,1126.8253650730146,54.593336779294646,29.386370523893476,133.34909819858896,6.69155084478148,945.6247833315216,3169.9829364410616,10.42951391134588
2023-01-01 05:18:00,1127.2254450890177,51.778272577670556,30.724074335537424,131.36158025271067,7.050673144707504,956.4965398855323,3237.5109844054205,10.49923463968808
2023-01-01 05:19:00,1127.625525105021,53.895450027973006,30.20054436344225,132.7539965103671,6.968513845137698,952.0309354115757,3204.66676037711,10.4586862090664
2023-01-01 05:20:00,1128.0256051210242,53.422516465034725,31.057635446161495,131.41898445996904,7.046632836400835,958.5220715369089,3234.938866173131,10.495332845735108
2023-01-01 05:21:00,1128.4256851370274,54.41065682564164,29.74037837751545,133.57272295145927,7.043373183982116,954.387692500653,3195.3230131146884,10.454492613479346
2023-01-01 05:22:00,1128.8257651530307,51.662768604269615,31.23149836803422,132.1523503735005,7.329311102628335,960.2469104808912,3226.813866673295,10.507275432478464
2023-01-01 05:23:00,1129.2258451690338,55.1389248698714,29.121081848349025,134.28352593208743,6.825535265457168,944.6383492205433,3174.6697627266435,10.445745413081701
2023-01-01 05:24:00,1129.625925185037,53.509239978548344,30.878216084343755,132.10774479919795,7.101254205656988,951.5723654615063,3213.462613536556,10.501568921296329
2023-01-01 05:25:00,1130.0260052010403,54.115949986440086,30.98191905364208,131.950780350243,6.99770671743606,953.1531101516969,3210.7360736614028,10.47385361600604
2023-01-01 05:26:00,1130.4260852170435,54.77116353863416,29.82856416499104,133.39297952778324,6.625649052043995,947.6189884679612,3194.1789836808834,10.452996759451699
2023-01-01 05:27:00,1130.8261652330466,53.9360345008538,30.242971835793945,133.06897160606766,7.0254314392983925,951.8962267712229,3208.564908226182,10.45199347019597
2023-01-01 05:28:00,1131.2262452490497,53.97185776525956,30.63313337917894,132.6754999957502,6.879508551462615,952.6819309925718,3201.3277456806363,10.444485675922849
2023-01-01 05:29:00,1131.626325265053,53.499679404282645,30.95383987881946,132.97579421053757,7.11406667332201,955.969224798145,3204.955467521972,10.477176128354381
2023-01-01 05:30:00,1132.0264052810562,53.625805543878684,30.06250297372579,132.40295953643343,6.931778204439052,951.844805214662,3230.9203983277266,10.490308325612087
2023-01-01 05:31:00,1132.4264852970593,55.25042310528973,29.577617024934344,133.3211254226711,6.86032355192335,945.9860731693037,3186.9717278558533,10.43885556964062
2023-01-01 05:32:00,1132.8265653130627,53.85010021205159,30.34786313658534,133.17501399331465,7.020549007098368,957.8771480440381,3208.6988211374546,10.476673898214177
2023-01-01 05:33:00,1133.2266453290658,53.971204925737865,29.861097704372646,133.36215157288632,6.817287957596605,951.2996781438345,3204.559864796306,10.460106647484167
2023-01-01 05:34:00,1133.626725345069,53.325821178006734,30.43267823573861,133.00615977579977,7.229400133568748,958.147453776178,3209.731441410621,10.483860024612513
2023-01-01 05:35:00,1134.026805361072,54.942716009950516,29.67430969049615,133.54292311013594,6.852680953456675,948.8656975878637,3208.705432002738,10.445156721510305
2023-01-01 05:36:00,1134.4268853770755,53.332072830349496,30.61589557093036,131.97869483516416,6.979279441361886,954.5056181692544,3212.6912671524683,10.486120094236405
2023-01-01 05:37:00,1134.8269653930786,54.826874536802954,30.19701382456389,131.85200128722994,7.00496526860355,953.8752992486924,3198.2693527829806,10.455816227000291
2023-01-01 05:38:00,1135.2270454090817,54.875822566032745,29.272699432509523,132.1903174848645,6.8671400980665585,949.7729719514081,3206.8140535554944,10.450617349985711
2023-01-01 05:39:00,1135.627125425085,56.16556515650693,28.466810073544124,133.8651782740884,6.666004175755323,947.5410812663102,3179.6930932164564,10.409498901029535
2023-01-01 05:40:00,1136.0272054410882,53.14387427856896,30.90861831397575,132.81337959149442,7.270536620787737,958.3996327883428,3225.760192484924,10.493148689409084
2023-01-01 05:41:00,1136.4272854570913,51.65665332548457,32.13101376237202,131.4392494676435,7.443842557181893,963.1799831678094,3250.960174439983,10.528902777003418
2023-01-01 05:42:00,1136.8273654730947,54.001169082378084,30.47453414882958,132.35638687691966,7.0907856050221785,950.8061982962896,3221.089832441563,10.475302744457425
2023-01-01 05:43:00,1137.2274454890978,53.22809804911116,30.907426235923705,132.36182690644137,7.148498294507657,960.0978471385882,3239.69870971716,10.482616272117857
2023-01-01 05:44:00,1137.627525505101,54.0210924147639,30.922013529113933,131.46451098977073,7.050671571990925,954.7434121874746,3237.6577048490203,10.493025242673362
2023-01-01 05:45:00,1138.0276055211043,55.79146835608162,28.25836956917864,134.8854971539152,6.626267948495828,943.4146480256379,3175.032369293347,10.414887051458166
2023-01-01 05:46:00,1138.4276855371074,53.93321317052828,31.177583110147026,132.31137095007588,6.815754022671164,953.2412646260212,3238.906871785546,10.485527151453452
2023-01-01 05:47:00,1138.8277655531106,54.53649289129273,30.04899761033319,133.39990795144067,6.983963823601072,946.0614856689173,3202.7869965328896,10.448348563969576
2023-01-01 05:48:00,1139.227845569114,53.743534925621574,30.411908900548617,132.9943145802119,7.052042633913195,953.3264442885877,3212.6565551003287,10.455840654811174
2023-01-01 05:49:00,1139.627925585117,52.60664587196925,30.813854051736588,132.098964807546,7.030287777648535,951.9909043470475,3245.8590710930775,10.493807084056632
2023-01-01 05:50:00,1140.0280056011202,56.19861580643798,28.913642509141884,133.30964902093532,6.7741112225062,948.2253090748252,3195.1825768969716,10.439350885075596
2023-01-01 05:51:00,1140.4280856171235,53.96725609410087,30.242620741423984,132.6172149789046,6.653529613595428,954.1363224638574,3219.599138374266,10.470551637932477
2023-01-01 05:52:00,1140.8281656331267,54.53385284576588,30.080016895147534,133.34222707615177,7.186995918007122,952.4100356074528,3207.4670861426234,10.467474359334693
2023-01-01 05:53:00,1141.2282456491298,54.66990833330458,30.12324430967715,133.21102944863836,6.885438294346127,948.2176755109691,3212.109274284958,10.472793332320187
2023-01-01 05:54:00,1141.628325665133,53.79034809634265,30.181726832855993,132.0439251273126,6.971890099581245,955.7294617704013,3225.0428522066777,10.4751699474661
2023-01-01 05:55:00,1142.0284056811363,54.39644648131953,30.077735698733342,132.7089040197378,7.111656737868141,943.3463762008672,3216.726873341887,10.475302575285168
2023-01-01 05:56:00,1142.4284856971394,54.15019148381544,30.401752992828758,132.40833962606663,6.994844199441928,952.033112179318,3196.6764117991397,10.438683257681918
2023-01-01 05:57:00,1142.8285657131426,52.90179519246654,30.93552911572666,131.16313205132096,7.041249079340402,962.567590329978,3225.421231428192,10.48571612326365
2023-01-01 05:58:00,1143.228645729146,55.29805982155641,29.527474591707676,133.43519639029364,6.776475772899314,948.2265484099486,3187.222099461913,10.448217974139183
2023-01-01 05:59:00,1143.628725745149,54.158538527387186,30.424320598814003,132.27594302002515,7.122490361262885,953.7014730941551,3230.122947043416,10.470848466295346
2023-01-01 06:00:00,1144.0288057611522,55.119450641111214,30.043156808799175,132.30818852744483,6.869425362374561,948.6095786311629,3201.1709448771244,10.459886735279724
2023-01-01 06:01:00,1144.4288857771555,53.33886378238044,31.039457364329145,132.29017912763314,7.262653591565376,965.8273211862576,3226.4956834757286,10.490637264488047
2023-01-01 06:02:00,1144.8289657931587,54.545844380012355,30.884359811672624,131.69789862436394,7.011222406181523,955.9483937196769,3223.442651627098,10.478059820805813
2023-01-01 06:03:00,1145.2290458091618,54.350293902421704,30.703301890115895,132.50805680868385,7.09653905691538,953.817396440072,3217.5231712366044,10.468047818148387
2023-01-01 06:04:00,1145.629125825165,52.74314624541868,32.236640255227485,131.47703586281645,7.162471493204597,960.293089199248,3257.715431509008,10.511932190530835
2023-01-01 06:05:00,1146.0292058411683,55.584787470473266,29.680487694892296,134.1851279076269,6.834131821596389,947.276464774293,3200.075225298488,10.440416649288178
2023-01-01 06:06:00,1146.4292858571714,51.71053978244845,32.18623519913966,131.14681029133854,7.236220786003691,956.7166524259699,3260.729917638862,10.520932357435598
2023-01-01 06:07:00,1146.8293658731745,56.3364237496399,28.933703702903152,133.83318503016562,6.799919936849882,944.1248678113611,3190.9530175077607,10.423390724224316
2023-01-01 06:08:00,1147.229445889178,53.33057220944852,30.892168996540907,131.64038622436556,7.2460203766521065,956.4272612040467,3253.663362325319,10.486991609146727
2023-01-01 06:09:00,1147.629525905181,54.307436162050465,29.822664777427523,132.33603748679397,7.112183253830411,948.7668364385154,3204.465582967261,10.469993129511606
2023-01-01 06:10:00,1148.0296059211842,54.03550400399766,30.664209541243988,131.53427985816182,7.103228107322904,949.5737220294601,3245.404374183361,10.50298219079685
2023-01-01 06:11:00,1148.4296859371875,54.13692362847545,30.423480134688816,132.59927020398428,6.926690903899513,954.3143457979935,3205.1540707477266,10.470636187771728
2023-01-01 06:12:00,1148.8297659531906,53.559116975736885,31.146110758001242,132.5237140948891,7.268560719711887,957.8688003042382,3243.54240944788,10.482265169687494
2023-01-01 06:13:00,1149.2298459691938,57.3353963553576,29.032003769604955,134.24444552151027,6.655844996234783,948.4874702102982,3160.2069866531456,10.4348897443664
2023-01-01 06:14:00,1149.6299259851971,53.5393222098642,30.530085525942745,132.20464864469872,6.981042221179327,954.2647673707753,3213.533531454974,10.479365256056095
2023-01-01 06:15:00,1150.0300060012003,56.23588767096273,29.227136976455256,133.81572116436232,6.70384511422957,941.4293078585589,3182.6978299626585,10.43158169762708
2023-01-01 06:16:00,1150.4300860172034,55.01257187368086,30.121937614325997,133.8574968108905,6.929028456238436,955.2984901556521,3183.217116116322,10.45566453500239
2023-01-01 06:17:00,1150.8301660332068,55.02858852785744,30.245307282481445,132.6727405585973,7.044610538446491,955.3105272199573,3183.770646014485,10.451820410797263
2023-01-01 06:18:00,1151.2302460492099,54.40311738905951,30.42017002680296,132.76137247601048,6.929147844768275,950.2476061405172,3207.2981061712203,10.481267136629352
2023-01-01 06:19:00,1151.630326065213,53.05491726527924,30.703464192839608,131.34268926538115,7.384910356270698,961.8454460084272,3255.930537073033,10.514088212318716
2023-01-01 06:20:00,1152.0304060812164,54.085978299090975,30.54908804948109,132.23637376727595,7.10253560079179,960.9852092303341,3223.98291420363,10.48924723140197
2023-01-01 06:21:00,1152.4304860972195,55.04029269906344,30.006799039347417,133.63360141482974,6.986894753262027,954.7636169456987,3204.10609593184,10.461505935164979
2023-01-01 06:22:00,1152.8305661132226,54.63380181248239,30.978024723738045,133.22067714323882,7.013684767119236,958.3944378890641,3199.3206132359032,10.473350662147963
2023-01-01 06:23:00,1153.2306461292258,54.2433138491228,30.680058094626943,132.69231105857924,7.077798359102731,954.2037851999119,3214.399341147436,10.491904004258727
2023-01-01 06:24:00,1153.6307261452291,56.682540914088115,29.298090373625,134.13726970095462,6.726749386892609,948.1702292112961,3192.526080856461,10.441617637166278
2023-01-01 06:25:00,1154.0308061612322,53.412311833916604,31.1309026888534,131.9732334496938,7.242050949071855,957.0375063321933,3226.518920931096,10.477543682939666
2023-01-01 06:26:00,1154.4308861772354,54.157551182784765,30.987394000765867,131.58630979996397,7.164381421805639,954.1966884189046,3242.365235338173,10.492105730403079
2023-01-01 06:27:00,1154.8309661932387,55.91047900325485,30.11792385857803,132.9642504876193,6.733916519066115,947.460169152927,3189.1093240764853,10.454111820041973
2023-01-01 06:28:00,1155.2310462092419,55.00283466126312,29.118922038316786,134.29760752698837,7.067663115894556,952.2724655043102,3197.2946183969293,10.46667508007564
2023-01-01 06:29:00,1155.631126225245,54.76042875114563,30.298032273728186,132.6577795110556,6.849805796692852,952.7802521809339,3235.4868381750325,10.47148061233462
2023-01-01 06:30:00,1156.0312062412481,54.11028023104851,30.346495164883954,132.48001674932416,7.12024728907655,952.5372624861986,3203.4896483652924,10.464037579646947
2023-01-01 06:31:00,1156.4312862572515,53.60303687185502,30.53903247172094,131.9567466148631,7.075604380501217,956.3801689805579,3220.711870399444,10.48556621384814
2023-01-01 06:32:00,1156.8313662732546,51.93240724557609,31.831921830346836,130.75615003448192,7.445925848717657,966.7105900243355,3258.517564374061,10.5057042081103
2023-01-01 06:33:00,1157.2314462892577,54.33594125239108,30.963883316284033,131.42716557174506,7.167539785296496,958.9236711274582,3213.6492482972167,10.478911042670813
2023-01-01 06:34:00,1157.631526305261,54.01715835884176,30.999434810013554,130.78622177639642,7.129431272770376,951.9094960592638,3236.892877210117,10.495206381235509
2023-01-01 06:35:00,1158.0316063212642,53.115210659475245,31.728369602234416,131.1644626139565,7.158673285845424,967.4432609915954,3224.160015546708,10.511069805116506
2023-01-01 06:36:00,1158.4316863372674,53.53820430910377,31.64835378334422,131.7040716605663,7.151488291061024,961.5786025557634,3233.2148680280293,10.501521880095353
2023-01-01 06:37:00,1158.8317663532707,55.05295005413014,30.720458163182418,132.8384083934922,6.979929802171162,952.7280342409524,3229.4489703103677,10.466890471448483
2023-01-01 06:38:00,1159.2318463692739,53.637041077323104,31.349723560222575,131.5993860832783,7.233531269022813,958.7681062973643,3242.155553377755,10.507166540804226
2023-01-01 06:39:00,1159.631926385277,53.8345901814359,30.773692607123618,132.2450887149965,7.11919754999389,956.107910153156,3224.744592494768,10.484797460226487
2023-01-01 06:40:00,1160.0320064012803,54.588411498310194,31.083443270664194,131.56454459836786,7.036752040995112,953.4759046544274,3222.6380464932704,10.49122886762673
2023-01-01 06:41:00,1160.4320864172835,55.92848927325852,29.297792906270406,132.65803898476054,6.698921032893596,947.5221148828542,3188.7404438052986,10.455278411635474
2023-01-01 06:42:00,1160.8321664332866,54.78760524802807,30.431242519079053,132.57850607946094,7.020989221730445,952.1181767751483,3216.3362020031473,10.480319293033965
2023-01-01 06:43:00,1161.23224644929,54.86914236783331,29.99252863243256,132.96353122418193,7.003650106472937,956.5383938078947,3216.9654291039765,10.461634370572167
2023-01-01 06:44:00,1161.632326465293,53.75794799499591,31.341491924255504,131.68441690478264,7.249459763478081,957.2227710740278,3257.957189826955,10.526005058208195
2023-01-01 06:45:00,1162.0324064812962,55.078912058193595,30.52412008994509,133.46225450706615,7.001623835444471,950.5317110199637,3208.499835758776,10.468548213353948
2023-01-01 06:46:00,1162.4324864972996,53.39658093880725,30.951558186343522,132.78870408146958,7.099823411206899,953.7769118363645,3233.558060891614,10.490279992246201
2023-01-01 06:47:00,1162.8325665133027,51.896183375183824,32.69885109288491,130.80411967388306,7.581863673005217,971.8012850506889,3276.191150784404,10.524213058831874
2023-01-01 06:48:00,1163.2326465293058,53.63496760113947,31.355087921857,131.32168690720823,7.272573082200545,962.1756338320142,3228.019226097644,10.513735468299776
2023-01-01 06:49:00,1163.632726545309,53.21234936485528,32.34428357925827,131.36410977879214,7.378078244667549,963.5410023838746,3227.375271842763,10.517597287916086
2023-01-01 06:50:00,1164.0328065613123,55.18385523004308,30.940350275068592,132.4263592379741,6.965614260993268,957.3720356621974,3216.0643155614375,10.458855435175058
2023-01-01 06:51:00,1164.4328865773155,53.87612031701262,30.9809995556709,131.89904229112346,7.275285133368844,957.5455580634642,3225.124133396887,10.487423562908274
2023-01-01 06:52:00,1164.8329665933186,55.337873698503174,30.533978877672666,132.6534532725209,7.07649853532231,954.3784464548276,3219.826450703519,10.475492610886421
2023-01-01 06:53:00,1165.233046609322,54.09992435245808,31.234441465322096,132.33244601043475,7.346816377752685,958.8717416077889,3254.730887794899,10.499554170688565
2023-01-01 06:54:00,1165.633126625325,51.06500213670002,33.00133878182932,130.04451657305285,7.743610923332344,969.7210102754302,3289.6059603741646,10.558037883833338
2023-01-01 06:55:00,1166.0332066413282,53.90396192441819,30.845498022053583,132.02756887389168,7.122676679820166,959.3989696799537,3232.2627205226713,10.48918770483943
2023-01-01 06:56:00,1166.4332866573316,54.69580332842155,31.07572825172314,131.87897993113032,7.126341930114459,961.3735606600624,3226.0864244545864,10.504646681745102
2023-01-01 06:57:00,1166.8333666733347,53.21434129063164,31.265869782771805,131.2491741533651,7.361946261063182,964.9747617078225,3259.7435261185938,10.517246915919376
2023-01-01 06:58:00,1167.2334466893378,52.7356717212494,31.24926373107517,131.65639538307607,7.323458336081026,961.6055574710582,3247.0603199646926,10.512438354810318
2023-01-01 06:59:00,1167.633526705341,52.923294037945816,32.35025483549691,131.5585913741407,7.376285317135612,963.7933667167304,3276.5289444932087,10.532583275337682
2023-01-01 07:00:00,1168.0336067213443,54.392369972941154,31.17208143009961,132.1426098556665,7.027317054732084,963.758881677099,3229.1578075477264,10.498650645446363
2023-01-01 07:01:00,1168.4336867373474,56.11620320870009,29.794243477606685,132.87293326552214,7.131281457127711,950.7241051122785,3202.5514149693236,10.468190065484533
2023-01-01 07:02:00,1168.8337667533506,53.20394290043152,32.03786618314438,131.56594410932362,7.125725927634464,964.7072082122984,3227.3019568591203,10.482227451781606
2023-01-01 07:03:00,1169.233846769354,54.18103959175228,30.89768353150704,132.53371576862543,6.953621012559868,956.2144730373395,3215.7914499639246,10.47644059089013
2023-01-01 07:04:00,1169.633926785357,55.184734243999024,30.458975284536905,132.54740559378476,7.126398628944691,954.7220629916156,3228.1496844740136,10.463402097349636
2023-01-01 07:05:00,1170.0340068013602,56.20201658652314,28.916824418873595,133.40046959771058,6.718990880125354,949.14099712105,3197.470395420844,10.444612983903678
2023-01-01 07:06:00,1170.4340868173635,53.74210592366102,31.351859362618445,131.6836104255576,7.190105071036903,963.9711740065072,3241.017478388048,10.51058635628073
2023-01-01 07:07:00,1170.8341668333667,53.012179505027866,30.530727205986086,131.8742006072097,7.041985740020901,959.4414999418043,3231.290161311179,10.493459834960563
2023-01-01 07:08:00,1171.2342468493698,54.72574569865585,30.577708251820333,131.87396143473555,7.147946940556571,954.5608769488161,3225.2203326600784,10.485340647196837
2023-01-01 07:09:00,1171.6343268653732,54.534704409995165,31.19091122677541,131.49320669867956,7.216781154870001,965.7486953332922,3233.301499562743,10.485529217078033
2023-01-01 07:10:00,1172.0344068813763,52.4855660128949,31.681490679919232,130.29479100589228,7.483582228841776,964.6207293202026,3252.319338560087,10.534014497051338
2023-01-01 07:11:00,1172.4344868973794,52.62456749898967,32.25929810371573,130.51014722693768,7.511988775759684,965.0603449269522,3254.2514171871103,10.524778897996237
2023-01-01 07:12:00,1172.8345669133828,52.922745599677185,31.912264630406813,131.66072212739084,7.317094498993527,964.642038232951,3240.714616800738,10.52810635301772
2023-01-01 07:13:00,1173.234646929386,53.19260252961922,31.055678564582447,132.08850713441862,7.080025363295,956.8386149822943,3234.35317373398,10.496574275338961
2023-01-01 07:14:00,1173.634726945389,54.024172791738636,31.35656938467346,131.82557593195384,7.1052208604377745,960.8744747452092,3235.2266404705338,10.5110732845814
2023-01-01 07:15:00,1174.0348069613924,55.23486335110163,30.4699133067271,133.70441000208643,6.888947299980494,949.631624140685,3195.0433083331486,10.451516264878055
2023-01-01 07:16:00,1174.4348869773955,54.07850756859931,30.970932107243396,131.69851547945802,7.099127685824267,961.079422025263,3236.577898112187,10.487716206025338
2023-01-01 07:17:00,1174.8349669933987,55.33280443172335,30.152181178287588,132.61733942939142,7.108802299433823,957.6868361107016,3201.4836322556885,10.478123280474216
2023-01-01 07:18:00,1175.2350470094018,57.181237183065186,29.290387676439796,132.68359456091915,6.92672991115696,945.0993356261413,3168.692893656629,10.451345774053273
2023-01-01 07:19:00,1175.6351270254052,54.566845206453486,30.832899602319305,132.37076632550077,7.039960782697603,956.2833069997075,3216.345908178993,10.479158016274608
2023-01-01 07:20:00,1176.0352070414083,55.20953611841932,30.294804321181847,132.16808972330662,7.097456009646692,954.9713952295125,3215.9430398840727,10.457938932412588
2023-01-01 07:21:00,1176.4352870574114,53.75973563671926,31.374186335399138,132.13515415437828,7.303940269421548,963.8098799258184,3239.4477817252,10.48274035479868
2023-01-01 07:22:00,1176.8353670734148,52.537857699726274,32.111864616642876,129.94944465222767,7.401238481219863,967.3850227823925,3282.8777081861094,10.546831962063157
2023-01-01 07:23:00,1177.235447089418,54.75126376227347,30.883132723084454,133.0113466970905,7.079836014177342,955.6166931034309,3226.4280110347167,10.483147592361254
2023-01-01 07:24:00,1177.635527105421,55.38806804352184,30.16566986180738,132.763068043761,6.810542308615567,957.7134451718057,3222.9273517649935,10.471767441916576
2023-01-01 07:25:00,1178.0356071214242,54.29905983937417,31.073825941564,131.11871147057835,7.059260056629836,959.9678825167979,3269.2453119889706,10.492272312095311
2023-01-01 07:26:00,1178.4356871374275,52.66027986351327,32.970856081533356,129.5126671512627,7.551237160734292,965.1973273353211,3268.457686393793,10.53583753502305
2023-01-01 07:27:00,1178.8357671534307,54.063785546768024,30.751132090448785,132.4773690656298,7.180913121867404,952.5039111610926,3207.8732484275147,10.489885247928774
2023-01-01 07:28:00,1179.2358471694338,54.61943772645843,30.78026543525779,131.45258111676378,7.259356604453803,961.5619968764581,3224.4701770963284,10.481384178561768
2023-01-01 07:29:00,1179.6359271854371,52.300538446230476,32.42184205749744,129.53411610999123,7.365444719282117,970.5197186463249,3270.1411590590737,10.542935859282554
2023-01-01 07:30:00,1180.0360072014403,54.79142706761124,30.879607398536642,132.81916889771776,7.275144006842841,959.017270143502,3238.470200743141,10.50159101530021
2023-01-01 07:31:00,1180.4360872174434,53.609357472135414,31.643739550027032,131.43624831155896,7.4324210254582175,958.9013364726507,3258.465329648989,10.535825681614515
2023-01-01 07:32:00,1180.8361672334468,52.73371628219884,32.497576983439416,129.76648400793988,7.5557463074948314,965.5481131115113,3269.8246245460164,10.54519724373595
2023-01-01 07:33:00,1181.23624724945,53.63753974167473,31.47755274438879,130.55232096712624,7.252706392708643,964.6823949784941,3248.5062497583876,10.514917936208512
2023-01-01 07:34:00,1181.636327265453,52.801124687062334,31.746824016223517,131.65842833000866,7.299574045685274,964.5858898001618,3266.272290913426,10.503754709460743
2023-01-01 07:35:00,1182.0364072814564,56.33802593144366,30.249511217847434,132.23581477775818,7.025605037033452,947.6770886329655,3198.126365793103,10.460261592621812
2023-01-01 07:36:00,1182.4364872974595,55.54600968261278,30.85415438092797,132.39085724041703,7.155804100788486,957.0183253166942,3211.599536678819,10.478774074042242
2023-01-01 07:37:00,1182.8365673134626,52.840888649134214,31.53186495048948,131.47456233580732,7.290418941923866,961.6889284794659,3269.488842454632,10.516086554609144
2023-01-01 07:38:00,1183.236647329466,55.061748594794864,31.047916584785327,131.64216291226757,7.214636872589578,960.7448590644454,3221.427000753727,10.494154798701501
2023-01-01 07:39:00,1183.6367273454691,54.82970791298749,30.835648364311954,131.53457842398782,7.191381249171427,956.0507994253541,3237.8536080920876,10.499344241337944
2023-01-01 07:40:00,1184.0368073614723,55.34156229846825,30.237632148628823,131.5145933554988,7.0388278815793095,958.7719961406648,3215.6189661000285,10.477417682323786
2023-01-01 07:41:00,1184.4368873774756,53.289972177195146,31.842333798361537,131.43436578807962,7.252922465929897,961.3932846118703,3266.063115613322,10.505150799198528
2023-01-01 07:42:00,1184.8369673934787,55.71934457276986,29.968390465788,133.6578444824387,7.055725275418347,945.8951250189946,3214.6366836028405,10.465801809127381
2023-01-01 07:43:00,1185.2370474094819,52.77981828685221,32.015258414066345,130.12327807997494,7.518893269316953,963.2376589630574,3268.722318351904,10.54425523356151
2023-01-01 07:44:00,1185.637127425485,54.10645445981949,30.96589165664107,131.18674153473395,7.131543087484507,960.0913835275406,3225.2627230582457,10.502299646590709
2023-01-01 07:45:00,1186.0372074414884,53.923342079967604,30.687904864081673,132.4285571170168,7.256945594577429,957.6678121865663,3222.1243354338576,10.490034344897637
2023-01-01 07:46:00,1186.4372874574915,54.804661550984704,30.398040215693023,131.05734477097732,7.016578718850862,954.4362386528479,3225.0972310537863,10.484310508897766
2023-01-01 07:47:00,1186.8373674734946,53.807329915078455,30.920698664683904,131.19961814470415,7.419658850529107,955.1945296397981,3234.1510376629903,10.50415845391833
2023-01-01 07:48:00,1187.237447489498,53.0222749530123,31.58946944382104,131.42750150596314,7.376616643216855,964.905700894302,3235.193543579447,10.507252913969317
2023-01-01 07:49:00,1187.637527505501,55.00213742103934,31.17956067128327,131.29514833141042,7.168900692301068,964.0897223386714,3259.0011738632006,10.50478199825266
2023-01-01 07:50:00,1188.0376075215042,53.72498341740217,31.748690339638333,131.50740692273115,7.177529508528224,959.0460223654208,3249.8449162550805,10.522702104759391
2023-01-01 07:51:00,1188.4376875375076,51.557349353147224,33.06595848856551,130.2114184589799,7.527350290614379,971.7528271699961,3294.6662542467056,10.558357126593467
2023-01-01 07:52:00,1188.8377675535107,53.32797315347794,31.93556892308086,131.24357403154355,7.295792464326977,964.1137845515171,3270.7710984201212,10.513983028458302
2023-01-01 07:53:00,1189.2378475695139,52.51409392277203,32.305804339748235,130.07335964678558,7.452209060656836,962.7724296361148,3266.030495809096,10.525882545252667
2023-01-01 07:54:00,1189.637927585517,55.9254026950899,30.010506823756437,132.8028733726333,6.864400348042793,952.7392857417925,3202.266884068784,10.446834382831685
2023-01-01 07:55:00,1190.0380076015203,54.91870405359665,31.09543997301071,131.86513261289352,7.19108082305345,967.0533860104402,3235.4099602075894,10.50484468230473
2023-01-01 07:56:00,1190.4380876175235,54.6203341057955,31.052456243701545,132.02058196067412,7.15936019282149,954.0223765353694,3236.973139643327,10.487696606067871
2023-01-01 07:57:00,1190.8381676335266,54.08362170050283,31.46831616066234,132.1080391847702,7.202360471040211,965.0875055149968,3257.3179064089113,10.509669368988892
2023-01-01 07:58:00,1191.23824764953,53.93392072861564,31.375986667222246,131.74795931449583,7.389334841314159,960.9765417171675,3256.2049489041706,10.499761590262054
2023-01-01 07:59:00,1191.638327665533,55.04814440165913,31.143551686920816,131.59458744207114,7.30932302211795,957.9297613177575,3242.985635225031,10.498496486051877
2023-01-01 08:00:00,1192.0384076815362,55.15344544777814,31.067522057616014,132.0720029783811,7.197041500508405,962.5436095826233,3232.396538026873,10.507462662175943
2023-01-01 08:01:00,1192.4384876975396,56.061703968092644,30.173317860957322,133.23283901356905,7.046123121285299,950.283727154111,3205.480174206775,10.475494274931496
2023-01-01 08:02:00,1192.8385677135427,53.41044294367594,32.11951488414402,130.83610579034504,7.395260736897154,962.645253717397,3239.7600011020763,10.501173306111022
2023-01-01 08:03:00,1193.2386477295458,53.38325628015399,31.832935400668646,131.17585275870792,7.331420451005231,963.6130421509636,3266.8613233273595,10.530507522200175
2023-01-01 08:04:00,1193.6387277455492,52.85296502725558,31.459174751018352,131.2618391547997,7.32779554604945,958.1943065064555,3269.654170832016,10.49970362578515
2023-01-01 08:05:00,1194.0388077615523,54.45612378423087,32.14833040648195,131.69325115944594,7.160000050566636,963.8624137596655,3244.694969082967,10.52117256785094
2023-01-01 08:06:00,1194.4388877775555,53.49698585305438,31.131724288970435,131.8266709246721,7.20294373907898,962.877779266299,3262.0485547584985,10.52976682514432
2023-01-01 08:07:00,1194.8389677935588,55.75401753468293,29.851065681328485,133.17883826595087,7.066646001411499,960.4279029121855,3220.6260064129287,10.473841995526533
2023-01-01 08:08:00,1195.239047809562,53.05115765883728,32.89261697391353,129.9886363506348,7.542931932339615,967.1541912759261,3266.5958654517626,10.538294602895554
2023-01-01 08:09:00,1195.639127825565,53.714092624990265,32.34840968293547,130.66887876583772,7.362837450655508,961.6927061386267,3241.802468171213,10.51134096661277
2023-01-01 08:10:00,1196.0392078415684,54.62511664596392,31.57402948885001,132.75071826534924,7.194133853501594,957.3120383387711,3222.3058467883557,10.50898337565161
2023-01-01 08:11:00,1196.4392878575716,52.95516226658375,32.70133628672389,131.28422292243675,7.3268981715070485,966.022437242086,3274.0650119807733,10.53980863866381
2023-01-01 08:12:00,1196.8393678735747,52.88524196976623,32.29285924596727,130.94407066763966,7.308325287502581,970.3562800462108,3273.489750342016,10.535627496781876
2023-01-01 08:13:00,1197.2394478895778,53.4639357855915,32.35801654003843,130.4114982419007,7.499528182838923,964.2106005978262,3274.49674856786,10.53089635486967
2023-01-01 08:14:00,1197.6395279055812,53.57687185162349,32.43789550376956,130.53573187926335,7.509012526866842,966.5559372698683,3253.774149123422,10.529970532768711
2023-01-01 08:15:00,1198.0396079215843,53.39613788029746,32.67939560618634,130.11135762549046,7.381960389133651,964.61880551563,3279.634626894933,10.537247012880432
2023-01-01 08:16:00,1198.4396879375875,53.899920289578404,31.830030156840635,131.4396063297345,7.464562049223064,957.5073705672406,3242.298266356531,10.514412407231148
2023-01-01 08:17:00,1198.8397679535908,51.992131223643675,32.86387257970452,129.47051755063066,7.620848285430749,972.8752762320728,3297.052902631013,10.57302872802947
2023-01-01 08:18:00,1199.239847969594,52.19296053381597,32.57708832048958,130.02287120585297,7.686794498894692,964.1189402241278,3275.0427124251128,10.550271596940972
2023-01-01 08:19:00,1199.639927985597,54.80361346302592,31.259365014586827,131.24884447700344,7.022140408653397,959.2680701844291,3222.863221360033,10.493830162685436
2023-01-01 08:20:00,1200.0400080016002,51.12780321459689,32.76030413529753,130.30136228688204,7.537915293591663,968.823921901179,3275.4086979753806,10.558493037969294
2023-01-01 08:21:00,1200.4400880176036,54.54496858470879,31.186420480614224,131.46658636875858,7.348888081399425,960.7463775558414,3257.3148498339815,10.515035218041081
2023-01-01 08:22:00,1200.8401680336067,54.8238250094643,31.988907846266287,131.50156483886818,7.275777154369217,961.3606691656481,3249.2705402517972,10.504667728640882
2023-01-01 08:23:00,1201.2402480496098,52.305172060307314,33.249463509052035,128.9348953411143,7.703260373082454,970.2389118326279,3276.923071258948,10.534071608327423
2023-01-01 08:24:00,1201.6403280656132,53.38860722734001,32.28929970818619,130.41657994376325,7.355022095418902,961.6957946290585,3245.784755653365,10.50505460276802
2023-01-01 08:25:00,1202.0404080816163,55.575883914433966,30.891948213031103,131.84988509813343,7.2077272559016405,956.7434081972372,3233.5791176881503,10.46553046530321
2023-01-01 08:26:00,1202.4404880976194,54.194887340113965,31.543090349404412,131.65685449724532,7.258205485459862,961.7789575166738,3258.281437592169,10.52078579360411
2023-01-01 08:27:00,1202.8405681136228,54.858460941623484,31.29670121081146,131.5327062480973,7.088897609670457,967.2108347068759,3242.075947952523,10.48733146953702
2023-01-01 08:28:00,1203.240648129626,57.37169359212399,29.864773058366747,132.38052669808835,6.932968608825206,948.9595079357765,3227.1612042911433,10.477341803152733
2023-01-01 08:29:00,1203.640728145629,53.11793534262335,31.97983867612074,130.8631689851704,7.4263029797874625,962.6630762838561,3284.063728304941,10.526452426284699
2023-01-01 08:30:00,1204.0408081616324,52.769527764308684,32.99083235898181,130.20577153017263,7.436572114539253,965.8647217886983,3273.886023853168,10.545012718761164
2023-01-01 08:31:00,1204.4408881776355,53.53018541484341,32.23235865169171,130.89586628508854,7.34280364481507,962.4353546266201,3258.9896914455076,10.547840409448952
2023-01-01 08:32:00,1204.8409681936387,53.90911959442034,32.325915889994256,130.56935283247105,7.206393758104795,966.4741019505834,3280.4262853127457,10.52367200215078
2023-01-01 08:33:00,1205.241048209642,52.95259559190792,32.49632301440402,130.52276557848143,7.596435648331894,971.2860266768482,3281.091360619419,10.553213317817269
2023-01-01 08:34:00,1205.6411282256452,53.71112212067341,31.681346419620134,132.06972870551803,7.131077536259562,959.7843655917887,3240.4944989581923,10.498488717562402
2023-01-01 08:35:00,1206.0412082416483,52.9277311147201,33.11348226611965,130.6794827540085,7.562038577397951,970.3639062151736,3268.4319590295104,10.560168045100154
2023-01-01 08:36:00,1206.4412882576516,55.46438597906832,30.510591028335288,132.03780748421786,7.068839180508403,956.1958726046155,3195.952397054816,10.469905379423572
2023-01-01 08:37:00,1206.8413682736548,53.41773878895636,31.993426571785708,130.79744866239915,7.416543308219617,962.3440794192026,3245.595677039041,10.531805702614438
2023-01-01 08:38:00,1207.241448289658,53.756423748645176,31.948593453639408,131.53007541697494,7.335168551191049,964.4626272847612,3248.545721107765,10.515704866945569
2023-01-01 08:39:00,1207.641528305661,54.04714183716207,31.84302490410598,131.57503903454648,7.10799416926385,962.7260105184287,3255.9026401222723,10.506487788740424
2023-01-01 08:40:00,1208.0416083216644,54.68632670445189,31.783244850055443,131.54468022831486,7.207654614304883,956.180052529799,3256.7443122028994,10.508735190793255
2023-01-01 08:41:00,1208.4416883376675,53.60928480701424,32.411171080728366,131.28584984096358,7.449235901663213,962.1611670836444,3270.1788246900737,10.529100956866627
2023-01-01 08:42:00,1208.8417683536707,54.10244813564787,31.819697119224347,131.16597844291996,7.353565415507137,962.1240929078217,3261.298098264594,10.519562713163573
2023-01-01 08:43:00,1209.241848369674,55.47300278641849,31.04195377448003,131.62571140899,7.0469229563019695,956.9891834225058,3224.2513507565636,10.496670330666356
2023-01-01 08:44:00,1209.6419283856771,53.61275633383427,32.1365024483556,131.2324194933492,7.515154228416388,965.8749579600571,3254.139402215081,10.516857615985277
2023-01-01 08:45:00,1210.0420084016803,52.598693403053446,32.914702321470685,129.37927766631432,7.538465407879558,967.6313373115642,3286.605090230608,10.553489468699478
2023-01-01 08:46:00,1210.4420884176836,52.54764884124456,33.553723161855345,129.36363432220986,7.886032276342247,969.6928492878169,3309.87669500377,10.575298153079066
2023-01-01 08:47:00,1210.8421684336868,53.70812967362048,32.50999890545243,130.20239598660552,7.284089135499896,965.2139256962705,3270.6719669490303,10.536824016645761
2023-01-01 08:48:00,1211.24224844969,55.6827091454471,31.009911074250486,131.61183263309155,7.158223792933157,952.7831284843094,3231.5394716051715,10.493431742537423
2023-01-01 08:49:00,1211.642328465693,53.62477533694313,31.6698790081937,130.9404235119155,7.382607407330463,966.9704555544486,3257.2642558690472,10.505511573256053
2023-01-01 08:50:00,1212.0424084816964,54.614664177602734,31.07695813379088,131.95642352199263,7.1483049593478505,961.0516251636112,3218.9874299015783,10.4953234065561
2023-01-01 08:51:00,1212.4424884976995,53.51400154207918,31.984488475160234,131.018063340294,7.397316056790893,964.3268313500931,3255.716454233378,10.523345956066292
2023-01-01 08:52:00,1212.8425685137026,53.3679594932386,32.48944637395678,130.71637494725027,7.463796781287224,970.9646841474821,3273.727398011116,10.540686888973259
2023-01-01 08:53:00,1213.242648529706,53.49464570446363,32.10567738071664,130.37638026846975,7.387268270918391,963.4685647635912,3274.0097887409383,10.523461936315012
2023-01-01 08:54:00,1213.6427285457091,54.081513335847376,32.22858908709769,131.17998976557544,7.257642282600221,962.0217800393195,3240.8814148120073,10.533507333002985
2023-01-01 08:55:00,1214.0428085617123,54.3722554558002,31.46134340102225,130.9146766095919,7.387324920059414,961.500116631029,3258.098383903769,10.475164098824278
2023-01-01 08:56:00,1214.4428885777156,54.74469800775787,31.548240530733665,132.04571098593473,7.345654115425317,966.5545901267539,3248.4300670307443,10.519659348996436
2023-01-01 08:57:00,1214.8429685937188,53.964133141925124,31.77657118201549,131.12785955964458,7.210241266919048,961.759468877206,3241.6838789784133,10.500674905462564
2023-01-01 08:58:00,1215.2430486097219,55.84176645809562,30.749078884632315,131.46769236905052,7.220586546674329,956.7588435869984,3207.752303027423,10.487869798423494
2023-01-01 08:59:00,1215.6431286257252,54.420499989751434,31.163290357565543,131.23836906820014,7.118934622728433,962.3157294111685,3257.3467680861913,10.519506101698429
2023-01-01 09:00:00,1216.0432086417284,53.684751135178246,32.05247851670532,130.7974863788316,7.600494153672504,968.094799716233,3253.944350461119,10.5401778980461
2023-01-01 09:01:00,1216.4432886577315,55.09752293176702,31.1225317374762,132.2809870515899,7.174274989821694,961.7079606031987,3228.8381568403775,10.488628602952724
2023-01-01 09:02:00,1216.8433686737349,55.21803970179937,30.99830784254343,132.63198626420552,7.230724914435867,956.2421759914571,3237.845339268264,10.489729409818207
2023-01-01 09:03:00,1217.243448689738,54.400758586350506,31.763893549963733,131.85604748208124,7.300494285726269,962.0361904110813,3237.0531550494943,10.498418898331977
2023-01-01 09:04:00,1217.6435287057411,54.69475929994286,31.920096817313688,131.22995405280733,7.212932130532199,958.0901326682783,3260.9710476733594,10.536120333087187
2023-01-01 09:05:00,1218.0436087217445,55.45540530545724,30.78641852724621,132.63000352920844,7.199953915561838,952.0680352347324,3233.757612928294,10.490412000200749
2023-01-01 09:06:00,1218.4436887377476,57.44416909890697,29.893033958033012,133.4957587929184,6.7457096218962995,948.4433101034274,3196.932525423836,10.448184352628044
2023-01-01 09:07:00,1218.8437687537507,52.7344208907266,32.89848884266136,130.03370058545508,7.468941870203666,964.8350865141791,3274.406533884798,10.53947720938538
2023-01-01 09:08:00,1219.2438487697539,54.75155149602397,30.823842954154212,132.12370266166553,7.30254609744985,962.2970547050567,3222.0470223240764,10.49693589728877
2023-01-01 09:09:00,1219.6439287857572,55.14222535720418,30.905655723629305,131.57643331530474,7.107978442317617,956.9938057212271,3227.813960396431,10.495200938861181
2023-01-01 09:10:00,1220.0440088017604,53.98243091518579,32.55572272952633,131.11885278374422,7.566471461701836,966.815087756937,3271.840018189902,10.52920749682978
2023-01-01 09:11:00,1220.4440888177635,55.33093114199657,30.525050438153336,132.45456555973468,7.08530317981377,958.9865072286572,3231.042067585609,10.492436528411176
2023-01-01 09:12:00,1220.8441688337668,52.845421439261145,32.84146651794945,130.7858052551412,7.697109518979428,964.048873903424,3281.762877061371,10.552682570768177
2023-01-01 09:13:00,1221.24424884977,54.78379604108329,31.67998425587633,130.73672157710243,7.28726205825926,962.3837461223291,3229.1448246571695,10.50040293529018
2023-01-01 09:14:00,1221.644328865773,53.58532297681901,32.15786456427155,131.2326716628943,7.475350950375129,965.1725072807311,3264.3462268834005,10.538474732303682
2023-01-01 09:15:00,1222.0444088817762,53.536099924736135,33.06003681334884,129.7947960151214,7.5561246375463424,973.3863979591551,3286.4947908107874,10.528190097372669
2023-01-01 09:16:00,1222.4444888977796,54.47423960916874,32.56007645374617,130.95192944510498,7.4193917210547555,963.0288022399327,3269.4954763523288,10.527703719891598
2023-01-01 09:17:00,1222.8445689137827,55.6689784579451,30.450477247494362,132.6704334434089,6.958844697553061,957.8693302870225,3221.054831171238,10.475645948648323
2023-01-01 09:18:00,1223.2446489297859,54.00080536505925,31.72137144613374,130.34154870336297,7.30251666220364,964.7213135243695,3258.2521654666043,10.54669932059597
2023-01-01 09:19:00,1223.6447289457892,54.220138743870116,32.191307147571024,131.4396992401622,7.292382563384412,960.7469564062469,3250.4016924251873,10.496500400011326
2023-01-01 09:20:00,1224.0448089617923,54.59438185634003,31.430211311693967,130.36033758602693,7.206744432413375,955.5117974384736,3267.2299383064997,10.512733752069293
2023-01-01 09:21:00,1224.4448889777955,52.9943717445488,32.70113574968055,130.03949890313805,7.560953377076251,968.4633540019574,3276.2155202026534,10.538937704718075
2023-01-01 09:22:00,1224.8449689937988,56.47036555920913,31.305342348996184,132.8333881207974,7.215482241502994,959.2293001508586,3233.548825395182,10.488010868909216
2023-01-01 09:23:00,1225.245049009802,55.00446157822988,31.581907984152135,132.13830548086375,7.174613859683002,961.4944513274974,3242.90415987852,10.518276898570193
2023-01-01 09:24:00,1225.645129025805,55.38108642751283,31.409340676028958,131.90977964893054,7.424519077772251,963.1269747553264,3231.5553015074065,10.50383251837964
2023-01-01 09:25:00,1226.0452090418084,56.400699288769744,29.554282006460994,132.64615953595282,6.934912412202066,950.1846972971399,3202.9083505843996,10.435570198075325
2023-01-01 09:26:00,1226.4452890578116,55.117166108100136,30.47600171994644,131.50197486550607,7.147559512510552,960.9657938179441,3225.304780025334,10.51506234822308
2023-01-01 09:27:00,1226.8453690738147,54.85270062315617,32.0579361161136,131.18977937433624,7.283178385587321,956.4075713389825,3246.97105606687,10.522144382559008
2023-01-01 09:28:00,1227.245449089818,53.227598930749124,32.469512559348274,130.20838202607928,7.768707469438293,969.8430207439122,3268.2094122961607,10.562676458594167
2023-01-01 09:29:00,1227.6455291058212,55.35547642458305,31.168894047718425,132.2824199347131,7.221049589988898,953.4289501616146,3231.858349966745,10.49315270727116
2023-01-01 09:30:00,1228.0456091218243,53.793117341708076,32.61463981867676,130.735538339529,7.454599696343666,966.480810331248,3272.6984142391234,10.530331410941733
2023-01-01 09:31:00,1228.4456891378277,54.40735063352248,31.808701355764274,130.811076980324,7.418829590025153,961.4107495605557,3269.865204994718,10.513422030167364
2023-01-01 09:32:00,1228.8457691538308,55.37211128232339,31.50376465745053,131.1789927584198,7.157196070779386,963.7845599269741,3240.968688829725,10.487763367610421
2023-01-01 09:33:00,1229.245849169834,52.976521847473784,32.62060406452569,131.15610559961164,7.566163417492456,965.6172931041713,3274.8907085566807,10.528242476088536
2023-01-01 09:34:00,1229.645929185837,54.82528761880298,31.993390672739643,131.4411620941668,7.1942218304170495,964.2186709200593,3260.84617089049,10.498632834657307
2023-01-01 09:35:00,1230.0460092018404,53.59714667838534,32.77971669140651,131.23630605676308,7.385542480703244,967.7051606059671,3259.0481801703904,10.534845020766285
2023-01-01 09:36:00,1230.4460892178436,53.25494375535731,32.934209645143746,130.98226204959772,7.426856455771072,966.4769347806294,3252.6879332814833,10.51893801353244
2023-01-01 09:37:00,1230.8461692338467,54.38849069015524,31.23459390386381,130.81155135652065,7.326662592815803,966.4622854878994,3240.8961258469803,10.524192665851036
2023-01-01 09:38:00,1231.24624924985,54.368250278825556,31.627841850554347,131.27401250688405,7.258817031830308,961.7681119821824,3242.894796725888,10.508474254908686
2023-01-01 09:39:00,1231.6463292658532,53.36582810859125,32.959456742903775,130.37170391519606,7.4604549725740705,971.8988554361218,3250.227456955381,10.515954190846545
2023-01-01 09:40:00,1232.0464092818563,55.76039078448294,31.01244404897065,132.05427217283463,7.0683832334589445,956.6850581584464,3238.2068464458093,10.46194387633037
2023-01-01 09:41:00,1232.4464892978597,56.19270853503947,30.59323450249992,132.94161162235503,7.0055858441454015,954.7492520740875,3197.967348506882,10.47058157266123
2023-01-01 09:42:00,1232.8465693138628,54.010454070728684,32.47397461845891,129.8882957480612,7.552569694340488,965.5474646017018,3279.010199394187,10.553416574869471
2023-01-01 09:43:00,1233.246649329866,54.71093874154944,31.292876499199924,131.54294348216996,7.084632292530971,958.8222696136502,3246.883884610132,10.526738540480972
2023-01-01 09:44:00,1233.646729345869,54.39935370894567,32.048183754755165,131.56930258360643,7.282209254538229,960.274511053451,3252.872665553946,10.497630412677832
2023-01-01 09:45:00,1234.0468093618724,54.455238306898465,32.244688765537845,131.09721141257336,7.549236034492767,962.7512578424627,3274.7732867711957,10.52206982936046
2023-01-01 09:46:00,1234.4468893778756,52.06083045333837,32.229866646945396,130.8172690469486,7.488294999482947,967.6935186771809,3284.2460802381797,10.519849472090002
2023-01-01 09:47:00,1234.8469693938787,54.67726268400294,31.148543615334624,131.5839882701154,7.357045803324433,957.3127906789227,3250.295477247308,10.50626662069774
2023-01-01 09:48:00,1235.247049409882,55.242358457951326,31.421843112870896,131.47909674263983,7.349057286405654,956.5468519678166,3231.5839492907185,10.496480593774145
2023-01-01 09:49:00,1235.6471294258852,55.96326650274124,30.319050300218645,132.24958620819908,7.1173964342206375,948.5393022746204,3220.171512073441,10.486593941522276
2023-01-01 09:50:00,1236.0472094418883,54.72660004651503,31.73643966275976,131.37789149367003,7.253627701794749,959.7810167934105,3253.8620953748637,10.4976232159239
2023-01-01 09:51:00,1236.4472894578917,53.80627403513262,32.79179503289396,130.6314447962773,7.376355770918473,968.584609354002,3266.382613444156,10.538143646675357
2023-01-01 09:52:00,1236.8473694738948,53.74040464600281,32.238530041726754,130.5342710803955,7.377868590289006,961.7857651629124,3251.8778977383486,10.527611767438326
2023-01-01 09:53:00,1237.247449489898,54.05631218395094,32.867161059447,130.30597691546697,7.34615756086672,963.581947834098,3281.3932780919486,10.52842379337309
2023-01-01 09:54:00,1237.6475295059013,55.99380371449128,31.079663361652553,132.04911478471854,7.410557883425044,955.4760661661578,3227.089444784545,10.483435928854107
2023-01-01 09:55:00,1238.0476095219044,54.37599522605661,31.974241503281398,131.83367578172198,7.315272344941054,962.986579315225,3249.086739938532,10.510337113967362
2023-01-01 09:56:00,1238.4476895379075,53.80185038882589,32.72751984248832,130.20073753599232,7.587740804894901,969.0825106920702,3257.0210367543364,10.522273189802851
2023-01-01 09:57:00,1238.847769553911,54.5626136424456,32.23213015050579,129.96876856236247,7.454390720455185,968.7600174991477,3278.762460108427,10.53091081738973
2023-01-01 09:58:00,1239.247849569914,54.07932750567277,32.41356574031933,130.95560052817044,7.465709387430343,961.8398304779438,3289.9349870739084,10.51442516892548
2023-01-01 09:59:00,1239.6479295859172,55.26320056581485,31.199053815422133,131.3898762140388,7.233415697113682,964.0485972743535,3252.8260069328876,10.49893282914808
2023-01-01 10:00:00,1240.0480096019205,53.730074401243925,32.861743465712316,129.53205886776283,7.7205471493919635,972.4775907585625,3273.780816691818,10.547258213819582
2023-01-01 10:01:00,1240.4480896179236,54.01596398768108,31.817296249248063,131.12904411976626,7.58528289831855,963.9414592812791,3244.898117683308,10.517367505467103
2023-01-01 10:02:00,1240.8481696339268,56.03391617021285,29.94220022559888,132.32209632560273,6.836655147340665,949.6017014273139,3193.8127012823306,10.479496487716812
2023-01-01 10:03:00,1241.24824964993,53.74902474765033,32.49424153643624,131.49674455840295,7.473476315467483,964.1535261110972,3275.861012485998,10.536295162602809
2023-01-01 10:04:00,1241.6483296659333,56.36217605357747,31.056585995019077,131.7621444533188,7.160108335254579,954.3281588153502,3230.8344916926962,10.475712023835387
2023-01-01 10:05:00,1242.0484096819364,55.51277638198264,30.696979849292003,132.36923303720192,6.916045984836551,954.2931547722795,3215.9402461168347,10.464461755692529
2023-01-01 10:06:00,1242.4484896979395,54.47780503592956,31.396038356056067,131.63019175195802,7.223344738468934,961.7451153821124,3241.236614384419,10.514492794915597
2023-01-01 10:07:00,1242.8485697139429,54.26034419277488,32.65879360221439,131.05109615603624,7.500645353374563,957.6145779427424,3248.9192573785817,10.534978266276882
2023-01-01 10:08:00,1243.248649729946,54.19286448515074,31.61820243424494,130.56769986882733,7.294131203532261,958.860423453713,3252.6929629397478,10.515780989147956
2023-01-01 10:09:00,1243.6487297459491,54.39191151445018,31.684462508251027,131.21111922689784,7.3724679083287254,962.7359647825231,3250.1225966177944,10.522083262449998
2023-01-01 10:10:00,1244.0488097619523,54.249859008240705,32.625566997289255,129.91373256615628,7.474177348678499,967.8372654642625,3256.8659143045743,10.53632851584734
2023-01-01 10:11:00,1244.4488897779556,53.017999241527086,33.6693456936783,129.73882018563702,7.621226410968226,970.672802644676,3317.307100533016,10.565564307127243
2023-01-01 10:12:00,1244.8489697939588,54.82881783774664,31.580223853620033,131.28884696728014,7.202082699500113,962.0410449894654,3254.8699266278,10.513576885830028
2023-01-01 10:13:00,1245.249049809962,54.68031282058252,32.60494708299342,131.33953943446176,7.275878426979155,966.8413431375478,3257.3500823632953,10.535378253365131
2023-01-01 10:14:00,1245.6491298259652,54.1735689439674,31.730064723977232,131.23053114570266,7.120834677922066,960.3580538822266,3256.2301658882725,10.517521947709048
2023-01-01 10:15:00,1246.0492098419684,53.0114992162686,33.5273020279059,129.62168757151161,7.707217223840712,968.022197339976,3286.9007270094758,10.55286809840282
2023-01-01 10:16:00,1246.4492898579715,52.42852672422044,32.83934883987201,129.66904548455622,7.634930594835608,967.6791862642484,3301.381669904326,10.57245715922866
2023-01-01 10:17:00,1246.8493698739749,52.97112906042452,32.46324804197976,129.50461985579113,7.654056506271484,966.9789953594582,3274.4072599046044,10.537356623711698
2023-01-01 10:18:00,1247.249449889978,53.41153315161838,33.782707163502955,129.11883147242955,7.7505226907910725,969.9769433176614,3285.114798460343,10.552029740033714
2023-01-01 10:19:00,1247.6495299059811,55.032159204822555,32.61690453637761,131.5698450119809,7.415703956869378,969.429856397764,3278.0591782564725,10.529868104975424
2023-01-01 10:20:00,1248.0496099219845,53.859892674760374,32.522995807436914,130.53425752417127,7.525507115653559,967.376711957716,3263.9432658528103,10.543506819019711
2023-01-01 10:21:00,1248.4496899379876,53.28317168124981,34.106816188111445,129.91802710966567,7.5018380545756305,973.6556486441596,3315.127578195163,10.554738349411139
2023-01-01 10:22:00,1248.8497699539907,53.88058264310032,32.808309199272465,130.27573752416387,7.492687372551473,963.1939597948218,3276.8230400658563,10.540884540513723
2023-01-01 10:23:00,1249.249849969994,55.4293364279867,31.10462000993184,132.1218845439465,7.197155660083937,959.1813380825595,3245.1588662509103,10.499309453714343
2023-01-01 10:24:00,1249.6499299859972,53.185624179081344,32.87320344849456,129.87372899818493,7.508571173464509,968.167093791083,3273.37085480759,10.544912249564602
2023-01-01 10:25:00,1250.0500100020004,55.6421018252714,30.509862178563644,131.35585681843125,7.091381109945323,957.6398640431242,3242.725431680782,10.48809440265615
2023-01-01 10:26:00,1250.4500900180037,53.05675875581096,32.30512802321555,130.52086306153572,7.527920186317427,967.0337897069359,3292.2591516354996,10.52698938324448
2023-01-01 10:27:00,1250.8501700340069,52.46477833438723,33.56652738803512,130.15294760330335,7.633621142798099,970.9913350285143,3286.3862095772115,10.564698423846394
2023-01-01 10:28:00,1251.25025005001,54.19637773337766,32.69400990042454,129.28483251485974,7.490242878763995,966.686111717957,3274.034316969895,10.5571733855408
2023-01-01 10:29:00,1251.650330066013,55.00052157448798,31.78237825038673,131.59477417901923,7.37474636546091,965.3960712767588,3241.6490845149833,10.509868976800762
2023-01-01 10:30:00,1252.0504100820165,55.27894221998081,32.02739150652163,131.3505791452382,7.282244415127456,958.9980939461125,3245.971970778975,10.508144436544836
2023-01-01 10:31:00,1252.4504900980196,54.83153661908032,31.989521901000934,132.35683333245078,7.371358606294086,965.1417310381507,3253.347111456677,10.509596484128505
2023-01-01 10:32:00,1252.8505701140227,53.50560348252994,32.76975822524272,131.5831302769433,7.478391564008788,967.496856046654,3284.6644718733123,10.532461146821829
2023-01-01 10:33:00,1253.250650130026,54.818887462419326,32.043856594004126,130.20807666290628,7.457642366073191,965.0536568348472,3240.0211008591627,10.504666966854577
2023-01-01 10:34:00,1253.6507301460292,53.87884833647797,32.52887042169735,131.24792494750247,7.479731721189414,964.9797740658588,3275.6716397242553,10.528670463391542
2023-01-01 10:35:00,1254.0508101620323,53.1318141433548,33.062543961228826,130.0187602935429,7.373072036967116,971.0180969028169,3285.220423467824,10.536494181040974
2023-01-01 10:36:00,1254.4508901780357,54.8133988335525,32.3621097775364,130.78127812615153,7.472636569900299,962.1299498929206,3250.740936249733,10.521154715997174
2023-01-01 10:37:00,1254.8509701940388,55.102312521929015,30.90140875398709,131.47275915342453,7.1369468484145635,960.398692984125,3236.620726857478,10.486786619798238
2023-01-01 10:38:00,1255.251050210042,53.145870151313936,33.448104324284564,129.74793489404874,7.5107282469543595,970.0903187815127,3274.9959921549,10.571841878757436
2023-01-01 10:39:00,1255.651130226045,55.21455985590593,32.25171712285177,131.44326361819654,7.391890586041243,965.060179637463,3263.6378955159994,10.518378126138304
2023-01-01 10:40:00,1256.0512102420485,54.12081621968672,32.297853069606376,129.23984027603066,7.713276684832942,969.8128275492782,3290.7130574572366,10.53345703164507
2023-01-01 10:41:00,1256.4512902580516,54.626696167496604,32.049002615493656,130.59896561106282,7.433897529963138,967.0475501135234,3249.7721213954856,10.524668803836736
2023-01-01 10:42:00,1256.8513702740547,51.86325415364484,33.495514666011864,129.9208906965327,7.865777596575798,973.6524287318587,3297.4308268229465,10.566496789000391
2023-01-01 10:43:00,1257.251450290058,51.00069859381232,34.85887172879932,127.29806137494033,7.953836366030985,984.3095739533914,3318.9946877185434,10.607833481899158
2023-01-01 10:44:00,1257.6515303060612,53.09062351888809,33.09092582883239,130.08208926524986,7.6139699415031465,966.8141805917587,3285.3329760083407,10.541467949362213
2023-01-01 10:45:00,1258.0516103220643,53.79936677994542,32.82915541404614,129.79702796362312,7.675667939949819,966.0240163165145,3275.849600516827,10.529454073632362
2023-01-01 10:46:00,1258.4516903380677,55.245812805145256,32.03327083652058,131.6352295000585,7.33643140366345,961.1676261449459,3248.798932152737,10.51925875251714
2023-01-01 10:47:00,1258.8517703540708,53.404615762017144,32.69602545625348,130.360660121028,7.551843848091523,966.6824722122701,3269.1023530184484,10.531089147943023
2023-01-01 10:48:00,1259.251850370074,54.76424986784383,32.20709872658639,131.2118028602589,7.284937755751192,963.7257239924376,3252.050086293036,10.525495449097495
2023-01-01 10:49:00,1259.6519303860773,54.15606060926919,32.206845586029054,129.19335509488366,7.405461452820194,962.7105374434898,3258.029353999905,10.53994459761695
2023-01-01 10:50:00,1260.0520104020804,54.05224935290391,32.3930659070654,131.11312025855594,7.41857305296946,966.2640932436788,3259.4827368397728,10.52926478896345
2023-01-01 10:51:00,1260.4520904180836,54.801230053862916,32.534548070885585,130.27333707606854,7.544080752939475,965.0596102559196,3271.4161588206966,10.534899516112896
2023-01-01 10:52:00,1260.852170434087,53.05903259800584,32.672824674399244,130.882840714144,7.535658663131023,968.0776822041195,3283.085268736962,10.539440859309547
2023-01-01 10:53:00,1261.25225045009,55.386375575454416,32.01528150495083,130.83611206044498,7.421643295493372,959.9433899803109,3262.4916906650537,10.520309304989933
2023-01-01 10:54:00,1261.6523304660932,54.088954607402016,32.35109674229423,130.2372369801755,7.3588604362402545,964.2254648078583,3260.721422023211,10.515106085503824
2023-01-01 10:55:00,1262.0524104820965,52.934093585100854,33.21712936271333,129.56043396844723,7.555419471680226,970.8371223046594,3286.7668810802456,10.576931975131505
2023-01-01 10:56:00,1262.4524904980997,53.36446037212513,33.32751070912405,129.87329214881356,7.7201677172485175,967.9419418544892,3270.8031505095714,10.554249074505682
2023-01-01 10:57:00,1262.8525705141028,54.317184152035054,32.23428113347368,131.14785306085616,7.41589292453473,963.9985661058951,3260.6446351980444,10.535020590529536
2023-01-01 10:58:00,1263.2526505301062,55.80826507425997,31.00593675879509,131.5257327100101,7.21201009416762,958.8884915020406,3259.7167664448593,10.494101843375173
2023-01-01 10:59:00,1263.6527305461093,54.378455319743246,31.693613693441467,130.69549485896948,7.2733417680367705,961.9456010738138,3253.5988761856893,10.520865823479864
2023-01-01 11:00:00,1264.0528105621124,54.31909044102173,32.352082373008685,130.1480268752435,7.2728871552728265,964.3083874563853,3283.6094247257824,10.517622432346748
2023-01-01 11:01:00,1264.4528905781156,55.39322893509208,31.37725656789906,131.7499547528742,7.275226159708811,956.8965125745415,3250.0498548921864,10.51659465280373
2023-01-01 11:02:00,1264.8529705941187,55.379749331211,31.933025988865687,131.44560637175067,7.181097452728532,964.8077724272576,3261.74939333143,10.533529913693291
2023-01-01 11:03:00,1265.253050610122,54.882792714536066,32.6642266180256,131.16070690803878,7.345483212520693,956.1995582876965,3264.9815974933704,10.522065244997663
2023-01-01 11:04:00,1265.6531306261252,54.990555807235765,31.41796148256129,132.02710996721882,7.298777921555712,962.6009681067625,3258.71859076039,10.518589302737325
2023-01-01 11:05:00,1266.0532106421283,55.10421586781143,31.2586146002358,130.79498867293754,7.468113201003272,965.335495657742,3254.8373428247364,10.52399643340674
2023-01-01 11:06:00,1266.4532906581317,54.73434087551569,32.08787744380985,132.2627290819827,7.2021336990123865,961.4834842191437,3257.8910380043485,10.50599932501646
2023-01-01 11:07:00,1266.8533706741348,56.86077278793757,31.159372920097084,132.63721589433777,7.096400838331235,950.6327245793871,3212.4255672712948,10.48541970372608
2023-01-01 11:08:00,1267.253450690138,52.094985412176136,34.179837503502476,128.6790242619937,7.832148498341494,977.7662610372629,3325.23798556452,10.577512386375366
2023-01-01 11:09:00,1267.6535307061413,53.37383843305472,32.735169620032124,130.23958071140345,7.419998716745565,962.7703279798926,3291.8078917337293,10.563633046255541
2023-01-01 11:10:00,1268.0536107221444,54.25562473814002,32.14900041929484,130.06113005279641,7.447167298559042,964.3214931990648,3269.7524639248513,10.518165523682233
2023-01-01 11:11:00,1268.4536907381475,55.96798610175777,31.415032640513935,131.23635676813873,7.072525063573907,962.3902216817523,3233.153960149944,10.499211494025415
2023-01-01 11:12:00,1268.853770754151,57.17366194138722,30.846587802924407,132.09241780546856,7.123911054541372,956.2986752012683,3213.969091695392,10.475296799069426
2023-01-01 11:13:00,1269.253850770154,54.66782787882636,32.60827239478837,131.03487520328534,7.421503121472866,965.4580015233041,3269.9315210128525,10.542522691080839
2023-01-01 11:14:00,1269.6539307861572,53.54066131368965,32.3971556434699,129.7368540392073,7.65282029468285,972.3427049144343,3280.7671849269045,10.572255332116987
2023-01-01 11:15:00,1270.0540108021605,52.534659905485604,33.78177644189221,130.39098679980708,7.660049679941385,968.5969716275964,3295.1043084827716,10.573346548044753
2023-01-01 11:16:00,1270.4540908181636,54.426324914074904,31.885921041513793,130.8425131891562,7.173950281778455,964.2744883996879,3250.457805193538,10.543389047988951
2023-01-01 11:17:00,1270.8541708341668,53.89397257129234,32.896825448532226,130.08633310339468,7.441619314303368,966.9255627201494,3262.4843055494766,10.546683129526466
2023-01-01 11:18:00,1271.2542508501701,55.91002039768165,30.956709919308572,131.05773154165365,7.277264908156818,956.9391549233573,3238.624192702662,10.515756212982105
2023-01-01 11:19:00,1271.6543308661733,53.35269399028981,33.39974970454641,129.52904933220117,7.643755354069344,968.5286739817251,3293.789612736903,10.564518187007018
2023-01-01 11:20:00,1272.0544108821764,54.05313763404935,32.259936376691996,131.2866251389783,7.403521188710183,968.8776423803456,3273.4872813297898,10.550630717246879
2023-01-01 11:21:00,1272.4544908981798,53.03692031170961,32.76206669596396,130.96947977452882,7.681071223656879,962.9641607656763,3312.5540701629866,10.562930004324569
2023-01-01 11:22:00,1272.854570914183,53.03778098518695,33.41231636041986,130.1496766710624,7.589465707118642,969.5305557790637,3294.8133520206898,10.549858512037884
2023-01-01 11:23:00,1273.254650930186,55.356513819117936,30.992857569107926,131.7963611335743,7.278632419920486,956.7388044706512,3247.30575257055,10.492353414169981
2023-01-01 11:24:00,1273.6547309461894,53.879121358837544,31.77546770259841,130.05659187646296,7.417979268725743,965.2253350170015,3262.743751901301,10.52475471200868
2023-01-01 11:25:00,1274.0548109621925,55.243794739457925,31.771083945297974,129.96497402213026,7.379608551559486,960.2878606374685,3236.0736820689262,10.506322405226726
2023-01-01 11:26:00,1274.4548909781956,54.42381980082497,32.08683074955784,130.80919947168508,7.505361040559796,965.5195749458537,3260.0519653338456,10.534123380687927
2023-01-01 11:27:00,1274.8549709941988,53.7879709615168,31.971333315856576,130.41846938337633,7.583550883579911,965.3913153238137,3284.76737240538,10.546178345937625
2023-01-01 11:28:00,1275.2550510102021,54.30226451064777,32.279783108285194,130.55154608777744,7.326451126334341,964.4571643678572,3253.0675578479595,10.530496761052854
2023-01-01 11:29:00,1275.6551310262053,56.0841096696817,31.11441571287204,132.17118186740964,7.213028699875162,957.3407705353746,3231.5602629999935,10.487705700985202
2023-01-01 11:30:00,1276.0552110422084,53.52954827064112,32.963257732168216,129.4029231169058,7.444654464200168,969.0342320494777,3281.9069737203254,10.550274021384777
2023-01-01 11:31:00,1276.4552910582115,55.875641764216965,31.375018908027087,132.50804796489774,7.2542093982289595,959.4179262909611,3251.3865072809785,10.47710707291896
2023-01-01 11:32:00,1276.8553710742149,56.66619767568528,29.670360524412033,133.66242370781256,6.8229065798520985,953.4259455215893,3215.958770331974,10.456758445527543
2023-01-01 11:33:00,1277.255451090218,53.91009862085832,32.442566787985626,130.67348650014512,7.704836665730383,966.6802327025596,3280.6770238640192,10.53713283781497
2023-01-01 11:34:00,1277.6555311062211,53.106611822651,33.23509210372787,129.69748952607705,7.649555716224582,973.0812052436947,3285.9248015639077,10.559728956491902
2023-01-01 11:35:00,1278.0556111222245,55.44559464658377,31.95365730082847,131.05495505411335,7.3118419045719865,958.4597756166207,3224.7854572090405,10.506831934983202
2023-01-01 11:36:00,1278.4556911382276,53.98735824565575,32.89872193597345,130.01905725554278,7.381313258570434,974.6522291382806,3274.797479953155,10.546840629156288
2023-01-01 11:37:00,1278.8557711542308,55.88973962846795,32.33606891000766,131.17417880729147,7.464731710088492,960.6197148910072,3256.0728923539245,10.517233187407161
2023-01-01 11:38:00,1279.255851170234,55.168474455136106,31.806731530993837,131.49456111199876,7.493408955357676,961.9427242769259,3258.6573438551213,10.516358120990699
2023-01-01 11:39:00,1279.6559311862372,54.74354319968461,31.788369894938093,131.25239312563588,7.3379008129215775,957.6954334312742,3249.133326796891,10.507760584512791
2023-01-01 11:40:00,1280.0560112022404,53.36558671025799,32.84471098703024,130.6742368433603,7.530264717089163,968.0028628195554,3268.094030717586,10.55312933172485
2023-01-01 11:41:00,1280.4560912182437,54.01223530080378,32.17610522706932,131.07511753360575,7.372603661461583,967.1483034789262,3269.6974294246265,10.521492470952166
2023-01-01 11:42:00,1280.8561712342469,54.535259457812806,31.28263307725365,131.70146061757646,7.499334369106419,959.3723703168569,3248.542531329758,10.515828533248875
2023-01-01 11:43:00,1281.25625125025,54.41567869604456,32.252374911876636,130.7264582142062,7.412920406244614,968.940753688706,3263.4821357408878,10.521454352190592
2023-01-01 11:44:00,1281.6563312662533,53.47169512923647,32.964676926376605,129.45051643129574,7.594436303120155,968.4947127688016,3265.3337660527063,10.555146195312139
2023-01-01 11:45:00,1282.0564112822565,55.34493147470853,32.097237228725994,131.36224620723704,7.522594784097606,960.7356737013716,3261.7694313353486,10.529540719541664
2023-01-01 11:46:00,1282.4564912982596,51.57132989119357,33.858367748588364,130.0035460551193,7.575415156699046,973.0173370585309,3319.538447084982,10.58537358548962
2023-01-01 11:47:00,1282.856571314263,53.359242876069665,32.79719409158627,130.4319023315498,7.5135626223827785,968.9173201246008,3278.9113749987305,10.533847488406806
2023-01-01 11:48:00,1283.256651330266,52.7975159686103,33.63713262918248,129.2668749003909,7.65487982601195,970.2540359925454,3291.504445321573,10.555623217593947
2023-01-01 11:49:00,1283.6567313462692,53.76085168485907,32.5538006655676,130.72622253414326,7.492440847632974,971.1380105879473,3264.900513125647,10.538451887100749
2023-01-01 11:50:00,1284.0568113622726,54.54084164515359,32.23491240909022,130.63165270705952,7.488992439991317,962.3723148849931,3259.9341838642645,10.511544149821399
2023-01-01 11:51:00,1284.4568913782757,53.788786103551296,32.48498396812745,130.51994172549038,7.5715568996420375,965.8905545657194,3273.509261808307,10.54355989204482
2023-01-01 11:52:00,1284.8569713942788,55.66880114599196,31.145661697968844,131.90125155015937,7.157012135013416,956.4192157336946,3237.2836073959274,10.493127757350754
2023-01-01 11:53:00,1285.2570514102822,53.95851628632352,32.84106693786479,129.98450541373927,7.490154034291308,969.802639507753,3279.23471984103,10.529351723269098
2023-01-01 11:54:00,1285.6571314262853,55.73005811817179,31.494197545653385,131.63280834218267,7.154139546842327,953.0640599419178,3238.4226220479773,10.475231770636285
2023-01-01 11:55:00,1286.0572114422885,55.00880204763505,32.0570111930813,131.35495943876077,7.357750373350199,954.8681576967274,3247.380826057746,10.518378776244903
2023-01-01 11:56:00,1286.4572914582916,53.94366010924487,32.34813130173061,130.2277915009868,7.6273303065939,965.645439065948,3291.8806492154886,10.517701498808488
2023-01-01 11:57:00,1286.8573714742947,54.53817643489753,31.44783411316341,131.2038575390277,7.243735110838806,963.1575105549349,3265.4476182285484,10.527143998319502
2023-01-01 11:58:00,1287.257451490298,54.07483508011553,32.38026094643207,130.91418006297877,7.452112658522902,959.5395675051726,3255.1287613144027,10.528023075420487
2023-01-01 11:59:00,1287.6575315063012,53.2929728126803,32.85960539331349,130.4498886436987,7.531544021834348,969.5981819069651,3282.766429724056,10.551958626928332
2023-01-01 12:00:00,1288.0576115223043,57.13770854754702,30.40719206797278,132.50422579531016,7.23035635361931,956.2697590694013,3220.0248975231584,10.461906759982744
2023-01-01 12:01:00,1288.4576915383077,54.475957506222436,32.31444295090989,130.39644618409787,7.299828740382656,963.4400359279214,3269.6028311433047,10.519283736720102
2023-01-01 12:02:00,1288.8577715543108,54.08577994179928,32.21613234413056,130.18891029567692,7.313391271390016,962.9762266670708,3260.1130510121993,10.531932635338709
2023-01-01 12:03:00,1289.257851570314,55.005898930877635,31.479855017543702,131.52899003428374,7.29987730644953,967.5206078499486,3236.2260985703024,10.51949591883599
2023-01-01 12:04:00,1289.6579315863173,55.55535206898863,31.080283326832486,131.33443406488624,7.300938246465734,956.6283115800464,3255.772220496448,10.51146075184034
2023-01-01 12:05:00,1290.0580116023204,56.47347004442585,30.68371406016695,131.67591714671295,7.2121026409173865,959.1394440742268,3229.2232535320313,10.489792398550653
2023-01-01 12:06:00,1290.4580916183236,54.18494776278238,32.78161810670761,131.0580100182456,7.437922410942229,965.2928555670069,3251.201086923091,10.55141550289215
2023-01-01 12:07:00,1290.858171634327,54.98746999537033,32.62762705325045,130.7413623588752,7.4817441096205215,964.243209156139,3255.5582432895476,10.523244536832863
2023-01-01 12:08:00,1291.25825165033,54.35588761772696,31.940579545411516,129.82858769717419,7.340820917365854,966.175361434198,3266.259283392293,10.53868636091965
2023-01-01 12:09:00,1291.6583316663332,52.56572497139734,34.037810003630796,129.852803001659,7.7242802198619875,971.6269234864876,3279.4971304352293,10.574925260974753
2023-01-01 12:10:00,1292.0584116823366,53.29507289955329,32.637563629762,129.5189327237587,7.488769195958343,964.9380182705104,3278.005739575833,10.573710700788634
2023-01-01 12:11:00,1292.4584916983397,55.33637681290265,31.523841485905574,130.96251013593871,7.200055704803997,964.1848720586761,3245.5346655263997,10.502916684608907
2023-01-01 12:12:00,1292.8585717143428,53.23262063315186,33.04092216856519,129.9445120230876,7.53879448098842,963.3308448091942,3284.0178346259368,10.561758309286992
2023-01-01 12:13:00,1293.2586517303462,53.64122076969191,31.629982775216376,129.58060459006163,7.446300329114585,967.6300204282794,3261.404327304965,10.531653939536056
2023-01-01 12:14:00,1293.6587317463493,55.06280450111896,32.188818320717786,130.33821224543604,7.224774257072445,963.1256193808614,3245.846310007132,10.51179705239751
2023-01-01 12:15:00,1294.0588117623524,53.160756053020144,32.973215820335945,129.58912209479084,7.537054910412045,969.3676685337444,3296.2700510353993,10.563631533846298
2023-01-01 12:16:00,1294.4588917783558,53.01079825357211,32.77710273967048,130.51354842444178,7.577973131545951,969.1965149009109,3277.264066760811,10.539473933431148
2023-01-01 12:17:00,1294.858971794359,54.22460259378685,32.50825555549065,130.49465337275646,7.529461443629371,962.1710535124545,3251.8077904256556,10.514556164326878
2023-01-01 12:18:00,1295.259051810362,54.56775755683912,31.869532232764932,130.49988145100167,7.364125177750445,961.3548162359984,3277.7857816758287,10.530654019818899
2023-01-01 12:19:00,1295.6591318263654,54.07314867430897,32.70561356066907,131.02319333362013,7.227257398716325,964.8506121059344,3254.1765150328497,10.538200707215891
2023-01-01 12:20:00,1296.0592118423685,55.22679965571372,31.70110350778796,131.7840485506588,7.302919364924863,960.3548056365025,3238.5417180997165,10.506342905181814
2023-01-01 12:21:00,1296.4592918583717,55.76493555632564,31.386945577031494,131.53044287597984,7.3024028218503485,964.8336757488157,3241.1644166678057,10.503909308956958
2023-01-01 12:22:00,1296.8593718743748,55.2815428326185,31.534445319974918,131.10685311743518,7.233041907122591,961.4738823298069,3239.8948490475595,10.519980243062442
2023-01-01 12:23:00,1297.2594518903782,53.564737597081056,32.239881562039166,130.5433696081643,7.572769705210266,961.3053392695106,3261.522096683016,10.521691061624551
2023-01-01 12:24:00,1297.6595319063813,55.35558163631626,31.24840791056007,131.08410706961948,7.218472211629578,969.631348727724,3254.715893230539,10.509640685612894
2023-01-01 12:25:00,1298.0596119223844,54.85139728895156,31.71793525173008,131.41339734899788,7.2700330635736945,957.1727943372922,3242.2996602538446,10.511551583818623
2023-01-01 12:26:00,1298.4596919383876,55.156469488889506,31.82870564370147,132.24792589867218,7.213881847420011,960.3398797713717,3237.85197570608,10.498155764932893
2023-01-01 12:27:00,1298.859771954391,53.69294753059202,33.73662685483168,129.73178024982698,7.585876320522973,971.7468499770051,3287.73441813617,10.574712129470774
2023-01-01 12:28:00,1299.259851970394,56.82368238590644,30.18167996236175,132.24456652117053,7.190287006956458,955.839337044304,3219.8808803531083,10.491626213809
2023-01-01 12:29:00,1299.6599319863972,53.1414143755711,32.84275845611911,129.92344356516406,7.473980008454603,967.725361177009,3278.9243892059103,10.552392239537689
2023-01-01 12:30:00,1300.0600120024005,55.117821491604204,31.95797651320164,131.75833279383423,7.496033129536935,961.3199923544202,3245.3833407897323,10.508979641582199
2023-01-01 12:31:00,1300.4600920184037,54.34989014595734,32.988989626764884,130.40464977815873,7.474039911989367,966.5862682359807,3275.030554875289,10.544122441973743
2023-01-01 12:32:00,1300.8601720344068,53.42407006767639,33.33184920277268,129.43643555166423,7.52568785458916,973.821832069667,3277.1340157989416,10.534750161065968
2023-01-01 12:33:00,1301.2602520504101,54.96354618764096,31.990965957702702,131.71479633875896,7.19391781347029,963.0253767640664,3241.991885092841,10.491240240508604
2023-01-01 12:34:00,1301.6603320664133,53.51032360851703,32.496431146386215,129.9017910650625,7.603029390497183,965.3013911222304,3269.321378597222,10.542450676551807
2023-01-01 12:35:00,1302.0604120824164,56.24864646308986,31.245184025419153,131.40623326831914,7.352488607900533,956.0267167846669,3236.7233895512973,10.50318763060143
2023-01-01 12:36:00,1302.4604920984198,55.222622606696305,30.94994276746825,131.6773537341622,7.172642723594296,959.2352433709463,3235.690510143459,10.515034598569082
2023-01-01 12:37:00,1302.860572114423,52.58126311841294,33.62452762076016,128.81585984989616,7.718566318962085,970.9332525927115,3300.741194006869,10.576842653183567
2023-01-01 12:38:00,1303.260652130426,54.764857808041285,31.40050451401307,131.65351790614662,7.459368747965129,957.070090773157,3251.945828788852,10.519605307333494
2023-01-01 12:39:00,1303.6607321464294,53.625485029274216,31.743690218246503,130.95535779510925,7.274327074884665,961.814350965853,3278.6730601218524,10.525020981989554
2023-01-01 12:40:00,1304.0608121624325,54.75577304529182,32.323468766100255,131.4210761422574,7.3428863764166605,962.0633240715622,3271.7029589064573,10.526537908954227
2023-01-01 12:41:00,1304.4608921784356,54.86533323949941,31.602284681080537,131.3637098293662,7.462416103003343,966.9532985198244,3244.8867818841454,10.502268091681296
2023-01-01 12:42:00,1304.860972194439,56.52090074135246,30.86624865921309,131.97108147136456,7.144563106407889,956.4713029091902,3211.6025127341886,10.495326098170773
2023-01-01 12:43:00,1305.2610522104421,54.62163280038407,31.61303528176056,130.76922058756998,7.274895596521218,958.6937612017891,3259.2512241683107,10.515039741520823
2023-01-01 12:44:00,1305.6611322264453,54.67767009505069,31.995707415776558,130.96880840161958,7.396453542590419,961.5366444174132,3246.818542518811,10.523767605300486
2023-01-01 12:45:00,1306.0612122424486,53.73016208040855,32.63834568066284,130.4794095535352,7.378852443444717,969.1255915806044,3274.830041917397,10.542676659728334
2023-01-01 12:46:00,1306.4612922584517,55.47647641165656,31.09921080760731,131.09243710080392,7.298973536802873,960.7863048792614,3233.1472537067007,10.48604528891964
2023-01-01 12:47:00,1306.8613722744549,54.75443399082892,31.92460703495682,130.82185474517573,7.2381164369102615,965.7648904199694,3263.948723527817,10.521171111155981
2023-01-01 12:48:00,1307.2614522904582,54.8588974819061,31.98517359882256,130.8607960100704,7.195034499588492,963.0465740942606,3245.9640626512255,10.504607217791204
2023-01-01 12:49:00,1307.6615323064614,56.173168709221635,31.28687149587933,132.87532519558815,7.240492190028336,958.5077248927853,3231.7439147281075,10.498451075811273
2023-01-01 12:50:00,1308.0616123224645,57.382936887138044,30.131265625383616,133.30698810578716,6.800470661523645,951.0752959247815,3181.0823727034235,10.470897605714393
2023-01-01 12:51:00,1308.4616923384676,54.882637643637175,30.561946103777473,132.3805758569149,7.13912527741949,967.0587484944535,3230.3888257968497,10.495438135842607
2023-01-01 12:52:00,1308.8617723544708,53.02055664934266,32.95764821450652,130.28155390026808,7.586865008232285,965.931857599433,3282.988801776342,10.53471275757475
2023-01-01 12:53:00,1309.2618523704741,53.54734227964377,32.920090435885115,129.294704314916,7.489474264937851,964.8509166029818,3271.4476625395987,10.534091690182397
2023-01-01 12:54:00,1309.6619323864772,53.70994547630767,32.10253190956843,130.7579542902429,7.409222167598266,963.4860243959263,3270.5728527084675,10.534265851973567
2023-01-01 12:55:00,1310.0620124024804,55.10853762565732,31.480046861166777,132.1284409806559,7.248346294313443,957.5649990512221,3234.8597509238593,10.51137540191007
2023-01-01 12:56:00,1310.4620924184837,57.47085563707416,30.20594561403101,132.6313446620354,6.996224876209276,947.453524401762,3206.7660493733465,10.472087786352104
2023-01-01 12:57:00,1310.8621724344869,53.26053541034857,32.510976392736225,130.58635139801362,7.599767790278528,967.0262724388907,3268.5092945482775,10.551597833233659
2023-01-01 12:58:00,1311.26225245049,56.505056197026946,30.05804512092001,132.66812023485153,6.989669487132921,953.6144220805625,3227.9970214013624,10.474435622711551
2023-01-01 12:59:00,1311.6623324664934,52.99991836681625,33.2541364590592,130.12600260458498,7.468510184665999,961.8177885580964,3286.8962891620936,10.54786849940052
2023-01-01 13:00:00,1312.0624124824965,54.49691814521495,32.256715987763656,131.0135053912504,7.524809586951361,963.9856476838852,3244.1420698872507,10.536967819100838
2023-01-01 13:01:00,1312.4624924984996,55.15033109306613,31.86868921008399,131.76516005962145,7.295752294529573,957.9647214229371,3256.215799639086,10.4885594583186
2023-01-01 13:02:00,1312.862572514503,53.185135161199305,32.08719824449051,131.3525850744713,7.3988737226020165,967.9214944200477,3269.280556812615,10.531771652557067
2023-01-01 13:03:00,1313.262652530506,53.757275195685985,32.14499194166759,130.22424540707482,7.386038814011771,962.396600587161,3256.31011883129,10.53392516298108
2023-01-01 13:04:00,1313.6627325465092,54.25875487970138,32.48418697719058,131.9700709555684,7.448014986154855,961.707822379427,3238.7761679003984,10.533966816540365
2023-01-01 13:05:00,1314.0628125625126,56.263925449850575,30.9748761605865,133.2812700472042,7.043626402843466,956.711120509314,3209.563007394071,10.47093373360599
2023-01-01 13:06:00,1314.4628925785157,57.79655595376245,29.077646413392728,133.21698929951782,6.904261756384497,947.6791018025829,3202.6455745393328,10.442939342555741
2023-01-01 13:07:00,1314.8629725945189,55.101842313879516,31.35848778973905,131.9825205213987,7.353287046252448,956.7288452737727,3238.31307207262,10.493800220968458
2023-01-01 13:08:00,1315.2630526105222,55.161780944035556,31.344200521966155,132.87349844816836,7.168494324114405,954.8753817031012,3238.8679932990185,10.490042845475225
2023-01-01 13:09:00,1315.6631326265253,54.422436223630896,32.125249534498145,131.64841308039092,7.246488661744334,967.352923536288,3278.8714678222786,10.509883647586996
2023-01-01 13:10:00,1316.0632126425285,56.49068071779846,30.468109229184734,131.5081363276947,7.1273465758135846,953.7554085124269,3208.6710655053485,10.484285357256558
2023-01-01 13:11:00,1316.4632926585318,54.282612193650635,31.92169353635715,130.80090544383597,7.503901334627321,960.440928970767,3247.988215281453,10.525354119675113
2023-01-01 13:12:00,1316.863372674535,53.82002063492104,32.318761858660395,130.44897957943957,7.551546587587112,964.3243202187628,3264.479407311452,10.526238108559943
2023-01-01 13:13:00,1317.263452690538,54.67813596209416,31.91217728331944,131.82222853671482,7.297738798483808,960.5960277846193,3249.1367544906784,10.510990805466202
2023-01-01 13:14:00,1317.6635327065414,56.32589347963488,29.902388425770745,133.27185804016676,6.805285866227879,954.5629416199391,3216.358079799126,10.470429567026747
2023-01-01 13:15:00,1318.0636127225446,54.81366317349215,31.039874260289785,130.72900519821403,7.251943840647455,957.61500988567,3238.852231510654,10.525263739420648
2023-01-01 13:16:00,1318.4636927385477,54.03868743967583,32.117824070659736,130.4069070317387,7.368887958375084,969.8286721485846,3256.418087926542,10.526219063929684
2023-01-01 13:17:00,1318.8637727545508,54.465965742661034,32.24250881100572,130.1052672607927,7.475306858389186,962.3352701987637,3273.342595841606,10.536542108225902
2023-01-01 13:18:00,1319.2638527705542,55.316136108349006,31.2286954734838,131.9286589684388,7.197114882761328,962.839137248995,3234.775279902839,10.482686092342705
2023-01-01 13:19:00,1319.6639327865573,54.21354135978582,31.76758676943836,130.78439448748315,7.472122033229546,964.3606721224901,3261.722216275831,10.515941369791497
2023-01-01 13:20:00,1320.0640128025605,53.99752790311621,31.879014193746066,131.43424533927765,7.254874190268683,963.8573128174476,3246.83492286954,10.529952135575826
2023-01-01 13:21:00,1320.4640928185636,53.681872413637834,32.131174158952504,131.57954286367232,7.457878978489642,967.6947984220312,3278.4361287527167,10.541868440874763
2023-01-01 13:22:00,1320.864172834567,52.83304295327447,33.10823236479189,130.2462601063575,7.3295652402489475,967.2676494201711,3290.9498667974303,10.52967136016674
2023-01-01 13:23:00,1321.26425285057,54.67525998648781,31.947010540507787,130.86387112261966,7.322835426805019,959.1854074871263,3256.008083754204,10.497701631558291
2023-01-01 13:24:00,1321.6643328665732,55.720145551442414,31.643848991981056,132.00965253803727,7.0866478273926194,961.940477630234,3223.815917276618,10.516851252970048
2023-01-01 13:25:00,1322.0644128825766,52.36598297443611,33.0581057193272,129.78651006367326,7.765445159922244,975.8967835757611,3293.7434786335366,10.549839331516033
2023-01-01 13:26:00,1322.4644928985797,54.43405963989342,32.25681173876492,130.8033006849555,7.4365305705852345,963.9884672301937,3264.8594593597545,10.516914376470613
2023-01-01 13:27:00,1322.8645729145828,56.76192178863966,30.15464467456297,132.79950113721554,7.038229203942622,953.5136056555364,3211.908720457416,10.4712148606635
2023-01-01 13:28:00,1323.2646529305862,55.34957977722952,30.75949712284846,131.4320108075522,7.021544460089113,958.3390489900668,3240.97301801083,10.483331886089795
2023-01-01 13:29:00,1323.6647329465893,53.58051512551644,32.14776848283236,130.61269490885874,7.404267711174444,960.3124068602556,3267.4345769103215,10.527046322079617
2023-01-01 13:30:00,1324.0648129625924,54.24902041051244,31.907484440099125,130.87823224760237,7.372574267953522,965.244200669906,3246.284460427233,10.50875883410356
2023-01-01 13:31:00,1324.4648929785958,55.66520322918796,31.528250301782094,132.63246083336458,7.013239383366963,952.4395313483413,3233.9040952421637,10.479393418914658
2023-01-01 13:32:00,1324.864972994599,54.670505971867804,31.895172598704267,130.96807602538172,7.216350932919838,965.003599291104,3245.9911674456907,10.486251772478983
2023-01-01 13:33:00,1325.265053010602,54.513486201583305,32.14714191693368,130.8390547235959,7.410374273066583,962.3153920382363,3257.6470984091225,10.500429224089977
2023-01-01 13:34:00,1325.6651330266054,53.74295142358977,32.12495975037397,130.4885207878394,7.2933274028933806,968.084604401519,3262.2470117013127,10.535766742369328
2023-01-01 13:35:00,1326.0652130426085,56.27484429896036,30.485566774810824,131.96198769882682,7.030254368845804,950.0853852159906,3226.183540104585,10.487083853523021
2023-01-01 13:36:00,1326.4652930586117,54.03687726751276,31.569172171988615,131.60653096483009,7.334784017308287,967.3128828500772,3277.591183183382,10.529018175673338
2023-01-01 13:37:00,1326.865373074615,56.4378350459746,30.0398553450876,133.32301308650833,7.014744088397131,953.5126276350802,3223.1510095658637,10.474593047761395
2023-01-01 13:38:00,1327.2654530906182,55.96579360601422,30.043892391604132,132.7871939164935,7.110030035827821,953.5868821060401,3210.197036434599,10.474478621427698
2023-01-01 13:39:00,1327.6655331066213,54.66825995358777,31.647716793465076,131.37959776155233,7.400997076173742,963.3731899944264,3250.407495928932,10.485421614246548
2023-01-01 13:40:00,1328.0656131226247,55.5328610753198,31.00533806804663,131.90375928833032,7.203514398033453,960.2089266732753,3225.6242815304345,10.480806078542226
2023-01-01 13:41:00,1328.4656931386278,55.853242768831905,30.30752808602938,133.08623018979534,7.2104967611988,956.3036377565869,3230.0414178300107,10.486003938129492
2023-01-01 13:42:00,1328.865773154631,55.814356141939044,30.933546874274665,132.07564891143778,7.136762706112231,949.6610737704323,3222.5291729487367,10.465653722285055
2023-01-01 13:43:00,1329.265853170634,54.54993682615816,32.004947071909534,130.55301902806565,7.210459207512871,961.8458552258519,3239.179321938356,10.509260154926828
2023-01-01 13:44:00,1329.6659331866374,56.11177564911373,30.118638924627806,132.94959318641963,7.036708776158112,957.0614800821468,3218.462133578021,10.46663019928546
2023-01-01 13:45:00,1330.0660132026405,55.11111051793056,32.08460772025839,131.2516685722798,7.29214832782428,959.2997869710653,3257.3226295760114,10.511466846264538
2023-01-01 13:46:00,1330.4660932186437,53.596493630660085,31.523026437996357,131.164457527554,7.418834288082847,962.7789943575674,3255.9994586636217,10.510433725653515
2023-01-01 13:47:00,1330.8661732346468,54.12059498026407,31.734854280330282,131.3316661920747,7.26101790588878,962.6958795516216,3236.1918011680596,10.508541498047148
2023-01-01 13:48:00,1331.2662532506502,55.57351566942553,31.36022045930789,131.52493374694336,7.199031250393111,963.5937779304211,3243.2986011992316,10.506699515327641
2023-01-01 13:49:00,1331.6663332666533,54.95589632663244,31.686639110678055,132.05604872843463,7.106539619798456,959.2882794958858,3233.8033067015936,10.499350687953715
2023-01-01 13:50:00,1332.0664132826564,54.884069804310215,31.724731836210356,131.3992319425707,7.221021960950945,957.3506622019707,3250.0740172693772,10.51206817770979
2023-01-01 13:51:00,1332.4664932986598,57.20959929230893,29.655653469037905,133.1690862567473,6.921183788182388,955.2918929796591,3213.277744656749,10.461216120652304
2023-01-01 13:52:00,1332.866573314663,54.822562257929704,32.04210589324143,132.0257491112974,7.3171420117305175,959.6729389714445,3230.283305892058,10.49497157981624
2023-01-01 13:53:00,1333.266653330666,55.525823858855986,30.75339881797823,132.6054935060204,7.097368719492971,959.8233366232186,3234.5384002794012,10.48151832608036
2023-01-01 13:54:00,1333.6667333466694,56.40562606491524,30.060302195573197,132.1706104508164,7.249287972048301,951.9537600006701,3204.3964576086055,10.475359203950527
2023-01-01 13:55:00,1334.0668133626725,55.12293589453292,31.9310163780494,132.06640234552353,7.155769617747964,956.1924135137696,3243.8253182646404,10.50224063422462
2023-01-01 13:56:00,1334.4668933786756,53.89950550596149,32.19995391502448,131.35835906133312,7.283887451101873,960.8005003247979,3248.3528521575518,10.526088590527769
2023-01-01 13:57:00,1334.866973394679,54.32570184013294,32.04728016538104,131.67701315422997,7.407619695571125,967.3265036212564,3254.8179150227324,10.51199302202328
2023-01-01 13:58:00,1335.2670534106821,54.66079215793589,31.429487288306383,131.72203465487962,7.087719906909403,959.145934990324,3240.9025098838138,10.498375559568002
2023-01-01 13:59:00,1335.6671334266853,55.03363389598775,31.024379141570982,131.5330110687011,7.227827398683416,961.7067908739509,3216.3854250434483,10.485203998542445
2023-01-01 14:00:00,1336.0672134426886,55.93394177922379,31.0607880741832,131.7309961420565,6.971673360037658,960.7501092701965,3213.895837107509,10.460832659719093
2023-01-01 14:01:00,1336.4672934586918,54.668811865702764,32.08330816169115,131.62468761175373,7.307314027843789,962.7873646130769,3226.3618077418964,10.532039470303655
2023-01-01 14:02:00,1336.867373474695,53.74869792161141,31.070333298745894,132.2602479687904,7.302183059118352,966.8775438910078,3255.1235081587442,10.487335645008558
2023-01-01 14:03:00,1337.2674534906982,55.89793437940893,30.254646040278697,132.7675475492043,7.131977804944101,950.7836647276046,3194.2992539734682,10.461240786512183
2023-01-01 14:04:00,1337.6675335067014,56.304336207407,30.368313192255734,132.7277757600262,7.011318459932621,952.6388465783275,3204.1817366616397,10.453165537568715
2023-01-01 14:05:00,1338.0676135227045,56.162959990816546,30.737200244909808,132.51935995548112,7.105093946715267,953.4964032928463,3237.026250645156,10.471351520816565
2023-01-01 14:06:00,1338.4676935387079,56.02315933417646,30.15541805855666,132.0883416974926,7.022781113056841,950.3228938653856,3201.3585163071034,10.464868200241956
2023-01-01 14:07:00,1338.867773554711,55.075706336039346,31.359496446007306,131.67259313473468,7.094494528911522,956.7896968773758,3227.75137023064,10.482558131752503
2023-01-01 14:08:00,1339.2678535707141,54.46143257471223,32.17054335841138,131.4348353233708,7.290797662153509,960.9336210759404,3255.185749574517,10.526145056862891
2023-01-01 14:09:00,1339.6679335867175,52.899092279914726,32.861300647185345,130.92576823662856,7.465223799117222,963.6356585225323,3266.629245261231,10.531383098840234
2023-01-01 14:10:00,1340.0680136027206,55.87766593154148,29.849091448137912,132.38053083690644,7.072822202428742,954.0840837491218,3189.9474428963463,10.47556359589802
2023-01-01 14:11:00,1340.4680936187237,54.26516334698837,31.64811669642978,131.94117763510783,7.323440896329985,964.0152354903363,3252.7325351320023,10.520977095534723
2023-01-01 14:12:00,1340.8681736347269,56.04833011027723,30.857107562716976,131.18687357959004,7.146779256511253,960.9113103741997,3239.1577300804793,10.48543626377575
2023-01-01 14:13:00,1341.2682536507302,52.72682864530039,32.950236035536705,130.9254333163079,7.377351191335,966.3771840759432,3284.3452226238032,10.519033400893301
2023-01-01 14:14:00,1341.6683336667334,55.27149618813381,31.329070526917658,132.547299623843,7.160788690479645,962.6413716675469,3219.0768140985733,10.49943152394868
2023-01-01 14:15:00,1342.0684136827365,54.938974832387075,31.424668729934687,132.27553769671297,7.224516424515794,965.8340439143589,3236.1616452772346,10.501397159375113
2023-01-01 14:16:00,1342.4684936987396,54.15026926567784,31.965270775440032,131.0704529457231,7.426514477893968,961.797686830369,3260.4773881083215,10.520923765376244
2023-01-01 14:17:00,1342.868573714743,54.81312622341027,32.04010010934457,131.47505371386396,7.284938825954506,963.556046328419,3246.0577232981263,10.518218477744117
2023-01-01 14:18:00,1343.268653730746,55.476141248010705,30.88851782789161,132.46600345185024,7.044059968149593,954.8550371823953,3232.4480895486026,10.476956302434159
2023-01-01 14:19:00,1343.6687337467492,55.81974174320183,30.318361359491707,133.43987104448027,7.169868423138298,950.9123498210046,3213.4923207901966,10.457318163957206
2023-01-01 14:20:00,1344.0688137627526,54.79081357803093,30.823127354485457,132.42044955867277,7.297548670481473,958.7395302205753,3225.29631151149,10.485968178851769
2023-01-01 14:21:00,1344.4688937787557,54.897333310347264,31.079748979842982,132.39918273223455,7.165612332493966,961.0326272749938,3240.1854192525893,10.521049750529414
2023-01-01 14:22:00,1344.8689737947589,56.196852089805525,29.89526439281772,132.10832116230884,7.132913641719803,955.6102812714398,3194.5917426398805,10.470114383995956
2023-01-01 14:23:00,1345.2690538107622,55.48415742625842,30.778568586027355,131.62763326652038,7.345124865145411,962.1542284837941,3241.1603924910505,10.516779301685228
2023-01-01 14:24:00,1345.6691338267653,55.844545753937616,30.714165584865665,132.34828065878102,7.214962773395459,955.1752296407386,3221.5974028173305,10.489087835169205
2023-01-01 14:25:00,1346.0692138427685,56.03192266142921,30.605550929624066,132.54799922644523,6.91111622999717,959.7855627582666,3213.753121276063,10.484546330283528
2023-01-01 14:26:00,1346.4692938587718,53.96122202231792,31.730548384734014,131.11628941589072,7.137909277169929,964.7798351853013,3250.5794628533254,10.511216710458234
2023-01-01 14:27:00,1346.869373874775,56.95997716772875,29.7601870408249,132.3899755646186,6.8132694955734205,943.349537146957,3206.081431122105,10.430993344720278
2023-01-01 14:28:00,1347.269453890778,55.510050268886985,30.331222137608343,131.3713885172004,7.04557444636757,954.7273003922261,3223.2848708100605,10.467337758199674
2023-01-01 14:29:00,1347.6695339067815,56.6306213516263,29.926908715822588,132.60223508585835,6.825566606236544,952.7223492658331,3216.672920813347,10.455939546643096
2023-01-01 14:30:00,1348.0696139227846,55.21698589745204,30.66016381963052,133.5697518381043,7.167464776461373,965.075059301961,3222.951469539107,10.502024811065334
2023-01-01 14:31:00,1348.4696939387877,54.88109652595527,31.345625354398354,130.06171786867307,7.302278831974407,960.7436001487125,3223.9910622455,10.49798948386986
2023-01-01 14:32:00,1348.869773954791,55.93750330175176,30.198681018016103,132.74161408885752,7.150302906773078,953.7044967182595,3196.337218603239,10.47043851658099
2023-01-01 14:33:00,1349.2698539707942,54.80334896854955,31.60759216477653,131.62973589726252,7.137702183312036,958.0432341473328,3251.2103538575143,10.48735345141905
2023-01-01 14:34:00,1349.6699339867973,56.54476211732588,30.10878158715337,132.77428158401543,6.921710792582258,952.8762418083634,3227.736606310602,10.47688504992378
2023-01-01 14:35:00,1350.0700140028007,55.909840998172875,31.428987007535632,132.03327927196574,7.1525518015134315,961.6916639702108,3231.6430640863987,10.473048581083871
2023-01-01 14:36:00,1350.4700940188038,53.52915720193438,31.418702509291546,130.70108287722263,7.196423875574069,962.5530018815464,3245.3984503127695,10.52507052562626
2023-01-01 14:37:00,1350.870174034807,54.44132242885059,31.267499709087193,131.97870767247898,7.451965580958077,965.0819272984392,3241.0876120436196,10.505523003147935
2023-01-01 14:38:00,1351.27025405081,56.25349901768069,30.106188833459075,132.04918426050588,6.926831291993063,951.8184574652468,3206.5036321853477,10.462180327910898
2023-01-01 14:39:00,1351.6703340668134,56.057171322698906,30.153525036003476,133.4306937726845,7.034648157361673,955.8577849187623,3216.9230059592232,10.482036581207165
2023-01-01 14:40:00,1352.0704140828166,55.37743082626908,30.734565870618297,132.09544803053248,7.191870938045736,952.8504002947958,3239.058253687127,10.507408680253823
2023-01-01 14:41:00,1352.4704940988197,54.97994052504266,30.85274728541762,131.71356869062782,7.098528860463407,954.7957195798907,3228.916412222976,10.469320337638909
2023-01-01 14:42:00,1352.8705741148228,55.5639990166065,30.06485531596608,132.19252187441262,7.005924222589298,953.4545623463696,3203.740455312931,10.480738140087452
2023-01-01 14:43:00,1353.2706541308262,56.125231641913146,29.790241493541448,133.49388605961744,7.185768166649006,951.9907060150421,3194.136627574336,10.445782904844735
2023-01-01 14:44:00,1353.6707341468293,56.27679703499367,30.05351608845449,132.2505933444607,6.958927312876521,951.8069533127482,3210.8562103636855,10.45565114727701
2023-01-01 14:45:00,1354.0708141628324,56.43967396569909,30.563543233107232,132.9721068047528,6.992968539330782,951.52289009915,3200.7397788041812,10.436381235290142
2023-01-01 14:46:00,1354.4708941788358,54.25487984922845,31.265126568822538,131.6617405902195,7.170527773055226,963.152602358558,3237.799664116486,10.49699273500294
2023-01-01 14:47:00,1354.870974194839,55.065088599333414,31.415960400227227,131.59428865438258,7.29320266015912,958.3515358057001,3240.2167803338143,10.503315039175
2023-01-01 14:48:00,1355.271054210842,52.90270516642846,31.539882384339933,131.38782338248114,7.3448343744532485,964.6215586958588,3248.1757487850937,10.526138668556904
2023-01-01 14:49:00,1355.6711342268454,56.24581926110998,29.245466401540096,133.76235549854937,6.8629167667393505,949.2360504928001,3192.9191243127298,10.449978610459715
2023-01-01 14:50:00,1356.0712142428486,55.958119149108725,29.620659827957812,132.89824830608586,7.047887189103959,952.5397190993929,3218.452803599033,10.469784021878237
2023-01-01 14:51:00,1356.4712942588517,54.990551800086074,30.499284684216455,132.76604997317327,7.193707433564349,962.7318281818126,3223.2226767005855,10.49312208015869
2023-01-01 14:52:00,1356.871374274855,56.75873032248667,29.56913470810294,133.78914480049704,6.860222937851957,949.6870537375919,3199.4413101131454,10.453652497336357
2023-01-01 14:53:00,1357.2714542908582,55.200315112185464,30.785540864017626,131.79116142311094,7.138594784955312,956.9003841298069,3244.5079237073915,10.499233424267809
2023-01-01 14:54:00,1357.6715343068613,56.272224735423315,30.147207016658907,132.33244112539725,6.955997303062446,954.1427699843346,3197.5986558956342,10.483896857039605
2023-01-01 14:55:00,1358.0716143228647,55.94075825737906,30.540322476968516,132.55755512302747,6.924652572642781,956.1927700752301,3220.043277647543,10.468863994083675
2023-01-01 14:56:00,1358.4716943388678,55.19282541917989,30.561520445781753,132.85426396380197,6.989661522790222,953.385542480906,3210.0257743345624,10.483010592813176
2023-01-01 14:57:00,1358.871774354871,56.310426850313135,30.546646465373513,132.06754248693608,6.9546966647506405,949.0162803068707,3197.0066447901986,10.446792259162137
2023-01-01 14:58:00,1359.2718543708743,56.295510441257626,30.230736111373908,133.17309789472765,7.03553968583438,950.8110718302895,3204.2586753798705,10.448998146850894
2023-01-01 14:59:00,1359.6719343868774,53.988394190953564,31.156338221772295,131.33630186048555,6.962564017458755,949.5660006620383,3214.720392774208,10.496699350393907
2023-01-01 15:00:00,1360.0720144028805,55.5252000349897,30.620041237903926,132.16848038726081,7.046806931910846,952.023808553551,3221.2707770854176,10.466643313825468
2023-01-01 15:01:00,1360.472094418884,54.77417761619581,31.306052777889526,131.86044201769778,7.119248968393894,960.7298300834366,3244.404537412862,10.503498694154175
2023-01-01 15:02:00,1360.872174434887,54.31938050976597,30.98812480025028,130.29076556836637,7.370563810775975,962.2400649222187,3249.8852732938644,10.514360856634388
2023-01-01 15:03:00,1361.2722544508902,55.93964880317159,29.629559840099002,133.73414438933298,7.063939371044313,950.8054990014541,3212.713566479663,10.475445075339724
2023-01-01 15:04:00,1361.6723344668935,55.946396947528406,29.622885420274883,133.76545756074808,6.861423338318156,951.2993068357172,3188.0900831963354,10.456141955769471
2023-01-01 15:05:00,1362.0724144828966,56.995815976644366,29.508667143189395,132.72110941602844,7.008383587527797,952.7231386084261,3167.070546734028,10.455226985385597
2023-01-01 15:06:00,1362.4724944988998,54.49774345450926,31.064726942504752,131.80410059870275,7.2588184324421015,958.4822497560034,3227.895035090374,10.481685306707245
2023-01-01 15:07:00,1362.872574514903,56.40064501157552,28.35941969113324,133.98896204407393,6.7495020236356345,945.5688479637743,3166.8242087547305,10.430084574290456
2023-01-01 15:08:00,1363.2726545309063,53.510446290867456,31.99375756699983,130.8842298770416,7.150321357942404,961.125934674337,3249.87648108161,10.521512766217445
2023-01-01 15:09:00,1363.6727345469094,54.03268451514808,31.73793245939848,130.9984716783306,7.351628846381192,959.2354803084467,3264.480645298653,10.541968495101539
2023-01-01 15:10:00,1364.0728145629125,54.3310293474842,31.179921879923047,132.12362605061983,7.027072447308897,958.8530552842577,3228.021728354859,10.47603270117192
2023-01-01 15:11:00,1364.4728945789157,54.305243517148654,31.23453909384984,131.76751670266583,6.913210136316381,965.0572821488531,3233.4677714492427,10.508578752154282
2023-01-01 15:12:00,1364.872974594919,54.94409271095504,30.666099771160784,132.32786018002994,6.954585537732817,951.4165964739145,3230.5972473473107,10.47833764149489
2023-01-01 15:13:00,1365.2730546109221,56.42880128403168,29.2598612161298,133.45759806617608,6.975143269314372,947.5382179573534,3208.80380924677,10.448309341468377
2023-01-01 15:14:00,1365.6731346269253,55.443829626429505,29.81956096857596,133.00626400493428,6.985500226617213,953.6543809785612,3212.6027028064723,10.45723923149724
2023-01-01 15:15:00,1366.0732146429286,55.673890837861535,30.321574439140655,132.5503357323399,7.117122176800192,952.3946311579595,3204.3715390968478,10.463671692828065
2023-01-01 15:16:00,1366.4732946589318,53.72962448685649,31.51424558654024,131.70306080762177,7.4187638028294485,962.3820539891896,3244.927564828894,10.504497268946468
2023-01-01 15:17:00,1366.873374674935,54.708419697879435,30.54214764667112,132.55006630364537,7.185217171822913,955.1126752687529,3232.4891149093723,10.499879436868845
2023-01-01 15:18:00,1367.2734546909383,56.23496585426505,29.85575135242333,133.652333879623,6.783245118386874,942.9861229603621,3190.0791727418664,10.46229712929518
2023-01-01 15:19:00,1367.6735347069414,55.548033808307174,30.541053347601352,133.34454851151997,6.941823065056031,957.5578591950828,3230.2532177398984,10.47095589727478
2023-01-01 15:20:00,1368.0736147229445,54.5103736211645,30.81205974352254,131.33483353050448,7.13586081248027,959.5981007495991,3237.487641290221,10.483397709225336
2023-01-01 15:21:00,1368.4736947389479,53.59571160149198,31.014166357440452,131.43347845015091,7.120369394054154,961.6769767559625,3225.7995588157432,10.50577954476543
2023-01-01 15:22:00,1368.873774754951,54.98256600850361,30.558452347933198,132.85037807854897,6.891841895441626,959.4890876285475,3199.5394993006394,10.467472644810979
2023-01-01 15:23:00,1369.2738547709541,55.26247849222332,29.813500668082522,133.09904743693582,6.873566458113724,950.3607934031827,3198.586610144922,10.471371733672322
2023-01-01 15:24:00,1369.6739347869575,54.80785591931567,30.442309816766954,132.43548345020426,6.987030410884499,959.3976837299928,3203.2982099061287,10.47751058338486
2023-01-01 15:25:00,1370.0740148029606,55.0769223229547,30.04666603180334,133.20921884901082,6.930335415302568,956.797298913346,3201.2476487781432,10.45700101240901
2023-01-01 15:26:00,1370.4740948189637,54.93069438766157,30.10702429789296,132.8379999441056,6.982047061783288,952.3337596861988,3210.416699709397,10.477220863357768
2023-01-01 15:27:00,1370.874174834967,54.80628102483344,30.285305025870617,132.91335229720852,7.12207109499882,952.1093701477996,3219.5413336663896,10.485226164258066
2023-01-01 15:28:00,1371.2742548509702,55.806540277515616,30.529173237143844,132.33123934024331,6.945310923854594,949.5384501563728,3208.7472243549673,10.461906413046483
2023-01-01 15:29:00,1371.6743348669734,55.22922836527136,29.633999378449776,133.09227796449045,6.994758425318624,953.3427146882002,3198.276188765175,10.462711627142886
2023-01-01 15:30:00,1372.0744148829767,56.58872993954968,28.812900362429,133.70621034970804,6.803503881874684,943.0930256617282,3164.6106849780326,10.422237222195962
2023-01-01 15:31:00,1372.4744948989799,55.54365486213409,30.730148309549335,133.1001245468168,7.104449787305006,954.2783416774334,3202.430083915445,10.465804032363136
2023-01-01 15:32:00,1372.874574914983,55.159118169788286,30.28907503820784,132.95342581291158,6.990853131795347,952.8802975063703,3201.3120724996916,10.477462563333175
2023-01-01 15:33:00,1373.2746549309861,53.85321290622568,30.920125201199813,131.93510782330566,6.9879174239611155,957.2541409045681,3217.3675946374437,10.482023296007933
2023-01-01 15:34:00,1373.6747349469895,54.95911303880493,30.964574484401773,132.99001568792846,7.01985677234799,957.3943709705129,3221.0019529990586,10.479819332191719
2023-01-01 15:35:00,1374.0748149629926,56.303630410146226,30.037113391913337,133.39885950613555,6.747720388543564,950.4944368733533,3188.4281434607756,10.433155800593662
2023-01-01 15:36:00,1374.4748949789957,54.013246766136774,31.119936074803213,131.09379984028453,7.291362950002153,961.7709846949715,3228.2926762235143,10.497924392224405
2023-01-01 15:37:00,1374.8749749949989,56.714957703413575,30.174337884933585,133.04429595191948,6.748446029917831,956.4346264807424,3197.867472788239,10.457299941171954
2023-01-01 15:38:00,1375.2750550110022,54.98387272053376,29.737196900226927,133.94090802350107,7.014690158117053,947.1915234201614,3212.060110787348,10.460331033489716
2023-01-01 15:39:00,1375.6751350270054,53.93351795835156,31.025394823511725,131.35222664047464,7.289946616779971,961.5579039980364,3247.312422607286,10.507707586920837
2023-01-01 15:40:00,1376.0752150430085,53.55293834813976,31.50516607329879,131.62656206304717,7.329875408880848,960.2395116507348,3267.1769212945374,10.506992072595226
2023-01-01 15:41:00,1376.4752950590118,54.8892428219707,30.60293650357848,132.51572493861872,7.096721833767715,955.365362880529,3214.143909604148,10.468587319330505
2023-01-01 15:42:00,1376.875375075015,55.207152416154464,30.238987402674667,132.93370229975457,6.938323691728608,945.7759458760972,3208.2703452308515,10.432989809071746
2023-01-01 15:43:00,1377.275455091018,54.6404672412051,30.616895884867382,133.3119916278496,6.922417458711402,954.9658734126764,3226.1177523757474,10.464540730072885
2023-01-01 15:44:00,1377.6755351070215,54.92434805418829,30.26610319815838,133.30794044273517,7.116640273874778,950.492717684526,3220.5429222888743,10.4407042961518
2023-01-01 15:45:00,1378.0756151230246,56.08146768271135,29.59711383005038,134.20994829104745,6.736739830153653,948.624977223362,3177.264031326382,10.44075308146676
2023-01-01 15:46:00,1378.4756951390277,54.161539160170896,31.777737180796187,131.6766014388405,7.15574252385333,966.3084468447281,3217.052073079422,10.506990597825457
2023-01-01 15:47:00,1378.875775155031,54.256193413632786,31.00964614834644,132.60127516622364,7.106565400792118,952.7193080406671,3220.158271159034,10.470659718380308
2023-01-01 15:48:00,1379.2758551710342,55.774592358722785,30.516210137346096,132.3232298553979,7.159483252337786,955.8100254041747,3220.822928042315,10.465051944217144
2023-01-01 15:49:00,1379.6759351870373,55.1155562076712,30.04046606787446,133.11153579406022,6.930312230483078,946.8947426319902,3232.4897837588633,10.459318843565223
2023-01-01 15:50:00,1380.0760152030407,56.496333157610984,29.39678739239445,134.63116239120055,6.918661689173247,948.6174688313146,3173.4799333337724,10.435356964997652
2023-01-01 15:51:00,1380.4760952190438,54.63018553546501,30.433935847284687,133.17466070495826,7.085216694829067,958.0512926972084,3218.9504561836775,10.470668178213003
2023-01-01 15:52:00,1380.876175235047,54.76925161389918,30.20547989710468,133.01328431359119,6.991273655626876,952.7002977543057,3194.637225333405,10.440629180444096
2023-01-01 15:53:00,1381.2762552510503,55.19002443080383,30.05946367228737,133.36456842754424,6.9043070809703435,954.2814679086546,3205.7452755171807,10.451873552193351
2023-01-01 15:54:00,1381.6763352670534,54.79735934414529,29.79270330742227,132.46794834172843,6.997001620228164,953.5760216599837,3196.7064926678268,10.45028456991048
2023-01-01 15:55:00,1382.0764152830566,55.85096081764748,30.02764298369372,132.80138439037074,7.037796354154578,946.8779781420336,3190.070526352133,10.44656667760989
2023-01-01 15:56:00,1382.47649529906,56.98913118718125,28.632459611207572,132.72491917591753,6.795282178322541,952.4234591608528,3160.4390838477448,10.429995934027188
2023-01-01 15:57:00,1382.876575315063,56.46338286425483,29.70958404075966,133.72006109191938,7.0358287636208745,945.6869694136558,3198.9016874883064,10.453430006753644
2023-01-01 15:58:00,1383.2766553310662,55.78084210894566,29.00636753629897,133.63096689292726,6.703934762105676,951.3479662586258,3177.3128638004246,10.427593735246559
2023-01-01 15:59:00,1383.6767353470696,53.97905317697462,30.259854020101322,132.3598528566661,7.18000742870044,957.157531001457,3224.330756230783,10.482788254985746
2023-01-01 16:00:00,1384.0768153630727,57.14518959917511,28.641846310387045,133.97310301040895,6.611227182258161,945.7636379627307,3172.686846441411,10.44340236117374
2023-01-01 16:01:00,1384.4768953790758,54.87791539667805,29.733551888762143,133.43555863110132,6.9911530763796135,957.3018014443838,3208.5183225998735,10.461881607240445
2023-01-01 16:02:00,1384.876975395079,53.723799859109235,30.901810993847207,132.3103029354477,7.148235915631385,961.4323291195396,3244.6029820403396,10.515249189888538
2023-01-01 16:03:00,1385.2770554110823,54.82417610476003,30.642000443693515,133.50824127033803,6.894861942393911,955.7445186243307,3200.2692647567783,10.45172994010909
2023-01-01 16:04:00,1385.6771354270854,55.39774668691992,29.255479947607203,132.63440585028113,7.005650949139359,950.6567712616177,3196.0550439355516,10.418599157281747
2023-01-01 16:05:00,1386.0772154430886,53.34513216364043,30.910772897942646,132.450610352974,7.332070635359775,954.9021920480212,3231.7920857066033,10.477804458997474
2023-01-01 16:06:00,1386.4772954590917,55.89409728641614,29.61981873422244,133.23713005068205,6.771389589028934,944.610760451429,3175.853329805294,10.435722103739813
2023-01-01 16:07:00,1386.877375475095,54.77114869804899,30.87043436542021,132.63041631647522,6.928880319301301,960.5820715263983,3197.5730978976667,10.461294651560546
2023-01-01 16:08:00,1387.2774554910982,54.04634801333811,30.25198942410846,132.91131148263057,7.055809138861284,959.5693898583529,3222.0179732785355,10.483275899642882
2023-01-01 16:09:00,1387.6775355071013,56.507786570976535,29.415091098016788,133.83781794799955,6.646458006893505,945.6429859685329,3175.672291590927,10.424738736730433
2023-01-01 16:10:00,1388.0776155231047,55.024968899250354,29.847990222006782,133.310734959717,7.019689911605918,948.6383144247685,3211.376876980247,10.452227723108109
2023-01-01 16:11:00,1388.4776955391078,56.38825870843325,29.021109927070004,133.84135651930995,6.744285200559612,949.7745499532064,3179.2276025215724,10.42508884647823
2023-01-01 16:12:00,1388.877775555111,55.69974636180069,29.904673976977527,134.1690418354131,6.856536165723802,950.8746488209812,3183.541255398523,10.453450913193295
2023-01-01 16:13:00,1389.2778555711143,54.77711306858611,30.59334708939219,132.48151887764578,7.0107556758364025,957.3060533941587,3200.75869053347,10.466140950324112
2023-01-01 16:14:00,1389.6779355871174,56.182931780444875,29.185577763961266,133.2687564232789,6.745380210902644,952.5169851328473,3202.506223564297,10.438977981094595
2023-01-01 16:15:00,1390.0780156031205,57.10848321901594,28.437699143832692,134.11585353780416,6.8340398099678685,949.7651567244583,3185.93242917826,10.443905335399679
2023-01-01 16:16:00,1390.478095619124,57.449533225011926,28.663104128630014,134.98898648400498,6.591098005455484,948.6367728359334,3175.442894378508,10.428829695095969
2023-01-01 16:17:00,1390.878175635127,55.23951938675194,30.11649456021304,132.30817813719935,6.828491798625983,954.1855222624841,3212.8213025224063,10.474481510844571
2023-01-01 16:18:00,1391.2782556511302,56.36287799659425,29.32708131528681,133.66344921897985,6.9943545048491975,945.1754368796935,3179.5577401959627,10.461115306339215
2023-01-01 16:19:00,1391.6783356671335,55.39999644419241,29.88287132300762,132.92300994594203,7.143133597674438,949.6573643959678,3203.355507167453,10.4314909523175
2023-01-01 16:20:00,1392.0784156831367,55.4033240240584,29.51094292029227,133.4159815222989,6.931204117311599,952.7010481124642,3210.6668281381753,10.447696750923068
2023-01-01 16:21:00,1392.4784956991398,57.443026600002746,28.588603108716942,134.26024943545065,6.639783830956348,943.8165411418975,3163.9256217546617,10.434925839987896
2023-01-01 16:22:00,1392.8785757151431,55.529383147475244,29.269371950870376,132.89694600078136,7.043350443966344,952.1805873975968,3191.333336042879,10.45580504854649
2023-01-01 16:23:00,1393.2786557311463,55.78922791712898,29.757112525816975,133.25078034420898,6.772329401538792,948.2634558717241,3182.5263718944743,10.459449936602288
2023-01-01 16:24:00,1393.6787357471494,57.972031553164754,28.34808258101158,135.3649085202001,6.551371925820337,934.0074531072645,3134.8329616280807,10.400531441948356
2023-01-01 16:25:00,1394.0788157631528,56.07821532172957,29.093259672302516,134.2612327317216,6.660878785867693,946.7662308245825,3175.7754744300933,10.435414247389744
2023-01-01 16:26:00,1394.478895779156,56.68457199384654,28.68131390233148,134.12261048354566,6.670510307609601,937.8915480049169,3152.5447702469573,10.42251458691811
2023-01-01 16:27:00,1394.878975795159,57.04176065201882,28.93109396349474,134.27273806524863,6.567046200284169,939.2996035436303,3151.865285381648,10.421116299171201
2023-01-01 16:28:00,1395.2790558111622,53.911363562961085,30.528232267401876,132.2323154606635,7.004210469474361,955.8623879722737,3209.7021927133505,10.473749793659907
2023-01-01 16:29:00,1395.6791358271655,54.56322733493091,29.987900266270653,132.49599312107966,6.836180201081197,950.7391700173354,3205.9311671026776,10.458244949599576
2023-01-01 16:30:00,1396.0792158431686,56.64279431660309,29.122794907517935,134.05434060350282,6.700578257598147,942.8058451096483,3191.0172375420216,10.415458018656558
2023-01-01 16:31:00,1396.4792958591718,56.39355276264338,28.590648235235165,134.19058126687463,6.638692584563892,944.1522585769645,3175.7918783927976,10.409304764450663
2023-01-01 16:32:00,1396.879375875175,57.488331285445916,28.47167787636057,134.0864209514967,6.46374412662574,940.1243968864159,3156.0587242650554,10.412845955641965
2023-01-01 16:33:00,1397.2794558911783,54.574014199587666,30.12985720581857,133.1358026601641,7.115447785356855,951.9045500484382,3198.423566464848,10.462083157952407
2023-01-01 16:34:00,1397.6795359071814,53.98105732564953,30.728958553337478,133.12692737720326,7.036187358120111,957.8280046878871,3225.5693002146254,10.482621603724471
2023-01-01 16:35:00,1398.0796159231845,55.324821528087966,29.990002573939837,133.422875443102,6.836876611834422,946.9258912219135,3193.051884008714,10.467649870855164
2023-01-01 16:36:00,1398.4796959391879,57.559309059916316,28.542936997671525,134.44440962220182,6.490325669176248,940.7006119966082,3158.959008383222,10.421656563095805
2023-01-01 16:37:00,1398.879775955191,57.15001954434855,28.15518177743449,134.9899209889272,6.66758752131108,944.3152562897887,3158.4807865855673,10.420298199856514
2023-01-01 16:38:00,1399.2798559711941,54.43050251762109,30.504818673734096,132.37414289127156,6.925897377720883,952.5762863948742,3212.0146307672594,10.458109337020979
2023-01-01 16:39:00,1399.6799359871975,55.424991120985595,29.928695743852888,133.16019948257318,6.996004970515694,953.1825017405575,3190.4637829885637,10.441975875997505
2023-01-01 16:40:00,1400.0800160032006,55.4151797061329,29.18649468283565,132.77322212813812,6.72636154019154,949.9973960530782,3200.1090730531937,10.447095456444409
2023-01-01 16:41:00,1400.4800960192038,54.72273728261284,31.07260745981099,132.3607904073206,7.114846572475059,954.3961458691236,3217.694185519407,10.476082055425215
2023-01-01 16:42:00,1400.8801760352071,55.17106606431769,29.797559462737755,132.9909144145851,6.879835756809613,954.7323970112294,3211.7217466994784,10.45674306238808
2023-01-01 16:43:00,1401.2802560512102,55.50972680729985,29.53619022723415,132.6011150857848,6.8964304464908555,944.9633408404776,3199.940318544452,10.43308288958765
2023-01-01 16:44:00,1401.6803360672134,55.63287699374352,28.567861891379277,133.98970693151577,6.540277578268774,946.420141061602,3175.671888529127,10.423681828985943
2023-01-01 16:45:00,1402.0804160832167,55.125707765615196,29.97229853307115,131.83679406202998,6.97653361946275,945.2544321615843,3215.365927478187,10.454706115319032
2023-01-01 16:46:00,1402.4804960992199,56.26724231271349,29.270167097446254,133.71387372166765,6.616628189237085,946.0614120381858,3174.356353703227,10.434348183782648
2023-01-01 16:47:00,1402.880576115223,55.88571921647856,29.65298998004939,134.207653173964,6.660485185539243,946.2436239287615,3172.152662670939,10.437191476101528
2023-01-01 16:48:00,1403.2806561312264,54.8545288569081,29.279867259426812,132.82850380178007,6.930202325298725,946.4057093453911,3189.334297226387,10.454744575690471
2023-01-01 16:49:00,1403.6807361472295,55.21895667124508,30.19686106392852,132.45453620126358,6.979199782022616,957.3790575738847,3209.121760124453,10.454453150810055
2023-01-01 16:50:00,1404.0808161632326,55.478039226919414,28.20370497218161,133.09711157484458,6.784953387407977,943.3781170250161,3187.44907066904,10.43290530619812
2023-01-01 16:51:00,1404.480896179236,56.85537463965321,28.314850468610185,134.7006505926376,6.671301967888955,941.5748959557914,3165.66503908992,10.430225849714766
2023-01-01 16:52:00,1404.880976195239,56.1523900328022,28.90181871481948,133.91199525758051,6.7043501284801685,948.5967272808632,3192.2839695748235,10.420925109862111
2023-01-01 16:53:00,1405.2810562112422,56.633050605889274,28.741242033285822,134.28737106402593,6.636263135868936,944.7160221349426,3173.5238692956264,10.414032579473027
2023-01-01 16:54:00,1405.6811362272456,54.86112359895198,29.719435210711016,134.34648562160737,6.666003832110419,946.0028558375265,3177.2431442740317,10.444575986394195
2023-01-01 16:55:00,1406.0812162432487,56.17741944299323,28.941180506115668,133.49063873191375,6.938309514800363,944.09140578774,3178.529768323222,10.424684606998206
2023-01-01 16:56:00,1406.4812962592518,56.89549681335525,29.207574896002146,134.8931728347797,6.714858306677232,944.3743359984612,3178.7174259756266,10.413180967182956
2023-01-01 16:57:00,1406.881376275255,56.48853457307341,28.05773372566746,134.88876252264316,6.496519721828982,938.7362146862871,3144.831676986371,10.392625214779125
2023-01-01 16:58:00,1407.2814562912583,54.80993114195273,29.365654476786958,134.00685283618998,6.797046925030443,949.2071357058015,3184.172108992417,10.455262966048236
2023-01-01 16:59:00,1407.6815363072615,56.18924670157424,28.985614567898374,134.01532187545817,6.721898227690754,943.4756739925378,3186.2378240412763,10.425938590905192
2023-01-01 17:00:00,1408.0816163232646,55.592021770502214,29.195310549726255,133.0260965503784,6.750094454722481,949.4071487374686,3188.5945117794718,10.442801510087264
2023-01-01 17:01:00,1408.4816963392677,56.390698741792875,28.851293319035435,133.58757026594017,6.724399612493023,942.722114386485,3171.486646562333,10.43557399523673
2023-01-01 17:02:00,1408.881776355271,55.378741736971975,29.350812651959217,133.3095040857654,6.780640669409255,944.6280394453893,3186.43938574369,10.442466323039389
2023-01-01 17:03:00,1409.2818563712742,55.654256832935566,28.9747905352633,132.98070773411754,6.925305326674505,955.3798316956442,3178.791318619922,10.434037006447964
2023-01-01 17:04:00,1409.6819363872773,56.976608771698245,28.987879525314654,134.61771236015466,6.709218003873785,946.7807355712964,3170.2311442684454,10.417069023002528
2023-01-01 17:05:00,1410.0820164032807,56.89396548518678,28.712581340839048,135.01384741484546,6.405114616205792,940.2917834782057,3167.887740089068,10.403914090428009
2023-01-01 17:06:00,1410.4820964192838,54.82554093527892,29.065374838399656,132.9444442522408,6.813488281473879,945.0120437703662,3195.408395064903,10.44944951657784
2023-01-01 17:07:00,1410.882176435287,56.513538371156784,28.60550615541081,134.21164175925742,6.720496876639963,945.8300177457861,3168.9730492186013,10.415150369078729
2023-01-01 17:08:00,1411.2822564512903,55.995639017547695,28.919313837093124,134.14913423062623,6.542294695155451,942.7541657107129,3159.3868496320124,10.413754299164486
2023-01-01 17:09:00,1411.6823364672935,56.48027356410007,28.84930702063435,134.73949088662087,6.74121035589278,946.6461547179308,3180.6039484186695,10.435231027038872
2023-01-01 17:10:00,1412.0824164832966,57.90287430846967,27.770594705323525,135.490883166851,6.501088486347463,939.8889817024551,3154.201322160525,10.389148125731287
2023-01-01 17:11:00,1412.4824964993,56.42324401021964,29.29425471059902,133.8450662344961,6.574548333832305,946.4011241474857,3185.037814946398,10.427822143534954
2023-01-01 17:12:00,1412.882576515303,55.53277672629764,29.123168323693196,133.1462195314796,6.731141863277208,947.2570409272761,3194.2571853417367,10.428640936647302
2023-01-01 17:13:00,1413.2826565313062,57.38913345285578,28.434540469758915,135.0302246525165,6.379346122305953,944.2118898507293,3157.434614668939,10.38761993103378
2023-01-01 17:14:00,1413.6827365473096,55.34549494069645,29.6832271981571,134.01762509344383,6.7825068942452456,944.751985804062,3175.63166640262,10.412600772195153
2023-01-01 17:15:00,1414.0828165633127,56.82982404001307,28.001174726185457,134.61050477367527,6.393760729602241,940.302688280103,3138.482504032694,10.40803136107389
2023-01-01 17:16:00,1414.4828965793158,55.38303854853192,29.13735437870508,135.03412449410163,6.6285834851196235,943.7071434084377,3169.55057526003,10.425087850195283
2023-01-01 17:17:00,1414.8829765953192,56.6143952622529,28.288178646609552,134.5161866016251,6.6317792782547675,945.1417370932467,3161.344839602576,10.395997150776363
2023-01-01 17:18:00,1415.2830566113223,56.10811360676177,29.096528307597637,133.52711538284237,6.955788436583183,944.1055725265537,3188.4036187049783,10.426262777186697
2023-01-01 17:19:00,1415.6831366273254,56.98616272563224,28.97169657538426,133.80204474097198,6.821005747472218,949.0182419894994,3190.3648693635505,10.424686337389337
2023-01-01 17:20:00,1416.0832166433288,57.50878299284022,28.02719113945999,135.5985367943066,6.36156625505427,942.8912241786821,3158.981950338813,10.387104300251083
2023-01-01 17:21:00,1416.483296659332,56.81158301242309,28.348015440806094,135.1850901184765,6.466241070441629,937.4038035555169,3156.382558240421,10.417251706165448
2023-01-01 17:22:00,1416.883376675335,53.802078690818995,30.024100516126072,133.5083510316463,6.83089099159381,953.5798083662829,3196.728073797637,10.449787833445686
2023-01-01 17:23:00,1417.2834566913382,54.99407523604181,28.766327409736714,134.62934623730865,6.550226880985151,941.4010305270139,3159.9205339038895,10.434947465052689
2023-01-01 17:24:00,1417.6835367073415,56.01817837112006,28.67925561550245,134.00425323070309,6.660293720040539,940.9006138407955,3176.7224939311614,10.419942576078943
2023-01-01 17:25:00,1418.0836167233447,54.87965667417292,29.229293025489937,133.87243723662993,6.805247176116279,946.3774226378758,3164.91038016027,10.423108252390435
2023-01-01 17:26:00,1418.4836967393478,54.93049352661318,29.697465401531378,132.83803165300517,6.935122779376781,947.9012611163676,3190.565631129265,10.44029840287438
2023-01-01 17:27:00,1418.883776755351,57.46286373525829,27.906458071317406,135.35728922848142,6.514544920292609,939.1912842700585,3165.03999703091,10.411894067459059
2023-01-01 17:28:00,1419.2838567713543,56.27457304170948,28.383419003414918,135.0400662873728,6.600539000902123,944.8125065777,3164.8243368859535,10.41510087153172
2023-01-01 17:29:00,1419.6839367873574,56.48877857976624,27.925447467931996,134.4674351221172,6.4015757984564,943.4306562546054,3156.666214475621,10.408090231631412
2023-01-01 17:30:00,1420.0840168033606,57.30504887434317,27.964423198172554,134.99650757969894,6.463312964674567,937.9294046443814,3144.578181834626,10.39810613157158
2023-01-01 17:31:00,1420.484096819364,55.58904634611384,28.266836629489514,133.84474361997775,6.772332094656021,943.9207720398309,3150.6166725290277,10.413398095367901
2023-01-01 17:32:00,1420.884176835367,56.311781679568504,27.96230422093787,134.93851140771707,6.494720944844429,942.9099323839855,3159.1084394309237,10.430186638680437
2023-01-01 17:33:00,1421.2842568513702,57.036574439854625,28.087157605908175,135.2244916944744,6.481102944280034,935.2381873297714,3148.8420002614816,10.401604405996725
2023-01-01 17:34:00,1421.6843368673735,56.93092006194374,28.025555676907324,135.04985345114932,6.500125266989659,939.9347537307123,3143.5522057178223,10.394839017824701
2023-01-01 17:35:00,1422.0844168833767,54.49477264279756,29.536864287085454,133.66662560091117,6.700171374764254,946.1544583891778,3188.6673116113107,10.445447476604372
2023-01-01 17:36:00,1422.4844968993798,55.81792252968283,28.307815490329716,135.85757794324186,6.564240037900685,941.1895731595974,3146.938448614236,10.400623146719369
2023-01-01 17:37:00,1422.8845769153831,55.03980475557227,29.263266727673408,134.49641622656608,6.894824174438705,942.2377158973468,3189.9759586433156,10.430715700032493
2023-01-01 17:38:00,1423.2846569313863,56.208237691910874,28.638050616618717,134.41636796097214,6.748399023708782,944.0800541055543,3163.2272257126465,10.409153907204777
2023-01-01 17:39:00,1423.6847369473894,56.342634729495785,27.667512828109842,134.3701607882633,6.386563327856616,940.0621914235269,3152.057356328682,10.38707422274535
2023-01-01 17:40:00,1424.0848169633928,55.977178110356874,29.08140798583487,133.09378124570614,6.741285443679865,952.1146282704246,3181.205187222201,10.439503763881083
2023-01-01 17:41:00,1424.484896979396,55.922996593792746,28.420368924446613,133.39616964479987,6.745339744371051,940.7560136898283,3178.425596211762,10.416870069685185
2023-01-01 17:42:00,1424.884976995399,55.58853626651104,28.93125854018561,134.23818286174253,6.720829870799109,952.6663091997624,3177.2468571323357,10.421666413329081
2023-01-01 17:43:00,1425.2850570114024,56.14268611519592,28.44760486602715,134.30684713027816,6.503917320745212,949.3357799419628,3173.471804442496,10.415142358190197
2023-01-01 17:44:00,1425.6851370274055,55.55610744773272,28.354200389254878,134.7033964480231,6.622057164203058,949.1731394797771,3181.420893953455,10.416604655855743
2023-01-01 17:45:00,1426.0852170434086,56.7394304486083,28.16718121998963,135.31913361206134,6.5712517594338165,938.7138562995922,3138.822038242969,10.401688556232516
2023-01-01 17:46:00,1426.485297059412,57.07532618594806,28.096329491850593,133.88720931011017,6.692412401441787,942.9404150302578,3156.4823547213036,10.394763426668847
2023-01-01 17:47:00,1426.8853770754151,58.4120629762545,27.291569351734367,135.67641828354073,6.199743384867059,928.4778141043107,3116.4766677657285,10.377376043092262
2023-01-01 17:48:00,1427.2854570914183,56.82594811346009,27.515659650171035,134.27809296211584,6.379338227053572,933.2053931231707,3145.3024682410773,10.406763390712598
2023-01-01 17:49:00,1427.6855371074216,57.18287240570971,28.41635882946414,134.70689528386637,6.632781533921239,938.8083256567727,3149.954773231302,10.40260977238837
2023-01-01 17:50:00,1428.0856171234248,55.66692015397708,27.96955505567374,134.48986291021063,6.667601868663195,940.9639186646286,3163.6906414879204,10.411603989124782
2023-01-01 17:51:00,1428.4856971394279,55.640135570163935,28.47165431036998,134.52182531966034,6.572871027447653,937.1142634985935,3177.693163651979,10.413434619410433
2023-01-01 17:52:00,1428.885777155431,55.23726532972276,29.092546342347354,134.49152673644826,6.588941712895731,947.7752115288339,3149.5887938197566,10.41129734079739
2023-01-01 17:53:00,1429.2858571714344,55.88895015987276,28.22065962505242,134.18399922708772,6.535511861282238,939.190589873678,3128.8600234029414,10.42269448913929
2023-01-01 17:54:00,1429.6859371874375,55.335218456706265,28.991702126843904,134.94310544094958,6.837754022577367,948.4664164612118,3176.730299369397,10.433022867035978
2023-01-01 17:55:00,1430.0860172034406,55.985135366520666,28.31892141916818,134.73234296118645,6.597285443693544,950.4478854929134,3157.2742879865486,10.412595796359739
2023-01-01 17:56:00,1430.4860972194438,57.763241185983475,27.409107801653498,136.63142997628324,6.16378478843885,934.7318736129275,3119.37093204426,10.381094994881023
2023-01-01 17:57:00,1430.8861772354471,56.553144707775004,27.848139565537647,135.47579097646278,6.472708602343332,935.7523683722071,3138.7124334168057,10.412501998981382
2023-01-01 17:58:00,1431.2862572514503,57.16985311228927,27.19299283187163,136.22944821865946,6.483230296476082,940.206122055288,3132.274405473513,10.368730953759036
2023-01-01 17:59:00,1431.6863372674534,54.50718268450801,29.451198686545386,133.96834457081786,6.900606370793983,947.3587394859785,3186.782369267967,10.425429020393286
2023-01-01 18:00:00,1432.0864172834567,57.633843569593495,26.98303479787748,135.90408028602863,6.36938338595802,935.6530727999348,3143.735390325794,10.365780739937977
2023-01-01 18:01:00,1432.4864972994599,58.11663310949447,26.87707022139914,136.13878316267105,6.105796092233114,923.4752054451887,3103.875872642373,10.368327041934924
2023-01-01 18:02:00,1432.886577315463,57.18207422052122,27.715409415157204,135.82838232878717,6.345799764848797,935.7660477105887,3130.4095798948388,10.3774783320693
2023-01-01 18:03:00,1433.2866573314664,57.15204158813522,27.571398664502873,135.37346067124278,6.4963966566715445,937.162142723417,3143.4303476162895,10.380862025378514
2023-01-01 18:04:00,1433.6867373474695,56.44154158573283,28.264249355181345,133.60650484396712,6.543693467458795,939.8752171974907,3151.5792430548895,10.401648334721651
2023-01-01 18:05:00,1434.0868173634726,57.21724282322083,26.986528941996266,135.6494959333692,6.475888910161173,939.07025030843,3121.747036535201,10.371700431604504
2023-01-01 18:06:00,1434.486897379476,55.40440841206025,28.368611762433478,135.20032394135416,6.432800114302913,938.4758630916043,3151.323660356187,10.400273462232066
2023-01-01 18:07:00,1434.886977395479,57.73760027319445,26.924838306253555,135.83215529628032,6.199916182190991,930.5114116688103,3115.978969597539,10.34680057883131
2023-01-01 18:08:00,1435.2870574114822,57.60313361394886,27.413824539442395,135.25794359175782,6.2689040378753065,935.6888163784198,3122.213425293644,10.380121740505201
2023-01-01 18:09:00,1435.6871374274856,56.96983068106167,26.836283639291665,135.7803916499331,6.485647538137662,938.2384558502914,3127.629571816395,10.382564877584691
2023-01-01 18:10:00,1436.0872174434887,55.98331578457582,27.861287226224285,135.22291966357471,6.490732237364987,939.1551335234036,3148.266889717509,10.400333567377558
2023-01-01 18:11:00,1436.4872974594919,58.72749967104421,26.17720867753624,136.75458636814238,6.08067639674887,928.8052510174422,3093.061065169975,10.353623120009987
2023-01-01 18:12:00,1436.8873774754952,57.5781297832326,26.500383077030012,136.4153598242382,6.117144174147678,932.254700269861,3129.7835316713295,10.374996197284636
2023-01-01 18:13:00,1437.2874574914983,56.86933517058341,27.522473542220734,136.18748508917034,6.339944744528944,932.9468555438062,3121.714017835713,10.380782971389149
2023-01-01 18:14:00,1437.6875375075015,56.30121065142296,27.777438660857563,135.15311187328436,6.4693459108092295,934.0317131931432,3138.782491446757,10.390918311484178
2023-01-01 18:15:00,1438.0876175235048,56.36956590171192,28.029335354273105,135.23241131157891,6.443981052317337,940.8154786043414,3151.4770992415984,10.38706297870906
2023-01-01 18:16:00,1438.487697539508,56.70940686771635,27.724228943429555,135.5443737986353,6.4389842286813215,939.2115783646245,3136.5969074255004,10.36126466435985
2023-01-01 18:17:00,1438.887777555511,57.25189470235853,27.433897996988083,135.61094205981692,6.477212564708797,931.6258586801939,3146.0363008243667,10.377456387823633
2023-01-01 18:18:00,1439.2878575715142,56.17111792302427,27.657326732103144,134.90789931747491,6.5239999191199285,938.746100892502,3141.697655936934,10.38777292592375
2023-01-01 18:19:00,1439.6879375875176,55.53840143174022,28.69789254299827,134.70919724111926,6.644393634396942,946.6590757380358,3168.3155909149195,10.414114054626513
2023-01-01 18:20:00,1440.0880176035207,58.21256241146544,27.391166147170228,136.68618118895358,6.291514417943073,933.2467635436826,3117.4321997173656,10.371754143720796
2023-01-01 18:21:00,1440.4880976195238,55.916278302896195,27.571866790260994,135.53206740921814,6.255702943288621,937.2016568318646,3155.041841501065,10.39798331637413
2023-01-01 18:22:00,1440.888177635527,56.54873948935111,27.968844286374292,133.7067792363802,6.577222583167712,937.4658836713519,3163.3649165828488,10.412423307379584
2023-01-01 18:23:00,1441.2882576515303,58.56014489589708,26.89838946841403,135.65989940510755,6.043078669743669,935.8817978856774,3116.8149567504333,10.344507027664173
2023-01-01 18:24:00,1441.6883376675335,57.419428743133466,27.239829990332243,136.33339347316428,6.275990336728476,931.8450274477161,3125.331284612856,10.354146492961705
2023-01-01 18:25:00,1442.0884176835366,55.893223264891816,28.358081841465577,134.57799933883518,6.559508652916193,942.1460076368919,3149.5631556364456,10.413294492636117
2023-01-01 18:26:00,1442.48849769954,58.447139863012076,26.567972087350437,136.9766462086292,6.016255154619108,937.6574330382114,3124.2727375930344,10.338074577807621
2023-01-01 18:27:00,1442.888577715543,57.711439302940434,26.627581948626684,135.5903048689521,6.217152362321809,932.6154154161808,3109.208387302773,10.367097692032898
2023-01-01 18:28:00,1443.2886577315462,56.28984884046858,27.124097452650304,135.5000040762916,6.445688031032177,943.756800937182,3147.0669167786123,10.395475113058653
2023-01-01 18:29:00,1443.6887377475496,55.865226284730035,28.214086536129507,134.36372870189786,6.518257196995046,942.5620925927248,3161.6430633134314,10.402619564837869
2023-01-01 18:30:00,1444.0888177635527,55.340895053169085,28.476908568659585,134.9152386467882,6.717660846856164,946.7997621753531,3159.8183051702977,10.421347436003593
2023-01-01 18:31:00,1444.4888977795558,55.53688391024245,27.35094303780649,134.61769976412776,6.692842555041238,939.3232073662762,3140.2054064274084,10.418484612083693
2023-01-01 18:32:00,1444.8889777955592,56.85174586547121,28.047471219343866,135.037202651898,6.4607070778757105,934.323051665155,3145.195811704096,10.376436856217515
2023-01-01 18:33:00,1445.2890578115623,54.237310890810875,29.10662619902169,134.00613515818705,6.726587931701869,944.6464810763938,3163.22041461091,10.427010154181618
2023-01-01 18:34:00,1445.6891378275654,56.90774080965227,26.57191363143217,135.1594194443488,6.171855125348502,933.7259631017648,3135.491360849041,10.384441528099602
2023-01-01 18:35:00,1446.0892178435688,57.71215699591518,27.06546134248831,135.57353001256226,6.409801927279573,934.6974594885083,3118.702726785862,10.35979223564431
2023-01-01 18:36:00,1446.489297859572,56.7446619110689,27.79735401442433,136.19497981469567,6.318826450494854,937.7011595038828,3117.5996655334307,10.385653987161843
2023-01-01 18:37:00,1446.889377875575,56.06026074458382,28.06384890837059,136.02315552800235,6.266971723374511,933.6158047744154,3155.7289773998737,10.39063356840281
2023-01-01 18:38:00,1447.2894578915784,56.25879398899042,28.087053470758217,135.0894205593245,6.34043043044902,939.299380581637,3126.597141869922,10.37149845493277
2023-01-01 18:39:00,1447.6895379075816,57.099788115102825,27.1302804964834,135.25244479390895,6.264707295988329,938.0290120291868,3147.841070027197,10.38614627573907
2023-01-01 18:40:00,1448.0896179235847,57.69708696016049,27.196790161488025,134.87820163556677,6.249937953285025,936.4243720013277,3161.814485739054,10.381695612396213
2023-01-01 18:41:00,1448.489697939588,58.153048359303156,26.36952242429919,136.6871797447178,6.304580899140786,928.8784261895455,3130.503729517114,10.361054599953501
2023-01-01 18:42:00,1448.8897779555912,57.513536287215395,27.1019074910944,135.68254203267395,6.324066721426823,935.9675185870295,3122.8242820299174,10.379817916818844
2023-01-01 18:43:00,1449.2898579715943,56.609461828987875,27.6520022738333,134.9754085835742,6.428292158735185,937.7350532935712,3149.883688753387,10.388520149654704
2023-01-01 18:44:00,1449.6899379875977,55.95546570336867,28.806894486591105,134.46320098403416,6.366284664950082,946.422716158138,3179.402018383682,10.420316600825485
2023-01-01 18:45:00,1450.0900180036008,57.67342518115249,26.397464272090247,135.67079368345185,6.28854114678477,931.5788295789641,3106.275767740614,10.371531049807883
2023-01-01 18:46:00,1450.490098019604,56.83143614305666,27.166565285908963,135.8543810640649,6.394357271834706,936.3655227234744,3119.497601305916,10.372927168951982
2023-01-01 18:47:00,1450.890178035607,55.45975227590029,28.679889606172555,134.43713609232753,6.400353904216333,943.8275117901806,3162.279147700528,10.41390983098599
2023-01-01 18:48:00,1451.2902580516104,56.21524962242094,27.908809255692272,135.34037330059124,6.322556077427172,938.7168426892814,3148.9273953761494,10.383928563841465
2023-01-01 18:49:00,1451.6903380676135,56.22251410577398,27.387426178018064,135.00600190900732,6.455105046366986,931.7178688394339,3140.878543698836,10.35742673302166
2023-01-01 18:50:00,1452.0904180836167,54.992296502868825,28.102739602746617,134.7330167254987,6.519699846136381,935.3357091647476,3169.724049072071,10.40315966611837
2023-01-01 18:51:00,1452.4904980996198,58.09468598519104,26.401543304879393,135.75802814098583,6.244204346733644,927.9599029535468,3108.3176289399967,10.351601896421101
2023-01-01 18:52:00,1452.8905781156232,55.964038647503116,27.25097979368718,135.54417101059525,6.41249349771453,932.5004751914387,3134.093045489736,10.371690198601485
2023-01-01 18:53:00,1453.2906581316263,58.103480869071376,26.161176949808546,136.54639435666698,6.103978201932795,931.475667746358,3116.6819597590274,10.343352936359313
2023-01-01 18:54:00,1453.6907381476294,56.69266582022054,26.83077128615902,134.78870900468883,6.3288177319672005,932.7053000185513,3141.929764459742,10.395476844085906
2023-01-01 18:55:00,1454.0908181636328,56.6412022437506,28.092835602909762,135.4190166683372,6.208636656949711,935.5500384837302,3140.053740366235,10.384372436296646
2023-01-01 18:56:00,1454.490898179636,57.25253989385071,27.319286764406236,136.56055989162712,6.275614392817477,938.247512664106,3115.8043732902224,10.368196134634813
2023-01-01 18:57:00,1454.890978195639,57.02630821709095,26.829717780446188,135.64709228418056,6.1917772160621425,933.7473040250946,3122.0209471808107,10.365260403822123
2023-01-01 18:58:00,1455.2910582116424,53.75487965171697,28.654824102904644,133.46194372762628,6.509328354292395,948.7380148747044,3158.8605885392453,10.412871029385329
2023-01-01 18:59:00,1455.6911382276455,58.1434011700601,25.552602043783963,137.1375086715959,5.842221957834397,926.397497662363,3080.0306320624404,10.319275894134224
2023-01-01 19:00:00,1456.0912182436487,58.11033757375615,26.27114740531982,135.96096743272517,5.955324852555725,923.470629915919,3108.6097715294372,10.347790760906074
2023-01-01 19:01:00,1456.491298259652,56.355262178100624,27.729591920681038,135.61082067092045,6.460420554661076,937.2349832468489,3138.337606368007,10.383501427266518
2023-01-01 19:02:00,1456.8913782756551,56.912650049838604,27.20712906382631,136.5832599067561,6.158516607707174,926.002390859887,3111.8708147273787,10.365004467094971
2023-01-01 19:03:00,1457.2914582916583,58.16531034591373,26.803241434717194,136.46824955786684,6.2062824627025615,930.7266973612071,3104.324710284631,10.3418056389731
2023-01-01 19:04:00,1457.6915383076616,57.55653705132649,26.787547432519908,136.22840273914355,6.294394883632712,929.2763689365117,3110.132830696933,10.366709176928298
2023-01-01 19:05:00,1458.0916183236648,56.89101594124492,26.968630526057577,136.67732084893433,6.35361699105062,933.4039275633177,3124.5089397276565,10.380434303452143
2023-01-01 19:06:00,1458.491698339668,57.387757316255325,27.111161528153186,137.066508672342,6.402646949079229,930.4643696292245,3111.8639550365046,10.383554057540065
2023-01-01 19:07:00,1458.8917783556712,56.09390743565935,27.78798112374937,135.90154463595235,6.430933025710523,940.4247545642841,3135.1958915717637,10.390423666463285
2023-01-01 19:08:00,1459.2918583716744,58.221202950150044,26.409738449950865,136.4055367976516,6.143732084670151,928.9717387341516,3078.6260929572854,10.3329420699677
2023-01-01 19:09:00,1459.6919383876775,58.036709718994075,26.111850066104527,137.64903611997545,5.995707432999728,927.2131233289595,3086.0143394380616,10.320320369171782
2023-01-01 19:10:00,1460.0920184036809,55.25417621819705,28.63206634173779,134.98889382467812,6.337978669949038,940.3837586738434,3161.6165689743425,10.422790276393675
2023-01-01 19:11:00,1460.492098419684,58.591893098385505,26.00675132412906,137.02204646716126,6.119951052154087,929.5348422780927,3097.7559253693707,10.324420396757946
2023-01-01 19:12:00,1460.8921784356871,55.2662560989197,27.6332100500634,135.35167429837202,6.320594651933058,937.7233670408201,3150.5911358050303,10.393382353439616
2023-01-01 19:13:00,1461.2922584516903,57.02512743886947,26.536397383764683,136.8956908640357,6.065103907787745,925.1161327326836,3116.185599405144,10.369308313186954
2023-01-01 19:14:00,1461.6923384676936,57.62647582725613,26.87246881775696,135.87899048414843,5.991563105235333,927.8139555337239,3115.794804226012,10.362551329217549
2023-01-01 19:15:00,1462.0924184836967,58.91009297305813,25.195692501724807,137.4153497036455,6.025076952074144,925.4774336472702,3054.5146901729095,10.316277187945952
2023-01-01 19:16:00,1462.4924984996999,57.60012745005358,26.923392373302704,135.79008148655842,6.302097002658992,929.8062296161951,3113.14730951898,10.360805752218214
2023-01-01 19:17:00,1462.892578515703,56.927322070583074,26.95764085277989,136.84177297543553,6.161520278979965,931.1944289870355,3112.7661397801485,10.349684549901351
2023-01-01 19:18:00,1463.2926585317064,56.47307250236259,27.281625565801864,135.4291590773571,6.207716466433015,935.436881309889,3128.469700476034,10.367603874784498
2023-01-01 19:19:00,1463.6927385477095,56.971600643367154,26.748120128485855,137.69954504851057,6.22113455065964,926.6720416840978,3116.567941513656,10.377745209144463
2023-01-01 19:20:00,1464.0928185637126,57.96760630765994,26.510970254870102,137.03186402783606,6.2823122486279575,928.2107230934444,3101.45741239717,10.356026768100367
2023-01-01 19:21:00,1464.492898579716,57.841818460585145,25.748761022208047,136.52090723959674,6.017770181984291,931.6993357595569,3087.4781364758583,10.324991126878595
2023-01-01 19:22:00,1464.8929785957191,57.40138471555868,26.433420982202605,136.77289080599198,6.1695193608810355,934.0585328915405,3111.1016136150743,10.359200160303029
2023-01-01 19:23:00,1465.2930586117222,55.79345472157814,28.17660143952764,135.02257077945868,6.586015641160394,940.5627771666043,3134.762140903863,10.389400258123596
2023-01-01 19:24:00,1465.6931386277256,56.55593823802978,28.021451323656514,135.40912350852338,6.6494034479617445,940.8045918717004,3137.6543326777014,10.393453657438688
2023-01-01 19:25:00,1466.0932186437287,58.11906322342929,26.48657333339226,136.34691285234933,6.1599621019277775,930.9939262955463,3103.854385016439,10.376533611926433
2023-01-01 19:26:00,1466.4932986597319,57.76109288950774,26.276463805055688,135.66372991508672,5.995362438284216,929.1120582615922,3118.9128827630598,10.356041414403336
2023-01-01 19:27:00,1466.8933786757352,58.320417630521625,25.74303855534237,137.01972056222942,6.004674872749523,928.9906701313514,3079.47702039568,10.327545206202139
2023-01-01 19:28:00,1467.2934586917384,57.42071592741552,26.541269301866738,135.8663536844252,6.1564258622041494,935.0008684451922,3127.5961384548145,10.356129940264314
2023-01-01 19:29:00,1467.6935387077415,59.044746005224674,25.12553053516643,136.42235032635844,6.078373014227604,928.3671576138177,3089.4320258882253,10.325153119596584
2023-01-01 19:30:00,1468.0936187237448,58.45800441624505,25.3291455556456,136.94846231964442,5.892221032569969,925.1705357224952,3102.7558845269405,10.316267013344726
2023-01-01 19:31:00,1468.493698739748,57.65193792496325,25.9132245909476,136.51863122720277,6.050864843737573,932.3501902760254,3105.7064563455106,10.361643691414729
2023-01-01 19:32:00,1468.893778755751,57.5141581289836,26.119762582051965,135.7851647140309,6.1336558571517505,930.7885578916118,3098.116579362357,10.356080235950936
2023-01-01 19:33:00,1469.2938587717545,60.17564091880535,24.318404110357992,138.90892173331764,5.839261685420067,922.4640371700906,3043.1405946605128,10.297672891517337
2023-01-01 19:34:00,1469.6939387877576,59.315950557799496,25.67519850092511,137.57451422875704,5.876668347045671,925.7921873600889,3094.692658300939,10.324255976858733
2023-01-01 19:35:00,1470.0940188037607,56.61848580149187,26.183164478683832,136.62698038009805,6.265872472256825,930.7296515907288,3107.01526355914,10.352049996938964
2023-01-01 19:36:00,1470.494098819764,57.964027883246295,26.106508338757614,136.91748811955395,6.0911551610572205,932.7110893150606,3101.2474707367674,10.340649752237628
2023-01-01 19:37:00,1470.8941788357672,56.478248615849054,26.72250779500316,136.17459048492984,6.153300992679008,933.7548058780491,3132.5270969157013,10.35667121088796
2023-01-01 19:38:00,1471.2942588517703,55.74845997316666,26.987918561929483,135.77518637181817,6.276344019004471,935.1384419091358,3159.236439549478,10.386069864664586
2023-01-01 19:39:00,1471.6943388677737,58.277644425734685,24.906654624268707,138.48715617393879,5.775117575077597,927.3493160187501,3077.9935485885558,10.311095705335125
2023-01-01 19:40:00,1472.0944188837768,56.68517652594417,26.944614875629753,134.98391619605215,6.147344989750298,935.2164541535244,3133.5672122843894,10.371304445372903
2023-01-01 19:41:00,1472.49449889978,56.28336954922475,27.49371190611758,136.08503095278044,6.515251524281317,932.2656794652182,3126.5982976434675,10.373453828997656
2023-01-01 19:42:00,1472.894578915783,58.94617911437105,25.292305514225145,137.97138180792706,5.82950549840576,925.0615207998792,3075.434054537873,10.318174449563886
2023-01-01 19:43:00,1473.2946589317864,57.338750592746116,26.36953609072608,137.34633160379175,6.249511065610594,934.7702746930999,3107.107066595206,10.35535687745148
2023-01-01 19:44:00,1473.6947389477896,56.902198497373654,27.31190808080562,136.19065814253074,6.240796222802761,935.0206008452958,3132.2271197151094,10.380831468250369
2023-01-01 19:45:00,1474.0948189637927,59.07756423472886,25.273717674884143,137.43463154439118,6.021102864491802,924.5058028690121,3089.773591930982,10.332860778420402
2023-01-01 19:46:00,1474.4948989797958,58.19884828605638,25.903021339923857,137.988388031979,5.92813320610002,931.6113903246164,3083.11317649526,10.349594238536747
2023-01-01 19:47:00,1474.8949789957992,57.00910503862459,26.35467252384315,136.29238659740315,6.371365307083974,936.5669723498125,3099.252016913708,10.34283373348609
2023-01-01 19:48:00,1475.2950590118023,57.953998609330185,26.179688312839627,137.16020452189682,6.052025897826183,925.9650729489401,3075.446123400845,10.356144150019897
2023-01-01 19:49:00,1475.6951390278055,57.07664525594464,26.616241872578687,135.8230007747391,6.168950393477755,932.5706131234654,3123.804332210915,10.357964986518551
2023-01-01 19:50:00,1476.0952190438088,56.85441937986329,26.50491856282225,136.3391826327447,6.096490046658772,932.4103869235483,3129.550532341074,10.350899221602754
2023-01-01 19:51:00,1476.495299059812,57.69419751008838,26.12328751310703,137.89348686593607,5.982228456768829,934.0666210298517,3106.2651723663357,10.331674481288761
2023-01-01 19:52:00,1476.895379075815,59.70486885057613,24.884323937828317,139.03150410596982,5.592341236053303,921.6675809820293,3067.778505678535,10.287821676087217
2023-01-01 19:53:00,1477.2954590918184,57.6571847999097,26.255433225967913,137.21384957962093,6.239144243941348,927.3627217922814,3113.3573789948327,10.344219235689884
2023-01-01 19:54:00,1477.6955391078216,57.19895256848888,25.972959675237295,136.12126370150486,6.086513404265454,929.4385553998894,3106.8888266501676,10.359592702135716
2023-01-01 19:55:00,1478.0956191238247,57.22817176267509,25.726506221962087,138.13607838922354,6.0468189889468,928.2566033811457,3075.506292632919,10.322209089983485
2023-01-01 19:56:00,1478.495699139828,57.991247405244586,25.16660180610269,136.97768856241797,6.268464120372191,922.6155376017483,3069.3131063590445,10.325386177551653
2023-01-01 19:57:00,1478.8957791558312,58.29558710003287,25.472094372584117,137.7566293516337,6.062996503961173,925.6857498412053,3070.6613118288774,10.30852110769257
2023-01-01 19:58:00,1479.2958591718343,58.81910397145817,24.923643270622946,138.37258432737525,5.6939737030276305,923.0327819174299,3052.3649808061823,10.29319830517806
2023-01-01 19:59:00,1479.6959391878377,58.46505389575378,25.680823188707762,137.83051243196556,6.089750628433889,927.1065081787407,3066.4275716347065,10.319014787514762
2023-01-01 20:00:00,1480.0960192038408,58.45156205704293,25.378528357077446,137.11429379026154,5.9297355173950175,926.2763322985365,3083.828694823732,10.326922471030667
2023-01-01 20:01:00,1480.496099219844,57.60123895048059,26.00308873696514,137.43281782346264,6.032537595700037,924.5067316196562,3082.409522401142,10.330473725692126
2023-01-01 20:02:00,1480.8961792358473,59.73613177429813,24.24958747771606,138.2179204036959,5.610551787498496,915.7442936958302,3039.8735436477227,10.272704056647907
2023-01-01 20:03:00,1481.2962592518504,58.62293014152658,26.272813462494817,137.93578936145292,6.028443862071331,927.9007235997454,3096.5686057472935,10.332665767119762
2023-01-01 20:04:00,1481.6963392678535,58.198826801687815,25.900067702968524,136.93179108699854,5.882001659051862,927.6847613688647,3072.661114568051,10.328579164148872
2023-01-01 20:05:00,1482.096419283857,58.37912026946436,25.50909842233884,137.50265359739092,5.867631226918352,924.7325853036348,3077.00302801784,10.321133997940265
2023-01-01 20:06:00,1482.49649929986,57.37590650379669,26.06839874342853,137.5963386807231,5.957436948981768,922.8291072195477,3085.6266915858396,10.325552212495463
2023-01-01 20:07:00,1482.8965793158632,58.39045340526445,25.542166610186595,137.36656665457943,6.015684104882288,919.6299328554021,3095.359909509315,10.324631009207515
2023-01-01 20:08:00,1483.2966593318663,58.91092374292137,25.331461164480135,138.21672920212453,6.0175381865081246,925.543928387707,3077.967834267036,10.318517434576584
2023-01-01 20:09:00,1483.6967393478697,57.06507513699505,26.30756209075932,137.31257863464756,6.148875645619869,931.4098522500113,3091.5620180999686,10.35175607412479
2023-01-01 20:10:00,1484.0968193638728,59.547456477253604,24.36007471191429,138.84709147768922,5.868108827341192,921.3742325074096,3050.8297677550017,10.300650637481
2023-01-01 20:11:00,1484.496899379876,59.18516761691701,24.791603598191085,137.78906840584162,5.924565539670457,926.8919115423112,3087.542675044796,10.297636272614838
2023-01-01 20:12:00,1484.896979395879,58.56455688753716,25.316037651062054,137.61812910781387,6.050929913576204,927.7327879931413,3093.8722759905804,10.314519158410778
2023-01-01 20:13:00,1485.2970594118824,57.485698973278815,25.22911340357456,136.98938016763958,5.836360535359806,925.9849337375606,3093.9432818245587,10.324060779013896
2023-01-01 20:14:00,1485.6971394278855,59.18793765089152,24.802198113261078,137.6395479719183,5.721201449054674,920.533851607145,3072.586366924457,10.333471762799975
2023-01-01 20:15:00,1486.0972194438887,59.5865184436798,24.962741710716934,137.87636967300855,5.878344454990035,926.8418066823353,3071.951123774765,10.316898737609788
2023-01-01 20:16:00,1486.497299459892,59.97378632460929,24.399367822401647,139.28076980883876,5.70930027337236,914.3443014609736,3037.510782133184,10.282959471102016
2023-01-01 20:17:00,1486.8973794758951,57.53023277971261,25.67572233240912,137.27713339884372,5.952805537731645,931.2406274205619,3099.529282774936,10.32763760223638
2023-01-01 20:18:00,1487.2974594918983,59.00013049791597,25.500541860799135,137.76815688216567,5.904192700090336,928.7196636962698,3059.0097430806977,10.323528914855439
2023-01-01 20:19:00,1487.6975395079016,59.163008868428946,25.257093297916335,137.68826337659786,5.663296705709302,926.3050260612051,3066.2794022320595,10.299794237692186
2023-01-01 20:20:00,1488.0976195239048,57.92925286052719,25.726010304821614,137.68218280737645,5.96752478703965,925.4160599971165,3092.72785902777,10.32892917734573
2023-01-01 20:21:00,1488.497699539908,57.19111179562577,25.7120619913399,136.28430192675867,6.0290003369953205,925.8898285875015,3102.0144141397022,10.348921666097146
2023-01-01 20:22:00,1488.8977795559113,57.0459150958555,25.88998916314266,136.79696586728787,6.22597462737896,929.2563229485332,3115.480467733815,10.355411350948122
2023-01-01 20:23:00,1489.2978595719144,56.31911837473128,26.51703965457326,136.77521137592748,6.250527671897179,931.2920280942028,3104.25176945889,10.344997366078998
2023-01-01 20:24:00,1489.6979395879175,57.441078281466034,25.8463248973668,137.8907301757474,5.780831240826989,925.4130487279084,3061.1091909338675,10.338817792153092
2023-01-01 20:25:00,1490.0980196039209,55.922816166176034,27.26383293671124,135.84011898843994,5.915240247976336,933.3267025012054,3123.8572049221693,10.36633779291881
2023-01-01 20:26:00,1490.498099619924,56.03119394732794,26.455925772904006,136.20070833370195,6.350205403435535,926.2635685012319,3118.389773550194,10.354280205623889
2023-01-01 20:27:00,1490.8981796359271,57.21114651175213,26.22893780336619,136.61569088740248,6.03247772408776,932.949862341541,3100.8888422632717,10.349090617160579
2023-01-01 20:28:00,1491.2982596519305,57.34454297423224,25.912127842469953,136.56863270272927,6.071806860449006,928.0826648326337,3103.186421176292,10.344923467865774
2023-01-01 20:29:00,1491.6983396679336,58.33140748152178,25.600815252317172,137.24200497564965,5.836080949119039,924.9543858447323,3106.124601255008,10.323827929561055
2023-01-01 20:30:00,1492.0984196839368,60.475424471990756,24.173052019869377,138.48780429301084,5.786715570608455,916.2307936837698,3055.018347290284,10.277321708097361
2023-01-01 20:31:00,1492.49849969994,57.41223557969196,25.7277353580798,136.4893383273092,6.132853241845562,929.8277262866616,3087.0478616542164,10.32565120555576
2023-01-01 20:32:00,1492.8985797159432,57.81891758382037,25.451908038376345,137.168837412671,5.912039224594514,923.3964473242054,3085.3792553761464,10.321069631173964
2023-01-01 20:33:00,1493.2986597319464,59.74734256543453,24.207760014075802,139.11334081983713,5.752478136849517,912.9017821808206,3055.458603315566,10.29350156656941
2023-01-01 20:34:00,1493.6987397479497,57.91640760599285,26.19908404397959,137.53696007926217,6.074934331735236,929.4817861184558,3091.034646357774,10.352621567910708
2023-01-01 20:35:00,1494.0988197639529,57.60818826750443,25.485731335503946,137.53344881136542,6.0134977575973965,921.3065324288209,3084.6962227792797,10.3302437943556
2023-01-01 20:36:00,1494.498899779956,59.79658705016526,24.72514022788579,138.1511208474592,5.853547927707906,920.3784227423083,3045.2719365824582,10.309910153236029
2023-01-01 20:37:00,1494.8989797959591,59.5206794338061,24.577483539917175,138.62408060654013,5.702387021439992,921.8180873272305,3050.357421930488,10.297822078990048
2023-01-01 20:38:00,1495.2990598119625,58.91149009587221,24.869445720328645,138.7563323498005,5.787192814116659,923.9265207744356,3055.7847167284253,10.311684061893718
2023-01-01 20:39:00,1495.6991398279656,57.82945582525077,25.42663350588993,137.7782954420566,6.079738730597504,926.3706428249567,3075.3788565129194,10.334058228802956
2023-01-01 20:40:00,1496.0992198439687,58.802199037320165,24.361174673896365,136.94820338184635,5.810879197552101,921.2209262813026,3058.8869445195123,10.298432958328787
2023-01-01 20:41:00,1496.4992998599719,57.805165558364315,25.56707292957136,136.69457737645305,6.039271129234592,924.4794668012105,3098.1623187886707,10.329066676195392
2023-01-01 20:42:00,1496.8993798759752,57.414237539695705,24.657930930367346,137.88944530388085,5.828815498962391,922.8587033381506,3046.311903911729,10.295965505359057
2023-01-01 20:43:00,1497.2994598919784,57.45415486244638,26.044234472379205,138.00969794064804,5.9515998873482365,928.3892590352937,3086.7764436282887,10.330782900727002
2023-01-01 20:44:00,1497.6995399079815,58.54196113468185,25.05310231739163,138.0419567469014,5.777511658572948,924.7342875524535,3062.7097772603283,10.320880270550305
2023-01-01 20:45:00,1498.0996199239848,58.94797187356604,24.22520141889943,137.9907157153279,5.632780788071695,918.3862914149253,3072.3190711051993,10.285203222165967
2023-01-01 20:46:00,1498.499699939988,58.046410354446046,24.876517279396875,138.16216942262233,5.912333021558193,923.1522649414319,3060.235497912992,10.315082936643408
2023-01-01 20:47:00,1498.899779955991,58.070068548969495,25.2400164635943,139.21228950565265,5.8898196549616415,926.1782471566665,3075.038561730296,10.30185264054623
2023-01-01 20:48:00,1499.2998599719945,58.596078504162385,24.95859457898671,138.53931471346854,5.7131672183248146,919.9153962459897,3054.285965833543,10.328825004192304
2023-01-01 20:49:00,1499.6999399879976,58.83434429323675,24.7128258322801,137.95897939547208,5.623665697968034,916.176385148478,3063.2160136129964,10.31421102676354
2023-01-01 20:50:00,1500.1000200040007,56.89572633373274,26.456539503986775,137.82118846383838,5.929712253489133,930.637510874855,3071.985713241619,10.336183222737484
2023-01-01 20:51:00,1500.500100020004,56.76578475873926,26.301504936431797,136.8617750486438,6.115430036392355,926.1565248211011,3118.9816065997725,10.352060575584527
2023-01-01 20:52:00,1500.9001800360072,58.27594356020795,25.51828400317132,137.23284000637662,6.102981661688562,922.7859541103162,3105.8707830906105,10.339530215393898
2023-01-01 20:53:00,1501.3002600520103,58.51051498727179,24.952614780724247,137.90253832686648,5.7557861431993,924.4843330569835,3084.6893360107692,10.321574070374137
2023-01-01 20:54:00,1501.7003400680137,57.78202902592271,26.507629224880063,137.02306997855786,6.106759502087043,928.4891639409076,3094.024754777325,10.329969573574688
2023-01-01 20:55:00,1502.1004200840168,56.4479095066124,26.736913094262725,136.16696611170408,6.031570982703991,930.6618795945353,3105.531356317749,10.359598937207698
2023-01-01 20:56:00,1502.50050010002,58.57366519681074,25.58602413197546,137.0704434086972,5.996300612658225,928.5942040804254,3068.349825433683,10.305849110083074
2023-01-01 20:57:00,1502.9005801160233,59.110905760533655,24.47865065293656,138.5472223840181,5.59786716196843,920.478506569824,3034.6392815752033,10.28728999782478
2023-01-01 20:58:00,1503.3006601320265,60.5710087315291,24.052066515854143,139.14745334921426,5.587011738465932,915.3410144810816,3032.3982545913063,10.27775470078458
2023-01-01 20:59:00,1503.7007401480296,59.61415998309179,24.81502236592373,138.92368344092236,5.806342583713966,917.7462506086674,3061.412701462365,10.275548752878562
2023-01-01 21:00:00,1504.100820164033,56.81290467098826,25.712330811541104,136.5934878617356,6.0251091784704345,927.7809517595217,3085.17606170754,10.343313443981963
2023-01-01 21:01:00,1504.500900180036,58.714972123973965,25.62997686071853,137.3598786029806,5.863470372482622,922.7764898326485,3066.6854180662162,10.312921366096369
2023-01-01 21:02:00,1504.9009801960392,58.387022177972504,24.54892927295268,138.0398050650459,5.862670387466507,926.1370158233547,3072.9554804049444,10.307116502520275
2023-01-01 21:03:00,1505.3010602120423,59.58858140347135,24.029850065367913,138.72314434155084,5.842684748311071,916.7280341607653,3055.9333047342225,10.28069124667265
2023-01-01 21:04:00,1505.7011402280457,58.32647024960009,25.62472797942955,137.69784295875485,5.745055739483422,926.1918228624257,3091.5564096723247,10.321596531651528
2023-01-01 21:05:00,1506.1012202440488,57.43981606187053,25.50827262790524,136.9809005708177,5.957045991261873,921.767008149614,3068.6688025806216,10.32088870610091
2023-01-01 21:06:00,1506.501300260052,60.76658009397826,23.725505441753082,139.0380812762491,5.5317697024398855,914.9610497575684,3050.429632414029,10.2595243705866
2023-01-01 21:07:00,1506.901380276055,59.685924416198404,23.91013219346762,138.38714140688182,5.555614633561695,914.841957792051,3058.434505945516,10.274108861377108
2023-01-01 21:08:00,1507.3014602920584,57.460821841027894,25.51060906999124,136.7274155899235,6.0115039703748385,924.7163154409578,3087.878801617918,10.329183620944624
2023-01-01 21:09:00,1507.7015403080616,61.31902561951074,22.696140145183758,140.36449151536655,5.330638497728054,909.0324003674791,3008.1657646466388,10.250492027474147
2023-01-01 21:10:00,1508.1016203240647,58.426848842038495,25.187927452151833,138.40997664830638,5.896117507662792,918.2208284320534,3061.32707033773,10.293708741130498
2023-01-01 21:11:00,1508.501700340068,57.7951058684628,25.720412830169433,138.1985645414232,5.995660186806678,923.9884587615213,3097.4351896133744,10.330518149755635
2023-01-01 21:12:00,1508.9017803560712,59.01941322651755,23.605685938282175,139.16420002993266,5.6251198792514865,916.0399350242534,3043.229440066146,10.286827146227104
2023-01-01 21:13:00,1509.3018603720743,58.20810189961619,25.485714103611688,137.25262676985636,6.180353942774509,931.9919103241887,3069.844289714974,10.343738747428686
2023-01-01 21:14:00,1509.7019403880777,57.03807764437378,25.74521163566977,137.19931149557343,5.891616439319516,926.9523841319569,3096.19139018075,10.337057746333434
2023-01-01 21:15:00,1510.1020204040808,59.606840817124066,24.121108039140807,139.1139889445351,5.630148217397676,909.2236586436694,3029.2049556899146,10.265723670572212
2023-01-01 21:16:00,1510.502100420084,58.962222678633836,24.115829958084536,138.08548235530122,5.879063759121974,917.293020820276,3066.9637587734906,10.29988220892176
2023-01-01 21:17:00,1510.9021804360873,58.357591520149725,24.772350678815428,138.47126527181888,5.6690424612947785,916.3536894687754,3052.313308986544,10.30027589120065
2023-01-01 21:18:00,1511.3022604520904,58.80292954540148,25.053810556033117,138.73665381118062,5.721605897957752,915.9861167145822,3078.980239772334,10.299258972739054
2023-01-01 21:19:00,1511.7023404680936,58.42236616316132,25.441440268845973,137.29444976991363,5.911937854052134,915.5791315388536,3071.124334652313,10.314339186093996
2023-01-01 21:20:00,1512.102420484097,60.488823787127416,23.797934553661673,138.9266909134266,5.5585205549821515,915.1190843191088,3027.670137920565,10.26431362926626
2023-01-01 21:21:00,1512.5025005001,60.121878449653344,23.951366731044153,138.36736189602254,5.7366597065879965,919.0499847159152,3049.463247067422,10.283965723621199
2023-01-01 21:22:00,1512.9025805161032,58.11313983404775,24.92404801874304,138.24185209942544,6.039766621949756,922.533900586277,3080.1694012415137,10.318658277785559
2023-01-01 21:23:00,1513.3026605321065,58.65303377547908,24.57612803414823,138.27215692899753,5.8181225668510965,918.5866392408601,3069.4972936659165,10.302503445789908
2023-01-01 21:24:00,1513.7027405481097,61.06206600269557,22.87242462217581,140.83267864821389,5.609177938247269,918.6150314500022,3017.918666683957,10.245612957638581
2023-01-01 21:25:00,1514.1028205641128,59.50780325313101,24.388963788136724,139.26974346464718,5.596973095385391,916.7251383000977,3053.4511610513396,10.281384527595575
2023-01-01 21:26:00,1514.5029005801161,59.05265590539385,24.589279247381747,137.95790992487113,5.718233688067289,920.2185296224484,3057.3586199329875,10.286354883480826
2023-01-01 21:27:00,1514.9029805961193,59.82681271703271,24.088105885532926,138.59259894572727,5.4968478524808795,917.4155964923414,3033.247692943963,10.284129616088615
2023-01-01 21:28:00,1515.3030606121224,59.294095524844266,24.423187775800884,138.95708590762584,5.668226428533113,919.6388587588569,3053.735250524192,10.291662922225417
2023-01-01 21:29:00,1515.7031406281258,59.30336089138911,24.345734099051676,138.70795237743715,5.7538092400391365,916.7077034100657,3051.578419211576,10.282645059239359
2023-01-01 21:30:00,1516.1032206441287,59.70117788960012,23.335503128797882,139.29295712230964,5.5658763139154175,916.4403634015009,3024.7895178782705,10.271478565871167
2023-01-01 21:31:00,1516.503300660132,59.493176093589426,23.61082969096221,138.98304385898874,5.58788924828005,920.4902116493165,3025.5922573884395,10.28339618399564
2023-01-01 21:32:00,1516.9033806761354,60.35155953645029,24.02534645725319,138.92858666488974,5.622662171500829,916.9188479779168,3039.726199127517,10.274454558607893
2023-01-01 21:33:00,1517.3034606921383,60.629082288522746,23.13601162556443,140.1331806591462,5.298919513718264,916.4917983740764,3032.614319674682,10.255324787894237
2023-01-01 21:34:00,1517.7035407081416,58.510045205123625,25.45215078712325,137.69822079887183,5.888329303601483,925.0498099127144,3088.9674990133435,10.332121986407792
2023-01-01 21:35:00,1518.103620724145,61.51529499837518,22.779183831201095,140.0800715108969,5.605573163129481,912.235649099884,3018.706740003252,10.23312988845228
2023-01-01 21:36:00,1518.503700740148,58.461485271264436,24.376415106126327,138.74849545047874,5.583666909583293,916.3801740382661,3054.7761015636556,10.2792011302953
2023-01-01 21:37:00,1518.9037807561513,58.32115389599727,25.764762277791938,137.90345036953315,6.0031162223946115,926.3200865708186,3086.326587582958,10.329461972502878
2023-01-01 21:38:00,1519.3038607721544,60.82411740227733,23.727561936503584,139.61535321862266,5.629039638646934,915.8572659774785,3029.0549134738994,10.270319930401955
2023-01-01 21:39:00,1519.7039407881575,59.7800881301785,24.067431073558115,138.89317607416552,5.571217865336698,916.5853022486526,3043.3914477838766,10.276871484710941
2023-01-01 21:40:00,1520.1040208041609,57.041032804059995,25.74128388528184,137.50098990761845,5.9787878316714504,926.73801612151,3093.9074546766283,10.336370682520464
2023-01-01 21:41:00,1520.504100820164,60.29415722748442,23.845798687383528,139.01476979848692,5.676362227116872,911.460389757806,3011.277734101787,10.2521904435814
2023-01-01 21:42:00,1520.9041808361671,58.139573378341574,25.044197066613517,138.1056144819982,6.069783775033613,922.5371767718668,3070.5620491103173,10.301889558610778
2023-01-01 21:43:00,1521.3042608521705,58.94169873552463,24.605335201416814,138.05044718640121,5.766880324912818,920.9467178555057,3052.108600985649,10.297864195201415
2023-01-01 21:44:00,1521.7043408681736,60.10588116583457,24.21714745093529,139.6689224472089,5.597429009695666,921.8001960844945,3033.432525169607,10.278844923031643
2023-01-01 21:45:00,1522.1044208841768,59.134424484584386,24.107839290884964,139.5564357006069,5.565343461409827,918.6892942501796,3033.345656342551,10.292811784083732
2023-01-01 21:46:00,1522.5045009001801,58.868845513121535,25.358660767546613,137.20604893349952,5.851632783907327,922.4689094450757,3065.4093124118926,10.286351662782728
2023-01-01 21:47:00,1522.9045809161832,57.53524516998264,25.541832121189692,138.1640703573286,5.891012030496726,923.9931610055927,3084.1780313422055,10.320150514177628
2023-01-01 21:48:00,1523.3046609321864,58.71634372494407,24.071517313785087,138.98000727521085,5.666673942381895,916.3953985259988,3054.5772273113935,10.272754574418588
2023-01-01 21:49:00,1523.7047409481897,58.36738443817574,24.883789171146514,138.8444631203831,5.8520615617108005,920.3518055013376,3064.4250013682195,10.302536076927565
2023-01-01 21:50:00,1524.1048209641929,60.65709235163067,23.7965215788707,139.61488862529663,5.505375475548826,917.9174036462538,3033.6469530896065,10.262308175212747
2023-01-01 21:51:00,1524.504900980196,60.26718146281784,23.949330211725297,139.32048620790172,5.79878033904294,916.0823550432108,3053.928164559597,10.291873448411922
2023-01-01 21:52:00,1524.9049809961994,61.47488192920151,22.95761952632233,140.03370919010848,5.452751370990874,913.7772672703449,3006.8005986827725,10.247120618525372
2023-01-01 21:53:00,1525.3050610122025,59.99337474795678,23.874376946040563,139.0768335532217,5.54959580635069,916.0974109307738,3054.8157222066984,10.280846433667891
2023-01-01 21:54:00,1525.7051410282056,58.358431939607286,25.217183073885185,138.74514703684954,5.669746908324794,918.4518840271091,3049.399810359423,10.30270476609431
2023-01-01 21:55:00,1526.105221044209,59.501882534481005,24.485186655156895,139.54622494119107,5.925714707544265,918.954904380905,3069.592926487625,10.278224983593814
2023-01-01 21:56:00,1526.505301060212,58.32939797352069,25.67012866657206,137.6655182059065,5.976673038780909,920.8402489315571,3060.566551887995,10.312499451837477
2023-01-01 21:57:00,1526.9053810762152,60.07963057342354,23.632405707166527,139.29107704017758,5.610765353830308,913.7024082041515,3023.2495035410984,10.272609215161715
2023-01-01 21:58:00,1527.3054610922186,59.08802138086467,24.062257137376772,138.15892888792226,5.607229502614576,915.8370692023893,3047.7113482569953,10.299236105409573
2023-01-01 21:59:00,1527.7055411082215,59.68814054117886,23.228589005816563,139.39077848836973,5.492849774441536,911.4497007342472,3035.676158671263,10.269332370073789
2023-01-01 22:00:00,1528.1056211242249,60.20500025118817,23.30682215540725,139.18159989832785,5.590574032183069,906.6725580784378,3021.2258025625492,10.248818259437058
2023-01-01 22:01:00,1528.5057011402282,58.0622414421068,25.11171768696177,137.88685804975003,5.673820853901695,920.5678470467016,3068.316527559465,10.287554361574866
2023-01-01 22:02:00,1528.9057811562311,60.09575083188007,23.367459293211972,139.4830655322851,5.772054259198653,913.6498275122746,3037.5615542429055,10.273926255793633
2023-01-01 22:03:00,1529.3058611722345,59.930087838940736,23.841922214663878,139.3568020708133,5.457575040424665,914.5152626412826,3024.9548435126458,10.27777378950214
2023-01-01 22:04:00,1529.7059411882376,59.87322850307189,23.934658335248326,139.05823926650098,5.405988496233018,911.2463922434914,3027.336720847405,10.261683322876264
2023-01-01 22:05:00,1530.1060212042407,59.57368685053955,25.075001799189995,138.17392264648385,5.708476848061471,922.1648405436786,3057.5973537713644,10.292403613250007
2023-01-01 22:06:00,1530.506101220244,60.85908804748087,22.798519546128713,140.60226558105862,5.506231190844867,904.2023392235244,3025.0892420262276,10.264531281748882
2023-01-01 22:07:00,1530.9061812362472,61.136292126460084,22.661842766778857,140.1245279651268,5.082929923093994,911.4700045003082,3014.11523799781,10.243855457623829
2023-01-01 22:08:00,1531.3062612522504,61.12513562308706,22.544579900478816,141.22711949120435,5.309268492680109,905.5033307408773,3023.42946651847,10.260747426559615
2023-01-01 22:09:00,1531.7063412682537,60.592763205071456,23.011954749430608,139.83160261146492,5.170534535437038,909.3402420697089,3020.1396113434275,10.251050692753953
2023-01-01 22:10:00,1532.1064212842568,59.3924127010534,24.754366536457933,138.92323674804365,5.785682536015806,918.337927947022,3041.7363904127583,10.289166467700857
2023-01-01 22:11:00,1532.50650130026,60.24478320891276,23.958007272785473,139.19005258785276,5.483422521458056,920.7464601014062,3033.1895159914457,10.281124021673516
2023-01-01 22:12:00,1532.9065813162633,57.94734952616882,25.25042567269785,137.4089016212064,5.991707403628444,924.1716760338735,3081.2266573432753,10.317010762530813
2023-01-01 22:13:00,1533.3066613322665,58.87249547239464,24.358633514140937,138.12930482790804,5.49776906834662,909.8794901975565,3039.206673097957,10.264554225669274
2023-01-01 22:14:00,1533.7067413482696,60.19123865068294,23.670380869729655,140.34369303395675,5.3856921938889,913.9177809292655,3026.5163873221613,10.254728101268734
2023-01-01 22:15:00,1534.106821364273,59.78045831023065,24.28821634928517,139.96223392728314,5.532832935170437,912.530761027796,3039.4125441927295,10.279797001826703
2023-01-01 22:16:00,1534.506901380276,61.05529899730792,22.82271259038898,139.54814910252125,5.453409392168015,917.7921752680887,3013.290595806555,10.23422340923836
2023-01-01 22:17:00,1534.9069813962792,59.093767249115935,25.039838758313806,138.4304745341666,5.815748603781327,922.3730962833824,3078.3355087786986,10.296351573763017
2023-01-01 22:18:00,1535.3070614122826,58.756222879576434,24.26670534790034,139.19215815263007,5.670774757536201,922.2913310260026,3059.674388060705,10.300006855107773
2023-01-01 22:19:00,1535.7071414282857,61.100455226347115,22.12677923868301,139.59973535987598,5.115041389218683,906.6856910478357,3011.69899908962,10.234738180492208
2023-01-01 22:20:00,1536.1072214442888,58.86297285273737,24.286637819614047,138.78714726292864,5.650147950618204,915.0745756981488,3050.9352177683636,10.274695373136344
2023-01-01 22:21:00,1536.5073014602922,59.94478029350858,23.39461903650482,139.38011887670083,5.474077513742196,912.7688950963613,3037.609470834467,10.274431134265312
2023-01-01 22:22:00,1536.9073814762953,61.56615648120182,22.551812280106496,140.5082175139844,5.275321568302802,906.0957564341882,3001.3877773059544,10.232258160172098
2023-01-01 22:23:00,1537.3074614922984,58.29791763867717,24.640253892583413,138.78428192120464,5.947176603896518,922.50694827707,3058.831499233677,10.293823900871848
2023-01-01 22:24:00,1537.7075415083018,59.05714521047228,24.664172760890384,138.57594124280004,5.741923167802357,918.9588385133201,3064.646535582425,10.287682418468147
2023-01-01 22:25:00,1538.1076215243047,60.31613791614337,23.77132478595962,139.65059813469202,5.700850319033835,914.5103028840143,3039.8933870794835,10.281857077324045
2023-01-01 22:26:00,1538.507701540308,60.647964415471066,23.901489759377498,138.57763897394145,5.534827769697922,915.5635469782894,3030.552388135093,10.262661662959847
2023-01-01 22:27:00,1538.9077815563114,59.29449126251034,23.787668141522087,139.72287672756661,5.607697046105719,914.5857200593565,3010.1298766505,10.282003126149494
2023-01-01 22:28:00,1539.3078615723143,60.76581963615191,23.341305968261302,139.81692826909557,5.537871084545311,910.9928679152938,3020.90519019714,10.252420361776567
2023-01-01 22:29:00,1539.7079415883177,58.73723483556819,23.97468112131827,139.88016865312858,5.7129220844706134,915.7028234294446,3049.33821920897,10.286893027309931
2023-01-01 22:30:00,1540.108021604321,59.20002397677878,23.27949538355565,139.73377348775804,5.499905570386141,912.5556537327161,3038.7179412840424,10.2579557173747
2023-01-01 22:31:00,1540.508101620324,60.449533341355085,22.964343884259005,139.5780898295829,5.520900046379662,914.4630853916567,3012.7292032042847,10.266962508396913
2023-01-01 22:32:00,1540.9081816363273,61.23332890703189,22.92141177041749,140.93310857527308,5.505642834802065,910.4782583500039,3023.0883275911174,10.239985338087266
2023-01-01 22:33:00,1541.3082616523304,59.69824419987966,23.98423515629179,138.9979258097442,5.677072237525447,913.5939995341748,3036.272319312198,10.297341031447484
2023-01-01 22:34:00,1541.7083416683336,59.41380242288571,23.764647846816292,139.43776098104502,5.4201171200748375,913.7206256485991,3034.647170999757,10.25983260554469
2023-01-01 22:35:00,1542.108421684337,62.07754785462135,22.558759841744415,139.50436457492927,5.45520210242644,912.180901803963,3025.3804118405887,10.230709256839392
2023-01-01 22:36:00,1542.50850170034,61.687390181565306,21.829009106102042,140.18305604499875,5.3828629240487125,906.9655041705873,3005.450501042764,10.23850411308182
2023-01-01 22:37:00,1542.9085817163432,60.82599442509828,22.522654221665608,139.99207792886656,5.425020364066165,901.0740418934106,3009.2788343264956,10.231856936752829
2023-01-01 22:38:00,1543.3086617323465,59.1176763386225,23.84849364333082,139.34144477437943,5.508066137716991,916.8575635231603,3037.5645119106475,10.261949663244156
2023-01-01 22:39:00,1543.7087417483497,59.97602307351357,23.36165414696072,138.91588364881247,5.445300004329058,912.8658721317713,3036.3767300410454,10.274735787289421
2023-01-01 22:40:00,1544.1088217643528,59.873378558537304,23.000233189961836,139.11717965366444,5.417605984832607,913.3474344072456,2989.99930688071,10.2656280360064
2023-01-01 22:41:00,1544.5089017803562,58.90923219205227,23.54645771046994,139.02860887765132,5.732590782267247,915.584349356175,3052.6610043413684,10.281572401067802
2023-01-01 22:42:00,1544.9089817963593,59.39881176112129,23.492877270146437,138.8104340091241,5.370706923543447,914.9286359877882,3041.4172287574547,10.260660243749731
2023-01-01 22:43:00,1545.3090618123624,59.89016290886266,23.492385185500492,139.99436611823265,5.50008929784406,914.7058872029121,3027.795169205945,10.257735297117401
2023-01-01 22:44:00,1545.7091418283658,59.74081807111099,23.375538956936175,140.43870470066014,5.335939264464329,911.8086986268912,3013.1449159058116,10.270693013713878
2023-01-01 22:45:00,1546.109221844369,61.143669685720674,22.68064211798601,140.72229509462977,5.143360946025519,903.2860890787249,2993.3502451764366,10.208472992296748
2023-01-01 22:46:00,1546.509301860372,62.444800628396024,22.72632973800352,140.7648548815273,5.3881392803184855,903.7039762754824,2988.099683612857,10.230040873393948
2023-01-01 22:47:00,1546.9093818763754,60.18115324873203,23.952157535600357,138.57216102219238,5.511946817937042,913.294870658185,3025.6776558047645,10.248810216097572
2023-01-01 22:48:00,1547.3094618923785,60.262892174102895,23.431614993284896,139.60252980504882,5.458233453895522,914.5168003017633,3036.9655169711423,10.273939072300148
2023-01-01 22:49:00,1547.7095419083817,60.42542789734893,23.445160223132792,139.60310752485833,5.55856135200406,912.8696570708593,3037.5783995550023,10.258654660253988
2023-01-01 22:50:00,1548.109621924385,60.47559095198219,22.73166817237102,140.15149060666846,5.374251689454303,912.6273540653343,3033.0602909414324,10.253604973369505
2023-01-01 22:51:00,1548.5097019403881,61.34639252844526,22.5341049295503,140.06179082250867,5.318268632841063,906.0857217249167,3024.808352013201,10.232368026489544
2023-01-01 22:52:00,1548.9097819563913,60.30772170614967,23.82506844847844,139.1863409231457,5.607792127012353,913.43886520802,3027.8790953298058,10.274520675652408
2023-01-01 22:53:00,1549.3098619723946,58.88594353288646,23.451148955860123,139.58618117211847,5.706761435678001,914.3640962124341,3044.158499581664,10.27289784853633
2023-01-01 22:54:00,1549.7099419883975,60.82336196023632,22.780089711788715,139.92049067972206,5.441646701967679,910.1964193577902,3008.4663846107687,10.252741399163238
2023-01-01 22:55:00,1550.110022004401,58.34038614199466,24.495875319404398,138.28235959578257,5.733768899407686,925.0066532239497,3051.406926441044,10.297998665781268
2023-01-01 22:56:00,1550.5101020204042,60.74292747536464,22.612617324987788,140.48297557289095,5.386888555193606,909.1396935955773,3018.6095494813626,10.25098949848102
2023-01-01 22:57:00,1550.9101820364072,59.57774342387317,23.45887980849275,139.8016361522876,5.6694303160251796,915.3618411298742,3038.6948186919694,10.26591495013469
2023-01-01 22:58:00,1551.3102620524105,62.215525748033414,22.739923176794232,141.40703733357535,5.138564624244212,909.6683791100614,3016.324567391111,10.217908376404386
2023-01-01 22:59:00,1551.7103420684136,60.291962793016445,23.777046587192324,139.03790312981178,5.599036052298739,912.3342377650501,3039.1016323981808,10.273947872490611
2023-01-01 23:00:00,1552.1104220844168,61.093739295358525,22.217480807007668,140.45641778584513,5.234592950237479,912.9809725814553,2991.65017805189,10.236243519838064
2023-01-01 23:01:00,1552.5105021004201,59.910009214036045,23.62725350187407,138.824330755776,5.579203904403025,912.2781680373846,3022.6979938087657,10.292411269459533
2023-01-01 23:02:00,1552.9105821164233,59.65345885400748,22.92792098163958,139.01204930603362,5.704028481746701,915.4633233263714,3022.051765325344,10.257838223539935
2023-01-01 23:03:00,1553.3106621324264,60.54885992056679,22.81832864011947,139.3809424501002,5.324298759177331,908.3318267361831,3027.20895243738,10.268308220639025
2023-01-01 23:04:00,1553.7107421484297,59.940608736752196,24.401084741207427,139.0838586697631,5.467344680270842,917.6358724737134,3041.297182821139,10.276707157344832
2023-01-01 23:05:00,1554.1108221644329,60.65352967898843,23.31602726747979,140.75256220659054,5.56659960042878,909.1036386936855,3004.8626662759766,10.250502724539562
2023-01-01 23:06:00,1554.510902180436,62.356471709662735,21.83649377300233,141.93341009347927,5.159366836545008,896.3403367192203,2973.356668128079,10.202293325614722
2023-01-01 23:07:00,1554.9109821964394,61.37397027377017,23.27283276929717,140.11406806797174,5.379990694515567,915.9269105920838,3031.6392237488853,10.258455953679048
2023-01-01 23:08:00,1555.3110622124425,60.297361553054,23.810102745072975,139.15889058903608,5.48729355838155,913.7002624151104,3039.796742489525,10.259756824780107
2023-01-01 23:09:00,1555.7111422284456,62.16424103984531,21.720042645036877,140.86599990617944,5.0985039094341635,901.1913468542422,2957.94234049821,10.21354021116045
2023-01-01 23:10:00,1556.111222244449,59.20149568862676,23.737770859443128,139.03272582870287,5.566641568664908,914.9310797062451,3041.386111773926,10.265455031035678
2023-01-01 23:11:00,1556.511302260452,61.819887942705385,22.791698305091202,140.38534642522168,5.512922480905577,909.2034328610218,3020.417395344658,10.246708345521252
2023-01-01 23:12:00,1556.9113822764552,61.458377381496014,22.10597458978389,141.09451886239017,5.148962258112112,905.0050492575626,2991.603907691057,10.225755248378272
2023-01-01 23:13:00,1557.3114622924586,61.64799072713304,21.971808999916707,141.0655913506196,5.1896402546514135,904.1481565023862,3001.806679375096,10.217167918028448
2023-01-01 23:14:00,1557.7115423084617,60.85291681301843,23.378248782881375,140.08415124492183,5.2807306992749155,909.6532354815484,3030.924189292694,10.247162068095719
2023-01-01 23:15:00,1558.1116223244649,61.53573551457189,22.25196747514072,140.53793393947024,5.302310257600499,914.2854089478773,3015.497647278859,10.237011076858481
2023-01-01 23:16:00,1558.5117023404682,61.00109254673935,22.227124727846157,140.3460192273478,5.216609796509235,900.3703154202374,3004.383544364228,10.236841843056158
2023-01-01 23:17:00,1558.9117823564713,59.87063238166282,22.968050562250912,138.76337181287929,5.559821824913096,907.8004721832557,3021.614234998536,10.27423221841658
2023-01-01 23:18:00,1559.3118623724745,59.860562413968466,23.5079206140165,139.65066749982847,5.446498495641595,913.3737660514763,3039.367171844214,10.261150597710289
2023-01-01 23:19:00,1559.7119423884778,59.89665054436329,23.637378817643576,139.55691313854194,5.5908363196718796,906.2006283136776,3021.5980121992266,10.26762102795847
2023-01-01 23:20:00,1560.1120224044807,61.50758454248311,23.14080421541796,140.31680369472306,5.468436393360715,907.1114101649212,3012.082784208737,10.228179225201512
2023-01-01 23:21:00,1560.512102420484,60.07165629386889,23.183108633410313,138.86270271972717,5.380523955796618,910.666968269387,3020.4959004912853,10.254501336927667
2023-01-01 23:22:00,1560.9121824364875,61.502442133036915,22.730288755071314,139.92510207068818,5.424333794879102,910.5341431663768,3005.574545167038,10.257927621246044
2023-01-01 23:23:00,1561.3122624524904,60.87633674464248,22.244661918800773,140.09932832373008,5.170280663027979,906.5863736830023,3019.201784173096,10.242076996674538
2023-01-01 23:24:00,1561.7123424684937,60.580291949667256,23.2729083576165,140.5319157154979,5.451560657701621,911.1833399067771,3034.2833801143156,10.250202002423423
2023-01-01 23:25:00,1562.112422484497,62.06744124368664,22.243449956433142,140.93233493730773,5.330578463638258,904.6938586837919,2988.4834718269,10.239284492683469
2023-01-01 23:26:00,1562.5125025005,60.83556521393277,23.273681603516344,138.31027970142918,5.423643495705328,908.1318897060153,3026.449274775372,10.249013884923475
2023-01-01 23:27:00,1562.9125825165033,61.00788380010897,23.41814064825834,139.47993882906283,5.57407817206036,913.2164220621042,3029.7781369743793,10.257826065076534
2023-01-01 23:28:00,1563.3126625325065,59.564491406614515,24.364827028536475,138.4984850175945,5.650655367059432,917.8094382868072,3029.812995755617,10.288020125063449
2023-01-01 23:29:00,1563.7127425485096,61.73017327398508,22.32373547179715,140.3293894691506,5.246175176455549,906.5648532031704,2979.685699119839,10.231792892570011
2023-01-01 23:30:00,1564.112822564513,61.8745699712405,22.156354929205005,139.72462097944197,5.108046196906634,906.3024012591898,2989.6193234611887,10.2189402611007
2023-01-01 23:31:00,1564.512902580516,59.89335997152803,23.656841522506912,140.09746867256231,5.5991546630800855,916.6472380414609,3028.3017787549047,10.26749522842368
2023-01-01 23:32:00,1564.9129825965192,60.72302254212056,22.967578016037493,140.49928369961918,5.386205767430802,911.1331389604363,3037.052004200237,10.258924287055468
2023-01-01 23:33:00,1565.3130626125226,59.50719684405963,24.240425733895655,137.99591031814583,5.523083920002817,920.6173573131504,3060.3934740326326,10.289009966687255
2023-01-01 23:34:00,1565.7131426285257,59.90008848801861,23.150338552324715,139.75993127819112,5.4980654116449115,914.7055178163282,3040.578903780374,10.272033046081312
2023-01-01 23:35:00,1566.1132226445288,60.51508962895795,23.251316652244178,140.95211976732,5.3123045492379095,912.7836151307133,3018.209994930088,10.246947216401088
2023-01-01 23:36:00,1566.5133026605322,59.66171551470312,23.572605245811246,139.33097522793443,5.485627347311187,920.0112343683372,3015.5350166120734,10.268502666076042
2023-01-01 23:37:00,1566.9133826765353,61.03729593087082,23.103011632331228,139.70937149997218,5.295776659164446,910.4273318633968,3006.181880886724,10.242609300054468
2023-01-01 23:38:00,1567.3134626925385,60.878895496292806,23.234753363603716,139.94309201731977,5.268023313961922,914.54455071336,3028.624805029197,10.261217042738847
2023-01-01 23:39:00,1567.7135427085418,59.13693054708204,23.568585586306078,139.79114423412187,5.42130417602825,915.4905356724498,3047.32951345298,10.284703688706255
2023-01-01 23:40:00,1568.113622724545,60.855158902496825,22.518775060839943,141.0815749283677,5.322528741398987,904.6001549812436,2992.6649009044168,10.236804467171009
2023-01-01 23:41:00,1568.513702740548,62.09793117933462,21.721241979770042,141.11775675858735,5.312855437959362,904.6848407989253,2983.4768484733613,10.221225622403102
2023-01-01 23:42:00,1568.9137827565514,61.36736884953654,22.41492098254527,140.4390240252473,5.235455922309573,907.1951473873237,2979.376477567036,10.227160601901874
2023-01-01 23:43:00,1569.3138627725546,60.4150746307813,23.145492048763604,140.4480212562653,5.286421968902909,911.476364598324,3014.952303384063,10.255851111882915
2023-01-01 23:44:00,1569.7139427885577,62.22246436745605,21.79316007171398,141.39763459988689,4.997304916757759,900.3521052181669,2982.109231077348,10.20662922266753
2023-01-01 23:45:00,1570.114022804561,61.537600413716916,23.088539394464796,140.56671165924877,5.178934709741912,919.1735779651893,2988.8494012136166,10.238780585954828
2023-01-01 23:46:00,1570.5141028205642,61.483098534151715,22.608388478565157,140.35541856659165,5.271483190950516,910.8713392070865,3008.0676436687486,10.23220537614047
2023-01-01 23:47:00,1570.9141828365673,62.15551010029874,21.49224909737604,141.31125104860482,5.133478540679767,907.5132945667034,2993.0436029594803,10.219853050948954
2023-01-01 23:48:00,1571.3142628525707,60.97363679342911,22.10909378842045,139.54262150999008,5.369002146164898,910.7035704285835,3011.6289694705997,10.231123197862612
2023-01-01 23:49:00,1571.7143428685736,61.11637568948008,22.535666015118803,140.36779962055823,5.3401610934703605,907.2128194390468,3009.255748222138,10.232576216882201
2023-01-01 23:50:00,1572.114422884577,60.881985556755794,22.83751730173089,140.59462383952678,5.549804866621824,909.4236727938439,3021.917755011929,10.269149334658621
2023-01-01 23:51:00,1572.5145029005803,63.730704123578505,20.913656566902773,141.7880269159451,4.879225397768267,901.5366883317355,2976.0766783841814,10.18677331929251
2023-01-01 23:52:00,1572.9145829165832,59.04167425686159,23.525646351917505,139.55352556276335,5.414587550554839,908.2687650435265,3008.8882078872684,10.253408364603944
2023-01-01 23:53:00,1573.3146629325865,59.187497779982806,23.57736308523087,138.5655993314872,5.594541370301638,913.093557597284,3039.896360636642,10.273376132548957
2023-01-01 23:54:00,1573.7147429485897,63.14139691400136,21.495806950321743,141.7867538956973,5.036991077405051,900.4153769948274,2957.2580398846103,10.204744343307576
2023-01-01 23:55:00,1574.1148229645928,62.58703020745042,22.484341857586664,141.71163142343593,5.090279550858834,905.37118984592,2978.408943329303,10.20179792821143
2023-01-01 23:56:00,1574.5149029805962,61.73763876727719,22.792009623857318,141.29121345298657,5.236431261261958,905.1072386213209,3001.7593073688085,10.237428564445457
2023-01-01 23:57:00,1574.9149829965993,60.32275151608383,23.125533119266336,138.76799920305666,5.2878040594811075,917.1257003627413,3023.628479793341,10.245473707711431
2023-01-01 23:58:00,1575.3150630126024,61.71720862547669,22.470490417542734,141.1123263906174,5.022643444693677,915.5622123942208,2993.1401837559088,10.212109945700908
2023-01-01 23:59:00,1575.7151430286058,60.64675659954994,22.44842822032631,139.43960849598994,5.282456064430771,910.327417952787,3015.424522702577,10.245424524384932
2023-01-02 00:00:00,1576.115223044609,62.025072814034104,21.086914351420486,141.85380773466085,4.94378137276724,904.8922926140918,2967.4647506948577,10.201310654551744
2023-01-02 00:01:00,1576.515303060612,61.48246003128672,22.768373261242477,140.22933386136955,5.336509216411715,909.3677280849363,3009.924555688692,10.241144809634536
2023-01-02 00:02:00,1576.9153830766154,62.575233910618095,22.058991445617398,141.19115053921914,5.207254465669613,903.723468360976,2996.494520358919,10.21370612189971
2023-01-02 00:03:00,1577.3154630926185,61.96191815751765,22.083363458272668,141.1689241720476,5.145283058735382,902.4585594427991,2993.579290506355,10.22992026565077
2023-01-02 00:04:00,1577.7155431086217,61.35850510787394,21.99410538557236,140.70455453044008,5.221806943155764,907.993896495531,2995.530202428432,10.220435031605028
2023-01-02 00:05:00,1578.115623124625,60.86487496038422,22.446550900459982,140.18304957431295,5.436757227110436,906.4099593681317,3003.6066574623546,10.238114912199151
2023-01-02 00:06:00,1578.5157031406281,60.66381986367546,23.28923643243919,139.66887483659414,5.424013593460089,916.2774308367808,3027.1534068106043,10.257872403208879
2023-01-02 00:07:00,1578.9157831566313,64.18879298980896,20.31683129756949,143.00815458792377,4.960450339598791,894.0937864929933,2941.5358361334615,10.165184511449173
2023-01-02 00:08:00,1579.3158631726346,60.60732703754706,23.805412406557057,139.97182959171428,5.587080818928097,912.4393670777114,3020.326934387972,10.260847710312913
2023-01-02 00:09:00,1579.7159431886378,60.717394085670165,23.248759260648615,140.7827710322328,5.361875511667184,906.0008571480042,3009.288464950359,10.243528254253546
2023-01-02 00:10:00,1580.116023204641,61.109943546427395,22.82042521504448,139.82668783170294,5.265603106764022,905.017352525959,3003.2239568548957,10.23208455913773
2023-01-02 00:11:00,1580.5161032206443,63.09956398058307,21.513945433300922,141.54711999203425,5.068629148678791,906.3283640239005,2965.813337613059,10.202569089187303
2023-01-02 00:12:00,1580.9161832366474,62.60504547451843,21.304172596719603,141.2775309018188,5.164382373254797,900.5847137266271,2973.5129580502085,10.20482050283168
2023-01-02 00:13:00,1581.3162632526505,59.850372382660865,23.201245803591576,139.87711019807617,5.49328122308147,912.6001609053794,3030.9952860266626,10.266177589212116
2023-01-02 00:14:00,1581.7163432686539,61.84913955938476,23.066258099698693,140.30170937554652,5.6479358948204545,908.6823343218616,3011.391292393512,10.240051875209689
2023-01-02 00:15:00,1582.1164232846568,61.46103519727439,22.90792332250004,140.21736968905486,5.234934271275013,906.5596584195545,3006.0792528008583,10.233165073996675
2023-01-02 00:16:00,1582.5165033006601,61.936378364459756,22.33312412034615,140.9771129693396,5.29146479780429,905.2601432307429,2987.5729319075062,10.214324554773789
2023-01-02 00:17:00,1582.9165833166635,61.466781675039854,22.496454640035658,140.4638861800771,5.395080907567874,901.6450955446817,3004.158408421987,10.239713179232115
2023-01-02 00:18:00,1583.3166633326664,63.37659572057371,21.07429082995444,142.32219869256548,4.791833051086131,900.8704561906105,2966.6776209404766,10.163288133359112
2023-01-02 00:19:00,1583.7167433486698,61.62358249837508,22.367754004433987,140.80082957986525,5.301806510619444,908.36184271035,2996.451872812454,10.230015280368663
2023-01-02 00:20:00,1584.116823364673,63.96182614564798,21.143373171969884,141.807502863042,5.00186432741306,903.1202569594903,2973.0936229784647,10.203460380642195
2023-01-02 00:21:00,1584.516903380676,60.09872594480997,23.364994472090768,138.6619679349247,5.529568625102111,918.6215707873978,3046.4322765024162,10.271975332844848
2023-01-02 00:22:00,1584.9169833966794,61.23748217044131,22.116928858334823,141.52671262368423,5.346676273677176,906.6962274734681,2994.1084873947802,10.219545993189625
2023-01-02 00:23:00,1585.3170634126825,61.36564814494487,22.561357650423915,141.05747036204048,5.280107690638249,908.0547336845185,3008.9145353501194,10.208244925387802
2023-01-02 00:24:00,1585.7171434286856,62.66620818602624,21.535644760731813,141.38406110588127,5.270236143327378,904.8111246588797,2975.3399124850157,10.213241569630547
2023-01-02 00:25:00,1586.117223444689,62.049823537820764,21.300169153158638,141.61624047021746,4.996859587519765,898.9695813309005,2982.9892467756645,10.218729709461517
2023-01-02 00:26:00,1586.5173034606921,60.1023443170738,23.453073592682426,139.88188472807917,5.390585570971291,912.2011370186318,3024.4398915194984,10.261240576886705
2023-01-02 00:27:00,1586.9173834766952,61.73864023250839,22.13805760935344,140.60775314367012,5.179243929155635,908.2107082930329,2972.4261881851858,10.2298495051732
2023-01-02 00:28:00,1587.3174634926986,60.872075734385774,22.759088394028254,140.75123687936943,5.326106597392077,912.6651426568524,3027.8189335068255,10.248262760023584
2023-01-02 00:29:00,1587.7175435087017,63.03362272221775,21.385444670998808,140.59200954754144,4.985633913976709,908.0507210157614,2970.2068300098845,10.201575647477533
2023-01-02 00:30:00,1588.1176235247049,62.87854271104836,20.941311215639164,140.44733806154727,4.905375651419884,903.0240074345317,2986.8130140445155,10.21567422409001
2023-01-02 00:31:00,1588.5177035407082,61.812370022867,22.17052764564598,140.69464255877304,5.292764711755539,908.3466716978253,2986.2534581741315,10.218586079438039
2023-01-02 00:32:00,1588.9177835567114,61.49461248046281,22.596910903937978,140.65745088216673,5.347029230799382,907.800528806476,2993.0990712512194,10.247881963681591
2023-01-02 00:33:00,1589.3178635727145,61.07791384830382,23.178767383882555,140.31243215729333,5.414791781600855,906.0977732409882,3022.6869172369766,10.249029712113462
2023-01-02 00:34:00,1589.7179435887178,62.001751222228506,22.03323829359405,140.9392360727505,5.143663546816535,906.0968424349927,2999.236876918096,10.223459618706139
2023-01-02 00:35:00,1590.118023604721,62.36894781048395,21.86592129457186,141.3185045168244,5.178171673858897,902.2757726864937,2971.9507155312917,10.227456444816685
2023-01-02 00:36:00,1590.518103620724,61.86059903501307,22.61594958580377,140.57720002521575,5.474368873253068,905.2672928071453,3005.2676709244342,10.222579194462769
2023-01-02 00:37:00,1590.9181836367275,61.91467483551718,22.395467694103136,139.97425397541136,5.3420320431852755,904.0406159576291,3016.4722390434686,10.23656716888037
2023-01-02 00:38:00,1591.3182636527306,61.31051112618982,22.382722540329034,140.03221229910523,5.260999898899882,905.8540194690371,3000.332995153517,10.233756142303465
2023-01-02 00:39:00,1591.7183436687337,61.80769000466216,22.88934216654045,139.5113698704389,5.393615864200087,907.4201048188359,3022.1220907988723,10.255715965762656
2023-01-02 00:40:00,1592.118423684737,61.788407723155345,22.149244401699757,139.8245144573483,5.459541167305247,914.622083091041,3020.2240275392105,10.242468192683175
2023-01-02 00:41:00,1592.5185037007402,62.516712524601616,21.447984335397692,140.9607586527477,4.94030323716466,903.8238817615717,2964.3456559550373,10.197801033388783
2023-01-02 00:42:00,1592.9185837167433,62.657009278734634,21.854739329101147,140.14484093169705,5.218665524896301,902.2945653988564,2999.647871907089,10.223699933951712
2023-01-02 00:43:00,1593.3186637327467,63.53706761135548,21.244024236098824,141.36155233079742,5.0953320241821665,900.3016592451424,2963.0645542148186,10.209883783892462
2023-01-02 00:44:00,1593.7187437487496,62.66555344883145,21.711378432320377,141.97383432017995,5.140721788038152,901.2139629367498,2977.3092644109215,10.228513015262411
2023-01-02 00:45:00,1594.118823764753,61.89478274370992,22.73682648598923,140.87124919304145,5.202559882415678,906.4102590989173,2994.2308317145853,10.215534190339728
2023-01-02 00:46:00,1594.5189037807563,63.41474790144505,21.412828252047078,141.35833369450285,4.822979231420584,897.6955288040716,2963.5103118053944,10.205271448233358
2023-01-02 00:47:00,1594.9189837967592,64.11725389426046,20.390209347186275,142.43939045474454,4.819260949643899,894.2589575517784,2934.23815578727,10.177101364599064
2023-01-02 00:48:00,1595.3190638127626,62.99438689695379,21.884650684944265,142.16507873797988,5.389684138753827,906.7815778282393,2975.4178671246614,10.221845262460937
2023-01-02 00:49:00,1595.7191438287657,61.644334808218595,22.188530310203852,140.82257430678118,5.22709810524555,903.472656450398,2976.853700790017,10.218476008495331
2023-01-02 00:50:00,1596.1192238447688,61.547819613276516,23.161007162690463,139.8007251696236,5.225471057191987,905.2493488994015,2990.9080302427496,10.235433893753285
2023-01-02 00:51:00,1596.5193038607722,63.33986810429196,21.526663799858778,141.15617001295078,5.085451463241873,897.1971170466712,2978.0147258333222,10.206244503866158
2023-01-02 00:52:00,1596.9193838767753,63.00058539711538,20.818427265902873,141.7337066413712,4.952543697884603,893.1802668018022,2948.7098597318645,10.199021072668476
2023-01-02 00:53:00,1597.3194638927785,62.37649856981458,22.092226805234784,140.69889054548318,5.3304260993529855,905.1122756498427,2979.1352339317423,10.224969397406346
2023-01-02 00:54:00,1597.7195439087818,62.018019888736916,22.06466546800887,140.44116699160506,5.311684389902693,908.7406876648735,2995.836742647423,10.221601342779788
2023-01-02 00:55:00,1598.119623924785,62.06593662885317,22.29387357108393,141.30981280069898,5.379804325846513,906.2809225073104,2984.1452954312663,10.221406769428098
2023-01-02 00:56:00,1598.519703940788,62.966048916528486,21.860773129771392,140.5573928900286,5.172699737926874,901.9850240125417,2987.2535897686116,10.212226834836388
2023-01-02 00:57:00,1598.9197839567914,62.73709733970568,21.339774858340228,141.6915204461456,5.100379935023697,900.8242270644685,2977.5766488855265,10.200077277233294
2023-01-02 00:58:00,1599.3198639727946,62.065836259333715,21.35943784809703,141.55926919143195,5.085523732065472,905.3967012441686,2990.6996243986964,10.224769632110558
2023-01-02 00:59:00,1599.7199439887977,62.30749459241525,22.396132543072895,141.24474131748585,5.275399792209315,903.1065968570662,2989.9247455681625,10.214334778639545
2023-01-02 01:00:00,1600.120024004801,64.04698993942979,20.640291302716705,142.69719513321957,4.890042516135395,898.2644466117586,2964.785478334607,10.212710928833298
2023-01-02 01:01:00,1600.5201040208042,62.713661326967966,21.758838334758725,141.34334037046105,5.29641772939936,903.8061149516942,2985.723097098519,10.213228183996355
2023-01-02 01:02:00,1600.9201840368073,62.338233986198325,22.563693361028637,140.48609343356344,5.238592339954508,906.2589941806942,3010.1459009523073,10.216294083275349
2023-01-02 01:03:00,1601.3202640528107,64.9051792069326,19.519113943612723,143.49281639934148,4.8450757457743645,889.1513801359245,2933.905023442714,10.182580134423715
2023-01-02 01:04:00,1601.7203440688138,61.231424061810536,23.359870107589398,140.3535175969035,5.322343793667033,912.7170278075334,2999.3011225169116,10.244750760343784
2023-01-02 01:05:00,1602.120424084817,61.53671147360801,23.001336105784336,141.80874621860144,5.225413801472711,907.7794638595896,2977.65249852231,10.238997770275706
2023-01-02 01:06:00,1602.5205041008203,61.271550336346856,22.178283614041618,139.62406903472683,5.250522182463853,906.1729723999362,2983.1731617522787,10.246583521551349
2023-01-02 01:07:00,1602.9205841168234,62.938069757986305,21.68751727553246,142.36079673755262,5.16863941312181,903.0849201458557,2980.979627294473,10.22574142653602
2023-01-02 01:08:00,1603.3206641328266,63.597023956486794,21.565899049521494,142.01234369737054,5.232826477215785,903.1948022672848,2971.918428338743,10.198267107563696
2023-01-02 01:09:00,1603.72074414883,63.76153085567629,21.666011636927916,141.64440722305068,4.967042542180366,902.2258995667332,2988.6566024100666,10.19238712415494
2023-01-02 01:10:00,1604.1208241648328,61.59912236105317,23.64887299568796,139.1855421982345,5.506417847795322,914.7110614676229,3023.120979973646,10.277089010790085
2023-01-02 01:11:00,1604.5209041808362,62.77867499409985,22.187989733351852,141.33203535457523,5.3859268154403,905.5650389855756,3006.4211154454415,10.207947533465203
2023-01-02 01:12:00,1604.9209841968395,61.38808984832562,23.154209849711474,140.69391382564106,5.27825523920173,913.0710081256034,3016.68040679337,10.267525380141294
2023-01-02 01:13:00,1605.3210642128424,63.79165180083839,21.90319086467766,141.2497602624648,4.91402676892972,895.5203199229336,2965.1073081620225,10.184848262186481
2023-01-02 01:14:00,1605.7211442288458,61.80663431541867,21.751416916067882,141.05539061825257,5.335710390139802,906.7194623339132,3004.9689877769147,10.224232017011598
2023-01-02 01:15:00,1606.1212242448491,63.659494265318195,21.530282164607605,141.54930179046522,4.890244774121464,894.5679694324906,2962.859599575679,10.188685588609129
2023-01-02 01:16:00,1606.521304260852,61.62451055054439,23.051440935714268,140.6812066282944,5.483235131965202,905.6494380936789,3022.984287845784,10.238992340548739
2023-01-02 01:17:00,1606.9213842768554,65.14660031619432,20.245159538944637,141.91035758920594,5.016916485224087,892.6227679149292,2955.9669226566766,10.170834083476613
2023-01-02 01:18:00,1607.3214642928585,63.286812709406064,21.339477790117627,142.0564791239594,5.135708519769326,902.0693907214229,2995.4258853871384,10.211847681130262
2023-01-02 01:19:00,1607.7215443088617,62.997568243586656,21.70740619492455,141.4032490327983,4.808315962044372,901.404273645124,2988.5148709251366,10.205942399522598
2023-01-02 01:20:00,1608.121624324865,64.43564977091984,19.91326721822264,143.0866806945576,4.780885132538025,893.1814915356279,2949.9873060753407,10.15779290507611
2023-01-02 01:21:00,1608.5217043408682,62.654947932274084,21.86974807344344,141.42911816484673,5.310842452488545,901.3069375249872,2987.87258121502,10.212118150738101
2023-01-02 01:22:00,1608.9217843568713,62.10071004460195,22.428283041964107,140.79302111544928,5.240554445970092,902.0757684354722,2998.697169832461,10.227740263540653
2023-01-02 01:23:00,1609.3218643728746,63.2413204178463,21.124751710751,141.2357103076012,5.0557153547794265,897.6788604802335,2975.551482664917,10.177993857666005
2023-01-02 01:24:00,1609.7219443888778,63.40524686719976,21.073824217080862,142.1744234484625,5.216882349185115,902.6092014086323,2955.716134123849,10.17847805108751
2023-01-02 01:25:00,1610.122024404881,62.37350543699484,22.03219047984123,140.65979730547562,5.295357462826755,906.7912634335826,2975.3194321910278,10.241313542724368
2023-01-02 01:26:00,1610.5221044208843,62.48400197885676,21.645615514862723,141.16669187792894,5.207793573059592,901.798880539859,2984.1239994989464,10.22998735412297
2023-01-02 01:27:00,1610.9221844368874,62.35577195704802,22.19687597150049,140.7620933898405,5.174264971082276,905.030642553528,2988.1654384949993,10.231037121829043
2023-01-02 01:28:00,1611.3222644528905,62.82183517784978,21.632978814910228,140.44174603338405,5.284434158940045,903.8112681035531,2986.2024543834536,10.216668827458626
2023-01-02 01:29:00,1611.7223444688939,63.102100233350264,22.491723759612476,140.5745732038113,5.401401496298375,907.9617068349346,3015.6166660024933,10.238379106993422
2023-01-02 01:30:00,1612.122424484897,63.86201604284023,21.298959992383637,141.61316411581973,4.954694946113677,898.0503691680342,2965.535252601247,10.197285098960743
2023-01-02 01:31:00,1612.5225045009001,63.25587683029709,21.309087384708626,141.89608568877765,4.966069392123999,899.0301698591327,2958.147616876844,10.191073294572828
2023-01-02 01:32:00,1612.9225845169035,63.04721903148898,20.79096956056003,142.0905651411137,4.878248463285608,897.1242057247354,2960.526503320668,10.1971843558347
2023-01-02 01:33:00,1613.3226645329066,64.04901772411677,20.161712058480948,142.31092875703655,4.812869301483534,899.443496037202,2949.6316340832104,10.163357566026308
2023-01-02 01:34:00,1613.7227445489098,63.202725022134324,21.605626479093672,142.59580400529802,5.007741441347657,903.6911742746989,2973.655877258115,10.229452004245013
2023-01-02 01:35:00,1614.1228245649131,63.15548011603304,22.707143962327034,140.73496025101565,5.2356829391739295,909.5038234778086,2983.775837961743,10.21819736529218
2023-01-02 01:36:00,1614.5229045809162,62.84991199015201,22.78581033332518,140.51831189673575,5.397937478261737,908.3928154586388,3023.68966941612,10.226232078688106
2023-01-02 01:37:00,1614.9229845969194,63.36545110957047,20.932116268680883,142.5555743347992,4.987336647868396,898.4418676494644,2981.475006627884,10.234353015691886
2023-01-02 01:38:00,1615.3230646129227,65.08868942285855,19.670747438644156,142.21765837652183,4.756544947403652,898.8400831525014,2950.3700713753556,10.1576905520715
2023-01-02 01:39:00,1615.7231446289256,62.44203505987915,21.889932769635166,141.309507528232,5.163361785957814,904.6550910522725,2974.9538892236073,10.231314413095271
2023-01-02 01:40:00,1616.123224644929,64.34910522596617,20.41145455048806,141.7537235164763,4.98872180543952,895.081768928148,2947.704030535134,10.189666466600324
2023-01-02 01:41:00,1616.5233046609324,64.56259007171275,20.12465053538841,142.37440193982982,4.7761949052667605,893.4087696471464,2934.941694629217,10.181854670940444
2023-01-02 01:42:00,1616.9233846769353,63.60229311781819,20.428946733584358,142.05658066855972,4.8654928334496415,902.061202198934,2964.211205638312,10.205835511203794
2023-01-02 01:43:00,1617.3234646929386,62.225255081290655,22.220828812927362,141.42231461387365,5.208316416947948,906.2934991058102,3005.76963451607,10.232554576791424
2023-01-02 01:44:00,1617.7235447089417,64.62781693004352,20.41790640605119,141.72329631794264,4.940049846443656,895.6178185488592,2955.100254743108,10.167670276267295
2023-01-02 01:45:00,1618.1236247249449,64.59179002678633,20.62622549522293,142.15130727876152,4.964856753116574,896.8273023525306,2959.460545418698,10.192730799348872
2023-01-02 01:46:00,1618.5237047409482,64.58682675040168,20.262151027897467,142.16735904420767,4.85560097648152,904.1270673557584,2932.3514906426826,10.176953127646765
2023-01-02 01:47:00,1618.9237847569514,66.30503478634147,19.339311081141364,143.79046315934153,4.748841194439984,891.9486548272698,2927.2043319029804,10.153709414876836
2023-01-02 01:48:00,1619.3238647729545,64.44410523911183,20.684379021941286,142.72170073356443,5.049612182002063,897.2372638708626,2952.130505206105,10.182835619365402
2023-01-02 01:49:00,1619.7239447889579,63.283634507593916,21.058094060302228,141.85568736778697,5.080833124537342,903.308189776863,2987.08890940147,10.196057984404941
2023-01-02 01:50:00,1620.124024804961,63.094356625841684,22.240508388995195,140.65248592110896,5.200338946552277,898.9684137673847,2980.636946029163,10.209429074559544
2023-01-02 01:51:00,1620.524104820964,65.41104173300144,20.498769961600242,142.03349470433128,5.0402851918479525,892.8686593393838,2945.896974736881,10.17130351836559
2023-01-02 01:52:00,1620.9241848369675,62.90898095677183,21.770806824723795,141.26737364981025,5.098198538941515,900.4993525155679,2974.650754112511,10.19732758640922
2023-01-02 01:53:00,1621.3242648529706,64.38287491713639,20.5663910707902,141.68791858917248,4.876055742917452,901.3602271362112,2951.706848117868,10.175400369780222
2023-01-02 01:54:00,1621.7243448689737,63.83626215449413,21.974208862412553,141.60517336856716,4.989715149099648,897.02904953394,2987.7497819927935,10.20477848137907
2023-01-02 01:55:00,1622.124424884977,65.98886992550031,19.737977120358583,144.11521457342414,4.746274265294106,888.1112123877047,2913.91071340147,10.14515304036765
2023-01-02 01:56:00,1622.5245049009802,63.08286783893586,21.609179262467126,141.05431569319947,4.958891005977988,902.5099939471593,2976.148788400494,10.230330953398106
2023-01-02 01:57:00,1622.9245849169833,63.32106416274164,21.969067463487193,141.59194300637068,5.065058911880651,901.6902169737431,2980.7206777812603,10.200525161601378
2023-01-02 01:58:00,1623.3246649329867,62.9754088009469,21.38619488278576,140.7164211121339,5.074214495183699,901.3984296504153,2993.1482257744406,10.18925066724908
2023-01-02 01:59:00,1623.7247449489898,63.19836687503447,22.099302745260708,141.58705032358293,5.080609987872487,904.399233981379,2987.2436878586204,10.224649821736264
2023-01-02 02:00:00,1624.124824964993,64.80560944492137,20.31200112145844,142.99307087641333,5.0290450939066424,901.1994227894185,2960.7455730102315,10.167134440107812
2023-01-02 02:01:00,1624.5249049809963,62.166316213748026,22.291386739468543,140.45072059114284,5.323975433609894,910.5621729761717,2983.3662665284546,10.246716978703603
2023-01-02 02:02:00,1624.9249849969995,64.83128752413896,20.744793908963192,142.87752218771053,4.717014986579203,891.3147227883989,2954.7395585760905,10.173522325164468
2023-01-02 02:03:00,1625.3250650130026,62.91940835643571,22.423347719644067,141.40683892103957,5.234183826758509,905.3017442947764,2990.107879022314,10.22130511965113
2023-01-02 02:04:00,1625.725145029006,63.64859799188213,22.258395383861366,140.5272198572641,5.274019627335916,898.9780244034673,2996.383737282482,10.202917843554701
2023-01-02 02:05:00,1626.1252250450088,63.7886098403218,21.543253567270575,141.7062523303756,5.147795869333405,903.1310889049765,2967.432517543341,10.206852198682547
2023-01-02 02:06:00,1626.5253050610122,65.15332871908406,19.897481047599616,142.69430390211113,4.878767586409417,896.0616599804248,2953.4386702059837,10.172638153816926
2023-01-02 02:07:00,1626.9253850770156,64.73004778825096,21.088687938029224,142.34561201629904,4.978214055200847,893.4036119155267,2969.413856238391,10.190325052655679
2023-01-02 02:08:00,1627.3254650930185,63.87015085740416,21.093214094881503,141.4401247872809,5.146029764590611,902.5573306799768,2969.0321874144397,10.203453363717546
2023-01-02 02:09:00,1627.7255451090218,65.32270046843841,20.823945288503072,142.69958951306398,4.8254684248698245,899.7169213424254,2949.332145372314,10.15716966155653
2023-01-02 02:10:00,1628.1256251250252,62.64337972745513,21.65882714599747,141.68556678596363,5.301872384968696,897.1331241362547,2972.99834912057,10.218167749335148
2023-01-02 02:11:00,1628.525705141028,64.00007887842811,21.237309342323286,141.1760379299525,5.119367929111673,900.9380593482359,2976.241188527154,10.201409217823137
2023-01-02 02:12:00,1628.9257851570314,62.90077820971225,21.709767524549125,140.2557314382351,5.199810690244711,904.673182444271,2978.171481240761,10.228964719801976
2023-01-02 02:13:00,1629.3258651730346,62.39606180247454,21.987246145053714,140.79942268622355,5.110465319190278,904.5441266300813,2992.4679594478944,10.222313787016626
2023-01-02 02:14:00,1629.7259451890377,64.13353441044652,21.2197782320472,142.0597179281083,5.195675626815106,898.8737439434071,2966.4674416106113,10.210546445692328
2023-01-02 02:15:00,1630.126025205041,63.96849070958076,21.064978539158126,141.37404623642286,5.1408169719826935,901.0784028301008,2979.8279738922774,10.191563601970863
2023-01-02 02:16:00,1630.5261052210442,65.42600004757789,20.141584315847783,142.64664636728045,5.002075317466695,892.6807923397072,2944.917864697107,10.157216790860927
2023-01-02 02:17:00,1630.9261852370473,65.07765881877515,20.677116844020436,142.87448012845005,4.915210882507947,898.201402283837,2975.4419202619,10.186043796796513
2023-01-02 02:18:00,1631.3262652530507,66.1143477421798,19.234817591428257,143.7107081830643,4.803133789849336,891.0639370825116,2937.93089627546,10.162028081901166
2023-01-02 02:19:00,1631.7263452690538,64.41792480564943,21.621741915912203,142.46674692942355,4.995938211319839,898.5608480207692,2944.8589880991995,10.189126202123015
2023-01-02 02:20:00,1632.126425285057,62.24483624350137,23.074825559648882,140.60369706248105,5.135348036299221,916.4607521373086,3008.8242686619965,10.239384339979674
2023-01-02 02:21:00,1632.5265053010603,63.508874373031986,20.998532391099427,142.1524838424455,5.145048166919738,896.5599055977448,2998.0761124723263,10.17982230661977
2023-01-02 02:22:00,1632.9265853170634,63.218727319875846,21.40710636334516,141.1987640937845,5.160027821039118,893.9331500649627,2976.799564568985,10.213786813079228
2023-01-02 02:23:00,1633.3266653330666,65.14738497792287,20.775278713578192,142.51954156548277,4.902086500661437,898.5517253359254,2963.6633397960236,10.191584023889556
2023-01-02 02:24:00,1633.72674534907,63.72649203907444,21.72379654322856,141.07690939320554,5.015563464068502,901.2544138668633,2983.6460026872323,10.199781165803373
2023-01-02 02:25:00,1634.126825365073,63.62154346056907,22.029827879006174,141.921042576257,5.06190398673138,903.7385863678857,2974.4169846520695,10.223485984932065
2023-01-02 02:26:00,1634.5269053810762,63.95161100302456,20.978076231920664,142.2138467764114,5.113684833521695,897.8410389676153,2974.132204670109,10.197603364672352
2023-01-02 02:27:00,1634.9269853970795,65.65732476568853,20.91453466602843,143.1174531598157,4.744769513507227,895.7105585654348,2949.3653406650897,10.167554119623007
2023-01-02 02:28:00,1635.3270654130827,64.38585568158489,20.405026911610257,142.30496609541612,4.932460265381815,900.664494336487,2957.9062518848295,10.168851121483534
2023-01-02 02:29:00,1635.7271454290858,65.23902089016036,21.214740799750068,142.67348179685234,4.905235536239119,895.0992200695578,2950.6317277785947,10.17994614992406
2023-01-02 02:30:00,1636.1272254450892,64.39955232634532,20.862553794054715,141.94697005005352,5.021169270995694,902.3299413911092,2955.214808470339,10.175359302216926
2023-01-02 02:31:00,1636.527305461092,63.58302129794578,21.84876587887782,141.19017986929842,5.2306485595487135,903.0992374821743,2970.083893954195,10.203016760416673
2023-01-02 02:32:00,1636.9273854770954,64.4907311492867,21.301097550038406,142.10410107334576,5.077140007164426,901.5104770861694,2965.888087383512,10.214009430949258
2023-01-02 02:33:00,1637.3274654930988,62.447980595117485,22.581228783796476,139.21092870187786,5.425362372396789,910.3999380928392,3013.475754642676,10.246782172911043
2023-01-02 02:34:00,1637.7275455091017,63.16589977830908,22.063842510034785,141.55585644774888,5.122315079524538,902.9978999508756,2973.6438518371738,10.213409318038575
2023-01-02 02:35:00,1638.127625525105,62.80893466521965,21.981112906861483,140.55882235446313,5.234799994291023,906.56935137127,2998.5454230517785,10.214222457859922
2023-01-02 02:36:00,1638.5277055411084,65.31746310657442,21.18785947614266,142.4552095504829,4.9616817951482615,896.972819770582,2969.7357062481333,10.180539879336601
2023-01-02 02:37:00,1638.9277855571113,61.10266090138119,23.28326690177826,138.73893042523974,5.398604224520785,916.781128493096,3055.392135892438,10.266757115488502
2023-01-02 02:38:00,1639.3278655731147,61.826175627688635,22.44520452116508,140.3228164084014,5.286416904343219,911.1578575509747,3005.541289719734,10.224173229686187
2023-01-02 02:39:00,1639.7279455891178,64.80050135941649,20.939477631915985,142.5301538201523,5.039770117161374,896.7946098547277,2953.4312820900386,10.188572454341925
2023-01-02 02:40:00,1640.128025605121,63.10000233495669,21.693419433930224,141.193596000986,5.164040896129717,903.2248058843812,2981.26444228083,10.235820826921366
2023-01-02 02:41:00,1640.5281056211243,63.67187270968013,21.315255301765582,140.99299341142878,5.16177139369425,902.9632680909058,2965.754017200082,10.216757777946194
2023-01-02 02:42:00,1640.9281856371274,63.02112119394167,22.155667308206446,140.39383571184916,5.2208147134334455,909.1916129973164,2983.397764582838,10.23407239877205
2023-01-02 02:43:00,1641.3282656531305,61.234147931924575,23.479133921318883,140.0858426318719,5.510808079452374,911.815239229426,3015.1539042171617,10.272204000974972
2023-01-02 02:44:00,1641.728345669134,63.295841263950585,21.83765165393158,142.0843092063737,5.151336335615968,904.61308531917,2981.603695755491,10.2192337677202
2023-01-02 02:45:00,1642.128425685137,63.72519617221792,21.534941935817706,141.24961226339417,5.075046505047427,900.1832429584202,2963.6773136824654,10.212293772120887
2023-01-02 02:46:00,1642.5285057011401,63.837745897326585,21.183293944326895,140.47933759518907,4.928170286529829,899.251472553894,2980.0768554865754,10.20122908942603
2023-01-02 02:47:00,1642.9285857171435,62.67087236537029,22.90206275726197,141.16509471217122,5.38497133253056,913.424558988362,3011.179126933559,10.232019091508633
2023-01-02 02:48:00,1643.3286657331466,63.23225322897459,22.53952867649974,140.48388877268388,5.252109217061779,910.3390195160782,3008.2279268550856,10.232661708868276
2023-01-02 02:49:00,1643.7287457491498,63.46603458244204,21.488208633645076,140.72371745580637,5.180005631721442,901.600153849026,2969.211994052716,10.223625503089504
2023-01-02 02:50:00,1644.1288257651531,65.0175904703536,21.215267311556843,141.8623392038965,5.043239088765311,894.0437076174568,2968.123932540717,10.199704120466683
2023-01-02 02:51:00,1644.5289057811563,65.65610625649418,20.58661724603947,143.36221224973823,4.925153119376645,898.2893440808656,2936.493575954245,10.173044195041482
2023-01-02 02:52:00,1644.9289857971594,64.21222177511032,21.13091256407521,141.99654735848486,5.032410033046986,898.5677418173722,2978.121254266051,10.200469076985543
2023-01-02 02:53:00,1645.3290658131627,63.842192775449774,21.393936509751004,141.54118026783283,5.042154359455561,904.8646736284272,2978.636630491152,10.207808879063437
2023-01-02 02:54:00,1645.7291458291659,64.96913508662824,20.61382676414812,142.11311131446564,4.92186926872699,898.2878897135761,2949.192509277681,10.197213926265727
2023-01-02 02:55:00,1646.129225845169,62.53913646651031,22.246087236021594,140.738043119306,5.272892060756642,911.7459007857158,2999.0023214350977,10.248399409283532
2023-01-02 02:56:00,1646.5293058611724,63.09957932085085,21.910404584496888,142.2558952002697,4.93936699135859,902.1247707111206,2972.745082412198,10.192060972597542
2023-01-02 02:57:00,1646.9293858771755,64.1783022473173,21.383747078921566,141.06751360200062,5.034097587641898,902.6169199462513,2983.4856589278143,10.20857855557179
2023-01-02 02:58:00,1647.3294658931786,64.85947223468884,21.514315000317072,142.23237059261663,5.126015892978327,906.5850570344887,2961.7994526196726,10.18374570051718
2023-01-02 02:59:00,1647.729545909182,64.94430178009313,20.409449458000488,142.26655724767872,4.818652648597659,901.0463404462315,2955.9929629091716,10.167589816361104
2023-01-02 03:00:00,1648.1296259251849,64.32283983169594,21.74718629318229,141.0095203163934,5.2673237198116345,899.4262449961266,2979.75001528956,10.231809847584906
2023-01-02 03:01:00,1648.5297059411882,63.97829522959892,21.764899804160528,140.49420674461737,5.130892379546738,903.7614202231655,2982.919271500473,10.22928960668103
2023-01-02 03:02:00,1648.9297859571916,63.51317940419846,21.45215723355274,141.67086533748144,5.041789108619291,900.6756560244866,2967.6244454029147,10.208348236585053
2023-01-02 03:03:00,1649.3298659731945,63.01725478192086,22.375641479340576,140.98756486429352,5.24670934895122,908.504006178035,2994.3574947494094,10.224079330529253
2023-01-02 03:04:00,1649.7299459891979,63.6132619696907,21.859663111450562,141.23498476162055,5.160095863716023,901.3859125568728,2986.4580973586,10.207320625564508
2023-01-02 03:05:00,1650.1300260052012,64.32388028850444,21.665815665338485,142.4344834185534,5.002342082342358,896.2182302438242,2974.3160316844483,10.192563036823309
2023-01-02 03:06:00,1650.5301060212041,63.80843853093319,21.331085357442653,141.05078288633493,5.145558849130301,905.2699467964494,3002.9268446381366,10.239571988890349
2023-01-02 03:07:00,1650.9301860372075,64.01469869848658,22.180354511902173,140.36518663048935,5.245660635480439,905.3783334356189,2965.223892737809,10.226686370623643
2023-01-02 03:08:00,1651.3302660532106,64.05154569471773,21.14042299463106,141.8162108125043,5.095235754075223,901.3894210692289,2974.218013201432,10.211999311419087
2023-01-02 03:09:00,1651.7303460692137,64.76838943320968,21.159231937485004,141.28949557849802,4.871243059795025,899.258202766873,2961.1236158959027,10.194613502417658
2023-01-02 03:10:00,1652.130426085217,65.35516629494036,21.18579923561526,142.81663037655372,4.750408111460761,898.2978518197818,2961.4763906438006,10.174621167760916
2023-01-02 03:11:00,1652.5305061012202,62.27106311575886,23.40917602829319,140.7215431718952,5.60797343074152,909.8095440838221,3023.5877782891025,10.25441875383184
2023-01-02 03:12:00,1652.9305861172234,64.20151184745278,22.073307836719092,141.7664224667783,5.235422984593165,902.774623808304,2973.8848472053014,10.212324859109446
2023-01-02 03:13:00,1653.3306661332267,66.20210764901083,20.77739326885373,142.52768257522763,4.886843407470406,895.193471146159,2952.0989460284663,10.167383215112828
2023-01-02 03:14:00,1653.7307461492298,64.24339814052472,21.636865501297653,141.78872213243451,5.108685924901574,903.9577252978701,2975.5365701333403,10.219045900617614
2023-01-02 03:15:00,1654.130826165233,65.08185245998109,21.035656661035084,141.81552196393852,4.941279757400547,901.6322709974776,2971.735135813051,10.202978153222405
2023-01-02 03:16:00,1654.5309061812363,62.982582706370366,22.084330616849353,140.85062721464053,5.308449559990105,909.8903643013882,2987.732153835601,10.232162365239198
2023-01-02 03:17:00,1654.9309861972395,65.22825686221094,20.371194156177925,142.01832186382103,4.914410393314003,895.457609558189,2946.391614431052,10.187856948115167
2023-01-02 03:18:00,1655.3310662132426,64.38140876134683,20.92916905735234,142.71847631896557,5.135638451244894,894.8574345361977,2982.2654857084235,10.199671632551095
2023-01-02 03:19:00,1655.731146229246,62.781060255730516,22.190909605784345,139.60506842710083,5.490102479955774,909.5750883651439,3016.0592058923144,10.239608824871516
2023-01-02 03:20:00,1656.131226245249,64.4388766767121,21.41348302215378,140.48562661033333,5.153634925059032,905.1414232783014,2972.6527326745077,10.222552423595202
2023-01-02 03:21:00,1656.5313062612522,63.0634953195928,21.38242336310273,141.22483698427467,5.15498544176362,906.1255170316431,2981.1608063909953,10.226607665001398
2023-01-02 03:22:00,1656.9313862772556,63.67077822387626,22.04288263928777,140.97391954541442,5.353932549205889,906.1730689062872,2979.520331147686,10.235310175463852
2023-01-02 03:23:00,1657.3314662932587,64.42994208667689,21.55675408062571,142.8023043586065,5.118995569113967,899.5046058022407,2979.13615463615,10.196378217383053
2023-01-02 03:24:00,1657.7315463092618,63.96203641123519,21.42018723536966,140.98806094442148,5.115573543148362,899.3425041934836,2972.0063412426152,10.217755341600801
2023-01-02 03:25:00,1658.1316263252652,64.88117777981553,21.314970206764162,141.9697781090505,4.716257097487345,901.9696551903506,2965.3177582624335,10.189469222245615
2023-01-02 03:26:00,1658.531706341268,64.0759091915052,20.92382758352074,141.6055407205402,5.138047108187542,896.8786518862844,2975.455075658053,10.210834938259662
2023-01-02 03:27:00,1658.9317863572714,64.7266186377623,21.0473443022032,141.2301200277082,5.1476235174032245,903.2557474329724,2966.9020223338616,10.212177781720511
2023-01-02 03:28:00,1659.3318663732748,64.49270941648321,21.935708169393703,140.44659909626088,5.185285179288997,903.5658165366442,2965.6848943705227,10.215231590706285
2023-01-02 03:29:00,1659.7319463892777,62.87273151567729,22.594064981165474,139.81883722548125,5.140528057226815,902.8858019733626,2993.188937561044,10.233151302869782
2023-01-02 03:30:00,1660.132026405281,63.88386772032775,22.157280147336177,141.62486154831817,5.323748640186994,909.9922651090847,2968.700904992028,10.221422295350232
2023-01-02 03:31:00,1660.5321064212844,65.93288801107812,20.80565870233264,141.88461308800973,5.0175216672741945,893.7938547031007,2971.460235739329,10.193339016699644
2023-01-02 03:32:00,1660.9321864372873,63.95423474594884,21.764424442516848,139.86353286758143,5.134720624511992,901.2339681132996,2989.3714363508825,10.223358010345745
2023-01-02 03:33:00,1661.3322664532907,65.58882563039627,21.4178755223609,141.6442239924809,5.066026975839291,906.0414769055511,2958.582674757319,10.210172794591994
2023-01-02 03:34:00,1661.7323464692938,64.30947360885425,21.94790950449476,141.64372235362458,5.146968873334674,906.5829817420837,2968.109276276101,10.243916994966943
2023-01-02 03:35:00,1662.132426485297,65.50205026662724,20.46118445151936,142.2705421995286,5.014940198442388,900.3062254173891,2968.879048678608,10.181773457586084
2023-01-02 03:36:00,1662.5325065013003,64.94766975021973,21.732593963472507,141.7330205760709,5.236061937758775,902.8869138796724,2981.484807865877,10.209062210713784
2023-01-02 03:37:00,1662.9325865173034,66.15746826198888,20.698037715359657,143.19886643835787,4.9461399960488475,894.8544224661871,2951.003064818745,10.190510034352771
2023-01-02 03:38:00,1663.3326665333066,65.33020674756915,20.734838468322618,142.68296136416885,4.885901462721383,896.7145831089737,2958.333560200181,10.183349427639442
2023-01-02 03:39:00,1663.73274654931,65.206646061075,21.1305896150265,140.45744673728097,4.980174191284674,905.7343263293703,2961.234018885001,10.203598438579807
2023-01-02 03:40:00,1664.132826565313,65.19438189770217,20.660297299145096,141.7799091711582,5.177368343988517,898.7852843094088,2954.9256174390366,10.185779617608537
2023-01-02 03:41:00,1664.5329065813162,63.429259569528504,22.343870596434968,141.2209838207279,5.326997002858169,902.996907561551,3002.0244609198403,10.204467498472406
2023-01-02 03:42:00,1664.9329865973195,66.86061774211315,20.601504515526468,142.71124935734312,4.806136115623192,899.5820501104944,2943.0122151417286,10.179009164466537
2023-01-02 03:43:00,1665.3330666133227,63.98114493133881,21.517844476087166,141.44252292990842,5.15389612353185,901.8003577347142,2989.026389969022,10.22270976485795
2023-01-02 03:44:00,1665.7331466293258,65.04049770039569,21.560115545195384,142.79678199687444,5.0671031436953005,903.7533466647326,2973.9206184883296,10.19853804094122
2023-01-02 03:45:00,1666.1332266453292,64.68408154863914,21.4406875197646,140.86168022149243,5.143764062653149,907.1246472595778,2978.866821049948,10.206199295528343
2023-01-02 03:46:00,1666.5333066613323,64.54990864155172,20.95170819459758,140.54084582503626,5.134928130902953,900.5670110949736,2993.209462204061,10.198424210376041
2023-01-02 03:47:00,1666.9333866773354,65.56491024296845,21.085199534865563,141.16480152471715,4.952536357934176,890.4010005556491,2966.7187218250674,10.185645525644421
2023-01-02 03:48:00,1667.3334666933388,66.62491705133998,20.078874609292225,143.27575745486513,4.877031953306074,897.0606598990868,2948.567767408116,10.175599816038826
2023-01-02 03:49:00,1667.733546709342,65.6148535036072,20.70035411257995,141.96726392500142,4.902653128329709,902.7257393279708,2961.1504352084403,10.193882479205412
2023-01-02 03:50:00,1668.133626725345,65.80438452082433,20.230263069673477,141.66819790830704,4.905774617208571,896.8224021059206,2960.2618655903025,10.166768628845189
2023-01-02 03:51:00,1668.5337067413484,63.90460644728241,21.587525629659993,141.2225585236378,5.211224646583975,902.3613077403633,2963.205475258607,10.206906721589384
2023-01-02 03:52:00,1668.9337867573515,66.09882009471106,20.103337970401874,142.0205565643522,5.078685374648411,897.5952579331465,2955.640871813339,10.18036678210651
2023-01-02 03:53:00,1669.3338667733547,64.0080911051901,21.152798121399336,141.62475009896107,4.811990202690416,900.6013410756495,2961.1210809348477,10.19329076767584
2023-01-02 03:54:00,1669.733946789358,64.36057344037593,22.28888985762026,140.11775276319085,5.230341803354803,903.5305965585547,2994.967047272864,10.227588609974928
2023-01-02 03:55:00,1670.134026805361,65.56755977058744,21.543561065326216,142.03103786202695,5.162616828743225,905.9922110772314,2978.4176234284355,10.21113590157955
2023-01-02 03:56:00,1670.5341068213643,64.69900411673781,21.176306958459357,142.32711762079552,4.789221784496708,899.9546555761053,2975.732371392725,10.200762970044309
2023-01-02 03:57:00,1670.9341868373676,64.11589173649283,22.802960914204156,140.98302311415057,5.3542681520024455,905.5325156807324,2991.4555573216185,10.236602197012962
2023-01-02 03:58:00,1671.3342668533705,64.03107521749038,22.06841271476721,140.97032639416454,5.419086163407967,907.2894933620541,2988.8807683830355,10.220544128697346
2023-01-02 03:59:00,1671.734346869374,64.9335614599779,21.224536642561763,141.5915435753019,5.10963022993564,900.8129869846833,2982.7120012212645,10.200068246718423
2023-01-02 04:00:00,1672.1344268853773,64.8042193781015,22.08984812480306,141.18516482051297,5.219355240474905,903.3320806808623,2998.44549581986,10.2037367626148
2023-01-02 04:01:00,1672.5345069013802,63.52494809872706,22.15166198702495,140.00095610770236,5.127173813513723,907.1524331799784,2978.703399249415,10.220423136887733
2023-01-02 04:02:00,1672.9345869173835,65.62018729292963,20.898387064874246,141.6946335766569,5.163448033626551,898.3876007701774,2958.687963201724,10.17856269394095
2023-01-02 04:03:00,1673.3346669333866,63.73731265849286,22.414596810516464,140.781101510339,5.2989253900427995,909.1547783275682,2975.787225086215,10.24826462708078
2023-01-02 04:04:00,1673.7347469493898,63.46450727261311,21.886040268187653,140.62747759234858,4.945206382349343,904.097563071834,2999.913108811097,10.228846885942138
2023-01-02 04:05:00,1674.1348269653931,64.96326416150946,22.20794704842163,141.79460844121823,5.220185000686373,904.191533105931,2973.578142030459,10.20030251091229
2023-01-02 04:06:00,1674.5349069813963,65.06415361294198,21.409319188231155,140.42645821996632,5.0871665887990805,906.8246147244929,2991.4219145661855,10.21523973476481
2023-01-02 04:07:00,1674.9349869973994,64.84071232036625,22.032458575051017,142.38664235362577,5.103575404118452,906.8192626256305,2970.9145893161235,10.208087414669846
2023-01-02 04:08:00,1675.3350670134027,64.23916829903446,22.12621489732005,141.95061850988986,5.247630159039626,899.5561162568342,2991.442776735534,10.216342467022491
2023-01-02 04:09:00,1675.7351470294059,66.98093518708463,20.403135508807168,142.5918141619954,4.826988331134563,895.7898252346121,2938.552526338691,10.164327984646244
2023-01-02 04:10:00,1676.135227045409,64.2384729089659,21.774768616834752,140.3626162462527,5.209165860823967,906.8857547670543,2979.3147991007713,10.21346748115066
2023-01-02 04:11:00,1676.5353070614124,65.24148425859862,21.514568398366713,141.6715403125129,5.041105314336587,896.6297637751687,2974.5913152864737,10.187655489466923
2023-01-02 04:12:00,1676.9353870774155,64.1830745499139,22.54783327577735,141.32437155922966,5.395775663250797,909.8771245351915,2988.5446170523223,10.229054980885108
2023-01-02 04:13:00,1677.3354670934186,64.10014631471313,22.038002800676033,140.56141805232986,5.123010738901502,907.2008099873149,3009.0864504071537,10.225182805888124
2023-01-02 04:14:00,1677.735547109422,65.43480057634908,21.639198799148982,141.89370397655594,5.102648672967546,899.6386643182769,2987.10920951544,10.210697863005976
2023-01-02 04:15:00,1678.1356271254251,62.642687284129174,23.145428198857758,139.97029574978674,5.445343585393594,912.4386740943515,3012.9232008503277,10.252023157327685
2023-01-02 04:16:00,1678.5357071414282,64.69666962436271,21.155771871571453,141.95520371684418,5.032394514592311,903.5667640928422,2989.098009806701,10.19993158405854
2023-01-02 04:17:00,1678.9357871574316,63.557918881180655,21.826699780281317,140.91591241152972,5.146618748422925,900.4893759221584,3008.072473320272,10.225731904782153
2023-01-02 04:18:00,1679.3358671734347,65.5313500823398,21.150759221381815,141.93160277170423,5.005684045479862,903.5584654733976,2983.883732212514,10.186436018032364
2023-01-02 04:19:00,1679.7359471894379,63.03415653843333,22.22911906679057,141.28027437635853,5.201470057735841,901.7564238464712,3019.910115246494,10.220692362293564
2023-01-02 04:20:00,1680.1360272054412,65.8832243355794,21.232265124813637,142.1803131759447,4.830689275057288,896.2880144080049,2967.2349766485145,10.189686883663535
2023-01-02 04:21:00,1680.5361072214441,65.194005567866,21.510207380307808,142.51911788427373,4.979494718970462,903.8627217664111,2975.8862443280336,10.204452039822545
2023-01-02 04:22:00,1680.9361872374475,65.86165243905596,20.320832533526396,142.31338784374398,4.948175335331422,899.3976002051114,2949.400353167745,10.169924318307492
2023-01-02 04:23:00,1681.3362672534508,62.84442684087077,23.565195172070844,139.7553075189714,5.379598462408431,910.4251572909171,3034.4521933613382,10.258192044480023
2023-01-02 04:24:00,1681.7363472694537,64.23683700043688,21.589445114442196,142.40620309847813,5.000247353230009,907.7025474999076,2976.7781191813715,10.230267544678139
2023-01-02 04:25:00,1682.136427285457,65.15762719799112,21.496769225878214,141.9295642170634,4.992012276455006,900.4970255477584,2960.3964012491233,10.194370708962776
2023-01-02 04:26:00,1682.5365073014605,64.24791347986245,22.323393454904267,141.84955584699802,5.271652545870173,904.4050446955292,2977.1732205739245,10.21005043124305
2023-01-02 04:27:00,1682.9365873174634,63.396129747856286,23.296679600086343,139.24524609617467,5.350307377266163,902.3262898101536,3013.686228494194,10.257282512683501
2023-01-02 04:28:00,1683.3366673334667,64.66382904284299,21.955813339367868,141.354555108116,5.025121786896501,900.8870042186195,2982.025771184761,10.2144574088853
2023-01-02 04:29:00,1683.7367473494699,66.21272463813537,20.586489541758112,142.47676409196015,4.675699112352227,894.0942379328495,2945.17664007147,10.178394214106204
2023-01-02 04:30:00,1684.136827365473,62.95205150447681,23.564605306867968,140.10378949588716,5.489583895672329,907.6535790153742,3040.9900499002406,10.273156426034783
2023-01-02 04:31:00,1684.5369073814763,65.62454068850484,20.622675632090754,141.6411243604772,4.990463899141879,901.6130025731582,2965.1593327161304,10.174691125925612
2023-01-02 04:32:00,1684.9369873974795,66.49988907684332,20.524792146416253,142.03885649946014,4.881386287525948,897.5118198170347,2961.160570851773,10.177007495003167
2023-01-02 04:33:00,1685.3370674134826,64.66585034022683,22.62734518343786,141.3489916845445,5.212512393679264,908.6149568498387,2978.6176086558826,10.220655740585931
2023-01-02 04:34:00,1685.737147429486,63.210473826729086,22.754736317079864,139.37025487143453,5.449986809557997,909.8969622512557,3012.9425648061583,10.263727151205465
2023-01-02 04:35:00,1686.137227445489,64.79351736073872,22.191341505116657,141.16010294056517,5.278970385610453,900.2039183713354,2983.0160672129145,10.225088140453922
2023-01-02 04:36:00,1686.5373074614922,64.03806413951692,22.026947718094945,140.63883487637884,5.199372791922299,902.383753339227,2990.605038367894,10.231010372893113
2023-01-02 04:37:00,1686.9373874774956,66.90603548821471,20.89892814646871,142.06406214438925,5.046558060684874,900.1205858186587,2975.934793284437,10.188577937489356
2023-01-02 04:38:00,1687.3374674934987,65.7808553366297,21.465212927528746,141.99582148471802,4.978459086029439,902.2361935569434,2962.94727739813,10.182377016896028
2023-01-02 04:39:00,1687.7375475095018,65.9263329998765,21.36297015957977,142.58268478629938,5.074055532855608,901.1980659684294,2964.861187050046,10.194328293098504
2023-01-02 04:40:00,1688.1376275255052,63.96830834819096,22.60859486243748,140.90253998086018,5.288302472403158,909.8934613162005,3004.9079541715573,10.222862275625982
2023-01-02 04:41:00,1688.5377075415083,64.68115735301926,22.42939142416059,140.63727920248704,5.034628372883969,903.2830993968014,2983.0247867219805,10.233231138685719
2023-01-02 04:42:00,1688.9377875575115,64.52003427538448,22.520194766232773,139.95752212623293,5.317837349531702,910.2936157823993,3003.1544115649986,10.255829674889007
2023-01-02 04:43:00,1689.3378675735148,66.59821312944835,21.232549243159703,141.69087875990394,4.939729877775554,904.851598353843,2979.5214789026295,10.180797294489254
2023-01-02 04:44:00,1689.737947589518,64.86662383158085,22.279598726294722,140.58182601054793,5.131413352748588,907.0388135855869,2999.676334335456,10.226162958538508
2023-01-02 04:45:00,1690.138027605521,66.17646849323275,21.105160746817653,142.5078388291181,5.066589413005322,898.1474185589076,2968.168108172835,10.194845513835762
2023-01-02 04:46:00,1690.5381076215244,64.32142287551643,22.132370883034646,140.7361800074821,5.245943107187368,905.7082512165309,2988.4067721507986,10.216595331062127
2023-01-02 04:47:00,1690.9381876375276,65.43201010509038,22.074257708745726,141.2454941911669,5.079726695551967,903.7627425029782,2979.8118549725896,10.218305233645774
2023-01-02 04:48:00,1691.3382676535307,64.92756908785346,22.3558176898102,141.179628277713,5.295903706295994,904.6256493529819,2979.431789371666,10.218723274046909
2023-01-02 04:49:00,1691.738347669534,63.45596726138232,23.206681013954174,141.2237351193124,5.409038347208337,909.4398884856957,3018.4142250764926,10.250462405873028
2023-01-02 04:50:00,1692.138427685537,67.6109851959977,19.562748271752376,142.4991824265311,4.948889209643958,902.5260841970698,2948.1348715248246,10.177896040844963
2023-01-02 04:51:00,1692.5385077015403,64.32072204469956,21.293542414337836,142.10332000123938,5.359865936365446,902.6187898538844,2969.48311939547,10.225298109956299
2023-01-02 04:52:00,1692.9385877175437,65.92794311959126,21.712646662224348,141.6221031201373,5.066348222387439,893.0936188113905,2956.644689627146,10.215440721097622
2023-01-02 04:53:00,1693.3386677335466,65.19080767705618,21.93708067597856,141.26458164356308,5.2374761044458324,904.3979572410665,3019.229175641654,10.232107358397727
2023-01-02 04:54:00,1693.73874774955,64.82520150490407,22.079698464067583,140.85211115398073,5.072650028262765,901.1135723254037,2999.028255041271,10.203347074114408
2023-01-02 04:55:00,1694.1388277655533,64.76641901012061,21.944187563963467,141.08848797267208,5.287878377932085,906.0754251470657,2990.9724168685366,10.236783722903175
2023-01-02 04:56:00,1694.5389077815562,64.70643876382125,21.73737618878734,140.78759745096278,5.10794166679266,900.6583984707772,2983.339753642494,10.21708111340166
2023-01-02 04:57:00,1694.9389877975595,65.35946384440062,21.922922630652412,141.73725372059485,5.115322727417449,901.7152803424445,2987.949323707543,10.211807225627727
2023-01-02 04:58:00,1695.3390678135627,66.08564075561523,21.306817093650608,142.56257952028952,4.859203187896292,898.9910381703529,2954.9266036376366,10.201029595812317
2023-01-02 04:59:00,1695.7391478295658,65.50977889022981,22.473728693964315,141.03469948182968,5.344413624179599,902.6060135691724,2998.287978110851,10.242570894143542
2023-01-02 05:00:00,1696.1392278455692,62.60817226471154,23.54867792169305,139.77232079278878,5.459344515285102,916.9282789280094,3027.9864938149954,10.27243683570532
2023-01-02 05:01:00,1696.5393078615723,65.3297310845912,21.307439003484593,141.0457443192937,5.13520312053486,903.4689701328055,2977.474767590239,10.22828599649813
2023-01-02 05:02:00,1696.9393878775754,65.37061362355021,21.017832252484414,141.70613767732848,4.9533225901395594,903.5062671572076,2965.86822033369,10.186501303642405
2023-01-02 05:03:00,1697.3394678935788,67.69646734000689,20.19220721465256,141.8772702506695,4.802187724440926,894.0127759486394,2936.970030087588,10.162939729181218
2023-01-02 05:04:00,1697.739547909582,66.92977448410966,20.651934098810994,143.6711783281822,4.860905952737168,897.5351089956355,2948.9102465689703,10.184859879063893
2023-01-02 05:05:00,1698.139627925585,64.11647929784792,22.21609011665792,141.09058349106078,5.158353167799093,908.6526978631721,2989.8125131690003,10.226769875141336
2023-01-02 05:06:00,1698.5397079415884,66.74122321910862,21.21631141202482,142.71802934203885,4.857096771414334,897.2754751859951,2938.874627723355,10.188176591494205
2023-01-02 05:07:00,1698.9397879575915,64.58611666731908,21.261111680164927,141.51239010287202,4.8912516199698,906.7852639486196,2999.2750513234523,10.200055591947287
2023-01-02 05:08:00,1699.3398679735947,64.94249440032395,22.045550548156292,140.49117332547578,5.114322034712415,906.2207067659409,2998.6203473980613,10.236377430497111
2023-01-02 05:09:00,1699.739947989598,66.25959928688442,22.172695614463944,141.03017028037388,4.961723649785258,905.5976336094194,2979.044861101353,10.215652588881033
2023-01-02 05:10:00,1700.1400280056012,62.497484946561585,24.10432444569673,139.2113378463465,5.689685175122728,917.4117831667962,3047.303937117548,10.27876600916053
2023-01-02 05:11:00,1700.5401080216043,64.34390361079993,22.367760269602357,140.060600342625,5.34813186795043,902.8088992063148,3005.9456753394047,10.224724363742084
2023-01-02 05:12:00,1700.9401880376076,64.75108662042118,21.96477314594302,139.77823746206457,5.079048150140904,906.0240176011694,3030.461581522184,10.261307320622903
2023-01-02 05:13:00,1701.3402680536108,63.164333924170585,23.173634162811513,139.66831956982503,5.579024283180609,910.0572925261636,3053.447972760886,10.247185662795305
2023-01-02 05:14:00,1701.740348069614,63.68951338493633,23.14121621436661,139.7305896573234,5.555626699478374,911.029337601353,3045.471300829304,10.24972156809916
2023-01-02 05:15:00,1702.1404280856173,65.25987138509898,22.38724143770327,140.4732210452729,5.302084304640197,904.8047500072422,3013.8984672933843,10.242139786313215
2023-01-02 05:16:00,1702.5405081016202,63.741759819172394,23.24939517894548,140.96305025445406,5.356110933758516,911.6802853160667,3001.231875611102,10.248307949048819
2023-01-02 05:17:00,1702.9405881176235,65.72519329376094,21.655299251319704,141.1226165133996,5.178180075821844,909.3009406887161,2969.6351473428945,10.217839082917584
2023-01-02 05:18:00,1703.3406681336269,64.9142744656316,21.597314176424703,142.00139122035523,5.119392356994315,898.8586017604587,2997.7709003465716,10.205500687336865
2023-01-02 05:19:00,1703.7407481496298,63.91954473343888,23.033799759897562,141.393504391151,5.372823548809115,911.8063220043585,3005.3016823845824,10.238397721584755
2023-01-02 05:20:00,1704.1408281656331,66.64676011652685,21.38444401644166,141.63746669304555,5.053272529787167,902.6842558385717,2971.4728177141774,10.203308341097067
2023-01-02 05:21:00,1704.5409081816365,66.09158427750148,21.929347545602337,140.9627859731999,5.005617978304315,908.6363836562497,2980.372991017038,10.198780913309568
2023-01-02 05:22:00,1704.9409881976394,63.55665815308793,23.40217862943495,139.27161978864132,5.524967258033011,911.5149063089175,3026.737489962432,10.267240676552236
2023-01-02 05:23:00,1705.3410682136428,65.93516512794542,21.983342415556635,140.78503233125463,5.161797350912634,901.4719969287673,2998.606668430554,10.21783420819569
2023-01-02 05:24:00,1705.741148229646,63.3243193390949,23.543844180833634,140.0116213623886,5.470726481255957,908.4540334103476,3019.3006120027903,10.245984910985367
2023-01-02 05:25:00,1706.141228245649,67.06738150751156,21.05486450563698,141.80601254961593,5.072485618993171,902.6355826906089,2962.2799134653046,10.206550526726877
2023-01-02 05:26:00,1706.5413082616524,63.77518818689938,22.550442758830695,139.93472022893232,5.542148511263683,908.7440105342365,3015.6134386253693,10.245617831505504
2023-01-02 05:27:00,1706.9413882776555,65.31867786425478,22.80839742749081,140.58024540848007,5.328996951059624,908.0923399881021,3005.0166728184395,10.229894712763729
2023-01-02 05:28:00,1707.3414682936586,65.5959976920002,21.653939413483766,140.86939876541584,5.024527315266763,904.7541494969859,2985.960360263868,10.224696440497265
2023-01-02 05:29:00,1707.741548309662,63.31826406444795,23.53442611600089,139.48784990756067,5.5206906578185615,916.8030170649934,3029.076957793093,10.260576250272084
2023-01-02 05:30:00,1708.1416283256651,63.79583994494628,22.627176220735034,140.7190725889429,5.250572553883229,904.8400642922919,3011.438368565606,10.249384318917375
2023-01-02 05:31:00,1708.5417083416683,65.41435171888196,22.1085272787338,141.39298812108396,5.111308954750037,905.6332953887127,2988.9978902593534,10.218023337551989
2023-01-02 05:32:00,1708.9417883576716,63.50308970057208,23.317789736176795,138.6223016658346,5.408956309674141,914.7121929853242,3023.532955328231,10.25092318403605
2023-01-02 05:33:00,1709.3418683736747,64.1624942332479,22.985296953903923,140.52791316307636,5.346898628160698,911.8078179694733,3001.0003739750905,10.243911953141293
2023-01-02 05:34:00,1709.7419483896779,63.646198369666045,23.381500169167495,139.7998779873324,5.474636961471604,916.7796639322816,3019.369588737185,10.283293516936801
2023-01-02 05:35:00,1710.1420284056812,66.83920931729232,21.443336180199722,141.8373967758282,4.744903236363974,894.8133518448785,2960.6936778740633,10.196738972698329
2023-01-02 05:36:00,1710.5421084216844,63.79203511399116,22.826162778380677,139.80157170011722,5.448746807728877,910.6605066998807,3020.743184106339,10.260199890057626
2023-01-02 05:37:00,1710.9421884376875,65.8680311117904,21.615195972563445,141.5278372090233,5.141917736626246,903.6031700604183,2975.1343779150397,10.214059755928552
2023-01-02 05:38:00,1711.3422684536908,63.965288029258765,22.636481401637695,139.91332414791168,5.572926682349133,916.1236140263717,3023.3462081501275,10.249374265144843
2023-01-02 05:39:00,1711.742348469694,65.1340787012035,22.090104242689087,140.86443348180003,5.195716476455147,913.3577585612754,3000.2422973117186,10.224132968696164
2023-01-02 05:40:00,1712.142428485697,64.68957875572693,22.8388196441674,141.70293942979012,5.093993710369212,911.5457198232083,2985.362352002197,10.230151560257674
2023-01-02 05:41:00,1712.5425085017005,65.86254987076087,21.44331246185513,141.73771098724174,4.9592747213626405,904.8755528938113,2967.6241027192877,10.201155458194494
2023-01-02 05:42:00,1712.9425885177036,64.14722067134342,23.57553963762004,139.68824260164416,5.256652555718929,912.4456201360733,3004.223655957297,10.259057050693553
2023-01-02 05:43:00,1713.3426685337067,64.3129633934685,22.51655536846678,140.52963368062,5.355792422052745,910.0197057541171,2998.4632386782496,10.249694861827056
2023-01-02 05:44:00,1713.74274854971,65.84631534730659,21.450164342457676,141.36145915962587,5.327605988787439,907.9605284158159,2963.233208886753,10.20951087672181
2023-01-02 05:45:00,1714.142828565713,65.01985397092187,22.57700991863962,141.02961464813214,5.284680864390953,906.5373295812084,2996.118522234621,10.233754462007573
2023-01-02 05:46:00,1714.5429085817163,64.8941140405004,22.42577468823229,140.95804960241523,5.317287684098128,906.3603433614252,2993.73045234487,10.234223152999846
2023-01-02 05:47:00,1714.9429885977197,65.17670919378297,22.004730476869977,140.4667382767694,5.154591245159916,906.5472901858707,2999.880581133988,10.2373518553646
2023-01-02 05:48:00,1715.3430686137226,64.23987619757618,23.215457607692606,139.99523004128483,5.489040696944906,909.5376005868314,3029.823640210085,10.247494948464203
2023-01-02 05:49:00,1715.743148629726,64.14784146880882,23.658237457608454,139.01827859809777,5.508518645332084,908.5160934357368,3021.9015250805523,10.258126896212294
2023-01-02 05:50:00,1716.1432286457293,64.53926078136871,23.439581882607737,140.24652633731284,5.477019878196067,906.6092712154153,3028.5569289515856,10.250099387238844
2023-01-02 05:51:00,1716.5433086617322,64.41689263527654,22.813653554145517,140.09577456263767,5.449126097370372,910.4553881347482,3025.67462367827,10.247663555579893
2023-01-02 05:52:00,1716.9433886777356,62.84019051630286,23.242270257896905,138.94528206142706,5.510507353869337,908.4739126184119,3027.2823153347294,10.267594385670085
2023-01-02 05:53:00,1717.3434686937387,64.73528235030088,22.47999589165033,140.4132605795981,5.349987755821715,904.8134953150899,2985.1951464405342,10.249625838658234
2023-01-02 05:54:00,1717.7435487097418,64.97591573293369,22.815593817606867,140.29579196780816,5.56264800787066,911.1962622501726,2999.826607546325,10.23668198605967
2023-01-02 05:55:00,1718.1436287257452,65.0281394546187,22.83712029260317,140.95213743194284,5.434278187570365,905.6617923019709,3027.802194636626,10.215202570461372
2023-01-02 05:56:00,1718.5437087417483,66.33912426992624,20.71238552331604,142.44540769385173,5.109945858798297,896.4375991610846,2965.204943532357,10.194867774686633
2023-01-02 05:57:00,1718.9437887577515,65.45461527670264,22.040676247344912,141.3132249213859,5.4713674623790505,902.5464880286428,3004.2605614419817,10.229645865601887
2023-01-02 05:58:00,1719.3438687737548,64.15071518422083,23.149686084061425,140.207740168703,5.6257977735025015,914.7748791861385,3018.496485638138,10.248347477410087
2023-01-02 05:59:00,1719.743948789758,66.0554842594236,22.62591070640233,141.20764524553167,5.3872981541661575,908.4294478345902,2976.7939754831004,10.22707687203191
2023-01-02 06:00:00,1720.144028805761,65.70655141241132,21.679960674524725,140.987580036733,5.0698116513350255,901.8015430649829,2991.867999005994,10.208658324693548
2023-01-02 06:01:00,1720.5441088217644,65.26196454673423,22.278718476336667,139.93148058040416,5.194524737988706,909.5232635256991,2997.7390826258948,10.226416204143987
2023-01-02 06:02:00,1720.9441888377676,64.79135201118824,23.16705362529154,139.69981087466957,5.283003833710072,910.9615065746468,3035.466966407137,10.254714847852117
2023-01-02 06:03:00,1721.3442688537707,63.56487068538285,22.635821785400555,139.70520464762893,5.571264687011314,915.1597070059464,3017.739383569618,10.265724035939513
2023-01-02 06:04:00,1721.744348869774,64.60023504309576,22.530261963309687,140.19817380848897,5.427172996430702,912.9186801486998,3025.683288242846,10.246844247756757
2023-01-02 06:05:00,1722.1444288857772,64.97091384465436,22.70436128591715,140.35028899441508,5.359744560998672,902.8966024694064,3020.884029896996,10.24136715731064
2023-01-02 06:06:00,1722.5445089017803,64.22481134326472,23.371556057652455,139.87011312584548,5.368029030393024,913.6451846652142,3009.3074071781266,10.262150693088815
2023-01-02 06:07:00,1722.9445889177837,64.21448434606026,23.12393470621152,140.43263654770573,5.5268640310667605,911.3164479083455,3025.2678439602123,10.250462881253275
2023-01-02 06:08:00,1723.3446689337868,64.84135506077662,21.876418632118572,140.77279224740036,5.25018834843731,910.4379381553882,2996.2579460055426,10.238029026154578
2023-01-02 06:09:00,1723.74474894979,61.337204918880076,24.73408025272772,137.64112312675707,5.853997896748293,918.0226779296424,3084.747693926813,10.305249683125284
2023-01-02 06:10:00,1724.1448289657933,66.00642170946053,22.61126822973413,140.18416713953206,5.316741699476585,902.363113946676,2999.6092647757564,10.238706255796728
2023-01-02 06:11:00,1724.5449089817962,67.00546803491969,21.779995918950632,141.1138032885553,5.142001772536489,904.1688097973519,2986.7521692421583,10.223232930022972
2023-01-02 06:12:00,1724.9449889977996,65.39478613743795,22.43027976676121,139.4821331516334,5.298192289117127,907.0670896024128,2998.962899982628,10.220039303275069
2023-01-02 06:13:00,1725.345069013803,65.82296593366958,22.179309600467754,141.12881214492202,5.148069131366614,908.4839053032943,3006.9581108750276,10.240665122224662
2023-01-02 06:14:00,1725.7451490298058,64.19278025279309,23.436431715846005,139.61768951173698,5.358507552957786,908.4258542669809,3014.047211368938,10.271104126391753
2023-01-02 06:15:00,1726.1452290458092,64.85616631280001,22.899634005022413,140.8388563313681,5.529106479949607,914.6848924756047,3027.3523442416463,10.275461415299617
2023-01-02 06:16:00,1726.5453090618125,66.52839322939022,22.071195327367146,141.85517344200923,5.191940168620983,904.460204375548,2993.429244682327,10.204032866211618
2023-01-02 06:17:00,1726.9453890778154,65.99638844046305,21.887552707961508,141.07167477849242,5.152058713097587,906.7305109785682,3000.5584388621155,10.21286385100366
2023-01-02 06:18:00,1727.3454690938188,65.4557652564055,22.772323775268106,140.22788698886416,5.34788361017824,907.6024990619655,2994.4930315565566,10.2458604694463
2023-01-02 06:19:00,1727.745549109822,65.74368157447131,22.744779357120144,140.56325852683597,5.257113671037925,903.0204566672271,2987.0259289906767,10.232017010017579
2023-01-02 06:20:00,1728.145629125825,63.75065556270892,23.776518389526,140.1880272666977,5.422569735856325,911.9515462111445,3025.8441666847125,10.254282465246552
2023-01-02 06:21:00,1728.5457091418284,65.9646076299917,21.84925894457552,141.02157052203864,5.236582617015024,911.2015284247062,2986.803295154856,10.246922691928908
2023-01-02 06:22:00,1728.9457891578315,65.73081961746732,22.585968775233688,140.00356449186341,5.300598581549869,907.2061335632643,3002.086362830823,10.226624881531572
2023-01-02 06:23:00,1729.3458691738347,65.12590428033268,22.290479835758426,140.3960236214437,5.126403762333175,907.5760746159584,2996.5285943282634,10.229063937762056
2023-01-02 06:24:00,1729.745949189838,64.70677494024483,23.232814430515333,140.31574820785679,5.590042508333703,915.669152771342,3023.2351423197065,10.269501064404668
2023-01-02 06:25:00,1730.1460292058412,66.74347190992384,21.85305361848761,141.73867520096718,5.180334397623985,901.5425531503179,2980.323219026804,10.237010535061623
2023-01-02 06:26:00,1730.5461092218443,65.70592461262933,22.286296192202062,140.84331404248076,5.448349986616173,908.3926280048418,2987.9729781640285,10.226006052068172
2023-01-02 06:27:00,1730.9461892378476,66.33519828074974,22.053949174431462,141.48879866047793,5.3689136350984,906.5851733875502,2989.7440980625847,10.231778687284832
2023-01-02 06:28:00,1731.3462692538508,64.85108432988606,23.386184678816264,139.19824090977167,5.6170758760756945,911.0391850595348,3032.5267658338494,10.245515956980368
2023-01-02 06:29:00,1731.746349269854,65.59778139414728,22.314014389842065,140.42406021475702,5.190072339625156,905.1705015142298,3005.7890528286025,10.227960213293123
2023-01-02 06:30:00,1732.1464292858573,64.946995046652,21.790628480908502,140.58145280740183,5.33810798340329,909.1137203388457,3004.5804134901605,10.248371331362463
2023-01-02 06:31:00,1732.5465093018604,62.98417233096784,24.142281384886797,138.91383177695738,5.604964890270985,917.3705154032825,3053.886191933957,10.289929997116177
2023-01-02 06:32:00,1732.9465893178635,67.46146765901135,21.779692532876457,141.95487175060782,5.228905680990961,899.3414959568885,2969.211052390242,10.19815906277666
2023-01-02 06:33:00,1733.3466693338669,64.41127314579263,23.510060638874407,140.07088455518482,5.625041789705742,914.1676040727724,3022.0001145522688,10.268987771918983
2023-01-02 06:34:00,1733.74674934987,63.757689123302455,23.924499213884893,139.52793680112268,5.74237737290815,911.697062324444,3046.041363852372,10.273546079752869
2023-01-02 06:35:00,1734.1468293658731,63.90190837912232,23.473877486309217,138.94939667901488,5.509656287034637,911.9091810511992,3030.773964784675,10.2654330021362
2023-01-02 06:36:00,1734.5469093818765,64.19548303708585,23.187575047862083,140.338322393968,5.412203004091897,915.1588263016545,3022.081602463643,10.248593795876005
2023-01-02 06:37:00,1734.9469893978796,65.26607505523201,23.06125130660207,140.16155417234694,5.3285033265443955,911.6453775857264,3004.985024948149,10.246024224119825
2023-01-02 06:38:00,1735.3470694138828,63.761823679965005,24.091591874323893,138.5764601603079,5.594216250636907,911.2488408094173,3024.1467687101713,10.25840228364508
2023-01-02 06:39:00,1735.7471494298861,62.82433917412145,24.693260459890237,137.7866763841651,5.643748216768531,921.2976641536787,3072.4110544077694,10.30143911575628
2023-01-02 06:40:00,1736.147229445889,65.37649343861708,23.97383735882826,139.1449893298053,5.54070215501362,913.0515310632178,3031.454863739115,10.256182842845435
2023-01-02 06:41:00,1736.5473094618924,64.90357097964845,24.09918416693393,140.2399468568674,5.523432892130164,917.4389386569676,3035.423486295007,10.245170589882758
2023-01-02 06:42:00,1736.9473894778957,64.16320866886231,22.925623482721665,139.62706936430402,5.174757855935952,911.7220846097848,3015.458253076751,10.251555060999438
2023-01-02 06:43:00,1737.3474694938986,63.26930988698773,23.60187361386942,138.72902217474123,5.603084066583281,911.7547795482129,3029.4207446745886,10.278083883564804
2023-01-02 06:44:00,1737.747549509902,66.96922283856836,21.932497355155835,141.48618908338676,5.281269032055504,905.9061666276514,2965.2941564190915,10.214434589572951
2023-01-02 06:45:00,1738.1476295259054,63.9405600748014,24.030758151888175,139.37886171647853,5.768695230084619,914.7639385816508,3028.70921853414,10.258915173480732
2023-01-02 06:46:00,1738.5477095419083,63.03829260898135,24.208779268459775,138.2197520370562,5.687388713831058,919.8203897470906,3069.032309268451,10.291900276392244
2023-01-02 06:47:00,1738.9477895579116,65.27336098812222,23.143750560827897,140.27741678976722,5.306442640730625,911.8639152859997,3023.638402594325,10.24082780816286
2023-01-02 06:48:00,1739.3478695739147,65.85341731756769,22.58411876127329,140.57661961727595,5.2253857735185445,908.2031881777224,3014.0106536768885,10.214748509179794
2023-01-02 06:49:00,1739.7479495899179,66.65909467574834,21.04171656315325,141.71294305199564,4.992066981786776,899.7704331831327,2981.8709707711987,10.206149639879072
2023-01-02 06:50:00,1740.1480296059212,64.2218608080952,24.387768844183352,138.9948257584516,5.656198809050838,913.9764028623156,3046.415688326627,10.271732221088705
2023-01-02 06:51:00,1740.5481096219244,65.63229302493463,22.39694039710466,140.70909705198855,5.331392990159475,908.3768419881064,2991.98020820068,10.228842072059438
2023-01-02 06:52:00,1740.9481896379275,65.61596441378644,22.77625498401325,140.14684252258502,5.2675917197245195,908.7251886759293,2997.1766888201746,10.24907274317511
2023-01-02 06:53:00,1741.3482696539309,64.7590035913419,23.18474026452393,139.61251753794528,5.39436022512768,910.1135245222108,3029.858906674571,10.253874295030537
2023-01-02 06:54:00,1741.748349669934,63.818393616701954,23.93355267262813,139.28045992975248,5.829532234342804,914.5395350966897,3051.1619879144664,10.281455401569906
2023-01-02 06:55:00,1742.1484296859371,65.73653705295317,22.457715559102855,140.40019037466774,5.331422475489997,909.8281985690714,3006.9558523538294,10.241080860627383
2023-01-02 06:56:00,1742.5485097019405,61.937275741328406,24.749906887608542,138.49190038880943,5.777310210769964,920.5426693593455,3064.9637096596675,10.309127698024506
2023-01-02 06:57:00,1742.9485897179436,63.95536032436787,24.336510221346057,138.9188889072561,5.6536515627418815,917.6579857895252,3070.405725182311,10.28079330339237
2023-01-02 06:58:00,1743.3486697339467,63.85200160996755,23.38413759997441,139.4211179015836,5.5551725183554295,914.2153553137842,3023.1245685364484,10.26756890549126
2023-01-02 06:59:00,1743.74874974995,66.40133788781878,22.589964021071378,141.11222778882237,5.485532840869813,900.2615471529339,3017.7069765574042,10.24031816185296
2023-01-02 07:00:00,1744.1488297659532,65.0789306356333,22.819749496241943,139.91388814795062,5.358127787325821,907.2834256259295,3022.635804943161,10.254224252227475
2023-01-02 07:01:00,1744.5489097819564,65.75970378128537,22.90151791964355,140.46602697583054,5.5092983106181626,914.2419575752207,2990.4161650564156,10.26783918291374
2023-01-02 07:02:00,1744.9489897979597,64.25407955169653,23.227867712274552,139.2868989209218,5.508433829168995,909.4615409475035,3037.9810391127685,10.266677219530582
2023-01-02 07:03:00,1745.3490698139628,62.756898526436856,25.037923286279096,138.0360904924767,5.9211875755940735,923.7128577553768,3062.2172771878345,10.306398263194215
2023-01-02 07:04:00,1745.749149829966,63.736168144094755,24.36440085796296,138.97337209534734,5.543887142642931,920.0321062296763,3042.2252027366258,10.285698183035542
2023-01-02 07:05:00,1746.1492298459693,65.34791799955633,21.890671720984514,140.02089399201165,5.470556221992048,908.05135476905,3005.303582736761,10.2422676409013
2023-01-02 07:06:00,1746.5493098619722,64.88662683356057,23.69892479863903,139.63118414474573,5.691421563738161,917.9114202077247,3002.725011931332,10.269287163267625
2023-01-02 07:07:00,1746.9493898779756,64.18577984145888,22.917088962694013,139.40292153549362,5.754829354285567,917.3835801078897,3037.273068369619,10.2650769031088
2023-01-02 07:08:00,1747.349469893979,63.67170473568892,23.214238857515156,138.92095934164354,5.538865199853293,914.7251760514696,3032.738643844049,10.269485590884285
2023-01-02 07:09:00,1747.7495499099819,64.27307101063104,24.63528714860844,139.3197254489211,5.704113809074517,919.7317073558884,3070.5666867566215,10.286804577317113
2023-01-02 07:10:00,1748.1496299259852,64.4390771581598,23.560234884405805,140.00563833448444,5.4993454208131745,917.909149409227,3059.286737411921,10.265982755366657
2023-01-02 07:11:00,1748.5497099419886,64.85590592401306,23.9046821741111,140.2482080714695,5.413604665525647,914.5710326143947,3025.510069500796,10.261249511608872
2023-01-02 07:12:00,1748.9497899579915,63.300020758185255,24.519143556824826,138.60839974445614,5.789769878457525,921.0150843324857,3061.3809949459587,10.287204934029516
2023-01-02 07:13:00,1749.3498699739948,65.68775427330961,22.70257524965591,140.25838228485347,5.381698940183835,914.6759239030116,3025.609009269786,10.258053056595651
2023-01-02 07:14:00,1749.749949989998,65.7225169316897,22.762568037052528,139.8960740344667,5.450522977518887,914.2161381126473,3015.883538895461,10.239825525963292
2023-01-02 07:15:00,1750.150030006001,62.596645488591946,25.081350987942574,138.74134398666754,5.8124288294436015,919.411107169209,3062.624462288391,10.30135965373238
2023-01-02 07:16:00,1750.5501100220044,65.41992326802789,22.994758138052397,139.7777345248564,5.317337711198157,909.0844172937896,3016.6072799458448,10.256506088245171
2023-01-02 07:17:00,1750.9501900380076,62.999183471179556,23.90529733115668,138.6471674412976,5.612037764489744,919.511333847591,3042.5915424622267,10.291364164943015
2023-01-02 07:18:00,1751.3502700540107,64.04402653929205,23.341326576754394,139.56570470443145,5.6295643427245174,920.6749184468995,3044.3104587213643,10.280034839161267
2023-01-02 07:19:00,1751.750350070014,64.0790002001326,23.760533706116885,138.7317968137137,5.6165978605660465,911.5212763112778,3026.1761863999127,10.276973534658172
2023-01-02 07:20:00,1752.1504300860172,66.2614287708627,22.75356877783263,139.99574711338607,5.402392753495533,910.1284408447754,3013.815841039742,10.233590578900476
2023-01-02 07:21:00,1752.5505101020203,64.42994768796845,24.69292561325445,139.48548374336747,5.6679824305852184,916.1197153820538,3053.230217046788,10.294117666190061
2023-01-02 07:22:00,1752.9505901180237,61.945331735818165,25.412962546003907,139.30784745088843,6.126487351887728,923.4961464857829,3072.363749419883,10.352017040795493
2023-01-02 07:23:00,1753.3506701340268,66.54152456685533,22.49675405348965,139.43452941195662,5.440538032395821,909.3473933139696,3005.2500977217464,10.260447756580254
2023-01-02 07:24:00,1753.75075015003,64.56637794856665,23.090357783380675,139.29811970554874,5.526603024804441,911.3670626919062,3041.2006872121806,10.26631247798653
2023-01-02 07:25:00,1754.1508301660333,63.13711022081886,24.699059909709575,138.26763146061253,5.77226631702303,919.0460649664202,3040.7347366429067,10.282097237002777
2023-01-02 07:26:00,1754.5509101820364,61.11588890822288,25.907971155701667,136.3884895208918,6.212279980887635,927.7812436157577,3092.0872904949533,10.341400693018667
2023-01-02 07:27:00,1754.9509901980396,66.02780290278227,23.398209085985012,140.82751892172635,5.408909933665566,911.8322693132969,3007.978735061858,10.241728298148777
2023-01-02 07:28:00,1755.351070214043,63.87582629468328,24.819596443910864,138.509832031672,5.758887724554073,916.5382315476287,3065.7349947328694,10.304399953615642
2023-01-02 07:29:00,1755.751150230046,62.921938885709686,24.800193062865628,138.2281611503882,5.780704137477626,919.1736283279446,3081.163462307746,10.306375454352365
2023-01-02 07:30:00,1756.1512302460492,64.67362111001538,23.515079488858245,139.89396249706397,5.444677202313697,912.8234011593938,3039.9870423956845,10.284860688135439
2023-01-02 07:31:00,1756.5513102620525,65.52009545612924,22.727820753382087,139.620808075996,5.415667723211702,911.2444493212562,3022.6819158513617,10.261044775988351
2023-01-02 07:32:00,1756.9513902780557,62.977931164351794,24.123097125239912,138.7919261123143,5.656721521343147,920.0589591826628,3056.870025491724,10.289104444481685
2023-01-02 07:33:00,1757.3514702940588,63.07735734407987,24.348453401267125,137.91557614956716,5.912342439198409,923.0915876220092,3072.3356928885996,10.31754681678416
2023-01-02 07:34:00,1757.7515503100622,65.03872768875067,23.11129150820039,140.60626595771365,5.392457897750961,908.0623175472532,3025.5958423489833,10.25205714801683
2023-01-02 07:35:00,1758.151630326065,63.21751387980209,25.43179452009954,138.3297502001256,5.814941827556151,920.1844764577256,3050.527658645022,10.300816887131067
2023-01-02 07:36:00,1758.5517103420684,66.06846894255516,22.70533704717154,140.8201768772639,5.494293705086532,907.3185507179722,3002.296464310556,10.249433609032218
2023-01-02 07:37:00,1758.9517903580718,64.48834682953861,24.653842126062646,138.96338252457087,5.846394552316506,915.5903666512971,3036.9440253752555,10.285736263448722
2023-01-02 07:38:00,1759.3518703740747,66.05787928730639,22.342008777931074,139.6494343947125,5.2458860468272315,907.1238337735784,2997.3405107368967,10.219837882092888
2023-01-02 07:39:00,1759.751950390078,63.963050693723766,24.422918523814342,137.98133658582847,5.713260012526736,919.3154442849486,3051.5962338316563,10.31676761608019
2023-01-02 07:40:00,1760.1520304060814,63.853432064120774,24.452988880151537,139.29820157553874,5.817777414622465,918.1082015881839,3063.4135547780193,10.308128314606405
2023-01-02 07:41:00,1760.5521104220843,64.61753169390808,23.558555483812984,139.15767024842654,5.606888059032554,913.0661865971663,3047.324460329007,10.277020360719407
2023-01-02 07:42:00,1760.9521904380877,62.9474366655381,24.704863956682903,137.2776313558786,5.7007212069572075,917.6373700275768,3069.149956977291,10.305884496515517
2023-01-02 07:43:00,1761.3522704540908,64.19027732342946,24.096130147853415,138.8410287739472,5.779495260563198,919.3232104488882,3040.182146284151,10.263235137007742
2023-01-02 07:44:00,1761.752350470094,63.12987973404442,24.597685807821414,138.4850899088539,5.730692546097982,918.2352368396405,3065.2616150627373,10.300441274484557
2023-01-02 07:45:00,1762.1524304860973,64.00598375425457,24.352309551828508,139.16003911372295,5.818940253186034,914.6125296984613,3040.8480716038634,10.289335673951072
2023-01-02 07:46:00,1762.5525105021004,62.224744181664164,25.22857684016855,137.22888613425644,5.9634435854851215,924.8089391513083,3080.223224195499,10.318510282014735
2023-01-02 07:47:00,1762.9525905181035,64.15852531264947,23.471000431818084,139.30222994049814,5.607910237124407,912.3150691712732,3031.742200145993,10.278405653088708
2023-01-02 07:48:00,1763.352670534107,63.20153643838721,25.26828845500939,138.58557934877976,5.826637919568307,920.5030025722007,3067.6036234046915,10.293399424953678
2023-01-02 07:49:00,1763.75275055011,62.1387321174602,26.033661547736052,137.00085645045223,6.086482940820721,929.9557338547758,3085.305982444961,10.331865093321829
2023-01-02 07:50:00,1764.1528305661132,65.20193050822868,24.08278002055811,138.94175888050162,5.623081818322946,913.8454919642452,3046.7631184478146,10.271242123472128
2023-01-02 07:51:00,1764.5529105821165,65.89345283460806,23.17612400069478,139.77101965582784,5.592862699390626,918.2667460695835,3010.44504403943,10.269878531949841
2023-01-02 07:52:00,1764.9529905981196,64.42243812840782,23.811690565831462,139.4004082726097,5.4958643781185526,925.6567643314017,3050.0056592075953,10.275479601522587
2023-01-02 07:53:00,1765.3530706141228,64.10367039889904,24.637753676362532,138.82968418787408,5.542202298745409,921.6131775254427,3037.036899086621,10.268955217619924
2023-01-02 07:54:00,1765.7531506301261,62.77854568896083,25.512239142388466,138.20246118219063,5.887225302118254,919.9972307215064,3052.6941632562675,10.315514150746473
2023-01-02 07:55:00,1766.1532306461293,63.131768073379234,24.58898001222944,137.85111610509165,5.7853105104143525,926.0511580393029,3071.387203927657,10.297887298497407
2023-01-02 07:56:00,1766.5533106621324,63.44927385230458,24.253769998132743,137.49555925252074,5.870218504355336,917.9925419513833,3062.4367624463953,10.30112453976422
2023-01-02 07:57:00,1766.9533906781357,64.60994386533216,23.82593472092029,139.69064228871824,5.491591014719305,916.7062130441503,3050.3750684883894,10.28352142300343
2023-01-02 07:58:00,1767.3534706941389,63.31572393911089,25.013984744878336,137.8579046602616,5.861540060118391,924.5566106633512,3060.910344122297,10.301162571924927
2023-01-02 07:59:00,1767.753550710142,63.84283422211373,23.886669165408986,138.54231406024627,5.5007437977415155,914.2256650047577,3057.0627294402007,10.272414589519599
2023-01-02 08:00:00,1768.1536307261454,64.88896694659488,24.239052846125087,138.90454568838555,5.52766425267626,918.2722273138643,3057.857945522405,10.28875223282807
2023-01-02 08:01:00,1768.5537107421483,64.51177502347058,24.72428725796237,139.08883416332105,5.717154356132676,919.3380959161316,3055.4890511072003,10.294073246039348
2023-01-02 08:02:00,1768.9537907581516,63.72096491660934,23.96217243683499,138.93801299906647,5.673683751869499,914.186273559977,3031.157229384889,10.273347397922224
2023-01-02 08:03:00,1769.353870774155,63.94065678246,24.49649830203175,138.2305758945007,5.8103418959769755,914.2543687275947,3064.3835806094125,10.30894132562383
2023-01-02 08:04:00,1769.753950790158,61.81050980946164,26.435465953429084,137.73435078715048,6.166224572824122,930.5360457497276,3105.862923906081,10.342381812583632
2023-01-02 08:05:00,1770.1540308061612,63.65513530710331,24.570081646589923,138.15260997846116,5.816071239763452,916.4794063391262,3052.881901058844,10.302918072741921
2023-01-02 08:06:00,1770.5541108221646,64.42226858236711,24.028497620697873,139.22513248909118,5.548597150955795,916.5672140641764,3030.338222076517,10.269766080426432
2023-01-02 08:07:00,1770.9541908381675,64.8756736436758,23.151009754793243,139.01746544693916,5.379551407406552,911.4011401718468,3004.3151067107005,10.27339232526416
2023-01-02 08:08:00,1771.3542708541709,61.380766903621655,26.035872833016313,136.69687619049768,5.967927166671675,934.4615388615398,3115.5843200478403,10.366376533954686
2023-01-02 08:09:00,1771.754350870174,62.683407205962055,25.463864240391324,138.42736038771028,5.982882640876276,920.8392363936845,3068.2249190760654,10.315699010303778
2023-01-02 08:10:00,1772.1544308861771,66.3329391993049,22.327583211385573,139.76077715967662,5.222771559659216,907.7630511747135,3009.9688945679404,10.24478788128165
2023-01-02 08:11:00,1772.5545109021805,64.14027588933183,23.91512073406363,138.37923801153843,5.705477141911315,924.5064902235576,3058.70007465026,10.287660516135743
2023-01-02 08:12:00,1772.9545909181836,64.25262700331614,25.020161112421697,138.5507469737924,5.813394032378118,917.0517585295381,3061.0454291019482,10.300077362325437
2023-01-02 08:13:00,1773.3546709341867,65.90342625452801,23.40950450825057,139.98615728870436,5.779354653697812,917.4063911247865,3025.3217005768597,10.251553453340273
2023-01-02 08:14:00,1773.75475095019,62.66384660287106,25.06551673836731,137.9899327334019,5.87743530566439,921.0891149185396,3084.2240302253213,10.31295643662174
2023-01-02 08:15:00,1774.1548309661932,63.28315476079339,24.64110774705969,138.28848486019956,5.6806328839722084,921.4146010907281,3061.9083075277263,10.285998510247905
2023-01-02 08:16:00,1774.5549109821964,64.82492317940842,24.351957063458563,138.7767544495814,5.625416711569723,913.4825930224737,3050.867235294233,10.2767033304329
2023-01-02 08:17:00,1774.9549909981997,65.89957177154352,23.896605621959978,140.26856405859277,5.324647909221179,914.8140669611159,3023.4410958629373,10.25379986144396
2023-01-02 08:18:00,1775.3550710142028,64.90204939970619,23.575164801834905,138.20680302281406,5.560106334959104,911.3527141940345,3048.7721064342754,10.258884033291478
2023-01-02 08:19:00,1775.755151030206,64.23332796125217,24.433513395006504,139.21447016762852,5.7122111517376,917.1214575995921,3055.1767757540715,10.291758599882227
2023-01-02 08:20:00,1776.1552310462093,65.32737353736314,22.977260997862874,140.9250784540943,5.451068845545618,909.8242369298086,3018.7468716236226,10.241889890842925
2023-01-02 08:21:00,1776.5553110622125,62.28899196797297,25.35329684027475,138.24758155125292,5.997480632417087,921.0760922760114,3073.5227266665615,10.307158626291027
2023-01-02 08:22:00,1776.9553910782156,62.63045389332606,26.119605381170256,136.47915835583035,6.187120965173158,934.0578861065563,3114.777562570746,10.366088940602753
2023-01-02 08:23:00,1777.355471094219,60.997336817240544,26.26637406745856,136.29822505695583,6.180766561250377,930.9554691485466,3114.8818113227953,10.355569923939733
2023-01-02 08:24:00,1777.755551110222,64.3000962033728,23.677140010984736,138.4332513445895,5.7650634231427516,916.9548045534768,3045.660393535847,10.27653864437525
2023-01-02 08:25:00,1778.1556311262252,61.887827070179675,25.777150376005885,137.05733489562354,6.078352373965458,930.7797620566978,3072.5110568478276,10.313557524731399
2023-01-02 08:26:00,1778.5557111422286,61.853350307901415,26.357122117779742,136.69686919522985,6.106297275549115,932.4247816464147,3107.2378560768093,10.371252250663357
2023-01-02 08:27:00,1778.9557911582317,61.625940034519274,26.268390436342276,137.2585986435565,5.909344604288906,921.0673228106833,3102.843955511256,10.343183635251004
2023-01-02 08:28:00,1779.3558711742348,62.25732284911041,25.67640673654946,137.6190615905879,5.751748008994802,931.8796669287351,3078.86290988632,10.338295758994954
2023-01-02 08:29:00,1779.7559511902382,63.38131023091362,24.58283681266608,137.60645513805048,5.867188097373638,924.6610354638623,3074.260279382249,10.308189682021753
2023-01-02 08:30:00,1780.156031206241,64.1824517126465,24.411473153934327,139.71720519392866,5.8345981939757765,923.2032634706779,3070.1943208460157,10.295917479598403
2023-01-02 08:31:00,1780.5561112222445,64.6936256348621,24.04331502829941,139.05474599193798,5.642930462553276,922.0474488837948,3043.7838179877344,10.292636136726777
2023-01-02 08:32:00,1780.9561912382478,60.47771607574898,27.003182842568727,135.8240135393169,6.306483023466467,934.5666731818125,3120.9644412225143,10.355718773052079
2023-01-02 08:33:00,1781.3562712542507,63.11970103633397,24.381514418944157,138.124501235313,5.886953517022376,917.6007426863454,3076.774589197816,10.296071822673987
2023-01-02 08:34:00,1781.756351270254,63.108105223190115,25.90095826817072,136.75963649290597,6.083224618102824,930.9153659753723,3098.0440543894274,10.342949296642248
2023-01-02 08:35:00,1782.1564312862574,62.04594346041281,25.727535730365336,136.66827212669023,6.082418215960815,922.6465931162933,3079.3979366377475,10.340160513742958
2023-01-02 08:36:00,1782.5565113022603,64.7371831678138,24.062108060525055,140.19694404564197,5.853225798966792,912.6047863312058,3036.0936979381413,10.270190916735661
2023-01-02 08:37:00,1782.9565913182637,62.06124882312633,25.756491900866457,136.97746924843923,5.9637481845295985,925.9670830305682,3087.486921034348,10.328955994093569
2023-01-02 08:38:00,1783.3566713342668,62.04469535769142,26.426705797051177,136.42887922736128,6.137400290805863,932.8487787020492,3122.6401912447113,10.344545784056647
2023-01-02 08:39:00,1783.75675135027,64.73867485160706,24.209197625811672,138.45555661276686,5.65889024723034,916.8400615686435,3063.137539886631,10.301487957981115
2023-01-02 08:40:00,1784.1568313662733,62.75965331386756,25.090524909782342,137.3606124246035,6.021239239113993,922.3311805319903,3102.858991336887,10.321065187812312
2023-01-02 08:41:00,1784.5569113822764,61.29733677808596,26.046595577223524,136.913794747337,6.239325187595256,936.5303388527792,3099.393591331896,10.346478174928203
2023-01-02 08:42:00,1784.9569913982796,62.447882847404294,26.000465114889153,137.11434949061854,6.019368083377133,929.2078224703073,3064.217559202335,10.322868018362932
2023-01-02 08:43:00,1785.357071414283,63.44863665584616,25.456401751880424,137.32554780968394,6.021212948873419,927.4093798293582,3111.204619437332,10.32502980049308
2023-01-02 08:44:00,1785.757151430286,62.09886994292128,25.662157253218965,136.97159666642668,6.175983839506224,932.0036935812433,3083.672381644764,10.3276429229899
2023-01-02 08:45:00,1786.1572314462892,63.06637716752357,25.7690531161933,136.78462780833135,6.049093802768282,930.7267312209965,3085.1322452490654,10.343170564163755
2023-01-02 08:46:00,1786.5573114622925,62.97298346888435,25.398954907064056,136.98403573986548,5.934822462304835,920.5835329609077,3085.3860683336134,10.31735443473974
2023-01-02 08:47:00,1786.9573914782957,61.976650052054396,25.532713801630152,137.2239533198833,5.8232205171612845,922.5015015495547,3100.7116111444025,10.335581680792185
2023-01-02 08:48:00,1787.3574714942988,62.49585761103171,25.3288050514549,137.30768240276385,6.000135388252342,925.7247556479368,3099.3515829689422,10.341170487542328
2023-01-02 08:49:00,1787.7575515103022,61.00234866253004,26.10853720885133,136.51592258469762,6.121462691123416,929.5178214275427,3110.343924889941,10.349818863344531
2023-01-02 08:50:00,1788.1576315263053,62.923122445819956,25.458529577948013,137.6119723254418,6.026055305421838,930.3240005740859,3058.1693659688076,10.29538436532294
2023-01-02 08:51:00,1788.5577115423084,60.83357710452485,27.203792123041197,136.2993000535684,6.301058362365773,934.7602520371423,3131.1368437930223,10.388362779387942
2023-01-02 08:52:00,1788.9577915583118,63.66901066364711,24.584313712481492,137.95914535599314,5.771977033593478,926.491438879731,3078.076728214875,10.310135237122035
2023-01-02 08:53:00,1789.357871574315,63.558762208278196,25.515026252749234,138.163448040367,6.084951860302048,925.6359051759785,3083.7987620863782,10.311793438626657
2023-01-02 08:54:00,1789.757951590318,61.4206663850236,26.77076221780603,137.54581616705076,6.146443112948937,933.504602062311,3108.7631693146923,10.395828339561756
2023-01-02 08:55:00,1790.1580316063214,62.761896587233664,25.369564859839596,137.5023498209047,5.951604049340901,914.6673259865553,3084.971368681808,10.31601178828453
2023-01-02 08:56:00,1790.5581116223243,62.826321038684384,25.68330606352449,137.56659907980966,6.126742389941751,933.2297636241078,3096.388814660303,10.32237345265822
2023-01-02 08:57:00,1790.9581916383277,63.19215619934956,25.766236794402566,137.85802924050142,5.848734575236893,921.7685826785973,3073.0089284277406,10.313578773208661
2023-01-02 08:58:00,1791.358271654331,64.20854936083569,24.94044216989516,138.48301308781222,5.837436635530731,923.170828248213,3062.6318938247127,10.306268864565196
2023-01-02 08:59:00,1791.758351670334,62.79047360909084,25.255445118550547,136.95484665938125,5.8270951502599475,919.1432700236696,3075.505697062541,10.311097972122727
2023-01-02 09:00:00,1792.1584316863373,61.134296927389485,27.248826796058925,136.49789050697265,6.3366757266509,938.8338822638605,3124.5406466364884,10.35363600735659
2023-01-02 09:01:00,1792.5585117023406,61.82735923600214,26.962791067040538,136.0449355873993,6.319610350936323,928.1192827187477,3116.7610235352513,10.375656609650262
2023-01-02 09:02:00,1792.9585917183435,61.86469648747556,25.77321395531252,137.6480481972014,5.997252863569828,924.9892890554365,3092.105656420334,10.337790498707351
2023-01-02 09:03:00,1793.358671734347,60.41923212192397,27.323464877466947,136.14900171993565,6.022553340984604,931.8745228004636,3111.943082039588,10.360295847235065
2023-01-02 09:04:00,1793.75875175035,62.24214632126026,26.09687813609528,137.97685600105228,5.87225808181614,924.7801461817643,3090.0306798997385,10.336754135457577
2023-01-02 09:05:00,1794.1588317663532,63.05291221181672,25.80130673347798,137.81464744525567,5.961299981342144,924.077028276779,3088.227277589478,10.324543982960003
2023-01-02 09:06:00,1794.5589117823565,61.46777882082027,26.350854511435056,137.22014656184544,5.995139915265712,930.4065686131496,3095.2070007678712,10.341673764366307
2023-01-02 09:07:00,1794.9589917983596,62.162374559788006,26.509362129235715,137.0874660951122,6.074438837190572,926.4252347280868,3091.722803304278,10.34426652738788
2023-01-02 09:08:00,1795.3590718143628,58.938792275858084,28.556532121197485,134.27398106424332,6.693462006515242,944.813572308269,3166.44843143844,10.423424919087482
2023-01-02 09:09:00,1795.7591518303661,60.78905329215018,27.605703428196325,135.54193133491432,6.314856433872562,940.9333012003872,3128.1946080913362,10.389627329242678
2023-01-02 09:10:00,1796.1592318463693,63.617655011701544,25.43959137018975,137.39827597575183,6.037164973438235,924.1171841781801,3102.0736991945355,10.33923039093947
2023-01-02 09:11:00,1796.5593118623724,60.004442292857185,27.106698561287313,136.14463265549074,6.261149289763806,935.0395547155563,3138.8547645697236,10.393933719947137
2023-01-02 09:12:00,1796.9593918783758,61.44153227844644,25.426187255185607,136.81795194259996,6.293540070961451,931.9216221202736,3088.9832903093666,10.331749051785714
2023-01-02 09:13:00,1797.3594718943789,61.94802364799447,26.818920412892577,136.69030788795365,6.145899938654735,927.2654221505178,3113.2271774075944,10.351795807117364
2023-01-02 09:14:00,1797.759551910382,62.317866043729936,26.510924493661566,136.4287619068217,6.105577678266831,925.6245450068496,3105.2584528646466,10.328118313145943
2023-01-02 09:15:00,1798.1596319263854,62.46853268009483,26.772590857594416,136.84965425697362,6.180904836284374,931.5613934886542,3100.446376451503,10.344020630273135
2023-01-02 09:16:00,1798.5597119423885,59.253244590484364,27.672377616190044,135.83548464466574,6.338458908414056,937.4401601942991,3157.0093868609238,10.40890432662752
2023-01-02 09:17:00,1798.9597919583916,61.114788453196276,26.618864000834577,136.5776492887958,6.187173252005452,932.1959413246592,3096.331996464678,10.36284240778333
2023-01-02 09:18:00,1799.359871974395,63.45451224412088,25.495951575700293,137.4439151373965,5.937489838135397,926.6611656536033,3076.5627691874906,10.333110421016407
2023-01-02 09:19:00,1799.7599519903981,60.80051888215217,27.693711645680672,136.3032410580788,6.3932883603739095,930.0319173540893,3127.937731647809,10.377802935802709
2023-01-02 09:20:00,1800.1600320064013,65.21741248295707,24.386507133071277,139.5015636992756,5.699322848461964,923.5675107722802,3043.597083772603,10.281915858843929
2023-01-02 09:21:00,1800.5601120224046,63.74028012764132,25.435857901298753,138.4185742763266,5.765387429029371,921.4798426804995,3062.7164505504325,10.321247242812161
2023-01-02 09:22:00,1800.9601920384077,61.97885144706603,26.63955990669564,135.94373064365416,6.1539860843778245,929.6759874223591,3085.532535486959,10.342560832023217
2023-01-02 09:23:00,1801.3602720544109,61.61567263352975,27.519006924665728,135.32270104577833,6.459312774924901,935.3040583980866,3143.2800265493947,10.37707576835595
2023-01-02 09:24:00,1801.7603520704142,60.61231061313224,26.88327415463405,136.4601106646389,6.264409032549362,936.1224225911205,3130.5552582624186,10.390630003967537
2023-01-02 09:25:00,1802.1604320864171,63.034061795013876,25.4471353571496,136.99044916698114,6.023463605880839,929.2702679986888,3070.417361403019,10.338680460017374
2023-01-02 09:26:00,1802.5605121024205,60.60016737617394,26.93581277056495,136.13489207376668,6.255684133973301,924.8682390243492,3130.854419021909,10.37604823084574
2023-01-02 09:27:00,1802.9605921184238,63.425265793094596,25.033641721925232,137.73930342114946,5.890677117071294,924.932090712901,3067.870784746396,10.305529629852556
2023-01-02 09:28:00,1803.3606721344267,63.923062494137085,24.76677858981729,138.31894023568915,5.799244819802929,919.3638782955304,3069.2212174616366,10.299690375482722
2023-01-02 09:29:00,1803.76075215043,60.618561945641474,27.277112930343296,136.3126766996961,6.459449903413334,932.294537819266,3123.4750749941236,10.355200831195544
2023-01-02 09:30:00,1804.1608321664335,62.62436356668835,26.19418530930967,136.5442146855529,6.233372411884799,925.9080505882988,3096.3348264587185,10.337951536352268
2023-01-02 09:31:00,1804.5609121824364,61.48084031813666,26.847383128792945,136.7580979027589,6.178032281207527,930.5727876831262,3114.282231034121,10.35733465720477
2023-01-02 09:32:00,1804.9609921984397,60.452338984023946,27.72936564928803,136.2375660460167,6.542490886578773,934.3659307424737,3119.0241754518097,10.376516868534772
2023-01-02 09:33:00,1805.3610722144429,62.00435961244904,26.08685141310752,136.98083687897943,5.892832224903101,929.509673615163,3101.5121453376178,10.351849295911286
2023-01-02 09:34:00,1805.761152230446,61.2398696504127,26.1281554875744,136.36851808947364,6.3166035220391565,927.7245889192326,3109.5557214422583,10.363724579337658
2023-01-02 09:35:00,1806.1612322464493,61.11717443923576,26.63496006605277,138.04183096145576,6.611792004317375,933.0815949420567,3123.013918194388,10.37099033519649
2023-01-02 09:36:00,1806.5613122624525,62.69802878091122,26.212586631513553,136.60130403887464,5.9757677033837835,927.9217248469332,3087.3527050372336,10.333579014733711
2023-01-02 09:37:00,1806.9613922784556,62.90614202770974,25.274043095099596,137.58652719375976,5.997633041717561,923.7978593884072,3076.4692159820816,10.328123647372687
2023-01-02 09:38:00,1807.361472294459,58.56929519094957,28.359660775479576,134.58774058486,6.679279675020153,940.6863578598892,3151.3850362442176,10.416849536871673
2023-01-02 09:39:00,1807.761552310462,60.35029168486083,26.819850735784737,136.66149633335337,6.256011403553717,931.1727628543281,3129.4828813997888,10.370676395675634
2023-01-02 09:40:00,1808.1616323264652,63.18866228388052,25.63644931409353,137.23289526518772,6.044914839781017,918.1194650520237,3091.474053976453,10.322458907336689
2023-01-02 09:41:00,1808.5617123424686,61.923972497094475,26.39758951581025,137.00619227772142,6.360449182909768,933.1273312385129,3123.5384327352585,10.362513910755377
2023-01-02 09:42:00,1808.9617923584717,60.65133160300546,27.01105607509268,135.5605634059853,6.23206945301255,935.8679632397278,3130.983232997678,10.362030832350838
2023-01-02 09:43:00,1809.3618723744748,62.41790905472311,26.349955286248093,137.20097762284811,6.126438665724127,927.2719368428479,3096.8278655529093,10.353596079783733
2023-01-02 09:44:00,1809.7619523904782,61.92701827828646,27.639038251937077,136.58095119901338,6.350336632359149,928.3013916072448,3125.8236149232544,10.375994480012254
2023-01-02 09:45:00,1810.1620324064813,62.002588857237,25.951954725415877,136.49701840693527,6.044079551084923,928.9065055530361,3094.981074447684,10.343571670049236
2023-01-02 09:46:00,1810.5621124224845,60.536060263262186,27.254481556209036,135.98103301294344,6.386236641225306,934.8469556177163,3130.101567279517,10.378487493037056
2023-01-02 09:47:00,1810.9621924384878,61.488959042762474,27.197981930196807,136.3633508981231,6.415038820670569,940.299342942057,3127.6835821026375,10.390521842322848
2023-01-02 09:48:00,1811.362272454491,62.51833583802625,26.608339878833128,136.83162252532327,6.027408827897647,932.4501959874704,3112.6161251957783,10.343352900484474
2023-01-02 09:49:00,1811.762352470494,61.79997570490111,27.055436178604875,135.69230116637718,6.396157578050044,930.7554498924756,3117.8087731973046,10.37381856192654
2023-01-02 09:50:00,1812.1624324864974,62.989864512473325,25.802571415503678,136.97871572626826,6.071374606547865,929.8257887052594,3094.645482716984,10.34698582413111
2023-01-02 09:51:00,1812.5625125025003,61.0269432418617,27.14256940044114,135.6753829461218,6.279930161212357,932.5272377565877,3124.890479852523,10.371241197158982
2023-01-02 09:52:00,1812.9625925185037,60.671559421750004,27.6620985060122,136.30019538234876,6.215059377719829,939.0986186481524,3131.336986384098,10.36085378988982
2023-01-02 09:53:00,1813.362672534507,58.9965890581056,28.390264083481576,134.18701818331422,6.558460476344132,942.7485543743699,3159.7889296396907,10.410316440879113
2023-01-02 09:54:00,1813.76275255051,59.40210412362168,28.559002789287113,134.76398589109593,6.596313559482556,949.5591422684198,3178.9155135597293,10.426036836546709
2023-01-02 09:55:00,1814.1628325665133,61.103900568406,26.60355271423367,136.0417353310405,6.3815532995756366,933.5238168822365,3128.918337522179,10.377048930103927
2023-01-02 09:56:00,1814.5629125825167,62.90371424921824,26.05578116045067,137.4345239638528,5.911840941929804,931.0015308927045,3098.4394298926272,10.344747375537587
2023-01-02 09:57:00,1814.9629925985196,62.64309724564549,26.030824885950963,137.58440166246376,6.01381772101872,932.9136452553875,3087.913745472238,10.329668929992943
2023-01-02 09:58:00,1815.363072614523,59.79752917169683,27.882450801015867,135.29564686689253,6.622832817759148,937.7238479124242,3146.8577299083163,10.37715856702488
2023-01-02 09:59:00,1815.763152630526,61.70156580000949,26.334091243724316,136.43068692004542,5.98159060692144,925.9821403719334,3108.351327740609,10.349850032610817
2023-01-02 10:00:00,1816.1632326465292,61.9426763651579,26.54018620813243,136.7243989286523,6.065675437833062,932.0896629183372,3094.177267901254,10.337372316700481
2023-01-02 10:01:00,1816.5633126625326,58.920782218557704,28.001872686286834,134.36366240149886,6.527281688674885,940.9358507436017,3170.2581678695383,10.41553782854096
2023-01-02 10:02:00,1816.9633926785357,59.44931036172195,27.815419682489917,134.5874175983878,6.562511608279449,939.9544018838365,3143.644648065475,10.403473962345034
2023-01-02 10:03:00,1817.3634726945388,61.94954032517555,27.537928413226847,135.3323919895937,6.346927798431353,931.4186693494429,3099.9777999590656,10.379011788143108
2023-01-02 10:04:00,1817.7635527105422,61.206245947681126,27.114351151857814,135.5838888501055,6.747273094514893,942.6846738804315,3138.0521590806516,10.392111805080367
2023-01-02 10:05:00,1818.1636327265453,60.49263118706327,27.603854339640986,135.29593201326895,6.56400817863911,939.1649792208209,3155.5450383493217,10.390554262463075
2023-01-02 10:06:00,1818.5637127425484,62.60380638726996,26.737243934528635,136.61950121918971,6.026164483815183,931.4753155194932,3085.214831141041,10.362347994136087
2023-01-02 10:07:00,1818.9637927585518,60.937714745586185,26.87432804082333,136.16778374412075,6.3112301878974595,933.3374933784347,3127.038603754637,10.387049157501258
2023-01-02 10:08:00,1819.363872774555,59.96168697991914,28.214693490423908,134.35675983481548,6.534006845555473,938.8380121393897,3166.307720141064,10.406089347220565
2023-01-02 10:09:00,1819.763952790558,62.52146665979154,26.530204819328358,135.74934680820735,6.033279411332565,930.4173103739607,3077.8359885924883,10.354304474364326
2023-01-02 10:10:00,1820.1640328065614,59.6236386338701,27.928403917491586,134.77215207075326,6.5241857609070095,943.3519832737094,3151.526770969331,10.424089448286923
2023-01-02 10:11:00,1820.5641128225645,62.638736713024926,25.733896837620122,136.4375084372406,6.1333538949167234,925.8384354016595,3081.399505608555,10.344202974776161
2023-01-02 10:12:00,1820.9641928385677,58.24064851403031,29.427184830945684,133.98415630360557,6.843322945243037,947.2531558947159,3201.799248738237,10.433145875026316
2023-01-02 10:13:00,1821.364272854571,61.22678872767029,26.976536058153368,135.53685433896774,6.132941491372441,936.8908040700252,3122.2146029858786,10.373288580707408
2023-01-02 10:14:00,1821.7643528705742,62.196822566830534,26.440519834586098,136.8461360736772,6.099661782385715,925.5673008664438,3083.274384632361,10.334830151709276
2023-01-02 10:15:00,1822.1644328865773,60.47751700810546,27.012292118842684,135.6471196577614,6.228334109237884,934.8631008214567,3138.0941741574816,10.369618349196868
2023-01-02 10:16:00,1822.5645129025806,59.22037670027846,28.140518377635974,134.55059576284032,6.533717079182298,942.9335649486279,3148.2721440608707,10.39847519306101
2023-01-02 10:17:00,1822.9645929185838,62.14093665375342,26.462263129478472,137.01708612737565,6.127596431389218,928.0921738492148,3109.826187843252,10.354898428869552
2023-01-02 10:18:00,1823.364672934587,60.879365514768914,26.351300080134024,135.963456722448,6.250202179423081,931.4451851628133,3098.4751356276124,10.356954489365258
2023-01-02 10:19:00,1823.7647529505903,60.45933199976025,27.827039119602702,133.61117848023594,6.518453477383404,939.6178461289506,3163.1242157029396,10.39672714794935
2023-01-02 10:20:00,1824.1648329665932,58.16596761380656,29.03691468989154,133.2271298329564,6.682042251777665,944.65184535756,3186.260134793686,10.451744727098074
2023-01-02 10:21:00,1824.5649129825965,61.7277696382665,25.978180988839966,137.62384706993467,6.1029801539415605,927.0511585830395,3108.205345835934,10.343170363046545
2023-01-02 10:22:00,1824.9649929985999,60.55580994115938,28.092740040688692,135.1486531288965,6.436692600268942,934.3194288040271,3137.6850988785586,10.387175525204944
2023-01-02 10:23:00,1825.3650730146028,59.642978606409116,28.375775516757983,135.3369641961006,6.528704769593077,934.5202856384902,3146.3768364041066,10.42218959611354
2023-01-02 10:24:00,1825.7651530306061,58.65790729868592,28.835353872682912,134.29042886831365,6.607493158572972,941.2132729855692,3177.1984115427313,10.429531590088867
2023-01-02 10:25:00,1826.1652330466095,60.02374856376448,27.73645426490179,135.81062268663842,6.208538965565161,940.0073532413173,3154.6737673584767,10.397860995060004
2023-01-02 10:26:00,1826.5653130626124,61.526094869058504,26.543527698858874,135.77774589420883,6.436793969023012,930.113184804652,3099.926658521761,10.36845075565061
2023-01-02 10:27:00,1826.9653930786158,62.20818540805262,26.719534418701322,136.48962175193478,6.073784949500473,930.7788268663577,3117.5091289227807,10.360435337936584
2023-01-02 10:28:00,1827.365473094619,58.55268697693773,28.702262940228184,135.12137258985874,6.584081284939454,937.4746573314719,3159.920097479938,10.40836406645777
2023-01-02 10:29:00,1827.765553110622,59.56741349864917,28.148384456824814,133.9609500770376,6.62568254103006,942.7760662018749,3160.9402687142747,10.414402948134665
2023-01-02 10:30:00,1828.1656331266254,62.03433240901405,27.091138746001235,135.53028453809512,6.4913970469329785,939.1085227526605,3128.4664531079698,10.376910451994066
2023-01-02 10:31:00,1828.5657131426285,60.708319245910495,27.076440153467686,135.66228566481712,6.560652615427438,937.0916495985288,3104.4373831040616,10.36950186944123
2023-01-02 10:32:00,1828.9657931586316,61.30604489614905,27.232334779424004,136.00456900711194,6.374786034632242,934.7468626276498,3146.608154276305,10.382179653831473
2023-01-02 10:33:00,1829.365873174635,62.1946220089117,26.498803840883458,136.05764373466732,6.08239212322379,932.7412473062514,3134.767576276675,10.350225690375458
2023-01-02 10:34:00,1829.7659531906381,60.59483563860711,28.24418682739253,135.46031632007754,6.424306602572884,944.1741362963891,3155.4527063090723,10.41800583490068
2023-01-02 10:35:00,1830.1660332066413,57.30778379344471,30.03458429622925,133.39505181078107,6.8887703771855495,955.1435260403089,3210.6090433015042,10.459466544974957
2023-01-02 10:36:00,1830.5661132226446,63.55118872025811,25.38939856241197,137.4283199158738,5.9641753433085904,929.0264339776561,3076.9004768277805,10.322092344684563
2023-01-02 10:37:00,1830.9661932386477,60.02771664006961,27.819191373108477,134.93099961789628,6.516854113234151,942.4273258982766,3165.173558108583,10.390445889264553
2023-01-02 10:38:00,1831.3662732546509,60.22722160346038,28.07499570717723,135.35613404801217,6.40496718166303,945.4002356466867,3149.9667579344864,10.395591824444361
2023-01-02 10:39:00,1831.7663532706542,60.30796083617241,27.679230844248348,135.92999085897662,6.399707404209101,935.9937827172693,3134.361434061367,10.394678848598582
2023-01-02 10:40:00,1832.1664332866574,59.53212509257361,28.14662896035985,135.1230884606346,6.443474249445219,945.0826250802681,3151.418788370698,10.418883647103922
2023-01-02 10:41:00,1832.5665133026605,59.92150315217285,28.113360127767997,134.5735104023676,6.667609220611703,942.9160590180737,3144.411731524007,10.385463024111631
2023-01-02 10:42:00,1832.9665933186639,61.126550242479574,27.858057327525888,134.7642530824531,6.289202043844485,934.6136135673117,3147.352803096801,10.371148680481358
2023-01-02 10:43:00,1833.366673334667,59.88134206280604,28.673950545641095,134.8919450925559,6.472226071433067,935.9059084755862,3171.297584424406,10.410742168303953
2023-01-02 10:44:00,1833.7667533506701,58.92928805018214,28.811325649638626,135.13388885459844,6.617371548506603,943.4681830758394,3154.9707463446316,10.410746958353403
2023-01-02 10:45:00,1834.1668333666735,59.61885880666157,28.310811292861526,135.4548784613268,6.414954730823845,936.3676021641285,3159.890343447124,10.430356812862732
2023-01-02 10:46:00,1834.5669133826764,57.4760459738012,29.504479911759553,133.68404105849706,6.782535264718209,949.2542957639399,3197.3861551150426,10.450285209944479
2023-01-02 10:47:00,1834.9669933986797,61.74876761787035,26.547606125416035,135.9083915350313,6.103463586435373,930.4515357286501,3109.218656193986,10.377404761101475
2023-01-02 10:48:00,1835.367073414683,61.36781467116614,26.995364118025694,135.8942018743619,6.400250067320883,939.8789557563642,3133.067780139969,10.398497241596298
2023-01-02 10:49:00,1835.767153430686,60.290192236025995,28.35106781155691,134.51113861553026,6.404142634360362,935.6565997139279,3142.4086998630496,10.39817521599015
2023-01-02 10:50:00,1836.1672334466894,56.58191566486202,30.01074790344976,132.71505136782923,6.878782676515234,957.2642330864032,3214.5233163236953,10.451864402750061
2023-01-02 10:51:00,1836.5673134626927,60.026212956916076,29.029158888721973,134.27262433736922,6.516421228039115,940.8782591730136,3159.409581035765,10.424205034216524
2023-01-02 10:52:00,1836.9673934786956,58.40562453608817,29.01616015704936,134.30762229033562,6.718003081534204,941.7787071928775,3188.749721906232,10.430079321786634
2023-01-02 10:53:00,1837.367473494699,59.620344199391326,28.253653199628854,134.0562874836112,6.600567892647907,943.0467508304761,3149.4417666423437,10.397897356905405
2023-01-02 10:54:00,1837.767553510702,58.25888955898691,28.998971407882898,134.51178696912882,6.551094752736932,939.2112164764541,3171.8819192144747,10.423718769046838
2023-01-02 10:55:00,1838.1676335267052,58.54172585320218,29.041407245002677,134.92568486114362,6.7208199610510455,948.9744530115053,3194.4771170675854,10.433901000786163
2023-01-02 10:56:00,1838.5677135427086,59.92313771993915,28.260950431742682,134.85891157797067,6.541581614644593,939.5375070403397,3173.6200770524524,10.400929801016284
2023-01-02 10:57:00,1838.9677935587117,59.66562402297448,27.92709987762484,134.53008627003797,6.5776155610418385,946.7092894375126,3141.7996350061094,10.40174787356093
2023-01-02 10:58:00,1839.3678735747148,59.327992603742395,28.113493917172107,134.55538646304845,6.656596375286522,941.1622564482103,3135.487113555768,10.40944467940474
2023-01-02 10:59:00,1839.7679535907182,57.972004194125034,29.5449051524112,132.8199790883064,6.711554347761126,941.8347557841621,3176.574268283008,10.444730997714199
2023-01-02 11:00:00,1840.1680336067213,60.6794667528689,28.02891679837032,134.54006614357726,6.462349392885467,939.5211661571713,3145.148242404418,10.386218341142738
2023-01-02 11:01:00,1840.5681136227245,59.0059471799902,28.048501215750605,133.9832113781594,6.449461574275941,940.863498603496,3170.2194209672293,10.406128359398256
2023-01-02 11:02:00,1840.9681936387278,55.91710084455037,30.86414076430392,131.7522812216534,7.113310205802408,960.8761206402978,3230.7485754614722,10.484417522218157
2023-01-02 11:03:00,1841.368273654731,59.751418735787446,28.177030084953604,135.00361779522004,6.518578695744834,941.327195880839,3151.073863270309,10.41402802297296
2023-01-02 11:04:00,1841.768353670734,59.83005912240024,28.286789432666836,133.3106208617102,6.706432969283375,940.4609367764668,3161.6847757929295,10.418870450403821
2023-01-02 11:05:00,1842.1684336867374,57.77614865913119,29.55240793841076,133.32034279281504,6.711837209668635,947.428314041349,3184.750647373126,10.432057894824434
2023-01-02 11:06:00,1842.5685137027406,59.89376603240812,28.111398924454598,135.27990923645288,6.489381823117292,942.6291572421621,3144.162948059331,10.388672092576265
2023-01-02 11:07:00,1842.9685937187437,59.62179785351404,28.182708354159267,135.8740143969771,6.493445617405655,943.3936543748401,3150.5115682574274,10.414931501489678
2023-01-02 11:08:00,1843.368673734747,59.18200684792723,28.849637443672737,134.63859201934537,6.677851285636103,936.6523134476049,3170.899984927983,10.436763859387714
2023-01-02 11:09:00,1843.7687537507502,59.157800262374074,29.09800212256197,134.16278185858454,6.616288851754346,946.5323159216471,3165.2130988340973,10.420980024859144
2023-01-02 11:10:00,1844.1688337667533,59.55795137107917,27.883700910250187,135.49808823990404,6.527129052410504,934.0951382614755,3134.8971977626993,10.415261290557343
2023-01-02 11:11:00,1844.5689137827567,58.97059210773095,29.361546815755776,134.5014110961496,6.940645127561546,949.3651512774472,3185.5514597159136,10.439516198057017
2023-01-02 11:12:00,1844.9689937987598,58.138794030277005,29.38899802375749,133.78653190149117,6.532578316873226,943.0857491173558,3173.560089839134,10.441373866791889
2023-01-02 11:13:00,1845.369073814763,59.49114988968904,28.773949043030367,133.72684962558046,6.4090350338226605,943.8940043479358,3162.0716935875353,10.429188437357213
2023-01-02 11:14:00,1845.7691538307663,58.84938233245784,28.606801231476464,134.84780748476788,6.778943683920418,944.7336126120468,3173.393971200646,10.414536641297541
2023-01-02 11:15:00,1846.1692338467692,57.962467687513886,29.85436347126514,132.73713025969286,6.868634935099117,950.3508079225129,3193.6880123279057,10.453452141532678
2023-01-02 11:16:00,1846.5693138627726,57.54841386014539,30.251234650488534,134.02943043726904,6.842844161931939,954.56469397161,3190.271159835318,10.461041065125237
2023-01-02 11:17:00,1846.969393878776,61.80893235329254,26.899606713611384,136.29589440296178,6.381384511565349,937.9773865688155,3124.223767921896,10.358297395441022
2023-01-02 11:18:00,1847.3694738947788,60.11096587266451,28.39372728917211,135.57711380376537,6.531108726200118,940.947909025261,3154.5507872841818,10.379542990564103
2023-01-02 11:19:00,1847.7695539107822,58.1371190062974,29.51707482284266,133.73195578023783,6.843893475239567,952.8544944753271,3209.670079192164,10.454584834089646
2023-01-02 11:20:00,1848.1696339267855,59.29424804930529,28.694180052722206,134.75479916570475,6.755781059908343,943.7983628212401,3154.1344621883995,10.425617625290334
2023-01-02 11:21:00,1848.5697139427884,59.975519148495685,28.310001883709642,134.089710280204,6.64834085600926,940.9165256952722,3160.267422465796,10.410487011970776
2023-01-02 11:22:00,1848.9697939587918,58.92207610049623,28.535044301106943,134.7852108867373,6.6900907352033165,945.958295285319,3160.7408814732344,10.431777855677906
2023-01-02 11:23:00,1849.369873974795,58.7889548693249,28.51776627947297,134.85908723589466,6.5408223987106835,947.6441041735781,3167.2612318072424,10.433015786430635
2023-01-02 11:24:00,1849.769953990798,58.3079000472322,29.153517830469994,133.62584013313716,6.689514262025786,945.542642022238,3203.880361226394,10.449914813327062
2023-01-02 11:25:00,1850.1700340068014,60.3989741919376,27.090516749229444,134.32526768429412,6.460241285186558,943.0266522390425,3151.8338751068964,10.401066473846965
2023-01-02 11:26:00,1850.5701140228045,60.56413480545869,27.934875558577115,134.61748601820273,6.488072983095735,942.3736607628601,3154.3003603572038,10.388574075280316
2023-01-02 11:27:00,1850.9701940388077,57.30765725235097,29.7812546716346,132.4411405101706,7.024015330381751,945.0257063896448,3199.935036329339,10.450439946016713
2023-01-02 11:28:00,1851.370274054811,59.76648707355886,28.4927915651977,134.6606736853176,6.474498697876534,938.3304972725194,3155.1839258991904,10.39737780611059
2023-01-02 11:29:00,1851.7703540708142,59.52324039715293,28.49190171820514,133.781443122381,6.612100491719704,941.1207354860613,3152.316808148419,10.423182479985542
2023-01-02 11:30:00,1852.1704340868173,54.94798038074124,30.646381855556466,131.5001466798983,7.307387453303816,957.4859660277532,3252.0778344641203,10.478361144717004
2023-01-02 11:31:00,1852.5705141028207,58.9662533826004,29.15792741110518,134.95006776225938,6.716252766590412,942.9343552576249,3168.7386461710184,10.429198601064721
2023-01-02 11:32:00,1852.9705941188238,58.802738189362834,29.281022450390832,133.94180248258672,6.837152180510558,948.1583931597607,3193.708903095594,10.442110035124832
2023-01-02 11:33:00,1853.370674134827,57.832188328980735,29.63851015679839,133.99098893714705,6.781107663800897,948.3146691277531,3181.2750295685446,10.435810125006478
2023-01-02 11:34:00,1853.7707541508303,57.95763682663676,29.876963252572086,133.62635474401503,6.977420188793693,956.5011585441638,3198.293082415664,10.458925484239934
2023-01-02 11:35:00,1854.1708341668334,58.828809505751394,29.51395709457916,133.4478762302811,6.747546187902056,948.5328517432756,3159.9476003149925,10.419022401760584
2023-01-02 11:36:00,1854.5709141828365,59.046797763439166,28.14219166997644,134.11811759810772,6.428247682589758,949.5143932321619,3163.7966071105047,10.42372279771342
2023-01-02 11:37:00,1854.97099419884,58.69016154851015,29.26390879572178,133.8616105977427,6.822459102343592,943.0521372153944,3163.4283094641496,10.445624457100699
2023-01-02 11:38:00,1855.371074214843,59.480685903314445,29.108373867773267,133.73758279039757,6.868942744122582,945.8087851085122,3150.1317990356797,10.436467226027327
2023-01-02 11:39:00,1855.7711542308462,56.39137144808113,30.44189788116748,132.27316094036658,6.91185536938134,954.3959758403066,3212.0663714100588,10.48475681836331
2023-01-02 11:40:00,1856.1712342468495,57.52292855413515,29.09146122210502,133.81904930656154,6.8571251438019045,948.3219770838846,3194.1073834380322,10.469951341074133
2023-01-02 11:41:00,1856.5713142628524,56.36116179200576,29.95007819648383,133.46166075587115,6.993301238020361,950.0001348156006,3192.0010445096846,10.462225155122285
2023-01-02 11:42:00,1856.9713942788558,57.20356462160093,29.457544680007256,133.26506133394884,6.802006027885944,950.352064995765,3183.696645474094,10.45975253596945
2023-01-02 11:43:00,1857.3714742948591,59.33988831519481,28.281700800762952,135.08339497361857,6.530200174045475,941.6726294978228,3181.4159780337827,10.435132081825026
2023-01-02 11:44:00,1857.771554310862,58.541784917763735,29.529506523652795,132.08602343536197,6.7748091007517415,951.4329496809183,3212.5916551966047,10.444124256005209
2023-01-02 11:45:00,1858.1716343268654,59.11466558324818,29.46518750117571,134.84314406538613,6.77413553776822,947.7814713162621,3187.7565801270816,10.429161024960282
2023-01-02 11:46:00,1858.5717143428687,58.5182468767755,28.93678574290836,134.55553793600095,6.54836651683146,942.9457592921042,3168.8748223399225,10.433288257298024
2023-01-02 11:47:00,1858.9717943588716,57.43540270941745,29.982739472043175,132.71783658092744,6.887245573507536,955.0908799172288,3211.2597740472947,10.464440427072493
2023-01-02 11:48:00,1859.371874374875,56.06730046346719,30.400427933979994,131.72156899316005,7.086716301719384,950.156402756996,3224.25006195714,10.496236334842004
2023-01-02 11:49:00,1859.7719543908781,57.71153266479012,29.506431348170302,133.2404923082791,6.948330402331772,952.1904177490275,3200.166006860631,10.453990531387156
2023-01-02 11:50:00,1860.1720344068813,56.37944257083032,30.88334351288713,131.99416408463532,7.068044754569405,956.7016386781569,3226.969476185089,10.474950224730232
2023-01-02 11:51:00,1860.5721144228846,56.85775865440822,29.577022848190015,133.5830921768626,6.833057436398565,948.766703381532,3209.646753725585,10.469813911435523
2023-01-02 11:52:00,1860.9721944388878,58.682304547587016,28.624145321863335,134.46141544582278,6.662942474592814,945.779036026039,3169.9058543734286,10.414524105361352
2023-01-02 11:53:00,1861.3722744548909,57.102311912398164,29.902841240194075,132.32765054016872,7.029358302014292,950.536542522663,3213.232408086763,10.465695023117005
2023-01-02 11:54:00,1861.7723544708942,58.967758836351514,29.19965195779386,133.27590257783734,6.874077694832781,947.3404698679673,3185.0672367618035,10.439550856814074
2023-01-02 11:55:00,1862.1724344868974,57.923850752354916,29.88611568387987,133.44432708354984,6.852715416212487,943.5687178456762,3192.3771214901194,10.432844278283635
2023-01-02 11:56:00,1862.5725145029005,57.12802377507077,30.2155749690276,133.45841627824146,7.151340284843212,953.3255412603911,3213.421082979181,10.457963638817754
2023-01-02 11:57:00,1862.9725945189039,57.48829323327707,29.438612843158285,134.0281777540023,6.852446822257444,940.955345849712,3174.5565271445125,10.447119426293522
2023-01-02 11:58:00,1863.372674534907,55.916541945630065,30.897198995338037,131.24364910319557,7.283361328475391,959.2296765833413,3234.5073125598283,10.503933653279914
2023-01-02 11:59:00,1863.7727545509101,56.76245336841723,30.40205062025212,132.48158916787932,6.923592493329741,949.5333571511891,3202.060561015939,10.476347142893722
2023-01-02 12:00:00,1864.1728345669135,55.30131063169451,31.175924736342612,132.08878531703863,7.313030043978395,960.4432540844276,3241.42369503644,10.477144074568923
2023-01-02 12:01:00,1864.5729145829166,57.86450687149505,29.18610248944612,133.5755105072002,6.812341065401077,950.852198867847,3179.4667899052133,10.444721842612195
2023-01-02 12:02:00,1864.9729945989197,55.430523656968724,31.029606008180032,131.93323240519726,7.403783403023186,954.1621217708799,3228.1345837959716,10.503798323557396
2023-01-02 12:03:00,1865.373074614923,55.91783608911765,30.707734902102835,133.2497144001548,7.04920639267207,947.8820278954603,3231.065383406925,10.501123058519488
2023-01-02 12:04:00,1865.7731546309262,56.85242851515799,30.587802162627646,132.41597483317514,7.122255531367451,947.6776517894411,3210.3360966073924,10.450069065530917
2023-01-02 12:05:00,1866.1732346469294,57.23324104735623,29.826352615064877,133.99549584718932,7.0111511026986335,947.5910418821437,3181.8270930816702,10.434412954390718
2023-01-02 12:06:00,1866.5733146629327,58.418685496751905,29.194385072540545,133.62858066767333,6.69387950832901,943.0992608466083,3176.182963656447,10.437852595571307
2023-01-02 12:07:00,1866.9733946789358,59.555246075323865,28.897614192353323,134.4317180520848,6.61449739941498,936.6289082100608,3168.5566055010995,10.397984467632979
2023-01-02 12:08:00,1867.373474694939,56.92914346802797,30.862683719208736,132.95103468195438,6.820817724256114,949.1498309430623,3225.7346951926534,10.46242983287755
2023-01-02 12:09:00,1867.7735547109423,58.34240138070591,29.178828445225225,133.98551603652405,6.935384195677109,950.3185202124798,3189.7365650737443,10.440183149178594
2023-01-02 12:10:00,1868.1736347269452,55.7319418481852,31.120412411164285,132.3003810522025,6.936446437896715,961.8840844950917,3223.6088657179407,10.500036283872747
2023-01-02 12:11:00,1868.5737147429486,55.85059598984158,30.95318128124679,131.59576566676682,7.059155553227446,955.0320853024199,3237.0027548237003,10.504986178372118
2023-01-02 12:12:00,1868.973794758952,57.2905687542022,29.96450087059782,133.42301634508306,6.899452615524353,952.6873904152303,3204.4780200917044,10.46735024737681
2023-01-02 12:13:00,1869.3738747749549,56.081739071271656,30.681780755018774,132.18314916282742,7.031050191339788,958.1158194782906,3230.2752074124237,10.495851405508958
2023-01-02 12:14:00,1869.7739547909582,55.61909512040969,30.820667464446096,131.33879788286146,7.133971932243322,956.8245871341957,3242.2626465038593,10.504234720103254
2023-01-02 12:15:00,1870.1740348069616,55.738224640124,31.342336028402606,131.3331329085299,7.125762751627718,964.6226772825722,3222.3796686233827,10.494823719680976
2023-01-02 12:16:00,1870.5741148229645,59.19750727136897,28.90444934979179,134.4442315610821,6.784796446601975,944.5834056444975,3168.8491714235456,10.442656207351297
2023-01-02 12:17:00,1870.9741948389678,57.348203140661305,29.377871235212517,133.51413257768948,6.954789149768063,949.7325439532032,3196.2151932840166,10.456624637982383
2023-01-02 12:18:00,1871.374274854971,56.496574632486876,30.44268008712671,131.6775892452144,7.193925291981484,951.9942982094885,3225.612997488374,10.497888398858029
2023-01-02 12:19:00,1871.774354870974,56.163388446968106,30.47765855608838,131.63130017082418,7.126248873367764,957.2439234146788,3230.7950202727875,10.482100544438923
2023-01-02 12:20:00,1872.1744348869775,55.547872263092266,30.779236645237766,131.72543865071657,7.149879106394768,951.8376052853762,3211.7581639433465,10.476361480623746
2023-01-02 12:21:00,1872.5745149029806,55.26188437396132,30.88421492160541,131.1049526745557,7.235788440981526,957.5208326076037,3240.5094624228104,10.485518932786535
2023-01-02 12:22:00,1872.9745949189837,59.66816909326916,27.818029434326554,135.14664803949066,6.5862751434417754,940.3079412601052,3180.0749653006897,10.413538527877371
2023-01-02 12:23:00,1873.374674934987,56.81078612348034,30.237923993816683,132.83583884424445,6.8784980908965245,950.219232717646,3210.0055547895417,10.47581381362024
2023-01-02 12:24:00,1873.7747549509902,57.154333733062884,30.1926840432567,133.13143511975895,6.9061196989536064,949.5402140754585,3195.8588945795054,10.47666680396412
2023-01-02 12:25:00,1874.1748349669933,55.431192800723174,30.93339774159695,131.47370714696078,7.244306102248052,963.5393455280245,3254.6012377161815,10.497258564496162
2023-01-02 12:26:00,1874.5749149829967,55.98020464607419,30.17519768044265,133.2016191029048,7.167176593454919,958.4596112311559,3218.4201361173623,10.49187915951213
2023-01-02 12:27:00,1874.9749949989998,58.50372841699752,29.559657644903208,134.0951623558852,6.8048679832951,949.8303749164465,3175.68232362404,10.428535171121197
2023-01-02 12:28:00,1875.375075015003,57.68745346344575,29.633238579323557,133.1367736809902,6.740835114940229,949.5877113253277,3197.8847557132963,10.453645300411564
2023-01-02 12:29:00,1875.7751550310063,55.01200160510268,31.480372999525844,131.54029480860424,7.296947283444615,956.3702262864801,3249.3883561708653,10.508812566428912
2023-01-02 12:30:00,1876.1752350470094,55.85647136881609,30.53642097115761,132.18423496137177,7.005636310242097,952.8210311689375,3236.1822583789417,10.495392890053333
2023-01-02 12:31:00,1876.5753150630126,58.33000008490986,29.255123663082475,133.64426115442365,6.83011114483315,945.4134937087774,3178.1957520392984,10.428472839664034
2023-01-02 12:32:00,1876.975395079016,55.02450798053598,31.760272748875455,131.74271042343202,7.090023382765271,961.1026487047687,3243.285248951796,10.493038821494432
2023-01-02 12:33:00,1877.375475095019,55.99077927500807,31.254700944180957,132.17200135714566,7.208390552898777,958.4622934988075,3231.1419315664652,10.507684685429753
2023-01-02 12:34:00,1877.7755551110222,56.27440473802251,30.616737244239474,132.3638256651961,7.138965608085298,954.627914207483,3212.038937995637,10.49178820206988
2023-01-02 12:35:00,1878.1756351270255,56.23385771706383,30.801930862846184,133.0591800903692,7.026482590321702,958.3756814930449,3223.6141707632323,10.482172052517614
2023-01-02 12:36:00,1878.5757151430284,54.97461492160812,31.653785031161547,130.2110916988088,7.3601666401868,961.2536679045543,3256.488160593328,10.518540942287409
2023-01-02 12:37:00,1878.9757951590318,55.932135150404186,30.53578476719172,132.33719707788794,7.033290072856472,955.2505727023556,3216.3694866419173,10.467268531975915
2023-01-02 12:38:00,1879.3758751750352,54.772505901810106,32.6570113740853,131.15347005268902,7.3373288613489045,960.6660499673978,3252.3857567117916,10.524250543401054
2023-01-02 12:39:00,1879.775955191038,56.857772607289405,30.53657612861114,133.47448657889288,7.078353825590681,958.8181465737694,3210.167089301929,10.44987921941635
2023-01-02 12:40:00,1880.1760352070414,55.10229736483429,30.253934520419506,132.28276007333005,7.088865442234298,959.3495140922535,3213.806409710003,10.484747215258315
2023-01-02 12:41:00,1880.5761152230448,55.03720784859146,32.01304954164575,131.87104294501856,7.301056424044853,960.2550191903994,3237.547492791252,10.517727652071933
2023-01-02 12:42:00,1880.9761952390477,54.47173711402525,32.349377779657246,131.66654412870304,7.4675917605194915,967.1154369288768,3261.485647700912,10.546388516618048
2023-01-02 12:43:00,1881.376275255051,58.29785976525427,29.301199251373856,133.8603113717983,6.728679205020436,948.1421495411039,3180.1752149640033,10.443880250270329
2023-01-02 12:44:00,1881.7763552710542,55.01208158000059,32.26815611884549,130.68168212835897,7.411631452281549,957.6839467261133,3254.202840533137,10.522419321459184
2023-01-02 12:45:00,1882.1764352870573,56.487556901637895,30.323747574553487,132.3932798061301,6.986884247173773,955.7369117842624,3204.9465747254735,10.45585996529922
2023-01-02 12:46:00,1882.5765153030607,54.21233565772926,31.65770261024266,130.25747326147732,7.4146568559373875,960.332577754206,3260.5415194369557,10.516069477175833
2023-01-02 12:47:00,1882.9765953190638,57.90072092946141,29.966763116711903,132.3850583540711,6.926801434769386,953.4940193616337,3220.497752014214,10.457849560476728
2023-01-02 12:48:00,1883.376675335067,56.91346991810932,29.95104779954721,132.3371337136579,6.908157923143793,958.0894200982849,3210.6729129498835,10.476006798906264
2023-01-02 12:49:00,1883.7767553510703,55.97767955362502,30.70528257014291,131.36180792223428,7.09051711974575,958.9047143682991,3253.3892169232186,10.475139763366219
2023-01-02 12:50:00,1884.1768353670734,56.51810263002711,30.983748176950225,132.94801211321501,6.988966660154501,964.1336815357547,3216.704185967678,10.474957968636549
2023-01-02 12:51:00,1884.5769153830765,53.44644456173264,32.063526597901514,130.5741135176386,7.359278584040227,966.9579182342067,3260.946108935507,10.525572307260076
2023-01-02 12:52:00,1884.97699539908,53.30766890244039,33.40406172057188,129.49854178272648,7.849130131060215,967.7095291727809,3280.743724303153,10.529488677083691
2023-01-02 12:53:00,1885.377075415083,55.124088794916254,31.296952331308482,131.39329830059822,7.294257525638147,959.4399989778084,3216.733666253766,10.511902433607313
2023-01-02 12:54:00,1885.7771554310862,54.455191138717055,31.988286019030856,130.9226396339463,7.339376480639693,965.7120821985773,3263.5038789529485,10.50312126365129
2023-01-02 12:55:00,1886.1772354470895,55.821183234570455,31.448046894982635,131.60193890750625,7.309739909481561,958.9326932319219,3227.0927866521424,10.49585746709882
2023-01-02 12:56:00,1886.5773154630926,55.96627825740094,31.066628357599885,131.80124444790167,7.35754364149097,952.900068402622,3239.6218067017035,10.492339176626711
2023-01-02 12:57:00,1886.9773954790958,55.094483554849674,31.293319043075154,130.87564909100934,7.1437258793202085,957.5952628817527,3229.8261388081314,10.510648157011767
2023-01-02 12:58:00,1887.3774754950991,55.137929507801864,30.721256558247376,132.57201748048874,7.078868634025313,954.4094279473093,3220.4065608028595,10.49346709626895
2023-01-02 12:59:00,1887.7775555111023,58.13939647793124,29.045900586011694,133.61647971937407,6.5818840530932095,949.4898212031825,3183.6449151641787,10.418089695394196
2023-01-02 13:00:00,1888.1776355271054,55.24460791583001,31.050183848495404,131.15267684598416,7.1646323685916835,956.432251646823,3228.4455197509833,10.486746084332333
2023-01-02 13:01:00,1888.5777155431088,55.32101499461911,30.532772303465947,132.10114907007258,7.196719333623115,957.8749397257665,3218.573808484984,10.47010778053478
2023-01-02 13:02:00,1888.9777955591119,54.456306047995064,31.88513852726455,131.15673471537002,7.245342683302971,961.3396477694534,3245.3505064719584,10.50681809147428
2023-01-02 13:03:00,1889.377875575115,55.721813159702116,30.893642950677947,132.2293431919481,7.009963922707305,955.5996204054936,3239.6380872837344,10.477307386958074
2023-01-02 13:04:00,1889.7779555911184,54.249389667649794,32.07195732625396,132.25190774229628,7.22347474955849,961.5500787259471,3255.3757109025296,10.518634922444598
2023-01-02 13:05:00,1890.1780356071213,54.34958014738802,31.900884770827513,130.92500193922638,7.333003728189843,961.8561365820542,3270.905086054631,10.49999036371071
2023-01-02 13:06:00,1890.5781156231246,57.18858575434284,29.835419664512603,133.64442390634002,6.8121541614542425,950.2915368683052,3208.1642385641458,10.444649529819008
2023-01-02 13:07:00,1890.978195639128,54.064189892539126,32.72817602680046,130.7870262121002,7.579988809437029,961.3170753561577,3254.471463830073,10.528964286589153
2023-01-02 13:08:00,1891.378275655131,55.430172601963356,31.25117088138469,131.68198415200015,7.18202925828499,957.444005227837,3236.912827792317,10.50124136205966
2023-01-02 13:09:00,1891.7783556711342,57.467976119438,28.59851642455529,134.41389173809074,6.68523678265516,946.2111855237164,3185.8009177859626,10.426742423999746
2023-01-02 13:10:00,1892.1784356871376,55.13340768312453,30.894435827006873,132.0482858123925,7.2473728225009895,959.2018331283333,3230.020800413153,10.467367441304502
2023-01-02 13:11:00,1892.5785157031405,55.19016478992256,31.328668466537266,132.19782908468363,7.485873367158668,961.1237643657201,3249.2355252026746,10.519368354537855
2023-01-02 13:12:00,1892.9785957191439,53.31076858224016,32.670153675162744,130.4443918730701,7.662165223936027,967.0902537124035,3260.8866130464075,10.535478278640893
2023-01-02 13:13:00,1893.378675735147,54.335361373562364,31.852278431440062,131.70649369661064,7.269552360681498,963.4820344584911,3268.6649295033126,10.512952666835588
2023-01-02 13:14:00,1893.7787557511501,56.02159890233615,30.347810931147922,132.63518552659303,6.849626866827361,951.7161083225284,3209.3145428399744,10.454397254504292
2023-01-02 13:15:00,1894.1788357671535,55.346825144070564,31.214308912574353,131.237952709158,7.111427985017835,958.3732549959715,3250.935443978826,10.499460176355381
2023-01-02 13:16:00,1894.5789157831566,57.112814950825495,30.136459819053027,133.14059750117704,7.020208682064837,955.9134783836479,3200.3808757472048,10.460839269835706
2023-01-02 13:17:00,1894.9789957991597,55.413642609079744,30.93280145561094,131.9682277551236,7.140529569588999,955.6471617517822,3251.984487418081,10.499681749059638
2023-01-02 13:18:00,1895.379075815163,55.36840423209738,30.743175654950306,131.48614268906513,7.04790944326824,961.6124939422677,3223.539251598183,10.507908228855497
2023-01-02 13:19:00,1895.7791558311662,53.75937284560912,31.866815521599836,131.30043573183593,7.405629149913207,967.2573201820142,3243.3739343612524,10.507766809695562
2023-01-02 13:20:00,1896.1792358471694,52.51424948557856,33.97548741115119,128.7790894091086,7.67738250300518,972.0785038300428,3284.965779561747,10.588189339595665
2023-01-02 13:21:00,1896.5793158631727,54.8170771562777,31.731577650332078,132.10546341951138,7.31726948263571,960.9929181428084,3239.7026985629286,10.493822600782737
2023-01-02 13:22:00,1896.9793958791759,52.55322820919502,33.02568242889935,129.9817745144677,7.41497551377691,969.0081719150934,3282.559651802661,10.535962901682083
2023-01-02 13:23:00,1897.379475895179,53.22910337378118,32.70735015670639,130.393662835319,7.423859896582028,968.0710099012506,3276.6768415674574,10.513920738825927
2023-01-02 13:24:00,1897.7795559111823,54.62484816689255,31.799729543568034,130.8173041197108,7.433923526057975,962.696235099563,3248.2391785490545,10.49343920472766
2023-01-02 13:25:00,1898.1796359271855,53.10186764123041,32.165803158388115,131.1899903613597,7.446779475407658,962.2553884455087,3254.7175905284344,10.510267975474601
2023-01-02 13:26:00,1898.5797159431886,54.90643263705328,31.33629437476092,132.06410746457402,7.079183248061745,962.7634113644172,3250.14303032659,10.506927653139194
2023-01-02 13:27:00,1898.979795959192,54.16186592031197,31.804872686749537,132.6915098774048,7.39826409058002,965.1500266934185,3239.3337444429003,10.508927648994172
2023-01-02 13:28:00,1899.379875975195,54.02200483939309,32.76890295274884,131.21960597841846,7.569099814369941,964.1333612329291,3247.6056793007842,10.548266341017678
2023-01-02 13:29:00,1899.7799559911982,54.19241795074753,31.82339074401246,130.96080926382697,7.471214680218152,960.0533058527501,3250.332562006285,10.501078891195911
2023-01-02 13:30:00,1900.1800360072016,54.98863049627444,30.70106631824786,131.4204392607413,6.936715339668964,950.2789155550439,3204.9129685261228,10.48173534359142
2023-01-02 13:31:00,1900.5801160232045,53.31622509904178,32.45534441455526,130.46847143965536,7.443775448982993,966.0563985522817,3237.5585466221,10.52307294720276
2023-01-02 13:32:00,1900.9801960392078,54.03852280367899,31.015403647544307,131.17524993289715,7.241278505389607,961.1267470296583,3244.983207745415,10.511500181454108
2023-01-02 13:33:00,1901.3802760552112,53.78664597563563,32.60796196979999,129.96992983960627,7.334078309590416,960.5616960407289,3249.1401736271823,10.510664960614033
2023-01-02 13:34:00,1901.780356071214,54.54760074796731,31.639747530541484,131.3039539595768,7.273053415250423,959.5704708243727,3231.0645196661076,10.507119092255074
2023-01-02 13:35:00,1902.1804360872175,53.56341778949909,32.082786148144415,131.34109301183497,7.227811188761231,961.8163243030147,3259.921729267598,10.513835174085497
2023-01-02 13:36:00,1902.5805161032208,53.01468933612923,32.39079845040164,130.08035678936514,7.488712431039189,967.5215654960303,3257.406059375202,10.529983316542163
2023-01-02 13:37:00,1902.9805961192237,52.66614626011937,33.12800872930726,130.0578264399315,7.629451759155202,964.2153694504221,3275.6695298361983,10.548853990751144
2023-01-02 13:38:00,1903.380676135227,53.988998345660804,31.352500434299987,131.5963301399877,7.308129655084993,958.9447802479009,3237.3574191752973,10.512000000668284
2023-01-02 13:39:00,1903.7807561512302,51.83918621033408,33.23302006086116,129.41752528760153,7.760211574542333,971.255096176498,3286.4737425420935,10.568877461463465
2023-01-02 13:40:00,1904.1808361672333,53.36397602127938,32.55264230145478,130.9790124372996,7.384559161919625,962.3815438489507,3260.943223596776,10.519841493794198
2023-01-02 13:41:00,1904.5809161832367,53.826879275877836,31.283894227268767,131.59034068318795,7.196008650574586,956.6904894936663,3262.4874698300805,10.51870239079459
2023-01-02 13:42:00,1904.9809961992398,53.43208899060449,32.198149315397885,130.5411033195984,7.592076731028095,967.7201870909316,3255.042777348868,10.529139676648924
2023-01-02 13:43:00,1905.381076215243,52.292626724996445,33.36370527679389,129.9504926785201,7.658438456743256,970.5675103957162,3289.3503804324737,10.542289933060927
2023-01-02 13:44:00,1905.7811562312463,55.22801982028746,31.541359314860987,132.422220269682,7.007414399820946,959.6320407351542,3235.6978517961306,10.472148103470381
2023-01-02 13:45:00,1906.1812362472494,51.17388786787729,32.883493733539254,130.11615457106166,7.454648387974528,970.2896810720988,3284.1095009351957,10.541547253860113
2023-01-02 13:46:00,1906.5813162632526,54.50506068784447,31.392039706975012,131.95656263378476,7.30455717534685,956.5093796328013,3251.3616835288412,10.513279463699703
2023-01-02 13:47:00,1906.981396279256,52.561923225068554,32.8111612191302,130.70105551865288,7.6140964629688215,969.2067473428083,3278.970655480582,10.532439485147277
2023-01-02 13:48:00,1907.381476295259,52.33591814729497,33.377486415327446,129.32352236339042,7.699328563707708,971.1617954280894,3290.85393998504,10.578012998464539
2023-01-02 13:49:00,1907.7815563112622,52.480365149208275,33.41486431741199,129.38316623193217,7.484669993379453,969.8548353044639,3291.4032821110823,10.562621268851368
2023-01-02 13:50:00,1908.1816363272656,53.78029814156971,32.04982141011167,131.15778516715184,7.35763642449304,969.4591607080698,3275.6655965630175,10.516229219715878
2023-01-02 13:51:00,1908.5817163432687,53.35636303606669,31.91315703535549,130.70133176028614,7.5329745055795545,966.3107143481577,3262.323252529453,10.529441788764098
2023-01-02 13:52:00,1908.9817963592718,53.89848827773159,32.118589007006335,131.4039925498827,7.260024499984755,960.3672913155589,3265.8224741543727,10.521953975002518
2023-01-02 13:53:00,1909.3818763752752,53.14416451547047,32.479770398848174,130.05734726483885,7.655976215186668,965.928387035455,3259.0665712390037,10.52458675440409
2023-01-02 13:54:00,1909.7819563912783,54.477540752070674,31.794135137420866,131.07522653986072,7.271215613353875,968.8834111477587,3252.6451127631185,10.527511814351483
2023-01-02 13:55:00,1910.1820364072814,53.936905168052924,31.81385067448283,132.14056326224102,7.378544790516148,961.2104935916655,3246.9995404385763,10.512573135227777
2023-01-02 13:56:00,1910.5821164232848,53.93959677225732,32.15836076467909,131.67591269378184,7.343248523806466,964.4693939606951,3233.8396870723755,10.538376016715585
2023-01-02 13:57:00,1910.982196439288,54.965303217551636,31.279126840382357,131.40360266962193,7.346888595771314,962.4101866988304,3244.7162877368796,10.521387351859698
2023-01-02 13:58:00,1911.382276455291,52.35343211134025,32.911672868693614,130.56862832257687,7.638776148105707,969.9430019161862,3277.4339854640393,10.555540586543295
2023-01-02 13:59:00,1911.7823564712944,52.44554871588164,32.77795714454374,130.87267109036722,7.440135448253683,969.2640716504987,3262.4070943951465,10.533484051943576
2023-01-02 14:00:00,1912.1824364872973,53.15450062263002,31.828065739980925,130.83657740701656,7.39665804761799,964.0654460709735,3257.1653529078258,10.526955984666188
2023-01-02 14:01:00,1912.5825165033007,52.38174095776768,33.539709093850064,129.48094397138166,7.64735006908019,971.9831863180756,3312.6556991082152,10.555947547491693
2023-01-02 14:02:00,1912.982596519304,51.97624475099041,33.29594336076345,130.03034452701345,7.70177059335908,973.1742559302735,3300.678564104668,10.545273272377758
2023-01-02 14:03:00,1913.382676535307,52.212960998384744,32.92634325838735,130.34177453613043,7.564411599031142,964.4417690500293,3285.7296674935915,10.545051054428889
2023-01-02 14:04:00,1913.7827565513103,52.48299876959722,32.60980903505913,130.2289300401016,7.556596118177587,970.4569828118164,3285.8096291297265,10.553260156096933
2023-01-02 14:05:00,1914.1828365673136,52.4454401820131,32.749005834388626,129.7192324351162,7.494137865146483,967.5117037681329,3264.984480112659,10.526494883562735
2023-01-02 14:06:00,1914.5829165833165,53.02521588551047,32.03097589044078,130.8515086249467,7.1989545390288345,961.1692598787569,3251.853978903787,10.498331640231019
2023-01-02 14:07:00,1914.98299659932,53.715242471915786,32.03691884038212,131.1386714543518,7.3356369960306855,963.4215092799878,3252.45586592672,10.520690015537824
2023-01-02 14:08:00,1915.383076615323,52.2833064906104,32.842726351380314,130.56582876159746,7.642410057351555,967.2887822595245,3280.91499843216,10.557391467027207
2023-01-02 14:09:00,1915.7831566313262,50.377440586786946,34.38865935584732,129.9911446863756,7.814247745077435,972.185251795661,3305.8676319135434,10.571142295532944
2023-01-02 14:10:00,1916.1832366473295,52.76456929601983,31.61956636203068,130.300372768518,7.434976951454877,968.2215018854773,3268.6872374837376,10.513114296269384
2023-01-02 14:11:00,1916.5833166633327,52.26101669510065,32.49696140566793,129.99355592296362,7.373832639206309,969.839747426986,3284.8984722673795,10.55338409560749
2023-01-02 14:12:00,1916.9833966793358,51.25148942461667,34.417794617123796,129.53896633645007,7.769892057407919,975.6177005165663,3315.337860869957,10.580247937669476
2023-01-02 14:13:00,1917.3834766953391,52.94071826561587,32.518540904250855,131.553571655263,7.354174624496585,970.1269416609476,3269.5162398441007,10.537049096301986
2023-01-02 14:14:00,1917.7835567113423,50.70297897454189,34.046407792880565,128.79293196307245,7.661807597692399,975.3919915553168,3315.694287583994,10.59722470792167
2023-01-02 14:15:00,1918.1836367273454,50.68545107945643,34.029439600550496,128.046050559801,7.678695703846007,970.2130691074163,3308.160883407371,10.5834320899837
2023-01-02 14:16:00,1918.5837167433488,51.49726128998314,33.91080321672872,129.69273496624,7.5646170031708575,974.3443622885429,3294.9518338925,10.561402757177705
2023-01-02 14:17:00,1918.983796759352,51.63369908912379,32.84142708579716,129.42640555841433,7.575734734441764,967.3578423404417,3284.7436732395604,10.539579092343626
2023-01-02 14:18:00,1919.383876775355,51.81791298157829,33.40890929907836,129.94198965515648,7.522011668796347,969.5921513668119,3302.0904693176576,10.557196907700241
2023-01-02 14:19:00,1919.7839567913584,51.18742191169391,34.18073446285164,129.4722272528582,7.659086645734187,976.3092685375952,3327.607625802658,10.56348481522799
2023-01-02 14:20:00,1920.1840368073615,50.21214700099257,35.01631318410829,128.3334773429176,8.078789711363552,981.2572205020748,3312.1382170495663,10.58950880804395
2023-01-02 14:21:00,1920.5841168233646,54.06022212790351,30.61884894063534,131.60282049059654,7.37400025278897,959.9558958298637,3231.9389238826416,10.512715685215214
2023-01-02 14:22:00,1920.984196839368,51.27858160216147,33.98201608089477,128.8172822763965,7.861895097996944,973.5010555348316,3310.830120785551,10.576870776844457
2023-01-02 14:23:00,1921.3842768553711,50.858017828559476,33.66834099312309,129.1082978543909,7.753640497127143,977.243098005256,3296.980439056562,10.584025399452718
2023-01-02 14:24:00,1921.7843568713743,52.10222936879868,33.291620122130915,129.03272677540141,7.764084656684407,971.6813818652807,3276.2544207970586,10.541319546267019
2023-01-02 14:25:00,1922.1844368873776,51.940484986794466,33.10938731385273,129.499564380882,7.695340499561628,971.9558744515583,3288.707063262498,10.57671204521216
2023-01-02 14:26:00,1922.5845169033805,53.37230651153774,31.465975819620063,130.49650227657645,7.201799489643715,961.1392662797211,3250.6567373813286,10.531781918690154
2023-01-02 14:27:00,1922.9845969193839,52.198991086177564,33.14932366390946,130.30616190478534,7.662929868065812,964.3361346778748,3284.762970522224,10.542022554052014
2023-01-02 14:28:00,1923.3846769353872,50.75850141416913,33.882053488139604,128.89854746745718,7.7345845957622785,975.6142717765413,3310.4337590826954,10.605285947957531
2023-01-02 14:29:00,1923.7847569513901,50.16085708542815,34.06506824984068,129.61902258018094,7.767295289663583,972.5314881434373,3317.5088551288873,10.565240032025049
2023-01-02 14:30:00,1924.1848369673935,51.67185267463072,32.87617044999635,129.60178903196459,7.593726297295057,972.6794585144015,3295.625210880326,10.572351251194256
2023-01-02 14:31:00,1924.5849169833969,52.82849150925231,32.99582316596294,129.5927663757986,7.663548858283919,966.1098774622048,3309.136543730127,10.555140440233064
2023-01-02 14:32:00,1924.9849969993998,49.97486674794947,34.15267009713208,129.50674710145182,7.82988985723908,972.6481705131995,3312.08157733813,10.56445747447218
2023-01-02 14:33:00,1925.385077015403,51.65551633749555,32.8080266927172,130.31924491746454,7.685218298792727,963.4964455583654,3273.6783077535665,10.54026528609282
2023-01-02 14:34:00,1925.7851570314062,51.769427446995586,33.20783856271189,129.2472972785207,7.701914167721354,972.8209377395378,3308.3029137703024,10.549420828895174
2023-01-02 14:35:00,1926.1852370474094,51.08224197762156,32.76369292822869,129.13829137275343,7.642554390855937,968.4396013484461,3291.2737537799794,10.56591591578285
2023-01-02 14:36:00,1926.5853170634127,51.97906479728317,32.95089633744336,130.69673350595878,7.786172914312656,975.5090977530026,3292.1133825876495,10.552542701790516
2023-01-02 14:37:00,1926.9853970794159,51.79931745928987,33.628767741392146,128.70168392211923,7.684144944339009,973.2413004421303,3302.014691706943,10.542243295307514
2023-01-02 14:38:00,1927.385477095419,51.79294641548299,32.934562776941966,128.8418248734274,7.687522544736443,971.4210638999832,3286.9558836051883,10.549230733638904
2023-01-02 14:39:00,1927.7855571114223,51.76233201963621,33.66831651388919,129.92862746429807,7.66388420589872,970.8748559286643,3275.6408471923096,10.536949772603322
2023-01-02 14:40:00,1928.1856371274255,51.837528209099005,32.68258411733645,130.75224692788902,7.724478288239057,968.9049384684819,3284.029263353268,10.552175012449005
2023-01-02 14:41:00,1928.5857171434286,50.851999127344605,33.276156689166264,129.02505164308792,7.630748146557987,974.6628695573206,3293.5300664282913,10.569754153506487
2023-01-02 14:42:00,1928.985797159432,53.60724629839305,32.29394041827097,131.2257227324566,7.220049794663907,967.0019865003324,3265.6001268943,10.511980996044732
2023-01-02 14:43:00,1929.385877175435,52.7942912019859,31.65190349240337,130.71799988455356,7.317402813968775,960.875370917268,3250.513758132945,10.50891280215734
2023-01-02 14:44:00,1929.7859571914382,52.79962737831434,32.83858205046934,130.8289921230475,7.630210220597909,964.1077277730128,3282.9081162116813,10.53662588803878
2023-01-02 14:45:00,1930.1860372074416,51.00539146246927,32.86054581904859,130.22728934850088,7.68065731865205,971.350025668742,3304.682758314799,10.550611973414473
2023-01-02 14:46:00,1930.5861172234447,51.994448246581385,32.585783509784065,129.67833108519056,7.506451364737674,973.6411670660299,3282.174754732492,10.5399634308867
2023-01-02 14:47:00,1930.9861972394478,50.756402685219975,33.82313625617977,129.79456085272764,7.7236197580161425,976.7406943870656,3309.272248582687,10.562748043892615
2023-01-02 14:48:00,1931.3862772554512,50.664086701625095,34.11843594371057,128.7505529988172,7.649472250875169,979.3128697934715,3303.524629360656,10.591603051631743
2023-01-02 14:49:00,1931.7863572714543,52.650729503023584,32.85437939704217,128.96392538435828,7.360823395593967,972.8431331148068,3291.1141727774616,10.53863938455016
2023-01-02 14:50:00,1932.1864372874575,51.947512626377566,32.81956311958248,130.1760324191981,7.500807095142404,964.2716841851877,3261.718820660037,10.559928415475124
2023-01-02 14:51:00,1932.5865173034608,52.459315653720964,32.58212813986812,130.3604922856866,7.447453246362258,968.070219794171,3284.9902161891437,10.540926882998884
2023-01-02 14:52:00,1932.986597319464,52.31942169414891,32.2451621481313,130.97963110719837,7.421996799543014,965.3179617588354,3263.5970121904406,10.538873957114356
2023-01-02 14:53:00,1933.386677335467,53.50337572353083,31.600530883919355,131.73904785891708,7.174055306757573,962.4975781914409,3257.59744710659,10.525579185090601
2023-01-02 14:54:00,1933.7867573514704,51.106564103806626,33.85833872160656,129.01034402604887,7.85730818457771,972.4516998823278,3294.8266245131135,10.564549031246724
2023-01-02 14:55:00,1934.1868373674733,50.07610308508821,34.27731596150225,129.13437058759553,7.864505087919594,977.4687743534636,3310.4556764110016,10.571575885395763
2023-01-02 14:56:00,1934.5869173834767,50.3886756373424,33.77980202648256,129.15560163842738,7.66518917683719,967.6739681549612,3296.454977696961,10.575796677271077
2023-01-02 14:57:00,1934.98699739948,48.90047811290004,35.660578685797034,127.93634505337015,8.033707214867563,983.5581336580279,3309.869188509697,10.607619544710547
2023-01-02 14:58:00,1935.387077415483,50.77714526770388,33.787136888745174,130.5487278344269,7.819875834720779,974.4592024821792,3311.645949438922,10.566361552986391
2023-01-02 14:59:00,1935.7871574314863,51.172137469590304,33.97245951481897,129.28656214787725,7.747934191666875,974.5702065254251,3280.761019903933,10.577153057202091
2023-01-02 15:00:00,1936.1872374474897,49.67675916906974,33.905141519773146,128.53906682842447,7.758951938664877,973.0386192882848,3298.8183939629307,10.572470999138119
2023-01-02 15:01:00,1936.5873174634926,50.81127669441278,33.37173443729221,129.45321005886177,7.7212397322847615,973.4321529711467,3299.26535826276,10.576391013581341
2023-01-02 15:02:00,1936.987397479496,51.42959539240116,33.27713810668067,130.09867167795477,7.6272031261459805,969.5182656910914,3296.8318054455403,10.563438874786383
2023-01-02 15:03:00,1937.387477495499,50.380399590255244,33.61720949897618,129.3442299396708,7.763589022026113,975.2009955957138,3317.2498613406005,10.576832893716247
2023-01-02 15:04:00,1937.7875575115022,50.377473534750244,33.397449576769084,129.99046488148142,7.872851858754715,971.7780626650467,3302.0040354869593,10.569620781685556
2023-01-02 15:05:00,1938.1876375275056,50.12498798833475,34.35326382928066,129.66965068900646,7.897880985834671,974.261487242482,3328.808696373751,10.57596591418127
2023-01-02 15:06:00,1938.5877175435087,48.8375631322147,35.17802505870888,128.54518375564055,8.086308933115864,977.9720290158721,3354.2464749384276,10.630870403891684
2023-01-02 15:07:00,1938.9877975595118,50.5166029285421,33.702383606079096,129.0631697982507,7.599804645883704,974.8657606332501,3281.317968838745,10.570125543723035
2023-01-02 15:08:00,1939.3878775755152,50.59663487124032,33.83361911770128,129.31884973038842,7.8662033366069295,973.9142319688461,3313.0840120730977,10.603878941388086
2023-01-02 15:09:00,1939.7879575915183,49.69229327103247,34.02009545807586,127.86949620033599,7.959093492904503,975.8476941628069,3311.014272819768,10.593823897417405
2023-01-02 15:10:00,1940.1880376075214,51.7300367756749,32.7945204425349,130.7551959906849,7.6534003863972115,969.295109377142,3295.549536806859,10.539773881132597
2023-01-02 15:11:00,1940.5881176235248,49.86746581803834,33.512910104959154,128.10021741708834,8.083729610737503,972.0084001972524,3307.1111677800777,10.571195489994498
2023-01-02 15:12:00,1940.988197639528,53.48260445049549,32.19296173611726,130.3589274202564,7.240307300423,964.4243228081828,3261.222053674563,10.509191994694731
2023-01-02 15:13:00,1941.388277655531,51.47979044003162,33.22088450459415,129.89615656223725,7.385040152806983,970.0433905504198,3268.8937088878474,10.560187510539361
2023-01-02 15:14:00,1941.7883576715344,49.668163069326546,34.88430069042274,128.8261192455049,8.038422111903644,974.7531381961951,3325.499448614011,10.601631485623672
2023-01-02 15:15:00,1942.1884376875375,49.308103491748206,34.74593009027596,128.00770222069852,7.7933157721296045,976.1596406566567,3325.104591474132,10.580317092138685
2023-01-02 15:16:00,1942.5885177035407,47.681015300766326,35.952918600605805,126.74801985849068,8.114856309957334,989.4311668147628,3347.443271009234,10.622960995517216
2023-01-02 15:17:00,1942.988597719544,49.80896781219983,34.02138131548255,128.6343616562769,7.844479508263449,978.2861826425482,3305.4669404615847,10.592831106244143
2023-01-02 15:18:00,1943.3886777355472,51.19300069262432,33.644454449130315,129.54637443500278,7.728970432544852,974.9894067906522,3302.1614996131934,10.564332588323188
2023-01-02 15:19:00,1943.7887577515503,49.81336739281178,33.72532583539215,129.30021266100977,7.770753392095655,973.6427558778929,3324.413749447526,10.584027181000568
2023-01-02 15:20:00,1944.1888377675537,50.50739163269486,34.15815409688047,128.91100541124806,7.738955245601347,973.8518778040393,3321.6174011026555,10.580669177396782
2023-01-02 15:21:00,1944.5889177835566,48.78265845027552,34.87836196636253,127.69818302832033,8.018022865098128,977.4066714523195,3337.7558802651342,10.612148906329308
2023-01-02 15:22:00,1944.98899779956,50.473975392275605,34.31219070618378,130.00883545076087,7.699617536372298,975.7910377277015,3308.037832250325,10.57952947243436
2023-01-02 15:23:00,1945.3890778155633,50.740014544516576,34.14903935874086,129.30258245983202,7.85712705579178,972.4494833700693,3304.4306646117384,10.581020958045974
2023-01-02 15:24:00,1945.7891578315662,50.504000944715095,33.874191982071665,128.69649199995848,7.680957751144012,979.7095114150854,3290.6589248762234,10.589102108215895
2023-01-02 15:25:00,1946.1892378475695,50.24622372039314,33.56450116825245,128.62265805647039,7.6971425891590295,974.4101910009942,3308.110152947384,10.563911053198671
2023-01-02 15:26:00,1946.589317863573,49.928857420378286,33.61788001450021,129.06171986495966,7.587940400799056,972.5634960737717,3289.5982129694244,10.585761392407612
2023-01-02 15:27:00,1946.9893978795758,49.92629870419306,33.23268141386567,129.62319877576846,7.807797402851576,972.784894076087,3284.1271309785043,10.579968625748004
2023-01-02 15:28:00,1947.3894778955791,50.56348352683868,34.399636760662226,127.8625849728732,7.7009790790754025,972.0012900504685,3302.843723796477,10.563158077339457
2023-01-02 15:29:00,1947.7895579115823,49.46700267590409,34.49460286129008,129.33526047871243,7.942098159412928,976.7940054407068,3315.3571067894663,10.60531433560691
2023-01-02 15:30:00,1948.1896379275854,47.34105782165268,35.83206972991203,126.87882584977905,8.000683512056808,983.5590128590036,3353.699896112006,10.6424172468826
2023-01-02 15:31:00,1948.5897179435888,51.093544180528575,33.00711597118316,129.53197898902673,7.413495129625912,971.265467262112,3283.204476382135,10.55568034748141
2023-01-02 15:32:00,1948.989797959592,49.78193400459148,33.98809320589251,128.79461846055068,7.842416167594657,979.1261446060602,3322.602855879784,10.567263362292554
2023-01-02 15:33:00,1949.389877975595,50.39917835076866,33.65918128419663,129.42698396812324,7.670251214531486,973.9798834030669,3306.591354258055,10.563631957717693
2023-01-02 15:34:00,1949.7899579915984,50.46921703565757,33.501749245836095,129.60115663929253,7.656016661387561,976.5773229367082,3303.146820942714,10.572588091187338
2023-01-02 15:35:00,1950.1900380076015,50.43275745300037,33.55041472735739,129.56367778543787,7.774067312283544,972.5122363858746,3305.9422055204836,10.58083109202348
2023-01-02 15:36:00,1950.5901180236046,50.27750646108503,34.10911674249033,129.29313113873965,7.745338055606294,970.951882056796,3294.5347038918935,10.584780814582375
2023-01-02 15:37:00,1950.990198039608,48.50964561126346,34.678221508744116,128.54315607522938,8.040845837028762,980.5349518777547,3328.007416479141,10.610225678731046
2023-01-02 15:38:00,1951.3902780556111,48.36263307055945,34.190001286362424,128.32340812318995,7.9801593651445115,978.7252720824507,3336.186633230078,10.578023628389575
2023-01-02 15:39:00,1951.7903580716143,50.67967217474854,33.38592396718557,129.69826416163187,7.833379779496089,973.0842655934322,3298.8046882475082,10.562836995060938
2023-01-02 15:40:00,1952.1904380876176,48.227565213326045,35.67218162145087,127.41422281626629,8.230973674992075,979.3547659445439,3345.2584471246173,10.613951944818956
2023-01-02 15:41:00,1952.5905181036208,49.90763314046723,34.28324900305178,128.30372489026203,7.845013771397895,978.0726226474957,3325.6786503386256,10.598947165154497
2023-01-02 15:42:00,1952.9905981196239,49.73204798699571,34.29113221624587,128.11189163274548,7.932882030269273,972.2034524559767,3311.456633401863,10.592627951448991
2023-01-02 15:43:00,1953.3906781356272,48.00589840529804,34.6430230815917,128.96171859830787,8.074565898409073,983.2827773540278,3326.21512073808,10.614435732230167
2023-01-02 15:44:00,1953.7907581516304,48.653279502541814,34.58029857244291,128.17716002839416,7.905775376541449,977.814429328783,3323.2800432493177,10.604070146035294
2023-01-02 15:45:00,1954.1908381676335,47.82412952048841,35.43148476087266,128.26361833768672,8.128602996155339,986.6334895254873,3346.676994151647,10.615090175632007
2023-01-02 15:46:00,1954.5909181836369,50.16191817766216,34.06026492795769,129.37075071594717,7.8753395373660755,977.035645442047,3322.4204337160186,10.593845246438036
2023-01-02 15:47:00,1954.99099819964,48.97241985518461,34.92923099489895,127.2578354544911,8.004211355361974,978.3990659615814,3357.096808069253,10.591333999289077
2023-01-02 15:48:00,1955.3910782156431,47.36063717767235,35.749530729585665,127.41117236570051,8.184914184851221,987.0124865116564,3355.2489490936723,10.635189138642898
2023-01-02 15:49:00,1955.7911582316465,50.24260985450278,33.41832743355752,129.73956193039777,7.743502877476291,969.1997049260519,3303.4800518341262,10.58316339915714
2023-01-02 15:50:00,1956.1912382476494,48.48855786999861,34.48109791862483,128.18040170417052,8.01993475075506,977.2850413058705,3317.4722586302537,10.580683679674639
2023-01-02 15:51:00,1956.5913182636527,48.91838327412925,33.918407935631535,128.11484271946526,7.739305090571908,975.6627199207156,3316.361471880648,10.585671039026085
2023-01-02 15:52:00,1956.991398279656,50.12508138565503,34.07291942218157,129.700252510238,7.885214298620773,968.4217050167589,3300.909156945268,10.593433209176487
2023-01-02 15:53:00,1957.391478295659,49.95245410219158,34.430737589312926,129.21620431398796,7.70824000883399,980.0040650950381,3298.950499195588,10.590624311463191
2023-01-02 15:54:00,1957.7915583116624,50.16638512256387,33.22361909652218,129.4480043634393,7.6990156909550524,974.1273041125445,3287.977962138634,10.579979173991678
2023-01-02 15:55:00,1958.1916383276657,49.11766177350121,34.773480902629764,127.49175851712651,8.039587569922807,976.4668495846327,3336.3820169003375,10.612328276879902
2023-01-02 15:56:00,1958.5917183436686,45.50634858795549,36.64817882770014,125.23123535079924,8.255424993777163,994.9857247881941,3379.9875412257347,10.692538156474635
2023-01-02 15:57:00,1958.991798359672,47.014761385948816,36.20705928381761,127.0301864974021,8.215781857177108,983.6112606895344,3367.3444964354535,10.647484346165916
2023-01-02 15:58:00,1959.391878375675,47.226989354111225,35.406540309325166,126.88106820305138,8.25327435743155,986.9410858338998,3360.8771533684476,10.635205389327872
2023-01-02 15:59:00,1959.7919583916782,47.92190053556236,35.12228656008089,128.13797537579586,7.999574672328539,977.9125019001876,3322.85413699165,10.611777150962382
2023-01-02 16:00:00,1960.1920384076816,49.22799548412283,34.755207142799065,128.60241681673128,7.834777815143277,978.6155969950665,3322.214806793048,10.606322063951874
2023-01-02 16:01:00,1960.5921184236847,49.443423194165135,34.68795865122543,128.35938794927566,7.962389952905633,978.6272701720341,3317.8401423341106,10.591329887193721
2023-01-02 16:02:00,1960.9921984396879,49.54677020572547,34.22492692124959,129.73248935050177,7.745613176936216,976.4321715599467,3320.5760008799134,10.581071657049586
2023-01-02 16:03:00,1961.3922784556912,48.67045687115611,33.9012839053429,128.26835569217474,7.897501804497305,976.1094087809876,3311.356294719021,10.590553175312923
2023-01-02 16:04:00,1961.7923584716943,49.691671578178514,34.200874691802206,128.28496784316243,7.841082974870742,974.4094140989473,3329.3838488910515,10.569933455785781
2023-01-02 16:05:00,1962.1924384876975,48.18474206428146,34.552862071849624,128.7158142176674,7.898517346445758,977.0580500832264,3320.0412759783308,10.581322165382307
2023-01-02 16:06:00,1962.5925185037008,47.43882638127074,35.51146207585179,127.8891853956464,8.109743134996531,985.9240351233872,3342.4260637796774,10.607835413681496
2023-01-02 16:07:00,1962.992598519704,47.57876704120835,35.81429543901479,126.85615297643164,8.094073336094137,986.0165491475834,3333.617233331177,10.634519800779891
2023-01-02 16:08:00,1963.392678535707,48.9801906062041,34.15741672030762,128.5427824109858,7.95250869753432,978.9587020692833,3285.247240650471,10.605952273713202
2023-01-02 16:09:00,1963.7927585517104,48.64688283437705,34.31876278248643,127.87850204158879,7.794874635657635,976.9576472537102,3314.9842406330417,10.583307745873059
2023-01-02 16:10:00,1964.1928385677136,50.78322139140886,33.42174987390282,129.26613181574845,7.764906040220092,974.8654628865839,3278.697894482122,10.563397866881298
2023-01-02 16:11:00,1964.5929185837167,48.04815549344716,35.03772024717864,127.98387498646979,8.070001358139145,987.7367524819324,3336.480742609646,10.625277844844753
2023-01-02 16:12:00,1964.99299859972,48.20316586509169,34.981325129948026,127.08169245440153,7.876612086135396,978.3393940701271,3340.9279053545783,10.596313380158387
2023-01-02 16:13:00,1965.3930786157232,46.68613252630018,36.15731129190256,126.2753711381523,8.193953832690704,984.5363392124174,3379.237108223728,10.648347440906035
2023-01-02 16:14:00,1965.7931586317263,48.53066614733184,34.44502948585873,127.88905692335774,8.08176817751691,982.302017641732,3325.9210539440815,10.613176632053435
2023-01-02 16:15:00,1966.1932386477297,47.69191405527235,35.387756142499185,127.7438074214448,8.311531609028464,990.8310053470071,3355.518295833516,10.625820324783705
2023-01-02 16:16:00,1966.5933186637326,49.11029060338646,34.20635579987189,128.8376874773978,7.7480148018108315,975.5400318931344,3321.804539559405,10.598479080231698
2023-01-02 16:17:00,1966.993398679736,46.740693772035115,36.1820237339785,125.97773400068169,8.153594678110966,982.4303037579244,3365.1552962435576,10.646886993255718
2023-01-02 16:18:00,1967.3934786957393,51.078302409820054,33.65545770488361,128.55751825792208,7.508086651130915,970.0978339245887,3321.8606404298625,10.557212158699791
2023-01-02 16:19:00,1967.7935587117422,48.98582261669537,34.30200809295393,128.78660700963118,7.865810294519612,975.0408029955056,3321.921775187888,10.587293663579212
2023-01-02 16:20:00,1968.1936387277456,46.54284009967735,36.13493717578486,125.96302519722066,8.21606215388098,988.481736306482,3357.6426919850937,10.655985629408484
2023-01-02 16:21:00,1968.593718743749,50.43831632560176,33.42846310758064,130.0005166079975,7.749446045702844,975.0065903466916,3301.9560311120085,10.54840717164505
2023-01-02 16:22:00,1968.9937987597518,47.7576206707179,34.69307204975554,126.60235416619877,8.148647072597017,982.0188367004752,3336.530130444629,10.621588170315942
2023-01-02 16:23:00,1969.3938787757552,49.383203359705796,34.05620052066061,128.74599400591055,7.924801155567113,979.4795743924404,3315.5842195769865,10.57088693221162
2023-01-02 16:24:00,1969.7939587917583,46.35172917237762,36.21343884074743,126.76841304871466,8.478510952977617,988.4838946079844,3371.238300105678,10.659993994995492
2023-01-02 16:25:00,1970.1940388077614,48.48561290350529,34.79553125556124,129.1276755621434,8.12430359873977,976.4909954807603,3330.215820862268,10.616627358660265
2023-01-02 16:26:00,1970.5941188237648,44.51092504454395,36.66120480552781,126.05533933007975,8.530501349041442,989.3033292883235,3397.912293996045,10.65406363816681
2023-01-02 16:27:00,1970.994198839768,47.99635066685556,35.75295973078238,127.89953568274953,8.05800586583262,981.0427818508228,3363.4375454764263,10.602923447520844
2023-01-02 16:28:00,1971.394278855771,45.78641063822374,36.474688155328614,126.67028805324829,8.142067516341424,989.675348330812,3367.798049045718,10.645531058793484
2023-01-02 16:29:00,1971.7943588717744,48.423717359850805,34.235777839014304,129.19826751570355,7.779538766338862,976.2101104866854,3296.4811035241223,10.59406510311793
2023-01-02 16:30:00,1972.1944388877776,48.16160752195159,34.859497842666244,127.98860406596312,7.9167490584159,980.6203015491162,3324.198654235589,10.614278833162345
2023-01-02 16:31:00,1972.5945189037807,47.420206870285924,35.512950082343146,127.90549660986635,8.162998178450678,982.5969776503288,3345.0419050181104,10.639495222315706
2023-01-02 16:32:00,1972.994598919784,47.34411200753792,35.78584395384602,127.77787315463259,8.355249449478002,981.9719312657251,3357.728769771143,10.614294709472055
2023-01-02 16:33:00,1973.3946789357872,48.16168717023277,34.063650799664366,128.8088394391327,7.870134348546691,979.9771683781094,3327.83806458566,10.593200481565164
2023-01-02 16:34:00,1973.7947589517903,47.19967025360882,35.512217038479825,126.36065529408974,7.988083304197775,990.0384559155203,3351.1491596629617,10.645177537798467
2023-01-02 16:35:00,1974.1948389677937,46.70548784059453,35.72021027542293,126.48356847067348,8.077523362750082,984.3049175035853,3343.8918656173705,10.631275024360038
2023-01-02 16:36:00,1974.5949189837968,47.31274802419587,35.25759691328667,128.2161336740588,8.219575580871293,982.6722546001939,3341.8115998766393,10.634215092827125
2023-01-02 16:37:00,1974.9949989998,49.10206624763436,33.7309936943521,129.74760889039345,7.976924663298781,974.9145352762323,3319.092212502148,10.594849767893752
2023-01-02 16:38:00,1975.3950790158033,49.321651377039316,34.16535504220506,129.23728991095516,7.890758550720985,979.6694459893694,3288.2007138239774,10.579469728754486
2023-01-02 16:39:00,1975.7951590318064,49.0555742296337,34.781004693363954,128.3111505830767,7.7867414444258065,976.5482426072311,3344.7605220149803,10.602922266766734
2023-01-02 16:40:00,1976.1952390478095,44.04724570272213,37.35151465858072,126.37362459085402,8.568260599594877,991.971186902307,3401.216012723398,10.655700885349109
2023-01-02 16:41:00,1976.595319063813,47.844619844857945,35.086903913846626,128.3753517471888,8.084082475060336,977.7214381942891,3346.7730765084452,10.631112978530487
2023-01-02 16:42:00,1976.995399079816,44.59316420277431,37.580637515730814,126.09282034774544,8.58853938373982,988.3047582103997,3418.2294615728892,10.680638595323384
2023-01-02 16:43:00,1977.3954790958192,47.640867689302254,34.67577113980516,128.06253551170678,7.892869676046181,979.7157641171056,3329.475153572916,10.587543428473024
2023-01-02 16:44:00,1977.7955591118225,47.69672785599432,34.55394981306983,127.83675543018005,8.054894021872618,980.2598082986445,3344.557253140007,10.616019258251411
2023-01-02 16:45:00,1978.1956391278254,46.571763854480864,35.673158615858306,127.55162107624098,8.083466517976618,985.7244145063199,3336.9470507961437,10.624970566861538
2023-01-02 16:46:00,1978.5957191438288,48.63045460383256,34.13912631402646,129.50518086356638,7.903128278497409,977.4934150833546,3331.534167162954,10.596076670779503
2023-01-02 16:47:00,1978.9957991598321,49.81246250601504,33.94020274035411,129.6361904463798,7.927975387811635,973.1104499287213,3305.301646694838,10.560362563621469
2023-01-02 16:48:00,1979.395879175835,46.55365790047843,35.359118020659196,127.54752357165297,8.031491220537346,986.1876461813401,3347.514273921191,10.634277448533394
2023-01-02 16:49:00,1979.7959591918384,47.6084517590937,34.713456847917904,128.66077717432992,7.955976603898743,981.6200258604471,3325.5373525306622,10.597678275947025
2023-01-02 16:50:00,1980.1960392078417,45.105925520494814,36.55263570375042,126.2918911203423,8.4851959754766,991.8990298398527,3391.236278920254,10.639217845469695
2023-01-02 16:51:00,1980.5961192238447,47.98751444767476,35.070800369422976,128.2990438863363,7.938789229389129,978.1212489152754,3347.6361985282674,10.590439800723258
2023-01-02 16:52:00,1980.996199239848,45.25124359961411,36.08005018733401,127.57697842582593,8.238848770345635,986.5776621442271,3368.505482248115,10.650872471912514
2023-01-02 16:53:00,1981.3962792558511,48.72491849064686,34.76018869824653,128.30391689634692,7.891557775296461,976.4304423840534,3327.9797905878445,10.587599365721054
2023-01-02 16:54:00,1981.7963592718543,46.794405735725654,36.003434492891145,126.49082183042825,8.241598523529522,986.7879873337978,3360.108795505502,10.650472091133722
2023-01-02 16:55:00,1982.1964392878576,45.59305958353735,36.34858666324801,126.08901661343626,8.512762599788486,990.01519187372,3382.1622455323068,10.64976279466146
2023-01-02 16:56:00,1982.5965193038608,48.18390812959756,34.670402819965375,128.50002679216445,7.974502998051948,981.8386518043687,3327.9089536297824,10.588881608806894
2023-01-02 16:57:00,1982.996599319864,48.18254742000178,34.293323051520915,128.59006953074362,7.97952240895673,977.4966737141528,3309.3845090511595,10.595044540783245
2023-01-02 16:58:00,1983.3966793358672,46.95188574866204,35.26863934895621,126.89039426382377,7.962897569261336,982.2629835205952,3335.5134215712965,10.597128713587901
2023-01-02 16:59:00,1983.7967593518704,47.10026184469329,35.48378087016157,128.07715568743473,8.118109325651114,989.1146980590973,3355.8029121346117,10.621222387136037
2023-01-02 17:00:00,1984.1968393678735,47.61266596729073,34.79654433157176,127.47655695988676,8.006341784052122,981.7180437885977,3340.9571445683036,10.586613011335588
2023-01-02 17:01:00,1984.5969193838769,49.082518847719086,34.42048356607781,128.89014166589493,7.941198553739628,978.467450931814,3306.7727709037613,10.593414642531515
2023-01-02 17:02:00,1984.99699939988,46.668164248944876,35.77240490342589,127.38513416887585,8.230167146119088,989.7646780843459,3344.2038612606343,10.634263056446933
2023-01-02 17:03:00,1985.3970794158831,47.70507378687339,35.360407045885424,126.394225853921,8.001373433015356,981.3276215019104,3324.740275362445,10.627945089507875
2023-01-02 17:04:00,1985.7971594318865,46.316789450087256,36.30683202721574,125.84001203238067,8.241134527835523,988.4629935628917,3354.497519790447,10.634186532458406
2023-01-02 17:05:00,1986.1972394478896,49.24030550923906,33.61750720146407,128.94682151781555,7.787402015466492,969.4733206210807,3298.2806495174204,10.571154468028945
2023-01-02 17:06:00,1986.5973194638927,46.19777414812678,35.70692273304029,128.02749040602808,8.076330733122466,983.028698408351,3359.1185954169323,10.60997550925365
2023-01-02 17:07:00,1986.997399479896,46.918879453115686,35.12768965366744,126.60440212723715,8.306583473005743,982.4412203927141,3331.681460955248,10.62669256949587
2023-01-02 17:08:00,1987.3974794958992,47.146195275882114,34.953804750186414,128.14207972859708,7.989050644132632,984.6650156344635,3349.0616567451007,10.61513362866018
2023-01-02 17:09:00,1987.7975595119024,46.78591906629034,35.25347113806133,126.69757000464462,8.081793548582644,989.521138169588,3336.696535347825,10.616925069777734
2023-01-02 17:10:00,1988.1976395279057,42.77712588175291,38.350986387943806,123.65431505116997,8.63160420717688,997.4509856199652,3423.4441275636177,10.723779793037874
2023-01-02 17:11:00,1988.5977195439086,47.20976280704552,35.65488732261386,127.61801157010764,8.18252896230467,987.2680449153565,3369.043931796144,10.61780458040513
2023-01-02 17:12:00,1988.997799559912,42.75439089555475,37.549714627121,124.67522511917689,8.734428639163813,1002.6849402210754,3412.720397641012,10.7139681374181
2023-01-02 17:13:00,1989.3978795759153,44.574159869639516,36.75904706560392,125.40065893640534,8.254725494207772,991.5631885279811,3382.6724314920884,10.661661927120385
2023-01-02 17:14:00,1989.7979595919182,46.15161661860516,36.19033196798662,126.546458960381,8.40969085103065,986.6234004630061,3329.8151750904817,10.644527808647732
2023-01-02 17:15:00,1990.1980396079216,47.66883851469369,35.42537690937037,128.40502514777475,7.903635633008455,981.5128924749582,3335.3844799528606,10.591399179983387
2023-01-02 17:16:00,1990.598119623925,47.103343016377885,35.35011760380995,127.8967073457706,7.8014253232116495,980.4302352093033,3329.8739150918273,10.592636512236364
2023-01-02 17:17:00,1990.9981996399279,47.01595082130793,35.010138290873776,128.14376659606253,8.076452033106479,980.5203103554942,3352.847652638918,10.602676078433658
2023-01-02 17:18:00,1991.3982796559312,46.81286032886956,34.65389209313829,128.0040114417738,7.992018883936853,983.1877187366042,3330.0908555643264,10.589583931383798
2023-01-02 17:19:00,1991.7983596719343,45.93125316975427,36.262386739712454,127.3786571234837,8.195220779324696,986.9290256153697,3371.6425549765204,10.639458016036567
2023-01-02 17:20:00,1992.1984396879375,45.04696778642697,36.56873599296842,126.10061102794371,8.22007677537426,988.9774277120606,3391.1886134012116,10.648030822838987
2023-01-02 17:21:00,1992.5985197039408,47.85416329856559,34.748183001278434,128.8826232624368,7.886865022482345,974.3964762734463,3327.218170429719,10.59859781081292
2023-01-02 17:22:00,1992.998599719944,45.395581975365985,36.33602624923536,126.20928568876039,8.162048852017689,987.3772265090929,3374.386801444682,10.650510766580778
2023-01-02 17:23:00,1993.398679735947,45.96953932548376,35.97236848733775,126.8138755917872,8.392446396743564,984.3753276401011,3384.4246129592525,10.634708318192247
2023-01-02 17:24:00,1993.7987597519505,45.382485059876274,35.841319065891966,127.06095751369587,8.366638027998054,988.6117708110548,3374.0096571105055,10.652877578560487
2023-01-02 17:25:00,1994.1988397679536,45.32322808055707,36.569119374139795,126.33714203082174,8.268955559520991,983.1562694467766,3359.2862608692717,10.636469321703116
2023-01-02 17:26:00,1994.5989197839567,46.905751259740526,35.76521869121801,127.37420659042236,8.077491409013733,980.3581600408179,3332.9805540472366,10.640461086648143
2023-01-02 17:27:00,1994.99899979996,46.467732376351506,35.754112217235374,127.2371356640453,8.130506933563925,982.5717230246628,3358.3101699732556,10.616381590576994
2023-01-02 17:28:00,1995.3990798159632,45.41502377288727,36.19722568752292,126.71295342472985,8.385583722770217,991.1665399971678,3384.1415163381885,10.653756400598784
2023-01-02 17:29:00,1995.7991598319663,47.39805312698402,34.79463598932797,127.66926800294281,8.049655337073945,977.6784138219916,3331.253656189146,10.610929057001446
2023-01-02 17:30:00,1996.1992398479697,46.73663927994193,35.49367264921203,127.80267172806052,8.022373309199693,980.5397023423614,3335.214530609387,10.605932928039064
2023-01-02 17:31:00,1996.5993198639728,45.71714328674099,36.283068157562916,127.49848978022473,8.363452655431816,986.8295748138763,3370.5920509023813,10.651531895245755
2023-01-02 17:32:00,1996.999399879976,45.67011523017736,36.38175323062184,126.39274122480154,8.32200097539608,988.9113541144569,3362.244867851028,10.655591767282791
2023-01-02 17:33:00,1997.3994798959793,44.191870922551786,37.068124701386814,126.10687880705491,8.444167905696355,986.993375042413,3395.646000135774,10.665845286111635
2023-01-02 17:34:00,1997.7995599119824,46.14136590490226,35.70716751536731,127.17207277403325,8.181675963371253,984.9020071632007,3361.616945826603,10.640609370867383
2023-01-02 17:35:00,1998.1996399279856,47.588473250520295,33.85572534814947,128.72081787691883,7.734385236822903,976.3803127216759,3320.745751285602,10.600436438299017
2023-01-02 17:36:00,1998.599719943989,46.16942385663983,35.43611962412182,128.51716147830228,8.060013688590937,984.1174444076041,3348.6670258624604,10.60817355032127
2023-01-02 17:37:00,1998.999799959992,47.52146507490291,34.8046575269534,127.67659145505765,8.00696126721335,982.8150381538421,3337.9011745091807,10.585084671659388
2023-01-02 17:38:00,1999.3998799759952,45.56800969764427,35.032379418313745,127.65344938165268,8.050287443319263,977.4936402981797,3352.1384922440966,10.626101345535574
2023-01-02 17:39:00,1999.7999599919985,47.44562373090402,34.74834156951507,128.0520363515926,8.141052838237792,986.1198223725444,3341.2109220219595,10.631474723534948
2023-01-02 17:40:00,2000.2000400080015,45.68087690019511,36.081657541012135,126.92916914574865,8.206420938658738,989.2136222969712,3356.6313199033884,10.648445745237494
2023-01-02 17:41:00,2000.6001200240048,47.51593651795164,34.96061653262315,127.85685309334963,7.984935173827492,980.5698291128493,3324.4300833395396,10.604637051000894
2023-01-02 17:42:00,2001.0002000400082,46.089119167808384,35.11830567772773,127.24657524543733,7.992771875564658,981.3479335922312,3356.7650821094326,10.628377099705279
2023-01-02 17:43:00,2001.400280056011,44.71575510321497,36.210297416070695,126.64444720119172,8.295134714801527,990.340038134931,3378.2992555233354,10.658073400556894
2023-01-02 17:44:00,2001.8003600720144,44.7141969824218,36.70134801989534,125.58882763588055,8.425918977973248,992.2203204947709,3374.040645628943,10.644379352449798
2023-01-02 17:45:00,2002.2004400880178,46.36939245569458,35.42030537256609,127.2328967113752,8.05961564132678,982.0585405349269,3347.102173409713,10.625197873396097
2023-01-02 17:46:00,2002.6005201040207,48.42705951244346,33.515958248652396,129.6927673755938,7.711053997411678,975.9086231215225,3312.5300618150554,10.580047052434484
2023-01-02 17:47:00,2003.000600120024,45.66806135906449,36.19687726427258,126.55264328055299,8.30508483271297,993.0206276441278,3380.168390917875,10.645867196598685
2023-01-02 17:48:00,2003.4006801360272,45.69114134601042,35.80512707228597,127.70962493838874,8.128743934312395,982.6953365512411,3340.3200264629504,10.614899626572127
2023-01-02 17:49:00,2003.8007601520303,45.34823553858743,36.322245090101305,126.28361944576434,8.406102833701155,985.1030931765063,3392.2625017753844,10.64508483083525
2023-01-02 17:50:00,2004.2008401680337,46.06828984316555,35.26292984511347,127.99388687404037,8.085206129822199,980.6123869727913,3344.856624509472,10.61545782602804
2023-01-02 17:51:00,2004.6009201840368,46.60108806790005,35.113365222620764,127.81737884657797,8.116115309163838,983.846108467546,3338.289430624987,10.607276739586196
2023-01-02 17:52:00,2005.00100020004,46.98782935777735,34.54215514414643,128.22567791684355,8.032515368529044,980.3457438476015,3315.959484828551,10.603513606558046
2023-01-02 17:53:00,2005.4010802160433,45.99182171297062,36.255580322093046,126.62870068398401,8.39777601651306,984.8567807867308,3376.949422325796,10.653866313139511
2023-01-02 17:54:00,2005.8011602320464,45.2089508404761,36.24361878780655,127.07587835725253,8.277561690816757,990.1788164592529,3367.6190806796612,10.649711755160036
2023-01-02 17:55:00,2006.2012402480495,48.52482345906036,33.437381064825765,130.3069117008376,7.613354368393449,972.3923114428676,3291.1639735193585,10.57044422867034
2023-01-02 17:56:00,2006.601320264053,44.8291576585827,36.45168094914995,126.82799434190969,8.419744373462406,990.7082213347393,3374.6031846783812,10.643255148281181
2023-01-02 17:57:00,2007.001400280056,46.67422635598384,35.563903017887135,128.17137247909992,8.061912654109694,986.0598455271193,3337.7290082592995,10.60532110019753
2023-01-02 17:58:00,2007.4014802960592,46.21298002213364,34.72527597685454,127.68946957875909,8.12251625421994,981.5980658083068,3328.966770058036,10.619510194345976
2023-01-02 17:59:00,2007.8015603120625,45.716496637945205,35.77985488941441,125.87749349709632,8.080165388020495,987.5269001323653,3355.7577554460054,10.61960746639291
2023-01-02 18:00:00,2008.2016403280657,44.54546045800897,36.59267293423449,126.83528287539569,8.184261311645697,995.0144476742045,3375.5150540923314,10.65770259802419
2023-01-02 18:01:00,2008.6017203440688,46.40472564068183,35.039535563704874,128.80364427110243,8.028114047672123,984.6193767522062,3356.3668138440144,10.609063137397747
2023-01-02 18:02:00,2009.0018003600721,48.42365473186304,34.03191958474265,129.3648235741745,7.902372802504838,968.4174348199548,3302.1449389536356,10.577586869822397
2023-01-02 18:03:00,2009.4018803760753,44.02541732159173,36.9456098799343,125.39515198183221,8.419351840128702,993.8361275176298,3393.9580298835867,10.668364093032888
2023-01-02 18:04:00,2009.8019603920784,45.2704668091623,37.128348910310635,126.56148193113943,8.228993101848644,987.4083930753379,3368.879256294708,10.639919706258938
2023-01-02 18:05:00,2010.2020404080818,44.70629187734735,36.04304929385772,127.53903861525235,8.171744820835109,990.5355722893974,3367.1932691355673,10.644939679717732
2023-01-02 18:06:00,2010.6021204240847,47.57023319576955,34.479980023631576,128.53066095620625,7.722913671930236,978.1278131179181,3299.359011382078,10.595702183809703
2023-01-02 18:07:00,2011.002200440088,47.786133890809175,34.782884506654106,128.15422153500484,8.042618882361008,977.5181602858977,3324.667090791775,10.602272507629191
2023-01-02 18:08:00,2011.4022804560914,45.6154744585456,35.40373882543448,126.65398145633637,8.38875812800636,981.307921350487,3376.6748287378036,10.6485000353925
2023-01-02 18:09:00,2011.8023604720943,47.30793752978354,35.51009081790912,128.53026343465743,7.961900121377853,989.0074830835762,3342.06931616922,10.60002124500409
2023-01-02 18:10:00,2012.2024404880976,43.67603325970901,36.60703035465536,127.75409876486502,8.333093004155954,991.7260880510639,3406.004761076746,10.671792420329787
2023-01-02 18:11:00,2012.602520504101,45.38427397530382,36.31438172475163,126.36684328801603,8.195916652054388,986.4932418274094,3357.6406289711713,10.625047772677217
2023-01-02 18:12:00,2013.002600520104,46.02193978263395,35.78355357684541,127.53029055738847,8.084911554999524,980.8623016928663,3362.1447690487767,10.620934890668725
2023-01-02 18:13:00,2013.4026805361073,44.78464994525694,35.83252852880615,127.20595238096851,8.27312574278541,987.9954185355919,3365.3634384622906,10.644075405990803
2023-01-02 18:14:00,2013.8027605521104,45.310514124226,35.84239677083588,126.90250724476581,8.221587740523756,983.7979819059939,3363.1712169572097,10.622319786736686
2023-01-02 18:15:00,2014.2028405681135,46.54479180334151,35.48959526509676,128.07192021536653,8.25915149317655,983.1484009841002,3344.513891311938,10.597765005569691
2023-01-02 18:16:00,2014.6029205841169,45.75560169291615,36.35925577457464,128.5738620586335,8.035153116266242,979.248803582994,3359.2055428600443,10.64092907164012
2023-01-02 18:17:00,2015.00300060012,43.857568146669436,36.927936855184754,126.66582002854199,8.319668106922974,986.4016132045599,3375.232120414626,10.642727292729333
2023-01-02 18:18:00,2015.4030806161231,45.40974870912329,35.05772453512681,127.56896030474888,8.130303659456578,987.3584619300041,3341.792433623952,10.612719241498686
2023-01-02 18:19:00,2015.8031606321265,44.81387110152237,35.53904396593076,126.22370614748586,8.227523364624203,983.715606820951,3362.803705458939,10.652112122129076
2023-01-02 18:20:00,2016.2032406481296,46.48566600953394,34.55387065417413,128.44687134099058,7.961958560310046,981.106365835058,3342.9378446329774,10.601035495333658
2023-01-02 18:21:00,2016.6033206641328,42.86702962906663,37.22747632290156,125.77672070992556,8.454163663324525,992.5353745940149,3384.091004611024,10.680388641261628
2023-01-02 18:22:00,2017.003400680136,44.45401641152852,36.204340843326406,127.01228521561583,8.329413908713333,991.498159562158,3367.091194267769,10.641631104512205
2023-01-02 18:23:00,2017.4034806961392,45.969013514422805,35.931176700955355,127.14807751822431,8.220259176125513,985.5016654041491,3353.4659199739467,10.632267081364432
2023-01-02 18:24:00,2017.8035607121424,44.25599808659693,36.83369054438648,125.81772582611872,8.389581948650656,991.171732262324,3363.900801280498,10.675477349853708
2023-01-02 18:25:00,2018.2036407281457,43.41052502583426,36.38204456864331,126.28012104627783,8.325331888611188,991.5067905762296,3380.468535600679,10.657846881503438
2023-01-02 18:26:00,2018.6037207441489,43.33640271262567,37.28808225193996,126.17149185043344,8.642897585070445,992.5839028419955,3401.812918849923,10.686975001664614
2023-01-02 18:27:00,2019.003800760152,46.86039396171471,34.600149378641014,128.54700817956063,7.970742784425693,976.5335402584368,3348.521557130479,10.603093911859911
2023-01-02 18:28:00,2019.4038807761553,44.462177768915005,36.56606305912368,126.3965485820517,8.475896527753664,988.6339377868325,3372.4581568483986,10.655122701300025
2023-01-02 18:29:00,2019.8039607921585,44.45727633704047,36.544886966839904,125.99487741187713,8.218718519881133,984.4981932388454,3373.029307096778,10.65707322381529
2023-01-02 18:30:00,2020.2040408081616,43.87978735945368,36.43195383747466,126.24256760782495,8.316563829791253,983.880088497671,3373.964432470053,10.645999447026734
2023-01-02 18:31:00,2020.604120824165,44.50688297645099,36.004471087128124,126.34553394132256,8.201494422874699,989.9957506680207,3371.696047493024,10.644070780255236
2023-01-02 18:32:00,2021.004200840168,43.64231589354684,38.02960546703049,125.78881406787013,8.561153878862832,992.7636921215869,3391.9055983945173,10.669235272418574
2023-01-02 18:33:00,2021.4042808561712,45.53391552502035,35.76371129081725,128.32285680210097,8.202758904692558,987.6510005668837,3353.454325541152,10.636741875879412
2023-01-02 18:34:00,2021.8043608721746,45.685846607848404,36.079598041165305,126.8613915048617,8.285314541439712,989.1033140743853,3366.1279342999637,10.648915922887022
2023-01-02 18:35:00,2022.2044408881775,41.807086939771104,37.736142882606885,124.76766402855623,8.694778450803577,1001.6238867192341,3430.6640561077816,10.726087792774981
2023-01-02 18:36:00,2022.6045209041808,45.022372294084455,35.76592428185796,127.83989281904257,8.212962830889422,985.5398299663768,3347.3749874048394,10.62240384905846
2023-01-02 18:37:00,2023.0046009201842,45.770238011317744,36.191396449773684,127.38125731983259,8.261231799294814,983.5467349857372,3361.985212404379,10.630606157390632
2023-01-02 18:38:00,2023.404680936187,42.06648361387761,37.67360438709645,126.16069497395844,8.519633768259148,997.2581170630783,3400.681372369908,10.688348110505512
2023-01-02 18:39:00,2023.8047609521905,45.53650960201362,35.448276910543214,127.32010260126113,8.296667994388324,981.3810541119982,3340.2194405744776,10.61117600673925
2023-01-02 18:40:00,2024.2048409681936,46.740657239055906,34.3803215366035,128.32911015354316,7.87679846717581,978.7258319303036,3331.097126046284,10.599738926400493
2023-01-02 18:41:00,2024.604920984197,44.020443142404346,36.35012130634978,126.19954539362439,8.386658080627202,998.5296741548702,3379.7854560013334,10.648892307533847
2023-01-02 18:42:00,2025.0050010002,45.488711930838285,35.287352808970276,127.03875786712038,8.212513031317917,976.5172909955184,3344.2674568458183,10.6135297346662
2023-01-02 18:43:00,2025.4050810162032,44.5283145307112,35.89287648910273,127.06526931871335,8.1494433286043,988.6517766597981,3364.9512160301183,10.625025408827371
2023-01-02 18:44:00,2025.8051610322063,45.128714960560636,36.439898253313956,126.96812079490384,8.255891811140925,987.5263404253276,3377.1352377136354,10.63656554946469
2023-01-02 18:45:00,2026.2052410482097,44.50479562192372,36.2888630143382,126.62492314303408,8.210037783986857,986.0203749002071,3363.186284594895,10.643011826861127
2023-01-02 18:46:00,2026.6053210642128,45.684959663786344,35.49851736688197,127.55255482863697,8.050917517733568,987.2858727554758,3359.58531562495,10.623900808706141
2023-01-02 18:47:00,2027.005401080216,44.37434349841042,35.78480256881408,127.30901966685886,8.282679585693304,982.7567996351755,3368.305920994387,10.628810106086561
2023-01-02 18:48:00,2027.4054810962193,46.84047531653135,33.4988200833876,128.4874791210468,7.570754324285866,982.02322587498,3315.633143078525,10.599274426073505
2023-01-02 18:49:00,2027.8055611122224,45.06339847261239,35.59861157286409,127.82362067915095,7.96350592544345,986.7206884226323,3348.967402201834,10.620725459818631
2023-01-02 18:50:00,2028.2056411282256,43.16323630229365,37.304929813350626,125.0553336604307,8.60485627830434,992.9820743669062,3417.9774278940745,10.684296786054785
2023-01-02 18:51:00,2028.605721144229,46.13278491951877,35.55674261088341,127.03548352308617,7.973337458008802,977.9703211757982,3346.617373316486,10.629603362363584
2023-01-02 18:52:00,2029.005801160232,43.922787581356104,37.4435758263058,127.1811443486765,8.288680162792424,987.9071743367354,3376.949534934049,10.650301132928321
2023-01-02 18:53:00,2029.4058811762352,45.58037530343191,34.54546557370976,128.20671318604184,7.973188589590396,983.2577430679997,3323.957461882438,10.587373003383995
2023-01-02 18:54:00,2029.8059611922386,43.72240135460207,36.96543282418828,125.9976916890834,8.47905761197953,997.6847865086415,3391.214499157669,10.66132024759021
2023-01-02 18:55:00,2030.2060412082417,45.235033931634284,35.625855891497885,128.01825403447953,8.244373174834857,984.8771293323272,3342.5027394436256,10.638165956451466
2023-01-02 18:56:00,2030.6061212242448,43.64126058434347,36.44233501816343,126.59519415614737,8.407720298412963,991.6745549791124,3387.3373204066993,10.64464058451793
2023-01-02 18:57:00,2031.0062012402482,45.6403149661299,35.17263479398678,127.40588273947125,8.011052079502612,982.3110107989265,3335.8978923517925,10.629134121381435
2023-01-02 18:58:00,2031.4062812562513,43.05703932433698,37.13782401815582,125.08284927716166,8.602057273000458,994.3611519497574,3406.759918049716,10.65686539151738
2023-01-02 18:59:00,2031.8063612722544,45.2160445137333,34.440346407332996,128.2509486290077,7.965390280167304,978.1034164493157,3330.3442930279152,10.609022905238634
2023-01-02 19:00:00,2032.2064412882576,44.63667716665706,36.03258372560688,127.36721388252504,8.043041307968034,992.9483608085297,3388.983451970475,10.65685229363735
2023-01-02 19:01:00,2032.606521304261,44.427472268371766,36.594901201526895,126.44151595272257,8.511288472903319,987.6046493528033,3380.258303659846,10.666479801227434
2023-01-02 19:02:00,2033.006601320264,44.44433924711809,35.96392937655573,127.58644646786799,8.201207475224374,988.1914484707867,3341.141053374042,10.626720543552102
2023-01-02 19:03:00,2033.4066813362672,47.24628274444907,34.1682290821286,128.69328495430827,7.850818039837952,976.8879722963443,3313.978026198452,10.590242498208857
2023-01-02 19:04:00,2033.8067613522705,46.57020121540509,34.99733990974495,127.48994994202155,7.964749808445793,989.4621013728811,3344.5426852510454,10.630591873566177
2023-01-02 19:05:00,2034.2068413682737,44.41786324708077,35.99451971398245,126.80871574146352,8.274520897773126,986.4620163950809,3358.9944974097702,10.66123739578622
2023-01-02 19:06:00,2034.6069213842768,44.26287659924833,36.62961478302577,126.02575503033945,8.321946571667468,988.6635369742818,3369.182345049963,10.65808451322643
2023-01-02 19:07:00,2035.0070014002802,44.34449151835295,36.26708972943599,127.43090966405092,8.212961531526012,985.9795164891668,3343.8455840397964,10.638208400808967
2023-01-02 19:08:00,2035.4070814162833,43.118184611678956,36.656165032383,126.81167995876476,8.648725239527236,993.8065327709097,3402.789849418874,10.677719018644629
2023-01-02 19:09:00,2035.8071614322864,43.05978754039463,36.80421282825079,126.60958767718076,8.077774255587371,996.1495579569123,3405.5306742944426,10.664261897601854
2023-01-02 19:10:00,2036.2072414482898,45.43789018031981,34.95447414628078,126.25814881029781,8.084241087056755,989.5061419474146,3341.0933219173953,10.64648814324741
2023-01-02 19:11:00,2036.607321464293,44.684157490335636,35.2760790501617,128.233655094761,8.145299950894632,982.3096578748822,3352.6222405362996,10.643391858542078
2023-01-02 19:12:00,2037.007401480296,45.651172340315355,35.21483400265694,127.35508360093496,7.99511444065373,985.9188153812771,3344.101846090763,10.60712346797994
2023-01-02 19:13:00,2037.4074814962992,44.13144945549935,35.834070511115016,127.0487714673528,8.079563727689465,981.4497444079219,3363.767749815992,10.634017558457801
2023-01-02 19:14:00,2037.8075615123025,46.0626611572904,34.72226876446042,127.94951461850047,8.015504242609548,980.0869386311626,3330.673396719303,10.609442820254566
2023-01-02 19:15:00,2038.2076415283057,43.07631447178816,36.68296254016635,126.04498972518441,8.1899604391857,988.2363628142724,3386.2636966907303,10.678577050090315
2023-01-02 19:16:00,2038.6077215443088,47.42151382377082,34.35923592152182,128.90786369879868,8.014011429182183,976.9280042050783,3304.939552488704,10.589511841143867
2023-01-02 19:17:00,2039.0078015603121,43.84896835252897,36.78351030397615,127.0003652502328,8.369059406180199,986.8014975599598,3370.228849097944,10.676363206268569
2023-01-02 19:18:00,2039.4078815763153,44.31820361901483,36.52159518658112,126.96435438606281,8.312614316182835,988.2135995396458,3380.1182970991313,10.647067346685134
2023-01-02 19:19:00,2039.8079615923184,43.322893227375694,37.004073765458465,126.28901044337256,8.387680451538131,994.8766912557679,3388.6511825101848,10.659759364023621
2023-01-02 19:20:00,2040.2080416083218,44.42052720762384,36.00568185780687,126.84411816835424,8.167266720662779,983.9443178575353,3361.211685791407,10.64985300745369
2023-01-02 19:21:00,2040.608121624325,46.84603157872881,34.596638555394065,128.04857515037938,7.879906738949281,976.77836317727,3337.3603162999775,10.594217012867679
2023-01-02 19:22:00,2041.008201640328,44.60284137365019,35.798454973587106,127.31375938911626,8.216692941838172,988.8149064462309,3347.3764183270623,10.636365215933683
2023-01-02 19:23:00,2041.4082816563314,43.42830078710522,36.37097497036199,126.79595449050146,8.278908560640545,988.2661877156079,3364.402498949099,10.643531136228164
2023-01-02 19:24:00,2041.8083616723345,46.36094732540692,34.587311646298,127.73872325938117,7.951869345326187,976.5199894809781,3331.762000882891,10.598354705858823
2023-01-02 19:25:00,2042.2084416883376,45.31073979983269,36.031074222191116,126.64981103727939,8.235839559234005,984.3872775983032,3368.543128334662,10.621812372386968
2023-01-02 19:26:00,2042.6085217043408,43.741814938080346,36.3982236076281,126.45455960860704,8.293349086748057,992.2106410093321,3404.6435461869733,10.663135252535152
2023-01-02 19:27:00,2043.0086017203441,45.25109149512006,35.341771887576584,127.05508576317958,8.231607272532354,986.9692551643021,3332.3382312597064,10.623034405139308
2023-01-02 19:28:00,2043.4086817363473,43.00131801538115,37.50191107952994,125.47434481689713,8.672600592991023,986.7752264066281,3381.8981873150756,10.65716243052959
2023-01-02 19:29:00,2043.8087617523504,43.77570659733214,36.10913614673924,126.38277255951412,8.465934565268638,989.2110019278397,3379.8680210138677,10.640824691135872
2023-01-02 19:30:00,2044.2088417683538,41.95625909406937,37.481418445651315,125.81870191701036,8.574682406030464,995.6530675528394,3388.241063822715,10.692843126416356
2023-01-02 19:31:00,2044.6089217843569,43.533555688486416,35.8490496229745,127.57310830412075,8.154485237814269,981.5972918374651,3347.1931407017664,10.634960818528752
2023-01-02 19:32:00,2045.00900180036,43.84252935311365,36.483270021199495,127.17017361716248,8.444794089399702,987.8322126637775,3369.47041809544,10.653739718899514
2023-01-02 19:33:00,2045.4090818163634,43.46160973237765,37.5876555054914,124.88560375104629,8.468944894614932,993.8509263763258,3406.361773946851,10.684219406102727
2023-01-02 19:34:00,2045.8091618323665,42.85972441967573,37.02694327329031,126.36014595075252,8.5038156267647,987.5079733228067,3381.117878030143,10.643670125457337
2023-01-02 19:35:00,2046.2092418483696,45.79249475687464,34.4310846654714,128.52196716765067,7.915614725735833,977.0107587792269,3346.02973267926,10.595174773536007
2023-01-02 19:36:00,2046.609321864373,45.0810622534788,35.66175560633562,126.95092193032289,8.025341720447136,982.4893189331302,3361.764115538978,10.63752195551431
2023-01-02 19:37:00,2047.0094018803761,46.518439842246174,33.972279365743354,129.84021254192314,7.841462527734651,974.7420508449483,3321.316402634208,10.581653264748862
2023-01-02 19:38:00,2047.4094818963792,41.79086489351783,37.0262083942928,124.31497078328742,8.551255308009729,990.6830049441753,3425.396791629185,10.6991600499979
2023-01-02 19:39:00,2047.8095619123824,45.308621487393594,35.13966499775394,127.70077346547335,8.334739593259703,982.255391477569,3336.8991754183985,10.62304540876513
2023-01-02 19:40:00,2048.2096419283857,44.659056142510615,35.19864912740817,127.06185846936654,8.23832534001436,982.8429928990433,3351.593785151859,10.628167128494304
2023-01-02 19:41:00,2048.609721944389,45.208234517840324,35.64433144082766,127.64535920449298,8.29447936313331,979.5169087329263,3339.5243895416907,10.603415554475186
2023-01-02 19:42:00,2049.009801960392,47.14220618281662,34.08264462652303,128.90424495476793,7.716475043036638,978.3797306563027,3309.876394223377,10.579326984221856
2023-01-02 19:43:00,2049.4098819763954,44.112892911751175,36.00353217921342,126.36348163299186,8.189123801488753,990.6530442321475,3378.520868072351,10.655398864802073
2023-01-02 19:44:00,2049.8099619923987,42.957426623355964,36.80341003206851,126.43603609921145,8.685977492494846,987.1515969548926,3393.8399156740948,10.660661510266948
2023-01-02 19:45:00,2050.2100420084016,44.81108990812426,36.10205884695319,127.31150076266151,7.980536653929839,983.6506080371669,3349.690921330169,10.647344366695414
2023-01-02 19:46:00,2050.610122024405,43.383230866816845,36.198539225015395,127.00465445402929,8.43142741018128,989.6371575490966,3383.4235995786976,10.644682737586228
2023-01-02 19:47:00,2051.0102020404083,44.17882900021103,36.120973168106715,126.65243784417652,8.258197953204064,989.7701777324332,3350.5756016184714,10.6236138870369
2023-01-02 19:48:00,2051.4102820564112,44.63828440613588,35.87934024264999,127.18774129799456,8.123751695275,987.4766842482012,3378.0072047365925,10.638256185428538
2023-01-02 19:49:00,2051.8103620724146,44.860325185473314,35.51108078447095,127.40298998473256,8.30588763254607,984.8726062530297,3367.6694657669404,10.647903997053142
2023-01-02 19:50:00,2052.210442088418,43.159880324034134,36.820727655353075,125.98708345478337,8.537150385210875,990.7276529184318,3396.423183197558,10.651529951397993
2023-01-02 19:51:00,2052.610522104421,45.370087149435996,35.262710072499935,128.59890073002296,8.02098708848063,984.0368991418478,3332.192883309734,10.620552077268242
2023-01-02 19:52:00,2053.010602120424,45.89460548826073,34.52916495217689,128.91850737161263,7.8780304827665235,975.0971300939655,3308.1449471884725,10.581922711178619
2023-01-02 19:53:00,2053.4106821364276,44.94818200575373,35.53756834710681,128.41003952799932,8.15935640381579,981.4646765743358,3366.801825138515,10.641503427940693
2023-01-02 19:54:00,2053.8107621524305,43.732848341807994,36.13182802717636,127.06717079544406,8.193586633184413,989.1780240857775,3360.903808657985,10.645931674906475
2023-01-02 19:55:00,2054.2108421684334,42.883361004939516,36.91989817202023,126.36398313931343,8.234060594489733,988.0354786744417,3378.4847853604315,10.6641928163238
2023-01-02 19:56:00,2054.610922184437,46.057648857249745,34.34183164290815,128.56576935803116,7.782631314962917,971.7004593791639,3319.5193494690566,10.599493092834868
2023-01-02 19:57:00,2055.01100220044,44.75050472059751,36.05014924883549,127.2274198020348,8.309091015199606,986.2251767492036,3354.1562945397063,10.64321539612703
2023-01-02 19:58:00,2055.411082216443,45.22021714518934,35.81895537452603,127.98211293389211,8.028387078147123,984.7079950449802,3347.6708461198427,10.645959467860493
2023-01-02 19:59:00,2055.811162232447,44.7447366518277,35.98861014401071,128.0975935499014,8.067709736215338,988.6381192748175,3368.4671355281453,10.631170627238264
2023-01-02 20:00:00,2056.2112422484497,45.55267635507113,35.14814239343971,128.54505908049546,8.018084214522945,983.8201823030104,3341.650581388384,10.598410234412036
2023-01-02 20:01:00,2056.6113222644526,42.532953578173355,36.80670878219674,126.43735228928621,8.415150567957525,994.5914978139036,3367.8131781949555,10.661377964333097
2023-01-02 20:02:00,2057.0114022804564,43.89195847863217,36.017099647583905,126.60735926124389,8.059670751016938,982.4887488056441,3351.395959326973,10.642924783595923
2023-01-02 20:03:00,2057.4114822964593,41.169454142795644,37.695787832148284,125.16624954796204,8.574275746187629,997.42986089461,3404.359546744405,10.68416863348388
2023-01-02 20:04:00,2057.8115623124622,45.28721235263116,35.43494400287317,128.19407163311777,8.047212027767936,983.1307760353002,3337.9024842046956,10.606511265025462
2023-01-02 20:05:00,2058.211642328466,43.06980570244788,36.1966279126196,126.12025280445367,8.265865681928487,987.6438136505811,3356.185697676837,10.65412042244097
2023-01-02 20:06:00,2058.611722344469,43.49250254410431,36.83961989928746,126.46325298300282,8.379836326872294,989.7713997339679,3372.780484387147,10.675580725049297
2023-01-02 20:07:00,2059.011802360472,45.59107768137089,34.74229843189665,127.9192516768186,8.330302618249386,985.2674325928575,3340.1098289506253,10.604883191968991
2023-01-02 20:08:00,2059.411882376475,44.9303846685305,35.52860891303032,128.32903902666808,8.111489660835282,986.8634010397141,3344.927822200261,10.608924394377576
2023-01-02 20:09:00,2059.8119623924786,45.057179226811186,35.411967377305146,127.6844096419511,7.945057930166778,985.8199229123854,3342.6322096431422,10.63548952529632
2023-01-02 20:10:00,2060.2120424084815,44.478174460556325,35.61843633656177,126.561247197223,8.263272661714456,983.0728421920415,3366.9349628802597,10.635813188677512
2023-01-02 20:11:00,2060.612122424485,43.83448625906471,36.23419920989446,127.28277645250567,8.352562973687984,991.8511671469485,3360.579810628593,10.6253798571974
2023-01-02 20:12:00,2061.012202440488,44.71629931656652,36.49094974760964,127.4471909001611,8.364804716091454,985.4769887850166,3347.8573284011923,10.638054151066745
2023-01-02 20:13:00,2061.412282456491,42.008934114627884,37.11732264895631,126.85183596627245,8.547342015023013,989.8000050306147,3419.075254610604,10.684371547234356
2023-01-02 20:14:00,2061.8123624724944,42.325846922513065,36.820991410584206,125.53773556497755,8.443936487524727,993.5473908905004,3390.3933475051504,10.67546733497507
2023-01-02 20:15:00,2062.212442488498,45.033312155503324,34.78696666881803,127.18613935016265,8.059849699489924,981.2848090668449,3337.4929449208007,10.608302029257533
2023-01-02 20:16:00,2062.6125225045007,44.39482479346378,35.39302645543454,127.75665260957163,8.05048580968011,980.7300528490243,3348.1807277728185,10.623937898850002
2023-01-02 20:17:00,2063.012602520504,45.065446273011254,35.405460784742566,128.2304808966533,8.15801049234849,982.1830552659037,3323.819125794075,10.632781063436827
2023-01-02 20:18:00,2063.4126825365074,43.4799822518216,36.24301388531989,126.95203894002093,8.406458420639273,995.9457721562811,3374.733298119341,10.647883920755374
2023-01-02 20:19:00,2063.8127625525103,42.98255753663227,36.987286267269674,126.45775986747898,8.148923957240525,990.1582944895268,3367.524856553179,10.644268654523572
2023-01-02 20:20:00,2064.2128425685137,45.37974649498915,35.005346579491835,127.82739405800768,8.056113030116975,985.6750216674757,3349.3377301158625,10.620458506968875
2023-01-02 20:21:00,2064.612922584517,43.49957627389125,35.98971352251899,126.53900623799755,8.428420854881063,991.8792684120848,3382.592599348419,10.649072365539975
2023-01-02 20:22:00,2065.01300260052,44.87769461781764,35.65494332020858,127.1337631269808,8.02074613001219,982.4535985725345,3364.131901727415,10.609710050433458
2023-01-02 20:23:00,2065.4130826165233,42.85949462307884,36.546515249482624,125.73501488237362,8.391256652858242,987.7118652595594,3399.971467519301,10.660743181985303
2023-01-02 20:24:00,2065.8131626325267,43.49963352128414,35.95942205450906,126.65304379163591,8.097572873477686,987.3051173470243,3366.141474610966,10.644320611341795
2023-01-02 20:25:00,2066.2132426485296,42.141578547614245,37.23414756258262,125.73848407081523,8.459147395202745,993.8672727570907,3390.430956319937,10.669551662444592
2023-01-02 20:26:00,2066.613322664533,43.90279966239614,35.38677900618382,127.58697207818642,8.177295261641214,989.1467217422563,3344.5759178631097,10.624240845352888
2023-01-02 20:27:00,2067.0134026805363,44.28645529936265,36.22557556672659,126.92231232406245,8.129374220546717,984.7609471155916,3370.5758381835394,10.637390623225492
2023-01-02 20:28:00,2067.413482696539,45.79023255382224,35.01623006273245,127.78639745089048,8.02039381103204,980.6768439132981,3335.6402201572473,10.624103071485376
2023-01-02 20:29:00,2067.8135627125425,43.398684198187325,36.38418131224753,126.77683300079059,8.392382544593199,989.5291664134063,3374.7509637629323,10.678628462173872
2023-01-02 20:30:00,2068.213642728546,45.92400902408046,34.99987038048707,128.0271333245748,7.9103670603302625,979.5951480522383,3322.6278448337807,10.616650580093184
2023-01-02 20:31:00,2068.613722744549,44.588107821300774,36.716220036399456,126.51002095229661,8.33642398401796,989.1318269843403,3360.4156409980565,10.641806185216778
2023-01-02 20:32:00,2069.013802760552,47.105288555069414,34.01054172420414,129.08604239059838,7.921025041962994,976.2046642932046,3318.332005278296,10.572087445799163
2023-01-02 20:33:00,2069.4138827765555,43.60039397868359,35.86559506624984,127.32125123804137,8.21627805062804,990.8690080775027,3372.9166436340593,10.637851477396426
2023-01-02 20:34:00,2069.8139627925584,42.740430527965955,36.269009660498746,126.88798465695257,8.069687579934891,987.5172294494517,3367.5776185364066,10.660535992512749
2023-01-02 20:35:00,2070.2140428085618,43.18934727113342,36.47497873271713,127.15098940607645,8.315213127150066,984.794661564657,3382.076073626276,10.666761254435597
2023-01-02 20:36:00,2070.614122824565,44.72388031060911,35.567412417476696,128.19477217378676,8.135991706578777,980.2533121222946,3360.699763194291,10.630469902766535
2023-01-02 20:37:00,2071.014202840568,43.902920704901646,36.184523247723966,127.32256895840197,8.104438313819935,984.7151718148551,3370.2586005429584,10.633050767756098
2023-01-02 20:38:00,2071.4142828565714,45.47580390138156,35.07084801147555,128.16653625767532,7.924980647370771,971.383708539155,3335.883086030771,10.60314139544985
2023-01-02 20:39:00,2071.8143628725747,45.1798899405046,35.24625509905749,126.74744087712914,8.005134069667317,979.6347852843855,3337.9522588300474,10.627958235778495
2023-01-02 20:40:00,2072.2144428885777,44.39507559899537,34.66085255967787,127.33488320117561,8.027291790101808,984.1010815772461,3360.2801803620223,10.609216474196925
2023-01-02 20:41:00,2072.614522904581,43.834954234699666,36.31823884393272,127.04973701538954,8.296589462833252,984.3995194054901,3389.389643505889,10.63683570838558
2023-01-02 20:42:00,2073.0146029205844,45.7064594470775,35.10020350404542,127.49091451637807,8.022269958718367,982.6245987642129,3342.170590289039,10.609439733379444
2023-01-02 20:43:00,2073.4146829365873,43.1662900723577,36.28697428722217,126.73281956410473,8.384102241831057,985.5473356095297,3369.424799659233,10.63682598806471
2023-01-02 20:44:00,2073.8147629525906,43.559274125382935,36.25233418732152,126.34032440279547,8.251882705059096,987.8423690054993,3359.871176668129,10.653715272222652
2023-01-02 20:45:00,2074.214842968594,44.11952842293246,35.8694544782863,127.562991700834,8.257608990220904,982.8420861671607,3350.2554077833024,10.615865649554054
2023-01-02 20:46:00,2074.614922984597,44.733165982329645,35.36728534118304,127.22126996025807,8.274203441828325,984.7460879558242,3353.6945721764614,10.633014461303416
2023-01-02 20:47:00,2075.0150030006002,46.20596471181156,34.266509244268974,128.90910557850188,7.95472887378919,973.6371117750762,3321.223222699504,10.59545097504764
2023-01-02 20:48:00,2075.4150830166036,44.03359538792408,36.26299179816268,127.4718033024689,8.277376731650122,989.5806959465654,3352.3292433106994,10.6553349977043
2023-01-02 20:49:00,2075.8151630326065,42.25050358002974,36.3411291353607,125.47855741283725,8.332459884861262,989.4691204508171,3385.930897550779,10.667843132276195
2023-01-02 20:50:00,2076.2152430486094,45.77711450485441,33.95602779403469,129.72257650714812,7.8267231699305855,971.9741894944922,3307.0828360531295,10.592869680443293
2023-01-02 20:51:00,2076.615323064613,45.2139026758641,34.62345879706855,128.08854706596853,8.023130668449046,980.9370288580582,3315.9602512322763,10.610474332414046
2023-01-02 20:52:00,2077.015403080616,44.61657875128632,34.82375124429139,128.2231703644268,8.141829576387773,982.6303401397196,3345.3048591192,10.61082302082914
2023-01-02 20:53:00,2077.415483096619,43.902272650448445,36.088810366712025,127.52604160566035,8.366576055825083,985.2807480017927,3376.2251097521944,10.631839221572454
2023-01-02 20:54:00,2077.815563112623,44.957349679893305,34.77072582970358,127.75909113500452,8.048168321513595,979.3635623012606,3339.1139229632504,10.619086161715362
2023-01-02 20:55:00,2078.2156431286257,45.23008573207146,35.29285636845888,128.6691558793391,8.079152085642646,973.1015127032216,3337.1768634083523,10.617180336166788
2023-01-02 20:56:00,2078.6157231446286,44.41453774277012,35.827942502551494,126.33779869383224,8.310326750067109,984.7129387181317,3374.2152766613926,10.622116706205095
2023-01-02 20:57:00,2079.0158031606325,45.566069094571354,34.75579024989552,127.77897373065674,7.9623168739296455,977.8382747724579,3321.5185150820093,10.599524302563506
2023-01-02 20:58:00,2079.4158831766354,44.28073619607183,35.49682200512496,127.00946334486343,8.125856553311188,984.0227091520095,3361.2491146966076,10.630893437311146
2023-01-02 20:59:00,2079.8159631926383,44.02347620587241,35.41472046417172,126.89910899534456,8.200359199759196,981.9665008003582,3347.0905556153084,10.640200063077712
2023-01-02 21:00:00,2080.216043208642,43.84327412081197,35.57290225286773,126.77925408316896,8.190479273562284,985.5789873213618,3350.722452090635,10.623290847916401
2023-01-02 21:01:00,2080.616123224645,43.64381957049587,35.54789673285636,127.69846218893328,8.15593872285377,986.8577675251042,3354.153834158637,10.638756711309252
2023-01-02 21:02:00,2081.016203240648,42.77851944495671,36.36865798784926,126.39613955282474,8.278417501455703,989.7289091687328,3386.1926905271885,10.648867980085354
2023-01-02 21:03:00,2081.4162832566512,45.06768848055062,35.37701862651812,127.76712519359155,8.088761314584012,979.2756450964177,3347.053517368731,10.611485475919041
2023-01-02 21:04:00,2081.8163632726546,44.32756462076076,35.94322352665644,127.61971631602033,8.299981216462196,983.0615181750877,3358.2915918912263,10.643344058480254
2023-01-02 21:05:00,2082.2164432886575,42.711815222120606,35.896167846489064,127.48693837777866,8.196399538718948,978.5840124857302,3361.131898361429,10.636491212377862
2023-01-02 21:06:00,2082.616523304661,43.83847303994946,35.75437009236477,127.90380656949743,8.066808361317836,987.1885650795447,3358.381341433295,10.644404137463033
2023-01-02 21:07:00,2083.016603320664,42.56115379667213,36.29537138252053,126.32704850520601,8.137596733473156,992.0339694131129,3376.758640773709,10.66173442170835
2023-01-02 21:08:00,2083.416683336667,43.53381707606401,35.49373092549935,128.06009656557185,8.041527078661725,978.7586443308509,3362.983827123606,10.636847400414698
2023-01-02 21:09:00,2083.8167633526705,45.28574146617725,34.555440289555904,128.11047292022573,7.891770262477251,983.6342627136031,3338.385052470037,10.603531924323566
2023-01-02 21:10:00,2084.216843368674,42.257810509366756,36.576511342203666,126.61366714608077,8.282542902090123,992.918547219241,3383.17579013503,10.640990235833854
2023-01-02 21:11:00,2084.6169233846767,43.160479519722216,35.819087861458506,126.963140339036,8.159183457508227,983.3616221397173,3374.4437290654887,10.663647979798366
2023-01-02 21:12:00,2085.01700340068,43.539749276725225,35.872055932504345,127.4431114491266,8.220332217298813,992.8760874513313,3361.3829110363813,10.64137186086887
2023-01-02 21:13:00,2085.4170834166835,42.399850608745105,36.222442258351926,127.37772090102838,8.44484460440418,986.1513048973724,3355.3809297563316,10.658346514607734
2023-01-02 21:14:00,2085.8171634326864,43.18670124685733,35.875817370726566,127.47912777626503,8.289285063887375,984.3628912869949,3361.654982781216,10.65686220683807
2023-01-02 21:15:00,2086.2172434486897,43.911595577506475,35.17022024665871,127.83797509109259,8.099815421155991,984.2341519065751,3375.626433728595,10.645510262415092
2023-01-02 21:16:00,2086.617323464693,43.97284498819501,35.35553214511699,127.39177834502946,7.99452262532247,983.4202356748709,3351.0106097714706,10.624489689968245
2023-01-02 21:17:00,2087.017403480696,46.54834242853366,33.50761200722452,129.1153204616847,7.9761701180948625,970.5432957269093,3301.1965550410546,10.571481858082386
2023-01-02 21:18:00,2087.4174834966993,43.29692912554842,36.139241269355026,126.86028452848717,8.121218067598651,986.2531105228745,3375.589879846246,10.645278256400264
2023-01-02 21:19:00,2087.8175635127027,44.51942396407338,35.437613720234076,127.76876334611136,8.212839738068869,979.6164391954695,3346.611470445885,10.640086546676958
2023-01-02 21:20:00,2088.2176435287056,43.00005634166685,36.5683295843677,126.5002515541996,8.293541129521108,990.9276522878006,3386.8359713304726,10.648703464022713
2023-01-02 21:21:00,2088.617723544709,42.50917577743245,36.36496731260927,127.55331447743899,8.38640666564655,992.7125481660671,3380.003257060309,10.661199005131156
2023-01-02 21:22:00,2089.0178035607123,43.209241121092504,35.836877070976946,126.83423541935001,8.315557040108132,985.0653580231894,3373.792674606133,10.616911650542274
2023-01-02 21:23:00,2089.417883576715,43.625538820431046,35.56623275121819,127.73272249703356,8.144627341073337,985.8049815080674,3333.9814167695163,10.612937227000314
2023-01-02 21:24:00,2089.8179635927186,44.23434292656654,35.31414504640298,127.56304015801653,8.274094858109276,983.793290680863,3343.636243630535,10.630960485509872
2023-01-02 21:25:00,2090.218043608722,44.744889758874585,35.403249025912984,127.62778889497486,8.385657106135985,986.3612948690018,3337.2764783614907,10.63138932077928
2023-01-02 21:26:00,2090.618123624725,44.48995790533429,35.11284916376643,127.81743971972679,7.914157393762345,981.9225139336571,3347.8941890307965,10.61549318558754
2023-01-02 21:27:00,2091.018203640728,42.808149110550545,36.25866727491296,126.51194354718272,8.374554663335445,984.3977799903525,3377.5270397479853,10.643034627455494
2023-01-02 21:28:00,2091.4182836567315,44.37528372545925,35.34344675633429,127.7655839973437,8.216774358139604,983.348638383926,3347.8814052013813,10.614977168861685
2023-01-02 21:29:00,2091.8183636727344,44.656018597036926,35.21286247001734,126.80822608329224,7.988745719436679,983.2952392295039,3331.660895288782,10.638211528313235
2023-01-02 21:30:00,2092.218443688738,43.32071659236307,37.270738926293205,127.33444243186298,8.380998416404767,988.9376558819366,3389.684804207073,10.659672390439333
2023-01-02 21:31:00,2092.618523704741,43.955120763207425,35.237161822222234,127.67863285396295,8.044799804377998,983.1796818777361,3345.9940608428456,10.616048708920943
2023-01-02 21:32:00,2093.018603720744,44.547587449866185,35.04193943885739,127.12802039489785,8.19358743270216,979.1699036198049,3354.824375017763,10.642414459104058
2023-01-02 21:33:00,2093.4186837367474,44.66931874741841,34.62615385209988,127.47753017736683,7.965401730697096,978.2500681378057,3304.0124352476555,10.585653172575435
2023-01-02 21:34:00,2093.818763752751,44.19850227594578,35.211443582251356,127.49366823418993,8.17373915116547,985.9839701726419,3360.050852938708,10.635816572288654
2023-01-02 21:35:00,2094.2188437687537,44.615469438649235,34.92950135872642,127.90333649618208,7.925071057160089,984.6223369963004,3334.3250019044654,10.595680632695162
2023-01-02 21:36:00,2094.618923784757,46.399504867468536,33.38234497512115,129.27968172808713,7.989964515763361,972.0715957668896,3318.7711381310023,10.569716032364934
2023-01-02 21:37:00,2095.0190038007604,41.735303815386175,36.99687060395134,125.9072915691113,8.469183235880342,987.4980917891916,3397.6853335616292,10.677934818117716
2023-01-02 21:38:00,2095.4190838167633,44.55314828941651,34.9415368348887,129.244879667508,8.22516446635107,986.5306358605733,3335.7319439513503,10.62335435305813
2023-01-02 21:39:00,2095.8191638327667,44.48385541906435,35.34012774954603,127.46746104244671,8.041555167479759,977.5040433414013,3338.0380511998305,10.612852374434535
2023-01-02 21:40:00,2096.21924384877,45.83530100953628,34.22495181409874,129.04999373030134,7.989084990477482,975.2279943854056,3327.8797878531855,10.585538737167717
2023-01-02 21:41:00,2096.619323864773,42.50615856001433,36.520101823155706,126.89855752206715,8.303590131239305,985.9750421648893,3354.1914137910358,10.660515929787204
2023-01-02 21:42:00,2097.0194038807763,43.644837862929016,35.98891216253998,126.60244258307532,8.297072470183005,984.8155359063766,3365.825664013349,10.639189077861264
2023-01-02 21:43:00,2097.4194838967796,43.76145042386234,35.88800471841299,127.08310886217204,8.081612925717549,983.4505106475804,3343.6981493557387,10.646443498106063
2023-01-02 21:44:00,2097.8195639127825,44.29167742920468,35.32643170374088,128.89682863598745,8.180466490103802,984.9749109166944,3335.345048759019,10.617652696905035
2023-01-02 21:45:00,2098.2196439287854,42.43861907270874,37.32289744514949,125.74481224536966,8.376988510072225,994.5679376497324,3378.4614182231285,10.676407528819986
2023-01-02 21:46:00,2098.6197239447893,45.806665168410824,33.34744850659482,130.47635223314148,7.68272785692985,968.3612308488956,3320.3831277975496,10.581022055308754
2023-01-02 21:47:00,2099.019803960792,44.55345640387907,35.42602554237006,127.74314953504829,7.953169285326379,977.4193939619555,3344.0136541515185,10.635362713102998
2023-01-02 21:48:00,2099.419883976795,44.33665267999824,34.93563310807009,127.95592306256225,7.964841295552635,977.7408954051587,3318.7709667689983,10.60683019442095
2023-01-02 21:49:00,2099.819963992799,45.70878825222513,34.482593352263436,128.35745438971662,7.869418281128318,975.6852160014781,3314.9778689834675,10.582758711807768
2023-01-02 21:50:00,2100.220044008802,44.32816521065838,34.95735211997049,127.18326408290446,8.147490806151898,984.4433631916569,3338.2607142286865,10.610346949873469
2023-01-02 21:51:00,2100.6201240248047,44.924865792185436,34.79663088825982,127.20534277258389,8.093969285347866,982.8779937110106,3342.707188636878,10.603877363151474
2023-01-02 21:52:00,2101.0202040408085,45.066308039601665,34.660603685023354,128.0133686978004,7.9108350589577086,983.7275339876173,3320.829020630062,10.632330013222663
2023-01-02 21:53:00,2101.4202840568114,43.22006328210786,36.827518414561574,126.87032009183076,8.402621678439935,987.6093570704587,3362.114031677715,10.677622048293546
2023-01-02 21:54:00,2101.8203640728143,46.805409896855416,33.430792205274756,129.7790061438822,7.7383558756868105,968.7714671615387,3310.335433637656,10.566913288497727
2023-01-02 21:55:00,2102.220444088818,43.51293004748972,36.030897574768595,127.2907025986687,8.096598475763553,983.7934563827317,3349.730660616691,10.617451614488441
2023-01-02 21:56:00,2102.620524104821,47.01177095621604,33.161015472200425,130.8978638886627,7.55377200443029,964.176958413777,3282.6700991347952,10.550634403400549
2023-01-02 21:57:00,2103.020604120824,43.845710180770695,35.43191280965581,127.09611400998521,8.087295155103295,983.9125122552762,3365.849138831968,10.627212841398068
2023-01-02 21:58:00,2103.4206841368273,42.06617944751016,37.46994681474628,126.20336862180669,8.65918677848617,990.8890960008272,3409.6795672971534,10.654601675606047
2023-01-02 21:59:00,2103.8207641528306,44.9583366851394,35.482745430983236,127.25583606590652,7.973057547342246,987.2197964708319,3338.3356900204158,10.614358965607583
2023-01-02 22:00:00,2104.2208441688335,44.223698768304146,35.14396892419081,127.59851196810985,8.246864503377209,983.4151099164683,3340.3134639395225,10.632348402360146
2023-01-02 22:01:00,2104.620924184837,46.33030898499453,33.97546508109251,129.27059959438586,7.722257598772859,980.984755098503,3309.707068106241,10.572549155780537
2023-01-02 22:02:00,2105.0210042008403,42.2276692024338,36.792782279208275,126.26286172694843,8.32904633463841,991.6795246704548,3403.4321139754747,10.657736794251587
2023-01-02 22:03:00,2105.421084216843,46.3396134053663,34.258026563740096,128.98054754349926,7.857180107176441,977.4803352063284,3302.4177513443938,10.589656852519715
2023-01-02 22:04:00,2105.8211642328465,45.26775536904488,34.79322759855009,128.15108447960338,8.00056384481363,979.8272800997923,3316.166229167668,10.600177681930413
2023-01-02 22:05:00,2106.22124424885,45.84322351241534,34.33508069487083,129.08073842118534,7.917387604742542,972.6184034923776,3322.5901659383644,10.58512928019917
2023-01-02 22:06:00,2106.621324264853,44.83756978097313,34.36241476228836,128.9819223657531,7.969697143374806,981.7668440974605,3321.3291753492617,10.595243247351808
2023-01-02 22:07:00,2107.021404280856,45.63981434637471,34.39980252859394,128.7878155362475,7.958297714892192,979.8746167594861,3324.4117056621826,10.608751284008537
2023-01-02 22:08:00,2107.4214842968595,45.312458238539506,34.13150998533071,128.9937637832985,7.940156125310311,977.3100521743744,3321.6484009150768,10.606711628282692
2023-01-02 22:09:00,2107.8215643128624,43.94670802366385,34.773608035759196,128.09348832026097,8.004209308375623,977.7137365297464,3340.2151195170522,10.60577217570893
2023-01-02 22:10:00,2108.2216443288658,45.624033662565985,34.6523186648754,128.29766608778553,7.876689485148215,972.8260645524114,3318.0970512378476,10.609928459932242
2023-01-02 22:11:00,2108.621724344869,44.75054722036905,35.00099815490821,128.34976896408895,7.9799523452393295,979.0283870039538,3328.262596605657,10.603376478411477
2023-01-02 22:12:00,2109.021804360872,45.48481292674366,35.09088674231045,128.81291049382287,8.035185256228786,980.9360374953985,3314.1594251270426,10.601544516374277
2023-01-02 22:13:00,2109.4218843768754,44.27695389290075,34.83888147481718,127.88173444721274,8.088866185986028,981.1791261662876,3334.771261464817,10.619290558526817
2023-01-02 22:14:00,2109.8219643928787,45.68000554322015,34.975245616496736,128.41949936625323,7.998247805069535,981.0239697032126,3331.8111153734067,10.59139904116387
2023-01-02 22:15:00,2110.2220444088816,44.92569852071365,34.70858951389862,127.55431564079633,7.988285822792681,984.1110351912758,3327.6517951791466,10.607121467274887
2023-01-02 22:16:00,2110.622124424885,45.69489163915549,34.05808358121976,128.30560057759146,7.7155524702374265,978.1815330880794,3317.1861307857007,10.596284755778832
2023-01-02 22:17:00,2111.0222044408883,45.919289530198995,34.180741284454236,128.67132634956553,7.855788116124651,979.2170065673786,3317.7205202796927,10.593244423209772
2023-01-02 22:18:00,2111.4222844568912,47.24474535974425,33.06677798733477,129.79142487338132,7.545069786296427,971.5444249496859,3286.356555717351,10.555268590562594
2023-01-02 22:19:00,2111.8223644728946,47.47898118987538,34.26638975779271,129.69916512256793,7.8561544642369325,975.4127133141061,3305.7758807286846,10.58513312453472
2023-01-02 22:20:00,2112.222444488898,45.87474925871728,34.32380034376511,128.45470027057533,7.919254647237917,979.4350821586619,3322.961968311552,10.591245102855435
2023-01-02 22:21:00,2112.622524504901,44.60515741183614,35.034439269675985,128.66142572038783,8.120749909970966,981.8394244082962,3323.8172984524476,10.60833107397821
2023-01-02 22:22:00,2113.022604520904,45.71124947158653,34.06794141325641,128.74015509601176,8.085686810576515,978.1340275894204,3306.9352133548005,10.591402423873706
2023-01-02 22:23:00,2113.4226845369076,46.060394174861976,33.54273545924485,129.1938504568693,7.879579410018493,985.5785587214518,3320.631159409638,10.584555785754146
2023-01-02 22:24:00,2113.8227645529105,45.96592385874244,33.668523108396556,129.0741028206239,7.644839133744876,973.0189845640409,3305.7531017294896,10.566527612101051
2023-01-02 22:25:00,2114.222844568914,45.398150356289946,35.41626737218727,128.09780757988446,7.963205840962915,973.1875758241116,3322.122481355782,10.61646044073177
2023-01-02 22:26:00,2114.622924584917,44.63807442995179,34.652827291361,127.73731372068727,7.831525690199822,977.0063647715469,3316.0318253959495,10.600427505392584
2023-01-02 22:27:00,2115.02300460092,44.82078649695242,34.52454779614941,127.65539533048457,8.154854022187523,983.1203521350826,3340.653634983137,10.597976682568985
2023-01-02 22:28:00,2115.4230846169235,45.95156537957552,33.84293922229378,129.35942979717126,8.051989680731449,976.8035706692476,3319.4216718893435,10.583656788011982
2023-01-02 22:29:00,2115.823164632927,44.45541736347018,35.4289971314563,128.65065655622973,7.898866572174119,979.3108014948872,3329.127202793244,10.61557138615708
2023-01-02 22:30:00,2116.2232446489297,45.985920580935314,34.40819971778522,129.38886125663495,7.775561069641218,976.713420019092,3312.906483201176,10.57174911788992
2023-01-02 22:31:00,2116.623324664933,45.30103827756148,34.5656428459773,129.1787286014178,7.824987260974504,979.9882601207235,3321.9691388754363,10.588855467030315
2023-01-02 22:32:00,2117.0234046809364,45.502638991077525,34.63809661195429,128.8762064652541,7.765875557660249,977.9994910413053,3307.184386905889,10.577818738227895
2023-01-02 22:33:00,2117.4234846969393,44.98550536853648,34.98559888260281,128.06661016136593,7.808589507228272,983.4513205873421,3329.048012870386,10.597773667828958
2023-01-02 22:34:00,2117.8235647129427,47.7335114679819,32.44796147722838,130.17008204947393,7.555953424067251,971.7969115797249,3268.527631710237,10.527106094694556
2023-01-02 22:35:00,2118.223644728946,45.84499699954227,33.51257313040213,128.47473014463426,7.616479093936256,975.7199050641933,3291.0324147943156,10.57013427213992
2023-01-02 22:36:00,2118.623724744949,44.90081196302584,35.18566129318506,128.39075417576922,7.989851431966839,979.941323885026,3335.4222812230596,10.58936945088259
2023-01-02 22:37:00,2119.0238047609523,42.54217031773691,35.940283297140375,127.15723433740291,8.135087643728696,990.1761491412803,3363.854987221905,10.643614987220007
2023-01-02 22:38:00,2119.4238847769557,46.829856146903396,32.426728511699864,130.48690836129344,7.3479387197025,965.2226248528481,3264.5247358672227,10.549941763174676
2023-01-02 22:39:00,2119.8239647929586,45.912064713836244,34.23667257775007,129.22165198983873,7.7550153402334825,971.9639906876042,3320.8044978983457,10.570092595420618
2023-01-02 22:40:00,2120.2240448089615,45.24398182154928,34.416633248557225,129.18123255180322,7.768114411431526,974.4668633260344,3317.9210414171926,10.596036737322374
2023-01-02 22:41:00,2120.6241248249653,44.915960003443054,35.22403434126742,127.94496039532437,7.993340950768081,979.4435592579038,3327.0189871851953,10.617995485014156
2023-01-02 22:42:00,2121.024204840968,44.625829086119474,34.939651738927815,128.00882924588436,8.126753554372788,978.953922254461,3350.2221091184915,10.603081301714234
2023-01-02 22:43:00,2121.424284856971,44.195967265073435,34.930364231299876,127.99152845449504,8.02261483365088,980.4326364260016,3337.306091859805,10.62133909977859
2023-01-02 22:44:00,2121.824364872975,46.01473031892138,33.852811958059874,128.342407662743,7.783062479620696,975.7811808795885,3296.474636756212,10.577482713441807
2023-01-02 22:45:00,2122.224444888978,46.68648525012413,33.40603674320978,129.56027309838478,7.724312577621274,976.7271066239177,3297.066452765415,10.553739167550235
2023-01-02 22:46:00,2122.6245249049807,47.10307568828359,33.350375806539866,130.46308684845096,7.54742044655107,969.6873523128542,3294.731874897823,10.552299810073386
2023-01-02 22:47:00,2123.0246049209845,45.23131419581509,34.588172365958755,128.26231319403823,7.908593578109238,982.1833886717181,3323.2338218521786,10.601312279142123
2023-01-02 22:48:00,2123.4246849369874,44.08816112129485,35.4638918385151,127.24270285732437,8.053318338716258,983.4599957438245,3350.8363826260043,10.618185767860496
2023-01-02 22:49:00,2123.8247649529903,44.81089232707057,34.99090988638297,128.2858772942918,7.850866924683155,982.4054091808607,3315.2233667236424,10.613512844201052
2023-01-02 22:50:00,2124.224844968994,44.442971629018,35.12173198643358,128.35783733941682,7.953918980216334,986.9322488119891,3332.8357858041986,10.607409118345794
2023-01-02 22:51:00,2124.624924984997,46.48183189440786,33.729017596204905,129.88872108221037,7.552172902262259,973.7767360641952,3301.743894319322,10.555510965949843
2023-01-02 22:52:00,2125.025005001,44.750622114689506,34.55299861981007,128.72171927530547,7.992486762991103,978.3112841381817,3330.713560675705,10.611276481280404
2023-01-02 22:53:00,2125.4250850170033,41.10412640211856,37.20792148434275,125.50037136603818,8.513913529267874,989.3486669438739,3380.18471916958,10.664210185412966
2023-01-02 22:54:00,2125.8251650330067,46.36593237987261,33.86928873880521,129.89155823269073,7.714717054596856,969.4833656903397,3277.9883560939056,10.571206174606305
2023-01-02 22:55:00,2126.2252450490096,46.09225283491052,34.50949641399091,127.61455943907991,7.781803394027305,971.8116337708178,3329.8187052119233,10.599937909158413
2023-01-02 22:56:00,2126.625325065013,44.26306362707461,35.38443496242007,126.78102775883772,8.071608234468757,980.7203504428984,3335.16889958239,10.599262755691168
2023-01-02 22:57:00,2127.0254050810163,45.327114123670945,35.327012597599754,127.13945140677443,8.001872771419647,982.2212081827486,3324.697536250519,10.616025961014266
2023-01-02 22:58:00,2127.425485097019,45.1295493141052,34.724750438333174,128.39983203770967,7.913519292585208,979.985252103129,3336.067539871828,10.61168724908239
2023-01-02 22:59:00,2127.8255651130225,48.004764957670986,32.74573048445127,129.3043439591053,7.727199411946492,966.9767713576946,3297.7174146051448,10.56022394486574
2023-01-02 23:00:00,2128.225645129026,45.42895553642621,34.693671340156314,128.12869224786397,8.02474313735441,972.6259691406428,3325.4942110018696,10.597554093451091
2023-01-02 23:01:00,2128.625725145029,45.34494281027163,35.10841495975032,128.1225257116027,7.95865343474715,982.7877142637841,3308.012637193121,10.598939641175482
2023-01-02 23:02:00,2129.025805161032,45.81458447157397,34.12989162454157,129.18122561987795,7.790872005916349,974.0213806279878,3307.3735622359654,10.573716348982884
2023-01-02 23:03:00,2129.4258851770355,44.00585655636767,34.73236680934213,128.60293111569823,7.97998741104776,982.6066321883698,3347.549413528332,10.606616097674703
2023-01-02 23:04:00,2129.8259651930384,45.727060761271304,33.86415688845525,129.82405885194694,7.636022916283352,969.7451449084839,3302.193112003142,10.578788557930967
2023-01-02 23:05:00,2130.226045209042,44.69023345351878,34.672715980953335,127.36175008842963,7.928445583481431,975.5227027883049,3321.3401633809494,10.59748382676212
2023-01-02 23:06:00,2130.626125225045,45.6599119941884,34.18212573718454,129.0010678470357,7.808721273129528,974.1162245954579,3337.7725820716655,10.562061662764892
2023-01-02 23:07:00,2131.026205241048,46.04368968111807,33.51065914292762,129.0035515239008,7.511531100904526,975.5825232814614,3299.2399129338123,10.586741993651735
2023-01-02 23:08:00,2131.4262852570514,44.6439378083381,34.56765955793018,128.2640252472607,8.08214906538672,973.7359868895235,3325.085900324181,10.596994508544261
2023-01-02 23:09:00,2131.8263652730548,47.055536972702484,33.55483549553204,129.40867030233662,7.744159356887238,971.4751732325384,3294.9640716508343,10.576186300696587
2023-01-02 23:10:00,2132.2264452890577,46.04065196809444,33.59016808613589,129.0889412601094,7.643991287258924,972.7601910742184,3310.238080110692,10.560047263398067
2023-01-02 23:11:00,2132.626525305061,43.38005038565305,35.726360523446345,126.98077926659585,8.302627793608963,983.3964893935889,3351.8624970722544,10.629394840747462
2023-01-02 23:12:00,2133.0266053210644,45.54840491988312,34.46771470183083,128.40414128324016,7.943730269442038,973.4202675903758,3301.242371504337,10.585830281899081
2023-01-02 23:13:00,2133.4266853370673,45.23687337996075,34.767061965413575,127.73405671014463,8.076722897600295,979.920669866139,3315.9485735647004,10.611539703335392
2023-01-02 23:14:00,2133.8267653530706,45.3169096211166,34.62609900607089,128.71697169362656,7.936965115638604,977.5080170174339,3325.204811659133,10.605135261558527
2023-01-02 23:15:00,2134.226845369074,47.26689936642874,33.25973543389137,130.0872375861207,7.610118553848328,964.1019229320337,3282.19103799041,10.553551604709014
2023-01-02 23:16:00,2134.626925385077,44.98325201727499,34.655033585709965,128.7789333786005,7.78999247139833,982.760675586423,3324.1998868826545,10.599546225283166
2023-01-02 23:17:00,2135.0270054010803,45.94739257868018,34.649343344994506,128.98599194410923,7.952898605434913,981.2130704978391,3331.0053585178935,10.607344000559372
2023-01-02 23:18:00,2135.4270854170836,48.62769707209958,31.98006752563705,131.30122703361081,7.416451198215407,963.7043182101874,3281.4951652031436,10.52462669961592
2023-01-02 23:19:00,2135.8271654330865,47.53662221214165,33.681679970222646,129.22831219173037,7.709707789235528,968.2172742876924,3274.608148827532,10.563344831704477
2023-01-02 23:20:00,2136.22724544909,46.783010479641334,33.69926372933003,129.56911906108962,7.667155619505404,972.1505413191376,3300.369338494151,10.579316565648629
2023-01-02 23:21:00,2136.6273254650932,46.913907455064624,32.77328012145522,128.99911608690584,7.609991359162004,973.940250489725,3288.444977893635,10.564113737039094
2023-01-02 23:22:00,2137.027405481096,47.70672552622104,33.05663925644884,130.55844187141568,7.779348300068347,975.2104106798625,3285.2251276120483,10.55211034122312
2023-01-02 23:23:00,2137.4274854970995,48.17265487288443,32.53252818023882,130.5460219814499,7.640470676384229,963.2902579543662,3271.234686280406,10.523249816768692
2023-01-02 23:24:00,2137.827565513103,46.16055698365645,34.47045559562415,128.80784811515454,7.868956084369433,977.6042705164989,3315.922558519459,10.576282744858077
2023-01-02 23:25:00,2138.2276455291058,47.294249490009314,34.046738968313115,129.55296871560628,7.690473772752885,971.2086193453536,3291.8924642425823,10.547728703654215
2023-01-02 23:26:00,2138.627725545109,46.70981366283578,33.597457151758064,129.98169777331174,7.74680871004369,971.2073095237431,3289.819880545585,10.557811905237275
2023-01-02 23:27:00,2139.0278055611125,45.94253601502166,33.9376517138296,129.20690889384045,7.690870610637945,969.099396309026,3318.6565074815517,10.59035933822429
2023-01-02 23:28:00,2139.4278855771154,47.052653970036815,33.32754189699661,129.368433986472,7.486426329340638,968.4162088966301,3278.486590608066,10.546404025789835
2023-01-02 23:29:00,2139.8279655931187,46.92637179813971,32.88794511495701,130.00655514926703,7.663234323879198,970.0763414421776,3292.6209429621426,10.542266115275744
2023-01-02 23:30:00,2140.228045609122,44.13291350195428,35.27429440996041,128.32034838373733,7.90827969475262,981.5120352326591,3343.611924666177,10.612860880911766
2023-01-02 23:31:00,2140.628125625125,46.25070154436226,33.62440934785925,129.31276542724387,7.857235334242836,972.4487833323586,3285.3251801586093,10.579220180430887
2023-01-02 23:32:00,2141.0282056411284,46.91054941239752,33.58633442412099,130.20341476979638,7.610887495638454,973.382314890534,3284.8619615539633,10.557631497344868
2023-01-02 23:33:00,2141.4282856571317,49.03498291729773,32.804708632581814,130.52851518891848,7.388498532558998,965.296142424135,3255.5684937692963,10.532213155935377
2023-01-02 23:34:00,2141.8283656731346,47.50226863736797,34.15050327454396,129.57740201368915,7.595031507675265,974.8792683533261,3291.910156658249,10.583249626229685
2023-01-02 23:35:00,2142.2284456891375,46.67931052677641,34.09870977491081,129.1008957355962,7.919953214672707,970.4150895251892,3328.703222700307,10.577781858193639
2023-01-02 23:36:00,2142.6285257051413,45.139706118503625,34.18113609324476,128.75963833079572,7.88509225465471,974.3123403922278,3305.5261101940787,10.596982392925035
2023-01-02 23:37:00,2143.0286057211442,46.41765549897532,33.946747513069525,128.44793295554223,7.842537609442687,973.9744352173182,3313.0090420883703,10.589183455829737
2023-01-02 23:38:00,2143.428685737147,48.827633094345046,32.19032778750878,130.46279639973,7.4590823822035235,966.0418353062674,3269.4536887724867,10.5192639948852
2023-01-02 23:39:00,2143.828765753151,48.36141415246995,32.612245772975726,130.36494927469144,7.441012247080277,965.7533010122987,3256.8023327536653,10.543084150914297
2023-01-02 23:40:00,2144.228845769154,46.61333470264742,33.75413370719393,129.30204283333276,7.768220556435658,974.193390092316,3285.7566248840694,10.56626096672945
2023-01-02 23:41:00,2144.6289257851568,46.64397060009995,33.67077363705082,129.42619169935108,7.658091557107144,976.9333028264401,3299.6007822249844,10.578552099323227
2023-01-02 23:42:00,2145.0290058011606,46.934310593703735,33.425575701180996,129.39342798289292,7.732541825605403,973.8108427725263,3301.7291291592423,10.568558831499402
2023-01-02 23:43:00,2145.4290858171635,48.34669424117065,33.021723607956005,130.6305209078741,7.517005469046134,965.803805057581,3273.47321067854,10.514863319906468
2023-01-02 23:44:00,2145.8291658331664,45.978022456780636,34.61211314331653,128.47837874388512,7.761411295481121,976.9701677314151,3306.0127022165684,10.57220042440968
2023-01-02 23:45:00,2146.22924584917,48.71485346092076,32.35935330877198,130.70835526088138,7.302957201711488,959.843052590332,3280.894123537097,10.534290314098756
2023-01-02 23:46:00,2146.629325865173,47.59381987386586,33.60004278551598,129.241273677884,7.838884418795832,967.3437865913759,3292.7496945366133,10.554641171796986
2023-01-02 23:47:00,2147.029405881176,47.211545359189245,33.18696901183224,129.7174699555636,7.578520288279069,966.5069757535007,3303.67155082772,10.543101636931965
2023-01-02 23:48:00,2147.4294858971793,48.469541491309705,31.686145430855696,130.31088806275713,7.4992090729364955,961.1697780112115,3278.3813633662367,10.522282909196045
2023-01-02 23:49:00,2147.8295659131827,45.16306415004436,34.13988453160017,128.24421276943656,7.818507594200634,975.2793373114828,3315.2816624763695,10.59558020255588
2023-01-02 23:50:00,2148.2296459291856,46.895565104425074,33.32478137786264,128.85223181282504,7.609425385572415,978.0108682820417,3291.324503123752,10.569754534140598
2023-01-02 23:51:00,2148.629725945189,48.873444757733644,32.16865372983313,130.58095271297782,7.515248243693785,964.4126401995869,3256.475118868113,10.522546361547866
2023-01-02 23:52:00,2149.0298059611923,46.65234701778455,32.82668644660435,129.70750649859013,7.738935145854664,972.1747018666763,3293.2162120343537,10.570846588054739
2023-01-02 23:53:00,2149.429885977195,47.83248875723328,32.67111964460229,130.2727404104467,7.615340623332826,965.8306318344021,3280.087613506353,10.542696760629935
2023-01-02 23:54:00,2149.8299659931986,47.96958484497603,31.91389794676713,130.63230977542972,7.357337869827223,965.8498611715164,3282.957828562357,10.531636041614627
2023-01-02 23:55:00,2150.230046009202,47.52389410737091,32.75282717443471,130.5743027366028,7.59123624072609,961.5561828563154,3278.8917447833815,10.53334682557222
2023-01-02 23:56:00,2150.630126025205,45.974299357757516,33.64942296531582,129.37667199057213,7.433922502519511,975.2508073126596,3315.0890893602805,10.557924568234222
2023-01-02 23:57:00,2151.030206041208,48.53477869371545,32.591627555473174,130.25657828101228,7.458410996058798,963.4967221439734,3274.7547933347405,10.527485986339734
2023-01-02 23:58:00,2151.4302860572116,48.63281256664911,32.08727889225037,131.01362713744757,7.277548621734091,959.6904167068758,3258.187634957978,10.512070302987903
2023-01-02 23:59:00,2151.8303660732145,48.819148465842254,31.900301338242407,130.40000764730502,7.538616820959486,963.5997436915445,3244.6305076715325,10.540942027632342
2023-01-03 00:00:00,2152.230446089218,48.38916148486233,31.703713181165295,131.01275280993968,7.4212711979100945,964.2822010903627,3260.799077352666,10.515379733512798
2023-01-03 00:01:00,2152.630526105221,48.61501072118181,32.79017024461494,130.8384497292789,7.463246346705804,967.7534168597625,3273.243990967921,10.520007521641325
2023-01-03 00:02:00,2153.030606121224,48.72398832879636,31.620257801255345,130.9683889083067,7.46318565725937,968.4162925396579,3253.0171576125026,10.520990127107453
2023-01-03 00:03:00,2153.4306861372274,48.086169658730576,32.90494404709251,131.05773410071663,7.663383844610602,964.504342707997,3253.354669340504,10.526664543934249
2023-01-03 00:04:00,2153.830766153231,48.3392112150532,32.39162201277179,130.73869076013352,7.419159834190114,961.459110554508,3263.0959261272187,10.53224760814575
2023-01-03 00:05:00,2154.2308461692337,45.401490204347986,33.73610553663547,128.11795434268825,7.861535358042096,976.7711742906849,3318.2754701768495,10.588133615527585
2023-01-03 00:06:00,2154.630926185237,47.336019855250065,32.75900230004259,129.7327486770867,7.473903868311338,972.507829097513,3273.0558858261434,10.544643274270888
2023-01-03 00:07:00,2155.0310062012404,46.858901395032255,33.80516075136774,129.76199648306027,7.617134214301498,973.882641564636,3286.1708647738656,10.569308287219442
2023-01-03 00:08:00,2155.4310862172433,49.04074521215386,32.129381371980806,131.32037225352033,7.255155548175111,963.1958801565243,3285.3219970784894,10.53740164809531
2023-01-03 00:09:00,2155.8311662332467,50.03506332450455,31.411153290498312,131.1820602503259,7.216386193816808,961.3464898646047,3226.106376977774,10.491056269396102
2023-01-03 00:10:00,2156.23124624925,47.40013224122714,32.988561970242976,129.81595482240124,7.610968153244575,967.8560038222319,3275.0298072823352,10.54445238613671
2023-01-03 00:11:00,2156.631326265253,46.44786914386537,34.044825945859586,129.02731418139405,7.7488063352757175,975.6370441138231,3328.176223869284,10.56943363563255
2023-01-03 00:12:00,2157.0314062812563,47.685239410803256,32.76428137982704,129.74090793112984,7.6114133865214635,969.9675057923356,3273.578706422382,10.56259226590599
2023-01-03 00:13:00,2157.4314862972597,49.166718280859946,32.17236327760119,130.77465092778309,7.478693340826287,955.7278646182584,3247.825914978679,10.52098192893908
2023-01-03 00:14:00,2157.8315663132626,47.251714483802154,34.23435615393662,129.37543497545568,7.763681714012132,971.5363048835377,3312.675422023184,10.55714691919406
2023-01-03 00:15:00,2158.231646329266,45.57498388357793,34.03837247637045,129.868845902481,7.91945115340876,971.493119197548,3292.7262209856603,10.569279583864374
2023-01-03 00:16:00,2158.6317263452693,47.938449124227766,32.708255411953445,130.52544134061276,7.327719133269187,962.8339761164301,3268.2918086847803,10.530005623309584
2023-01-03 00:17:00,2159.031806361272,48.61606826325511,32.31922485603885,131.3351916718566,7.211062827416605,959.1795193800483,3263.6064307484576,10.532916190720075
2023-01-03 00:18:00,2159.4318863772755,50.35218077175456,31.427505259874835,130.97269285347753,7.3399897087854535,961.214311014264,3260.7099163540665,10.508922785846641
2023-01-03 00:19:00,2159.831966393279,47.78379829770483,33.175594881048056,129.32553133942008,7.619223688311788,971.0781508106952,3289.7943625029707,10.549584251888458
2023-01-03 00:20:00,2160.232046409282,47.64819498278807,33.30483562484795,129.4973680440608,7.60552425324316,966.1334824722737,3289.744530733061,10.544537766882142
2023-01-03 00:21:00,2160.632126425285,47.82708705650158,32.98741234156308,129.7045815727885,7.6399521687052445,967.1266413981122,3290.4135615188,10.556346102205174
2023-01-03 00:22:00,2161.0322064412885,48.4957133805859,31.96585384654874,130.75795064502833,7.330407150060725,966.6257627049981,3279.2061759612366,10.524441776047157
2023-01-03 00:23:00,2161.4322864572914,47.85782965032938,32.90658234694165,130.26570529814404,7.407269427311226,972.0010733687266,3295.6753532971316,10.562616992346971
2023-01-03 00:24:00,2161.8323664732948,49.4635124080121,31.75438704492941,131.94782473049028,7.35104030135257,961.5985346630462,3247.6669676203414,10.506493766462041
2023-01-03 00:25:00,2162.232446489298,48.09444437163295,31.815980465199512,131.37223461225,7.532058485345109,967.7487566405321,3265.2770435976927,10.517401753713242
2023-01-03 00:26:00,2162.632526505301,46.760795593745165,34.01253056935936,128.02020437867554,7.718633392092608,974.0987784701512,3298.688643076744,10.571088221588026
2023-01-03 00:27:00,2163.0326065213044,48.16944736570287,32.27495120784423,130.17878548541404,7.226746921674638,967.5981778021738,3257.6509986292826,10.546689987871707
2023-01-03 00:28:00,2163.4326865373077,48.15466508109509,32.79180904114509,130.97277965096285,7.539126223748654,967.3446740626771,3260.3887307030063,10.54371295368692
2023-01-03 00:29:00,2163.8327665533106,48.32746887150357,32.92487935139006,130.34012671739953,7.479732778591837,969.2563869174069,3276.9249686052685,10.560481415221858
2023-01-03 00:30:00,2164.2328465693136,47.84272914863848,31.695370027763722,130.74241831256984,7.494008731140491,961.0938025548367,3250.8719549130137,10.528327463189443
2023-01-03 00:31:00,2164.6329265853174,47.75280370349975,33.620412723960605,128.62275672456212,7.544633083208924,974.9686674394638,3282.29896672928,10.562260753558187
2023-01-03 00:32:00,2165.0330066013203,48.23321694669966,32.40317813515157,129.681894563191,7.583362486138578,972.3872426399641,3286.4578460217404,10.534735053202546
2023-01-03 00:33:00,2165.433086617323,45.94322802013216,34.13430674778695,129.41698433016734,7.816184539655229,975.6911346664984,3319.3829112063263,10.588864715198762
2023-01-03 00:34:00,2165.833166633327,49.05709185615263,31.67457485209092,131.3019892339683,7.380911113149636,965.171081731286,3236.050293645595,10.491941064522218
2023-01-03 00:35:00,2166.23324664933,48.37428072976278,32.919725676661386,130.79096002908187,7.526822886876706,967.533208094187,3265.5211944375924,10.526975902485841
2023-01-03 00:36:00,2166.633326665333,48.8409055159055,32.09368437227511,130.69575651135773,7.350030690442512,963.647704751866,3281.6721971766547,10.526625332684159
2023-01-03 00:37:00,2167.0334066813366,48.665912659511754,32.18274378855265,131.46961280702442,7.538671650778278,965.6072014860722,3264.8047174828366,10.535728716756603
2023-01-03 00:38:00,2167.4334866973395,50.647501545456834,30.354680924592415,132.14603689668817,7.114533175832547,962.1007443010601,3232.5258213004176,10.485316212838736
2023-01-03 00:39:00,2167.8335667133424,49.19059113694349,31.96630257411657,130.6711548242516,7.124122238887674,960.453690432467,3261.0317394066496,10.512830549429106
2023-01-03 00:40:00,2168.233646729346,49.30596587595203,31.194779753979557,131.92763414501866,7.289765589551133,959.590033133128,3241.992327074583,10.500498449596854
2023-01-03 00:41:00,2168.633726745349,48.966346710864194,32.01909903317421,130.90501460822384,7.390773287485796,966.8907614742573,3264.294709594915,10.524855217328563
2023-01-03 00:42:00,2169.033806761352,48.87300850064485,31.826201203928957,130.52385546694262,7.189505000145551,965.4429422126445,3244.08550499051,10.543412051114649
2023-01-03 00:43:00,2169.4338867773554,49.279043182359395,32.14490612032287,130.8399362839928,7.279005190443961,963.9636150249581,3259.541381356123,10.507854735048918
2023-01-03 00:44:00,2169.8339667933587,50.1062038603649,31.62462067100156,132.42155253982045,7.115621498436061,960.9106131283827,3234.5292002546817,10.488191785427773
2023-01-03 00:45:00,2170.2340468093616,50.50956240577354,31.08710061199146,131.80290933633947,7.254372690828851,953.210372133562,3246.494203087324,10.490430457183637
2023-01-03 00:46:00,2170.634126825365,46.98811751756744,33.31589636603003,128.96425822006137,7.640586796735351,972.1546378342254,3292.7271113749844,10.576183380047059
2023-01-03 00:47:00,2171.0342068413684,47.58216200761397,32.66180119953189,130.75630084069834,7.516721946161466,965.4498303099693,3267.4049647794945,10.538009026346304
2023-01-03 00:48:00,2171.4342868573713,50.957284220910935,30.09882707337199,131.8323406963205,7.195933628668302,956.1648118306557,3238.3968658132553,10.46036552302916
2023-01-03 00:49:00,2171.8343668733746,49.909518106708056,31.292315762805075,131.86861149782158,7.195801264201845,961.7145848275394,3248.6557391850697,10.510045092366285
2023-01-03 00:50:00,2172.234446889378,49.67731918197797,31.693518159102332,131.83316669819303,7.399849912151592,959.6647007034354,3255.43035288068,10.51506564175276
2023-01-03 00:51:00,2172.634526905381,50.66542490627302,30.83512283406412,131.51115000227836,7.127357390757115,956.6650059251543,3221.7450252617755,10.494805053399187
2023-01-03 00:52:00,2173.0346069213842,48.91561569680729,31.45697536928631,130.18880769195619,7.268029984423446,970.2076321889076,3259.040214153551,10.511240990843055
2023-01-03 00:53:00,2173.4346869373876,47.9192926577333,32.84131804719584,131.2609854694991,7.536477453900462,970.6556827238749,3281.7998116242657,10.55268870142725
2023-01-03 00:54:00,2173.8347669533905,48.647206457810896,32.26792045129508,130.67866601737722,7.3727813167191725,968.5674500537183,3254.9333189772324,10.535726048146296
2023-01-03 00:55:00,2174.234846969394,49.41910614996815,31.592236684800334,130.49768611699292,7.421822620878752,962.2987305182328,3251.3755127728004,10.515242218764406
2023-01-03 00:56:00,2174.634926985397,48.0052870715725,32.92271106872602,129.45576065725427,7.640166510547921,973.5711082697763,3290.020389857691,10.567598011619992
2023-01-03 00:57:00,2175.0350070014,49.9366862989397,30.874881035858003,131.30642774423325,7.403474506700381,955.4165277444196,3257.292038158698,10.526760449375843
2023-01-03 00:58:00,2175.4350870174035,51.01686688628637,31.81922191577645,131.9846058442728,7.179881655961445,961.8454375625622,3226.7876797442905,10.494546272937157
2023-01-03 00:59:00,2175.835167033407,49.860480020519425,30.739670944114017,130.0238864601926,7.355908720920007,961.2477007233217,3259.0676799067487,10.496812738168831
2023-01-03 01:00:00,2176.2352470494097,49.34396464586029,32.16313814186852,131.14179752356915,7.442350952715418,962.5124076963084,3256.2521545149325,10.531479543418898
2023-01-03 01:01:00,2176.635327065413,49.72428076422402,31.82716271965005,130.77963588843795,7.394162445536608,960.3708238933337,3252.812518358945,10.508812887238857
2023-01-03 01:02:00,2177.0354070814165,47.85126522582029,32.892156550156,130.6787205799853,7.641726697057463,969.2947848968082,3280.9954111366083,10.555189903669783
2023-01-03 01:03:00,2177.4354870974194,49.9537066794204,31.616962909757007,131.5044730744434,7.224353993891719,964.4521895348317,3267.7332146908657,10.515156445042344
2023-01-03 01:04:00,2177.8355671134227,50.19478507123302,31.8594067192886,131.7784221994438,7.309067993614218,957.7306395603824,3254.320945542239,10.511752404635171
2023-01-03 01:05:00,2178.235647129426,47.86196580456918,32.71022596575765,129.7954353360715,7.606374143578405,974.1679442830396,3293.701844288237,10.542338178433143
2023-01-03 01:06:00,2178.635727145429,50.35562789615333,30.96817456284067,131.62194081954308,7.480187839309572,957.4043873632075,3236.3225818536994,10.490634715300816
2023-01-03 01:07:00,2179.0358071614323,50.327034599485586,30.662362808774592,132.86986674218664,6.939949831475785,955.4042551232258,3230.5719493463425,10.47368017124012
2023-01-03 01:08:00,2179.4358871774357,49.73348887724557,31.17796068551416,130.5800502014273,7.444811793816774,961.6280932014043,3244.5673047820915,10.51884263882109
2023-01-03 01:09:00,2179.8359671934386,49.17465754666833,31.595285787155433,131.36294148854094,7.490038263507373,962.6354673568302,3227.537983759344,10.530127717221163
2023-01-03 01:10:00,2180.236047209442,47.2915406058682,32.95439592124028,130.15142580508262,7.51784992302186,967.8923924892002,3281.9474827445592,10.55050432218876
2023-01-03 01:11:00,2180.6361272254453,50.19655505678263,31.27907652901697,132.42967705358726,7.421715583947314,957.2259863733881,3250.2746802253346,10.508585867767287
2023-01-03 01:12:00,2181.036207241448,49.6510392524987,32.200211072885594,130.86673370379353,7.3452954481482315,958.5966604612358,3247.574231337177,10.49502965130886
2023-01-03 01:13:00,2181.4362872574516,51.78256548053299,30.34798671081631,132.31714997567084,6.970697646262586,953.5683357089216,3216.893293740812,10.472537316773431
2023-01-03 01:14:00,2181.836367273455,49.93933690170324,32.03703240735334,131.66053065442347,7.364168257640965,958.9335777108147,3281.1795150023004,10.53434226700858
2023-01-03 01:15:00,2182.236447289458,50.545568519023696,30.713485091975652,131.95606909021444,7.156416688776589,956.2146177134583,3227.301001683768,10.479050611693179
2023-01-03 01:16:00,2182.636527305461,49.468455142043354,32.22277929869899,130.14462884374973,7.481477595587751,962.7043827932978,3285.216758817919,10.53046188170794
2023-01-03 01:17:00,2183.0366073214645,50.624933542644236,31.369537340627538,131.2066725440379,7.152758812857442,957.4566082411538,3223.478385535824,10.5077970928897
2023-01-03 01:18:00,2183.4366873374674,49.80340739465104,31.703557451945656,130.5651753612006,7.358573615670093,959.5840151278607,3243.9287215593913,10.51945274712644
2023-01-03 01:19:00,2183.836767353471,49.15644898836098,31.784776068222396,131.06832056500218,7.178555530184282,960.270621800499,3259.4222266586453,10.506284601157502
2023-01-03 01:20:00,2184.236847369474,51.12850390120388,31.53735526744349,130.1188096456298,7.205351492213878,961.3923610165976,3240.4113607245345,10.490941823651005
2023-01-03 01:21:00,2184.636927385477,49.505933438333905,32.62010090402353,130.69858951708434,7.428130351444996,964.1942984090874,3273.8285012817078,10.539901579364118
2023-01-03 01:22:00,2185.0370074014804,50.76126491727984,31.42279042652286,131.19001278931236,7.16595409184844,961.6671662348546,3221.1754306804005,10.496452322249647
2023-01-03 01:23:00,2185.437087417484,51.34097694334674,30.227750691691703,133.4892666807518,6.958903299180553,950.4610865126723,3227.801409759985,10.454724588043497
2023-01-03 01:24:00,2185.8371674334867,50.23612834954834,31.67197946389439,131.0720131686682,7.303276032708116,960.3117392595427,3260.7455885618397,10.513523050002156
2023-01-03 01:25:00,2186.2372474494896,49.812628312687416,31.88369277856259,131.04968478742725,7.13405463001266,959.0058558289423,3251.112169008446,10.504785762978809
2023-01-03 01:26:00,2186.6373274654934,50.12418878213885,31.964655914036,131.27256820039574,7.316338581338113,961.4976375591552,3239.9162951311655,10.503483584059145
2023-01-03 01:27:00,2187.0374074814963,49.958030709044635,31.578715334633905,131.51024313923364,7.210449436720856,961.426326502159,3248.490697590503,10.502338864981748
2023-01-03 01:28:00,2187.437487497499,49.21031729413657,31.393456642891472,131.31136248297716,7.335165513199362,961.4695215794337,3259.4187364008226,10.508190955291054
2023-01-03 01:29:00,2187.837567513503,49.10973613690545,31.769662842001797,130.27605129476152,7.524395907276942,964.738344674002,3248.5657598271027,10.54585763790241
2023-01-03 01:30:00,2188.237647529506,50.014331794564164,31.118685201001604,131.69169668434625,7.241215123178967,959.8151339639658,3255.0496497538816,10.503176520409415
2023-01-03 01:31:00,2188.637727545509,50.385076298525576,31.852244031561227,131.14376881956133,7.484648694244284,963.0003511247268,3255.8971861719883,10.506326361110636
2023-01-03 01:32:00,2189.0378075615126,50.617917467886066,31.108353523441753,131.9796963511005,7.168377984237519,960.8506664171905,3227.4486998205084,10.480925382027824
2023-01-03 01:33:00,2189.4378875775155,48.66343018539903,31.825537978501483,131.34204457929457,7.290858800105315,962.1261091891665,3264.9597138379836,10.52468855656717
2023-01-03 01:34:00,2189.8379675935184,50.22949598878994,31.291514719201313,131.21182300972595,7.260639359020204,963.6865235837986,3232.654290157405,10.501325978171808
2023-01-03 01:35:00,2190.2380476095223,52.23691876632505,29.08967022557548,132.54872871181297,6.70410202216576,951.486420443898,3197.217875609905,10.456140406792255
2023-01-03 01:36:00,2190.638127625525,53.24870651562462,29.517525890096536,133.61895037900328,6.891371537285498,941.7927526731507,3189.5178167403433,10.446197399596352
2023-01-03 01:37:00,2191.038207641528,50.05081800170075,33.012441827585974,129.95413449629422,7.509686355793308,964.3222924620267,3242.4623352620324,10.510134037473854
2023-01-03 01:38:00,2191.4382876575314,50.751561777497635,31.04252313177294,132.43568399647899,6.9868440201997855,960.0161566549059,3201.3532909939513,10.482106515890951
2023-01-03 01:39:00,2191.838367673535,49.95013660886233,32.223993829638715,130.56922330684486,7.437709668173908,964.0964092853005,3243.0646348655605,10.535507665132304
2023-01-03 01:40:00,2192.2384476895377,51.22176562267491,31.143471565810113,132.70361430837016,7.0595042546450015,957.138370612716,3222.6411473446897,10.488781122543003
2023-01-03 01:41:00,2192.638527705541,52.3893096393389,30.13332455950002,132.41725288181897,6.888590006857405,949.1991890206125,3206.0572554208156,10.454723342255365
2023-01-03 01:42:00,2193.0386077215444,53.0270732954437,29.36996769333945,132.80990910466159,6.713703715846454,953.4932251228072,3185.6483706569234,10.450280255050682
2023-01-03 01:43:00,2193.4386877375473,52.17724522627083,30.152868435879125,133.76817811585775,7.020909588283534,954.2298645491996,3220.2901654022035,10.47183673306306
2023-01-03 01:44:00,2193.8387677535507,51.450944601356184,31.150905794972907,132.9264773673244,7.384126698758139,952.2548485130674,3205.884486581659,10.472372267832865
2023-01-03 01:45:00,2194.238847769554,49.73419886195143,31.785498098258678,130.48353690772583,7.333126239884269,964.3508557707742,3263.0195282761483,10.518664636889854
2023-01-03 01:46:00,2194.638927785557,51.68816119895363,31.022909080268604,131.50609588683446,7.107605056317149,954.2203636836102,3212.0841625826015,10.48085454414844
2023-01-03 01:47:00,2195.0390078015603,47.683721840978876,33.86512055912712,129.20638015253357,7.657350164101225,964.0472677627504,3287.232821124598,10.568225552024307
2023-01-03 01:48:00,2195.4390878175636,52.2508744219275,30.57521012407997,132.89487929506694,6.981760106179981,953.3652977305411,3220.5345650083173,10.462379149245228
2023-01-03 01:49:00,2195.8391678335665,49.39634097976394,31.984201816805435,131.08078892166125,7.494406396679521,963.8589770895207,3254.9662370719047,10.510229213129335
2023-01-03 01:50:00,2196.23924784957,49.60599705226867,32.75041548040229,130.4335852832999,7.384149586901768,964.4399444944713,3255.842822055779,10.542439693409493
2023-01-03 01:51:00,2196.6393278655733,49.53131330261518,31.986999154009887,131.93588313449402,7.382779849867604,961.8621818418901,3267.084048833952,10.526301998004998
2023-01-03 01:52:00,2197.039407881576,50.47916093681827,31.495217687389076,131.07161212162026,7.227469163380509,961.0326220319137,3253.240504599402,10.509066207401183
2023-01-03 01:53:00,2197.4394878975795,51.00589110854614,31.171288404745752,131.10572250546272,7.299983157597889,955.172611013913,3243.187311812078,10.481529639770768
2023-01-03 01:54:00,2197.839567913583,51.85984722233054,30.296453049594152,133.7741767286875,7.080780761269633,951.5744043609086,3205.839810488908,10.451911369286496
2023-01-03 01:55:00,2198.2396479295858,51.55318559390642,29.936741814682026,133.08868370798325,7.027908561014974,949.9393138524963,3195.3058323950568,10.493324160966283
2023-01-03 01:56:00,2198.639727945589,54.19350082188877,28.49597688632013,134.33123316769363,6.695173830414244,942.1190129928143,3180.207743911441,10.440186206454284
2023-01-03 01:57:00,2199.0398079615925,51.30889733326067,30.608815503411435,132.29945915911813,7.253410156054799,957.1448035674147,3211.8412757889723,10.485606257049778
2023-01-03 01:58:00,2199.4398879775954,52.482865708973364,29.18860645407279,133.43491968240716,6.954623901935504,942.7378075725903,3193.2648388066136,10.450409630481682
2023-01-03 01:59:00,2199.8399679935987,50.64689941758541,31.15963704186801,131.03839857534157,7.270653421671018,959.8453285504897,3232.829160891147,10.486661360510844
2023-01-03 02:00:00,2200.240048009602,51.277506834896556,30.21292757659589,132.61625045596617,7.140838196719339,952.9529129535557,3206.7356001930557,10.448277534288477
2023-01-03 02:01:00,2200.640128025605,52.01297703487114,30.15076971106091,132.7795107895922,7.028675129714177,952.4336691154274,3202.685538206429,10.470626439164805
2023-01-03 02:02:00,2201.0402080416084,52.66767124441935,30.07353592138014,133.1132628261939,7.1570165625300115,956.5346046179909,3201.779964200114,10.441613973110654
2023-01-03 02:03:00,2201.4402880576117,50.450156152468715,30.809334775056595,130.71431781265616,7.255264720734536,961.5304184687076,3241.768656838723,10.500674882549323
2023-01-03 02:04:00,2201.8403680736146,51.299605997616986,30.878757177975878,132.56355458512795,7.105699092248872,956.362238249881,3211.7508438680816,10.47934980635999
2023-01-03 02:05:00,2202.240448089618,50.57456435112841,31.67975927617765,132.08657321992536,7.17190568427674,955.2449063516108,3221.583620118776,10.48604931095757
2023-01-03 02:06:00,2202.6405281056213,51.32559367968332,30.70661607681659,132.47854365594287,6.892106009433326,958.1565460838905,3217.450236557213,10.482982253517168
2023-01-03 02:07:00,2203.0406081216242,52.23185026787379,30.197926061756974,132.06653536583434,7.011821485370892,950.4733490958639,3191.8475444638398,10.481438687264303
2023-01-03 02:08:00,2203.4406881376276,50.12221070528875,31.71197663761493,132.0666568232229,7.191866424502692,960.0187099389481,3248.701879515851,10.507812818370683
2023-01-03 02:09:00,2203.840768153631,52.15041740289741,30.157715193250343,132.62483388531405,6.966806267205564,954.4762952175554,3218.993054258536,10.468431683080064
2023-01-03 02:10:00,2204.240848169634,51.312260287469336,30.895647108087786,132.1973296263601,7.0974391859535055,949.4176242155261,3217.290825416131,10.480165599767233
2023-01-03 02:11:00,2204.640928185637,52.17024286741737,30.399016084630322,132.73962832520994,7.108623017043538,953.4681684921475,3216.2907174387574,10.483358122752259
2023-01-03 02:12:00,2205.0410082016406,53.59505064198187,29.771590568333743,132.7317855352423,6.821061900638446,946.4471787588585,3190.157655939952,10.446836117143981
2023-01-03 02:13:00,2205.4410882176435,52.6287495619213,29.499523464621493,134.3674075953992,6.751570720675466,948.0002232289925,3190.2473291491206,10.45409572391309
2023-01-03 02:14:00,2205.841168233647,51.73359257069668,30.67990834118563,133.09710774756218,6.891213978543602,950.831017330686,3205.480625972863,10.493462718350978
2023-01-03 02:15:00,2206.24124824965,52.957008557389194,29.999609671098682,132.80280437957026,6.794127231353493,953.9945778048109,3208.9302756280226,10.445839079211428
2023-01-03 02:16:00,2206.641328265653,53.23167506500117,29.512532006244214,132.60465635576924,7.025645689200051,947.3110360731503,3183.457496637037,10.413668927546395
2023-01-03 02:17:00,2207.0414082816565,52.02926342566158,30.52256504066561,132.76788737261097,6.984369489950274,954.5695198117586,3213.931868341536,10.47582475028855
2023-01-03 02:18:00,2207.44148829766,52.58010135886298,29.712988175296168,133.33953742702323,6.762720787296922,956.7429994962629,3210.993757012,10.46794626794477
2023-01-03 02:19:00,2207.8415683136627,50.95831793022378,30.931538332946666,132.2260597772712,7.138112703901779,959.2400303609777,3216.4002639137852,10.475669562913005
2023-01-03 02:20:00,2208.2416483296656,52.702377390588104,30.294471127004094,132.45338471276662,6.955286310465364,954.0356634234732,3205.840078951129,10.47646368192478
2023-01-03 02:21:00,2208.6417283456694,54.19475760015368,28.433161609741948,133.34890949935823,6.6755704008535295,942.6112605000826,3171.950343028531,10.437611391881434
2023-01-03 02:22:00,2209.0418083616723,52.28713557733773,30.55335143321869,132.53394195097272,7.18754056255427,953.9452836894178,3207.7045310619774,10.465392035547511
2023-01-03 02:23:00,2209.4418883776752,53.369997901817754,29.713866428081936,132.5741326835048,6.966742552770315,950.549525942696,3195.9963814406506,10.437384012783841
2023-01-03 02:24:00,2209.841968393679,51.825193327425936,30.900378769447542,132.09284581398603,7.150306668320478,954.9640704008966,3230.8747395128653,10.495112831450884
2023-01-03 02:25:00,2210.242048409682,53.264105357433046,29.71407096895946,133.47740018361523,6.942833722321629,945.3474759536994,3183.606472157456,10.446838623885332
2023-01-03 02:26:00,2210.642128425685,52.860586974023356,29.635189083750586,132.58717787814933,7.12137206428012,950.8374579931059,3188.656781424106,10.463048795746639
2023-01-03 02:27:00,2211.0422084416887,54.83963803861141,28.67493088266588,134.52560914224833,6.497837322777728,943.2377228708327,3153.766008301111,10.413848627777167
2023-01-03 02:28:00,2211.4422884576916,52.86405024904539,30.10996328752007,131.29866407238225,6.902656895134781,952.3647211679236,3211.042468267564,10.4613277176092
2023-01-03 02:29:00,2211.8423684736945,50.62791860412649,31.466446770385662,131.0878683415733,7.296598606854905,963.2098004231683,3254.456920216873,10.484609019483514
2023-01-03 02:30:00,2212.2424484896983,52.955718757270326,29.820825774828116,132.7991008144651,6.822423765170627,949.4840167044557,3223.3469182974786,10.45385664004729
2023-01-03 02:31:00,2212.642528505701,52.62175196521489,30.4503865740019,131.82185677917107,6.970300945914747,953.2573653787769,3204.7476794277964,10.473742269722077
2023-01-03 02:32:00,2213.042608521704,53.286867283526576,30.64774409304306,133.0682584330327,7.058127398668996,952.7039213425898,3210.085277687149,10.484770026293837
2023-01-03 02:33:00,2213.4426885377075,53.0022889436556,30.11029674933353,132.43986325375803,6.991160623867197,952.2470880881583,3222.1978725719523,10.452359902540188
2023-01-03 02:34:00,2213.842768553711,52.530670004184444,30.131716472847344,132.719386162639,6.914975092310225,948.5638338602658,3208.3738718993955,10.452477722033214
2023-01-03 02:35:00,2214.2428485697137,52.264515139920505,30.500631738332295,133.39684558021983,7.140118991622761,958.4468392243813,3252.017156946669,10.482349679426779
2023-01-03 02:36:00,2214.642928585717,52.2034777184503,29.652790408024945,133.44616928563678,6.939636191063854,954.967362738533,3202.909732436841,10.449925504816648
2023-01-03 02:37:00,2215.0430086017204,53.39483992355355,30.386585717074148,133.85450732768467,6.775300949072306,947.7954503143012,3213.8352954325264,10.451066135544645
2023-01-03 02:38:00,2215.4430886177233,52.02221636089747,30.13963265710904,133.95390273535867,6.887729611079377,952.9276600517859,3218.470412847024,10.464880802724343
2023-01-03 02:39:00,2215.8431686337267,51.720633051693625,30.540950762289718,132.54180522394958,7.122793054637962,960.5725067815231,3212.502808396925,10.47980598159008
2023-01-03 02:40:00,2216.24324864973,53.711029336084245,29.566831641629392,132.56752370768922,6.9109708213238585,953.5803538685134,3194.541247011972,10.449423949672704
2023-01-03 02:41:00,2216.643328665733,54.23419921422162,29.59279370247029,133.04656329361143,6.739607564105498,950.712244511673,3186.6531868968573,10.4379355412854
2023-01-03 02:42:00,2217.0434086817363,52.468856924579654,30.14703417552886,132.9301308504604,6.985327968832856,954.687396512887,3215.3649642226055,10.480091635392403
2023-01-03 02:43:00,2217.4434886977397,50.718369704838466,31.67419395615712,131.44142773750013,7.126496330004499,961.0940991967437,3239.1886982561027,10.50320256654478
2023-01-03 02:44:00,2217.8435687137426,53.32001941308117,30.44961392962689,131.72615584657385,7.105582981581688,953.7144501999143,3198.372791964074,10.461940725291614
2023-01-03 02:45:00,2218.243648729746,53.24115221258221,29.447247872486138,133.7238332370237,6.886375787719954,945.9359172824176,3189.5362270742976,10.436848890985068
2023-01-03 02:46:00,2218.6437287457493,52.05202944135388,30.345108453705652,132.71804400276523,7.08740465039489,956.5815972889679,3210.2867777460347,10.488265474026706
2023-01-03 02:47:00,2219.043808761752,54.80395265838608,28.71532826153821,133.33586178821702,6.697640606225237,947.0075044240957,3182.4125942817236,10.440732655452095
2023-01-03 02:48:00,2219.4438887777555,52.809305497977654,29.85497304744513,133.86305012246925,6.808488891991509,947.5256540724519,3208.3202173558675,10.44860446859757
2023-01-03 02:49:00,2219.843968793759,52.35673093821224,30.176098203022942,132.535868063263,6.636487394119031,946.9469770940026,3189.0704512757,10.460722128113598
2023-01-03 02:50:00,2220.244048809762,53.318630973929494,29.574766278096895,134.64780144730082,6.932005829326953,949.355751767991,3201.7710683909404,10.435738422933568
2023-01-03 02:51:00,2220.644128825765,51.84207943872213,31.112184155227943,132.72859810101303,7.34093938350364,956.6452218505651,3228.3743454895175,10.489694715637329
2023-01-03 02:52:00,2221.0442088417685,54.87897783572934,28.770327141253333,135.05303654110529,6.462641711426222,938.8897010885075,3171.5441460752654,10.414986612663453
2023-01-03 02:53:00,2221.4442888577714,54.730169861461576,29.254471958612502,133.42773851508707,6.578153875920225,951.052150571943,3182.083931157372,10.441402164502433
2023-01-03 02:54:00,2221.844368873775,53.7246462093188,30.34324974955084,133.58952910484922,6.889844709054314,950.1149159637691,3200.8002766671816,10.459288426661736
2023-01-03 02:55:00,2222.244448889778,53.44948802849784,29.46475879111506,133.80407693937042,6.967414216636709,949.1457182687676,3194.2258751666336,10.44712938414958
2023-01-03 02:56:00,2222.644528905781,53.386127002658675,29.31782956673439,133.6566162708219,6.6843705663204345,947.4461143445651,3186.0822685094954,10.42809318861997
2023-01-03 02:57:00,2223.0446089217844,55.11080640172528,28.86174580115025,134.26363662087857,6.856989045798247,940.6592974223936,3170.299029603118,10.411419380318092
2023-01-03 02:58:00,2223.4446889377878,53.19381088322824,30.132672698756853,133.8551248887793,6.985014180857804,948.5222334501208,3208.819925371276,10.463105106043853
2023-01-03 02:59:00,2223.8447689537907,54.605324886161036,29.17389462164982,133.59651489152967,6.478979236111166,949.8221061771281,3197.4213632674714,10.43869750536758
2023-01-03 03:00:00,2224.244848969794,52.713350106927976,30.4853909411395,133.05677479571304,7.085874395840098,953.3360182360747,3218.969953003541,10.487109150693414
2023-01-03 03:01:00,2224.6449289857974,53.34635140570879,29.12865611651825,132.83744757037772,6.882671368806785,947.8074996874033,3206.7214058495238,10.44299274751224
2023-01-03 03:02:00,2225.0450090018003,54.157889433729245,29.518786312586816,132.62110325782598,6.831931620750898,949.007525419783,3186.938048076291,10.456480780558703
2023-01-03 03:03:00,2225.4450890178036,52.764774130015425,29.79611720948938,133.24032878625738,6.9691519551878836,954.8360355194587,3204.865241718487,10.463707521851216
2023-01-03 03:04:00,2225.845169033807,54.892692612823936,28.76699557547879,134.8443131282744,6.5857439908396325,940.5055125843174,3152.116256028774,10.42830665503502
2023-01-03 03:05:00,2226.24524904981,55.247796330694406,28.23888291967946,134.8304269208585,6.5578654349733885,944.4800302343205,3155.2992169263484,10.416157357549793
2023-01-03 03:06:00,2226.6453290658133,54.85693722964445,28.40539175805635,133.87859795663869,6.522389062866045,946.8472908780556,3175.5883450873507,10.431054478879455
2023-01-03 03:07:00,2227.0454090818166,54.20603707876679,29.3348286649577,133.15458713994036,6.892885145139935,954.1879388442973,3192.277182036854,10.471170670799193
2023-01-03 03:08:00,2227.4454890978195,54.27598855876982,28.84548240393763,133.98808652238006,6.63985190771997,941.6503390766055,3185.7612103625797,10.441164374245743
2023-01-03 03:09:00,2227.845569113823,54.48167855061948,29.223696161665277,134.07163642268722,6.677835469996309,950.3926811891672,3168.8693393486415,10.431943843254617
2023-01-03 03:10:00,2228.2456491298262,54.48639406351135,28.58524047947273,134.38226786231905,6.564970462358932,948.5775720093679,3174.814844712194,10.430440487431495
2023-01-03 03:11:00,2228.645729145829,52.83402354003284,31.15815270491643,132.24935330773258,7.178784654558829,956.7287787233092,3220.741701847088,10.471487855199955
2023-01-03 03:12:00,2229.0458091618325,56.56699634985127,27.935687009336156,135.44273989516873,6.696222441696347,936.2498085135411,3133.091429870958,10.387672825569998
2023-01-03 03:13:00,2229.445889177836,54.47326743903771,28.480086613501207,135.18513747451186,6.519729527789059,945.4425462285366,3157.226836511208,10.41413689539621
2023-01-03 03:14:00,2229.8459691938388,55.002239298910624,28.322511042171,134.6579557901672,6.459573208491955,939.3183847449002,3144.400806348794,10.428667624858823
2023-01-03 03:15:00,2230.2460492098417,54.209827088129344,29.390609802141938,133.84739287737645,6.77897541976288,948.8370703197534,3189.5706513083255,10.431036883678987
2023-01-03 03:16:00,2230.6461292258455,53.75364299789827,29.56586286640171,133.07872628869347,6.982689571294751,952.1450306322216,3174.028041453321,10.456926789358297
2023-01-03 03:17:00,2231.0462092418484,55.228702813044364,28.56543499739734,134.75160348729048,6.569300182959097,945.851852319766,3157.7365425419152,10.414947022151978
2023-01-03 03:18:00,2231.4462892578513,53.943911713560496,29.6139619508671,134.0152167717043,7.028069730212369,952.2112552594392,3209.9407487950466,10.454331725545664
2023-01-03 03:19:00,2231.846369273855,55.37871958603744,28.93851138168252,134.1039957730751,6.55482660221779,937.7641644202298,3176.578383023623,10.436168486442163
2023-01-03 03:20:00,2232.246449289858,54.67569795976867,28.846605679189363,133.58653689402553,6.715379945523252,945.9308985804422,3187.7041665690463,10.41526345492557
2023-01-03 03:21:00,2232.646529305861,53.58415608867682,29.246420343856002,133.7863154808186,6.861665222344389,953.5915715818192,3190.56198206264,10.436722270735169
2023-01-03 03:22:00,2233.0466093218647,53.93201367708716,29.577917487450584,134.4698307926398,6.603052613845477,943.0639739952531,3203.7439851599343,10.429330057067366
2023-01-03 03:23:00,2233.4466893378676,55.11735268013152,29.386010456162175,132.81603069533347,6.802664105634143,948.1262729292251,3183.101772250014,10.457992570589283
2023-01-03 03:24:00,2233.8467693538705,53.9038718432913,28.98736568955491,133.83609783671312,6.746565465098664,946.8039098665556,3181.037429560091,10.435250511473628
2023-01-03 03:25:00,2234.2468493698743,54.63286651623495,28.801868600717597,134.43533037678986,6.505638600576495,937.4314658991558,3174.5313645425927,10.441322773722808
2023-01-03 03:26:00,2234.6469293858772,54.63552678859119,29.58687244219362,133.14087487173995,6.833153458167927,952.0066255992781,3189.201970456551,10.437320286361015
2023-01-03 03:27:00,2235.04700940188,55.01078696066612,28.4317654850886,134.55019830820936,6.794432546040642,941.157420333711,3144.190521180506,10.42165757021539
2023-01-03 03:28:00,2235.4470894178835,55.0805659227533,28.457382727006124,134.41621642157645,6.558959020899273,944.1048386064928,3175.2907434591084,10.423167108571695
2023-01-03 03:29:00,2235.847169433887,55.7508391179712,28.3790544653605,134.1353770121372,6.620359060068524,943.5833219898943,3154.045322319485,10.398585644615686
2023-01-03 03:30:00,2236.2472494498898,57.73432269778948,27.33469529141343,134.75947446590584,6.244198170563113,933.1675044105409,3121.3360783504795,10.373286017376468
2023-01-03 03:31:00,2236.647329465893,53.71626111387374,29.738801781518635,133.0155489010408,6.8651419059049585,951.4794330947918,3206.565146871003,10.46407168005016
2023-01-03 03:32:00,2237.0474094818965,55.9375269279139,28.38324868232118,134.25536418222944,6.516890254817344,940.5398095391496,3166.6018148233175,10.412474513035368
2023-01-03 03:33:00,2237.4474894978994,56.08543463311415,28.213236714896208,134.45904696764543,6.491595147923216,938.430091011988,3151.263898558806,10.399073793011688
2023-01-03 03:34:00,2237.8475695139027,56.63894041778227,27.432408295076243,134.9321429876333,6.347819267671197,936.6893332202562,3147.4077190758335,10.380936780649089
2023-01-03 03:35:00,2238.247649529906,56.279877207343944,27.95750523913565,135.50713498102635,6.445478828409552,940.7587362212618,3153.7530482827488,10.405482249921285
2023-01-03 03:36:00,2238.647729545909,55.30578280780518,28.63634970750946,134.4708517762868,6.716456597061327,942.6240094628687,3165.22494847972,10.424805859811729
2023-01-03 03:37:00,2239.0478095619123,55.7310299100532,28.619988499309706,134.67685696134487,6.501673547561098,939.2439847944138,3146.5592754880745,10.404135367971534
2023-01-03 03:38:00,2239.4478895779157,54.417102356851274,29.12711266415868,132.91634995138932,6.950167003655529,946.6653745219103,3191.568278950062,10.455720918207073
2023-01-03 03:39:00,2239.8479695939186,54.709985792175196,29.13142325079073,133.95071189493385,6.745981753473817,945.4793780760018,3190.6900545420795,10.425779892053496
2023-01-03 03:40:00,2240.248049609922,56.76456033132162,27.436839317342898,136.15198604590014,6.470535424149061,939.531430668456,3171.8654660708767,10.3999886618228
2023-01-03 03:41:00,2240.6481296259253,54.59271298597719,29.515854935084832,133.99578155426573,6.820491385592103,947.7552552353158,3187.8115615894753,10.438426706107709
2023-01-03 03:42:00,2241.048209641928,55.08366244295639,28.931911212626062,134.6017843220793,6.4926713010821855,943.3073469246002,3164.7052109414026,10.414970510695483
2023-01-03 03:43:00,2241.4482896579316,53.30410826860106,30.15072760855976,133.27714788694868,6.972773089868877,951.1779504653557,3206.010298141458,10.451706185243626
2023-01-03 03:44:00,2241.848369673935,55.452615520708754,28.516389190451733,134.14612712302667,6.513835766898398,941.4027276682825,3157.203987123749,10.432176193084134
2023-01-03 03:45:00,2242.248449689938,55.84906950036406,27.899417001323823,135.51105731553054,6.511282744146107,937.4008638151811,3163.331937172077,10.373286606510849
2023-01-03 03:46:00,2242.648529705941,56.35044334628867,27.626501425221655,135.14391633204679,6.338426813475094,934.6866696306379,3143.688210861947,10.40940264209544
2023-01-03 03:47:00,2243.0486097219446,56.255809568088345,27.27784551279642,136.12719927975712,6.4791384102565965,937.3447140888798,3140.599289620587,10.378974348452733
2023-01-03 03:48:00,2243.4486897379475,54.532218038753115,29.351204651913253,134.69812912269487,6.6194746659003165,945.0861758608484,3167.48298265047,10.452928538625681
2023-01-03 03:49:00,2243.848769753951,58.12685490218845,26.94940425035597,135.49053014467557,6.279084648749561,942.4713876164104,3125.0718404689655,10.387324901706076
2023-01-03 03:50:00,2244.248849769954,57.533641119701564,26.509320294180966,136.2599368865921,6.255029429933498,940.9637256111067,3125.7943673329323,10.377675168285727
2023-01-03 03:51:00,2244.648929785957,58.802594431278216,27.08439635381165,136.01616163956155,6.267214752346806,933.7932873000656,3132.336754119181,10.37285526086461
2023-01-03 03:52:00,2245.0490098019604,55.93293192317528,28.320432273289192,135.07604485278736,6.753781181812995,940.2454135255616,3159.4856951561515,10.410412427895183
2023-01-03 03:53:00,2245.449089817964,56.01517637078803,28.214886912602033,134.41765294883766,6.484384583462269,940.573323073651,3153.030257259168,10.409706530333178
2023-01-03 03:54:00,2245.8491698339667,56.32870983349161,28.02281627558027,135.0522359232027,6.479299330753472,941.1856029637923,3158.7217564443504,10.400691203427984
2023-01-03 03:55:00,2246.24924984997,55.816527980733746,28.341693442379974,135.25764316673877,6.428127507653704,933.4329524964505,3141.7436045859035,10.40327741937057
2023-01-03 03:56:00,2246.6493298659734,57.94551800377442,26.369447404911522,136.57416881728247,6.398500007667543,932.9738110617558,3113.490461112733,10.372901554429214
2023-01-03 03:57:00,2247.0494098819763,55.375702024325285,28.683126246921603,134.0349701170955,6.57032510546888,938.658574922679,3175.0484087097516,10.419644501410447
2023-01-03 03:58:00,2247.4494898979797,56.59107625259922,28.111334653670298,135.1027682621459,6.573718709216599,939.7244337148776,3138.247859667348,10.399872213499728
2023-01-03 03:59:00,2247.849569913983,54.279244037316865,29.69545564409251,133.54843274119835,6.8754349062563165,946.5251969523871,3184.6659528883356,10.447779940401889
2023-01-03 04:00:00,2248.249649929986,54.512766467460125,29.31187430644075,132.99943430166297,6.729394821672264,948.0680150605953,3191.8929141722083,10.441751405053273
2023-01-03 04:01:00,2248.6497299459893,56.67454406631122,27.675721071058057,135.79074057486255,6.508431618173489,937.4152384139354,3148.2690344805064,10.387192827080419
2023-01-03 04:02:00,2249.0498099619927,57.11915451704306,28.134531988040045,135.94456664677463,6.5933008986713615,939.796326579875,3172.55513570412,10.40620701242376
2023-01-03 04:03:00,2249.4498899779956,56.048000800646804,27.910847009608993,134.89433177389074,6.484707208979137,943.0357971680636,3155.2921052075335,10.417177219287728
2023-01-03 04:04:00,2249.849969993999,58.196400103992666,26.35637680824031,136.41909809906008,6.273986366166916,933.0162793158572,3104.4284531507874,10.379098279908234
2023-01-03 04:05:00,2250.2500500100023,57.97059525378486,27.0105637925483,135.7331011136832,6.329717247716514,940.2174149938513,3121.296659291967,10.365235968497084
2023-01-03 04:06:00,2250.650130026005,56.6582621136363,27.865894179980028,135.96627760643537,6.446228177377602,940.3447959813958,3169.2986336762942,10.419837015007424
2023-01-03 04:07:00,2251.050210042008,56.22697089821869,28.326814528146862,135.06208484538635,6.743088763404563,946.5714194627221,3154.019243344345,10.4160411607161
2023-01-03 04:08:00,2251.450290058012,58.401093361360616,27.2812633175252,135.29908505342567,6.433199742230152,933.1329022322494,3130.5530556315043,10.377629544188798
2023-01-03 04:09:00,2251.850370074015,56.65586161746595,27.931920915886923,134.4780845375903,6.312865287281726,933.1310915160896,3151.859070998596,10.40055371770035
2023-01-03 04:10:00,2252.2504500900177,56.69804444160574,27.176494926073516,135.4520269650775,6.262008874311991,937.7103185597603,3129.185607782713,10.38065701147205
2023-01-03 04:11:00,2252.6505301060215,57.2799174384137,27.13878505349236,135.08565230890622,6.564843765805088,942.7861679126252,3148.0431263377754,10.39026962442025
2023-01-03 04:12:00,2253.0506101220244,57.36483526929474,27.46773838265862,135.66930746423355,6.284203658903318,934.410181640603,3120.2987143139135,10.383231228573695
2023-01-03 04:13:00,2253.4506901380273,58.176217102191195,26.904291335455003,135.97503759209766,6.1594666648470975,936.022714952949,3114.5937130798516,10.364383371825642
2023-01-03 04:14:00,2253.850770154031,57.49664526572188,27.326311185112466,135.89001016905357,6.274172393017325,935.7760363998386,3136.026611313141,10.403155603559199
2023-01-03 04:15:00,2254.250850170034,56.241000250656974,28.016384808204442,133.72631595483847,6.415670637845559,942.8074375304946,3133.4817158445294,10.399189712131413
2023-01-03 04:16:00,2254.650930186037,56.62966400103815,28.118134418197396,135.25931700899702,6.572627070222611,943.2015957827434,3138.9686707720293,10.408178700591865
2023-01-03 04:17:00,2255.0510102020407,58.01093418779657,27.428483757727783,136.20153873609527,6.361796130206566,936.6831557879991,3123.4286767993895,10.39345199759896
2023-01-03 04:18:00,2255.4510902180436,56.4506311336497,28.439575307263237,133.77511162327545,6.444103536784864,938.5007071818648,3179.8846244018064,10.40085981856669
2023-01-03 04:19:00,2255.8511702340465,56.28251469966757,28.55361168840302,134.2332163787052,6.543461021030833,943.137751082266,3162.836798483422,10.435012340314685
2023-01-03 04:20:00,2256.2512502500504,56.84272932353623,28.297692752115648,134.56090185255394,6.6052744904895775,936.1099607838792,3163.519885791851,10.406902265468485
2023-01-03 04:21:00,2256.6513302660533,58.19801106947958,27.874987592965702,135.98499593284532,6.2554892916339035,935.7324481779401,3137.252108785815,10.382468766627861
2023-01-03 04:22:00,2257.051410282056,56.85159362045868,27.815496033709675,135.41960161943922,6.346553376933119,933.933526888974,3110.552807918305,10.389117418606007
2023-01-03 04:23:00,2257.4514902980595,58.213401439952925,27.52153236208272,135.5324872372881,6.553573826698046,937.0965099907398,3136.615756487266,10.374560280923772
2023-01-03 04:24:00,2257.851570314063,56.45038869853256,27.425176377170974,134.6627635728769,6.4943234936212555,939.7762581570217,3143.2538907767043,10.390258875602438
2023-01-03 04:25:00,2258.251650330066,58.87560316107673,27.24063827688626,136.3522548619766,6.375062677877169,932.732967771341,3098.968232680223,10.357847192832448
2023-01-03 04:26:00,2258.651730346069,57.7035564232092,27.210683194020685,135.39350656974295,6.2679136441210925,931.2359041164017,3135.643419132635,10.379964525496819
2023-01-03 04:27:00,2259.0518103620725,57.928006807419806,27.796048637272847,134.95305153643108,6.372654972466938,934.1832785215695,3121.168088065295,10.380179192789676
2023-01-03 04:28:00,2259.4518903780754,58.62804149088541,27.07464922094721,136.13737871682835,6.39456843618414,939.1132508818813,3121.3811772724857,10.354214331712782
2023-01-03 04:29:00,2259.8519703940788,59.000231011562384,26.589224681596598,136.807823924109,6.207972923698242,934.4850790074402,3110.284768330056,10.370278421012676
2023-01-03 04:30:00,2260.252050410082,59.54289574351702,25.972970658096834,137.01406409024747,5.9693220149966955,929.9024773542875,3090.928022179775,10.332570230663428
2023-01-03 04:31:00,2260.652130426085,57.901724246330694,27.02673174334849,135.75726961013288,6.514798098911794,930.3063683800227,3136.4371523401755,10.383052005574871
2023-01-03 04:32:00,2261.0522104420884,57.45376443137722,26.53607397583685,136.16417293729174,6.384959479576098,937.0816716007755,3130.486563646821,10.368303741040531
2023-01-03 04:33:00,2261.4522904580917,58.66756963172737,25.971592608976785,136.44869685664955,6.3242051973321685,931.2812397911696,3107.4957634841467,10.342870531448519
2023-01-03 04:34:00,2261.8523704740946,58.617189601176136,26.449786130176893,136.36306843064474,6.128469966829049,930.5050519732357,3119.371355542782,10.3561492427239
2023-01-03 04:35:00,2262.252450490098,58.83167449694752,26.922575856048226,136.67748753497236,6.245924024479589,930.085094896726,3129.0231309142323,10.390068651475392
2023-01-03 04:36:00,2262.6525305061014,56.88185951934146,27.983397992207063,134.97901575522644,6.525292411294656,936.8831062143796,3145.949438138041,10.39607802529607
2023-01-03 04:37:00,2263.0526105221043,59.047397763261706,26.682362279558173,135.87472014111347,6.392311936675305,936.3413769697112,3110.478770913643,10.368317815158468
2023-01-03 04:38:00,2263.4526905381076,58.12906008142292,27.08772416623739,136.48869810224758,6.3618940370310995,935.7680280431665,3119.226836304094,10.365103376583914
2023-01-03 04:39:00,2263.852770554111,58.43841486325406,26.850941433058416,135.58141062724056,6.024914198550872,936.6297310359149,3128.7718313863957,10.358716506233108
2023-01-03 04:40:00,2264.252850570114,57.101230081896404,28.00877943700828,135.48368747877038,6.454794864186877,942.3923792929064,3147.0154053855904,10.410330883522587
2023-01-03 04:41:00,2264.6529305861172,57.9699651582962,27.6637019983351,134.38308602384478,6.4386844851088,935.1923090882133,3145.283534698982,10.389737420782353
2023-01-03 04:42:00,2265.0530106021206,57.88601199554137,27.523332773938968,135.73418314065677,6.425341201966049,930.9245456035732,3124.970635684084,10.393158295319584
2023-01-03 04:43:00,2265.4530906181235,60.77463319034767,25.330763847129415,137.27344271771088,5.901227320887302,924.6436065959975,3088.85225648826,10.310531181438503
2023-01-03 04:44:00,2265.853170634127,58.0467513436992,27.48582951808685,135.7934529893252,6.3253780726223585,939.2584623666781,3132.5374995912775,10.394710320532267
2023-01-03 04:45:00,2266.25325065013,57.943475358491916,27.54877791156198,136.4070207097439,6.376056971423289,939.0811705253743,3121.408163600538,10.382075593186046
2023-01-03 04:46:00,2266.653330666133,56.86993232503767,28.06701006666262,134.51785167429497,6.3924306636538395,936.3467706113635,3173.4858621906574,10.389231947697237
2023-01-03 04:47:00,2267.0534106821365,59.75605920322192,25.992240441555424,136.1049876643577,6.0432181316304945,930.4504302360107,3103.1908522151402,10.348838827531297
2023-01-03 04:48:00,2267.45349069814,57.41338541609956,27.692022533693155,135.73923758573324,6.480485053700762,936.8557097134475,3120.487429281631,10.386925745452734
2023-01-03 04:49:00,2267.8535707141427,56.96363857376155,28.254093144669735,134.80584625714673,6.513181569046232,939.6403517474522,3142.8516503583983,10.414325045614769
2023-01-03 04:50:00,2268.253650730146,58.21825439613561,27.237686356658966,135.68036715612772,6.227370083157276,931.9636928577469,3144.379105823928,10.377203418817349
2023-01-03 04:51:00,2268.6537307461494,59.56440825767766,26.181773895849382,136.45147083293293,6.182905396935796,932.8737761997841,3116.0441285951965,10.344454399761918
2023-01-03 04:52:00,2269.0538107621524,56.83116638236324,27.81347927156265,135.01854350357533,6.498282232078681,940.3509447648672,3156.8392839123658,10.388456586894105
2023-01-03 04:53:00,2269.4538907781557,58.56036309251337,27.08666345025912,135.69050197101268,6.389276349606497,929.7593999149404,3116.020537831147,10.35771088777729
2023-01-03 04:54:00,2269.853970794159,59.43629031790234,26.352168669179758,136.80077264581433,6.079266202851606,927.8425569332643,3106.710454856414,10.357713232593383
2023-01-03 04:55:00,2270.254050810162,59.247780332084744,26.55832662409639,136.3265604498079,6.234792863741167,925.1458176190084,3100.6631511294845,10.33627647746973
2023-01-03 04:56:00,2270.6541308261653,57.150173779074315,27.877598483407017,135.63256409460996,6.2686891232356645,934.1438236778931,3149.986571379303,10.395360215046155
2023-01-03 04:57:00,2271.0542108421687,58.942445062773615,27.2145943094955,135.62349823040412,6.299357177221065,930.8065141915534,3113.115918588285,10.375572254717564
2023-01-03 04:58:00,2271.4542908581716,58.552052805610714,27.504616579358117,136.48226865085297,6.270890467243976,935.2233235979132,3125.268959227541,10.37078944108962
2023-01-03 04:59:00,2271.854370874175,58.16494109195016,26.851978376704405,136.29101222951434,6.243338919829982,932.875765514711,3098.905086217985,10.357818026263564
2023-01-03 05:00:00,2272.2544508901783,59.93982543345272,26.40127303108301,136.3909894192947,6.132821431720917,929.091179144199,3098.4427958981087,10.364172880835442
2023-01-03 05:01:00,2272.654530906181,56.996531604467556,28.607531628154042,134.0701926883581,6.403635761791949,940.7008488659279,3151.93034893845,10.408691234266422
2023-01-03 05:02:00,2273.054610922184,58.69405037845819,27.109472380500844,135.99086551174435,6.092467275989209,935.9193843414217,3122.5953202082787,10.353842105318233
2023-01-03 05:03:00,2273.454690938188,58.53475545149965,26.242906436802357,135.88415175062036,6.28822711244478,931.6294494553144,3105.524732944972,10.354711277063823
2023-01-03 05:04:00,2273.854770954191,60.85743563911091,24.912369619259014,137.55318071891168,5.885626366562397,926.2345453316658,3071.130052002337,10.313517833861969
2023-01-03 05:05:00,2274.2548509701937,58.026546219047724,26.876025479656892,136.35891520555535,6.223477511977788,933.0742106624464,3156.2099659361947,10.370089089574181
2023-01-03 05:06:00,2274.6549309861975,59.92230813433461,27.19388148432416,136.37030999367417,6.362729796196289,934.5624229487779,3115.2217824837553,10.348981291585343
2023-01-03 05:07:00,2275.0550110022004,58.392708495458905,26.498169181648922,136.85171786423544,6.334442899539349,932.5646429948657,3110.936828865633,10.36594952612369
2023-01-03 05:08:00,2275.4550910182033,57.10555058984548,27.561119631203724,134.5830253922887,6.508839958313342,935.5980780362545,3147.9414871137583,10.384725645856415
2023-01-03 05:09:00,2275.855171034207,58.60873889483376,26.768042470854255,134.95077763475066,6.1726225460438755,939.5780323048793,3096.582063960702,10.381723828052728
2023-01-03 05:10:00,2276.25525105021,58.46442212911022,26.597550605914794,135.92502500488817,6.354349925381247,937.7476927509991,3111.6327283603982,10.365179771134656
2023-01-03 05:11:00,2276.655331066213,57.923500347788355,27.446746747619205,136.212623511128,6.164255557092843,935.8360366742282,3131.3675048564314,10.376765733351192
2023-01-03 05:12:00,2277.055411082217,60.50932621453879,26.329275316645276,136.90803415509208,5.907106806096046,926.3540608671522,3092.717135571339,10.365939948309036
2023-01-03 05:13:00,2277.4554910982197,59.08765381585736,26.76643435991929,136.93734367222714,6.338622764659386,936.2819043092501,3130.763697784485,10.360798914293184
2023-01-03 05:14:00,2277.8555711142226,61.845469788785145,24.657088695541972,137.8489296638149,5.675468995232044,921.7245471253817,3070.8649583058054,10.305331575432522
2023-01-03 05:15:00,2278.2556511302264,60.9822028783114,26.10112852784092,137.6586092487906,6.125029808782616,928.2711888410956,3075.419853994709,10.344646870717643
2023-01-03 05:16:00,2278.6557311462293,57.898649522793505,28.242758117211768,135.2578191951049,6.63402807111557,939.1613373373104,3123.9572229409055,10.399841603606248
2023-01-03 05:17:00,2279.055811162232,59.31363212245218,25.955516467822527,135.53665972504535,6.235079564300866,931.6437479364394,3119.5985286557525,10.345518824466113
2023-01-03 05:18:00,2279.4558911782356,58.57594296892377,27.234960765314707,135.27973670775026,6.294071540544861,934.4894637899998,3127.609031941923,10.385574061867437
2023-01-03 05:19:00,2279.855971194239,60.01879100690251,26.662634625245136,136.64212081034546,6.066433114967052,929.9910097672537,3115.5060021659488,10.367984086533095
2023-01-03 05:20:00,2280.256051210242,58.208088089060624,27.790081795409588,135.24260192404915,6.290021412321653,941.5998846931086,3157.9241675437056,10.365627871920978
2023-01-03 05:21:00,2280.656131226245,59.124560171711515,27.276569058528853,136.1692882092224,6.229334761433767,936.242022754565,3115.7339906392535,10.354416812509932
2023-01-03 05:22:00,2281.0562112422485,60.9630974036066,25.52074881640371,137.22955698583382,6.008923443623793,926.9847510995091,3072.796559525829,10.348817965535664
2023-01-03 05:23:00,2281.4562912582514,59.573993255281316,26.377043652616393,136.3540937726326,6.243135415975954,936.3634057342822,3119.1655397103673,10.354790581900994
2023-01-03 05:24:00,2281.856371274255,59.38089692076435,26.104672924474105,135.302212603307,6.2796196041640755,927.9658943483073,3103.195932074963,10.364951893689115
2023-01-03 05:25:00,2282.256451290258,59.18982142830002,27.118077089850765,135.92981593334702,6.316470761431533,934.5504355258398,3103.743231827542,10.356196799262458
2023-01-03 05:26:00,2282.656531306261,59.73851384576756,26.62530250903371,135.96624181740376,6.233403405891344,931.2393457178727,3123.120525822311,10.361045417385792
2023-01-03 05:27:00,2283.0566113222644,59.86724319799602,27.201154598495787,136.62514349664013,6.232486009073035,932.6090038748492,3119.345989712501,10.362443201306771
2023-01-03 05:28:00,2283.456691338268,60.72046939792443,25.74217586346348,137.83061656253906,5.866830547385659,924.9779179247444,3103.7045292769067,10.319159564722156
2023-01-03 05:29:00,2283.8567713542707,58.88072541622467,26.491192004007896,136.39027617893652,6.266821522781733,931.741656644703,3115.5174599873594,10.343305149643637
2023-01-03 05:30:00,2284.256851370274,60.567594117074584,26.287782910100795,137.02773165976066,6.096832339113319,920.6588790808946,3090.295597469465,10.349138027305788
2023-01-03 05:31:00,2284.6569313862774,59.237003589355595,27.170312380430044,135.1843435559603,6.350604767375405,929.1887691758787,3121.811072684525,10.358389334962101
2023-01-03 05:32:00,2285.0570114022803,60.659221268648885,26.336414056718173,136.64672275570135,6.0717905824107445,922.4586185180752,3091.109494685069,10.357288197543365
2023-01-03 05:33:00,2285.4570914182837,60.011164695214774,25.9587739990289,136.44347285258553,6.387541153204679,929.1067279682748,3119.711006115521,10.348476588302113
2023-01-03 05:34:00,2285.857171434287,57.6808981015104,28.208840574420954,134.820713539781,6.646304654606274,937.5372555903027,3154.343399360685,10.402353512837204
2023-01-03 05:35:00,2286.25725145029,58.68379401574797,26.87903043551029,135.78395736720722,6.144738530735278,930.2060722918642,3122.5118989015173,10.381121947559686
2023-01-03 05:36:00,2286.6573314662933,60.48071812153895,26.182816310407524,135.75440011838646,6.149440068893817,926.8470719990444,3105.919969482456,10.340570955805376
2023-01-03 05:37:00,2287.0574114822966,59.8114586029397,26.186342727250693,137.23115930369772,6.24949518302816,929.1808029485384,3106.666037267442,10.347379344226706
2023-01-03 05:38:00,2287.4574914982995,59.34531495507225,27.034411268781305,135.53846456831448,6.211013330437576,942.8019497725058,3124.2346526557735,10.352059193050163
2023-01-03 05:39:00,2287.857571514303,61.05340382381596,25.86000915751387,136.15068913952805,5.940624516163269,926.2356858702617,3086.2527732665963,10.340383779537632
2023-01-03 05:40:00,2288.2576515303062,60.37035616634109,25.88091238194248,137.3297309038314,6.24834713792112,927.5697773473998,3099.253980146895,10.32633459321725
2023-01-03 05:41:00,2288.657731546309,63.09061907064838,24.69337599024757,138.21574789734407,5.6062755375911735,914.3935853325532,3046.4314378786744,10.298560118471475
2023-01-03 05:42:00,2289.0578115623125,60.06758125192304,26.62740035301827,137.11872466899277,6.1751520738709935,926.380630742019,3105.1779737802863,10.343540231574597
2023-01-03 05:43:00,2289.457891578316,62.064629140876455,25.623621127667455,136.56047104554693,5.962571324229624,928.4135527042577,3075.922273431934,10.320397387387358
2023-01-03 05:44:00,2289.8579715943188,60.24454037791404,26.841795441915615,136.47324047793947,6.206665771309245,934.4906542814215,3097.495898006154,10.34521845627131
2023-01-03 05:45:00,2290.258051610322,61.78607002712203,25.45436109236178,137.03991042368307,5.896044818329848,922.5133421762348,3102.386389526153,10.328896192003306
2023-01-03 05:46:00,2290.6581316263255,61.78480847931533,24.82834717169554,137.81293754655272,5.866527383531695,925.2263622713322,3075.014255420818,10.325722361138125
2023-01-03 05:47:00,2291.0582116423284,61.65183761129691,25.37683634633935,136.9014384477754,6.102623397004289,933.9793934044325,3091.393787573306,10.32537689912187
2023-01-03 05:48:00,2291.4582916583317,60.0025655940968,26.36594112603587,136.69739526773333,6.334011537450436,936.9177161988233,3093.732963699145,10.346672180620402
2023-01-03 05:49:00,2291.858371674335,60.889018887121935,26.431570097048347,136.63286533432984,6.082505883737236,929.980796985349,3097.3554484932847,10.332705627813638
2023-01-03 05:50:00,2292.258451690338,59.45614407621648,27.043798988801626,135.332972228209,6.400258625430005,933.2707467531059,3141.25045728527,10.356713055554858
2023-01-03 05:51:00,2292.6585317063414,62.04260321585776,25.039096985313652,138.39222624597826,5.947154281672048,919.8106799447122,3075.4345892925376,10.32412350998824
2023-01-03 05:52:00,2293.0586117223447,60.55609857100406,26.629394911069525,138.09105717513893,6.06165334650049,921.2463783933264,3077.229820950608,10.33959514012136
2023-01-03 05:53:00,2293.4586917383476,62.86497473054325,24.991614197371966,137.8955370825722,5.902500389840487,921.9872090982167,3061.4613373198886,10.320172765687426
2023-01-03 05:54:00,2293.858771754351,60.11996311681349,26.929264576912487,136.16630818190404,6.335454855445645,936.1941063803514,3117.966268596862,10.363376986419253
2023-01-03 05:55:00,2294.2588517703543,60.13230421357143,26.105391978953836,136.46570676231195,6.035845559287941,928.9512588867897,3097.576524116189,10.364225895085896
2023-01-03 05:56:00,2294.6589317863572,61.461356111123436,24.92848424904434,137.51887491840245,6.066143530553483,924.76900775514,3089.2754042204174,10.321259698822232
2023-01-03 05:57:00,2295.05901180236,60.679676065280134,25.331809231141975,136.2884381796911,6.2405836988162475,927.0222871442412,3094.2280343501434,10.335976991862065
2023-01-03 05:58:00,2295.459091818364,61.66104972176941,25.749886539272882,137.06802712949892,6.049039641595864,925.0166476031529,3064.931987975807,10.312867607966643
2023-01-03 05:59:00,2295.859171834367,59.85285229312352,26.722794967663873,135.45422362951984,6.114535039722046,930.2334646609369,3124.9250194059414,10.36948640810093
2023-01-03 06:00:00,2296.2592518503698,61.24913291446652,25.548941577091554,136.7765804319594,6.155638044561065,925.8155653703261,3094.9744555718053,10.331138273478143
2023-01-03 06:01:00,2296.6593318663736,60.766553106609656,26.518397312992587,137.72457507455078,6.065374414712915,929.2758034760125,3095.8059286146604,10.344937073294973
2023-01-03 06:02:00,2297.0594118823765,62.64510952318458,24.881713093068942,137.3014373150217,5.813634280729288,921.3032775434,3060.82396469735,10.295613695868951
2023-01-03 06:03:00,2297.4594918983794,62.228392981760635,24.969528568357116,138.3566581019428,5.917182185904554,922.5302113955177,3058.1539410085234,10.31633833011946
2023-01-03 06:04:00,2297.859571914383,62.5018092742774,25.325343292584012,137.8490341499442,5.988841643587924,919.9009005479049,3066.4921434128637,10.303867646234044
2023-01-03 06:05:00,2298.259651930386,61.96762636377364,25.198803413377533,137.876955067013,5.821144981708983,923.7366377536457,3078.6077202372326,10.307847544710205
2023-01-03 06:06:00,2298.659731946389,64.56287073759192,23.604427235236344,138.91595469704168,5.531361717533795,914.6868562250158,3040.3638710963387,10.280134815905228
2023-01-03 06:07:00,2299.059811962393,60.53849195963628,25.72790167829438,136.67847082743128,6.115208557787054,931.9966091318253,3103.6890838374693,10.348212028887376
2023-01-03 06:08:00,2299.4598919783957,63.068670570411975,24.468478721266656,138.9141155360822,5.697683754765303,922.3136493270887,3057.9492338896903,10.297501536197657
2023-01-03 06:09:00,2299.8599719943986,61.45766506806484,25.76417922867962,136.9285751540186,6.111502643402848,924.277591704044,3089.307276606199,10.31905455081375
2023-01-03 06:10:00,2300.2600520104024,61.15486544779106,25.732301023285267,137.96481367316204,5.984615842967582,927.021126732544,3090.962478330978,10.327932408881402
2023-01-03 06:11:00,2300.6601320264053,61.618392309121546,25.570649524592664,136.36282479512874,5.918054787350504,925.314918360906,3074.99361608062,10.296418527481029
2023-01-03 06:12:00,2301.0602120424082,62.863842491507704,25.0993616925045,138.54167138910174,5.741994118906432,922.3525739282226,3062.555407516129,10.292521482602025
2023-01-03 06:13:00,2301.4602920584116,62.29608953091634,25.366328040037434,138.51236782539067,5.801644118910548,921.463537571959,3030.3640183730067,10.29063708305608
2023-01-03 06:14:00,2301.860372074415,60.72171231293463,26.73984182561411,136.23122350082858,6.018818506062925,930.2595885549775,3089.259278799418,10.3479793037849
2023-01-03 06:15:00,2302.260452090418,62.12214524508659,25.558880597608688,138.24246692514157,5.89283835055391,919.0676392285443,3093.0907282070284,10.316266283436725
2023-01-03 06:16:00,2302.660532106421,61.51477370845436,25.10606461720578,137.07316900472068,5.970874797382669,922.6862527533166,3089.1224007568953,10.317912142262072
2023-01-03 06:17:00,2303.0606121224246,61.25627108067585,25.90850318868898,137.63677517352633,5.900099687909513,928.8357704765302,3087.9758613137537,10.336291704717695
2023-01-03 06:18:00,2303.4606921384275,61.714349763734155,26.060177621099438,137.01376351144611,5.7745914288929,922.4619138126534,3087.664074311772,10.313958836258086
2023-01-03 06:19:00,2303.860772154431,60.3853342820746,26.21374431914269,136.57317082837298,6.172459855553056,930.2055143887237,3104.8283885076207,10.32515389796971
2023-01-03 06:20:00,2304.260852170434,61.494356952193456,25.218215209258005,137.62598082463043,6.004544192924022,924.8723632172415,3090.8494554592394,10.340568345505545
2023-01-03 06:21:00,2304.660932186437,60.96584658479768,25.998350679329185,138.2397853023758,6.017943404155404,930.9304901099082,3106.821727868205,10.333552024193304
2023-01-03 06:22:00,2305.0610122024405,62.282186775724995,25.302209284544897,137.5171568044845,5.854209176956389,925.9495130308864,3076.0224765263415,10.318354741738831
2023-01-03 06:23:00,2305.461092218444,61.891656928535475,25.20441039839315,138.49411215511563,5.962335917103951,920.4952230341498,3056.189563627041,10.306213388870813
2023-01-03 06:24:00,2305.8611722344467,62.29356417409758,25.195183791997803,138.35322897874082,6.134202467816206,926.456672384618,3071.4826284218175,10.311925276283498
2023-01-03 06:25:00,2306.26125225045,62.122905695653465,25.155070760532983,138.1412152661933,5.716725807622122,926.1438474259022,3068.7844800135713,10.303186922235984
2023-01-03 06:26:00,2306.6613322664534,61.30762363206699,26.007870641107882,137.76334245877354,6.027022310534893,927.8783021356186,3110.1931218857776,10.330501856293473
2023-01-03 06:27:00,2307.0614122824563,60.64862634596324,26.450998496671886,136.33784250166113,6.0863509475190405,929.4326700941787,3106.0771250209405,10.356104382904448
2023-01-03 06:28:00,2307.4614922984597,61.81322489336429,26.442441883615114,136.51476793336963,6.2097862912952815,923.1709624992785,3110.324378585586,10.349686519487463
2023-01-03 06:29:00,2307.861572314463,62.11952859035724,25.686187931182218,137.40398524341057,5.796393351128585,928.093487575937,3077.404034710972,10.335529308339506
2023-01-03 06:30:00,2308.261652330466,63.7859154593001,24.2826218905949,138.79258295212,5.7169295543696075,916.7894338486167,3055.825008444832,10.295430224343107
2023-01-03 06:31:00,2308.6617323464693,61.95028550381835,25.171918451664776,137.9294010884387,5.817020816915149,921.3535711468244,3068.464263286697,10.29748236581703
2023-01-03 06:32:00,2309.0618123624727,62.0411242800022,25.735857159717686,137.34174970793185,5.799795173979636,925.5617888540924,3072.4018941337426,10.331359205530248
2023-01-03 06:33:00,2309.4618923784756,60.2984044387978,26.404871633328234,136.28896750557107,6.07960686009944,927.3951732558313,3097.1364140226697,10.352318086961343
2023-01-03 06:34:00,2309.861972394479,64.2027155872723,23.786164197543656,139.263712154685,5.512588900521575,910.891923693047,3032.232733911031,10.276360790505432
2023-01-03 06:35:00,2310.2620524104823,62.83098960405687,24.091483695873706,138.88260063823853,5.7670773156029504,917.2946426189077,3050.1255980212472,10.292338533875036
2023-01-03 06:36:00,2310.662132426485,61.67449073413855,25.907778729247067,136.42036368955613,5.836497283754795,925.789002552203,3099.1889679451124,10.342617543527549
2023-01-03 06:37:00,2311.0622124424885,63.76176019796928,24.26735588848005,138.9714482267494,5.672616109398589,915.1958714453119,3047.327660063393,10.29071709384941
2023-01-03 06:38:00,2311.462292458492,62.23842312876233,24.714037809310476,138.24158078425904,5.9309268058227484,922.5947152651761,3078.8291546009677,10.299656637706466
2023-01-03 06:39:00,2311.862372474495,63.80985436513241,23.97757208015512,138.80065616167147,5.752521746425323,916.940397179006,3033.571527169448,10.26024025018166
2023-01-03 06:40:00,2312.262452490498,62.732929744493774,25.511420585437126,138.14541865260188,5.882210198829436,920.4267453966272,3069.038830905014,10.305885121989688
2023-01-03 06:41:00,2312.6625325065015,62.57190833345849,25.38293853192776,138.3030699063987,5.967531629926747,924.3669262029048,3074.834606691438,10.333318871261698
2023-01-03 06:42:00,2313.0626125225044,62.666402306267436,25.67400560375634,137.5651002962537,5.782715585435547,915.8622308853352,3073.652455605244,10.315401121474142
2023-01-03 06:43:00,2313.462692538508,62.91791972406475,25.183565020244256,137.64303549701867,5.809814732969363,923.2088773707857,3077.248900552374,10.309066444233736
2023-01-03 06:44:00,2313.862772554511,63.342000792805386,25.53101120137098,137.50402885612698,5.728849755058753,922.7889694804683,3052.9934996186894,10.309822617233653
2023-01-03 06:45:00,2314.262852570514,63.69526411336538,24.323481484269454,138.23543522198855,5.6888122350015085,921.9355886325847,3033.618082532689,10.300174544337665
2023-01-03 06:46:00,2314.6629325865174,62.79726129034997,24.56165599142524,138.63299098847483,6.0280895341587755,922.2367393489559,3060.445716461093,10.291012506936152
2023-01-03 06:47:00,2315.0630126025208,63.79636650148744,24.145322402163885,139.0609995439659,5.760094846088197,917.7708182101312,3060.273192370392,10.285449436609952
2023-01-03 06:48:00,2315.4630926185237,62.01841028786232,24.702481585159486,137.02617602717027,5.966611631077313,921.4050122428657,3078.156267889611,10.31333390448728
2023-01-03 06:49:00,2315.863172634527,61.62565007820017,25.615641288414878,138.19082594413865,5.976380025541269,919.7765540175444,3096.210189936003,10.322871861095466
2023-01-03 06:50:00,2316.2632526505304,63.13269078744337,24.217562946880285,138.0298493665844,5.798839272367283,921.7523066754756,3077.5160979531665,10.310735625611864
2023-01-03 06:51:00,2316.6633326665333,63.46262837047331,24.65376167329208,138.32458023920654,5.8968488553092255,917.3921583083929,3053.6892574288263,10.306801888563943
2023-01-03 06:52:00,2317.063412682536,62.30291566156548,25.452749684473126,137.95314863137935,5.865096917722693,924.6997765284947,3079.1031204105225,10.323314205361562
2023-01-03 06:53:00,2317.46349269854,64.55282450558151,23.803427170237065,138.39755866067904,5.890069002559472,919.1990089718036,3039.5068932882828,10.279346246750917
2023-01-03 06:54:00,2317.863572714543,63.54722706334849,24.284632949596116,137.97721400989525,5.804667526365427,918.7237534695106,3043.83135938988,10.30406769691232
2023-01-03 06:55:00,2318.263652730546,63.56671769716228,24.18097621524345,137.94169331118155,5.854820513476992,917.0822281799549,3041.7423714125025,10.298363118074926
2023-01-03 06:56:00,2318.6637327465496,63.94736214723676,23.85414521564587,139.26174892066098,5.506165672916065,919.7649216610863,3024.4563984365946,10.279210438282021
2023-01-03 06:57:00,2319.0638127625525,62.4135238825943,25.858264621335028,137.70126331648657,5.91604829221349,924.6477513671732,3088.597103527386,10.330959071197608
2023-01-03 06:58:00,2319.4638927785554,62.5128522545829,25.01723134369739,138.9154537592402,5.779581007562176,925.5999658553297,3076.855812962976,10.319680971358336
2023-01-03 06:59:00,2319.8639727945592,61.42497603936413,26.93962180407613,137.16838848698018,6.002484613954391,934.6059198721284,3107.6481854673443,10.357630145178746
2023-01-03 07:00:00,2320.264052810562,64.72992583940271,23.87524035550343,138.07209045272938,5.760665724288211,920.2199924776866,3033.0901671397232,10.280951227566696
2023-01-03 07:01:00,2320.664132826565,63.59252768567598,24.11278555453542,138.41070937724282,5.812903929023366,921.688580538068,3052.573160639656,10.304645948238512
2023-01-03 07:02:00,2321.064212842569,64.73832798164212,23.271637322477083,138.16250897832865,5.527010617271364,920.1519605966206,3025.125891194131,10.275295383623623
2023-01-03 07:03:00,2321.4642928585718,62.857637376040906,24.980527784804316,138.45609012221067,5.794939786231196,923.7192166996198,3084.1360332281206,10.3308917666567
2023-01-03 07:04:00,2321.8643728745747,62.54965111126019,25.516375426258772,137.48104891989857,6.087042322357856,927.968723748883,3087.5463589997103,10.324110736837714
2023-01-03 07:05:00,2322.2644528905785,63.617834382289956,25.74547686253458,138.02153251038465,5.901075509038609,923.1125189450314,3054.2429898131004,10.313831624713258
2023-01-03 07:06:00,2322.6645329065814,64.36447902849969,23.564540758334385,138.9963909140881,5.5662737738978825,913.4453315802971,3043.0890748884594,10.284209400379574
2023-01-03 07:07:00,2323.0646129225843,64.74365425392614,23.465340765511883,139.38287467391788,5.674778544175734,915.2044286983133,3023.374403382827,10.264814319043845
2023-01-03 07:08:00,2323.4646929385876,63.794095124453634,23.93519050189199,138.86533763888613,5.77858646402143,911.160694260304,3041.5840515580685,10.282549896880308
2023-01-03 07:09:00,2323.864772954591,64.20180747778079,24.183156491521828,138.89513783182196,5.6089075424509645,917.8758737823474,3054.9761299313404,10.280662247264663
2023-01-03 07:10:00,2324.264852970594,63.46318817515123,24.174035311635528,138.17024710936587,5.668385125950641,917.6167878698468,3023.5644078213886,10.286287592374224
2023-01-03 07:11:00,2324.6649329865973,64.81136418384756,23.513246417715408,139.6192605643808,5.508469521531817,916.5578349724178,3053.0698485802413,10.2611711479731
2023-01-03 07:12:00,2325.0650130026006,63.21903343210874,24.59054545973899,138.2045796477826,5.864687572181977,926.1621272219211,3079.2284184494515,10.285391968812597
2023-01-03 07:13:00,2325.4650930186035,62.098247018153685,25.016891841509924,138.0883170495893,5.879217692371277,920.1528784426029,3066.2633401872413,10.31876588006277
2023-01-03 07:14:00,2325.865173034607,65.34233684239642,23.01666629594788,139.6005820182791,5.346507296595602,914.0676985308544,3025.5614592190664,10.260930427034912
2023-01-03 07:15:00,2326.26525305061,64.25404004543512,24.422204946179438,139.41018034719687,5.565495296965914,918.5437975698924,3053.6566903150165,10.284193774630458
2023-01-03 07:16:00,2326.665333066613,64.84182643985126,24.034185471978454,140.097597108125,5.605267728087068,919.5465819412211,3018.160493049179,10.279472226778516
2023-01-03 07:17:00,2327.0654130826165,63.20832485020512,24.626162300884904,137.59117355919093,5.923341818567287,923.1088364138466,3064.578724580882,10.29913761567222
2023-01-03 07:18:00,2327.46549309862,64.73213282455637,24.036512933184028,138.33483288908548,5.66167588160649,920.2149336693723,3048.9161257067926,10.288083584844967
2023-01-03 07:19:00,2327.8655731146227,65.61590469124923,23.201165300073775,139.78046435318856,5.538463597479012,912.7893502687396,3029.144901461028,10.247935664256573
2023-01-03 07:20:00,2328.265653130626,62.32842132414947,25.165930292181436,137.47149997585583,5.949738757782145,920.6314036018067,3068.7183460217398,10.307626951935177
2023-01-03 07:21:00,2328.6657331466295,62.99228371985363,24.10755697348476,138.6231948726801,5.750407657557129,918.0950997363396,3062.68912796445,10.296210540385406
2023-01-03 07:22:00,2329.0658131626324,63.885136640892725,24.09830376433849,139.0372991617119,5.589212507147054,919.1286777150018,3058.316682054116,10.287850062095202
2023-01-03 07:23:00,2329.4658931786357,64.07055852981136,24.638693915063662,138.6575422883354,5.777485466452497,915.752752190128,3046.971115892939,10.297973501178953
2023-01-03 07:24:00,2329.865973194639,65.09604878321478,23.8886689307346,138.567123924407,5.67048431739135,912.829907136884,3039.151851581968,10.271062157741875
2023-01-03 07:25:00,2330.266053210642,63.03971714426963,24.39664583429575,138.7229997255068,5.587932258067059,917.7743499634171,3043.7543779462844,10.314966814999725
2023-01-03 07:26:00,2330.6661332266453,62.8516065117382,24.886300583501296,138.8587115958258,5.921762872154013,922.5862819093325,3066.3872740340985,10.290782219077427
2023-01-03 07:27:00,2331.0662132426487,64.65319792745242,24.028902908786062,139.39741041354563,5.547442547941293,917.0198649739577,3022.2423295907774,10.2789520391753
2023-01-03 07:28:00,2331.4662932586516,65.43988899821669,23.865371547875924,139.15360337076655,5.628085277990821,916.5293312628031,3013.933341133293,10.270496789702278
2023-01-03 07:29:00,2331.866373274655,64.6698045720103,23.89900801321562,139.09767888472865,5.605042331484605,919.7361098460691,3057.3282324099628,10.29303050822484
2023-01-03 07:30:00,2332.2664532906583,61.55347476531836,25.575940186491145,136.45175271443279,6.106284802407197,926.2359708708902,3110.5068627006126,10.348090130743886
2023-01-03 07:31:00,2332.666533306661,63.36125915940882,24.713479735109757,138.33376286350523,5.728255706607131,920.5965269838307,3070.805305841552,10.303899899644644
2023-01-03 07:32:00,2333.0666133226646,64.09448538129841,24.326351288245363,139.1204522356729,5.70194421727125,917.2887210365942,3029.3959817720192,10.265232780314511
2023-01-03 07:33:00,2333.466693338668,62.71244855880079,24.70000016663848,137.89483172865815,5.754420249810007,916.354261298067,3065.390969671046,10.291095942507503
2023-01-03 07:34:00,2333.866773354671,64.051599478486,24.65013638759385,138.9179530583141,5.856606217351507,920.1147250058215,3051.1697039072556,10.283179305270624
2023-01-03 07:35:00,2334.266853370674,64.40213970251273,24.358682094176284,138.65304178292297,5.743788136809436,919.1496091446103,3058.2823582041515,10.279435108586359
2023-01-03 07:36:00,2334.6669333866776,64.23751551664009,24.24124813623674,139.1509628446986,5.588202861771736,914.2134885027757,3054.2193566627125,10.297410079292673
2023-01-03 07:37:00,2335.0670134026805,63.955119309618695,23.384126382932706,138.8741394304047,5.516089555313921,920.3178524618922,3041.9050092597536,10.299297600691522
2023-01-03 07:38:00,2335.467093418684,64.52660356680394,23.694970504842228,138.83411020233288,5.833697920981685,918.9410519206327,3051.490211799791,10.280793344635192
2023-01-03 07:39:00,2335.867173434687,65.29242534469556,24.10398082467169,139.10849693056738,5.566145189777128,921.8961874596806,3038.758501259335,10.260965611560955
2023-01-03 07:40:00,2336.26725345069,62.99898626586796,24.765406858152517,138.35886129633113,5.688116466579482,924.2268005540924,3063.5491036857584,10.295543739137644
2023-01-03 07:41:00,2336.6673334666934,66.37676597280564,21.93214531411643,140.9573292453962,5.467119221430905,903.7069826939363,3013.9067743583623,10.223333565323346
2023-01-03 07:42:00,2337.067413482697,66.01393297712907,22.786752608942308,140.61093740726665,5.3183848327925975,908.5503118712586,3003.893907845238,10.248483799877988
2023-01-03 07:43:00,2337.4674934986997,63.88378005070505,24.82623887172154,138.0064028724154,5.838269863616528,920.1891852475569,3064.701811125725,10.288569602595057
2023-01-03 07:44:00,2337.867573514703,63.729531580628915,24.59109141557519,138.4404010439531,5.7762457414599115,920.3900729496293,3057.121941064953,10.278979185761722
2023-01-03 07:45:00,2338.2676535307064,64.87813649453675,24.45661158459627,137.67951548314667,5.575371541041625,917.4755996913756,3058.346434886028,10.28629740548245
2023-01-03 07:46:00,2338.6677335467093,64.68136706007806,23.150171801502253,139.84842125227348,5.675078626681721,916.3212687718204,3039.21223730752,10.262942612520492
2023-01-03 07:47:00,2339.067813562712,67.71798958271141,21.87354844444054,140.899525554215,5.049023871184006,902.7185808618405,2990.8379810487245,10.219913727611766
2023-01-03 07:48:00,2339.467893578716,65.17687505505403,23.3577842771308,138.9949325031895,5.428702872803558,911.931051461797,3031.5634572003173,10.26081438363941
2023-01-03 07:49:00,2339.867973594719,63.5452597515224,24.582078429025877,139.4839933093288,5.504559790214793,917.6798489287177,3053.6510947098427,10.29119793567815
2023-01-03 07:50:00,2340.268053610722,65.9055469763325,23.311452022425453,139.59997941506913,5.3232241054371645,910.0036314607413,3035.4781880744686,10.253766509672198
2023-01-03 07:51:00,2340.6681336267256,64.19598398784333,24.164159444119907,138.63713279510853,5.573315054240923,921.5394731060453,3048.671300215752,10.265340325982686
2023-01-03 07:52:00,2341.0682136427286,66.05138350267154,23.599668322742755,139.8439401453961,5.529757095261635,917.1778121461115,3041.4688876136215,10.249135607407485
2023-01-03 07:53:00,2341.4682936587315,65.74767517015619,23.34565212510935,139.5460689987073,5.529126871411225,914.3269270630503,3045.0608769592145,10.260994402127046
2023-01-03 07:54:00,2341.8683736747353,65.9353296826517,23.0468305110688,139.6818608091497,5.477035648536581,905.0278125706507,3015.7524308546735,10.25822659665084
2023-01-03 07:55:00,2342.268453690738,64.79060654488907,23.554545815318598,139.30947870696212,5.432644191486544,920.0697795704957,3063.198329805443,10.27029929865416
2023-01-03 07:56:00,2342.668533706741,65.36385868179333,24.189301322109834,139.52046489551304,5.380401889449803,909.383117804006,3042.6906638448845,10.292986828910928
2023-01-03 07:57:00,2343.068613722745,65.42887629310333,23.319834356063254,139.9070123741731,5.778512684778714,910.0338976127756,3017.456464559318,10.262009256740857
2023-01-03 07:58:00,2343.468693738748,64.8982524332985,23.89494910882447,139.7755912562753,5.48710039675476,908.3252887461982,3020.8200376611853,10.24993193601379
2023-01-03 07:59:00,2343.8687737547507,66.20987054386721,22.845095279232027,140.52382591838676,5.452729336897915,907.5513957856114,2998.4797345039156,10.241680748232628
2023-01-03 08:00:00,2344.2688537707545,65.5813573982613,23.820842557091307,139.75090384116152,5.418453379625332,919.799743064883,3046.2566201122127,10.24865191635897
2023-01-03 08:01:00,2344.6689337867574,61.15055526481598,26.01360138998604,136.79262455349667,6.129625253837854,930.5345634828204,3098.218508332992,10.343762889234567
2023-01-03 08:02:00,2345.0690138027603,65.76223586521355,22.72436592501954,140.58910153509532,5.578857551986459,913.1499692707712,3018.792682986201,10.254804790476074
2023-01-03 08:03:00,2345.4690938187637,64.70212919248027,23.934620745966743,139.55182331755054,5.393362807889753,915.3739784773122,3039.100509288743,10.265383870064312
2023-01-03 08:04:00,2345.869173834767,64.37997363561232,24.421473151459026,139.04512813020986,5.823463558041432,917.6596792223075,3058.8921636645787,10.31519640478299
2023-01-03 08:05:00,2346.26925385077,64.826630451329,23.771002658058762,139.12368908608244,5.638538770809598,918.0032110320857,3029.479654971336,10.268441352902007
2023-01-03 08:06:00,2346.6693338667733,64.92949869356592,23.719162527150754,139.71842680361587,5.320031505490031,919.3184485516407,3057.4040813760494,10.27903106916029
2023-01-03 08:07:00,2347.0694138827766,66.34713574992169,22.75385721838669,140.0735353064538,5.448482432443455,913.8971816031485,3019.8444694579275,10.25041696502744
2023-01-03 08:08:00,2347.4694938987795,64.07366233032457,24.074667249184813,139.22900146859823,5.6235543536190296,920.0238595786542,3051.03661984483,10.29645111306434
2023-01-03 08:09:00,2347.869573914783,65.4006208750483,23.93780480928642,139.22952515091913,5.5842885807705915,917.1346473668177,3030.6501013584475,10.269955727796345
2023-01-03 08:10:00,2348.2696539307863,66.75368667404538,22.216077101092733,140.1109126882546,5.402275460596877,908.7683065764859,2994.6164855418288,10.243492957460534
2023-01-03 08:11:00,2348.669733946789,64.6875601665908,24.201221870305424,139.59237356000017,5.685391619742329,910.8436211528168,3026.596136858188,10.27587606970032
2023-01-03 08:12:00,2349.0698139627925,65.81348919276894,22.738676839074643,140.26925136255807,5.353985123655979,913.3919331690857,3025.359102161535,10.24771434923263
2023-01-03 08:13:00,2349.469893978796,64.19571224772987,24.50072919111399,139.29042375076804,5.633556123240054,914.7035332900679,3044.0604790297148,10.282148015653918
2023-01-03 08:14:00,2349.869973994799,65.98023875257239,23.30220123008019,139.2039219912268,5.457416201469789,911.4461348314765,2996.8146337409457,10.240331714615513
2023-01-03 08:15:00,2350.270054010802,63.6562594888491,24.101516103442993,138.2872258296903,5.674621134199789,923.9210709323477,3036.8817264701966,10.27896932042494
2023-01-03 08:16:00,2350.6701340268055,64.40532719324746,24.552959119220716,138.39103798015032,5.560755977500039,918.6230418907409,3058.5605841574506,10.285057554727588
2023-01-03 08:17:00,2351.0702140428084,65.76294365777807,23.059324970370984,140.4188058562715,5.485948611441142,917.0883178588883,3029.7425457589247,10.258907190461244
2023-01-03 08:18:00,2351.4702940588118,66.14817130445695,23.71058080438373,140.4324838223633,5.441186335118131,912.4437691169967,3017.346478373631,10.261524850365669
2023-01-03 08:19:00,2351.870374074815,67.0399034907974,22.593331940428374,140.48657464034852,5.302319963652649,905.7404613891488,3016.1547019529517,10.24657692825357
2023-01-03 08:20:00,2352.270454090818,66.30289733917465,22.482235397437908,140.65674088122913,5.290778432145809,908.172275487333,2991.570153620537,10.25337032132851
2023-01-03 08:21:00,2352.6705341068214,66.30912035167208,22.639357101546025,140.3187606583238,5.346027192530649,907.860681823246,3026.4244996328666,10.236324347936485
2023-01-03 08:22:00,2353.0706141228247,65.97213052014379,22.794240315140186,139.6004012571938,5.330111480623645,913.5237932261867,2997.4004912183605,10.260870752564283
2023-01-03 08:23:00,2353.4706941388276,66.88979477173949,22.250339755056345,140.69146875086392,5.3589909766597215,906.4326959463016,3004.395544382966,10.21841136116508
2023-01-03 08:24:00,2353.870774154831,66.9774907800909,22.575629158242744,140.1881808431425,5.234428538332494,909.2556562711651,3002.0554374153066,10.23134039090758
2023-01-03 08:25:00,2354.2708541708344,66.81611351831529,22.7489055543814,139.91159954343684,5.402545730475789,911.409161095768,3022.186337797357,10.23504620312725
2023-01-03 08:26:00,2354.6709341868373,64.3471538338746,23.98825879085402,138.6476547039863,5.61463384295349,912.5480181079653,3032.1049375796765,10.280033606865445
2023-01-03 08:27:00,2355.0710142028406,65.61774533146286,24.059095739029953,140.08834798426636,5.466891585448988,912.9075662571045,3033.5779324799264,10.25787163453897
2023-01-03 08:28:00,2355.471094218844,66.60657499292707,23.220867534581007,140.2663007958725,5.36468192129116,909.881231064157,3022.157520522433,10.244534463940365
2023-01-03 08:29:00,2355.871174234847,66.81286844705522,22.766799122202844,139.7957135453471,5.484451528632474,909.7699907108566,3005.799675148263,10.241335944260348
2023-01-03 08:30:00,2356.2712542508502,66.90395751917957,22.32795471602883,140.8913282719035,5.393707994774794,907.9018225780379,3015.4178849485984,10.226354385580903
2023-01-03 08:31:00,2356.6713342668536,66.13284178288895,23.23387327116565,139.80881785969513,5.458038613759538,911.7065045063408,2993.031313371903,10.239515952856015
2023-01-03 08:32:00,2357.0714142828565,65.39099597207243,23.847101119425147,140.61934483174403,5.475916888936922,918.2184310756098,3018.510735433645,10.265759430501289
2023-01-03 08:33:00,2357.47149429886,64.89505238953923,24.040488954750728,139.65417487310836,5.543741304893676,915.0981964790103,3022.9641417215125,10.273509153186847
2023-01-03 08:34:00,2357.871574314863,66.48264062300055,23.11403021640224,138.8592776079423,5.387583588473159,910.6360546875176,3020.5057538023852,10.258899274074276
2023-01-03 08:35:00,2358.271654330866,67.59068752725803,22.34611981458129,140.39719873301735,5.316229953790557,907.9687447246474,3009.4466643628484,10.213659223679798
2023-01-03 08:36:00,2358.6717343468695,66.33238612035882,23.20035554509059,140.59160575840178,5.534525943237936,910.7913642372524,3018.1609537816444,10.259220628561014
2023-01-03 08:37:00,2359.071814362873,67.20623076710481,22.15761773089934,140.62338720784587,5.235106295426063,908.3326022471213,3004.2347505085177,10.236461450429761
2023-01-03 08:38:00,2359.4718943788757,65.18695663535767,23.443155844217245,138.95837261785786,5.62588355491647,916.7916285248162,3050.660376037691,10.274280961976444
2023-01-03 08:39:00,2359.871974394879,66.72021080976963,23.276176518499057,139.9177547372481,5.535556813322276,912.7998528348633,3030.3745367044985,10.279767148918783
2023-01-03 08:40:00,2360.2720544108824,62.373496623283465,26.38718722322731,136.24069603775217,6.0918694627504415,928.0752384537373,3117.046635317259,10.336688768098265
2023-01-03 08:41:00,2360.6721344268853,65.46783890776636,23.019297024714138,139.18050531125266,5.485297832000603,914.833306292789,3019.12496825318,10.24707867311442
2023-01-03 08:42:00,2361.0722144428883,66.42491203138508,22.89057556776453,139.36869011800857,5.335292283910277,907.4563379245792,3027.551781055201,10.241887635670057
2023-01-03 08:43:00,2361.472294458892,67.26386441022477,21.412062621889593,140.90612113696153,5.140297219376515,901.9671775901819,2980.0284949833035,10.219060560891272
2023-01-03 08:44:00,2361.872374474895,67.16568677703683,22.436493678018437,141.78343372981254,5.421025656710584,904.499886524923,2994.071968167465,10.22477411871666
2023-01-03 08:45:00,2362.272454490898,67.19386183575911,22.20429832164193,140.85161389891675,5.178459201586709,910.830975290043,3002.7356288652995,10.22907626258945
2023-01-03 08:46:00,2362.6725345069017,64.97357652814351,24.326962809528478,139.59292939165272,5.744934396451036,910.343337561899,3037.4536880613405,10.270994295958353
2023-01-03 08:47:00,2363.0726145229046,67.12756993119052,22.386609466189366,140.42193740001048,5.441207171549283,909.4887946478053,2985.5253601037193,10.241982238874204
2023-01-03 08:48:00,2363.4726945389075,66.80686478488543,22.790350962452386,141.06251843388387,5.1408816053057675,911.157044187848,2993.303093740783,10.249010859352158
2023-01-03 08:49:00,2363.8727745549113,66.03873075358935,22.779564402165782,139.31155913551225,5.419515076458086,913.2313598148166,3015.2771159119798,10.27211144426538
2023-01-03 08:50:00,2364.272854570914,66.44596808501079,22.000336892353907,140.15424800535015,5.330323014550673,906.1901800864616,3003.475641529812,10.252998234948203
2023-01-03 08:51:00,2364.672934586917,68.8060523104261,21.23555691959794,142.02646911831053,4.997791826923276,896.2400978869188,2971.744755270665,10.207803443011082
2023-01-03 08:52:00,2365.073014602921,66.2012596729651,23.296731491900996,139.67510773047192,5.417692548574131,918.8210245650704,3014.3208710206914,10.256937332652099
2023-01-03 08:53:00,2365.473094618924,64.68810733708283,24.08412039906125,139.56073614509776,5.680613752828744,912.435964569793,3033.2179401957483,10.275903642672283
2023-01-03 08:54:00,2365.8731746349267,67.8736405035803,22.641133479157084,140.72066589926035,5.264376652190602,904.5229903783674,3000.6167095759174,10.234519123246717
2023-01-03 08:55:00,2366.2732546509305,66.1624367764078,23.04602576152523,140.54018223431225,5.501737139818924,906.155568458542,3023.591740858885,10.26310738846581
2023-01-03 08:56:00,2366.6733346669334,64.38505192230635,24.032330981336475,139.04882594328268,5.652605713469863,911.398958207527,3064.6389283224353,10.289937654527417
2023-01-03 08:57:00,2367.0734146829363,68.36346204437591,21.591049786257003,140.8998271594969,5.103840083107412,905.0537171439652,2982.352232303569,10.220327342110359
2023-01-03 08:58:00,2367.4734946989397,68.50402976102086,22.083882744694854,140.7542227725741,5.1194888129993865,903.0976657750746,3006.869181182567,10.200720818456
2023-01-03 08:59:00,2367.873574714943,65.90432685050654,22.96787839387625,139.5478547455166,5.538386298381774,915.3750418885194,3010.626244840806,10.26377854673396
2023-01-03 09:00:00,2368.273654730946,65.31078875006611,22.815116555365456,140.12457027555203,5.595276800689842,911.8667233671264,3007.3958348908022,10.247843908016318
2023-01-03 09:01:00,2368.6737347469493,65.97867145198497,23.725840795198174,140.290494293227,5.438028131873949,918.1527727705509,3029.7600652468777,10.266286174241033
2023-01-03 09:02:00,2369.0738147629527,67.58385008157845,22.21837885852005,139.63272095257122,5.4137129728961115,907.6604217976503,3002.10445682816,10.238407802175418
2023-01-03 09:03:00,2369.4738947789556,67.03435082176887,22.58565196283258,140.5639404522178,5.280088768894865,909.2940057828412,2988.800716323618,10.223821197064543
2023-01-03 09:04:00,2369.873974794959,67.35999994611433,21.425047716507063,141.5254257381004,5.103337974237336,902.5294837962025,2988.0844894368624,10.214566914101592
2023-01-03 09:05:00,2370.2740548109623,66.30866825396409,22.8936117914907,139.8429562955122,5.3003689898575175,909.2273107424579,3027.506840298093,10.262285479395878
2023-01-03 09:06:00,2370.674134826965,64.88791108891157,23.201805721834152,139.3147382195649,5.520627085702784,911.5048638391601,3028.5129551442164,10.273902544798819
2023-01-03 09:07:00,2371.0742148429686,67.47817225472521,22.671054790282213,140.41423710756092,5.337467835459986,908.2139885605952,3020.2006145986797,10.258475089246275
2023-01-03 09:08:00,2371.474294858972,67.73823358059335,21.777808952593325,140.2849917014705,5.313306184753457,900.2988565656966,3003.5205034120854,10.218094388982937
2023-01-03 09:09:00,2371.874374874975,66.02449685563883,23.695657323388538,139.94530279309538,5.455101452079746,909.8749462834567,3033.7688965799753,10.25955085033558
2023-01-03 09:10:00,2372.274454890978,67.84828906937501,22.931210955373825,141.06468690162973,5.164973425550658,902.5798649566937,2990.2251775271457,10.248853035777918
2023-01-03 09:11:00,2372.6745349069815,67.22591575009184,22.006141163578032,140.72478219568458,5.2367989105255734,912.9895857097528,2995.6935184833214,10.227777694696746
2023-01-03 09:12:00,2373.0746149229844,67.61501956224882,21.80035679607729,141.53199522297388,5.178284695754116,904.633554313259,3003.267755408791,10.204721640778207
2023-01-03 09:13:00,2373.474694938988,67.90649336975626,21.62171896930941,141.30041139507856,5.155372450380627,901.8423668802968,2997.741854878186,10.218617632061013
2023-01-03 09:14:00,2373.874774954991,66.54241938201822,22.302527501176083,140.39978759852812,5.440990576462982,910.8507082551756,3009.6573974616194,10.248281046086163
2023-01-03 09:15:00,2374.274854970994,66.948273717815,22.962224455657935,140.29568484682474,5.248846312871715,908.2580390915134,3019.2581918926885,10.255332071649132
2023-01-03 09:16:00,2374.6749349869974,66.83078438722495,22.754010782955042,138.80638133257193,5.493075778996083,912.7235814138605,3027.394029624278,10.26585465842909
2023-01-03 09:17:00,2375.0750150030008,66.54196473603152,23.451622333608984,140.25530053443697,5.341055833898938,914.3766284180358,3017.323270173207,10.249091792789867
2023-01-03 09:18:00,2375.4750950190037,66.53788728714298,22.929771010592894,140.3938025670778,5.500227760260831,912.0805525137496,3015.2647168317,10.253912168730293
2023-01-03 09:19:00,2375.875175035007,67.59853078730568,22.365976001335326,141.13051805304613,5.0747386064456945,905.7120258335791,2997.323772682726,10.229194875535368
2023-01-03 09:20:00,2376.2752550510104,67.28989946573716,22.913801200338316,140.25297507947326,5.521140550039949,910.6642876046806,3028.1733718717924,10.254479761421985
2023-01-03 09:21:00,2376.6753350670133,65.8437463176923,23.49952004022905,140.39956154738275,5.571619667669092,913.5323425866641,3022.609614145948,10.257210333829788
2023-01-03 09:22:00,2377.0754150830167,67.0141883975617,22.30326091835646,140.9627044643635,5.152702199934202,907.4237116208487,2982.0443013735767,10.234775937603727
2023-01-03 09:23:00,2377.47549509902,68.10160849300412,21.852977428321424,140.9857442514611,5.126459090459989,905.480247152046,2986.056896434797,10.222295912217241
2023-01-03 09:24:00,2377.875575115023,69.39277356204381,21.28933997795588,141.0110278924182,4.820146660800331,900.3461411563677,2964.7408167166186,10.197310885561176
2023-01-03 09:25:00,2378.2756551310263,65.70852415356198,23.312970301242846,139.47932818664222,5.21579114880315,907.3423703552461,3006.1085764626873,10.241770331582815
2023-01-03 09:26:00,2378.6757351470296,67.16458238850882,22.126265143393336,140.1854124330961,5.313535327921514,910.541526672322,3017.798173645369,10.248146441247567
2023-01-03 09:27:00,2379.0758151630325,67.45806353264129,21.378059305197826,141.0631284984713,5.216289679636841,901.2887079560273,3000.5699266912166,10.218332983478026
2023-01-03 09:28:00,2379.475895179036,67.34293028419911,22.378245212136978,140.71606592297928,5.301566230011356,905.0122023860964,2964.7172510728624,10.222362718820168
2023-01-03 09:29:00,2379.8759751950392,66.91983956133942,22.91731467281193,140.23765105576962,5.312096581399526,909.2119123197895,3020.0131761302882,10.238631275140143
2023-01-03 09:30:00,2380.276055211042,66.20948731338872,23.35197761576517,139.62467261393263,5.386512324777739,905.989626783679,3017.625069441113,10.255391172964348
2023-01-03 09:31:00,2380.6761352270455,66.7107232022974,22.332637730691644,141.10697899715615,5.153402163612543,904.9319309344227,3000.7924576987743,10.232595243838976
2023-01-03 09:32:00,2381.076215243049,67.71360235328828,22.705029530191897,140.67864760013782,5.224067514501364,909.8907135645283,2999.7922119300097,10.216082589882626
2023-01-03 09:33:00,2381.4762952590518,66.40854200880598,23.98235667745406,140.47505276231166,5.451143934720883,909.0402677596865,3002.2826210350268,10.26309591505884
2023-01-03 09:34:00,2381.876375275055,65.6851169553381,23.50313143485819,139.7116908479525,5.509470780677428,913.4913737489583,3016.1006600324195,10.263072430789196
2023-01-03 09:35:00,2382.2764552910585,66.37464308187302,22.910233456512298,140.44534772633327,5.354704894552214,905.7127564812597,3016.45043574408,10.246691833371044
2023-01-03 09:36:00,2382.6765353070614,68.69276656768825,21.781346563661064,141.6731088848789,5.198795045764386,898.2650847930856,2983.6907541382507,10.209277299178813
2023-01-03 09:37:00,2383.0766153230643,68.39738203829077,21.8544054740649,141.2764295559576,5.159636122561633,906.1011540633816,2981.369408064983,10.206098887337603
2023-01-03 09:38:00,2383.476695339068,65.5025928813746,23.12123301620735,139.42317305448003,5.408508532058972,914.3218282969766,3017.875505346432,10.251149344268061
2023-01-03 09:39:00,2383.876775355071,66.9707961421471,22.475169981785132,140.48854692300958,5.353745476044478,907.0255081119574,3000.452910873819,10.22349743508032
2023-01-03 09:40:00,2384.276855371074,67.99872363571787,22.60776268774305,140.0355992799981,5.264643811049137,905.7395428306518,2992.0189103561556,10.222796093773994
2023-01-03 09:41:00,2384.6769353870777,68.10914993556662,21.768777208650004,141.8243176216747,5.167132096999762,908.9970178037195,3011.68850710459,10.226983788024667
2023-01-03 09:42:00,2385.0770154030806,67.66477789930816,22.261856461384724,138.99117277771822,5.451326355397578,906.3029194558252,2983.758147312318,10.24108682439706
2023-01-03 09:43:00,2385.4770954190835,67.91021173638615,22.205064064139062,141.2168304449668,5.270442312054371,906.4117923150038,2987.013551777436,10.227653337056731
2023-01-03 09:44:00,2385.8771754350873,68.51197629587917,21.5459202419513,141.69646804714674,5.072193082235135,900.5711141642013,2972.9360521706158,10.205791100075581
2023-01-03 09:45:00,2386.2772554510902,68.29611562969903,21.864811277526982,140.34064413840287,5.123338450780913,901.5420005835008,2989.104652433808,10.21029345709302
2023-01-03 09:46:00,2386.677335467093,66.73638119473632,22.40511683598012,140.33906953495426,5.416195115385845,905.0738710074435,3011.5412607544035,10.232206751412651
2023-01-03 09:47:00,2387.077415483097,67.00234676963356,22.565712897588647,139.9031300041948,5.404919345375253,905.5571062778528,2994.8342355079094,10.23012521198204
2023-01-03 09:48:00,2387.4774954991,67.26782956372301,22.029371514745485,141.15531718396454,5.222533534332643,908.822608317164,2996.4508054564167,10.228070172987277
2023-01-03 09:49:00,2387.8775755151028,69.62797793540155,20.83261798809144,142.1360547867117,4.969396361877891,903.08623166253,2962.2313609728903,10.182340072451447
2023-01-03 09:50:00,2388.2776555311066,65.82679477562645,23.35578995961912,140.01094702632028,5.327361689886097,908.2055114596211,3021.8620154363966,10.237527236576796
2023-01-03 09:51:00,2388.6777355471095,66.38464843623255,23.189411189724147,139.984821328684,5.296237147564492,912.0637309489728,3006.458801832612,10.244234750852774
2023-01-03 09:52:00,2389.0778155631124,69.33125860703585,20.92749205259984,142.4855301754436,4.945045628396222,899.4922655864353,2972.887423674605,10.192127132656282
2023-01-03 09:53:00,2389.4778955791157,66.39907331588304,23.702970555148177,139.36772579143064,5.468324770249767,916.1281213773498,3031.868960275135,10.252038143754245
2023-01-03 09:54:00,2389.877975595119,68.44110286533659,21.510554493156366,140.7032034351085,5.078061447313748,904.662593143147,2997.33070809699,10.2231273261322
2023-01-03 09:55:00,2390.278055611122,66.4544916605304,22.8213242246007,139.8797626384506,5.223052907818461,909.0418743530313,3006.2345456219596,10.271748503993287
2023-01-03 09:56:00,2390.6781356271254,66.77973288512477,22.659803583025553,140.22245962211474,5.217645422899931,909.8441896916542,2999.7616843081314,10.230489083645054
2023-01-03 09:57:00,2391.0782156431287,68.99891033965376,21.785314948017696,140.86002105770842,5.161004211379454,898.0648230300798,2986.093650919418,10.222088272341887
2023-01-03 09:58:00,2391.4782956591316,65.28492966825364,23.37804353593685,138.10553348392875,5.778570142375013,916.5020013010337,3034.544607624055,10.27785772127219
2023-01-03 09:59:00,2391.878375675135,66.4819941724586,23.869388780530905,139.9730448418135,5.555919271024744,911.118993949517,3009.7141803164877,10.267321624796628
2023-01-03 10:00:00,2392.2784556911383,65.92759684548645,22.94966569504102,139.6750780098522,5.414365638591687,912.7803500211684,3023.8600538828528,10.268790904767947
2023-01-03 10:01:00,2392.6785357071412,67.3908989596325,22.94216479069309,141.37423381336424,5.217692782467936,905.8898213019958,2995.8722408775498,10.234720584708915
2023-01-03 10:02:00,2393.0786157231446,66.90159809212086,22.618546239914853,140.8830841578332,5.29796162059358,906.958131932113,3007.096939765377,10.24665364640508
2023-01-03 10:03:00,2393.478695739148,69.48601355606871,21.163796094423798,141.89765027841491,4.857874636202459,900.835499371568,2965.0521249070416,10.179609562994644
2023-01-03 10:04:00,2393.878775755151,67.46702977007168,21.741423980304255,140.2545996995324,5.2680415378040975,907.6120192410601,2983.101514678089,10.22728424826829
2023-01-03 10:05:00,2394.278855771154,66.26178569508643,23.415489328987952,140.37151575297617,5.503952793024442,911.3153014176265,3024.126115456382,10.258114252955723
2023-01-03 10:06:00,2394.6789357871576,66.99042148371778,22.776758727169888,139.7526986996018,5.279816022030643,910.9106972899542,3016.7111583853853,10.231498569638262
2023-01-03 10:07:00,2395.0790158031605,67.9712724341923,21.89967171471679,141.8986923556987,4.9822609336254375,902.0805074690443,2979.377679138855,10.207043205745341
2023-01-03 10:08:00,2395.479095819164,68.37374338433172,21.59761496990689,140.2676426625747,5.281093583041327,904.360201396799,2996.0185544602414,10.211676110216874
2023-01-03 10:09:00,2395.879175835167,66.03457535859857,23.443391700433104,140.96849241837447,5.32911814295496,908.847503183116,3022.3453641244387,10.254941897696453
2023-01-03 10:10:00,2396.27925585117,67.54840287367489,21.61782498028888,140.33319871013967,5.149572887684043,909.0041038772807,2981.1191412588505,10.228742779259067
2023-01-03 10:11:00,2396.6793358671734,68.47064790019019,21.580963303212037,140.99986716039754,4.853226313571272,908.9199950475628,2976.580738433601,10.218452524606876
2023-01-03 10:12:00,2397.079415883177,68.63100940601174,21.15830632472854,140.4506081160701,5.204397889866586,895.4452544876827,2982.3885853731795,10.211608170392749
2023-01-03 10:13:00,2397.4794958991797,68.67980039382992,22.55970719052722,140.82984103421137,5.325412552857841,904.0952211036932,2992.3005387799467,10.2082410116501
2023-01-03 10:14:00,2397.879575915183,69.04170149332255,21.8092253798696,141.69398676987967,5.064168391608635,901.6990452631339,2991.430199994819,10.20015857792737
2023-01-03 10:15:00,2398.2796559311864,68.55498313148254,21.61703010244369,141.562558214474,5.006806064779377,900.4597588185782,2971.11181377213,10.181319559798572
2023-01-03 10:16:00,2398.6797359471893,67.88244151376028,21.740274303304183,140.7362341812955,5.208796718631981,912.2838236591878,2985.8723899285,10.218400789019558
2023-01-03 10:17:00,2399.0798159631927,67.000023413624,22.233966626716178,139.94780640668048,5.336983522513495,907.0767934361079,3007.3613147055107,10.22512577647789
2023-01-03 10:18:00,2399.479895979196,67.87905969418597,21.686493343596425,141.44124288280912,5.126661523839234,902.2053010605283,2991.0637308183427,10.211165644765288
2023-01-03 10:19:00,2399.879975995199,67.4072599161614,22.224929007986667,141.0817988528271,5.198910361226223,908.3851187852838,2997.733465782609,10.226400193066944
2023-01-03 10:20:00,2400.2800560112023,68.97911027389954,21.539020766838448,141.42448297958148,5.1097328540605895,905.4948279018407,2994.0201512543854,10.196842969517478
2023-01-03 10:21:00,2400.6801360272057,68.1206908701679,21.770509447395494,141.51131487691305,5.125457244860324,902.2158210574931,2987.424428835327,10.218120048484694
2023-01-03 10:22:00,2401.0802160432086,66.83718920645653,23.189208816457512,139.55573866876065,5.40495017707502,909.6187093232512,3007.212964077967,10.253637133030912
2023-01-03 10:23:00,2401.480296059212,67.20211702540398,22.957370595213135,140.0169368312381,5.236122699104106,908.7576071242758,3017.088683531519,10.232792241623057
2023-01-03 10:24:00,2401.8803760752153,68.26059899238793,21.170815074617597,141.3774096338601,5.213214608852451,907.0480747537878,2970.1861188192156,10.202541503013988
2023-01-03 10:25:00,2402.280456091218,68.60109097537524,21.741553207080486,142.11097513741836,5.2947899808600525,902.6620402233284,2991.9427966345384,10.212970654564106
2023-01-03 10:26:00,2402.6805361072215,67.42693890495248,22.084349178545374,141.13208990550044,5.236791096082347,909.2954373295162,2998.695515327703,10.227785840452789
2023-01-03 10:27:00,2403.080616123225,68.70843413393855,22.653932006373875,141.19022274723076,5.166262295768902,904.4097997792239,2985.575859595221,10.225113149805026
2023-01-03 10:28:00,2403.480696139228,69.68458558251507,20.727669043162063,142.3705782439019,4.901165878755311,900.6292451853622,2956.05419582167,10.194764247347603
2023-01-03 10:29:00,2403.880776155231,69.89242415524721,21.312767520381655,141.53104666270883,4.95194651471867,899.152418507456,2973.109979030881,10.201800791774925
2023-01-03 10:30:00,2404.2808561712345,67.77457506863162,22.368741709849257,140.8740234392446,5.412801378393063,905.2613759707571,2988.263214911421,10.226947467893543
2023-01-03 10:31:00,2404.6809361872374,68.27964220161367,21.857055177020815,140.21807340116794,5.131274225886121,902.9675046186363,2980.9471299081333,10.21087440594299
2023-01-03 10:32:00,2405.0810162032403,67.6488667470441,22.226462244227886,141.0428963151662,5.286761199974648,907.6272343177656,2995.4872613751704,10.233000943369504
2023-01-03 10:33:00,2405.481096219244,65.85713574502664,23.000833128391708,139.8053554878597,5.384897419543723,910.7768069680652,2992.011093185735,10.247585733690695
2023-01-03 10:34:00,2405.881176235247,68.2955361266339,21.185367835032885,142.9821377314991,4.786561982426539,896.4950050505827,2976.9144604288595,10.190181541210015
2023-01-03 10:35:00,2406.28125625125,68.16876312791184,21.787880266855936,141.59578095792466,5.043609090664711,899.5567486763721,2963.1038797008373,10.195100243887833
2023-01-03 10:36:00,2406.6813362672538,70.70722310934019,21.004680307726026,142.28131330341265,4.83582266187032,895.94535552228,2957.1720781086046,10.161478465022594
2023-01-03 10:37:00,2407.0814162832567,66.50470592478676,23.522650212178352,139.86222323772841,5.568997467998787,911.1227844875245,3028.422498211894,10.255774900467772
2023-01-03 10:38:00,2407.4814962992596,68.74229679701847,21.84832237580954,141.01004561894914,4.95445346962594,904.988143399308,2987.238874006395,10.212623628310046
2023-01-03 10:39:00,2407.8815763152634,67.46219361696966,22.871376512811302,139.91737997410695,5.465977646859492,910.0045410277074,3011.3976641791805,10.24002135443526
2023-01-03 10:40:00,2408.2816563312663,67.85125833785477,21.561871208959566,141.2656640352161,5.162566608001028,900.1020717265966,2981.7963589415913,10.203257377528292
2023-01-03 10:41:00,2408.681736347269,68.98775040014644,21.892972581984413,140.80864945929744,5.124370154454584,904.9511844807389,2998.225524983382,10.223226031952082
2023-01-03 10:42:00,2409.081816363273,66.80971654886866,22.95179989606224,140.43149448703033,5.212275039902361,905.5657746049262,3027.2109966679977,10.241220602235176
2023-01-03 10:43:00,2409.481896379276,68.39913768175815,21.9793723335169,140.37948666712967,5.243143543745205,905.9621462261068,2960.7743613032335,10.230407110319701
2023-01-03 10:44:00,2409.881976395279,66.11007920697908,23.172733255839752,139.9927781218385,5.468746579999222,914.2281545503214,3026.279896223505,10.244484836109052
2023-01-03 10:45:00,2410.2820564112826,69.65908689014078,20.640572106215267,141.80017973409667,4.939517372092693,896.3313328339186,2955.6484965580034,10.170868048459164
2023-01-03 10:46:00,2410.6821364272855,68.05364951738265,21.945482799840864,140.42208074310753,5.168393087385841,901.9461077701153,3009.3697280470656,10.22079832292178
2023-01-03 10:47:00,2411.0822164432884,69.21493784665108,21.537546844621744,142.04250856123613,5.145123064486724,897.4253437490543,2974.537830847696,10.198267420265312
2023-01-03 10:48:00,2411.482296459292,68.049720435807,22.60961492805682,139.86215047482787,5.168600721346247,902.581217747212,2989.6401060912017,10.225632714997976
2023-01-03 10:49:00,2411.882376475295,69.4354173416537,21.45847606759097,141.92510191701876,5.209545273665417,906.3110092293252,2965.0552078984474,10.190730393105648
2023-01-03 10:50:00,2412.282456491298,69.05596652600818,21.708937379435916,141.81206567456152,5.293820349819259,899.2149654947776,2974.0182537190585,10.202932474997626
2023-01-03 10:51:00,2412.6825365073014,70.01269662091016,21.041622955689203,141.83127972465977,4.892184064582661,896.362705140402,2934.541371760017,10.175683032070136
2023-01-03 10:52:00,2413.0826165233048,67.7156444908968,21.978435862670757,140.79715668908318,5.343088037379849,912.8204124359723,2980.2287346851094,10.21229740680964
2023-01-03 10:53:00,2413.4826965393077,67.72565537120312,21.965258902627664,140.9948063140106,5.1708059298201645,909.2665288323486,2979.2184507967777,10.218173689737476
2023-01-03 10:54:00,2413.882776555311,69.15960044559297,21.717607902978397,141.9069772118978,4.914681414373929,903.4602202625545,2942.533840847523,10.181166549213193
2023-01-03 10:55:00,2414.2828565713144,67.39096439085019,22.282281999373254,141.38905699309007,5.155841248981753,907.4019226850286,2998.231267756898,10.23149631425562
2023-01-03 10:56:00,2414.6829365873173,69.89234943044859,21.067987505379698,142.46618660813184,5.0021019014283175,901.7054891944128,2967.975265628517,10.186059967109243
2023-01-03 10:57:00,2415.0830166033206,68.07776737300189,21.719924684887353,141.63515840132578,5.149858178159292,897.2523314438727,2995.966466061424,10.215197539833445
2023-01-03 10:58:00,2415.483096619324,69.43658346705875,20.34429793756555,142.61476047881047,5.014459034375582,898.5435303084369,2951.6099699284787,10.201625254689484
2023-01-03 10:59:00,2415.883176635327,67.86094132544542,21.770881931600087,141.43004762694076,5.144502383080502,900.7659905940388,2984.7826652088484,10.203100249021839
2023-01-03 11:00:00,2416.2832566513302,66.55268761456824,23.098882719439622,139.9015761601846,5.362983864042546,905.8476559087035,3015.1767465493717,10.237663673130736
2023-01-03 11:01:00,2416.6833366673336,66.77602332755659,23.357974467178508,139.78738008236652,5.326201522989735,907.3317076613796,3010.3116228235253,10.260086029278229
2023-01-03 11:02:00,2417.0834166833365,68.31540728578884,21.863451909010628,140.96621025455968,5.166388799799468,903.7132800140072,2982.3263274298524,10.2047586641593
2023-01-03 11:03:00,2417.48349669934,67.38658382143797,22.51279412119556,141.04278947759013,5.209245554272663,904.755200091632,2994.788048134574,10.219117883204438
2023-01-03 11:04:00,2417.883576715343,69.27611325297566,20.993235950744598,141.70861064223894,4.970545847037588,897.9837188659656,2943.391373024351,10.19330997050991
2023-01-03 11:05:00,2418.283656731346,67.09991630927328,23.060344004658678,140.88444024453605,5.380642095030268,907.6262033958011,2999.7029789985604,10.24258189940396
2023-01-03 11:06:00,2418.6837367473495,68.79433752538871,21.505309729223864,141.41872853946805,4.82342651111637,906.0047894644696,2966.1927673039445,10.19630030733045
2023-01-03 11:07:00,2419.083816763353,70.14679011394107,20.15188808717523,142.9975695130046,5.013016901728025,898.5134971485307,2959.825790769285,10.16408310158832
2023-01-03 11:08:00,2419.4838967793557,69.42718561695811,20.917355545071995,142.39184166498111,4.942631378790423,901.5992423744418,2955.5571716798004,10.194406789535192
2023-01-03 11:09:00,2419.883976795359,68.00014120180458,21.652663509362178,141.13336533717782,5.2171762802932005,900.8539408780856,2996.054742092825,10.210586012883617
2023-01-03 11:10:00,2420.2840568113625,67.68864719654533,21.90433916286004,141.70395963494803,5.009626771151813,905.4919526126239,2986.107783932366,10.210320555384934
2023-01-03 11:11:00,2420.6841368273654,69.4247003462212,20.87585873074198,141.50430522897952,4.9291067835345,900.605047247594,2963.4641759868714,10.193702767028121
2023-01-03 11:12:00,2421.0842168433687,67.41552465703741,22.34052829105977,141.39748472918268,5.336414342254107,904.0826103750871,2982.5807327292296,10.20856872251386
2023-01-03 11:13:00,2421.484296859372,68.5309875468283,21.82965128500086,141.71083034110197,5.012665631147472,899.2701469183671,2973.58866619173,10.199825739663325
2023-01-03 11:14:00,2421.884376875375,68.43581264189083,21.751971498172512,141.79390598521863,5.121257200996462,905.4461657763802,2977.8877653562263,10.22040307516403
2023-01-03 11:15:00,2422.2844568913783,67.76536429820263,21.152993949473238,141.39671587389068,5.083350268221936,900.8216431190698,2981.8905088064516,10.206790835642071
2023-01-03 11:16:00,2422.6845369073817,68.69971657297555,21.40739537985892,142.58688405987377,4.84705887884178,900.1270371720673,2985.340856964335,10.208619327864005
2023-01-03 11:17:00,2423.0846169233846,69.10818228142351,21.20110668114406,141.64389223011602,4.932710611809241,901.0305904605326,2965.21345577709,10.195723104398398
2023-01-03 11:18:00,2423.484696939388,68.89071007865215,21.05318385813184,141.38647256435826,5.1483331231444005,900.2913344162605,2975.315466092766,10.211298287938085
2023-01-03 11:19:00,2423.8847769553913,68.39812253759831,21.46525362937706,141.64328625712062,4.913790121975835,900.4286986803803,2955.5258424320605,10.230007680506779
2023-01-03 11:20:00,2424.284856971394,69.1022468811863,21.001214302565533,141.66552251979192,5.053980943778059,896.979836744354,2964.6156275901985,10.214558641186235
2023-01-03 11:21:00,2424.6849369873976,67.85108721367274,21.2334200553015,140.61228650992965,5.162176821770764,898.4043921947182,2985.045838839373,10.21271908644956
2023-01-03 11:22:00,2425.085017003401,68.63350810409047,21.270323087984202,140.7678866140234,5.177928143558094,907.4215416543867,2974.563611368776,10.21771913356264
2023-01-03 11:23:00,2425.485097019404,67.29450605341594,22.447284244642844,139.79774603199917,5.222028326945216,904.8308581900701,2993.4795450276793,10.235395876282553
2023-01-03 11:24:00,2425.885177035407,66.10077839422607,23.419444282280626,139.86248217233705,5.487622425608347,908.8415947768825,3014.4492791658877,10.235968879419072
2023-01-03 11:25:00,2426.2852570514106,68.74250740926396,21.98970792068907,142.25051430678207,4.973620058579861,900.2327920765252,2962.0503742368433,10.220275842754388
2023-01-03 11:26:00,2426.6853370674135,67.21544167193153,22.156923702221604,140.43691853733355,5.219641845430942,908.8580925661066,2985.559140142517,10.219938954729798
2023-01-03 11:27:00,2427.0854170834164,67.34456040414119,22.345750771403846,140.68978212158348,5.339790083492577,904.4551555376348,3004.5991810868045,10.214171840532904
2023-01-03 11:28:00,2427.48549709942,69.73988677974302,20.942482721489938,141.63246732647124,4.890180928063902,898.4720829918821,2976.5575023612137,10.199598800999988
2023-01-03 11:29:00,2427.885577115423,69.44079394800536,20.534395553978502,142.1566264303519,5.073861177974996,897.4375658598211,2984.877600677691,10.219122968311714
2023-01-03 11:30:00,2428.285657131426,67.16895897114134,22.321297933600512,140.92562550943404,5.237168058574831,909.6629568967348,2993.52062424259,10.231144328179846
2023-01-03 11:31:00,2428.68573714743,70.07415420936574,20.16334358435258,143.29159345915886,4.879185717272663,888.0115827713568,2939.954457795096,10.162796792437517
2023-01-03 11:32:00,2429.0858171634327,70.16778207083364,19.64294488528762,142.3811964190659,4.5947340668299494,894.6948722955401,2947.35273607658,10.1740526964535
2023-01-03 11:33:00,2429.4858971794356,69.38802425076636,21.39017584094804,142.09818750406225,5.075622045679174,904.2509255176595,2947.597851523814,10.189959565280596
2023-01-03 11:34:00,2429.8859771954394,66.95708063717595,22.824651834304525,140.23844224334198,5.159186714858977,907.9183627132252,2999.140784698291,10.226343545506369
2023-01-03 11:35:00,2430.2860572114423,69.29933057097111,20.812953052066838,141.60207606571322,4.928180321702347,898.2154204568096,2964.7921698478062,10.189195042898858
2023-01-03 11:36:00,2430.686137227445,69.54526393031024,21.355073725681777,142.299491177291,5.140498766234112,893.8009625886549,2982.2748721940065,10.191061850475661
2023-01-03 11:37:00,2431.086217243449,68.07786159588086,23.28421767954863,140.3382946604252,5.273925560110784,908.2597117605154,2995.080584124884,10.235095378241079
2023-01-03 11:38:00,2431.486297259452,68.2935909700812,22.320297109850912,140.4570119977962,5.224591050497647,909.6104332354047,3010.55751207908,10.237555333616907
2023-01-03 11:39:00,2431.886377275455,65.25053468851014,23.682947394816605,139.1284735935905,5.6138603952709705,916.983973445723,3022.3600377756425,10.260467067448282
2023-01-03 11:40:00,2432.2864572914586,66.88428926358544,22.494105915338455,141.41423417236714,5.331047273219743,913.3026131753047,2997.1384120245853,10.250334946693439
2023-01-03 11:41:00,2432.6865373074615,66.16968099771981,22.911124156575465,139.47773750223564,5.327364985155647,913.4070425030988,3034.8863475840785,10.265735651233129
2023-01-03 11:42:00,2433.0866173234645,67.75700749324895,22.26015731120829,141.50624751297235,5.279387265572101,898.9081017522609,2986.3279349289533,10.212168949640374
2023-01-03 11:43:00,2433.486697339468,68.45008769061538,22.150572248055404,140.3552066823441,5.217550498730247,908.3852546727866,2981.9574231394317,10.204693442989887
2023-01-03 11:44:00,2433.886777355471,67.0695784407462,23.01643891384974,140.53584618889178,5.222691828581147,906.5212983812055,2991.42884613688,10.2481120063959
2023-01-03 11:45:00,2434.286857371474,67.2430803087733,21.88852884184938,140.46683412725145,5.114043458530191,903.5417129526144,2983.0787816658503,10.236827653362269
2023-01-03 11:46:00,2434.6869373874774,69.05460284330078,21.98748589931451,141.2241320098614,5.06745450664383,906.2990479493496,3004.380411381563,10.211039988986398
2023-01-03 11:47:00,2435.087017403481,67.1418134030131,21.93732763148826,141.19537830421731,5.073016932479179,905.7925342921325,2985.2758307154636,10.2355898515622
2023-01-03 11:48:00,2435.4870974194837,67.58426092588807,22.247775064624275,140.89916424292025,5.2001630075212715,902.806677157379,2966.381142315269,10.215985977181193
2023-01-03 11:49:00,2435.887177435487,67.51034328896074,22.21381645827068,141.10520043672224,5.246067017248717,907.5543882161548,2992.4817158213664,10.225973110534804
2023-01-03 11:50:00,2436.2872574514904,67.82716056986288,22.174383962184457,141.59165810765012,5.1645921810278175,894.7459398756132,2988.411743568174,10.221669687555906
2023-01-03 11:51:00,2436.6873374674933,68.55426568941843,21.52557438938116,141.0620585577103,5.168517434820813,905.2902824479626,2976.461247876233,10.205290576891091
2023-01-03 11:52:00,2437.0874174834967,67.71449991593448,22.000005457014705,141.37375592781117,5.256886088290437,902.818513670144,2992.209589226243,10.20244724604808
2023-01-03 11:53:00,2437.4874974995,67.27270615140753,22.09199457768919,140.48141331715016,5.4388704036057955,914.6367726162172,3010.9316606959474,10.245885640721518
2023-01-03 11:54:00,2437.887577515503,70.22975657631704,20.640725745983413,143.19514560611086,4.876727704215538,893.9825732646536,2941.644228955142,10.155873618881941
2023-01-03 11:55:00,2438.2876575315063,67.85801197403515,20.835216397590383,141.08661613137227,5.059589043879265,903.9373614916346,2960.7797430148526,10.204943647005813
2023-01-03 11:56:00,2438.6877375475096,65.71990412810815,22.87957533124875,139.98268577533122,5.529365773111381,914.0044207930258,3013.2409335321486,10.260017364383788
2023-01-03 11:57:00,2439.0878175635125,68.56442480075134,21.28451299345383,141.39186805390653,5.166745606772888,905.3603331064626,2976.0523803387955,10.224484604326626
2023-01-03 11:58:00,2439.487897579516,67.32984460522756,22.017135395416553,140.36951017621647,5.201049062114668,909.9958042602145,2985.9563159395166,10.224471074542258
2023-01-03 11:59:00,2439.8879775955193,67.3805464376252,22.265210240721014,141.55602014756664,5.05497962081347,906.3339618917983,2994.0456396129402,10.21050554424113
2023-01-03 12:00:00,2440.288057611522,68.73451487956791,20.82403804514891,141.5836018709163,4.894015068669834,901.4636371152307,2958.068486284488,10.191752868186882
2023-01-03 12:01:00,2440.6881376275255,66.81278947409561,22.235093053634916,140.68329721112678,5.377310348793024,911.1504965001161,3019.095749209031,10.235974831464425
2023-01-03 12:02:00,2441.088217643529,69.02781550718962,19.970464508688224,142.2115610974391,4.828463873800663,895.0351060337085,2960.9205697305147,10.156582116448059
2023-01-03 12:03:00,2441.488297659532,69.64387652897402,21.581699546251265,142.41382322069225,5.060034053081202,898.6887626325671,2965.8120149442484,10.194598518586668
2023-01-03 12:04:00,2441.888377675535,67.40256093583181,21.841577654313962,141.25228660241007,5.163492914107814,903.2447012499623,2988.315317460247,10.218978193123538
2023-01-03 12:05:00,2442.2884576915385,69.2982767404524,20.8129897404915,141.39348106577958,4.854105237627264,897.2308031869416,2953.355307265814,10.189933744730533
2023-01-03 12:06:00,2442.6885377075414,70.45516726243547,20.72457975757331,143.12042178891605,4.604421199208282,896.5527359540729,2933.2280642947676,10.175494539145443
2023-01-03 12:07:00,2443.0886177235448,68.52584825644473,21.511699396741154,141.9468511235807,4.933761215909017,903.396489353466,2966.418175513229,10.197946458278993
2023-01-03 12:08:00,2443.488697739548,68.42913464676766,21.612087164861244,141.49133477618162,5.27817070501329,902.6328974420242,2978.084586928028,10.222369418545199
2023-01-03 12:09:00,2443.888777755551,64.76174906522203,24.298085110662015,138.76326811594754,5.711600349533399,919.0338882598318,3046.6291046341526,10.274050160397227
2023-01-03 12:10:00,2444.2888577715544,68.0666170478165,21.17039091886802,141.0166127686588,5.029002690284226,902.4546052825267,2996.2500884007554,10.200414951691675
2023-01-03 12:11:00,2444.6889377875577,68.91887868200216,20.7074387411064,142.45296998062403,4.886444066137759,904.5376941091556,2951.7529238097436,10.181961212256075
2023-01-03 12:12:00,2445.0890178035606,68.1130423846996,22.333326371757213,140.16823649328936,5.163022091786053,905.5835871209789,2982.962770957266,10.227534572301343
2023-01-03 12:13:00,2445.489097819564,67.2104256384849,22.702958551893378,140.51221291972973,5.341417857271016,905.7192916040424,3002.8737487706776,10.219755301995756
2023-01-03 12:14:00,2445.8891778355674,68.39964071132971,21.816814978247134,142.11862435468515,5.12413055659102,898.5097211004362,2941.9633284572114,10.202223836154788
2023-01-03 12:15:00,2446.2892578515703,66.57928113022635,22.19665904892908,139.74117052281852,5.416734722795232,911.6414520196611,2994.802934545433,10.242104647796012
2023-01-03 12:16:00,2446.6893378675736,67.58702716059638,22.19056685522188,140.15115874181086,5.135157450846902,909.1506912539036,3005.693281230706,10.218563588497569
2023-01-03 12:17:00,2447.089417883577,69.1546117299762,21.195330114776393,142.21306557833807,5.172217546685021,904.2178549068668,2955.096914964069,10.18666350301248
2023-01-03 12:18:00,2447.48949789958,66.69080243673264,22.067916711077615,140.74984162314527,5.196281907194681,909.6047830178509,2987.702510199707,10.24230816862131
2023-01-03 12:19:00,2447.8895779155832,66.49804425361553,23.08499597619161,140.95589736288912,5.473671955129064,910.2505085454367,3013.2804613722055,10.247517845285758
2023-01-03 12:20:00,2448.2896579315866,68.25471371457708,22.30216704736756,141.22309770166305,5.147819537040368,899.2873532114603,2986.7418033815106,10.182762648754123
2023-01-03 12:21:00,2448.6897379475895,70.06800897361374,20.320641667643976,141.63385909400583,4.723583997155669,897.3440156916079,2951.9556906618163,10.170347698178976
2023-01-03 12:22:00,2449.0898179635924,68.70481164784614,20.443096445085125,142.74712692515044,4.892725262233528,901.2533971434485,2957.9319813607513,10.190606825501012
2023-01-03 12:23:00,2449.489897979596,67.24674373036211,22.130023913794158,140.39624320345928,5.1827414875600795,904.4257041291355,2984.889887097339,10.21767653056067
2023-01-03 12:24:00,2449.889977995599,68.36318532605313,21.486124052837468,140.86954262694093,5.036413296993307,901.5297411861618,2977.199719340907,10.208764496182141
2023-01-03 12:25:00,2450.290058011602,68.29104765056086,21.666651807726392,141.3682634228716,4.935778080735423,900.9580479850515,2967.271049991443,10.211018043279141
2023-01-03 12:26:00,2450.690138027606,69.1235650736784,21.32468838281672,141.81491016726008,4.995120598699227,904.5510768018795,2960.037847062171,10.189987141314205
2023-01-03 12:27:00,2451.0902180436087,67.96196248102746,21.99343746843993,141.14112879781968,5.341445582221293,904.2345013929458,3003.8611784656646,10.222993807420037
2023-01-03 12:28:00,2451.4902980596116,69.80884787622271,20.205321551673066,143.0678373248316,4.911223989581522,897.8052094505967,2940.947277240891,10.170543291448686
2023-01-03 12:29:00,2451.8903780756154,68.83305617199211,21.06443916093452,140.6767343728481,4.935517906470344,902.1007810919403,2962.1228375242076,10.193344193761114
2023-01-03 12:30:00,2452.2904580916183,67.6095070729124,21.803376531589826,140.6085922203011,5.2047661254668105,906.3035271123829,2997.483177721615,10.2139776856396
2023-01-03 12:31:00,2452.6905381076213,68.75444452701684,21.4299128578907,142.4341417385235,4.867756497040176,897.8022030678338,2945.146473862812,10.189594182349836
2023-01-03 12:32:00,2453.090618123625,68.01377956289556,21.70388342407376,140.88020727008802,5.126713894373505,902.2661718554581,2966.23762701358,10.214779080290528
2023-01-03 12:33:00,2453.490698139628,68.6500162881991,21.21587780630511,141.3762444829778,4.91833890149508,897.8923734154245,2978.9231123468344,10.19866712718139
2023-01-03 12:34:00,2453.890778155631,67.68120430085656,21.701879978794462,142.39153460918902,4.925255056861176,899.6738742017319,2970.8207973727667,10.192567134926744
2023-01-03 12:35:00,2454.2908581716347,68.25039929440906,21.293780283710916,141.57938303404052,5.135292391956872,895.9256125393294,2956.544628038543,10.215971362103517
2023-01-03 12:36:00,2454.6909381876376,68.38959494577132,22.038098534416648,141.4564179140769,5.012032339648362,904.6655940500876,2955.858810060241,10.207591016323766
2023-01-03 12:37:00,2455.0910182036405,68.42139075924717,21.060038802613867,141.77896773843835,4.967165228590203,896.1406054590326,2952.082311851451,10.20298194096653
2023-01-03 12:38:00,2455.491098219644,68.66372868801896,20.809156141316663,142.59514733707334,4.982663804260184,896.2437386523469,2967.5292804922137,10.191960696432522
2023-01-03 12:39:00,2455.891178235647,68.77343243027042,20.824840415588408,141.28413628266878,5.1176802232279766,897.7864863823146,2968.7865752375806,10.188915342941154
2023-01-03 12:40:00,2456.29125825165,69.59607515408986,20.78502672447576,143.0784136990977,4.574516142026047,896.4844911959776,2960.2219583392616,10.176267183557874
2023-01-03 12:41:00,2456.6913382676535,68.2270623878688,21.24149306946053,141.56826444685188,4.957661156376297,906.870534599185,2953.6522598711263,10.202219315378041
2023-01-03 12:42:00,2457.091418283657,68.06348450871431,21.156522782540677,141.4830743773949,5.294150771057162,904.7301035400507,2959.7304620087652,10.203073806998061
2023-01-03 12:43:00,2457.4914982996597,67.64512207918749,21.968175101258584,140.48944340782108,5.336428080708026,904.8945819030104,2990.6570113743537,10.231568772341472
2023-01-03 12:44:00,2457.891578315663,66.67753025933706,22.925333881437755,140.00223254010155,5.34278072367518,912.1927435736411,3001.3262906292102,10.230247869642307
2023-01-03 12:45:00,2458.2916583316664,68.6258640696278,20.997712426273498,140.75740550478372,5.022767873480723,900.9244249813592,2959.39217962186,10.192053309479384
2023-01-03 12:46:00,2458.6917383476693,67.35284369550763,22.38446104239205,141.8680737735728,5.116124922626157,903.3925456850818,2979.33844475957,10.238876247573561
2023-01-03 12:47:00,2459.0918183636727,67.93609196149572,21.82118628812956,140.38426791379402,4.953206287110267,899.3804793723765,2979.791698911765,10.205621237685527
2023-01-03 12:48:00,2459.491898379676,67.99441002776925,21.550608166574104,141.40475804492092,5.061737402447125,900.6832760382764,2998.6428349434245,10.198793459130375
2023-01-03 12:49:00,2459.891978395679,65.3206611032162,23.397396844820097,139.57896227125136,5.444859166189737,918.5544417746003,3032.2203036348337,10.26130563488029
2023-01-03 12:50:00,2460.2920584116823,68.01891923121106,21.360743875974322,141.62658087853106,5.207537295645721,903.6139445154054,2973.5110870299472,10.207143952681438
2023-01-03 12:51:00,2460.6921384276857,67.9843132534055,22.043738735991337,140.27825014835233,5.172156207972318,902.6760218233542,2980.9031116345004,10.20295339611007
2023-01-03 12:52:00,2461.0922184436886,65.29621241792924,23.381344957907373,139.60458900321373,5.4164327350383275,910.963551637756,3015.040384553085,10.253660244463363
2023-01-03 12:53:00,2461.492298459692,68.27401308385802,21.323869835350308,142.09244223140615,4.946323840882243,900.4263678239712,2961.441945867657,10.204501879148426
2023-01-03 12:54:00,2461.8923784756953,69.30371438003338,21.176750136670652,141.7637257722492,5.004438546372288,900.9278711452815,2984.796566574462,10.193183347838774
2023-01-03 12:55:00,2462.292458491698,67.91680249631158,21.7135605748553,141.1331905402817,4.92174078424094,894.9110662415305,2990.0391207319417,10.21867100432549
2023-01-03 12:56:00,2462.6925385077016,68.82125455980878,21.044835924208396,141.798059159386,5.058203900486948,903.1909699658903,2972.2646693821175,10.191185786137545
2023-01-03 12:57:00,2463.092618523705,67.96702272734744,21.122549841800186,142.32321241592072,4.972845975730749,907.6526818420557,2992.7789391124247,10.197961578457477
2023-01-03 12:58:00,2463.492698539708,67.26439370490081,22.046527189061116,141.57626606184476,5.155265255877424,905.6751316504586,2983.6006803731916,10.220375803975775
2023-01-03 12:59:00,2463.892778555711,70.16008759213072,19.680287644041574,143.31666098628426,4.902848664936913,895.6722301363305,2946.276697596012,10.172403938630064
2023-01-03 13:00:00,2464.2928585717145,70.10282761644692,20.1604977114002,142.98978600948186,4.851811818854625,892.5246630792536,2956.770048083331,10.17699104761387
2023-01-03 13:01:00,2464.6929385877174,68.34131005957914,21.083500453262815,142.11759112846244,5.007959958761689,897.8632484641943,2968.642304799015,10.192345751044742
2023-01-03 13:02:00,2465.093018603721,67.55027407256328,21.967689873591954,141.15970256214078,5.211000302448715,903.2126325104446,2993.2007323482694,10.19362069696451
2023-01-03 13:03:00,2465.493098619724,65.5908099225881,22.68872658318146,140.14729668170895,5.456237218553466,910.666811567911,3018.7369424378426,10.237556239718678
2023-01-03 13:04:00,2465.893178635727,66.92070605072179,21.720012109733226,141.95968960802963,5.188917743919326,904.613758552455,2988.854748361953,10.217363554413254
2023-01-03 13:05:00,2466.2932586517304,68.15475182334175,21.93283422490402,141.7636620986316,4.931590263548184,906.3847486701337,2970.713735572073,10.216327275937715
2023-01-03 13:06:00,2466.6933386677338,70.0991101475478,19.96510071239449,142.92097965046278,4.700368522695719,893.2845358617626,2929.54524150662,10.15307261970243
2023-01-03 13:07:00,2467.0934186837367,69.60586345772772,20.631575068919837,141.3430685265143,4.887470615150547,898.5910160463771,2961.498222906837,10.188126501908695
2023-01-03 13:08:00,2467.49349869974,68.08811963800012,20.629443005760017,142.30304128491514,4.997702879506619,898.0271808027721,2975.4923893928712,10.21124487981358
2023-01-03 13:09:00,2467.8935787157434,66.87359459514172,22.315107386235816,141.47895916289033,5.033369569543664,907.5365347385967,2969.5598976977176,10.210326215174836
2023-01-03 13:10:00,2468.2936587317463,66.61652373212266,21.72557065306693,140.36999493913052,5.2938982108590205,903.98640211432,2994.017905406569,10.231260285061687
2023-01-03 13:11:00,2468.6937387477496,68.35844768822447,21.310810125778975,141.41377355636018,5.109073330489911,900.6383674768457,2974.6994679411077,10.203405367582695
2023-01-03 13:12:00,2469.093818763753,66.31265749235247,23.016732828641373,139.37662891213222,5.300844030622981,909.8968460270909,3009.2082846714397,10.247804938822124
2023-01-03 13:13:00,2469.493898779756,67.2121432523271,22.253247733697595,141.40896075101412,5.289587064310343,905.0263608598344,2988.154725180162,10.228774902551558
2023-01-03 13:14:00,2469.8939787957593,67.73510295221253,21.66097487603606,141.05756549035166,5.072910808420234,903.5815320957466,2998.0581241479417,10.21091451771435
2023-01-03 13:15:00,2470.2940588117626,68.83956521924665,20.610644846906933,142.2085584747271,4.987592164877803,900.7587762924541,2970.200721381061,10.172007531101556
2023-01-03 13:16:00,2470.6941388277655,69.8110854803953,20.07407055942697,142.2050758372169,5.004587465931414,896.8632735613934,2965.144751236466,10.163339717498973
2023-01-03 13:17:00,2471.0942188437684,69.79201085848946,21.034394600088433,141.89963020770043,4.803949612399543,895.4620741517929,2943.1954157918135,10.177379268417281
2023-01-03 13:18:00,2471.4942988597722,66.47363596608805,21.627038095226645,141.95635939054708,5.037067061029624,902.5642146606677,2968.7770332610326,10.227245245346603
2023-01-03 13:19:00,2471.894378875775,67.02154787583291,22.244683345811836,140.69732442656633,5.294649440182083,906.9023967319781,2994.3017160158943,10.212026948757806
2023-01-03 13:20:00,2472.294458891778,68.69410190364813,20.8530629272947,141.52162908177198,4.975602587584796,906.0829146413165,2986.2161603438217,10.205691345292186
2023-01-03 13:21:00,2472.694538907782,68.72594703516323,21.48592734307547,142.87452022467983,5.027321301906588,904.2716771551346,2980.60315346001,10.217346899419317
2023-01-03 13:22:00,2473.0946189237848,66.68033933493481,21.82805341157138,141.17590510942037,5.190748258343906,911.936214255272,3004.4682865061977,10.231405430178203
2023-01-03 13:23:00,2473.4946989397877,65.65164113190079,22.437076483312943,140.18730129175322,5.318875572635349,908.2953524596096,3006.886444552254,10.225694155489947
2023-01-03 13:24:00,2473.8947789557915,67.86714617858723,21.76161201950956,141.4983811438562,5.173318163038303,905.2067020042525,2973.434182552678,10.230092876200068
2023-01-03 13:25:00,2474.2948589717944,68.22137611414992,21.209533714406334,141.39288025093106,5.066527708397919,891.2825434679179,2948.577831926556,10.18324331485554
2023-01-03 13:26:00,2474.6949389877973,66.20110937324486,22.5625772395786,140.02434642195485,5.415651415970116,909.2628913776069,3006.139113053168,10.24922989604785
2023-01-03 13:27:00,2475.095019003801,67.08434767115195,22.041135239358386,140.41134721964738,5.329943136527871,908.9567065659936,2991.795237238873,10.217010628499406
2023-01-03 13:28:00,2475.495099019804,67.29437380329054,22.152834408056833,141.32776390054556,5.173499331329834,905.138306781409,2996.714409120803,10.202086493107759
2023-01-03 13:29:00,2475.895179035807,66.6471050618816,21.671787720561348,142.14654936614184,5.177088279809276,902.8944130134008,2973.842168553579,10.21718051066924
2023-01-03 13:30:00,2476.2952590518107,67.96721349731287,21.16653615096772,140.93736701700155,5.02223843798473,900.582973694192,2944.581012392426,10.200398099876596
2023-01-03 13:31:00,2476.6953390678136,67.13310294593279,21.420041782271785,142.45653100234946,5.263712485613408,907.1750952753185,2967.2488495667226,10.208757860014499
2023-01-03 13:32:00,2477.0954190838165,69.16454147427015,20.251045789499795,142.82668528357402,4.929339423510134,894.6376749583264,2946.7023938984535,10.165742272450567
2023-01-03 13:33:00,2477.49549909982,66.75666654124802,21.815088356513748,140.55533830220241,5.040062415938614,907.7743822397158,3001.9607693045227,10.22619711975527
2023-01-03 13:34:00,2477.8955791158232,67.31793669525955,21.16905820893773,141.36487141425232,4.99312510308827,904.8974481570502,2959.032991974008,10.201604769462065
2023-01-03 13:35:00,2478.295659131826,66.65837110639302,22.134337855214618,140.15963102971685,5.324775291012271,909.8858015364077,2969.739746234219,10.259352374528826
2023-01-03 13:36:00,2478.6957391478295,66.6967733000208,21.534273083303848,140.71366498161427,5.164109818997746,901.4956674668655,2976.5579637201126,10.212984181911878
2023-01-03 13:37:00,2479.095819163833,67.0929597185774,22.333922782215982,140.6133195906293,5.274003961106331,906.6996852643659,2989.323027457998,10.201988650731248
2023-01-03 13:38:00,2479.4958991798358,68.1747040016586,21.039119464377098,141.2040147579352,4.908482219586056,900.1461421910088,2936.9422806543407,10.18228497306362
2023-01-03 13:39:00,2479.895979195839,67.36995038696976,22.057008926714676,140.93597453863637,5.193179019660085,909.4090751925256,2994.93540732676,10.215060047003254
2023-01-03 13:40:00,2480.2960592118425,68.42316377218509,20.993334944770904,142.21686477177758,5.1064451023166155,899.6147175346274,2972.051477616869,10.195819477266847
2023-01-03 13:41:00,2480.6961392278454,66.96494047229567,22.132333320169995,140.64683112237668,5.072591335086852,898.9551483093813,2991.9194703137723,10.22867726826735
2023-01-03 13:42:00,2481.0962192438487,68.03791262033508,20.42919216228845,141.99853103902234,4.918588129947023,897.1438935543557,2972.3351551547216,10.189013692196474
2023-01-03 13:43:00,2481.496299259852,68.68086145364128,20.19817856006893,143.00232728846518,5.078835650318247,896.0442121815788,2946.942363670571,10.187386353857548
2023-01-03 13:44:00,2481.896379275855,66.98981284129725,21.779268125409807,140.66072906972258,5.07366256032322,902.6618030975618,2972.484753941235,10.207784660398037
2023-01-03 13:45:00,2482.2964592918584,65.61677188421535,22.5963695614049,139.86735425499577,5.456642233431492,912.0812192315024,3005.023469319663,10.222696294149907
2023-01-03 13:46:00,2482.6965393078617,68.5014800508714,20.884607502208226,141.29960584037332,5.079137616157867,898.5757739197012,2958.7068492166654,10.187976412280396
2023-01-03 13:47:00,2483.0966193238646,69.79565110265833,20.51961672718918,141.88719508168663,4.726176279860371,894.1200461115811,2967.786751650075,10.166123539696432
2023-01-03 13:48:00,2483.496699339868,66.89689155517495,21.937576791863307,141.51741967753895,5.14935121686959,903.5077722503489,2986.776514486983,10.226223058777533
2023-01-03 13:49:00,2483.8967793558713,67.62667710172963,21.465463837266793,141.0964460572656,5.125372057755843,902.4966152716756,2988.32319697824,10.220006429596191
2023-01-03 13:50:00,2484.2968593718742,69.05641590229104,20.216658677750456,142.90704264740668,4.769369914124064,895.75649104376,2935.5884320808304,10.15801165203616
2023-01-03 13:51:00,2484.6969393878776,67.76158410296522,21.523285548996036,141.60480681067963,5.1270903978253894,902.7283311015286,2975.8518159709256,10.202678602866838
2023-01-03 13:52:00,2485.097019403881,66.1809359766217,21.3642161105603,141.5008946655546,5.220919802554169,906.1914194304096,2985.3578502656264,10.231977853146951
2023-01-03 13:53:00,2485.497099419884,66.84356129650546,21.866684484598785,141.29763559133698,5.171965298307696,904.5571931368221,2950.058439418394,10.209413875290227
2023-01-03 13:54:00,2485.897179435887,66.60352904800767,22.36887952987071,140.67745918181615,5.276477256892111,902.6816090530746,3001.201628545809,10.224894676105322
2023-01-03 13:55:00,2486.2972594518906,67.32505936261374,21.86506838591447,140.4263966125139,5.221219976168964,900.0269754198055,2978.4291953780084,10.233643253723153
2023-01-03 13:56:00,2486.6973394678935,67.09364935246484,21.39615007573967,141.39918609662158,5.2366217686875975,901.5974319299963,2962.389986566434,10.213554705405123
2023-01-03 13:57:00,2487.097419483897,66.93161372885461,21.487057055295754,141.50951532968344,5.222343678192104,901.0321837425465,2978.974729077966,10.219300856962269
2023-01-03 13:58:00,2487.4974994999,65.37828728455693,23.317345874899818,139.49859737854956,5.450229157268972,915.3021336068234,3028.144790844689,10.244118853090995
2023-01-03 13:59:00,2487.897579515903,66.34727557501238,22.390938547161735,139.77900932947458,5.152768830526507,903.4752930650909,2995.125870395627,10.221360924755174
2023-01-03 14:00:00,2488.2976595319064,66.40870421777645,22.913115801568633,140.57742031060442,5.300539505164191,909.7965848400067,3014.85048814152,10.226384198029617
2023-01-03 14:01:00,2488.69773954791,67.00481519318969,21.74853228719607,141.59351562233672,5.271727606577884,909.9381273900145,3011.881256305273,10.22568848201728
2023-01-03 14:02:00,2489.0978195639127,67.55156512071986,22.05900041905684,140.2611180576522,5.2782724704171855,906.2197294148172,2985.5938595692046,10.208753576170427
2023-01-03 14:03:00,2489.497899579916,69.09856219106993,20.36698311253928,142.3616849692573,4.993374705465386,899.4705635716379,2953.700971930329,10.167672939622525
2023-01-03 14:04:00,2489.8979795959194,66.71788471752672,21.235471958084542,139.96716955391148,5.164185792786833,908.9147190511568,2990.974119623276,10.218857619742225
2023-01-03 14:05:00,2490.2980596119223,65.74404063761378,23.10474908863793,140.49984964641442,5.40130444156395,911.1268850190046,3020.361130010438,10.248178252641235
2023-01-03 14:06:00,2490.6981396279257,67.56128112737117,22.191327398160652,141.63244626460425,5.243243561262006,907.2326133034705,2981.738133897304,10.218090058975319
2023-01-03 14:07:00,2491.098219643929,66.89881255530433,22.163241136567425,141.23337812101585,5.2849511553034825,903.6202941072822,2992.9933949133724,10.212705023713617
2023-01-03 14:08:00,2491.498299659932,65.81455265531429,22.25630835039641,140.61709327594406,5.2750950111418735,914.7324566301613,3019.205449860282,10.256409307333513
2023-01-03 14:09:00,2491.8983796759353,68.36505879436858,20.769509718007853,142.31148898554662,4.968714039625138,898.6812032294519,2959.2605812506345,10.192006448614928
2023-01-03 14:10:00,2492.2984596919387,68.5191255899401,20.535772983061452,141.91203617796683,4.845800537633313,894.7275126405822,2967.6425305771627,10.17761412307008
2023-01-03 14:11:00,2492.6985397079416,67.16505551682042,21.68584482774443,141.59010884404555,5.17442226607941,898.6878096475324,2983.1106409206063,10.206630699365576
2023-01-03 14:12:00,2493.0986197239445,66.50471766372928,22.06751069731651,140.50205246648542,5.301663400679963,906.35634329141,2992.09742608258,10.243180431195123
2023-01-03 14:13:00,2493.4986997399483,67.34706707293276,21.100435472596708,141.7509085076251,5.045396099066832,895.5798914329048,2968.3587309213144,10.198565755622392
2023-01-03 14:14:00,2493.898779755951,65.98248305059374,23.052151847942874,140.1616962093622,5.338086992381972,915.4229187824166,3025.633613038752,10.243129159246104
2023-01-03 14:15:00,2494.298859771954,68.1671065339389,21.533743897624092,141.75501084374443,5.007989517640789,905.4351366322304,2982.2906760783235,10.18093272285184
2023-01-03 14:16:00,2494.698939787958,66.35239447439756,22.371862513416396,140.65544819279475,5.452079722159602,909.224035663368,2971.0033020384567,10.245665842926732
2023-01-03 14:17:00,2495.099019803961,65.59503277971379,22.72371309055832,139.94594504740587,5.420429620709808,909.4694792551646,3008.4835661327957,10.242385500081927
2023-01-03 14:18:00,2495.4990998199637,65.5861550156636,22.403476888318764,140.75310632634435,5.326311543494129,904.7836916046606,3015.646548903932,10.239661686280446
2023-01-03 14:19:00,2495.8991798359675,66.9248724354137,21.711836389987063,141.47659278742506,5.280480248908844,901.7853305947833,2993.3688540307485,10.20336248199737
2023-01-03 14:20:00,2496.2992598519704,65.49723818229772,23.329022018348297,139.9850655301822,5.589964394303138,912.9809226440998,3004.1910357345478,10.250804489933126
2023-01-03 14:21:00,2496.6993398679733,66.44577027325607,21.60642159583906,140.73113547618706,5.1643954311590345,902.9859029348181,2976.8682467889944,10.207673813813399
2023-01-03 14:22:00,2497.099419883977,68.25294874649579,21.06548698291498,141.298674147838,4.936391799800162,899.9530773104751,2971.0737726989364,10.184052230834732
2023-01-03 14:23:00,2497.49949989998,67.04152319557063,21.832623533922416,141.43504459565472,5.163712083714679,900.5700505656754,2986.282491761595,10.220387984365905
2023-01-03 14:24:00,2497.899579915983,66.70571504522235,21.180730982441123,140.74741752009248,5.122021523857501,900.9188032166189,2982.548270958589,10.217548510403464
2023-01-03 14:25:00,2498.2996599319868,67.18909418552956,21.11925435230479,141.12513076736724,5.146460465174449,901.6227404936913,2982.5625421701607,10.212419430284815
2023-01-03 14:26:00,2498.6997399479897,65.82969709730796,21.75690348067106,140.01789914927318,5.271492596119339,909.5273205184225,2993.0492529574935,10.227131169351921
2023-01-03 14:27:00,2499.0998199639926,67.43817706731558,21.1681383396358,141.9894431035967,5.285876057404772,901.1983943336475,2966.1854327218325,10.202286681719363
2023-01-03 14:28:00,2499.499899979996,66.27355447583126,22.943066886485266,139.58737373340256,5.267885641267201,907.3745135443888,3017.053545285423,10.216581869878242
2023-01-03 14:29:00,2499.8999799959993,66.29694207055054,22.27446057407995,139.89471820108477,5.168755655628444,906.6136662876766,3010.206999912205,10.241701362791131
2023-01-03 14:30:00,2500.300060012002,68.18761562947282,20.336653788085332,141.681304619381,4.8863960472386525,902.3378113004137,2959.445594296662,10.207354121678089
2023-01-03 14:31:00,2500.7001400280055,66.3491134527718,22.348503429642527,141.1491840851256,4.910672438618515,907.5342098818691,3004.7727163301847,10.207209912712624
2023-01-03 14:32:00,2501.100220044009,66.78774540258436,21.768676938516286,141.2073530088364,4.9424394316030495,900.1594789040735,2975.7761433770124,10.191450217706652
2023-01-03 14:33:00,2501.500300060012,65.93764752484527,22.25944366212318,140.35621173638876,5.138250901129278,907.3702712895109,2999.5074619133006,10.21289445468001
2023-01-03 14:34:00,2501.900380076015,64.99613801059941,22.87369752284075,141.02564874276177,5.4868070946036855,910.0918644919997,3009.3277470975595,10.25392272839219
2023-01-03 14:35:00,2502.3004600920185,66.95900002301705,21.430888980785724,141.51373136477557,5.010090709832978,905.8226505393123,2968.5916893152857,10.200631224447754
2023-01-03 14:36:00,2502.7005401080214,66.42211913061658,22.568426142856985,139.7454150491503,5.086358303414506,903.0712915715245,3002.50212079355,10.229714801284402
2023-01-03 14:37:00,2503.1006201240248,67.10669467898366,21.443101787017618,141.21585317909424,4.974206132711897,899.8139203418102,2984.079120851997,10.205369188530938
2023-01-03 14:38:00,2503.500700140028,66.67211857616111,21.836007646653147,140.13072067093503,5.2140290546101715,907.382381921381,2995.2267476288725,10.214639197802482
2023-01-03 14:39:00,2503.900780156031,65.26027310756037,22.469597172343125,140.18931605653967,5.272613449736747,910.6541248616146,3007.83930931738,10.232364489239494
2023-01-03 14:40:00,2504.3008601720344,67.55787938301418,21.059138908062735,142.48042638216316,4.957351874793809,897.6224464231308,2949.0651382519304,10.187901024688818
2023-01-03 14:41:00,2504.7009401880377,65.70314004571328,22.330690500477093,140.93845833928756,5.182881173405162,907.4848460188861,3001.835003644202,10.212551012483408
2023-01-03 14:42:00,2505.1010202040407,64.80258203451167,22.51528570722733,139.8450970979744,5.292511309204262,909.7011604789283,3036.030514335989,10.259247077466238
2023-01-03 14:43:00,2505.501100220044,64.27312885026821,23.295262579357573,139.2340555931898,5.439093560946668,915.0766590405791,3029.6972442544006,10.276876102369394
2023-01-03 14:44:00,2505.9011802360474,66.03424228041938,22.246342479306826,140.81436910132467,5.1931247606278506,909.3625016512316,3000.4059754277223,10.23241349605897
2023-01-03 14:45:00,2506.3012602520503,65.49093539335607,22.267575865471375,139.77401196618524,5.345480232077637,905.056279216002,3012.8036265333176,10.22278191444918
2023-01-03 14:46:00,2506.7013402680536,65.2458462084648,22.66664123908383,140.05956453924284,5.278709082150207,909.0519272308997,3014.407659923538,10.245818366690289
2023-01-03 14:47:00,2507.101420284057,65.73287504612931,22.30934299487744,141.00822931184246,5.318507789690996,905.7443087433921,2990.2529769506136,10.220265780493794
2023-01-03 14:48:00,2507.50150030006,66.2092211476917,21.884568362198888,140.2713243334688,5.288227978996608,904.0636706413725,2992.4493054634304,10.216784507400263
2023-01-03 14:49:00,2507.9015803160632,67.78521240370281,21.147878659391605,141.08743633970954,4.9284657556359655,900.0725915363024,2983.770939140862,10.204292445262872
2023-01-03 14:50:00,2508.3016603320666,65.97808185690872,21.89970236642061,141.94350205258309,5.247290920675813,906.3105436895962,3000.310075668176,10.218345741586186
2023-01-03 14:51:00,2508.7017403480695,65.68909110869185,22.41088101813396,141.30487248342837,5.196664746152266,908.0008298053708,2967.595016161764,10.230119448208026
2023-01-03 14:52:00,2509.101820364073,65.67925669617647,22.630259304565072,139.52138961351272,5.471754561341529,906.9108235599942,3013.461424088779,10.229680432182848
2023-01-03 14:53:00,2509.501900380076,65.05901670761075,22.7543497893166,139.72584695939315,5.313028644644262,907.997052346456,3015.542215092482,10.244766683093363
2023-01-03 14:54:00,2509.901980396079,66.17448410090768,22.005761522202892,140.88063388509008,5.288132362693055,903.0986844262426,2984.896421285994,10.214472196996313
2023-01-03 14:55:00,2510.3020604120825,66.38033091690433,21.659564029194804,141.96889620613334,5.319743738643805,905.8083777679051,3009.249754732855,10.22503281523923
2023-01-03 14:56:00,2510.702140428086,66.53727399513672,21.407234791346855,141.98153411401935,4.909239771090086,905.902377313831,2982.2354718467477,10.206462721658564
2023-01-03 14:57:00,2511.1022204440887,66.73884673632507,21.382946931991544,142.23314087998776,5.181819182883818,899.7898808164313,2958.5703684185896,10.196693724442875
2023-01-03 14:58:00,2511.502300460092,65.97725844163406,22.37281520650719,140.95750037916625,5.178863996457511,910.3792958190908,3003.8332143687257,10.236013764239992
2023-01-03 14:59:00,2511.9023804760955,67.0809892663044,21.505187660389776,140.95491588297446,5.1500190888503905,900.9391144696086,2989.7754343979245,10.223229222946612
2023-01-03 15:00:00,2512.3024604920984,65.25544607215038,22.447814928146414,141.12557692380113,5.323517374150075,904.9881972060766,3000.1866484828347,10.20741471673579
2023-01-03 15:01:00,2512.7025405081017,68.1415313572772,20.67672733606716,143.02182703959616,4.835356884357122,900.8195620716784,2949.6367760496073,10.181047818043151
2023-01-03 15:02:00,2513.102620524105,65.4938866317574,22.38770212407097,141.13769515597514,5.227782580672997,907.4942588411074,3002.506276479965,10.23452800667154
2023-01-03 15:03:00,2513.502700540108,65.75630396084173,22.122682011747,141.4334630439387,5.231015160057035,910.2722858208384,3001.2854686926394,10.232398807089503
2023-01-03 15:04:00,2513.9027805561113,66.12504230656735,21.24584831860866,142.30127082444926,5.131551860117877,904.4133633251719,2972.853038302215,10.201630885037888
2023-01-03 15:05:00,2514.3028605721147,68.44111397244761,19.76639506776328,143.1244479666929,4.879688679701232,894.4943461739522,2928.711461593496,10.162107292543556
2023-01-03 15:06:00,2514.7029405881176,66.90106075395343,21.19489625837197,141.8531570440386,4.922978685478691,900.1366917935319,2977.0935173604307,10.199131418729822
2023-01-03 15:07:00,2515.1030206041205,68.36072328755421,20.250465902009832,142.68353278610192,4.802983438465178,897.0200282684037,2948.8141252903865,10.180423197693177
2023-01-03 15:08:00,2515.5031006201243,65.87483983793932,22.805742961257025,140.75198426570003,5.380472055779093,908.4293532434208,3016.7301509129734,10.241515263033307
2023-01-03 15:09:00,2515.903180636127,64.82942675140973,22.775116713855994,140.36460911037312,5.394473901963357,905.4957387981625,3022.114315894667,10.249454317031072
2023-01-03 15:10:00,2516.30326065213,64.92476904474826,23.093040141788645,140.2446009890421,5.429488834445086,908.738460133325,3028.172510370462,10.252626582059944
2023-01-03 15:11:00,2516.703340668134,67.41079038798165,20.704407485563408,142.26634679882267,5.030322215405003,899.7062337060787,2947.2213768293836,10.179149541289684
2023-01-03 15:12:00,2517.103420684137,66.75928652049072,21.449698259579396,141.36910789110385,4.932453717646035,905.6078616375557,2991.256825450887,10.214355242779058
2023-01-03 15:13:00,2517.5035007001397,64.68084293472103,22.42749549652186,140.57114370557,5.268426241009201,911.5855618509472,3010.0600848223144,10.242297949341923
2023-01-03 15:14:00,2517.9035807161436,63.73608149300448,23.48464765245577,140.04490192037372,5.6520422693520285,914.3113072523465,3034.6457859919424,10.269987862970376
2023-01-03 15:15:00,2518.3036607321465,65.66576761707121,21.542858729647595,140.65809099407707,5.153045779476951,908.0225260707435,2989.7019823526302,10.209019264046933
2023-01-03 15:16:00,2518.7037407481494,64.16634148174444,22.561274942541296,140.4041781189642,5.221969415529753,905.756964783292,3005.536188181214,10.230543081610094
2023-01-03 15:17:00,2519.103820764153,66.90942745810408,22.150904902590515,141.16548081900828,5.075012568320126,913.0208259850193,2974.211762358375,10.224067568500695
2023-01-03 15:18:00,2519.503900780156,67.15117814274087,21.481987044893437,142.5794340081862,5.035951290841673,900.5300255892192,2978.2540548857946,10.203858673071602
2023-01-03 15:19:00,2519.903980796159,64.4225719750175,23.341239830705216,139.49631427778442,5.437624045507019,912.791807346273,3030.160536433633,10.255357804907593
2023-01-03 15:20:00,2520.304060812163,63.67262856917501,24.885544608870212,138.73969374442663,5.820974807074724,912.3092438282899,3042.9876505165034,10.283321663833668
2023-01-03 15:21:00,2520.7041408281657,66.10501826540562,22.28844958157589,141.56355230611774,5.225760784163772,904.7061487185237,2980.417292960133,10.218744860318942
2023-01-03 15:22:00,2521.1042208441686,65.0290626389375,22.089659112480597,140.6449691458165,5.2557577640178215,910.6877444893382,3008.0192234513393,10.237092214719645
2023-01-03 15:23:00,2521.504300860172,67.03733763658208,21.430034387798916,141.48296505239873,5.174424268422867,902.5018459512421,2975.9893722041675,10.193369462503833
2023-01-03 15:24:00,2521.9043808761753,64.07391757345397,23.44713731277649,140.41980903282973,5.43215159915519,907.1672025794096,3038.1470665025167,10.246711300498985
2023-01-03 15:25:00,2522.304460892178,65.60266308112011,21.97055645313166,140.01148527991612,5.288368276271947,906.2265401941281,2995.1807965437624,10.213420798134353
2023-01-03 15:26:00,2522.7045409081816,64.05663053004153,22.351899430183945,140.18203732903407,5.559635136332593,904.6063121347692,2993.652864260719,10.278019272515186
2023-01-03 15:27:00,2523.104620924185,65.01219632797549,22.04291729236508,140.56115847868455,5.4747330050133245,912.1070652089556,3010.800048199529,10.248830817636245
2023-01-03 15:28:00,2523.504700940188,66.02457427963158,21.568434891599054,141.69754755136455,5.150024221221463,906.3817444499496,2991.021537606831,10.21276228601038
2023-01-03 15:29:00,2523.904780956191,64.46782355196363,22.569947278326946,139.71275592386692,5.462148166126405,907.0054940594003,3010.0208131560466,10.242264051106297
2023-01-03 15:30:00,2524.3048609721945,65.64430528311681,22.207895273004937,140.30774156699837,5.393345911670881,907.2210773405385,2981.802546525959,10.216895727584163
2023-01-03 15:31:00,2524.7049409881974,64.90705891844775,22.54322143492199,141.11433282207602,5.246466231260471,904.5902212313525,3026.2364513358953,10.224446495598121
2023-01-03 15:32:00,2525.105021004201,66.43659268108438,22.15764268882858,141.29073050978653,5.008196515401075,902.0132590670441,2983.6772910351674,10.209906415957308
2023-01-03 15:33:00,2525.505101020204,64.88380048026738,22.636899548501336,140.69376885473972,5.484992521897086,908.0057089732678,2994.924161209137,10.240765732857021
2023-01-03 15:34:00,2525.905181036207,65.71399920621249,21.87605961885703,140.59047171723316,5.084678354389719,905.5774510507968,2999.1897570090528,10.210849109930177
2023-01-03 15:35:00,2526.3052610522104,63.92989438031694,22.942422770755005,139.47421298413144,5.658050298396568,912.1580543930378,3009.132945504499,10.25767612126864
2023-01-03 15:36:00,2526.705341068214,65.482603006185,22.310982275233485,140.6843793706545,5.13742735235829,905.7283341344072,2981.4716269251703,10.222882704490475
2023-01-03 15:37:00,2527.1054210842167,64.22399205846231,22.962628079114598,140.67088750816566,5.310530782454199,911.4990766131451,3010.9110506020083,10.249259373036708
2023-01-03 15:38:00,2527.50550110022,64.30394308468459,22.739948168474363,140.0440050430376,5.419097966275094,906.8926647522428,3009.591238239687,10.265870999637107
2023-01-03 15:39:00,2527.9055811162234,66.10035613811972,21.82232738741124,141.41368310714668,4.924172548823085,901.3595148731634,2969.733859206328,10.206785914229755
2023-01-03 15:40:00,2528.3056611322263,65.09590936576075,22.277153104765738,141.2976268266637,5.567375390018734,908.0875181917996,3009.1608595095117,10.237438173534049
2023-01-03 15:41:00,2528.7057411482297,65.13544322685001,22.30671233882765,142.0471379377949,5.396989547800852,904.5933085337019,2997.4751923558047,10.214812729969683
2023-01-03 15:42:00,2529.105821164233,64.33825508280876,22.566583598275294,139.5818920196439,5.5023696580854065,917.1139615607955,3007.997382049143,10.233949081164956
2023-01-03 15:43:00,2529.505901180236,65.73325615379544,21.527602059586084,139.73623256113495,5.0909970507475455,906.4505991213782,2993.377140173273,10.215009032698598
2023-01-03 15:44:00,2529.9059811962393,65.8380389036915,21.814373317695896,140.47894475444465,5.365190390528358,901.8224715576055,3002.8620052222236,10.211789925244842
2023-01-03 15:45:00,2530.3060612122426,64.36096879510713,22.808594527888836,139.42403013596387,5.554446055302706,908.0777932257851,3024.941355095932,10.250180208921511
2023-01-03 15:46:00,2530.7061412282455,64.89431198585629,23.342003886676874,140.2986937596721,5.420259187076831,911.2215038892048,3004.351744080634,10.253386032390297
2023-01-03 15:47:00,2531.106221244249,64.26984388104319,23.257783603847706,139.6978881920863,5.564775598144918,912.1938627647826,3036.7635243480036,10.240192415690823
2023-01-03 15:48:00,2531.5063012602523,62.94779078765327,23.74978184441399,139.09432788652487,5.660637691435707,915.2129325599618,3046.8039290959546,10.273865360562914
2023-01-03 15:49:00,2531.906381276255,64.08867007794149,24.047410559708318,139.8399035632473,5.425265426024595,909.6447627121829,3027.263571454816,10.260043383976708
2023-01-03 15:50:00,2532.3064612922585,65.62197804882928,22.07653288529422,139.62606846707104,5.223467677858792,902.7030956457608,2981.8439774795193,10.237074643278241
2023-01-03 15:51:00,2532.706541308262,63.986779373458226,22.918414210980018,139.65407102845762,5.394504704965823,907.6898027130236,3020.547396351602,10.247177607542586
2023-01-03 15:52:00,2533.106621324265,64.28325776179463,22.910753436903704,140.04004732532516,5.2436722617155445,907.3194616042202,3016.324999638847,10.255417960098168
2023-01-03 15:53:00,2533.506701340268,64.42929522229404,22.492587707643207,141.00771193228658,5.385504641361289,903.9553699397462,3006.1992451940596,10.229359042130783
2023-01-03 15:54:00,2533.9067813562715,65.34135163269191,22.085420820627355,140.98648165093803,5.309522692478088,907.005969614309,3003.383217088968,10.224261247711118
2023-01-03 15:55:00,2534.3068613722744,62.1492201580161,24.095141437480745,139.27483404821885,5.663625709772895,916.7844134185784,3041.1966795349545,10.277926031704027
2023-01-03 15:56:00,2534.7069413882778,64.96292527926306,21.85217817110291,140.73629380356755,5.409232121827417,908.152334270982,2996.556412550544,10.227806129489789
2023-01-03 15:57:00,2535.107021404281,64.26117689076598,22.469952182916515,139.94704697593616,5.458302924629158,915.0374850394368,3023.1304143376296,10.261018066135769
2023-01-03 15:58:00,2535.507101420284,63.62409810221738,23.072830160107856,139.89967049310644,5.4087441587988945,911.2826654287363,3010.9858297760197,10.267200065048273
2023-01-03 15:59:00,2535.9071814362874,62.647489356077315,23.334055588348097,138.99533683674835,5.554209348356329,913.6731147213678,3048.166311293229,10.277898671492991
2023-01-03 16:00:00,2536.3072614522907,64.40182204939629,22.922160936864742,140.2123054594715,5.406479571279565,912.2125418008901,3025.6195227359644,10.24447531608322
2023-01-03 16:01:00,2536.7073414682936,64.08179300472668,23.02108161018933,140.92207018848393,5.104054275033987,905.654643520312,3007.2197850302305,10.258287503709992
2023-01-03 16:02:00,2537.1074214842965,64.22567476274784,23.45318780820955,140.09158729167916,5.618039280442286,909.8449504521355,3001.488021360277,10.246681978016962
2023-01-03 16:03:00,2537.5075015003004,63.281596718185355,23.78820869902435,139.06997095907232,5.635134039115674,914.9813404724284,3030.7992738081493,10.279566482007294
2023-01-03 16:04:00,2537.9075815163033,64.61723105167822,22.87341797807748,141.00112307801243,5.372101431844687,907.145815683877,2997.884909727656,10.222249047645835
2023-01-03 16:05:00,2538.307661532306,63.86384973920364,22.463196884751607,140.21063811479422,5.505390575925611,913.690223471186,2997.730553310962,10.24500861242038
2023-01-03 16:06:00,2538.70774154831,63.31857319398814,23.860657065189542,139.86964336244912,5.582177118854401,910.6664251446682,3022.7561663632623,10.25549578268149
2023-01-03 16:07:00,2539.107821564313,64.79181218388533,21.866070314047793,140.70698785658,5.118707443315208,901.5113280567457,2992.880847860461,10.229551278513018
2023-01-03 16:08:00,2539.507901580316,63.86722797018366,23.479986111518524,139.7767837648886,5.182267662632478,918.1798746950054,3035.594789508123,10.261811291904339
2023-01-03 16:09:00,2539.9079815963196,64.47677237498063,22.43526736520715,140.86681996704584,5.502401800818209,910.2936876986362,3010.1894140594145,10.219465334099727
2023-01-03 16:10:00,2540.3080616123225,65.56216714998799,22.365533708381093,140.32915945007716,5.193399540030637,913.7900156362691,2992.481076036592,10.206289552290983
2023-01-03 16:11:00,2540.7081416283254,63.227282476484575,22.650604974693444,139.82756063405014,5.378502580235041,906.106975610396,3014.4204128582846,10.250704016548804
2023-01-03 16:12:00,2541.108221644329,64.7868786768653,22.658274539369906,140.89693409432007,5.17741451283603,905.5605125770066,2986.432664722621,10.23128535566701
2023-01-03 16:13:00,2541.508301660332,63.85556220438383,21.969177079657655,140.2249320353399,5.286490240998867,904.1878568256063,3005.7782184182765,10.219836943054377
2023-01-03 16:14:00,2541.908381676335,61.9906918353219,23.929279981846943,138.53240112199515,5.621682536426775,921.329845877619,3050.1043443874987,10.275880732078118
2023-01-03 16:15:00,2542.308461692339,64.76835286352609,22.25051155247351,139.68581231040963,5.209463861440552,899.8779439751238,2997.399147195316,10.216276533914955
2023-01-03 16:16:00,2542.7085417083417,62.90841763830329,24.03843714302976,139.78561178919585,5.586185946350484,912.216369402099,3036.382023223786,10.280760439827098
2023-01-03 16:17:00,2543.1086217243446,63.677997305813456,23.06254388067864,138.42578979882344,5.498766679846452,914.5856061879539,3042.9591756673026,10.255101519021746
2023-01-03 16:18:00,2543.508701740348,64.3690072300972,21.851218125199384,141.54717400050083,5.38466035537167,907.9953916146992,2998.510017645152,10.233032870076222
2023-01-03 16:19:00,2543.9087817563513,63.90537936831335,23.258424961528902,140.01673783050305,5.460083132412244,909.9336717497514,3023.964396474612,10.233262668271712
2023-01-03 16:20:00,2544.3088617723542,62.893673356363394,23.764043734970404,138.97526951088528,5.512944782358154,916.2197617381308,3030.6960454409814,10.282695864196354
2023-01-03 16:21:00,2544.7089417883576,64.27828114564419,21.75078658029321,139.9026685876785,5.289231296900708,910.0397414359376,2987.500236367209,10.220368423247226
2023-01-03 16:22:00,2545.109021804361,64.2381055951391,22.40095353018433,139.61626189254414,5.203564773204603,909.5138703087343,3005.51943554676,10.248233143325638
2023-01-03 16:23:00,2545.509101820364,65.52862688999716,21.987764842047767,140.3447989275283,5.307728051693311,905.0084218702593,2977.523641504849,10.226829920530276
2023-01-03 16:24:00,2545.909181836367,64.59715746342978,22.728393027183873,140.7072467453242,5.453052245262099,904.7684186989089,2997.4109000978856,10.22269280483818
2023-01-03 16:25:00,2546.3092618523706,64.0720484809869,23.173048557164222,140.42441472751162,5.56605158953527,913.3777555160235,3032.2391492204833,10.264535127396302
2023-01-03 16:26:00,2546.7093418683735,61.973232633380576,24.171965678451237,137.99861638038726,5.674315990999112,919.33961470609,3057.2910243728006,10.294349777626335
2023-01-03 16:27:00,2547.109421884377,62.14759100125091,23.816063264138947,139.28677820025965,5.513455716297403,917.8534496363023,3053.8612432643513,10.293848603227099
2023-01-03 16:28:00,2547.50950190038,63.398902093095565,23.944775232349905,138.63117712554623,5.581205029010622,912.514037169423,3021.450297570768,10.268915688971157
2023-01-03 16:29:00,2547.909581916383,65.87049115190726,21.918067589145668,140.9012417362631,5.063827610567034,897.7869138923692,2969.8713029925843,10.215964352876627
2023-01-03 16:30:00,2548.3096619323865,63.62140476682375,23.001903026338727,140.45669104235765,5.375013317497825,911.5108973000831,3017.7401396554023,10.252285062575687
2023-01-03 16:31:00,2548.70974194839,63.9128633449937,22.88498644783224,139.66724740284607,5.455256404268739,908.2643732023499,3004.532526886602,10.210949139109088
2023-01-03 16:32:00,2549.1098219643927,64.55226165412411,22.263990122313416,141.5655110809145,5.164409206782128,906.6606531164779,2997.666876681925,10.23003815654618
2023-01-03 16:33:00,2549.509901980396,62.04534722325415,23.4085055717324,139.69606805251595,5.574760922990516,915.0175282236956,3024.582142543516,10.280517582040444
2023-01-03 16:34:00,2549.9099819963994,62.16341945456566,23.861398550458418,139.6476928449708,5.442900001294119,910.2979378716122,3028.126365556727,10.270307914942752
2023-01-03 16:35:00,2550.3100620124023,62.374385218362335,23.654458554513013,138.9537862446072,5.550537109137562,915.2318694083796,3032.1900735659424,10.267936211370758
2023-01-03 16:36:00,2550.7101420284057,64.17089098877281,22.432183404940563,139.75030407158062,5.332197318914532,910.780084557577,3011.635165768047,10.237456383481923
2023-01-03 16:37:00,2551.110222044409,62.907213801618546,23.6201807478422,139.10728809833603,5.683177805822989,917.136294842949,3033.239330680502,10.269497695628205
2023-01-03 16:38:00,2551.510302060412,63.19440458573011,22.912974081839188,140.21598929644358,5.418646496759061,904.6528525527835,3016.457219527886,10.245935435899732
2023-01-03 16:39:00,2551.9103820764153,61.313119116969354,24.65187802810569,138.87657883336783,5.62092170929208,913.4836318534097,3052.185464339709,10.28951403420005
2023-01-03 16:40:00,2552.3104620924187,62.5006804770134,23.67905247036535,139.16845500170666,5.467157617249859,911.5916374185762,3032.652014753335,10.262693838296551
2023-01-03 16:41:00,2552.7105421084216,62.69208508132282,22.947036566091526,139.39347605601236,5.5721404085776065,911.3101946195076,3019.7634244062097,10.263620177467923
2023-01-03 16:42:00,2553.110622124425,63.3942920724589,23.04110260526912,139.49664035912087,5.2020681359691885,904.2360086003328,3014.32931561874,10.228791240299277
2023-01-03 16:43:00,2553.5107021404283,62.51960365248623,22.25360423207713,141.10730202587067,5.343415032290779,909.068798563624,3027.8430361971386,10.258979426650287
2023-01-03 16:44:00,2553.910782156431,62.52374210711686,23.019222327630537,139.65692860007744,5.289902853467534,906.3334537725966,3002.2139432449253,10.259508845177788
2023-01-03 16:45:00,2554.3108621724346,62.66469501767402,22.537045359037485,139.41428673433504,5.378717886642989,905.890851180788,2999.8678517586027,10.225540347841722
2023-01-03 16:46:00,2554.710942188438,64.24342465680247,21.431033946738822,139.90388234156768,5.181503550819981,904.2719740192692,2993.1186599248954,10.211193255418552
2023-01-03 16:47:00,2555.111022204441,62.73003437589583,23.43858729335597,138.87177012858194,5.574346698859179,913.7496788507443,3045.6952801365233,10.282223493943489
2023-01-03 16:48:00,2555.511102220444,63.40721437055393,24.44591596468063,139.19661465229274,5.627732458670316,913.1029534859329,3040.240825538506,10.284399974530322
2023-01-03 16:49:00,2555.9111822364475,65.35678656487423,22.19413059122264,140.8889805832793,5.079414391049534,907.6351333065609,2997.5945584217448,10.210254460599474
2023-01-03 16:50:00,2556.3112622524504,63.64397487163644,22.915259115678953,140.10354971712823,5.2811618474884865,907.378334028855,3007.5560212993405,10.249995727426517
2023-01-03 16:51:00,2556.711342268454,62.62239189692161,23.54178485848683,140.11398561861498,5.530259438288622,916.3515152382851,3023.147043456669,10.238783820075898
2023-01-03 16:52:00,2557.111422284457,62.38351526401092,23.45308436947271,139.7683378350081,5.384869909256071,908.3802118611477,3030.4083063142157,10.270726599205826
2023-01-03 16:53:00,2557.51150230046,61.66759628871922,24.635350013502,138.32880115830662,5.655601446473476,919.8887125702595,3050.4476146383176,10.300129583289072
2023-01-03 16:54:00,2557.9115823164634,63.105784077422655,23.64479190374459,139.41887076114952,5.6674916141837315,914.8718967289999,3049.5262204904348,10.271072527831583
2023-01-03 16:55:00,2558.3116623324668,62.26079264821566,22.472728950272305,139.61699674383615,5.529208435849251,912.3500468409861,3052.6000700009854,10.27058163174092
2023-01-03 16:56:00,2558.7117423484697,64.36203885778399,22.612573303552967,140.57354279902853,5.160624461273664,905.0521668302148,2979.7992397971707,10.227238525394542
2023-01-03 16:57:00,2559.1118223644726,61.59965771851009,23.335644926692936,139.49412995314574,5.753621922288162,917.8115140192083,3043.542088915718,10.27911050548823
2023-01-03 16:58:00,2559.5119023804764,61.838025043998336,23.896144878424668,138.63528544436406,5.556614494893821,916.9710380772199,3035.7556064279283,10.27362513045533
2023-01-03 16:59:00,2559.9119823964793,62.59940609940851,23.044953004532474,139.8925243848771,5.38357679541063,913.6016614762352,3025.630082387197,10.2414662946298
2023-01-03 17:00:00,2560.312062412482,61.6730181092637,23.318828737492886,138.73812503318447,5.561402971678598,916.3522194877784,3055.8683920960043,10.278245967545915
2023-01-03 17:01:00,2560.712142428486,61.22431226706442,23.98397906025363,139.43572877426254,5.491299977510955,920.4799119141315,3052.9790706580384,10.29248380508237
2023-01-03 17:02:00,2561.112222444489,62.70267485670022,23.95230494714135,139.54254032205586,5.622116156863113,915.731024066575,3039.4249905285806,10.294927214143708
2023-01-03 17:03:00,2561.512302460492,62.612366866053094,23.81918584060272,140.13131998578362,5.655866718787254,914.2448257250314,3033.297297868446,10.274984316987371
2023-01-03 17:04:00,2561.9123824764956,62.648187578675106,23.815748076351277,139.71627478395308,5.676535821928954,914.0422605878725,3018.6734132178235,10.284901454056715
2023-01-03 17:05:00,2562.3124624924985,62.8065393789001,22.539802680812127,140.00817601147844,5.477969465946941,905.2440512648292,3022.421432670892,10.251031672933186
2023-01-03 17:06:00,2562.7125425085014,61.65261926185521,23.733544245791613,139.55251828901407,5.689868411469849,913.8355137861695,3045.33039247211,10.25113775211235
2023-01-03 17:07:00,2563.1126225245052,61.908766885646045,24.15197645794629,138.71393683516652,5.812257211160366,924.1318864809275,3051.333073527108,10.29424698889386
2023-01-03 17:08:00,2563.512702540508,62.787345527788474,22.94253270829114,139.4385199840005,5.504965048046021,911.1556848340338,3037.7922370533934,10.257240322560412
2023-01-03 17:09:00,2563.912782556511,62.60875306217264,23.24771130126861,139.32493797089424,5.388416031300872,915.7998968236285,3026.4778006490533,10.270002702487043
2023-01-03 17:10:00,2564.312862572515,62.10326129319136,24.53396449813896,138.82513066345928,5.669510244404512,910.6751550138223,3027.2107775657746,10.28125028086503
2023-01-03 17:11:00,2564.7129425885178,63.91623613880596,23.038151757631443,139.85692548387567,5.49020042210408,909.0631542654561,3026.9051305658313,10.250274541356927
2023-01-03 17:12:00,2565.1130226045207,62.226038473569545,24.157460222053363,139.17810244751644,5.726188093746752,918.1206437781498,3061.4555019634827,10.281394634726263
2023-01-03 17:13:00,2565.513102620524,64.46729370499877,21.83538133049425,140.6952406462806,5.266624863752321,905.9818171456086,2981.6313032528547,10.220447275281037
2023-01-03 17:14:00,2565.9131826365274,62.62695117640847,23.01270790607529,139.6463584556672,5.580210238651353,915.4305499125595,3035.279990078862,10.259540903667727
2023-01-03 17:15:00,2566.3132626525303,61.669674458424396,24.034008155603225,139.39009328969698,5.463941018425456,908.3842057540276,3054.6032749781252,10.271026636425038
2023-01-03 17:16:00,2566.7133426685336,62.90022194807673,23.39124862527492,139.91529547947147,5.591849369485831,908.2590209154428,3005.8003724683417,10.257038465792876
2023-01-03 17:17:00,2567.113422684537,62.916988282973115,23.260575442563784,139.5627204024688,5.451164935226117,910.1748164117917,3001.0980542562256,10.270099851158198
2023-01-03 17:18:00,2567.51350270054,62.041031717487165,23.978089679696332,138.79572983570475,5.368459062588264,912.1532054995429,3034.3070339918295,10.276887057352594
2023-01-03 17:19:00,2567.9135827165433,61.010924804053616,24.46825936104136,138.3774933270697,5.74283823700636,919.5986200771245,3059.384950858268,10.322547026892051
2023-01-03 17:20:00,2568.3136627325466,61.22662195909411,24.22056259491054,138.94287180923257,5.685489083612615,912.4029601958695,3061.6445011397304,10.292475951439107
2023-01-03 17:21:00,2568.7137427485495,59.28941620658681,24.65379645543952,137.44728908994608,5.875577239734149,920.7109222773717,3089.370915370899,10.30829442291853
2023-01-03 17:22:00,2569.113822764553,62.06032805040622,23.920410446669663,138.30650928735565,5.583766838954859,921.338080583752,3044.8673375250833,10.285528307370308
2023-01-03 17:23:00,2569.5139027805562,60.27843169247122,24.905120428024034,137.97795667683363,5.783799992793169,921.1614076153086,3051.482884133026,10.294548589313472
2023-01-03 17:24:00,2569.913982796559,62.00967549080265,23.840147634762022,138.89396575370057,5.506384885142014,909.7420384687226,3038.7531039735404,10.263319322387195
2023-01-03 17:25:00,2570.3140628125625,62.25915396368661,24.318670147065564,139.42061198676308,5.65170407980591,920.167253720744,3044.1629376558017,10.288661783474534
2023-01-03 17:26:00,2570.714142828566,62.355306671947304,23.342968100165642,140.20350258919552,5.49566854466641,911.6585930364964,3038.210397299862,10.256229608598979
2023-01-03 17:27:00,2571.1142228445688,60.132133373286436,24.912395425034184,137.73613793740873,5.996945915529264,916.4270278846478,3044.6493501836353,10.317078985760018
2023-01-03 17:28:00,2571.514302860572,61.62094537293778,23.87115807970682,138.06872943057593,5.617932954824246,916.520640025024,3054.727504396174,10.277484004359312
2023-01-03 17:29:00,2571.9143828765755,62.6352908524629,23.667701136813946,140.1589021319919,5.36771171243989,909.924142864215,3035.9313530235786,10.26205347736572
2023-01-03 17:30:00,2572.3144628925784,62.41885286819128,24.014346760047932,139.5110235313225,5.65324041024174,914.6233549950692,3034.6327625179124,10.26879868291282
2023-01-03 17:31:00,2572.7145429085817,63.531753321710305,22.321213497813435,140.96400433495228,5.250646469862899,906.4266452999661,3007.888880343147,10.24645706257116
2023-01-03 17:32:00,2573.114622924585,61.88638803895753,23.164050767347753,139.9918056897091,5.592640430411017,914.6501275454391,3034.9603749706116,10.26914332095685
2023-01-03 17:33:00,2573.514702940588,62.94204688397596,22.746512886710413,140.11765756466943,5.337121165624279,909.3794585349101,2986.340796591338,10.246093118601056
2023-01-03 17:34:00,2573.9147829565914,58.96260012399099,24.92766511449279,137.61001558104306,5.984829833828928,930.9849195115877,3079.403368982313,10.315181059691577
2023-01-03 17:35:00,2574.3148629725947,60.90314434270369,24.336799894487104,139.19220789058494,5.805958274699731,915.8471288001691,3052.4126446927867,10.280737024210552
2023-01-03 17:36:00,2574.7149429885976,63.476167386588365,22.24363430349235,140.34004908223648,5.533990666012799,906.0349461203991,3002.9166872061587,10.247196870470612
2023-01-03 17:37:00,2575.115023004601,60.27872849077161,24.253248501086418,139.4467675867658,5.834431986264797,917.1995348167895,3061.8602598875773,10.302901173580395
2023-01-03 17:38:00,2575.5151030206043,62.74436210758025,22.639461694442172,140.61778737995516,5.10709047575109,911.4533399008784,2987.661692227287,10.239265588884663
2023-01-03 17:39:00,2575.9151830366072,60.12372901511996,25.151567116864427,138.39459230115568,5.640954163704464,915.8681666705097,3063.131402415108,10.287499966198718
2023-01-03 17:40:00,2576.3152630526106,62.75437641694408,23.085940777764517,140.4648362785517,5.441588881695954,913.5240694661733,3020.478850330225,10.245912255053085
2023-01-03 17:41:00,2576.715343068614,61.60604040779703,23.44201888589176,140.49514145202616,5.387349014936238,920.3628146936735,3055.435830390557,10.269384012871637
2023-01-03 17:42:00,2577.115423084617,59.76206057411543,24.86739852640224,138.20065609830507,5.775499114238708,927.5160864815829,3065.1426942149546,10.305086383576505
2023-01-03 17:43:00,2577.51550310062,60.2241038048751,24.701281762012897,138.00173994938544,5.908447452217122,920.3049660093826,3073.5253339001047,10.309713243552464
2023-01-03 17:44:00,2577.9155831166236,59.793803223384074,24.56308620837077,137.57618456678705,5.803816580725628,925.0099898917651,3060.3119453408085,10.308401444898761
2023-01-03 17:45:00,2578.3156631326265,61.15416891498941,23.917242039474495,139.04477867364628,5.584366804326804,919.511622775673,3055.7886438720116,10.287005415535194
2023-01-03 17:46:00,2578.71574314863,60.9501949934881,25.396707033774398,137.71410764987266,5.753250234536353,919.6413317970649,3062.444016780271,10.29986607507062
2023-01-03 17:47:00,2579.115823164633,62.415967513924805,23.189357265646343,140.17164205203423,5.570766452455668,908.4268235793426,3026.4239832035596,10.255018856385254
2023-01-03 17:48:00,2579.515903180636,62.09597711457894,23.21684973191523,140.05714412765576,5.562791230999384,911.154267082255,3010.057753075722,10.254502678602186
2023-01-03 17:49:00,2579.9159831966394,61.6728780167232,23.30548742906684,139.39572836411082,5.837424381277089,918.5073106805735,3045.074008192838,10.281182415652726
2023-01-03 17:50:00,2580.316063212643,63.235862580711924,22.859096125184,139.6736659916933,5.380410379647112,911.5301587156553,2995.7574913819985,10.241658954385658
2023-01-03 17:51:00,2580.7161432286457,59.984289959340096,25.362754218252462,138.76708521624994,5.987508189963436,922.2290899141667,3066.2406521603057,10.295343343223266
2023-01-03 17:52:00,2581.1162232446486,61.975384747221845,23.75100415650607,138.75308806329565,5.494937734625365,914.1925486657414,3023.867789100667,10.270412872220051
2023-01-03 17:53:00,2581.5163032606524,61.201712671856605,24.54026811055093,138.01475593413758,5.569608408185577,918.3732037176142,3049.2788538852305,10.292080983867184
2023-01-03 17:54:00,2581.9163832766553,59.335586757809494,24.80157779265702,136.98903946538843,5.91103219739331,928.2579268093392,3072.8069704428976,10.341264049145366
2023-01-03 17:55:00,2582.316463292658,61.503734233346,24.145462318596536,138.46918301342654,5.663595581142144,918.5580134909909,3049.240023069924,10.295862629593918
2023-01-03 17:56:00,2582.716543308662,60.27593017016396,25.40904923434098,138.47572985345354,5.9303873414200154,922.3151910168625,3071.7307083469973,10.29924998538343
2023-01-03 17:57:00,2583.116623324665,60.658735989917076,24.16651729674995,138.6419333335331,5.661481487864126,921.9213671626592,3045.74661399775,10.276892467260597
2023-01-03 17:58:00,2583.516703340668,61.86958391800028,23.653065435141315,140.24403839907055,5.377933589814684,910.662906742422,3035.4097478272583,10.251293351435729
2023-01-03 17:59:00,2583.9167833566717,62.54648512593441,23.730402449701376,140.52377864175583,5.411815969079553,909.5699944355239,3016.3012471248726,10.276538942542082
2023-01-03 18:00:00,2584.3168633726746,59.35016024499795,24.984600214242068,138.82830572180782,5.813686514857267,922.2019834226069,3082.367713147937,10.290600969819955
2023-01-03 18:01:00,2584.7169433886775,60.509887303881605,24.524955363350433,138.31087425983168,5.75815466236242,917.6186636890537,3061.6169287683915,10.294742924918616
2023-01-03 18:02:00,2585.1170234046813,61.650113943164854,23.63331188106293,138.8961453107249,5.655038383454916,915.3194161352478,3064.8019349467922,10.29412973585312
2023-01-03 18:03:00,2585.517103420684,59.22694008784003,25.411037858809998,137.68195932049903,6.038702788250059,917.7537302674905,3078.23767058373,10.339676803299058
2023-01-03 18:04:00,2585.917183436687,62.83891675217851,22.954880311616567,139.8431381014768,5.290773327246488,913.6064457587349,2999.7045042344316,10.246582360764103
2023-01-03 18:05:00,2586.317263452691,62.32608419616595,22.99419484225524,140.9862488686389,5.510818164107094,908.3248171969896,3014.9854008988755,10.2570112824644
2023-01-03 18:06:00,2586.717343468694,58.45497895322709,25.334997966648366,137.6779693989342,6.023535007582614,928.9559614718693,3082.6825864180305,10.334192623835916
2023-01-03 18:07:00,2587.1174234846967,60.167758491779516,24.728611821188554,138.6155078940136,5.8035019474967715,917.5200212650379,3076.65724184559,10.306128749956008
2023-01-03 18:08:00,2587.5175035007,59.810602676793145,24.94591711607825,138.53443555003014,5.852764708349126,917.2765505952324,3047.2125492848777,10.307307778249214
2023-01-03 18:09:00,2587.9175835167034,60.29176424691482,24.750486593831642,138.84646966896574,5.753293535188383,915.9014410015632,3054.5751092906194,10.316799480993778
2023-01-03 18:10:00,2588.3176635327063,59.85274170800784,25.056093723574993,138.18228792101038,5.646408758184934,914.0892183953183,3064.2729353559694,10.313172128365288
2023-01-03 18:11:00,2588.7177435487097,60.41065343589688,24.528676445474993,138.72167920259653,5.78733871379462,924.4482641950686,3060.72557966883,10.301023982487783
2023-01-03 18:12:00,2589.117823564713,60.40390874069488,24.01920398835371,139.2298361571977,5.599636074552689,919.3589834608648,3057.5514819643154,10.299379231068468
2023-01-03 18:13:00,2589.517903580716,62.28073496426002,22.75618589349322,139.12680746752898,5.494969647759696,911.8829494661358,2999.5121352785213,10.254698047041408
2023-01-03 18:14:00,2589.9179835967193,58.4837314478298,25.74766584642823,136.9455691112903,5.993658521461826,931.3845261589438,3084.4793782636457,10.336650890868556
2023-01-03 18:15:00,2590.3180636127227,59.31823782174481,25.111043391526945,137.7872587890103,5.963691121565836,920.5277343654049,3081.915644541508,10.311898707504984
2023-01-03 18:16:00,2590.7181436287256,59.64612323715467,24.18628889097849,138.57126685228104,5.939497179035476,919.0325171005081,3067.339088117748,10.284109155661808
2023-01-03 18:17:00,2591.118223644729,59.73438299766838,24.90544386249351,139.99423830899013,5.888512729023991,921.5108481888495,3070.464900038163,10.305144831040074
2023-01-03 18:18:00,2591.5183036607323,60.2577181986867,24.75530496266016,138.30103029885169,5.862762905175592,917.8030895662615,3054.8431192881994,10.296418128921054
2023-01-03 18:19:00,2591.918383676735,60.916197629910556,24.53636527476939,138.88403569766336,5.605210863011276,919.6632918848954,3050.4121113763763,10.264683434625173
2023-01-03 18:20:00,2592.3184636927385,58.473566499719055,25.187947881643964,137.754230111527,6.051279108575912,934.46403076873,3075.833711987214,10.317342682160142
2023-01-03 18:21:00,2592.718543708742,60.19915855366153,24.034695900913686,138.0699524133007,5.61094487080632,920.3590707176451,3042.621072929987,10.292294477569964
2023-01-03 18:22:00,2593.118623724745,61.49431890226549,23.463962387070698,138.77977023912578,5.433208972774163,913.7129748321469,3024.865807121222,10.246623664745702
2023-01-03 18:23:00,2593.518703740748,59.8902749023978,24.558891048779294,138.3558525892704,5.766313317310483,920.1917473273822,3051.430145402494,10.297118440175652
2023-01-03 18:24:00,2593.9187837567515,57.80827061886682,25.097539791522056,137.40703017008303,6.051017219462716,929.3641536160319,3079.748421789566,10.328366509985669
2023-01-03 18:25:00,2594.3188637727544,59.56047931806206,24.46588442688461,138.65192172599635,5.809509525251732,922.1897999464261,3063.1471509139137,10.296273998008438
2023-01-03 18:26:00,2594.7189437887578,60.29801724344622,25.0217489106188,137.81355415754126,5.940366224206373,924.2208042646039,3073.1595365439443,10.310954536245783
2023-01-03 18:27:00,2595.119023804761,59.53231259106751,25.481018395100367,137.2348628982984,5.77417109237415,920.1588539594479,3075.6366358590935,10.317307247864358
2023-01-03 18:28:00,2595.519103820764,59.93717017848559,24.542919577832695,137.9496044171262,5.563154063159339,918.3069053919075,3050.333722362669,10.30502852169513
2023-01-03 18:29:00,2595.9191838367674,59.697751643152245,24.50088923254513,139.07482795271116,5.697472008702879,921.1947803905455,3062.6826614801384,10.298615043346294
2023-01-03 18:30:00,2596.3192638527707,59.3718515896051,24.60637620399757,138.14455733825832,5.734502364866094,923.0927375627281,3058.850695726385,10.299419739784412
2023-01-03 18:31:00,2596.7193438687736,61.26501854061794,24.06455057397157,138.98939506058514,5.697892583080037,915.158230502238,3033.12782740651,10.270379477394872
2023-01-03 18:32:00,2597.119423884777,60.248503496726,24.55193622959137,138.3952662883661,5.70846431706506,920.7606184241243,3064.182156042311,10.297899704792522
2023-01-03 18:33:00,2597.5195039007804,59.51684832445294,24.124508571891386,138.21314224336638,5.9022166123461055,916.4933024710273,3057.6928414042436,10.30282940895801
2023-01-03 18:34:00,2597.9195839167833,60.78300591461439,24.334959527783855,138.9554499816074,5.72621798053456,919.0884386019521,3059.324465019215,10.272067453765965
2023-01-03 18:35:00,2598.3196639327866,60.11234647411332,24.46660955065498,139.23112312508323,5.751934223173871,923.7905259117883,3074.9838430337163,10.304271881701574
2023-01-03 18:36:00,2598.71974394879,58.94009500668626,24.85657031886473,138.20339259144717,5.889006188430002,923.0705747935506,3060.979856568155,10.339755095914791
2023-01-03 18:37:00,2599.119823964793,59.10473164914156,24.730582037188785,138.35607566494468,5.756363701236564,922.3686832308825,3088.3152296366557,10.306286599462146
2023-01-03 18:38:00,2599.5199039807962,58.77930181584346,25.426996497235617,137.06495965218323,5.925502496231029,923.7679713312989,3087.59749911648,10.325265934363385
2023-01-03 18:39:00,2599.9199839967996,61.659201221996426,23.214375577175534,139.8100577761728,5.480231962288176,911.6634927740449,3029.790207070156,10.253696420469407
2023-01-03 18:40:00,2600.3200640128025,58.923905148207325,24.83684359373424,138.75929775185827,5.853030051596789,926.1295463231642,3061.1342171478436,10.320163545662352
2023-01-03 18:41:00,2600.720144028806,60.57583352813221,23.876939903680253,138.7077376380256,5.642267347445133,916.0744733257901,3051.4281824692916,10.290334566531211
2023-01-03 18:42:00,2601.120224044809,57.05187720797769,26.92731505985018,136.33918379404332,6.2560159969223115,932.0832658572883,3092.026290552879,10.35903754997839
2023-01-03 18:43:00,2601.520304060812,59.56113354877512,24.96681785025647,138.29764987931765,5.70748527608635,920.202937808237,3061.216998872547,10.320608266565152
2023-01-03 18:44:00,2601.9203840768155,59.76854553507039,24.598217627139427,138.9488591790262,5.920631141465002,921.2921031461007,3046.472999150926,10.313970498647354
2023-01-03 18:45:00,2602.320464092819,60.41497720113526,23.604941391260855,139.48161625136743,5.655367664443593,920.3131495211449,3044.925664718177,10.27169737618418
2023-01-03 18:46:00,2602.7205441088217,60.4428811578981,24.845237810727674,138.0255991735194,5.783490616796384,915.2898848695861,3066.001688254471,10.294807437760657
2023-01-03 18:47:00,2603.1206241248246,58.242010895861085,24.7890348067064,137.9129172185799,6.009452743462313,921.1283302334111,3079.412304955539,10.321243784152315
2023-01-03 18:48:00,2603.5207041408285,59.75843143525496,24.536763722501888,138.2461399254454,5.74943706386449,923.8065604920432,3061.280315967736,10.293637064536286
2023-01-03 18:49:00,2603.9207841568314,59.2459971004442,24.846074926396643,138.19187234823224,5.860337549161289,918.8484612649673,3058.27934166171,10.299519249395669
2023-01-03 18:50:00,2604.3208641728343,58.36855706756065,25.306609750877676,136.92541804910485,5.977574063609341,927.5125358293425,3081.391242027546,10.330802023443313
2023-01-03 18:51:00,2604.720944188838,59.71873682049685,24.524492696257354,138.4680792352831,5.751496737413897,917.5664064019782,3036.0366080118706,10.277810418505137
2023-01-03 18:52:00,2605.121024204841,59.734954951836265,24.318867157860947,138.4044937390469,5.621328037532325,915.3791215665718,3058.403776867588,10.280202093736884
2023-01-03 18:53:00,2605.521104220844,61.31395546397927,23.8949546388166,139.277075658009,5.67673972149832,921.3306484809706,3038.9102523198194,10.270485212325102
2023-01-03 18:54:00,2605.9211842368477,59.720057940510486,24.950930963694464,138.47645210176145,5.811060804079211,920.5679439872664,3071.690836403049,10.29784298849712
2023-01-03 18:55:00,2606.3212642528506,60.08032695265095,23.99058101933489,139.05677071968154,5.791140371215151,919.1595324742613,3049.0304104165925,10.281731412328282
2023-01-03 18:56:00,2606.7213442688535,57.99408876041698,25.00891540186502,138.3135986391151,5.766348473132318,922.8933270364411,3068.8544410869226,10.310546016736586
2023-01-03 18:57:00,2607.1214242848573,60.164196882931954,24.65146425534191,138.71978712235133,5.581938335303183,916.3246290507336,3049.4413753889903,10.291672103879176
2023-01-03 18:58:00,2607.52150430086,59.078879155350464,25.308099300834908,137.17530312956526,5.735425131414894,926.1598368762182,3066.4929463197996,10.309469599399648
2023-01-03 18:59:00,2607.921584316863,59.689614703389914,24.726562500518273,138.8623905250974,5.944865649830387,921.0032818764086,3067.476033088654,10.325437455416253
2023-01-03 19:00:00,2608.321664332867,57.93340160916477,25.768261572904496,137.6046919223017,6.054706055932776,923.5206864042805,3099.187750399697,10.330142956539481
2023-01-03 19:01:00,2608.72174434887,59.62488651778336,24.97414180182077,138.44146080396527,5.664984642491338,920.8135537440849,3076.239547384374,10.316679239437855
2023-01-03 19:02:00,2609.1218243648727,57.95385510887312,25.65097298185416,137.61316544695336,5.907845696983648,926.5035881364687,3082.7302929021853,10.335356937258434
2023-01-03 19:03:00,2609.521904380876,58.85918145863891,25.818909190331468,137.8368939561547,5.799886531754486,922.7879798126687,3081.5566721953096,10.333199862185177
2023-01-03 19:04:00,2609.9219843968795,60.129306584374774,24.372582180222146,139.0921691135741,5.823538470341434,917.0668374522305,3064.867287243436,10.288979259462273
2023-01-03 19:05:00,2610.3220644128824,59.50886097560724,24.767980298015456,137.87912807172154,5.92586858560246,917.5136189239587,3049.7429296957653,10.306033220470884
2023-01-03 19:06:00,2610.7221444288857,59.312473943426774,24.718652918506596,138.9226756614816,5.68872294120314,917.822869049578,3057.064247687942,10.28115726743116
2023-01-03 19:07:00,2611.122224444889,60.00009065036005,23.843359588769722,139.05121521419855,5.453921626050316,913.0476950577412,3047.876310011126,10.269552145011955
2023-01-03 19:08:00,2611.522304460892,58.66434371936458,25.248275811880585,137.65928967719978,5.7399842364308675,921.9607474768034,3063.9770522042086,10.330842687982637
2023-01-03 19:09:00,2611.9223844768953,56.64076027402422,26.70750259513375,136.4881891614634,6.255501705029304,932.2414381171695,3094.17148975568,10.340724017014882
2023-01-03 19:10:00,2612.3224644928987,59.32576020857083,24.947643543664068,138.16898455224916,5.96410882446234,925.4283710830915,3056.5922985944358,10.318756020499968
2023-01-03 19:11:00,2612.7225445089016,57.0816231662791,25.79027536935641,136.86433672889711,6.229293049528202,928.6416009130521,3096.2202723753853,10.340594490365952
2023-01-03 19:12:00,2613.122624524905,57.223484526350795,25.92863498743344,137.5518916885861,6.027365400910999,923.0904419837636,3095.502315634068,10.345371991583239
2023-01-03 19:13:00,2613.5227045409083,58.72819230713904,25.029101684634607,137.7827375683878,5.641334527654781,920.9763778886174,3055.4529542198356,10.317687579044014
2023-01-03 19:14:00,2613.922784556911,57.85316181382275,25.99048957759704,136.8952309447817,6.0267997863780485,929.3713259011961,3078.5592163432148,10.303355595957049
2023-01-03 19:15:00,2614.3228645729146,58.42994825995937,25.736151677861027,137.87266357518237,5.889983663008274,926.2504495435381,3079.014001833231,10.319424843134405
2023-01-03 19:16:00,2614.722944588918,57.49186975762088,26.193270804195127,137.92176432933886,6.272346891777022,925.5605508233512,3118.566605930616,10.333523896525328
2023-01-03 19:17:00,2615.123024604921,60.196911774228504,24.534247620251612,139.09123926806257,5.7099214700252094,919.3066676259091,3038.673649796248,10.249861024168903
2023-01-03 19:18:00,2615.523104620924,56.81735485263272,26.631287066936803,136.67907984413034,6.140458982198995,928.6499413887117,3102.7212965058525,10.340716847452832
2023-01-03 19:19:00,2615.9231846369275,59.89787738198635,24.695887892358417,139.30563051810637,5.72126553290069,918.2242430826509,3062.1985167873145,10.28124637321371
2023-01-03 19:20:00,2616.3232646529304,57.94624046276312,25.448090708173996,137.52771495087993,6.13637423145646,927.5753529172307,3106.092378779051,10.330713162278421
2023-01-03 19:21:00,2616.723344668934,59.472127323552805,25.347751147555837,138.11538018170526,5.737348403911091,921.1176076938448,3066.485014219634,10.296747457893085
2023-01-03 19:22:00,2617.123424684937,57.88298625602624,25.40858923063482,138.8297720109671,5.717440372497258,927.9191551005393,3088.561592197116,10.315926362950194
2023-01-03 19:23:00,2617.52350470094,58.20919232771256,25.261771182070365,137.0060842239556,5.993550282342995,928.2541256514073,3071.5550615496995,10.329645477925204
2023-01-03 19:24:00,2617.9235847169434,57.0603803437973,25.96901826520442,136.6859490087212,6.207474995282971,928.972406190759,3107.8287352972825,10.35354859836993
2023-01-03 19:25:00,2618.323664732947,59.8912123611878,24.017000029171296,138.7524964125728,5.887860942559123,920.9907493145437,3046.386496817957,10.301110833502635
2023-01-03 19:26:00,2618.7237447489497,59.80997844602613,24.457222703845215,139.63347990078566,5.644685587509471,918.5093170420816,3061.628081452739,10.311785766561956
2023-01-03 19:27:00,2619.123824764953,57.354593024511836,26.10834904528997,136.80943509457526,6.134846977592009,931.4147924758636,3084.960771302978,10.334909129014326
2023-01-03 19:28:00,2619.5239047809564,57.096079745170954,26.549828674503132,135.91012985680626,6.173714848336159,932.5463671628432,3099.8966130860513,10.352249597414598
2023-01-03 19:29:00,2619.9239847969593,57.02591312633168,25.932204523442614,136.98161351820718,6.176034648287157,935.9237079910131,3111.179483097677,10.33903758994031
2023-01-03 19:30:00,2620.3240648129627,55.90865002637429,26.807825439008926,137.16370983811728,6.049779087791388,929.5368895318668,3102.2314333436602,10.350570374863441
2023-01-03 19:31:00,2620.724144828966,58.36805633388671,25.821630014419632,137.88227633208274,5.934964178656621,919.6542809752449,3078.6589463302635,10.32509372915674
2023-01-03 19:32:00,2621.124224844969,59.40542356010429,25.453286932271443,137.61099727900043,5.926149843964299,922.1113320500268,3069.0432211712446,10.320366892648023
2023-01-03 19:33:00,2621.5243048609723,59.04136234781007,25.589413152634236,137.0191946732654,5.93812091067401,918.4352096443977,3074.090714578402,10.331879144422627
2023-01-03 19:34:00,2621.9243848769756,57.414258196576554,26.269169677161468,136.59529905297077,6.071248603301969,935.6950758231648,3101.635955519598,10.327033999372295
2023-01-03 19:35:00,2622.3244648929785,58.00930420450809,24.8538319807485,137.95141422642087,5.837950732372828,922.8988455149781,3053.790258894444,10.314959210707643
2023-01-03 19:36:00,2622.724544908982,58.3525967093665,25.23719885878072,137.94892238067004,5.895604713719555,919.7988772177999,3066.4928979438882,10.316903989401531
2023-01-03 19:37:00,2623.1246249249853,57.97110908832483,25.50765148409734,137.3621403622429,5.9642668631505495,923.7271907527271,3076.18324275407,10.314986595380756
2023-01-03 19:38:00,2623.524704940988,59.391881598989,24.102491767406335,138.06007828406948,5.694982248534007,916.4818659933321,3056.1762516178187,10.311798994667152
2023-01-03 19:39:00,2623.9247849569915,58.10116972900613,25.539430103861154,137.4306775040582,5.887911024528018,922.1940496672831,3095.2675890718006,10.342227485493115
2023-01-03 19:40:00,2624.324864972995,56.42431786851893,25.555532251214707,137.23440820422755,6.1408061757713135,933.7012761406444,3094.1103699916393,10.337691718782496
2023-01-03 19:41:00,2624.724944988998,59.16274520137918,25.035939915106084,138.35464413012895,5.797757674785001,922.9456477006939,3060.3111741400025,10.30422907753292
2023-01-03 19:42:00,2625.1250250050007,57.223429713510356,25.984581131219482,137.21084958868826,6.137823279328858,930.6633495624928,3101.102750951433,10.348276336646686
2023-01-03 19:43:00,2625.5251050210045,57.393055696758836,26.105867501083747,136.95461499238118,6.096980142864165,930.5625470086278,3112.618484433102,10.371288623041576
2023-01-03 19:44:00,2625.9251850370074,59.21456142730796,24.497099002857027,137.41763170862288,5.716482753549655,920.492533979059,3054.1168981616765,10.308387811191713
2023-01-03 19:45:00,2626.3252650530103,58.288017375804316,25.28543084549399,137.53700589012564,6.053799639722519,920.86837253423,3085.017418180316,10.317486425717622
2023-01-03 19:46:00,2626.725345069014,58.74144923610278,24.85127809147754,137.74517911525746,5.896969820303564,922.9052141332982,3055.0572167984237,10.299955888957447
2023-01-03 19:47:00,2627.125425085017,56.71451524950896,26.792842828508284,137.27627697002512,6.16734556307783,938.3400885880401,3113.5898877490727,10.355458458619296
2023-01-03 19:48:00,2627.52550510102,56.3361452661021,26.105524408114807,135.99576600765488,6.237563961785338,933.7148640586133,3107.7450997538085,10.352171565014999
2023-01-03 19:49:00,2627.9255851170237,57.9439858155506,25.60494463071547,136.44233203952462,6.042439920039743,927.1387567484146,3075.510367668587,10.335745452193665
2023-01-03 19:50:00,2628.3256651330266,55.626807478916454,27.805072143571582,136.2235281858635,6.263341091852808,934.460683662142,3110.692354562513,10.375163002745802
2023-01-03 19:51:00,2628.7257451490295,58.50044431895426,25.011528972254148,137.90987261247386,5.912694522323396,921.4736874844064,3087.611957322985,10.318562121997395
2023-01-03 19:52:00,2629.1258251650333,57.55524049882702,25.409439246110615,137.65484176834826,5.977471698090599,935.114732964991,3090.181385585664,10.314887430971407
2023-01-03 19:53:00,2629.5259051810363,58.880814110184865,25.441123967828254,138.0138077827065,5.939711127660031,925.9551395307084,3080.3117582861605,10.314219343502252
2023-01-03 19:54:00,2629.925985197039,55.60208274450145,27.951965620437235,135.65746416036998,6.5235637622024,936.0013951817524,3144.1764116949157,10.38381337830713
2023-01-03 19:55:00,2630.326065213043,56.88083873331748,26.960719373139973,136.27455219202642,6.238429022792146,930.5591373070284,3115.2396870568837,10.376640766782188
2023-01-03 19:56:00,2630.726145229046,58.34695655733118,25.111143615198987,137.93018481352703,5.948950528321971,920.7607435907049,3064.7063454914246,10.314223907879613
2023-01-03 19:57:00,2631.1262252450488,58.214964169705226,25.543882736377807,137.0434303593493,5.8337214667407595,929.6588250432135,3083.3499690379144,10.325543407693024
2023-01-03 19:58:00,2631.526305261052,56.5837611210169,25.72680668305188,137.95201342234404,6.286374538384459,927.8748547265891,3106.286426047874,10.328722557909293
2023-01-03 19:59:00,2631.9263852770555,56.5434041064841,26.782821513124528,136.21878043157156,6.036486930396393,932.7545433825537,3103.40496582845,10.34587245172732
2023-01-03 20:00:00,2632.3264652930584,55.21698619245651,27.20285611982934,135.15363391093462,6.279804339651592,931.9220049626456,3126.6996713709023,10.382283064014999
2023-01-03 20:01:00,2632.7265453090617,56.300088802399614,27.06130035613043,136.64318445367493,6.1350034741602,933.1524909137556,3115.1836159205363,10.36128420504041
2023-01-03 20:02:00,2633.126625325065,58.11856514912957,25.01322864902635,136.99431365795584,5.9468764832573795,925.8731906303348,3100.930105679052,10.314675555762575
2023-01-03 20:03:00,2633.526705341068,56.591030570870174,26.133392030609343,137.6479772997929,5.968003525767338,929.1718721712327,3102.048342289348,10.324852313255628
2023-01-03 20:04:00,2633.9267853570714,57.24205008550776,26.381800364860318,135.84522619156476,5.938748584417213,928.34089738786,3092.320705986218,10.354280911187729
2023-01-03 20:05:00,2634.3268653730747,56.01466179833853,26.233453544523147,135.18599447362206,6.398915839701579,933.7768780307254,3124.1107060862414,10.361987317728888
2023-01-03 20:06:00,2634.7269453890776,58.10729802292679,25.169457103262054,137.1540825280489,5.941426054168643,927.8623436915072,3088.624273620828,10.331216183754925
2023-01-03 20:07:00,2635.127025405081,57.45392088528773,25.53263691866716,137.92689699698678,5.668002516757129,920.4863267938553,3080.198850920129,10.317064547160184
2023-01-03 20:08:00,2635.5271054210843,57.115380788494114,26.341528040493483,136.44455974723206,6.078357755984132,926.4574613194983,3087.852924378013,10.347237723307149
2023-01-03 20:09:00,2635.9271854370872,57.075135880935775,26.347213340264755,136.75731363437595,6.134886468992926,923.6869244049743,3086.1209658639714,10.340813087856905
2023-01-03 20:10:00,2636.3272654530906,55.895435385459,27.40097701436471,136.96727754613147,6.101533570112278,933.9790569415528,3119.5194399093957,10.37334639988369
2023-01-03 20:11:00,2636.727345469094,58.809674047517206,25.051729039537268,137.4938267885828,5.945579198645606,924.6860702697624,3073.9497032437444,10.32659218620073
2023-01-03 20:12:00,2637.127425485097,54.8444604772536,27.56000075962437,135.13628286992156,6.327594760110289,931.5797537048837,3116.4115746745474,10.371752825014926
2023-01-03 20:13:00,2637.5275055011,56.79071833053489,27.14151024373435,136.61960557198412,6.03678981680845,926.0421218175401,3104.431369375122,10.334012440629886
2023-01-03 20:14:00,2637.9275855171036,56.63415308395181,27.024963031335055,135.7884984820176,6.235055918280993,931.8599324665432,3114.112001928857,10.348042926032447
2023-01-03 20:15:00,2638.3276655331065,56.605816551082945,25.99709848730113,137.42024343696048,6.200436207330234,929.5163001576815,3111.4673313916815,10.350172067047508
2023-01-03 20:16:00,2638.72774554911,58.20532180456505,25.311730651642637,137.92006488336176,5.9267773763728195,919.3750595880189,3074.794562663561,10.312031140916298
2023-01-03 20:17:00,2639.127825565113,58.440874629640184,25.12904434508687,137.86722490150262,5.814452813851768,921.4821269854276,3060.1107806699015,10.321484022784809
2023-01-03 20:18:00,2639.527905581116,56.264990824607985,26.008968848952147,137.23253000558412,5.974930996790488,931.4365190352282,3110.070590142691,10.325270784903994
2023-01-03 20:19:00,2639.9279855971195,58.01648863592952,25.614116469699862,136.8594213756414,6.162717104213291,923.7046785188303,3080.646232816439,10.315624854354123
2023-01-03 20:20:00,2640.328065613123,56.47951879097948,25.826520632452894,137.31512095439672,6.079837860142494,927.4985233760534,3105.040673432395,10.349058720595497
2023-01-03 20:21:00,2640.7281456291257,58.4689272643994,25.52922310070996,137.31507517032816,5.9131599574655995,926.9774695457731,3091.9949037474653,10.314820519520437
2023-01-03 20:22:00,2641.128225645129,57.71610812464821,25.729548871078954,138.17967231980566,6.080982027388849,925.8286947167395,3104.4928173300955,10.343006480788304
2023-01-03 20:23:00,2641.5283056611324,55.77887935232766,27.43537056284708,135.81283593742876,6.34605359873474,935.5694230478942,3125.5470011777115,10.370535370581832
2023-01-03 20:24:00,2641.9283856771353,55.782783770208276,27.403105313504664,135.54289714694696,6.195737814135759,938.0390274616856,3117.855156854452,10.367974011214462
2023-01-03 20:25:00,2642.3284656931387,55.38268906088032,27.272322223670894,135.40997367182698,6.410251101776167,941.4941359090012,3140.5500558948665,10.372192347793307
2023-01-03 20:26:00,2642.728545709142,56.488474922383105,25.47283246691116,137.4910292763282,5.974844104168138,930.5516619955517,3090.1916588514982,10.352698727036861
2023-01-03 20:27:00,2643.128625725145,54.721084282829864,27.197199292669502,136.52418942425055,6.44426615272573,940.9083079060778,3118.040458212608,10.37403896053882
2023-01-03 20:28:00,2643.5287057411483,58.195819874093175,24.796233467946127,138.12204282512982,5.747173526467373,928.7222368968721,3081.0627830288417,10.310800118266052
2023-01-03 20:29:00,2643.9287857571517,55.43930527164937,26.88380918110466,137.22806956803277,6.328126045966952,935.0968696189407,3127.659859033362,10.363022464353534
2023-01-03 20:30:00,2644.3288657731546,56.38673664967743,26.742433838919215,135.64362933005538,6.075385928679272,934.2834818789668,3135.5565273573366,10.3705003751281
2023-01-03 20:31:00,2644.728945789158,56.09978770939053,26.74438054257502,136.53674129493865,6.209732194292654,929.7339870263822,3108.4574375460215,10.353104944452273
2023-01-03 20:32:00,2645.1290258051613,58.17652574910421,25.299658428736866,137.32203268941214,5.954303870938801,921.1337924788482,3056.7481791112627,10.314031652054387
2023-01-03 20:33:00,2645.529105821164,56.566467449842364,26.772224287216225,136.27361410326813,6.079432138361296,925.9139874038071,3128.057225251004,10.336882121555897
2023-01-03 20:34:00,2645.9291858371676,57.791337270512194,26.060385160485925,136.5601498150252,6.177050225101,927.4586535389435,3085.530667067171,10.350654595320025
2023-01-03 20:35:00,2646.329265853171,57.01963302455399,26.35528038224932,135.97077209288125,6.1181944871142795,933.5452643993082,3095.6398314601715,10.346322556938775
2023-01-03 20:36:00,2646.729345869174,56.0855115303121,26.72428440318267,137.0186237293897,5.945193305475947,928.5907644024048,3103.3984170168433,10.364048528941973
2023-01-03 20:37:00,2647.1294258851767,57.1363186550244,26.12221844613436,137.28334157019341,6.099125902932539,932.6388493620855,3102.9872407075554,10.35678965008324
2023-01-03 20:38:00,2647.5295059011805,54.22392015498547,28.457146814337936,134.55543752712737,6.472508702385552,941.3400112306639,3153.5173355546613,10.407194393270638
2023-01-03 20:39:00,2647.9295859171834,56.941594255666665,25.975112885526944,136.98116641283747,6.1985855316504175,932.6940988172288,3107.7142502658717,10.347160105722175
2023-01-03 20:40:00,2648.3296659331863,56.391965159843195,26.364067403958654,136.6865970393219,6.220836401026415,932.1344945601091,3088.2402417855724,10.339975105576588
2023-01-03 20:41:00,2648.72974594919,55.33144137476237,27.62628196839654,135.0861284173951,6.415796060190522,936.8876860832175,3142.3536070458986,10.380888436756013
2023-01-03 20:42:00,2649.129825965193,55.10978890714443,27.61301973179203,136.26569929225764,6.171652470030972,939.3689977970685,3132.0402424087406,10.38401301260065
2023-01-03 20:43:00,2649.529905981196,58.01612908890014,25.433257143782804,137.61676679491885,5.928625699875712,930.375592800663,3091.187976856089,10.317327082931595
2023-01-03 20:44:00,2649.9299859971998,55.887437743368146,26.830046079711373,136.5098227982498,6.247976549162502,932.9760529580631,3117.9560831923477,10.357104268932556
2023-01-03 20:45:00,2650.3300660132027,56.47650387568069,26.302281281909703,135.6092024803876,6.100011377182472,924.1832998154208,3112.880699907724,10.3358164472052
2023-01-03 20:46:00,2650.7301460292056,54.03208314088021,28.02400412203188,135.32209972077584,6.564919157589168,937.9865524519257,3145.7896063766316,10.391649092616404
2023-01-03 20:47:00,2651.1302260452094,57.18442926141112,25.309212535853348,138.2634136556316,6.023735769829659,920.1656833801104,3072.308707733662,10.299161612833155
2023-01-03 20:48:00,2651.5303060612123,54.45735065464062,26.550054937393494,136.4350221558546,6.412687632755674,934.1795527312104,3133.107528120928,10.373799233589056
2023-01-03 20:49:00,2651.930386077215,56.86484063693723,25.485965468250797,136.45633873995095,6.164855719145694,928.0360553248295,3104.9040826662517,10.339255527632842
2023-01-03 20:50:00,2652.330466093219,56.9531910358205,25.687029992078624,137.7149825230486,5.845235384983115,928.3411931979897,3081.762631769831,10.328482907211958
2023-01-03 20:51:00,2652.730546109222,55.53675531224004,26.475211846660905,136.17445376125514,6.262809266074097,930.6841005692638,3133.3283612204023,10.372652924513995
2023-01-03 20:52:00,2653.130626125225,56.52541038818867,26.880772337165897,135.77239194729765,6.217909732222973,925.8872758211322,3112.020587653517,10.34848453096201
2023-01-03 20:53:00,2653.530706141228,56.421197713123355,26.46890625945547,136.33225229661682,6.187398298986012,934.2670928263944,3124.451642733433,10.34999107466991
2023-01-03 20:54:00,2653.9307861572315,54.837605266896084,25.798703254285034,136.30578515337228,5.948771984696725,935.2382659603645,3108.986868381546,10.361646754438688
2023-01-03 20:55:00,2654.3308661732344,55.79859350376625,26.262324034179542,135.41237022476432,6.078271160019829,923.8695884372094,3101.37668797271,10.353954196676533
2023-01-03 20:56:00,2654.730946189238,55.86595016537002,26.175632419628315,136.91415995023934,6.08811458165216,927.7812029189283,3095.6605144915843,10.32363641785802
2023-01-03 20:57:00,2655.131026205241,54.15759554649917,28.186626302112,134.67512562144233,6.492854603296952,937.3957932328907,3140.6170699958448,10.397164123751965
2023-01-03 20:58:00,2655.531106221244,56.44868165842332,26.073386200053783,136.26167318032958,6.33809543960244,927.7613769640026,3108.4126630004585,10.334952051671092
2023-01-03 20:59:00,2655.9311862372474,55.778654674541286,27.06491503960944,135.52062852555622,6.4700033965293064,941.262419687439,3136.8424222864314,10.388603183937065
2023-01-03 21:00:00,2656.3312662532508,55.664348406359466,26.64448843298077,135.65239595477937,6.221635180171549,935.6435084616976,3144.2176172105387,10.377304386323539
2023-01-03 21:01:00,2656.7313462692537,56.29502463426401,26.347659360235014,135.9959478514138,6.0927967047131135,925.9379957343594,3109.257320317185,10.368848779337963
2023-01-03 21:02:00,2657.131426285257,58.072559666139355,24.898453100102607,137.88202810330904,5.823954797419288,925.7840910902426,3064.840554751617,10.315794476969872
2023-01-03 21:03:00,2657.5315063012604,55.502801529446515,27.065605000422742,135.44325658300465,6.2718164930815075,935.2917370375252,3128.912525395974,10.369224153496765
2023-01-03 21:04:00,2657.9315863172633,55.679729105061284,26.37472584078601,136.24595647530776,6.159368460352148,930.4217062129068,3125.5647292270414,10.339480215732577
2023-01-03 21:05:00,2658.3316663332666,55.416123231847244,26.78206486949259,136.96720080680822,6.1068526267694585,933.9359475277681,3113.0905219663036,10.36219387688498
2023-01-03 21:06:00,2658.73174634927,56.72175094302409,26.368047515569295,136.8818655157906,6.087734470790163,923.7026696171674,3084.6253602288866,10.331255355233957
2023-01-03 21:07:00,2659.131826365273,55.53428696008977,26.77071783662277,136.2145325322697,6.252718492753802,933.810133152245,3113.392221997884,10.360900329128
2023-01-03 21:08:00,2659.5319063812763,55.53428591455841,27.225841921456592,136.7467524956471,6.325166458808174,935.9156691925261,3127.606361105653,10.34125053742603
2023-01-03 21:09:00,2659.9319863972796,55.68366945325091,26.854710742008855,135.57070342472912,6.310405925580899,934.2448190680141,3112.7971142658357,10.36437639358929
2023-01-03 21:10:00,2660.3320664132825,54.372007840457876,27.645666152404637,135.07827505987092,6.337742112178781,936.3296116939448,3155.654970922521,10.39745796484692
2023-01-03 21:11:00,2660.732146429286,56.137878846886125,26.438219234745944,136.31652512321782,6.077342451170504,929.1693047021896,3102.5656488094833,10.342508060374447
2023-01-03 21:12:00,2661.1322264452892,53.89561292742271,28.2757759097329,135.6872030235519,6.5907932332794,944.039117872656,3127.3458007802815,10.403778153589377
2023-01-03 21:13:00,2661.532306461292,55.00200057887584,26.509989451553654,136.13143102056492,6.171988578781132,929.8427905183021,3143.1569448815776,10.355214304166173
2023-01-03 21:14:00,2661.9323864772955,56.10506471757326,25.781368198537734,136.47504069257343,6.149530896809276,928.0667188788575,3112.974414856643,10.352076786334399
2023-01-03 21:15:00,2662.332466493299,56.823698032157715,26.56285833420022,136.69778111558531,6.183243829004931,929.0189921061652,3100.5947236723778,10.347176276237796
2023-01-03 21:16:00,2662.7325465093018,56.07054015646036,26.30858193628535,136.25490940092646,6.05177656370133,935.1698184367991,3099.2851796431532,10.353315881436314
2023-01-03 21:17:00,2663.132626525305,54.581985770820914,27.665965422069963,135.3059415483083,6.51316180856073,937.3808883436054,3135.4311717976243,10.376731408454944
2023-01-03 21:18:00,2663.5327065413085,56.84322278200839,25.827415125633504,137.804426860216,6.076831995734688,928.3191228690007,3113.3760623034364,10.360213212928842
2023-01-03 21:19:00,2663.9327865573114,55.587084992335804,27.23246505260854,136.68659315906703,6.081632702116779,924.2378023835021,3106.8441929662354,10.337667073792703
2023-01-03 21:20:00,2664.3328665733147,54.825878016070924,27.269971556577044,135.0066756482509,6.542970008841805,932.1423990442655,3118.5794362163174,10.375168906245744
2023-01-03 21:21:00,2664.732946589318,54.528933091949135,27.851979874295957,135.28601350659855,6.389123358158215,939.2156966960849,3149.452320564944,10.398890757271024
2023-01-03 21:22:00,2665.133026605321,55.37415680577981,27.853121857801522,134.93414214757544,6.349517830071354,934.398144252207,3132.0744290040434,10.372537460357558
2023-01-03 21:23:00,2665.5331066213244,54.95909447751949,27.03899187340043,135.9148321336632,6.22115042726349,934.2736848977759,3101.5796398429407,10.36556316623689
2023-01-03 21:24:00,2665.9331866373277,55.37008617224978,26.68214923711283,136.71322442862464,6.381592013780156,935.3425182213042,3110.754321256946,10.369902875172093
2023-01-03 21:25:00,2666.3332666533306,54.90288642485053,27.209263746488794,135.39998141593583,6.513061526458295,939.1274984871171,3127.9828673851503,10.382480248526319
2023-01-03 21:26:00,2666.733346669334,55.91497313523869,25.47779181817616,137.85119776060682,6.194380572723649,927.6809653001596,3107.635234971544,10.36507278269024
2023-01-03 21:27:00,2667.1334266853373,53.08027081365369,28.352582673823846,132.63865699671706,6.735687871221216,951.4048691312246,3187.37423400083,10.439455767494257
2023-01-03 21:28:00,2667.5335067013402,52.829531055775576,28.683983844257224,134.08910504270332,6.742787710676998,945.0434518625608,3179.379298191487,10.401225402454822
2023-01-03 21:29:00,2667.9335867173436,54.386891704589175,28.503389260086596,134.37842675255888,6.598579344869458,945.2728086943126,3171.847193928283,10.427620308152697
2023-01-03 21:30:00,2668.333666733347,54.556323051579604,27.51494721737361,135.18003104980298,6.492297393930764,933.6561062004249,3156.86289371209,10.391704907818816
2023-01-03 21:31:00,2668.73374674935,54.52068422028392,27.51532291199146,135.77646642630876,6.327596491855576,938.9836724448234,3141.4861665385433,10.390126791215696
2023-01-03 21:32:00,2669.1338267653528,53.59230437103558,28.350040165610036,134.33590075477383,6.803392276447087,940.5498650775962,3153.9339366210634,10.40404083039371
2023-01-03 21:33:00,2669.5339067813566,54.950439953632916,27.25166437063025,136.083593879909,6.509575912764611,937.6947685949766,3138.275134783496,10.393945030089833
2023-01-03 21:34:00,2669.9339867973595,55.369429973697905,27.217111522541007,135.46928894364322,6.443377777196517,939.2403179115886,3115.9096837759726,10.36311678481635
2023-01-03 21:35:00,2670.3340668133624,54.28596872280425,27.77852889252413,134.7157070592698,6.486741551788235,942.1299655945227,3165.9667814480013,10.400251810768273
2023-01-03 21:36:00,2670.734146829366,54.4232114417269,27.631597549922386,135.02038587448305,6.465697169862656,937.2644590358786,3127.7195544273527,10.391197347185607
2023-01-03 21:37:00,2671.134226845369,54.386731818447274,27.988666654412903,134.83578226416793,6.524289476918191,940.737830203397,3151.215295834518,10.391921014911157
2023-01-03 21:38:00,2671.534306861372,53.92578096813494,28.463233230829818,134.8180150988788,6.54214290344196,938.0735011705428,3145.0744972262205,10.401657600691893
2023-01-03 21:39:00,2671.934386877376,56.46017174002715,26.12713920156796,137.03987860342158,6.290587728043302,925.244989614351,3087.640063672001,10.349449752359751
2023-01-03 21:40:00,2672.3344668933787,54.87732535342589,27.032925588795738,135.05656769687872,6.286725680510913,938.5613796770126,3135.855969411165,10.385628665359134
2023-01-03 21:41:00,2672.7345469093816,54.86945496529748,27.1875423537068,135.48286943621287,6.304673627089129,936.7256584335712,3136.39293284206,10.378111052610716
2023-01-03 21:42:00,2673.1346269253854,54.9219150692474,27.912330835387557,135.08575881953197,6.430294435469198,943.4667424259491,3158.2545835831365,10.394412176671606
2023-01-03 21:43:00,2673.5347069413883,52.804250473949466,29.039371221183725,134.32902704444354,6.516634675545616,941.5972805134135,3176.955810843439,10.417302503475447
2023-01-03 21:44:00,2673.934786957391,52.91619985932742,28.837986307020078,133.8480327975473,6.429986646584573,939.6339110381671,3153.7061052242816,10.426633111767664
2023-01-03 21:45:00,2674.334866973395,53.95013057087192,27.96470764191703,135.08684878835714,6.489507523999042,942.3079028109318,3150.5437618082924,10.402388056373507
2023-01-03 21:46:00,2674.734946989398,54.608407710494916,27.929330273810884,135.63106962772207,6.564140312599427,937.7488443879929,3138.055032334303,10.408219779379673
2023-01-03 21:47:00,2675.135027005401,55.3656182255966,27.213040802645835,136.57375910744793,6.261876084122182,929.5361372766918,3115.28659547618,10.37764961476827
2023-01-03 21:48:00,2675.535107021404,55.590966000096245,27.117279220091646,136.0602734965664,6.158393493457426,931.2583362523834,3120.9803813839844,10.370720125223887
2023-01-03 21:49:00,2675.9351870374076,54.83616861184149,27.318454896169165,136.03936127527228,6.452501938303929,932.3211223315456,3134.3568823884166,10.371644014101653
2023-01-03 21:50:00,2676.3352670534105,54.38403068949931,27.665609425202035,135.3397020977757,6.29534908463006,932.951130016702,3123.0158226033955,10.388190654382045
2023-01-03 21:51:00,2676.735347069414,53.36990251399467,28.87693922607525,134.72708041388847,6.489670991546985,945.9744475375876,3174.7141410456998,10.404826010964321
2023-01-03 21:52:00,2677.135427085417,55.23785131268277,27.144749685401422,136.27519516943795,6.1448373016706,936.2613139555041,3128.0288235547937,10.356790164862577
2023-01-03 21:53:00,2677.53550710142,53.84012910181754,28.28749097889301,134.2137032332292,6.701048775956315,940.2785039295976,3144.2361147346605,10.374947625582092
2023-01-03 21:54:00,2677.9355871174234,55.39846599805725,26.451805290625817,136.1725671238106,6.2090502668248675,938.2471303310391,3115.3310599156393,10.35926124752392
2023-01-03 21:55:00,2678.335667133427,54.79836762876694,27.157113537098514,135.02904137940794,6.549769666206304,937.1649165301136,3129.7882516222708,10.402133076372962
2023-01-03 21:56:00,2678.7357471494297,54.80298860221649,27.509065161053723,135.18026643424602,6.572631721913817,940.591462681496,3125.6077927127963,10.399546345994708
2023-01-03 21:57:00,2679.135827165433,53.83543905712448,27.712466692396127,134.57187739549428,6.274637400500015,934.5195092761271,3156.3892356393253,10.388521031004732
2023-01-03 21:58:00,2679.5359071814364,55.55861667013529,26.763438495117864,136.3743730556652,6.195554562962136,928.1811650121892,3120.810094655826,10.37060658386725
2023-01-03 21:59:00,2679.9359871974393,55.37014963593382,26.642999957999503,136.19860264196905,6.300867216692345,935.7812884018905,3114.210144238007,10.35935862042749
2023-01-03 22:00:00,2680.3360672134427,55.46803253128099,27.275104595012973,135.7224597921125,6.222229546317239,938.9643787333727,3133.4864841870217,10.391185596155179
2023-01-03 22:01:00,2680.736147229446,52.992956404979154,28.492049256518577,134.65592339584055,6.4731803655036355,942.1012380345863,3151.3516221364175,10.397842021296222
2023-01-03 22:02:00,2681.136227245449,53.24249693522725,28.61717298218156,133.76073327095006,6.651789758877961,944.5750521830649,3171.0858776486043,10.414390059583612
2023-01-03 22:03:00,2681.5363072614523,53.13531408780854,28.227574040493685,135.03426886738242,6.457535414133417,943.0304241102751,3161.219937570706,10.400536844111393
2023-01-03 22:04:00,2681.9363872774557,54.58747087531758,27.851546340524834,135.3505165348925,6.543731958823581,942.0652895322435,3139.4003397602028,10.400826580309133
2023-01-03 22:05:00,2682.3364672934586,54.46433803799142,26.99996407340489,136.20869240235356,6.465716011715835,934.0277711642599,3139.6426808322854,10.366668448005917
2023-01-03 22:06:00,2682.736547309462,54.740565087559105,28.0447844600897,135.00646742620256,6.576947220648198,947.4010453245005,3152.2952713290583,10.391443565674047
2023-01-03 22:07:00,2683.1366273254653,53.30928288603644,27.61329257898393,134.6188420698988,6.691479222237779,952.7616915972891,3158.5839922737723,10.424566463522455
2023-01-03 22:08:00,2683.536707341468,55.52675684585583,26.756833233632562,136.81516822648365,6.348193736192412,930.608627575379,3100.350343500341,10.366654033005352
2023-01-03 22:09:00,2683.9367873574715,54.42258471420253,28.18996476774937,134.72554784312138,6.38267966232661,939.1608535021795,3143.0921368282575,10.40294550965054
2023-01-03 22:10:00,2684.336867373475,53.936819773198806,27.991180155787262,135.2098358219173,6.676636512505786,942.5834028613574,3162.2754778607214,10.39991912509389
2023-01-03 22:11:00,2684.736947389478,54.34635393738263,28.27308483428897,134.4680985148606,6.4841413891394195,943.8214404443754,3161.272971786659,10.39893272003236
2023-01-03 22:12:00,2685.137027405481,54.476173486544596,27.44879350051107,135.6805395211805,6.300542602589025,936.0301171810522,3141.9086623873604,10.384769480188679
2023-01-03 22:13:00,2685.5371074214845,54.70916950502716,27.330921879677668,135.86368279636613,6.462883082979282,938.296216182806,3125.2808052143446,10.384260259149023
2023-01-03 22:14:00,2685.9371874374874,54.564219737672374,27.391616047050668,135.11196818771094,6.440782094308206,936.2463172171083,3129.287244054533,10.388856114918571
2023-01-03 22:15:00,2686.3372674534908,52.703323312761285,29.553801035335482,133.91000560434296,6.621072893633458,944.4133718470779,3176.792406484654,10.424554730550577
2023-01-03 22:16:00,2686.737347469494,55.29245799479807,27.020653593114833,135.67498067320966,6.393683183888721,933.852796877544,3127.8663453212316,10.37429622960152
2023-01-03 22:17:00,2687.137427485497,53.297662858320706,27.949182135135825,134.61342346946546,6.594627014894839,942.6909907873259,3160.326898865976,10.412888407425587
2023-01-03 22:18:00,2687.5375075015004,52.42172748611372,28.851329837540714,134.65392034726509,6.666546753184172,945.6386110493908,3181.443758454819,10.41578062163881
2023-01-03 22:19:00,2687.9375875175037,52.9840140137513,28.787688085658345,134.7127552262449,6.631407756787152,942.3620523506626,3157.0991745998035,10.43024811722751
2023-01-03 22:20:00,2688.3376675335066,52.22941548928603,28.838053956063337,134.16027015130322,6.857821879294667,945.2843522765158,3175.689287607218,10.420349206882328
2023-01-03 22:21:00,2688.73774754951,53.3634278260935,28.141875985385916,135.0584191714545,6.647057547739847,942.2052553832481,3141.9481171749126,10.401622663225865
2023-01-03 22:22:00,2689.1378275655134,56.00852237462634,27.42050936221103,136.53102412105608,6.309473053145669,934.9112445639634,3119.0546552453534,10.337629115340784
2023-01-03 22:23:00,2689.5379075815163,52.65745575909775,28.78023702631423,134.19843063165894,6.513620811719318,943.6971641356041,3173.701824059524,10.413824634719148
2023-01-03 22:24:00,2689.9379875975196,53.682773101692746,27.94292452205536,135.74375401548951,6.313538014953272,938.0515239402116,3135.275395091931,10.38416100204501
2023-01-03 22:25:00,2690.338067613523,54.540533311423346,27.60139707488312,135.13539596969486,6.321174211512663,941.0302841585863,3145.3296807170605,10.400009963946463
2023-01-03 22:26:00,2690.738147629526,51.83282204690937,29.96743710553963,133.35269235661397,6.929641964404293,952.520722885605,3196.778505649487,10.442781496950758
2023-01-03 22:27:00,2691.138227645529,53.589093043671944,28.245485781211737,134.48571173263124,6.478428652655431,939.0004632958868,3148.1951429748997,10.391244230801231
2023-01-03 22:28:00,2691.5383076615326,52.452896150587875,29.063158591595375,133.72777777262485,6.828629052255329,938.4422928862841,3192.2433565852825,10.446955815322415
2023-01-03 22:29:00,2691.9383876775355,53.100600853262335,28.769287547350586,135.1676588927412,6.56846137653894,938.4359389712929,3170.613447942467,10.418237954519373
2023-01-03 22:30:00,2692.3384676935384,54.70082392050597,28.26910925391819,135.6221669094342,6.670339436668611,936.3969071436803,3146.8829870860304,10.407035074480829
2023-01-03 22:31:00,2692.738547709542,55.75375673098192,26.514486866813378,137.18114764759073,6.088438420520149,931.6579276981989,3105.9895531847437,10.352484208083808
2023-01-03 22:32:00,2693.138627725545,52.07041811131332,29.445274154846505,133.60712312953032,6.7101848098863535,948.0294633110866,3187.190780719753,10.44626093106292
2023-01-03 22:33:00,2693.538707741548,54.493296304405725,27.348415237163664,136.62596128936121,6.417361425549138,940.594302954803,3137.2670896098216,10.388431807655396
2023-01-03 22:34:00,2693.938787757552,55.95512435559863,26.768806857487643,136.93440654357224,6.2776105864737115,929.4467234545083,3120.8419958615823,10.356646760317563
2023-01-03 22:35:00,2694.3388677735547,53.516876197755096,28.141855937496935,135.238070648228,6.594832605676039,939.8544692412316,3146.185086890268,10.412087482185703
2023-01-03 22:36:00,2694.7389477895576,54.861067639523945,26.383705661267445,136.25906546461218,6.4023938347637435,933.037509257041,3129.7087242252765,10.37089693979509
2023-01-03 22:37:00,2695.1390278055615,53.27900307087653,29.05130810312191,133.20280347152033,6.849885069912236,945.5615099570896,3161.223982170392,10.454108370349005
2023-01-03 22:38:00,2695.5391078215644,51.137620910456896,29.656427276197338,132.90625936781788,6.815781686725954,948.9168224104577,3181.591479116262,10.464440325649921
2023-01-03 22:39:00,2695.9391878375673,54.20925902600516,27.9464830348562,134.66958891821082,6.530733434153313,948.3788391142609,3148.52795609757,10.406062717149917
2023-01-03 22:40:00,2696.339267853571,54.40954539174714,27.759421477853802,134.84818995975516,6.51599030669207,941.3927368053699,3164.707561904622,10.39184798468975
2023-01-03 22:41:00,2696.739347869574,53.008798041297744,29.26928594635277,134.12016678743015,6.590271940604491,940.6104999910957,3178.3556625583838,10.409348702880695
2023-01-03 22:42:00,2697.139427885577,53.83625775989848,27.66564268524341,134.58238899864008,6.433393290903293,942.3362296800092,3167.636211715083,10.412616305525656
2023-01-03 22:43:00,2697.5395079015802,52.97729063640283,28.426873530490955,134.16367053768133,6.731012144901691,944.9755936507966,3184.1548914742384,10.450515738071944
2023-01-03 22:44:00,2697.9395879175836,51.654283358190995,29.61404195507639,133.5806044494298,6.903092903505731,947.666733657004,3181.71540752795,10.457346071891317
2023-01-03 22:45:00,2698.3396679335865,55.98452613375131,27.112724388687628,135.9260796991885,6.296948370018205,931.3442012617013,3107.9220344610503,10.374226490050134
2023-01-03 22:46:00,2698.73974794959,52.980456461620776,28.46891127473587,133.98399732267447,6.725696112324094,942.6371453448261,3186.874116001778,10.411811665627157
2023-01-03 22:47:00,2699.139827965593,53.15591550906225,27.8279743014562,135.70131627056196,6.6450359158370995,934.2456460717515,3161.6270784108765,10.389913169266332
2023-01-03 22:48:00,2699.539907981596,53.7328727998482,28.473032333324777,134.52187438883396,6.474427883168942,940.9415616592084,3147.8674064229363,10.404782320743136
2023-01-03 22:49:00,2699.9399879975995,52.63039180270114,28.803555158814163,134.50314783008145,6.612519561420099,945.2464861116133,3175.674737274256,10.425904123111847
2023-01-03 22:50:00,2700.340068013603,52.88102136323584,29.240106073925883,134.00955198191406,6.674055767646891,944.1092936006514,3174.7545528814653,10.425911410435921
2023-01-03 22:51:00,2700.7401480296057,54.190404892241375,27.681354899901763,134.37231662142764,6.541744423531781,940.9209900845709,3131.631935897057,10.402632452162342
2023-01-03 22:52:00,2701.140228045609,53.261175997055,28.23882170166518,135.76460918234417,6.675265674649368,942.1765563047888,3146.4341511530765,10.425698675048949
2023-01-03 22:53:00,2701.5403080616124,53.469098177810096,27.683319594191612,135.49551622464045,6.55261473394813,940.8295304285487,3155.9798827294358,10.399616274451315
2023-01-03 22:54:00,2701.9403880776154,51.78277421918359,29.74568032107757,134.36670761786675,7.025407193288961,951.0129701574133,3195.455128949939,10.44845376760013
2023-01-03 22:55:00,2702.3404680936187,54.168247661339144,27.874211684729286,135.37523523004663,6.421743241631778,940.286906301937,3147.2482994103916,10.398195543850468
2023-01-03 22:56:00,2702.740548109622,50.246252923634074,31.15162928937873,132.17440966577777,7.075892303088977,956.8048732887514,3225.0326044929775,10.480973392472853
2023-01-03 22:57:00,2703.140628125625,53.14790278863461,28.877845464958632,134.69613801142444,6.664435628872231,939.2681688357403,3165.051756484065,10.421630871658136
2023-01-03 22:58:00,2703.5407081416283,53.62870594644439,28.276138033218945,134.41154370187485,6.555379238931671,945.3955997976631,3162.505976101436,10.407492193656196
2023-01-03 22:59:00,2703.9407881576317,53.87393012174445,28.44496862193785,134.11845315312203,6.68352462174309,938.600480892302,3174.349918547025,10.424375831147438
2023-01-03 23:00:00,2704.3408681736346,53.51084909943877,27.989771457527755,135.94654554199533,6.694730529261921,943.3439966967311,3162.0393363843723,10.400789954850557
2023-01-03 23:01:00,2704.740948189638,53.750042199689226,27.67553096652567,135.02263283248504,6.455007872926249,940.064718050769,3153.535726204302,10.38727354380987
2023-01-03 23:02:00,2705.1410282056413,53.64183783115749,27.637628517478333,135.11088653401487,6.532055188149568,938.127272449788,3144.2635186657258,10.39883197496634
2023-01-03 23:03:00,2705.541108221644,50.54104934702831,30.175236181361058,133.08048743961453,7.0596977507991365,953.7413013652086,3200.4418162611946,10.462889409348023
2023-01-03 23:04:00,2705.9411882376476,53.82779960716973,27.792647728153895,135.003159322049,6.550424610186681,938.4276552579768,3139.9992738008436,10.396690579300225
2023-01-03 23:05:00,2706.341268253651,52.70440748398958,29.81794129070189,134.11089258211825,6.974085547813037,950.9496081016772,3195.393531800614,10.438661009171256
2023-01-03 23:06:00,2706.741348269654,51.36420806241887,29.420370774259105,133.4240940750257,6.872329299758151,946.7505638450007,3198.361488620852,10.425697122026905
2023-01-03 23:07:00,2707.141428285657,52.869505613183335,29.555663306280806,135.92637861922313,6.686042746876665,944.8179017320878,3155.1495998641444,10.418552625841295
2023-01-03 23:08:00,2707.5415083016605,54.32724633408049,28.560542405923332,134.02879315449115,6.406874308665603,937.876284031609,3160.4891175938874,10.409278330515097
2023-01-03 23:09:00,2707.9415883176634,53.61577745516514,28.141966379048608,134.30818632667595,6.612586108761363,939.1749070965797,3162.147539304935,10.405441423064945
2023-01-03 23:10:00,2708.341668333667,51.914267669679965,29.87204722440607,133.64381384416484,6.81870189300368,950.7096863432487,3200.7356017862953,10.438383641126103
2023-01-03 23:11:00,2708.74174834967,53.31503602150667,27.944817839536125,133.80407562359636,6.493148805336751,946.583164519701,3171.991043173769,10.413283013997258
2023-01-03 23:12:00,2709.141828365673,51.60401068170873,29.596724204079248,133.37553947995212,6.914647450986438,951.5068208160262,3198.7209266739706,10.460690220248297
2023-01-03 23:13:00,2709.5419083816764,52.885113163142336,28.907682140133247,134.03856839590532,6.639254862579239,944.1976884551275,3162.3343393222585,10.440314815642894
2023-01-03 23:14:00,2709.94198839768,54.519473033265385,27.91679450615625,135.08640787221677,6.2265809031094275,938.8223061424367,3138.5668982910283,10.402778146894898
2023-01-03 23:15:00,2710.3420684136827,53.59215321351296,28.963939450558414,134.39927898118805,6.993521312890512,942.2456003149131,3184.386938920891,10.446538029547233
2023-01-03 23:16:00,2710.742148429686,52.98396111449478,28.82090783653542,134.22906140270695,6.537503724485647,942.3650249679986,3174.321296119093,10.43342116897271
2023-01-03 23:17:00,2711.1422284456894,52.80635095823817,29.061261999904005,133.71350394136164,6.67194267859313,942.9940518906349,3180.457942744296,10.428836986686457
2023-01-03 23:18:00,2711.5423084616923,53.461406972425316,28.166305934899757,135.30482224572333,6.4255816438387425,941.6703700932965,3178.5320582446507,10.394753414297725
2023-01-03 23:19:00,2711.9423884776957,53.9694481499522,29.041966967185626,134.47940076048852,6.6125731319074035,946.6500043008527,3179.540872535814,10.418095043771975
2023-01-03 23:20:00,2712.342468493699,52.64304198208114,28.970122401431926,133.31281147794246,6.672015391382596,945.3426395506789,3167.6520152964044,10.436785742145487
2023-01-03 23:21:00,2712.742548509702,52.71667513622929,28.399040059003056,133.79027060535702,6.622346934810176,945.7373009481062,3173.963024929556,10.426824770465783
2023-01-03 23:22:00,2713.142628525705,51.833719557069514,29.182592017914814,133.29515432541376,6.850621081428761,949.8118841423737,3191.437133745464,10.4615585335276
2023-01-03 23:23:00,2713.5427085417086,53.58519205329209,28.84925479726104,134.42239930513753,6.6021921351116,946.0488244947135,3178.3053814392824,10.431237727658715
2023-01-03 23:24:00,2713.9427885577115,51.7265984238114,29.28688431686,133.2920571842456,6.909827415315484,949.6281443507631,3183.8820752332836,10.445854331255353
2023-01-03 23:25:00,2714.3428685737144,52.428640827786644,28.79539105698283,134.1968653522814,6.8210896080717776,948.6467954800568,3169.7592750037807,10.44266734818029
2023-01-03 23:26:00,2714.7429485897183,51.24774060560985,29.29456613007875,133.6128471188515,6.8148241459527785,946.1754927728222,3174.4437680857204,10.435012037488558
2023-01-03 23:27:00,2715.143028605721,54.51268458534149,28.26504510859992,134.63512892364147,6.559722698370635,942.8127471468833,3125.9441694487928,10.401447698048647
2023-01-03 23:28:00,2715.543108621724,52.15318940296102,29.279823098428803,133.60966565931687,6.910816300021328,945.0772809581348,3180.500867755104,10.439795158794093
2023-01-03 23:29:00,2715.943188637728,52.07742193349666,29.937554637819527,133.52633737493431,6.75769740159245,946.0134357425918,3220.2182773099926,10.444667272490145
2023-01-03 23:30:00,2716.343268653731,53.94854051997825,28.786080022649568,134.5529056591326,6.73771125774302,942.640857509811,3154.8358509993277,10.41799351853902
2023-01-03 23:31:00,2716.7433486697337,52.793958458322116,29.19660862590149,133.36739610259963,6.901593400139475,946.0869761564578,3181.87460040835,10.423058348192251
2023-01-03 23:32:00,2717.1434286857375,50.54972714611459,30.305775539960834,132.5127799282882,7.146083979606268,954.1024981916769,3208.0142835672277,10.480240602176746
2023-01-03 23:33:00,2717.5435087017404,52.64834723900388,29.161595937313656,133.3768334251378,6.720636379514693,945.6348051970396,3173.112915149349,10.431344257171775
2023-01-03 23:34:00,2717.9435887177433,52.83691035577894,28.478522328643578,135.139714613583,6.844854539469969,945.5319413252138,3156.267286653346,10.42146170912221
2023-01-03 23:35:00,2718.343668733747,53.05341676283656,29.07142603402189,134.6488987773803,6.811389072203124,942.8508477110058,3168.3101905291646,10.428005544071125
2023-01-03 23:36:00,2718.74374874975,53.32058888530998,28.87820636393397,134.06087067435377,6.528581790480419,941.7889626973329,3171.672304025143,10.418726557350723
2023-01-03 23:37:00,2719.143828765753,52.861038739392455,28.944283244453345,134.19933413463426,6.685369903745006,947.5605576608962,3188.3711256130355,10.430492497585298
2023-01-03 23:38:00,2719.5439087817563,55.36234027741416,27.166954971150297,135.81285501704863,6.37478875030321,937.403030978907,3140.752466914228,10.375027602558122
2023-01-03 23:39:00,2719.9439887977596,52.89940439589437,28.705122107111812,134.95061482026068,6.546806265795499,942.2622427790164,3177.9978034625506,10.436664763344053
2023-01-03 23:40:00,2720.3440688137625,53.485304007907956,28.019801647014575,133.69586332653537,6.71843193014394,946.7136182402046,3170.6650723688417,10.433447929377644
2023-01-03 23:41:00,2720.744148829766,52.16660755018882,28.629225990733666,133.88648531881955,6.742775204287667,946.2637320308693,3178.4602381009126,10.426472199367229
2023-01-03 23:42:00,2721.1442288457692,52.42455579298222,29.4489044202035,133.337007045451,6.65845823814355,945.8544634387217,3202.409124700613,10.428913227583276
2023-01-03 23:43:00,2721.544308861772,53.46301590576237,29.503133005010152,134.01666594377764,6.741273332237857,947.5147180479939,3174.2458089280417,10.412628539605587
2023-01-03 23:44:00,2721.9443888777755,50.945610049367446,30.54993540922292,131.56452306662655,6.984903823834844,954.7933298397281,3215.8428537070986,10.46315093263881
2023-01-03 23:45:00,2722.344468893779,54.37528337947301,28.327368583811474,135.11992756860914,6.337589250635176,942.6919348313307,3147.1722357355693,10.391964901646055
2023-01-03 23:46:00,2722.7445489097818,53.094891157302165,29.36984544490136,135.1141796762439,6.681251034071572,952.1095573486826,3182.8574587604703,10.404424666537228
2023-01-03 23:47:00,2723.144628925785,52.296586720197745,29.350049438874166,133.2415410680011,6.780012656959605,945.600373005153,3185.185881192256,10.428483141777857
2023-01-03 23:48:00,2723.5447089417885,53.52517201344172,28.36924648871248,133.65741927487912,6.639151032154914,942.3329450702281,3167.3752460458763,10.414801729123308
2023-01-03 23:49:00,2723.9447889577914,53.88405140461828,28.43158340973363,135.11886761627946,6.437775389327174,940.1862738885158,3164.998559277061,10.40113210049933
2023-01-03 23:50:00,2724.3448689737947,52.505414483896146,29.918650574645888,133.34247599048499,6.841001577401221,954.5326520484325,3179.3449018016554,10.440511908928093
2023-01-03 23:51:00,2724.744948989798,51.71773302023859,29.49978682463232,133.77014242948607,7.110146356471953,944.9083595547252,3201.415819312822,10.442345491726229
2023-01-03 23:52:00,2725.145029005801,51.57525371816031,30.02482037069294,133.9671725042808,6.717915207575785,948.7155671696373,3195.6341406637393,10.475481589979678
2023-01-03 23:53:00,2725.5451090218044,55.591345947273204,26.965148585170464,136.43729622075637,6.30687075104193,936.209671717153,3117.294017056364,10.376087757758588
2023-01-03 23:54:00,2725.9451890378077,53.149005670278584,29.25849100090601,133.79608469007107,6.790021993570559,950.2032594796335,3176.1450772517505,10.435240312153224
2023-01-03 23:55:00,2726.3452690538106,52.274548256551405,29.212055303720934,134.5909927375097,6.792814965984494,946.7293756061805,3184.071157329967,10.452445906551418
2023-01-03 23:56:00,2726.745349069814,53.92064830112718,28.595754711666785,134.87643632032507,6.610365647937513,946.8459937493006,3166.0302137929657,10.413833581030095
2023-01-03 23:57:00,2727.1454290858173,52.59098929149219,29.17383049299128,133.14938254282396,6.83040358503216,946.1832579002343,3204.0926512663486,10.430780215596288
2023-01-03 23:58:00,2727.5455091018202,51.88900512369706,30.59482107000743,132.3887624029268,6.952363791716575,951.9503106939828,3228.9253469367472,10.46103264999491
2023-01-03 23:59:00,2727.9455891178236,52.68386463418837,29.29490936856583,133.86668602601884,7.054839637716865,945.0906743766297,3190.130755850968,10.469569445551906
2023-01-04 00:00:00,2728.345669133827,51.99759379060055,29.639362782582683,133.41480603031928,6.957278228497249,953.6735082023002,3226.7257698769995,10.454114904315082
2023-01-04 00:01:00,2728.74574914983,51.51704347536534,30.46364185754401,132.56477427502293,6.887177562839358,949.4085204457871,3200.7560545810084,10.444662787560203
2023-01-04 00:02:00,2729.145829165833,52.04917073560564,29.910045008032974,133.59010673841095,6.8878479252519345,946.567735250025,3201.175474483186,10.444618614907201
2023-01-04 00:03:00,2729.5459091818366,54.476785907239496,28.03442232548733,134.7751546993889,6.46941596568382,945.5170173463836,3169.5168078099978,10.409109050170334
2023-01-04 00:04:00,2729.9459891978395,54.27697007593908,28.85409908793687,135.01624897574337,6.471865680699695,939.3902715821316,3150.436398244262,10.405838943104483
2023-01-04 00:05:00,2730.346069213843,53.881860879332955,28.666254946878336,134.61021267433998,6.518175190976131,945.1283304707368,3143.3661981991554,10.410160922096798
2023-01-04 00:06:00,2730.746149229846,52.74875286536421,29.43804363838106,134.34165977338023,6.9285266713925004,950.8301373737698,3186.2897077797443,10.452686342406219
2023-01-04 00:07:00,2731.146229245849,52.1421000168575,29.21790535269024,133.81907989646467,6.683306756330713,947.6046304473582,3195.367895806684,10.448038693806412
2023-01-04 00:08:00,2731.5463092618525,52.205772387357726,29.86844133822775,134.23409033490555,6.78500150300989,948.2700484679507,3188.8708614699776,10.441203414995192
2023-01-04 00:09:00,2731.946389277856,52.52791052375878,28.93722549530849,133.43304218304223,6.656878218318281,943.9712950643253,3176.9502651987204,10.441564032908579
2023-01-04 00:10:00,2732.3464692938587,54.55021167789676,28.098601849389645,135.79103728802488,6.576798252314831,939.4679124382988,3153.3503710053997,10.413897365402933
2023-01-04 00:11:00,2732.746549309862,53.03205062741643,28.25350140818795,134.68283919700772,6.587922108656173,943.333824266396,3158.4343768941208,10.417247929111086
2023-01-04 00:12:00,2733.1466293258654,52.27508499241576,29.848681691021003,133.06795744289306,6.989774979150518,956.3736811099137,3203.6535450480246,10.481025053836053
2023-01-04 00:13:00,2733.5467093418683,53.285299070019015,28.72921269236316,133.8250308923451,6.564297500273546,945.7262870337006,3166.2476645959086,10.428440499275807
2023-01-04 00:14:00,2733.9467893578717,52.967191748895246,29.22941006521154,134.45960806196234,6.867482496141446,949.992383366712,3178.11054775926,10.442477715167849
2023-01-04 00:15:00,2734.346869373875,52.175944038104774,29.59349988180186,133.08317172055175,6.921449894572836,947.7521293264585,3182.2314122513512,10.45170667232516
2023-01-04 00:16:00,2734.746949389878,54.61335640029136,28.18273772058249,134.66216989292886,6.645992380927884,946.02991306545,3145.832605979468,10.415950394910857
2023-01-04 00:17:00,2735.147029405881,51.65263658508897,30.52146498513394,132.72999739312132,7.064597257095136,957.3389219790533,3220.523519729424,10.481066058366652
2023-01-04 00:18:00,2735.5471094218847,52.750543717151466,28.98478393239359,133.21497480936262,6.657122336682113,948.5029600524052,3181.1092747976163,10.431395238320448
2023-01-04 00:19:00,2735.9471894378876,52.004495772017336,29.426218770393845,132.98560524506865,6.996173093160663,953.0419645966105,3217.7240206659085,10.460092371504299
2023-01-04 00:20:00,2736.3472694538905,53.47551937902285,29.02585345287715,133.37923339321816,6.810127419782372,946.922776675015,3177.1251209343563,10.44608548912692
2023-01-04 00:21:00,2736.7473494698943,51.51496438377238,29.790500299203764,132.36341522309968,6.82645714122726,953.0699793606002,3207.0444781801466,10.45047384039461
2023-01-04 00:22:00,2737.147429485897,53.14644778455524,29.30877953363513,134.95841936068456,6.611005821637793,948.6179680786017,3190.7030431233416,10.442598757137072
2023-01-04 00:23:00,2737.5475095019,53.37162242646074,28.6628221242268,133.94797723483995,6.663894975783807,946.0166423666227,3171.1104940776577,10.407264071662066
2023-01-04 00:24:00,2737.947589517904,54.410978713180846,28.614236574636333,134.81474618089672,6.622542914736659,944.7412563946061,3165.707391765629,10.421729310414758
2023-01-04 00:25:00,2738.347669533907,50.99952012754948,30.561623073322195,133.26852292605344,7.175106407092341,956.7843265663981,3236.3969631735586,10.511163796307653
2023-01-04 00:26:00,2738.7477495499097,51.1990061377743,29.94872130556477,132.7292797668079,6.860838046809899,946.7976170368063,3215.432100942396,10.463024688158967
2023-01-04 00:27:00,2739.1478295659135,53.968705946542656,27.759749112626164,134.09091697676993,6.598966262244781,941.1778956141759,3163.485404848279,10.394949411376343
2023-01-04 00:28:00,2739.5479095819164,53.67956391210392,28.858781871563018,134.83381354337257,6.824974593754519,943.7145956858624,3191.8725279721502,10.440285053135945
2023-01-04 00:29:00,2739.9479895979193,52.48062761686288,28.981905510072583,132.73570094399196,6.6818028218625365,946.50483042684,3199.9349198326745,10.46966262253699
2023-01-04 00:30:00,2740.348069613923,52.66144652463354,28.73101953433082,133.7063548923481,6.5028627940249955,947.5334573951028,3168.1760375781223,10.438044256035237
2023-01-04 00:31:00,2740.748149629926,51.540357003964886,29.571788905053356,132.76107674928326,6.941159656202817,956.3505748795396,3205.265655670877,10.454730387301685
2023-01-04 00:32:00,2741.148229645929,53.52279398492306,28.97439528052092,134.28758255076178,6.699624464194053,937.822293588447,3164.4030103041914,10.414500383513008
2023-01-04 00:33:00,2741.5483096619323,53.221036220278506,29.087769836262,133.10730052251725,6.649801023605012,942.9571059697563,3188.7092422027804,10.430309696679672
2023-01-04 00:34:00,2741.9483896779357,53.309400240459816,29.18143827387972,134.45010670765382,6.538603238625773,944.9639663504105,3170.2659660529466,10.431626706720756
2023-01-04 00:35:00,2742.3484696939386,52.43572119514702,29.082205611414945,133.754518380578,7.002468481677893,950.0922462395351,3198.417926411855,10.426190854952456
2023-01-04 00:36:00,2742.748549709942,52.68995678349709,29.484395292098586,134.19470937396332,6.774893468445193,946.2681951252163,3174.9882670822085,10.45071062118975
2023-01-04 00:37:00,2743.1486297259453,52.904730666174544,29.762677291923858,133.48672844891726,6.930549212449023,952.9055788935696,3191.15936253115,10.428569198809138
2023-01-04 00:38:00,2743.548709741948,54.026873789282966,28.851974862210287,134.91323818219124,6.518093330063735,945.518692048883,3156.2379350177234,10.419338159435751
2023-01-04 00:39:00,2743.9487897579515,51.0300377132768,30.42573105020639,132.36784027476537,7.022110011574945,955.2872529771713,3203.006282090491,10.482234744511507
2023-01-04 00:40:00,2744.348869773955,52.77869707207435,30.00497315872221,133.50594782796946,6.802693261065801,950.093313785159,3198.4910846217517,10.456481055390627
2023-01-04 00:41:00,2744.748949789958,53.48356641599727,29.681522318069565,133.85556057096844,6.8146633614591305,940.0658929628808,3184.0198454818833,10.411170938636321
2023-01-04 00:42:00,2745.149029805961,51.584269520698655,30.13008359677412,133.09376208818526,7.182260229982983,944.9565395984323,3209.2555076876833,10.47046911024757
2023-01-04 00:43:00,2745.5491098219645,51.05175496078393,31.1445398251387,131.9949055944028,6.9865910505169255,953.4436442687382,3233.585565515032,10.502272342791931
2023-01-04 00:44:00,2745.9491898379674,51.31093291957984,30.379468165612792,132.5897132843717,7.146234098639149,954.6458542948732,3223.002031979404,10.472975695742493
2023-01-04 00:45:00,2746.349269853971,53.77674418436015,29.176163318238736,133.99718240867992,6.83083263769949,945.2887580959117,3166.716855995725,10.426156229541125
2023-01-04 00:46:00,2746.749349869974,52.427421618515844,29.746635623907448,132.82544041781506,6.7998021109193765,950.9748109328525,3198.2085068483125,10.438836585881866
2023-01-04 00:47:00,2747.149429885977,51.1508679874144,30.50100260649705,133.19421822626163,6.9488357718750615,951.8727893717692,3213.4535283180758,10.462167187978777
2023-01-04 00:48:00,2747.5495099019804,52.60037573416953,29.88873595470449,133.65925345307375,6.756872361454469,951.1784815556316,3208.2230272147467,10.44929162523293
2023-01-04 00:49:00,2747.9495899179838,49.547159167200434,32.06556029909873,130.90986253626403,7.333059628412536,963.8578301374573,3260.7024008677117,10.510326323509174
2023-01-04 00:50:00,2748.3496699339867,50.297407786547815,30.52698306443201,131.1566965467496,7.057185031468534,957.6545569552244,3218.3549617911563,10.478454192219454
2023-01-04 00:51:00,2748.74974994999,51.90622853428386,29.454453367673626,132.69910144474667,6.881305974317299,951.3308869783913,3186.3341671499047,10.451634346061441
2023-01-04 00:52:00,2749.1498299659934,52.23559780818505,30.14929536021062,133.1603689859908,6.762677366169277,948.7892684953681,3196.18848132711,10.459655691099178
2023-01-04 00:53:00,2749.5499099819963,53.909924396130705,28.726573989784715,134.5660733033408,6.705436294947856,942.7084114615307,3168.4552353759696,10.405846407214822
2023-01-04 00:54:00,2749.9499899979996,50.980783495079756,31.176870977398174,132.359598179147,7.209351612030387,962.5632033990039,3213.6275642851447,10.486056577314969
2023-01-04 00:55:00,2750.350070014003,52.47818732185261,29.528185353489345,133.4373311057167,6.820427359484468,952.0932034784872,3205.9631896306705,10.434544260502342
2023-01-04 00:56:00,2750.750150030006,51.88348573057633,29.61032680245855,133.3007336006308,6.764454646256667,949.2675010551203,3193.7547414482306,10.450910997484844
2023-01-04 00:57:00,2751.1502300460093,52.41433485021031,29.94880399434543,132.8362343764857,6.965733209317182,952.3153992423254,3213.782576364632,10.475768920739968
2023-01-04 00:58:00,2751.5503100620126,51.71316152203427,29.486607173335486,132.69836054330315,6.957668977859662,950.6061374363194,3194.517201169652,10.462311126106883
2023-01-04 00:59:00,2751.9503900780155,53.029807449913434,29.605495083135693,134.118466267325,6.799393654474891,950.4798917683041,3204.8556145491425,10.463461394437127
2023-01-04 01:00:00,2752.350470094019,52.11698355022515,30.25137930746852,133.17052576718407,6.966504094427972,954.2157146822026,3202.38803879751,10.470638158921458
2023-01-04 01:01:00,2752.7505501100222,52.09829372807999,29.679143437521304,133.6091938511592,6.8180334486344005,947.9259065763064,3189.3394943174158,10.454112963598808
2023-01-04 01:02:00,2753.150630126025,52.4755289902808,29.77043579599217,132.58705576108963,6.979307754321075,951.8667210958216,3195.054804581719,10.44693355606746
2023-01-04 01:03:00,2753.5507101420285,50.790025144875266,31.82800982663556,130.9893734650766,7.260531007822825,960.5231630381427,3238.429360556822,10.50957705396123
2023-01-04 01:04:00,2753.950790158032,53.28959107022481,29.145501464997547,133.6641009821675,6.603270235546741,946.0522678421829,3196.0458655283687,10.433334876322705
2023-01-04 01:05:00,2754.3508701740348,51.522171907731746,30.21741537513983,132.7769858032335,7.164864702409935,953.9257038809278,3206.164179136746,10.446781392374282
2023-01-04 01:06:00,2754.750950190038,50.35169712855149,31.43929436608013,131.0811944943174,7.182249068001095,957.6451182206458,3229.4359059512203,10.500013329311868
2023-01-04 01:07:00,2755.1510302060415,51.95910075946114,30.421157719794614,132.64030971920582,7.097931448215004,951.1527979373952,3203.5395124759884,10.457297471871296
2023-01-04 01:08:00,2755.5511102220444,50.82928987550134,31.74580325551101,130.53784883507456,7.26896170439001,962.9553964891202,3245.454941986313,10.511956483357936
2023-01-04 01:09:00,2755.9511902380477,51.31800853713571,30.51431831099985,132.3385431191994,7.0165300027935675,952.4156753611617,3217.371410587124,10.497806487404356
2023-01-04 01:10:00,2756.351270254051,53.16656726926533,28.620027676405666,134.47752388911613,6.763969253373983,946.1588774801091,3172.7778081802176,10.420481074381973
2023-01-04 01:11:00,2756.751350270054,53.236331383926895,29.77990802252908,133.35025629945656,7.0896901457140435,956.4013321169325,3183.8888318643867,10.454271521321752
2023-01-04 01:12:00,2757.151430286057,51.76780458193548,30.365470442239726,131.79374773341883,6.88717949255946,956.69048445099,3233.7521591994123,10.474128452964505
2023-01-04 01:13:00,2757.5515103020607,52.503995800328724,29.678327485564427,131.84508411074097,6.90454816955868,951.4471202120867,3192.348360560714,10.472804663084661
2023-01-04 01:14:00,2757.9515903180636,50.80791497312665,30.946865798193954,131.89663108891142,7.3040397788192335,955.5424592875823,3227.784642585041,10.491210149980976
2023-01-04 01:15:00,2758.3516703340665,52.12893627031736,30.463647385310985,132.42856449307862,7.195668885035641,955.9972651727444,3202.7947243626836,10.451457732383437
2023-01-04 01:16:00,2758.7517503500703,51.8816926547716,30.070607711312114,132.31351135811707,6.987612503880785,952.8043726359928,3193.0737905561664,10.474400371062288
2023-01-04 01:17:00,2759.151830366073,49.37604787023873,32.00560666540589,129.9536003883011,7.495165089279022,958.2720282578786,3262.1401331130087,10.529864976022683
2023-01-04 01:18:00,2759.551910382076,53.654522936501195,29.649609741950346,133.04756271708249,6.78017757047734,950.7872336352931,3188.29141116681,10.433125907959758
2023-01-04 01:19:00,2759.95199039808,50.20457040006359,31.871627510603176,131.1039204938788,7.1664262967731105,961.7622791333073,3241.007407666013,10.487368022149822
2023-01-04 01:20:00,2760.352070414083,51.573344899388026,30.04855010201248,132.34631430371337,7.0425561266910846,955.152242621232,3213.0488868396137,10.503302650707267
2023-01-04 01:21:00,2760.7521504300857,53.38954783962165,29.90702611713746,132.92881869262433,6.961316100991589,949.1208528918378,3195.7830305949105,10.436823652749608
2023-01-04 01:22:00,2761.1522304460896,51.10238451697162,31.492757484562592,131.78999908744527,7.0147694119755535,956.7856212500199,3232.0050611780043,10.467150238403962
2023-01-04 01:23:00,2761.5523104620925,51.62150447179932,30.98798017538028,132.29895195054766,7.21033533473689,961.1306767478374,3233.2646009253413,10.446870930160697
2023-01-04 01:24:00,2761.9523904780954,52.39624339862305,29.92296881916923,132.59829981819715,7.055411334659218,956.2558667047552,3206.285673064186,10.454534126405834
2023-01-04 01:25:00,2762.352470494099,50.45702039694779,30.925113730110017,131.97037398080982,7.2087356441392645,954.2229239203705,3230.00605008035,10.501238470989968
2023-01-04 01:26:00,2762.752550510102,52.677948319586775,29.947484507365395,133.78630915932823,7.110773492181751,950.1719375020402,3183.5203188319183,10.463965989235858
2023-01-04 01:27:00,2763.152630526105,52.49475364550045,29.38138688579346,133.888151897251,6.774787730406214,943.112524607148,3190.822636677884,10.436363551533294
2023-01-04 01:28:00,2763.5527105421083,50.95945217320236,31.052843207071927,131.67922572282,6.9709744634743585,960.1736794918603,3237.172360585212,10.465032011358783
2023-01-04 01:29:00,2763.9527905581117,54.144256091707106,28.93391590008628,133.9352867569942,6.734109385092854,950.5986180461572,3163.0994709887404,10.441277829760605
2023-01-04 01:30:00,2764.3528705741146,50.622585454650526,30.952346953602323,132.3806468678721,7.144155617381924,954.1673409143955,3224.4470507444316,10.486875156314024
2023-01-04 01:31:00,2764.752950590118,51.49132304600602,30.793940928173278,133.0653542130483,7.013540357758627,955.222784714348,3208.7414020259116,10.47334889910515
2023-01-04 01:32:00,2765.1530306061213,51.78832203745653,30.934325480862174,133.46833972410465,6.977121067399028,957.3175465928479,3217.918697053236,10.472384596800826
2023-01-04 01:33:00,2765.553110622124,52.983205833319175,29.755140157333532,134.11038602606482,6.875178726187938,948.2718822559989,3207.483062717228,10.446831343572896
2023-01-04 01:34:00,2765.9531906381276,52.025509291049794,30.62315340442006,132.19820233848182,7.1429200472780705,953.3360977146438,3200.8578271818315,10.48524861649636
2023-01-04 01:35:00,2766.353270654131,50.794422380034945,31.726794554615875,131.45487663559217,7.214204987891074,958.5632374236691,3217.646290658352,10.500331577382546
2023-01-04 01:36:00,2766.753350670134,52.057731974814985,30.507511144879494,132.3114802201488,7.05659666479515,959.2995550394421,3234.2243797170077,10.4802933856627
2023-01-04 01:37:00,2767.153430686137,50.995664348913145,31.731352901844456,131.44293889526864,7.151799452142543,954.5061996913722,3240.508914797905,10.49862399242763
2023-01-04 01:38:00,2767.5535107021406,50.13231099362336,31.525404343690283,132.69120015665706,7.155675927449508,957.0283312816048,3239.300683835278,10.52009872408377
2023-01-04 01:39:00,2767.9535907181435,53.0499676558523,30.152475510627166,133.54784733412504,6.8921774079778535,949.4650192072768,3210.536156148444,10.463334173606482
2023-01-04 01:40:00,2768.353670734147,50.28601697201075,32.46021977499025,131.74329959958533,7.1474827107824375,966.4070221463201,3262.7266801794485,10.518135958991538
2023-01-04 01:41:00,2768.75375075015,50.39655995565501,30.40759371444848,132.3516194098518,7.101296191859891,961.846763590044,3234.0567284817043,10.500265040836839
2023-01-04 01:42:00,2769.153830766153,52.09395167274737,30.046857683865685,133.22188098959285,7.064619860125356,951.7045028820814,3215.5903350606814,10.477443482579396
2023-01-04 01:43:00,2769.5539107821564,50.63731019402868,31.68899479563551,131.9724839659718,7.107474310048468,959.1957048615302,3220.1126636934105,10.515000021186255
2023-01-04 01:44:00,2769.95399079816,52.99376792707599,30.42661211987464,132.75245140294976,6.759508637696702,955.17504697031,3198.4729644995077,10.456970228120428
2023-01-04 01:45:00,2770.3540708141627,53.030913086643814,30.010758001669792,133.3987613896338,6.881093851748947,953.9507819971114,3184.026641717621,10.4674303493756
2023-01-04 01:46:00,2770.754150830166,51.920177364732915,30.549929144290537,133.1528042986054,6.859985775628755,953.3323152625645,3209.356670563233,10.45325928638342
2023-01-04 01:47:00,2771.1542308461694,53.78593229016266,29.043094746241316,133.0632260701271,6.745600283635665,948.1593867023159,3200.942999824899,10.442005234304359
2023-01-04 01:48:00,2771.5543108621723,52.17831906208729,30.685130260206538,134.1018752278857,7.039498846998708,958.1591343153117,3201.7784558555095,10.443652095399665
2023-01-04 01:49:00,2771.9543908781757,50.754203935658495,31.302441552281536,131.80679911890792,7.2094413305714,956.4237423755105,3231.5249753001726,10.47400623546257
2023-01-04 01:50:00,2772.354470894179,50.793970364560295,31.683167331981934,132.59362156293815,7.182785307320666,953.7642558286822,3243.4854147105225,10.491100669163094
2023-01-04 01:51:00,2772.754550910182,50.82752776673326,30.47412604987573,131.97350833631825,7.196141408477945,957.6839751018349,3232.5179957429964,10.50658838544618
2023-01-04 01:52:00,2773.1546309261853,52.0161493288164,30.777751959676415,133.12180648719198,7.229323717297284,955.2393327344937,3214.6480766139243,10.472078998991284
2023-01-04 01:53:00,2773.5547109421886,52.10982873102774,30.979319224576503,132.04805879840578,7.1200025324787175,957.0634040706889,3215.8194166980697,10.496719192440137
2023-01-04 01:54:00,2773.9547909581916,51.203217977066224,31.82789607285064,131.16682514181417,7.0772143425568865,954.4013498200933,3240.1167804216193,10.50843481785982
2023-01-04 01:55:00,2774.354870974195,52.908945650065526,30.03374787503302,133.57924182592942,6.990623663390148,952.5500597315867,3214.0829870008083,10.456435821380651
2023-01-04 01:56:00,2774.7549509901983,50.92769691182856,30.743891416238487,132.7264536735633,7.101846614914891,954.6462397748863,3230.549481234032,10.507534893769133
2023-01-04 01:57:00,2775.155031006201,51.33089610607207,31.030159701860196,132.14140817919488,7.010176057103664,956.6588122244411,3222.7651987988065,10.485258904118764
2023-01-04 01:58:00,2775.5551110222045,51.93582502985649,30.227553657758282,132.69359205810528,7.0677932077541366,954.5347134750082,3231.077319782856,10.471791649267471
2023-01-04 01:59:00,2775.955191038208,52.66272262289252,30.331739798586757,132.63906356853036,6.975850015136646,954.7516137277657,3207.1866636141826,10.471451759537018
2023-01-04 02:00:00,2776.355271054211,53.05668597331355,29.404213336464082,133.49974723647668,6.868164553663497,944.255104572787,3206.9975600387106,10.452230551340387
2023-01-04 02:01:00,2776.755351070214,51.6236256928347,31.078492637494662,132.42233969979785,7.040198546788079,954.7855883244844,3228.9625749929155,10.490981101509027
2023-01-04 02:02:00,2777.1554310862175,52.074100963198035,30.618704469768083,132.64714004557274,7.094380361528545,955.0435801157979,3225.330969114521,10.466757759894067
2023-01-04 02:03:00,2777.5555111022204,52.765792146551924,30.514113019347498,132.6478825554281,6.919043131059719,955.2281406006919,3223.7794189167203,10.488323831904019
2023-01-04 02:04:00,2777.9555911182238,51.80336536631055,31.40793609433585,132.59371979410005,7.003452599024145,956.3322391996288,3228.3472510851525,10.47649718865173
2023-01-04 02:05:00,2778.355671134227,52.727984178942194,29.6118881730621,134.14697554909378,7.001586579793779,950.9310079824949,3189.3211814787855,10.429213517493
2023-01-04 02:06:00,2778.75575115023,51.85834371078106,30.887675440617443,132.83335219663877,6.919932025935385,956.4946017394702,3230.4232219099235,10.493618162568186
2023-01-04 02:07:00,2779.155831166233,50.99930544812945,31.157473295881434,132.17642187455098,6.907207974590344,960.1207907121815,3245.6953315800192,10.498512123246758
2023-01-04 02:08:00,2779.5559111822367,53.75422057277581,29.907094955742608,133.0980897975907,6.954379245220645,951.5180182369829,3180.556595213504,10.463643036450009
2023-01-04 02:09:00,2779.9559911982396,51.75711458727893,30.266283566674517,132.5931756081863,6.9822636470812585,959.8345948118538,3218.3538833772977,10.472290132842799
2023-01-04 02:10:00,2780.3560712142425,53.34479358855376,29.267976635704425,132.40637945112675,6.8836950246665625,948.1260311334283,3207.9097631799077,10.465396205240015
2023-01-04 02:11:00,2780.7561512302464,52.95035527328435,30.540201409594932,132.92577378007775,7.127061139748314,957.7265415289543,3200.4260240220315,10.45870614912193
2023-01-04 02:12:00,2781.1562312462493,52.550679029487036,29.714621597017466,132.40195486439956,7.045510644651888,951.9000077167918,3208.474129488451,10.46256592058599
2023-01-04 02:13:00,2781.556311262252,51.48599476390018,31.73915452555022,131.67684237720312,7.27297528714747,952.8272464377341,3237.227834122402,10.511872314757415
2023-01-04 02:14:00,2781.956391278256,52.23017997090739,30.379292091112355,132.81015558896792,7.058565741292305,947.7201625734014,3225.6475767115344,10.476626510036635
2023-01-04 02:15:00,2782.356471294259,54.90743832306282,29.119678092969824,134.0643785995767,6.711385888993857,942.6071956225866,3166.3053989910127,10.426908913304562
2023-01-04 02:16:00,2782.756551310262,51.51181107363999,31.136614394254416,132.60685414540845,7.122732810269535,960.122848652166,3219.4185362906255,10.479577620231879
2023-01-04 02:17:00,2783.1566313262656,51.41006014882572,31.404122465603987,132.05059541778104,7.073839601106565,959.8173937182596,3228.379314319585,10.483127921736003
2023-01-04 02:18:00,2783.5567113422685,52.10348756162255,30.90046839877804,132.81543728150353,7.103216914049379,953.5629268285232,3237.3327246982553,10.481377185083282
2023-01-04 02:19:00,2783.9567913582714,51.5509479366977,31.35503266018479,131.65096022974234,7.256404114197973,956.8365289203089,3244.469403590477,10.507369720466624
2023-01-04 02:20:00,2784.356871374275,50.690643063918735,31.069482994043984,131.52985315096436,7.395403245852904,963.5322948807126,3227.9937723286203,10.523114556495742
2023-01-04 02:21:00,2784.756951390278,50.50052556596176,31.383663546048542,132.42105799865337,7.290970281990985,953.6513693163204,3232.5254213895373,10.498097415345933
2023-01-04 02:22:00,2785.157031406281,53.799996907083,29.83767713640709,133.3524346550111,6.904942638247107,946.7415789617286,3190.474625794788,10.429499163467375
2023-01-04 02:23:00,2785.5571114222844,51.06822080881439,31.60356347561941,131.6360158588216,7.257857521076431,962.6966016470299,3250.624590618535,10.49474836077741
2023-01-04 02:24:00,2785.9571914382877,51.532346245217155,31.55969559850305,131.557829878065,7.173588255433192,956.5496214048385,3235.111594377193,10.508483618159847
2023-01-04 02:25:00,2786.3572714542906,51.79320415405491,31.43247887768344,130.54386148281048,7.239836233703488,960.2976089995344,3236.579611452588,10.492287827167893
2023-01-04 02:26:00,2786.757351470294,54.38689880882828,29.604419672278386,133.4614866212238,6.78635839604662,946.3675474414374,3177.251088686153,10.444983554141382
2023-01-04 02:27:00,2787.1574314862974,51.72356686818617,31.407461473126414,132.3593665126508,7.123503575788877,957.8956850744509,3264.0999864496634,10.504731987217022
2023-01-04 02:28:00,2787.5575115023003,52.506861938291316,30.973235678411104,132.5275811098924,7.034414928687262,952.4929116477637,3202.666577179748,10.47965556763454
2023-01-04 02:29:00,2787.9575915183036,52.03032319557621,30.89412309976134,132.6319475320489,7.112700955238712,954.7879959596614,3225.352673573378,10.487230722749887
2023-01-04 02:30:00,2788.357671534307,51.34106659012063,31.54609431988072,132.53604079324464,7.198912661878532,963.9528170768323,3229.408129318637,10.489692682709748
2023-01-04 02:31:00,2788.75775155031,53.178262033882774,30.29052655345557,132.99831744204934,7.011712833315071,952.0453402351005,3220.2735528658222,10.458502251115068
2023-01-04 02:32:00,2789.1578315663132,50.76282070073637,31.658767924319402,132.11089812579021,7.491237026203641,962.1226402936566,3244.2848803790175,10.507753630787672
2023-01-04 02:33:00,2789.5579115823166,49.92862629369216,32.00367309283848,130.6381874869011,7.3494939410345985,965.8171704934774,3257.755096950395,10.547433756354108
2023-01-04 02:34:00,2789.9579915983195,51.83085889283546,31.041691739283998,132.58467458725517,7.208626296308115,966.465801764659,3239.5365072454842,10.48373049848862
2023-01-04 02:35:00,2790.358071614323,50.59830366804885,31.194284464351213,131.9857119143282,7.213441319456202,964.1860395729635,3235.628710041149,10.48918657385415
2023-01-04 02:36:00,2790.758151630326,51.91549843417284,31.317786466098912,132.52277799810696,7.126446223740721,950.6881027699746,3215.28322048466,10.476483735367717
2023-01-04 02:37:00,2791.158231646329,51.94234442346389,31.34961133811394,131.2500692616155,7.090640315767194,957.6543273385616,3233.6517015127242,10.500605033274535
2023-01-04 02:38:00,2791.5583116623325,53.5228184292941,29.50166786502152,133.66365600546456,6.802164414952072,951.3252405758359,3180.785118778543,10.437052725519047
2023-01-04 02:39:00,2791.958391678336,52.52674204399252,31.49820195926754,132.38738367550144,7.221100383251933,961.6792241550389,3224.7518180732914,10.487282607864344
2023-01-04 02:40:00,2792.3584716943387,51.724815754891424,31.028547040935383,132.03958418573805,7.084834889284832,953.4738389144277,3235.592748919709,10.482138768497588
2023-01-04 02:41:00,2792.758551710342,52.202018167370696,30.691261857372286,133.06401350859707,6.923512512990899,954.7619836698996,3225.6302932389403,10.471616829375314
2023-01-04 02:42:00,2793.1586317263454,52.164553523839025,31.236580160335038,132.87197373192092,7.197406379166389,955.0966342309307,3221.6280788598287,10.480483564649962
2023-01-04 02:43:00,2793.5587117423484,53.47530263522536,30.00278978133026,132.7880359329634,6.951250413321714,953.3598449043284,3209.9686129543675,10.46710431930368
2023-01-04 02:44:00,2793.9587917583517,51.26228170343919,30.6137522181108,132.1409888897463,7.2819795311470825,955.7747307470239,3229.759778341423,10.471130135125783
2023-01-04 02:45:00,2794.358871774355,52.51453135288706,30.73148447650924,132.27723188494193,7.061916933988161,954.062865823883,3216.1676111904967,10.480170501314952
2023-01-04 02:46:00,2794.758951790358,50.63048482309463,31.599953612435414,130.94692131207586,7.187292472420628,958.1873627115796,3242.6970969942936,10.505411763933417
2023-01-04 02:47:00,2795.1590318063613,52.23573740644477,30.875234239391663,132.18530939072284,7.1628794505193465,958.954042579013,3236.2576650927263,10.490400413540826
2023-01-04 02:48:00,2795.5591118223647,51.135369644645024,31.37288065935789,131.84282972753596,7.030183132571549,958.6440034376128,3227.413786473641,10.483319092673375
2023-01-04 02:49:00,2795.9591918383676,48.810654191657534,33.521564745624765,128.63763246767925,7.4913079068300314,970.1439089178634,3318.621924214871,10.556735266714902
2023-01-04 02:50:00,2796.359271854371,52.8496461288421,30.51826242693872,132.67006012316787,7.002614146057596,952.5598008210814,3206.412992104139,10.460102428420992
2023-01-04 02:51:00,2796.7593518703743,52.29890880034895,30.484756919191728,132.8099326909077,7.038663561850223,952.7269974052815,3229.8238946929614,10.472802610371454
2023-01-04 02:52:00,2797.159431886377,54.24841245660295,30.13831028291958,133.18453228892534,6.920779724193994,953.6810127037147,3211.073600738081,10.472143832622063
2023-01-04 02:53:00,2797.5595119023806,53.52305351129433,30.46764124626044,132.9657100541926,6.857090846980599,953.1854569903751,3200.3940481385584,10.465904671281539
2023-01-04 02:54:00,2797.959591918384,51.25936187995918,32.114030366392115,130.63642709448828,7.256538825124374,956.4627952424952,3263.2185560626435,10.52198909379696
2023-01-04 02:55:00,2798.359671934387,54.085418024733656,29.682759296673844,132.98138260368984,7.0655887546529685,943.46568910378,3196.168622467506,10.440252722965425
2023-01-04 02:56:00,2798.75975195039,52.34605380330118,30.583506634735134,131.88386229567908,7.004618602754475,951.0577206590764,3222.658714993992,10.483542238746477
2023-01-04 02:57:00,2799.1598319663935,51.18219752719439,31.376057943234745,130.78630063834828,7.136295007285607,951.9799173872717,3221.0185022334194,10.497823929464907
2023-01-04 02:58:00,2799.5599119823964,51.833444776825516,31.12333868588906,131.98130464944558,7.294584058445753,960.8821949886134,3214.8100397375674,10.487398672093025
2023-01-04 02:59:00,2799.9599919984,52.519404531922845,31.113261452763805,132.1645140021359,6.942724181111577,956.1746690783011,3220.3228221593718,10.466190397713275
2023-01-04 03:00:00,2800.360072014403,51.69066812649566,30.74715975092026,131.69655236678622,7.211608012939951,964.4967088431916,3240.588311113348,10.494793405919454
2023-01-04 03:01:00,2800.760152030406,52.68535051167271,31.35846438842007,131.62856074929334,7.173978991664905,957.0048667965768,3234.2688519518524,10.48520899093102
2023-01-04 03:02:00,2801.160232046409,51.8682022432206,31.638909036543307,130.5552462156461,7.217927322856157,963.0623239888097,3252.650372681083,10.501298720996667
2023-01-04 03:03:00,2801.560312062413,53.984545579713696,30.38926695457096,132.34218508147634,7.084471704536556,954.2153883534356,3204.0461459333915,10.455486906593242
2023-01-04 03:04:00,2801.9603920784157,50.94724609743882,31.741860097416353,130.94382599504843,7.500291229573654,958.3183764184824,3268.1499313998156,10.52653115990354
2023-01-04 03:05:00,2802.3604720944186,52.10985802117597,31.23528414219501,132.21490323930644,7.26571613019522,961.8824202345945,3228.4038907036456,10.480085559328266
2023-01-04 03:06:00,2802.7605521104224,49.19873400971462,33.528818043511244,129.8982329900582,7.721370472060324,967.5328353081463,3283.319532954028,10.55250021419318
2023-01-04 03:07:00,2803.1606321264253,53.89444279985365,29.482222561603976,133.2991684031113,6.884103605973677,951.9504658965201,3200.554085004343,10.454558827463805
2023-01-04 03:08:00,2803.560712142428,50.160759171814,32.61318243395919,130.51095819730168,7.579784848870261,964.1862531724298,3256.585776593933,10.548464839191917
2023-01-04 03:09:00,2803.960792158432,52.25507944336387,31.053662074094586,131.66382807661594,7.246441509750027,954.2317736854995,3236.0187771925125,10.509828959252657
2023-01-04 03:10:00,2804.360872174435,52.561758979191595,30.85472313111664,132.24397397510867,6.918529244094813,954.6804884101217,3221.215600910207,10.459914362061255
2023-01-04 03:11:00,2804.760952190438,52.359163388578835,31.13985106975236,132.09680881153315,7.174989645773487,961.6683809192134,3232.109974053282,10.486439784538954
2023-01-04 03:12:00,2805.1610322064416,52.039274673345744,31.317648822475313,131.51883954410133,7.144033944356174,954.8587257053579,3249.213693499107,10.498532845615944
2023-01-04 03:13:00,2805.5611122224445,52.1438829871597,31.41411484457033,132.05214849516193,7.1371151971081686,961.849183691787,3242.296736043957,10.503031569103808
2023-01-04 03:14:00,2805.9611922384474,50.873495284173096,31.712958711594347,130.90618804894308,7.163093287586362,965.6804815255524,3265.2825596861117,10.503611699696908
2023-01-04 03:15:00,2806.3612722544513,51.57987391321444,31.78554810591086,131.19454606673295,7.247247971724614,955.1218920275427,3256.022038838788,10.519180439325519
2023-01-04 03:16:00,2806.761352270454,53.07289727395193,30.417920694638823,131.786770966481,7.236913842171862,952.6183700584343,3216.707118634132,10.487003796875772
2023-01-04 03:17:00,2807.161432286457,50.59348712610946,32.1806544603678,130.67464638986345,7.1433805379307405,964.6368833318871,3264.3181763706484,10.527078838761785
2023-01-04 03:18:00,2807.5615123024604,52.29688321931392,30.573010241008994,131.3374689324438,7.157575434210343,957.0417176564611,3227.022015146751,10.493018210153405
2023-01-04 03:19:00,2807.9615923184638,52.15541818430675,31.293106492711214,131.6396155759389,7.220785150568712,956.0079151848272,3235.1231411250396,10.49042348780754
2023-01-04 03:20:00,2808.3616723344667,53.227448990199726,30.236274570715906,133.12705523736096,6.9969104472220005,950.0521314687659,3196.530114276522,10.459501331693671
2023-01-04 03:21:00,2808.76175235047,54.36986827389822,29.523758742483636,133.24231228855723,6.841270503493883,950.3571645968374,3208.6772864376135,10.459070488823958
2023-01-04 03:22:00,2809.1618323664734,53.51817957998786,30.4908692465922,132.49319262529423,7.052171757759816,954.3174138185732,3221.4632921155853,10.489688277542879
2023-01-04 03:23:00,2809.5619123824763,52.442490175896886,31.38921203163409,131.63106778669828,7.354697124518915,955.2251579664684,3237.3898134190244,10.499158511896818
2023-01-04 03:24:00,2809.9619923984797,51.43873472828404,32.389986513366004,131.55623261944214,7.280559636972435,958.6022274817266,3263.6251832543485,10.519117661394494
2023-01-04 03:25:00,2810.362072414483,52.55933042391522,31.243011600318056,132.07571354811657,7.099467490362169,963.1333710976841,3232.6144173028856,10.52632441983575
2023-01-04 03:26:00,2810.762152430486,51.56028607179991,31.65169215011801,132.11711570364315,7.152465926211819,956.4440025037096,3243.145826477544,10.516012694448364
2023-01-04 03:27:00,2811.1622324464893,51.9992668178921,31.398516187883452,132.25083015916798,7.225388239935519,960.198476525621,3247.564607797841,10.501244409861526
2023-01-04 03:28:00,2811.5623124624926,52.37122058786578,31.04951041611704,132.14694031066995,7.094250022067173,956.2931091982689,3234.002820100767,10.486735987738902
2023-01-04 03:29:00,2811.9623924784955,52.53601407539336,31.235644398771313,132.1345031155446,7.1157212879987775,950.4798616481196,3224.6182847953182,10.488170800244744
2023-01-04 03:30:00,2812.362472494499,51.27872494759224,31.23571542950757,130.53832044664088,7.309009247633373,959.5376886989884,3263.164691980115,10.510383994442552
2023-01-04 03:31:00,2812.7625525105022,51.06984628675493,31.629009112500416,131.0336860708194,7.313691638704302,959.1669405120526,3234.0618375473064,10.508883414262918
2023-01-04 03:32:00,2813.162632526505,51.78023938897628,31.070001051514694,132.0198953284551,7.328466878136755,958.658892498869,3246.646056477139,10.503763972712937
2023-01-04 03:33:00,2813.5627125425085,51.44090324599695,31.84591858156112,131.8058816245036,7.134166061282749,962.2782184690429,3233.5650721391066,10.517641133340318
2023-01-04 03:34:00,2813.962792558512,49.262874435253345,32.83827108825093,130.05945820795046,7.581661819640337,966.5526018200261,3283.067638945662,10.557477966460777
2023-01-04 03:35:00,2814.3628725745148,51.41731491986435,32.22919965890034,130.85655308565572,7.275203180288723,967.3226244952936,3276.154997061607,10.525459494316282
2023-01-04 03:36:00,2814.762952590518,52.31404298951573,30.790877810539953,131.50784026494506,7.138003519221082,963.4164428761552,3247.101969105422,10.50931661868608
2023-01-04 03:37:00,2815.1630326065215,53.8385556347593,30.365608515321473,132.84498740272127,6.9827703199852165,952.8063614758546,3208.0979232817285,10.45199061419575
2023-01-04 03:38:00,2815.5631126225244,52.510803731712095,30.768636580172746,132.3838073369515,7.13075194851303,957.9569725670123,3248.442383962967,10.493074053010524
2023-01-04 03:39:00,2815.9631926385277,52.88696684842985,31.262085392576406,131.8943729458436,7.007059854647954,955.7013771121366,3222.3024393372734,10.48471138783777
2023-01-04 03:40:00,2816.363272654531,52.16283411439191,31.290388201881346,131.24796403123915,7.138460303763893,955.7845178453024,3248.651607730584,10.509476251776082
2023-01-04 03:41:00,2816.763352670534,49.37559188152061,33.264001468796145,129.0559070761843,7.806804588690804,972.0245612139122,3296.1566508046235,10.553792846006571
2023-01-04 03:42:00,2817.1634326865374,51.25827206955899,32.59642636897041,130.5220309242673,7.255950280684066,962.8329813840853,3260.097761996939,10.523931922059628
2023-01-04 03:43:00,2817.5635127025407,51.00989322858557,32.69476426532224,130.46837500202213,7.475366295452907,969.1970952129749,3269.1088898064545,10.526788456149287
2023-01-04 03:44:00,2817.9635927185436,52.3846780270005,31.277411717621412,131.34713621093786,7.091459341594941,968.3712492623779,3252.973437032998,10.507703802470811
2023-01-04 03:45:00,2818.363672734547,53.94811226904819,30.45277002355811,132.19037603256223,6.858284286879596,951.5158707995694,3215.206290500149,10.478782118531933
2023-01-04 03:46:00,2818.7637527505503,48.86054030912818,34.010717257440334,128.94154763688607,7.803332856845307,974.0827915196552,3311.65687294888,10.570194485871536
2023-01-04 03:47:00,2819.1638327665532,52.75329032460124,31.008253307317055,132.31477946662707,7.305418723191437,960.2057110911202,3244.51881539529,10.488436131632458
2023-01-04 03:48:00,2819.5639127825566,52.15304769103518,31.31008968036154,131.97370444743189,7.315657948819651,960.716122403012,3241.9641696037415,10.498751967733286
2023-01-04 03:49:00,2819.96399279856,52.27323887004336,32.315054416453634,131.74996839184388,7.335659372493032,965.1027627146698,3267.507629075271,10.516313513730477
2023-01-04 03:50:00,2820.364072814563,53.63538793897778,30.43433225739778,132.89996323969913,6.91675473737081,957.1094814491236,3212.741700204139,10.463590311733093
2023-01-04 03:51:00,2820.764152830566,53.25661297841896,30.864849787683706,131.29681055942376,7.192483721663369,961.664936371921,3225.233019058828,10.497207198157417
2023-01-04 03:52:00,2821.1642328465696,52.63681353366996,32.077562681077794,130.31008117750363,7.186093108199213,963.9061169802903,3255.024134149407,10.525278021964473
2023-01-04 03:53:00,2821.5643128625725,51.130163975417105,32.27169857810701,130.71257636652953,7.4869570158311305,972.096328728551,3272.917184818471,10.522680407413208
2023-01-04 03:54:00,2821.964392878576,50.60944984450699,32.027171534119056,130.84219794051634,7.339927613797968,966.6871572009159,3242.64879443965,10.530773568972638
2023-01-04 03:55:00,2822.364472894579,53.00161910246394,31.104228310080128,131.54976270630883,7.382934447862033,957.2571219862548,3241.7374250114503,10.485094025070255
2023-01-04 03:56:00,2822.764552910582,51.94341865474542,31.302173213055926,130.8873955191388,7.292805542994933,963.5007472231987,3250.8635386039305,10.502465668958134
2023-01-04 03:57:00,2823.164632926585,50.492361554916585,32.64557890136085,129.95135346846664,7.472262299737355,964.4993367547214,3272.8026501161007,10.525693177506168
2023-01-04 03:58:00,2823.564712942589,52.63209913795192,31.25397438197961,131.8247499668356,7.327185675908803,962.0949748158088,3239.4373959624622,10.512159323964221
2023-01-04 03:59:00,2823.9647929585917,51.587823156315466,31.114479871463505,131.9280573685923,7.2401194681284355,963.3835018465807,3252.626133137596,10.507529212070606
2023-01-04 04:00:00,2824.3648729745946,52.47756124216482,31.695135963810742,131.38684841003547,7.361061043151839,959.9659480007624,3243.5038609649346,10.526375326936382
2023-01-04 04:01:00,2824.7649529905984,52.9196527669018,30.92755871820805,132.3852973091667,7.0456916060080985,959.459928569291,3245.0898846821297,10.50096038519717
2023-01-04 04:02:00,2825.1650330066013,52.798852305885056,30.223427234417183,131.88817388575342,7.157364274994553,955.4954345506497,3228.291790950377,10.471687238094699
2023-01-04 04:03:00,2825.5651130226042,52.17335489463712,32.363883731905766,131.31978268281995,7.295424411970849,958.8763412602932,3254.9031340789534,10.515631855440757
2023-01-04 04:04:00,2825.965193038608,47.40684305078756,34.25896092585266,128.19250945225244,7.98773812854154,972.4627158226399,3320.2165162674287,10.585658528322968
2023-01-04 04:05:00,2826.365273054611,51.844610311179075,31.62967297128308,131.79620553395267,7.405456537038571,957.101505731183,3237.4868519972947,10.508235298542536
2023-01-04 04:06:00,2826.765353070614,50.27005950563,32.31906014217635,130.70143232002047,7.498921266024485,965.5136198494196,3289.303340805495,10.520823800658288
2023-01-04 04:07:00,2827.1654330866177,51.91295112370079,31.995061674748303,130.51598191190766,7.373018934223169,959.815980388707,3243.001884656486,10.516948921091297
2023-01-04 04:08:00,2827.5655131026206,52.29005906627741,32.25366654983729,130.6442263486451,7.266979616205914,966.8852959912206,3266.4357864824356,10.505017276313003
2023-01-04 04:09:00,2827.9655931186235,53.16524370454456,30.726365183310744,131.942851525893,7.2178854149045915,957.0201105375911,3208.3496535281483,10.4830150074309
2023-01-04 04:10:00,2828.3656731346273,51.35943617160872,32.56827289574513,130.22962486334703,7.274900607569575,963.2482032642796,3264.3872115184554,10.524756064069594
2023-01-04 04:11:00,2828.76575315063,52.67610717781636,31.65882755143645,131.97902335552038,7.169924900318273,961.4543749624352,3239.7180040687963,10.502510451311828
2023-01-04 04:12:00,2829.165833166633,51.000064575955456,32.314538658567166,129.52956375465936,7.4663546473290054,966.769271026608,3261.388044433559,10.527350053754915
2023-01-04 04:13:00,2829.5659131826365,52.14445600813319,31.709082900482308,131.33486918635083,7.097274385065318,959.4670251739909,3250.0399137790378,10.516896340524545
2023-01-04 04:14:00,2829.96599319864,52.50204906172913,31.126613700373618,130.68499735689326,7.271952066765552,960.6455373129459,3260.2796284816486,10.506114438144841
2023-01-04 04:15:00,2830.3660732146427,53.122006314703725,30.708263027023936,132.02759455146133,7.315122752039207,955.4784124805,3220.239258878584,10.476698277335592
2023-01-04 04:16:00,2830.766153230646,52.852698151385304,31.15220872858171,130.92705986713534,7.176894923813169,958.6963072072372,3244.2910186741833,10.502879230500037
2023-01-04 04:17:00,2831.1662332466494,51.16281656631045,32.39154617790207,130.47257689426624,7.477813349853736,964.7246620356227,3262.201255433461,10.532860559629796
2023-01-04 04:18:00,2831.5663132626523,53.36310608448105,31.06633978663949,131.49694419417082,7.064027371382626,959.369757011033,3222.0988862760632,10.489572218695475
2023-01-04 04:19:00,2831.9663932786557,53.722395698653365,30.9667345961422,132.13524873093493,7.153615195633262,952.8169823880816,3195.567325842519,10.48139701979172
2023-01-04 04:20:00,2832.366473294659,51.48565094117131,32.42467906477808,131.12317705533644,7.432931944962225,961.274920522041,3260.708148054523,10.536003345148483
2023-01-04 04:21:00,2832.766553310662,52.474184077795485,31.428460518578934,131.04878743857643,7.306188649780271,961.33761799864,3247.088864061703,10.530993629560886
2023-01-04 04:22:00,2833.1666333266653,50.3938028915659,32.49700598921033,129.1386230548388,7.452145172131995,965.9328880316447,3255.4449130169564,10.5250095058036
2023-01-04 04:23:00,2833.5667133426687,52.478147671715675,30.48411955293256,131.81054566003587,7.1471466430536665,956.002206161799,3251.625967078577,10.510040539206495
2023-01-04 04:24:00,2833.9667933586716,52.82117273165715,31.386343871256994,132.57716729956402,7.0551370714565715,965.5826971075143,3238.4301031229716,10.497323407000959
2023-01-04 04:25:00,2834.366873374675,51.450395339023615,32.052741585702826,130.88380548280514,7.448825952201572,967.3250965526433,3271.8313569405163,10.527997722986184
2023-01-04 04:26:00,2834.7669533906783,52.43165076065148,32.56198614076338,131.4697995839387,7.338967047502123,962.6165504271403,3241.6503530092687,10.510676728172317
2023-01-04 04:27:00,2835.167033406681,52.22758631384982,32.18282719695292,130.7859553348865,7.198107084136068,960.5989764829748,3258.714116454436,10.511407111570945
2023-01-04 04:28:00,2835.5671134226845,53.57487312993946,30.96128732674793,132.38951336424978,6.950717830115034,953.1825444532641,3243.4010286185467,10.489146955051066
2023-01-04 04:29:00,2835.967193438688,54.0692696495152,30.784313723266713,131.8972517656368,7.105872472059076,953.2077258506703,3225.825509542409,10.47544678619257
2023-01-04 04:30:00,2836.367273454691,53.13569582177991,31.40505933875395,131.62565829336958,7.235452399098775,959.7358970794085,3247.7015649813993,10.505077068831818
2023-01-04 04:31:00,2836.767353470694,50.52319329117656,32.67878186132506,130.79817222879564,7.40560425301887,970.4166440799546,3275.1639659547163,10.562391194163522
2023-01-04 04:32:00,2837.1674334866975,53.905182985553694,30.931794829324687,131.52866679491245,7.218433362185072,959.6877133420434,3232.6584459570067,10.490685145142402
2023-01-04 04:33:00,2837.5675135027004,52.73961936844702,31.358200167998092,130.62184002767756,7.201728318304359,961.2219802068347,3242.8708410995273,10.508894262727614
2023-01-04 04:34:00,2837.967593518704,53.86411649109147,30.626837470839995,132.32945128278038,7.088755679715699,956.418559071226,3212.778669878434,10.46352941358111
2023-01-04 04:35:00,2838.367673534707,54.28512354824255,30.661567300224597,132.94378839970705,6.8971968362859455,953.7148054792113,3213.2641478201435,10.47148670235998
2023-01-04 04:36:00,2838.76775355071,51.6384053862654,32.14709616102232,131.70743975535612,7.354227979595748,965.7513916385511,3259.69695023191,10.50788867124936
2023-01-04 04:37:00,2839.1678335667134,50.97100673445956,33.18831663373326,130.1871828824841,7.491643679308358,968.1573769660914,3282.880543143078,10.522845437325122
2023-01-04 04:38:00,2839.5679135827168,53.39379954556429,30.585183209042164,132.33105427430127,7.107848170227114,955.1817034098071,3228.813385873587,10.494024539321599
2023-01-04 04:39:00,2839.9679935987197,52.77441737244617,31.959295084713894,130.80457910144517,7.357024560956111,962.2943832211506,3263.6256436604567,10.516887726634675
2023-01-04 04:40:00,2840.368073614723,53.79939447826229,31.328327697474585,131.36830212120418,7.188187677344485,957.4573248464659,3256.940122146119,10.512904473631238
2023-01-04 04:41:00,2840.7681536307264,51.49928761187003,31.917690912812386,130.837166037003,7.501989425265211,966.2287678640884,3268.2540744942416,10.512239638721327
2023-01-04 04:42:00,2841.1682336467293,51.82367987269757,31.758966557029773,131.9583844169094,7.215054249124049,959.2105516247204,3257.538297860479,10.523275015571134
2023-01-04 04:43:00,2841.5683136627326,51.43632964581206,32.981726261653314,130.28702317900294,7.451238292472936,967.5908926163773,3271.954013125878,10.539479411326766
2023-01-04 04:44:00,2841.968393678736,55.19709285723726,29.189331620390114,133.13638867287705,6.966457525746105,956.4622519450764,3209.6762277369844,10.466927212984032
2023-01-04 04:45:00,2842.368473694739,52.27812388218414,31.96726653041597,130.63187230711117,7.462496176377001,969.5676332760739,3241.7953398229824,10.506615999114512
2023-01-04 04:46:00,2842.7685537107423,52.245248470685084,31.35009657383198,131.2318584346727,7.26396801358107,963.2143501973452,3248.233204097779,10.50926237119914
2023-01-04 04:47:00,2843.1686337267456,51.39640067636761,32.43715474737455,131.20407806519864,7.518326606996498,969.126405131419,3256.9345869184713,10.515119780512292
2023-01-04 04:48:00,2843.5687137427485,53.31503766730864,31.480969514849676,131.06315346174708,7.1061721511110605,956.1067602692549,3249.2740912083814,10.51005410723537
2023-01-04 04:49:00,2843.968793758752,52.90277449227827,31.508859563595834,131.31964754563103,7.166200361546885,957.5175241261317,3246.3354762499634,10.493206239953246
2023-01-04 04:50:00,2844.3688737747552,52.18082141722867,32.02747966857237,131.14443020275158,7.366699182037064,963.0398434976388,3248.238448635868,10.509996367499905
2023-01-04 04:51:00,2844.768953790758,50.91241109622594,33.99399038882044,129.41470106229093,7.685635061664842,978.8362588158489,3306.5730637352895,10.572764031893206
2023-01-04 04:52:00,2845.169033806761,51.47371041399855,32.17631015163715,130.66972058593498,7.382702539574624,969.5153105272857,3283.3613880300645,10.51946333726468
2023-01-04 04:53:00,2845.569113822765,53.51184210728512,30.700181438393503,131.96692456255403,7.204484965431789,957.0508229776632,3240.48896509894,10.51022513420797
2023-01-04 04:54:00,2845.9691938387678,50.88948464535768,33.368541667635284,131.31128703242035,7.498541354414287,970.7574538725639,3291.1002607398777,10.566573527423634
2023-01-04 04:55:00,2846.3692738547707,53.719466365565964,30.810397450362096,131.35869175244363,7.0692606536153235,960.814238890901,3237.988574793043,10.477651577558005
2023-01-04 04:56:00,2846.7693538707745,51.374742558348856,33.1247017785741,130.09630580544763,7.523010336652423,973.6509180051422,3290.1428320512946,10.546576776514724
2023-01-04 04:57:00,2847.1694338867774,53.32746484979972,30.61205235254651,131.6269230037244,7.300917933987715,957.0086396810319,3227.8935331420894,10.48521291289919
2023-01-04 04:58:00,2847.5695139027803,52.53438508431934,31.536145920573272,131.70589724427552,7.27190454581033,961.5695226095913,3258.665045082628,10.50239460578724
2023-01-04 04:59:00,2847.969593918784,51.89369904200619,32.65447887915621,131.44018625882117,7.435424853518664,966.9717223538208,3269.6441189442335,10.533829066279536
2023-01-04 05:00:00,2848.369673934787,53.04095560480754,30.80000480838968,132.0388794529815,7.20202619174498,953.7042675800058,3230.107387329873,10.49191107976238
2023-01-04 05:01:00,2848.76975395079,52.6333003512642,31.797482500844325,131.20349413822723,7.430675383229774,964.7936401251098,3259.053438149022,10.520511707116706
2023-01-04 05:02:00,2849.1698339667937,50.49351118685632,33.04644974486818,129.06354199004724,7.633364188285191,973.7503108739725,3306.0849068131797,10.57977060282093
2023-01-04 05:03:00,2849.5699139827966,51.80530016512222,32.49956060317712,131.47230504134703,7.392760438067879,963.2240681631747,3252.1818654095746,10.524739996848709
2023-01-04 05:04:00,2849.9699939987995,52.974187478084424,31.799109210956598,131.95739743998328,7.255252940943286,968.1191372104179,3239.444576651015,10.518533747391313
2023-01-04 05:05:00,2850.3700740148033,52.27827852712059,32.03690749940281,130.7985453153513,7.276293208894857,965.6655514852511,3239.4695409329033,10.526031194642435
2023-01-04 05:06:00,2850.770154030806,52.791208123177206,31.333775372748327,131.8182978526005,7.358522277921776,956.3642442356556,3251.918379229538,10.491383039749866
2023-01-04 05:07:00,2851.170234046809,53.58139112886033,30.978417212811237,130.94230422220375,7.275438337012606,958.3604899960084,3236.7360796579783,10.48725384438152
2023-01-04 05:08:00,2851.5703140628125,49.997049782571985,33.070452347406295,129.5391984209025,7.422291280218303,964.2575030472818,3281.318923569622,10.566592771476039
2023-01-04 05:09:00,2851.970394078816,52.296732637200364,32.63027031936949,131.01293638340508,7.502723798970468,964.3196888653574,3263.8667325626375,10.54085472194946
2023-01-04 05:10:00,2852.3704740948187,53.5608955082123,31.35445502998638,132.5988152825626,7.256256423000676,958.0987685961151,3233.5092860830996,10.517258791964045
2023-01-04 05:11:00,2852.770554110822,52.780089057926155,30.97363496097698,130.55013090036115,7.240871847108613,960.793140877651,3248.095535870206,10.501675774500086
2023-01-04 05:12:00,2853.1706341268255,51.82280926048047,32.36534201604274,130.96388299580164,7.487817283375736,963.4589055102999,3282.905300115378,10.516441986083526
2023-01-04 05:13:00,2853.5707141428284,53.6101210320816,31.33890223421105,132.31812276314298,7.119606597237035,960.532122377527,3245.609251837578,10.4938641281071
2023-01-04 05:14:00,2853.9707941588317,53.04718342316488,31.472423084276883,132.4996156317524,7.245447546572898,964.1771949266091,3245.1247119823365,10.481668480257486
2023-01-04 05:15:00,2854.370874174835,52.95867129709898,32.48240654283043,130.53102564667958,7.589771104160266,969.350284895075,3275.524885628204,10.528026711200589
2023-01-04 05:16:00,2854.770954190838,53.75039434410814,30.427787311743653,132.69667580372408,7.110000401653648,962.1234580537895,3253.4285565016166,10.487502105885289
2023-01-04 05:17:00,2855.1710342068413,51.53411844763669,32.6895989197667,130.64660881726823,7.481271499235541,967.2392863584482,3272.0518414253743,10.540141927282523
2023-01-04 05:18:00,2855.5711142228447,52.60560728670065,32.21696044963571,131.74413500287895,7.56234124093543,963.2899994127357,3256.663380914185,10.517271149179965
2023-01-04 05:19:00,2855.9711942388476,49.836073778980996,33.516108387513356,129.37213453320592,7.643576848079814,969.9600287796679,3291.9248279611115,10.56803732304179
2023-01-04 05:20:00,2856.371274254851,56.03632089044388,29.43666005711962,133.59718069088626,6.883579904733383,946.6020919091004,3173.920765874123,10.453779843287156
2023-01-04 05:21:00,2856.7713542708543,51.331624827620814,33.65476673439737,129.38286743653205,7.52182888944149,972.2295499049228,3293.0558544427995,10.549119221423767
2023-01-04 05:22:00,2857.171434286857,51.80888408559229,32.73097249051864,130.25378558612937,7.5757883118573455,962.9199794934109,3272.95346466318,10.532629097864215
2023-01-04 05:23:00,2857.5715143028606,51.20980334574761,32.92624356518127,130.11215896955264,7.471157752641076,966.5229577598282,3279.4641718032435,10.50430546487445
2023-01-04 05:24:00,2857.971594318864,53.19251172719239,31.427175728680883,131.11849789342477,7.344007593850479,956.4566043382227,3232.332317877478,10.516712016546732
2023-01-04 05:25:00,2858.371674334867,51.90567582200163,31.236840112129343,131.8937303931529,7.312695085742125,963.4511874405898,3237.789793257108,10.514567678744179
2023-01-04 05:26:00,2858.77175435087,52.50160332905679,31.956588579725704,130.97740546782958,7.430836468470136,960.5769660299425,3238.4918213081696,10.52261977316252
2023-01-04 05:27:00,2859.1718343668736,51.37370239093267,33.322536377427774,129.42998979599804,7.462280272276741,966.9471843799394,3295.2620814573042,10.554681850592026
2023-01-04 05:28:00,2859.5719143828765,52.29775965940363,32.06770650367537,130.67374970425809,7.382902832713607,963.6942696977977,3263.648057454897,10.524610951777813
2023-01-04 05:29:00,2859.97199439888,54.37787522505491,30.949677569218107,131.254283270339,7.1519281619069375,952.6895278975016,3246.683510515865,10.494528209797146
2023-01-04 05:30:00,2860.372074414883,51.75032655112983,32.36183539440412,131.00792181863054,7.3324310282202525,965.8410396549901,3276.337444145098,10.52224283294283
2023-01-04 05:31:00,2860.772154430886,54.62766405079819,31.44254049756205,131.41045247114695,7.187669456566095,956.8873240918247,3220.9403300584845,10.499252379852589
2023-01-04 05:32:00,2861.1722344468894,52.241041605977934,32.47523909601005,129.9611076311881,7.792587401220093,967.9113856607635,3265.2527868925604,10.524213424697681
2023-01-04 05:33:00,2861.572314462893,52.756481386913016,31.80650640224552,131.70059052403792,7.236305611958207,956.9633596059872,3258.328663579822,10.52322189778129
2023-01-04 05:34:00,2861.9723944788957,50.63514630572813,33.68028960404633,129.51257965089331,7.676111008136166,974.4430115940452,3289.5297637521917,10.547862809731052
2023-01-04 05:35:00,2862.372474494899,52.78003673772962,31.377886376003293,131.36567036972212,7.278131468227814,959.0587079283009,3262.8569251367826,10.521595036916205
2023-01-04 05:36:00,2862.7725545109024,52.15891724115676,32.49321008893363,130.1480202872071,7.612068131476763,972.0625213455539,3285.7937168260232,10.542106877491257
2023-01-04 05:37:00,2863.1726345269053,54.48000423694417,30.431324494017648,131.65946182100134,7.195088244841117,956.7013929540148,3236.117437810333,10.51943842065155
2023-01-04 05:38:00,2863.5727145429087,53.58097959224473,30.73315957066411,131.87467575811093,7.058964396361808,960.2995228037413,3225.5819329388805,10.493211932952661
2023-01-04 05:39:00,2863.972794558912,55.07721064412809,30.722866113719626,132.21634427788536,7.095977600224549,958.5670231503309,3211.6286331052024,10.492877853627164
2023-01-04 05:40:00,2864.372874574915,56.01156376068836,29.171066616555567,132.58937421651618,7.041120452412795,948.6584506527718,3185.9752547522,10.454252571917886
2023-01-04 05:41:00,2864.7729545909183,52.083935776025484,32.307887084871716,131.13626934014098,7.371942705776529,966.8346812491219,3269.6695425133103,10.528930951009402
2023-01-04 05:42:00,2865.1730346069216,52.38172465388998,31.41166602352047,132.78947061349362,7.372429551154154,960.1280577306584,3234.12802243895,10.48938396222349
2023-01-04 05:43:00,2865.5731146229245,52.39315849339682,32.745527884731196,130.8760781037226,7.350734142753949,965.099065157507,3264.13109639964,10.546527989253493
2023-01-04 05:44:00,2865.973194638928,53.14284668021528,32.03570361588225,130.6455579673447,7.384962213750249,964.9380673453454,3242.31950685015,10.536313354422457
2023-01-04 05:45:00,2866.3732746549313,53.882255028438514,30.934183571577307,132.24103670811232,7.161552757255792,953.3996230426785,3222.6720606080466,10.492786893269281
2023-01-04 05:46:00,2866.773354670934,52.3173535982504,32.67566943711421,129.49002777375838,7.645876821189526,965.865935890369,3274.53389006143,10.535139475848236
2023-01-04 05:47:00,2867.173434686937,53.294433769883454,32.816004966876534,130.26485357528776,7.437261986701512,966.753882101182,3263.147890788115,10.524572874137283
2023-01-04 05:48:00,2867.573514702941,54.338699954386094,30.812121883265206,131.93427467773589,7.244095278723872,959.3313100124103,3231.859614185502,10.483488990244977
2023-01-04 05:49:00,2867.973594718944,55.19603860639754,29.704845310533738,133.41403222834342,6.876463863924075,952.8157412935899,3218.7232706894447,10.455293436700972
2023-01-04 05:50:00,2868.3736747349467,52.847454226398575,32.275364903518444,130.73107892992002,7.380791900828827,964.9155004693965,3270.7328425159253,10.541045810846251
2023-01-04 05:51:00,2868.7737547509505,52.7365994359973,32.07243319777206,130.1572795734992,7.29800618035644,965.5104006636204,3248.0077035248487,10.53335066534979
2023-01-04 05:52:00,2869.1738347669534,52.06478679443704,33.24317816855455,130.50145086283618,7.609669066042749,967.6229176683976,3277.4740228410647,10.545815856408781
2023-01-04 05:53:00,2869.5739147829563,54.442717794042814,30.604190320260148,131.9711096224675,6.988076182642968,962.6578016158946,3232.9283027743977,10.487146878982548
2023-01-04 05:54:00,2869.97399479896,53.677791238176326,31.529760388127286,131.44597361688045,7.113419299531397,963.054246245761,3242.9932933503205,10.525424397008194
2023-01-04 05:55:00,2870.374074814963,54.32178605449629,30.671244177977083,131.95185750556155,7.044286682213775,950.6141910699238,3210.495680128465,10.476291005249493
2023-01-04 05:56:00,2870.774154830966,53.86881171990553,31.532277781996495,131.51301905765658,7.260173086840025,958.5706096091735,3227.250198730303,10.519290015777653
2023-01-04 05:57:00,2871.1742348469697,53.483213952741345,31.932167537547272,130.81016775813006,7.273401569723519,959.3402374658923,3264.7656433578686,10.532634346702494
2023-01-04 05:58:00,2871.5743148629726,51.47314274490253,32.63985947702564,129.79846780466042,7.502806105035928,965.8790774334076,3264.586074272778,10.567768520939085
2023-01-04 05:59:00,2871.9743948789755,54.75975454518721,30.652674856935693,131.8488838031458,7.170853103582428,951.3476127365976,3207.3626020210722,10.479257364094037
2023-01-04 06:00:00,2872.3744748949794,54.72628808939627,31.398628344387998,131.2527126356835,7.300491621062005,958.8511424412786,3227.4813108941466,10.489457949499116
2023-01-04 06:01:00,2872.7745549109823,54.230967315084705,31.273479332229588,131.27652663568432,7.271856368346339,957.3656504149563,3237.0028553104307,10.507853759041746
2023-01-04 06:02:00,2873.174634926985,53.83397481848241,31.55071234937418,131.30488901052922,7.325562673919801,959.5389008103333,3229.233051263694,10.500187061352175
2023-01-04 06:03:00,2873.5747149429885,52.35615767069769,32.157104344459576,130.78915323220912,7.281156655096806,964.2820890975869,3258.5571266301977,10.53899065915055
2023-01-04 06:04:00,2873.974794958992,53.15372409366653,32.183498665905645,130.60126500524217,7.441043584740809,965.241341512383,3263.017043989963,10.52969470983092
2023-01-04 06:05:00,2874.374874974995,53.594331273871475,31.53821889751075,132.26588583607077,7.353145575548228,959.7109227304537,3230.628892292286,10.49455382744443
2023-01-04 06:06:00,2874.774954990998,52.280185337189174,32.12188989204661,129.75215696725593,7.53189674585263,972.7820538432484,3270.32230466702,10.55885488816537
2023-01-04 06:07:00,2875.1750350070015,53.884054721095765,31.35960417913182,130.9783155377253,7.429095164935774,964.9573373025503,3231.154224563522,10.502783815841648
2023-01-04 06:08:00,2875.5751150230044,53.50309446160689,31.73259743347361,131.16131153483556,7.160324619779161,963.0365151262696,3263.095170414318,10.515872133009168
2023-01-04 06:09:00,2875.9751950390078,53.072374357483795,31.793088955598204,130.58740679703223,7.097077005601087,961.5455797749886,3259.354001173307,10.501442067849954
2023-01-04 06:10:00,2876.375275055011,52.316073440169085,33.48426385391838,130.5498277782946,7.4410569068184165,968.2087311202314,3253.5038557108355,10.539112648257348
2023-01-04 06:11:00,2876.775355071014,51.45735491447324,33.236933509087244,129.68282615596488,7.712074882461537,972.2460845362674,3296.642012605963,10.559767760470496
2023-01-04 06:12:00,2877.1754350870174,53.84966962187263,31.96678165121107,131.74513794244703,7.3353465375118265,961.8293451624395,3245.017581622162,10.505743747617108
2023-01-04 06:13:00,2877.5755151030207,55.185590643118104,31.172299762166936,133.35382033800764,7.075205757514264,951.4420334944703,3224.6521497282224,10.484399934632481
2023-01-04 06:14:00,2877.9755951190236,51.86853478293208,32.69732830592088,129.9330020060842,7.707329438870634,969.8862812572828,3280.8180617178764,10.553235771227113
2023-01-04 06:15:00,2878.375675135027,53.31054764088508,32.509033693607705,130.62254406358616,7.431485116610643,966.1926920045732,3252.4561227521367,10.510744840533386
2023-01-04 06:16:00,2878.7757551510304,53.3301484941514,31.576415590410424,131.6932795950175,7.327274564210137,961.4613455330301,3260.415259554166,10.525146491655502
2023-01-04 06:17:00,2879.1758351670333,54.27367460864072,31.78309561976408,131.2135202417997,7.45211949482914,959.4665282713617,3260.408921675313,10.521972040075985
2023-01-04 06:18:00,2879.5759151830366,53.75507227363024,32.267711039694746,131.33927458728175,7.281923985957743,960.5309522952404,3246.5747489160663,10.513089499180747
2023-01-04 06:19:00,2879.97599519904,53.10339222654541,32.41646216958705,131.63216594789034,7.350615734535091,965.0609209193722,3247.720740264576,10.520689571196844
2023-01-04 06:20:00,2880.376075215043,53.675997394374754,31.582941517492443,131.59951684935572,7.2963083511348295,957.8440761876022,3251.3364490848726,10.524461061536458
2023-01-04 06:21:00,2880.7761552310462,54.089661139437126,31.708551719975517,130.9492999354931,7.172515099163285,959.205000714119,3241.2502798669957,10.506554387794408
2023-01-04 06:22:00,2881.1762352470496,53.02850870286064,32.145116831335336,129.93521721766768,7.477755870577797,969.0070774873838,3272.1334899974495,10.534071150931123
2023-01-04 06:23:00,2881.5763152630525,52.3549205161387,32.82356800017967,129.8273961847724,7.394245333384437,967.4780153777965,3271.3937584232513,10.533325262038517
2023-01-04 06:24:00,2881.976395279056,53.26423939295382,32.138059415801024,130.11865097103455,7.305133069767864,966.1174203376482,3264.3658147705105,10.52848439162154
2023-01-04 06:25:00,2882.376475295059,53.74823217810551,31.21213821220015,131.61434556711419,7.307953247507177,967.6432771366623,3265.1892921764893,10.506787559111423
2023-01-04 06:26:00,2882.776555311062,53.731850141048426,31.69306743263513,130.94475052003054,7.173108493211263,962.6254391295206,3244.712810096431,10.521780730780842
2023-01-04 06:27:00,2883.1766353270655,52.71525790998892,32.43352802575227,129.5193769304638,7.568902454123784,967.1982648125095,3282.1119466328714,10.539258341021792
2023-01-04 06:28:00,2883.576715343069,53.69885661719839,31.593126068714508,131.78532066456057,7.309751556195981,963.5989404459278,3238.3173242247462,10.512023745498212
2023-01-04 06:29:00,2883.9767953590717,53.259928381361064,31.679550368506092,131.05908407505785,7.47385267087767,963.4402725471688,3265.395321257237,10.5150546580796
2023-01-04 06:30:00,2884.376875375075,52.81719764177123,32.0000091434563,130.88039041462642,7.290849940221992,964.192564215882,3262.9066323239886,10.52091859567315
2023-01-04 06:31:00,2884.7769553910784,53.71934174025883,31.503012854243494,130.97450630439639,7.348538053988203,956.2002190082659,3253.044159747479,10.510310314004675
2023-01-04 06:32:00,2885.1770354070813,51.91427285955129,33.120789799391545,129.86695674475033,7.499944249447168,971.526708733978,3281.247400921152,10.550033295451758
2023-01-04 06:33:00,2885.5771154230847,54.10617136522304,31.42520605250633,131.93134586906012,7.115734696483712,957.0715539970425,3214.622538454737,10.496663312682134
2023-01-04 06:34:00,2885.977195439088,52.878068589363224,32.87341448423968,130.6570846417909,7.586987698386741,966.2621338188313,3275.9054187470047,10.543167149502509
2023-01-04 06:35:00,2886.377275455091,53.929883062244905,32.41789646031098,130.09036946286028,7.491754059878194,967.9788162601776,3253.3527929417487,10.51501118957471
2023-01-04 06:36:00,2886.7773554710943,54.85781854514227,30.82116969219287,131.40112335052441,7.173108597463569,958.9265005577618,3232.270941726248,10.507270387794305
2023-01-04 06:37:00,2887.1774354870977,52.92223258919259,32.53213699344395,130.33314980650525,7.530496728455614,967.1247520164937,3278.19529394362,10.530811134893412
2023-01-04 06:38:00,2887.5775155031006,53.71469197391121,31.802588623825944,130.63254830396812,7.278527744589569,960.1410476644115,3241.7172578837103,10.53288084749624
2023-01-04 06:39:00,2887.977595519104,54.29688829738602,31.91649707836558,131.69783908259438,7.367756371524645,960.0883310041271,3245.741377434759,10.498752714412085
2023-01-04 06:40:00,2888.3776755351073,54.72871030027608,30.710042276041992,132.5291756139015,7.017439911540497,960.4633553013806,3208.6459379196926,10.480856876612327
2023-01-04 06:41:00,2888.77775555111,52.66367154249789,31.499613811440707,130.75037591881156,7.367058423672677,964.3387039447682,3258.918561300837,10.49755138156386
2023-01-04 06:42:00,2889.177835567113,54.77299882761175,31.824149807049523,131.76213684045285,7.391786415533241,965.8151272866671,3239.073046021934,10.507044822192679
2023-01-04 06:43:00,2889.577915583117,52.39598090404285,33.57659368705578,129.9391380310625,7.570503984462815,967.5762628351362,3265.049145210238,10.567300354214515
2023-01-04 06:44:00,2889.97799559912,51.435671159154424,33.37940849174603,129.83224505311838,7.643539517811822,966.2947103309663,3295.1765970724764,10.548434101125839
2023-01-04 06:45:00,2890.3780756151227,55.26785171461321,29.985852871271256,131.24741471190612,7.044564399371574,952.804914610626,3237.9760543087727,10.475859628487001
2023-01-04 06:46:00,2890.7781556311265,54.75259601944435,31.823189328472825,131.72902025229857,7.281548963883678,961.4220716863553,3234.2935847800572,10.488649150207749
2023-01-04 06:47:00,2891.1782356471294,54.96476145809915,31.045517168062005,131.6912770249034,7.077923062351743,958.2843146703428,3219.5870590604586,10.493402985955285
2023-01-04 06:48:00,2891.5783156631323,55.23923525211926,30.838776498598122,131.8926196334252,7.195528696655676,953.9619221552471,3237.3174085229757,10.499793410684065
2023-01-04 06:49:00,2891.978395679136,54.02307194552919,31.940249071641695,131.1762063931691,7.380313870715076,959.6068249455807,3242.533517587317,10.530629882301852
2023-01-04 06:50:00,2892.378475695139,54.35849025707476,32.31340481864037,130.58664453534155,7.423955915661018,964.0508596172976,3256.210961524311,10.526622118992815
2023-01-04 06:51:00,2892.778555711142,54.242635023873284,31.014867136814985,131.33579193924763,7.253336554662096,963.3347352772699,3233.3136822207484,10.501892850800578
2023-01-04 06:52:00,2893.178635727146,56.06801725706158,30.725457406775394,132.2284677212633,7.02074367639935,952.8477358723176,3203.0257079940584,10.461509516517602
2023-01-04 06:53:00,2893.5787157431487,56.94524945670981,29.884556213099973,133.95559865787965,6.822747424247306,952.6526562266671,3193.1810751419835,10.44987849890633
2023-01-04 06:54:00,2893.9787957591516,53.67583189379833,31.718796925787203,131.17967803823274,7.241775697238392,963.9671923956978,3244.289874984411,10.526895855524433
2023-01-04 06:55:00,2894.3788757751554,53.96442619254965,31.732236523356878,131.0265055962052,7.352641172261887,959.4336565094587,3241.467287985421,10.511162062623411
2023-01-04 06:56:00,2894.7789557911583,54.973902205559206,31.207837924489482,131.1299056721855,7.216902333375833,964.5093970988106,3246.225543954454,10.4931309768956
2023-01-04 06:57:00,2895.179035807161,53.710558008441126,32.5719661138185,132.25208006607815,7.146613437907376,962.3638366341712,3254.956406520419,10.531392037055715
2023-01-04 06:58:00,2895.5791158231646,54.308004336477765,31.24912536581523,131.91723683352706,7.312070180220046,959.8133717640651,3249.836260538742,10.50580063245679
2023-01-04 06:59:00,2895.979195839168,52.88314197068748,32.24991945265472,130.7552026113484,7.38868763902619,967.805688251194,3259.7841892382544,10.527070177989787
2023-01-04 07:00:00,2896.379275855171,53.42365950866658,32.86885047228357,130.06631944285073,7.431643988526235,963.8311748132753,3274.67931888907,10.529886747653956
2023-01-04 07:01:00,2896.779355871174,54.36470075946008,31.161567324360906,130.89326887414902,7.377094046272939,964.1413977274601,3256.757391562017,10.507962609580368
2023-01-04 07:02:00,2897.1794358871775,54.90620276547836,30.478598769290322,132.89452075345008,7.046154248379067,960.5432997788785,3235.2211437446445,10.477497051116732
2023-01-04 07:03:00,2897.5795159031804,53.634359592374516,32.40107033496868,131.4013976328979,7.414744045226616,966.9099075167421,3257.9057609435195,10.514657420937926
2023-01-04 07:04:00,2897.979595919184,53.010367302021436,32.67485897218664,130.7866436236855,7.419471284514253,967.8989511086032,3274.2380358662476,10.518637630307332
2023-01-04 07:05:00,2898.379675935187,54.24383022598128,31.404467269059097,131.17929373668701,7.109821984668174,958.4269557872288,3241.029390477237,10.494365766870127
2023-01-04 07:06:00,2898.77975595119,55.44390045409978,30.718201746103137,131.86163459902997,7.130544861981805,955.6328351817722,3230.72967342442,10.505444962157405
2023-01-04 07:07:00,2899.1798359671934,54.03067764093043,31.712007706690393,131.00376560805495,7.315079829956392,956.6912318279356,3241.600049331667,10.502238848349041
2023-01-04 07:08:00,2899.5799159831968,54.71249181832733,31.913022944764467,132.87298257033746,7.147484090566382,959.5919924031311,3230.3392039972587,10.50017609799195
2023-01-04 07:09:00,2899.9799959991997,55.74079545138799,31.068722487318528,131.7523357084568,7.236675663047351,964.8676878093858,3236.331350074252,10.488683152957467
2023-01-04 07:10:00,2900.380076015203,54.640204107635995,31.971749735865284,132.05588368026326,7.374734864114639,957.7992672583096,3258.228358679063,10.49370926271093
2023-01-04 07:11:00,2900.7801560312064,53.02580334602628,32.94471584534407,130.65589523561047,7.47547487768399,962.4791152546263,3281.499177804284,10.555494711592164
2023-01-04 07:12:00,2901.1802360472093,55.544609990029315,31.230879090979407,130.8673348844998,7.240958021010719,962.5308034424253,3240.9084605410326,10.486696783673604
2023-01-04 07:13:00,2901.5803160632126,55.109918519791776,31.627270602853493,131.91107370091717,7.1484477972791325,959.2291032218918,3226.606589928163,10.506950715539078
2023-01-04 07:14:00,2901.980396079216,52.72353743827085,32.9179307255881,129.83694911370415,7.765624048847861,970.9422031947445,3280.4638314281387,10.550627081334863
2023-01-04 07:15:00,2902.380476095219,53.61874003899575,31.826946672413165,131.34975283241786,7.487683819705587,964.0078900443953,3280.052206019074,10.529916407006487
2023-01-04 07:16:00,2902.7805561112223,52.83641582317592,32.78448050540716,130.6053042311062,7.6246067007913885,962.173839666817,3270.2714643307872,10.551716150546579
2023-01-04 07:17:00,2903.1806361272256,54.42861207267029,31.50451577942378,131.3287406157335,7.270834738810534,958.4342599834125,3242.9957436136865,10.52351263308259
2023-01-04 07:18:00,2903.5807161432285,52.503948439677316,33.54747978437085,130.0707433610326,7.763806911333308,963.3942211242274,3272.0072468782178,10.541210368480723
2023-01-04 07:19:00,2903.980796159232,53.33202030462022,32.290539299543525,130.48818412050642,7.503599918480917,967.0768524872736,3268.558611714422,10.509818420433959
2023-01-04 07:20:00,2904.3808761752352,55.32386001831221,31.04439842713713,131.3206415902172,7.104875375978973,960.3958458899883,3241.2555626642306,10.47958494233006
2023-01-04 07:21:00,2904.780956191238,53.44017479655931,32.09207140861861,130.7904370000731,7.210870468457515,961.4595241196872,3265.686124058366,10.515135859420228
2023-01-04 07:22:00,2905.1810362072415,54.356644976024555,31.696482393308113,131.55202051600813,7.306426096756139,958.2559188950768,3256.0952927096105,10.50161776750926
2023-01-04 07:23:00,2905.581116223245,53.351655617989366,32.46734184044299,131.0894966252295,7.499168085330315,964.5921193048123,3265.22358710372,10.518253539184801
2023-01-04 07:24:00,2905.9811962392478,53.49591459299574,31.325746411241155,131.2749746088449,7.3389710671844695,958.4156555154136,3272.7740696225237,10.526427130945269
2023-01-04 07:25:00,2906.381276255251,56.545963343109825,29.911980280686482,131.95926263352598,6.91578907638737,951.5143670222682,3223.333122172147,10.473607360587168
2023-01-04 07:26:00,2906.7813562712545,53.8237261260306,31.88156538196442,131.3496275898851,7.422805468980176,968.921529123418,3252.989561108126,10.511768765199559
2023-01-04 07:27:00,2907.1814362872574,56.05845516944129,29.94215997021494,132.98003998737562,7.040395725716744,954.1548976233161,3216.0396895607737,10.467159193941898
2023-01-04 07:28:00,2907.5815163032607,53.41202243827259,32.48016235854993,131.19366720878196,7.501566037760573,974.3175206850713,3257.8310258688566,10.54225399611318
2023-01-04 07:29:00,2907.981596319264,52.929894521653765,32.508538400846525,130.10151950285172,7.3433803922333105,959.2093305787544,3265.716213148932,10.514634980050522
2023-01-04 07:30:00,2908.381676335267,56.19253945616917,30.84545586949633,132.8462309065587,7.0763248001215775,955.1275251623214,3222.7835339385374,10.486305592755722
2023-01-04 07:31:00,2908.7817563512704,54.30144551518472,32.13094620718912,132.01602730346957,7.243677319947146,958.7814454416302,3250.137594093566,10.521055850550042
2023-01-04 07:32:00,2909.1818363672737,55.2504605166122,30.99750018927899,131.45882967191076,7.240461401330126,955.7076281515507,3234.5020315666397,10.503020838920206
2023-01-04 07:33:00,2909.5819163832766,53.197245315659046,32.01376960392714,131.1065674960192,7.488559389388151,964.5778295899065,3253.24743589474,10.508294356153321
2023-01-04 07:34:00,2909.98199639928,53.758926244077415,32.66780373977683,129.90854962274213,7.325004725697038,963.3972515664777,3286.3426621263075,10.532445731230743
2023-01-04 07:35:00,2910.3820764152833,55.1110343756441,31.230437408963578,131.770671170138,7.105252189702115,955.4444773705937,3243.330521114211,10.502322428820053
2023-01-04 07:36:00,2910.7821564312862,54.52452772051193,31.497944986211387,130.6617011058258,7.4581501196093205,960.6503676265763,3258.9357380473966,10.530591388195974
2023-01-04 07:37:00,2911.182236447289,54.60734907635866,31.9481976820142,131.8830823979575,7.3295926806007,957.2674306354236,3249.295992747681,10.501787325300057
2023-01-04 07:38:00,2911.582316463293,54.6914449970897,31.269442139528632,131.7259941843018,7.273356350281528,959.8469726611345,3246.572159537043,10.495553686038887
2023-01-04 07:39:00,2911.982396479296,53.01060273536867,33.196251668214536,129.92290730445725,7.676421105755145,971.3118608737067,3282.02115623275,10.5447918003566
2023-01-04 07:40:00,2912.3824764952988,54.09960654630583,31.91282961853513,131.48101115207183,7.231721198832124,965.8803152245605,3246.2372311833137,10.510728393373094
2023-01-04 07:41:00,2912.7825565113026,56.74854973505307,30.46094221744896,132.4057147755013,6.94822308672433,953.1596672002466,3192.2691077989894,10.456060035756376
2023-01-04 07:42:00,2913.1826365273055,55.133756733648546,31.117621744732315,132.08579765469614,7.323212298817531,956.9333388502022,3238.654248265244,10.477511540016252
2023-01-04 07:43:00,2913.5827165433084,56.57426877837593,30.306305259987536,132.95070780184537,7.17125717161471,949.4255952408867,3219.637010987084,10.465034572659325
2023-01-04 07:44:00,2913.982796559312,55.9811631666139,30.947534486874645,131.77751335188003,7.220850856504153,957.5832046658741,3219.192909313735,10.496214663273697
2023-01-04 07:45:00,2914.382876575315,53.68299066821933,32.5027637162755,130.77677719138043,7.450148422227132,965.704044020956,3251.38734219875,10.519690250041858
2023-01-04 07:46:00,2914.782956591318,56.382638231118904,30.758989784340063,132.14823962561883,7.145542472464737,954.9136109272033,3204.513186284997,10.488039744513395
2023-01-04 07:47:00,2915.183036607322,56.29775452213091,30.61321432510501,133.10024980201482,7.059246402173637,951.7422084268608,3216.7476395964304,10.478117349280135
2023-01-04 07:48:00,2915.5831166233247,54.004352010433514,32.08559074257401,131.49045026285708,7.343789066565564,966.8857510673121,3273.9994596658853,10.531915983518015
2023-01-04 07:49:00,2915.9831966393276,55.31948439147129,31.049504086326802,131.82905145963437,7.097280865182949,955.7899658086211,3218.758427579784,10.500903064329986
2023-01-04 07:50:00,2916.3832766553314,54.65802115240569,31.01945777529222,131.46939198174223,7.470721814200748,962.9064041445878,3243.4052545104205,10.501400598330106
2023-01-04 07:51:00,2916.7833566713343,55.25206953722348,31.707614418762937,130.93999064486331,7.211671543944002,963.1561287435615,3229.6300959794758,10.518389932646565
2023-01-04 07:52:00,2917.1834366873372,54.826074526218854,31.627291684313295,132.30930710101242,7.432076327335312,955.9097354399854,3237.311982365117,10.526087106115574
2023-01-04 07:53:00,2917.5835167033406,54.31053664945161,31.631593149435673,131.7925203005358,7.064243964084864,963.5052765249814,3239.112131876605,10.496195932061047
2023-01-04 07:54:00,2917.983596719344,54.63884213232354,31.686855164402196,131.74445609224958,7.250848659714836,961.0295210030696,3266.917602153265,10.504213147969661
2023-01-04 07:55:00,2918.383676735347,53.68045116310204,32.21081875151007,131.5616728906119,7.388203633594184,959.2515794735694,3252.688598386264,10.52125021981473
2023-01-04 07:56:00,2918.78375675135,55.63219831893144,31.089706632094764,131.89622637202532,7.1124682011833835,956.1438694053306,3218.097986849246,10.50263551242287
2023-01-04 07:57:00,2919.1838367673536,55.36684680042035,31.502894291520505,131.49983318953687,7.152379653925931,962.5746602371495,3234.317844074825,10.513971803169873
2023-01-04 07:58:00,2919.5839167833565,53.38868279363611,31.897793398231112,131.58443005269734,7.49552426489094,964.2862071988355,3255.675185283375,10.527831549433309
2023-01-04 07:59:00,2919.98399679936,54.15674800444677,32.012733130425765,130.69489899960877,7.408815133656327,961.5933374049196,3255.0896473683056,10.535261360414541
2023-01-04 08:00:00,2920.384076815363,56.011712856919736,30.80919711208137,132.1086233710369,7.052234811171025,956.6389966571456,3218.0041646001614,10.480545411163154
2023-01-04 08:01:00,2920.784156831366,56.801234247075556,29.855639496006972,133.04191053485178,6.894555906116759,951.9054966425554,3200.70791765522,10.478433391456345
2023-01-04 08:02:00,2921.1842368473694,55.06892973204378,31.63127236039202,130.53298736569258,7.214978266287632,959.2792487713241,3258.6869922484516,10.527257694785014
2023-01-04 08:03:00,2921.584316863373,52.4149957767098,32.74379314317625,130.48655472853721,7.453898049657517,964.975459066944,3280.7299923122673,10.549181179745432
2023-01-04 08:04:00,2921.9843968793757,54.121143862225765,32.57048456006533,130.7568722479686,7.372307837104395,966.9809259301936,3260.4680555642776,10.542088483672384
2023-01-04 08:05:00,2922.384476895379,54.263527014032874,31.418562379188565,130.98491330011473,7.266514424432704,963.734884773399,3255.617890870305,10.524294866549255
2023-01-04 08:06:00,2922.7845569113824,53.66082253432821,32.10612187791186,131.75885086722744,7.635138751147167,961.0848283768194,3274.074209312486,10.51029291572428
2023-01-04 08:07:00,2923.1846369273853,54.462831957718464,31.78245542683062,130.4476128290216,7.30450714637605,963.8612052480249,3259.8870499271543,10.512691654515997
2023-01-04 08:08:00,2923.5847169433887,54.51876184612176,31.79283792372465,131.01986860240538,7.277481602048642,959.7966373628435,3262.9902096959763,10.519338155568331
2023-01-04 08:09:00,2923.984796959392,55.34955356556405,31.443313502819038,132.5048689490833,7.146858976708836,964.5270560838675,3230.981576345753,10.49534729046916
2023-01-04 08:10:00,2924.384876975395,54.96455482909025,31.222065751482994,131.26947167202863,7.339275132206433,961.3217664449095,3248.5208118430073,10.509966351078596
2023-01-04 08:11:00,2924.7849569913983,55.488845649156886,31.693910317075066,130.97392587049399,7.0840297920367,953.6545416839573,3226.466203842979,10.514036665076839
2023-01-04 08:12:00,2925.1850370074017,54.4184212615557,31.50312106603799,131.35348586742265,7.215632339392136,958.8935622950958,3226.555313008593,10.505004878044351
2023-01-04 08:13:00,2925.5851170234046,55.50120736376507,31.76150018923207,131.49619939328963,7.338305079668702,958.6918736440276,3232.384056905083,10.509670719669032
2023-01-04 08:14:00,2925.985197039408,53.35483502412801,32.28521858346222,131.1330023439787,7.4210931218844465,967.1891187368373,3255.773720086507,10.526620231134787
2023-01-04 08:15:00,2926.3852770554113,55.27834821456558,30.72609301453247,132.28077233331308,7.225144031641566,961.0168302596109,3225.581652534623,10.48693780547567
2023-01-04 08:16:00,2926.785357071414,55.97022786206193,31.07483548739994,131.84617298165986,7.265026970326352,956.2204226324063,3231.015870550425,10.480848729096484
2023-01-04 08:17:00,2927.1854370874175,54.739792886884096,31.55960048046397,130.01933555832025,7.326124171587346,957.403715033717,3238.836396690974,10.490532778843312
2023-01-04 08:18:00,2927.585517103421,55.011955700570155,32.01645594866566,131.75536130087366,7.144329888710992,959.8658098425992,3262.8014340034533,10.501301995915759
2023-01-04 08:19:00,2927.985597119424,54.72323099601048,31.689855855494905,130.86815743445038,7.3353065270631355,959.1082250923959,3233.988757857792,10.498070933317923
2023-01-04 08:20:00,2928.385677135427,53.85227210350025,31.91047547600799,130.76308851549106,7.529603664228645,965.5866904021254,3261.2026445515007,10.535159830500872
2023-01-04 08:21:00,2928.7857571514305,53.62127585532511,32.85983572250457,130.95173357407745,7.318973442092286,965.9400466877345,3263.123832703294,10.53625919008131
2023-01-04 08:22:00,2929.1858371674334,56.31895288099249,30.89918345568835,132.79697731558312,7.12300956285125,956.7547912804753,3232.183041076006,10.464930313074259
2023-01-04 08:23:00,2929.585917183437,53.5802079797496,32.57340036070553,130.97549198032237,7.529007954130193,965.5072872355615,3275.588329246713,10.51260841365689
2023-01-04 08:24:00,2929.98599719944,56.61467409168043,30.79746101264324,132.0550439016659,7.174213528595703,949.7903509144159,3224.744059041597,10.48923619827732
2023-01-04 08:25:00,2930.386077215443,55.94442082804654,30.577740876398426,131.93756145536358,7.234521913481067,958.2897242505014,3223.5674467314457,10.486038992425529
2023-01-04 08:26:00,2930.7861572314464,56.86269248470218,31.173407839217486,132.514612182951,7.1260217816215805,957.0364384093759,3194.795412725485,10.472399428165387
2023-01-04 08:27:00,2931.1862372474498,56.56401997018415,30.19489493627953,133.14047781573606,7.090839431258314,951.468729093999,3201.6853896036937,10.465263466020174
2023-01-04 08:28:00,2931.5863172634527,55.44495205614656,32.02574675605972,130.91139898729654,7.1789106578867745,956.7710145517002,3246.2058398929453,10.512234170986595
2023-01-04 08:29:00,2931.986397279456,55.14403915046092,31.081032520594537,132.38389008614323,7.321355545576189,959.5446514588243,3227.930967849405,10.501978253435515
2023-01-04 08:30:00,2932.3864772954594,55.17046420407554,31.599935041218306,130.43510523572462,7.1035522937378515,960.4907630983167,3258.5124308119416,10.509549711535037
2023-01-04 08:31:00,2932.7865573114623,54.38035723035534,31.483590540941712,129.95446439260215,7.453031765668423,960.8794638631574,3261.4706843588724,10.5225049778294
2023-01-04 08:32:00,2933.186637327465,54.616490663636654,31.687128234523907,130.27472000241087,7.249430862824597,963.0723624896793,3247.0841195717544,10.526193444665845
2023-01-04 08:33:00,2933.586717343469,54.636391825781715,32.46806352815135,131.18885433325102,7.506781149369669,966.8965548317327,3265.2852464729913,10.5311362395437
2023-01-04 08:34:00,2933.986797359472,56.52514287403239,30.879213413809012,132.6481598758619,7.149090644756994,954.0038705187584,3206.1186808284388,10.491234560908017
2023-01-04 08:35:00,2934.386877375475,53.88004448843761,32.836414112450456,130.42193884989175,7.458708945932999,966.5188786862801,3277.4921083045574,10.5274733808755
2023-01-04 08:36:00,2934.7869573914786,56.50751419422918,30.743622201974297,132.1520075786358,7.028825648390599,953.9934650705208,3228.2428096044346,10.448953622223893
2023-01-04 08:37:00,2935.1870374074815,55.57029975942691,31.33067054248229,131.9070018829433,7.176918939861522,955.674975754006,3244.4906397802756,10.491995245135183
2023-01-04 08:38:00,2935.5871174234844,55.3627737315637,31.118977673719975,131.40482817853635,7.279460889190116,958.7336559609568,3231.006093003964,10.50715331909231
2023-01-04 08:39:00,2935.987197439488,53.89515171032491,31.997708025176266,130.59967631743757,7.27730192957,969.592861410154,3270.9758020281047,10.526538365999858
2023-01-04 08:40:00,2936.387277455491,53.417770828841824,32.70490206604581,129.7394346980044,7.525684396899531,962.9108504504476,3261.6018118046873,10.557877638588685
2023-01-04 08:41:00,2936.787357471494,54.77792937278195,31.174549692314105,132.19141477555016,7.226970149828038,957.5733813972186,3221.9385151329307,10.481433063800734
2023-01-04 08:42:00,2937.187437487498,56.87717893632486,30.099037774428147,132.37924839723453,6.814568617176182,955.99787693836,3202.5918244235572,10.462177613005489
2023-01-04 08:43:00,2937.5875175035007,53.354542531232035,33.11606671353979,130.08260478488208,7.478002457733098,966.3182549986949,3268.0449462837746,10.557563313836802
2023-01-04 08:44:00,2937.9875975195037,55.376630433039224,31.54658577559025,131.52118741775345,7.38394849279051,961.1150912402142,3254.4028456196825,10.507718487427809
2023-01-04 08:45:00,2938.3876775355075,54.27319338858809,31.929890064490802,131.81595975811774,7.1740384708545655,965.878167966525,3271.0401729060063,10.52171556229403
2023-01-04 08:46:00,2938.7877575515104,54.1794149531611,31.134858920907377,131.4067087090448,7.189194805490632,956.6304227922947,3244.599747148732,10.507230920608333
2023-01-04 08:47:00,2939.1878375675133,53.50541144658356,32.631751293889295,130.67481340880565,7.736330039675202,973.4986615287884,3294.0634912941996,10.54724889751851
2023-01-04 08:48:00,2939.5879175835166,53.303648324827705,32.61959250796241,130.736148596484,7.548434427919704,966.8668480834906,3264.3007118158907,10.556698170993073
2023-01-04 08:49:00,2939.98799759952,53.14488126532919,31.999988306490796,129.79769633458332,7.634413147154708,965.768267748929,3269.292068149803,10.538143965410816
2023-01-04 08:50:00,2940.388077615523,53.86819081325354,33.0797511710915,129.94954861960554,7.455106456315494,963.2604167212907,3273.4224572436965,10.554010140776972
2023-01-04 08:51:00,2940.7881576315262,54.59131812827515,31.931705080375043,131.32201721674087,7.127213748839678,958.6989164959954,3233.1854667260013,10.5058764291734
2023-01-04 08:52:00,2941.1882376475296,53.93199734955794,32.649958088449985,130.87804100461273,7.461926519213865,960.3891991752124,3272.0533072030853,10.542804135365222
2023-01-04 08:53:00,2941.5883176635325,55.12238751716911,32.17396399616194,131.29862842219904,7.430315609031977,957.5440799636565,3258.1364609182974,10.521651975766781
2023-01-04 08:54:00,2941.988397679536,51.987802498831535,33.33992697347552,129.61694516244893,7.572017218349411,973.8058895357877,3297.314436015615,10.569212387612895
2023-01-04 08:55:00,2942.388477695539,54.56780483827059,31.75023559240446,130.94423359255742,7.2930924780534605,961.6760996767007,3248.366978418369,10.508650617028712
2023-01-04 08:56:00,2942.788557711542,56.64477382405419,30.996704697770948,132.4155110156704,6.974566441774787,949.9800273380072,3227.4943554871816,10.485418198616395
2023-01-04 08:57:00,2943.1886377275455,55.148124829702404,31.306580789022206,131.14438138006014,7.296664355131221,961.8473705471338,3243.2535258639286,10.494495265994491
2023-01-04 08:58:00,2943.588717743549,53.650283000128475,32.94361599473351,131.00711866481043,7.50626247611824,960.4407963162274,3283.821655640899,10.521151450175033
2023-01-04 08:59:00,2943.9887977595517,54.27315711325112,32.47123582502922,129.96070825627115,7.3880330208014815,965.0883459552552,3269.6569535422973,10.533403453339552
2023-01-04 09:00:00,2944.388877775555,55.3904790613956,31.410121543699944,131.25965188517404,7.425599833534536,963.2453351459715,3252.4524941998375,10.510598892752597
2023-01-04 09:01:00,2944.7889577915585,56.256602988593066,30.84489337212958,130.9706309475049,7.158580098167075,952.0068336787149,3234.691484894037,10.48659724602228
2023-01-04 09:02:00,2945.1890378075614,52.53408753637613,33.292698596782856,129.01344485090556,7.77005983525384,971.6285237397084,3313.8917972645545,10.562207656616945
2023-01-04 09:03:00,2945.5891178235647,56.37963123325334,30.77342247458239,133.0265246813446,7.190855885972138,958.1571141452093,3227.601180980203,10.491034266175559
2023-01-04 09:04:00,2945.989197839568,55.61418504182577,31.267106826584417,132.46695429572318,7.2963147224627125,956.2375587152987,3238.935626042989,10.513155495470139
2023-01-04 09:05:00,2946.389277855571,54.868226386622794,31.241572242805553,130.59282716329363,7.406558573408373,962.7468843715756,3249.8188125513625,10.511573822902466
2023-01-04 09:06:00,2946.7893578715743,55.951041519789776,30.551800489126002,132.3038817239328,7.313255118720245,959.5614635027835,3231.6976147467153,10.505206837057726
2023-01-04 09:07:00,2947.1894378875777,54.57700717413995,32.389194222420215,130.8496597372311,7.47305385056318,964.4740644215494,3272.8318083577715,10.524684543827863
2023-01-04 09:08:00,2947.5895179035806,55.36307615829624,31.2535372128415,132.48630463539192,7.265939970538035,961.7193533568649,3252.4128232070957,10.494747435360468
2023-01-04 09:09:00,2947.989597919584,56.54704817846353,31.034516026232623,132.35917014839706,6.952210034867982,960.3822415990315,3221.6494766445744,10.472618325339628
2023-01-04 09:10:00,2948.3896779355873,53.986490501874826,31.952129565127844,130.32408173271472,7.4730293345363235,968.319667819711,3263.0475777262177,10.52691023077199
2023-01-04 09:11:00,2948.78975795159,56.078060718039865,30.393860331583287,132.2410449900315,7.110629794065026,952.0887994492194,3209.7721211425674,10.46547226154251
2023-01-04 09:12:00,2949.1898379675936,53.691692786484346,32.864496898921026,130.33646089183543,7.513887589827058,965.1386837457251,3285.5025004735094,10.540199103036368
2023-01-04 09:13:00,2949.589917983597,59.2904715910473,29.116606871322446,132.71861239707414,6.922148293054726,949.7913710966017,3192.852635457584,10.445126940538202
2023-01-04 09:14:00,2949.9899979996,56.19020668151383,31.09077031687815,131.23779698707503,7.03077645247477,956.4900349638007,3222.1620857717735,10.485742178340146
2023-01-04 09:15:00,2950.390078015603,55.37837344655173,31.500936111174248,132.06620018045575,7.131847307243448,959.2422287017979,3240.056930416473,10.494080565739443
2023-01-04 09:16:00,2950.7901580316066,55.82943562436103,32.15090591747799,132.8654891681651,7.288571540698482,965.9236896283629,3243.1518376536146,10.498790901848777
2023-01-04 09:17:00,2951.1902380476095,53.519892898043324,33.003971896297884,130.00435044160815,7.549022386452532,966.8181380569564,3278.151479782645,10.546511009333656
2023-01-04 09:18:00,2951.590318063613,52.58214905855818,32.52930935810117,129.9265888587139,7.527820104025914,966.9547676427301,3293.5574111446253,10.536917077367109
2023-01-04 09:19:00,2951.990398079616,55.54736758469585,31.862911224469066,131.37644526975038,7.153420427994301,951.1522583147013,3260.738132932681,10.510603415613446
2023-01-04 09:20:00,2952.390478095619,53.66423739891906,32.75144341124547,129.94130499499704,7.740176279117556,966.9225750119473,3273.8269657176606,10.544429667712489
2023-01-04 09:21:00,2952.7905581116224,54.14892931760176,32.833725541783544,130.18086334223776,7.293920434883493,964.6798906466581,3276.5366081354387,10.537228948529116
2023-01-04 09:22:00,2953.190638127626,55.492551835932034,31.352163616674037,131.50800290363915,7.289727904199392,962.756197326803,3232.318052682136,10.51682279191094
2023-01-04 09:23:00,2953.5907181436287,57.04610610407297,30.095907409734913,133.39828817716094,6.849202815220962,955.8267950468365,3209.057927603674,10.451570682744352
2023-01-04 09:24:00,2953.990798159632,54.607790921070105,32.35928051864663,130.74592136532667,7.386058512650116,963.4015877968385,3258.800600374176,10.510209342442932
2023-01-04 09:25:00,2954.3908781756354,57.08290418121684,30.36695431174086,132.7796264516718,6.969598198733316,951.7457601366841,3203.075166096741,10.486385237641386
2023-01-04 09:26:00,2954.7909581916383,54.63673165229097,32.2524732191681,131.50890752716523,7.53327462854431,961.7947950658468,3272.217337304612,10.528186022186109
2023-01-04 09:27:00,2955.191038207641,54.06858605823172,32.2390630644581,130.55028258922707,7.5999754775971535,966.9369485007053,3263.642633075849,10.530009988700614
2023-01-04 09:28:00,2955.591118223645,54.03099871232723,31.23078469827163,130.72142933807584,7.24339810183807,958.1166887122046,3253.4371987554787,10.504518360927348
2023-01-04 09:29:00,2955.991198239648,53.777789840638384,32.701685166472636,129.16968894185706,7.633555290019107,969.9598417748022,3275.5178104739844,10.529041474607277
2023-01-04 09:30:00,2956.391278255651,53.675394169649245,32.52160409145522,130.1052503727684,7.251093737962167,968.7124315980097,3248.930063932716,10.508745623181987
2023-01-04 09:31:00,2956.7913582716546,56.76165044607592,30.521012875555254,133.04006145688228,7.039277118128561,958.5502313497096,3216.8147554037782,10.476151428046004
2023-01-04 09:32:00,2957.1914382876575,54.16270191682504,33.169062788608585,130.1932203348717,7.486069125172769,962.9015177892443,3281.4638165303627,10.535458348140734
2023-01-04 09:33:00,2957.5915183036605,55.844891836535915,31.43738426552958,131.90665219939,7.0032642353038455,960.094566953849,3234.092136503979,10.504474784935118
2023-01-04 09:34:00,2957.9915983196643,53.75535038644875,32.23169264188542,131.32544139729305,7.3917402714947364,964.5816751386028,3255.9960458287856,10.529812589371616
2023-01-04 09:35:00,2958.391678335667,54.91153409264603,31.50447556108221,130.82590994391586,7.385535826775141,955.4284804049194,3250.7307675741326,10.503061637517982
2023-01-04 09:36:00,2958.79175835167,56.692275757011565,30.28170844026243,133.88505779461167,7.0484099081678355,954.0672270142595,3212.589837364564,10.469488639981845
2023-01-04 09:37:00,2959.191838367674,55.275646186096594,31.928928318115442,131.16123821263685,7.37350901926242,960.9179159996359,3250.1237920958833,10.496761531218796
2023-01-04 09:38:00,2959.591918383677,57.396098501015985,30.12197306645577,133.02840544269128,6.875709139001213,951.6730205019498,3196.5767719057017,10.455860317963607
2023-01-04 09:39:00,2959.9919983996797,55.60300835952693,31.455057591083587,131.25217918967505,7.145638102721952,964.6229403550929,3255.1419609887794,10.490911392601136
2023-01-04 09:40:00,2960.3920784156835,55.1480243430393,31.799291275806223,131.17725784007712,7.211272551168926,954.8949719212407,3254.8255457933783,10.507655233775607
2023-01-04 09:41:00,2960.7921584316864,55.10009501732696,32.154874936278866,130.99440561193344,7.405602038055919,963.2231790820958,3252.834393383002,10.526403984101696
2023-01-04 09:42:00,2961.1922384476893,56.00915419766079,30.96199045871459,131.71760611246907,7.205943010539701,957.915560672583,3222.3040005148277,10.491562282437696
2023-01-04 09:43:00,2961.5923184636927,55.050594746562695,31.519342018532292,131.4601867754372,7.280382473738474,952.9776659091057,3269.5782971815966,10.524855258211174
2023-01-04 09:44:00,2961.992398479696,56.17827973964125,31.110067855015092,131.2214598115314,7.031882827138722,955.997280101719,3225.035454267878,10.48389833416289
2023-01-04 09:45:00,2962.392478495699,55.71639039651722,30.8678149350838,131.5626040438305,7.044133813835425,956.7117433801383,3215.197678085391,10.483181003645049
2023-01-04 09:46:00,2962.7925585117023,55.489612774654304,31.93508365424887,131.03366290122784,7.234853091187401,964.1269397116691,3251.471632913094,10.506141757714893
2023-01-04 09:47:00,2963.1926385277056,56.73216915222697,30.234976400998725,132.02198994784533,6.948238579746108,945.6961813210994,3214.5406759712605,10.46963786103176
2023-01-04 09:48:00,2963.5927185437085,54.86071217522411,31.244234517512776,132.876822708947,7.203256911829877,961.0862653192148,3258.971213009658,10.500664837321382
2023-01-04 09:49:00,2963.992798559712,55.35011429336459,32.051322113846744,131.424907038107,7.34824967337311,959.9053427995881,3270.8631304598935,10.521956830627095
2023-01-04 09:50:00,2964.3928785757153,53.756843391669044,33.23560908111557,130.2176448953129,7.570312053660572,969.7205982545311,3280.7612150830423,10.552270206458159
2023-01-04 09:51:00,2964.792958591718,55.352110070672225,30.646645812397377,131.49005290516104,7.195237017251555,958.3019115893492,3236.092698966716,10.48721322951869
2023-01-04 09:52:00,2965.1930386077215,56.211353800137566,31.556048454814853,131.34653854937307,7.1868017375845215,960.0477197807207,3233.668642545356,10.497066108694533
2023-01-04 09:53:00,2965.593118623725,56.232880161726946,31.900971519115615,131.25791406429926,7.2477204532107615,960.736881660333,3230.4911111731317,10.517429481322282
2023-01-04 09:54:00,2965.993198639728,54.46994193095782,32.06040501611064,131.3964883258552,7.221037769820604,964.1511003098052,3262.0425751392995,10.532305418757788
2023-01-04 09:55:00,2966.393278655731,54.4509423095151,32.219160245089256,130.05802948653178,7.492575903553391,965.0578245460232,3244.222736651968,10.519202777777565
2023-01-04 09:56:00,2966.7933586717345,57.50159268615976,31.165363008747995,132.23744320429702,7.100183467372665,949.5615559665354,3244.5217119762538,10.463214882568929
2023-01-04 09:57:00,2967.1934386877374,55.329366229593084,31.553472229364655,132.0459426619467,7.200608520561596,967.6825686672361,3245.113809424831,10.492977308121585
2023-01-04 09:58:00,2967.5935187037408,55.843665483632144,30.740661956315066,130.88389983603747,7.233073050449293,959.2268623871272,3232.1407438760943,10.49146236894124
2023-01-04 09:59:00,2967.993598719744,54.5378282394683,32.07846086333033,129.8980570311975,7.595520888033152,969.9119759178092,3246.1492040548146,10.510985570754109
2023-01-04 10:00:00,2968.393678735747,55.83108220205361,31.401773596066782,130.82711536089553,7.173660985114966,960.2636549138178,3243.600340681817,10.48666239009285
2023-01-04 10:01:00,2968.7937587517504,55.30341991057932,31.612587809550973,131.37364418873986,7.407250608927068,962.2538402983637,3230.08408517469,10.50199002312573
2023-01-04 10:02:00,2969.1938387677537,55.90440301043617,30.98649874985147,131.94450258284928,7.238987410036857,951.6630132439891,3233.1763570768458,10.492404019498483
2023-01-04 10:03:00,2969.5939187837566,55.9927877949653,31.016361995854762,132.07326215582438,7.19350515655727,964.7891836050009,3252.550353913663,10.503911293047835
2023-01-04 10:04:00,2969.99399879976,55.496572542918024,31.19254987876636,130.5150340964872,7.122109412465001,963.7256845797594,3240.446628379737,10.502244120190408
2023-01-04 10:05:00,2970.3940788157634,55.46366604971623,30.841413778346624,131.39033686657876,7.265291132484947,957.0030669124308,3224.3593987043905,10.498726004596396
2023-01-04 10:06:00,2970.7941588317663,55.93173184134001,31.558317576651678,132.25812594019416,7.3345425739362815,957.6085450356371,3223.408774188764,10.509175762121991
2023-01-04 10:07:00,2971.1942388477696,57.2704665881946,30.514033672698023,131.7148223110326,6.915318524431984,954.0398849033927,3200.1772388903414,10.481990545828946
2023-01-04 10:08:00,2971.594318863773,57.04609423504191,30.220304927054073,132.6558455775793,6.870641373555812,954.5390622116585,3202.97109908051,10.487175226450768
2023-01-04 10:09:00,2971.994398879776,56.14161821391658,30.907358261308733,132.33947432255434,7.216330391906178,957.0586975094212,3219.013916768497,10.489685879785286
2023-01-04 10:10:00,2972.3944788957792,55.66404638833164,31.516309141524612,132.13963559513397,7.286036613845707,962.8697061737136,3238.9028924511085,10.518793357650619
2023-01-04 10:11:00,2972.7945589117826,55.23791763999447,31.623861422666028,130.8716033986721,7.3441045385756105,961.1569812246695,3258.100437077497,10.501249014477581
2023-01-04 10:12:00,2973.1946389277855,54.024461260629614,31.95734904836202,130.87172054179527,7.46394688461816,965.9922258491188,3258.8364747493783,10.526043028896854
2023-01-04 10:13:00,2973.594718943789,55.50108061762145,31.03998308284668,131.75977961006282,7.243397266991551,959.1174911837928,3230.244677300812,10.50109888263738
2023-01-04 10:14:00,2973.994798959792,55.78368870664487,30.577066110063587,131.59846184625803,7.1406765771633935,960.9565876131733,3228.0360782753482,10.484424842445808
2023-01-04 10:15:00,2974.394878975795,54.851060041136435,30.759595382376805,130.85286685526722,7.269045061721961,963.1389795401158,3250.633298534261,10.501282597633072
2023-01-04 10:16:00,2974.7949589917985,54.621528114139615,33.22939325334163,129.67243906304134,7.58294327112797,966.2838044145885,3286.2785895292295,10.546352507135047
2023-01-04 10:17:00,2975.195039007802,55.09203868927337,31.610657444272753,133.44949388582108,7.102948170170529,962.6329095894336,3259.492914418743,10.49662246828663
2023-01-04 10:18:00,2975.5951190238047,55.79751128995586,30.983289338998993,132.3628537516931,7.1945946414106485,956.2234953150243,3229.03822779072,10.517537883229457
2023-01-04 10:19:00,2975.995199039808,55.19817496291408,31.64003958169619,131.4658037318412,7.229134003790292,959.1965046065645,3243.248586411822,10.511316136214479
2023-01-04 10:20:00,2976.3952790558114,56.341944800353446,30.700681561077076,131.52776086796092,7.111103686356884,960.4358190896127,3211.2835379314156,10.496961547113177
2023-01-04 10:21:00,2976.7953590718143,55.971823756502324,31.197399758168235,132.23372815426254,7.22287458237255,959.4874612872266,3219.3208571750556,10.49526618189355
2023-01-04 10:22:00,2977.1954390878172,54.64757717414128,33.14118966397505,129.97086345664212,7.539395550937608,966.5626799157812,3265.134065889033,10.55140589938198
2023-01-04 10:23:00,2977.595519103821,54.67931035429494,32.22695539990377,131.22168180717804,7.432441053538325,964.4049162170306,3247.642319758231,10.532550103312005
2023-01-04 10:24:00,2977.995599119824,55.60836981098622,30.761373056476305,132.06271137555973,7.308265730417965,964.4964785578459,3231.0811800524484,10.511326085126715
2023-01-04 10:25:00,2978.395679135827,56.092385336934555,30.682815730970365,131.7763037029834,7.208824844382296,958.1715647999915,3224.0471494471867,10.509244188617123
2023-01-04 10:26:00,2978.7957591518307,57.79553586824558,29.25326752898454,133.00070612229914,6.725320349683183,949.9169814876891,3203.783425436248,10.450804755717007
2023-01-04 10:27:00,2979.1958391678336,57.35133484444103,30.003920116234756,132.6128305180067,6.936549468959531,956.5460181775316,3192.400570869953,10.474895397186538
2023-01-04 10:28:00,2979.5959191838365,53.93760688343797,32.59580068146201,130.86892322566567,7.5442382435624795,963.7639077132037,3287.999976763157,10.541617621620954
2023-01-04 10:29:00,2979.9959991998403,56.408787735415544,30.675394963092124,132.72415884331116,7.002838563678847,951.7465791829723,3199.0077929241666,10.47965205698852
2023-01-04 10:30:00,2980.396079215843,55.967294723426974,30.828368510305598,132.59185156935024,7.290195387212656,960.9066378429795,3251.636691460246,10.49833330111773
2023-01-04 10:31:00,2980.796159231846,56.31531814912865,31.103518328252306,130.98957541372334,7.201618558249899,956.1760539765925,3218.7246999444114,10.495052512016535
2023-01-04 10:32:00,2981.19623924785,55.19378242091039,30.75310016079421,130.82141556565787,7.277812129809572,960.8294285820177,3231.6542934576355,10.49606332270074
2023-01-04 10:33:00,2981.596319263853,57.269017153549704,29.655226248967935,133.07782026939626,6.845984776107892,947.9313214684994,3204.3968221940668,10.445138752593083
2023-01-04 10:34:00,2981.9963992798557,55.31090930559251,31.17839175715845,131.64522246131258,7.242311624429084,961.676869221178,3245.120108883304,10.51748725268245
2023-01-04 10:35:00,2982.3964792958595,56.89984735763369,30.241084754985472,132.08311582437784,7.227051371573691,952.0503145064007,3234.8348025998257,10.488564079308384
2023-01-04 10:36:00,2982.7965593118624,56.14423350400968,31.006917852788174,132.9218035620066,7.0717189985029005,952.2550713802124,3214.5020602207,10.48779167986534
2023-01-04 10:37:00,2983.1966393278653,56.92404034348244,30.269015272160843,132.06267615632677,7.114238857434379,955.2899401870004,3211.9974520709393,10.476977257135372
2023-01-04 10:38:00,2983.5967193438687,55.22531419303188,31.551775846818785,131.51002605127056,7.082415590213696,963.0426648976874,3242.866452629295,10.4971648469805
2023-01-04 10:39:00,2983.996799359872,56.70443538369712,30.20375172904927,132.92302863705558,6.984640963569869,955.3995644903109,3225.212930004528,10.46712942533657
2023-01-04 10:40:00,2984.396879375875,52.719944125190054,33.396434179944116,130.84727257758692,7.431466971591457,973.571056616841,3289.048003612511,10.562155159127673
2023-01-04 10:41:00,2984.7969593918783,55.297054452626554,31.744502497424993,130.86724335591788,7.145536871504873,964.7335396101566,3265.384859573866,10.52583463913021
2023-01-04 10:42:00,2985.1970394078817,56.980886180408525,30.67084245242149,134.00498404368355,6.823505372419112,951.9685754810919,3225.1055137476387,10.482977841353021
2023-01-04 10:43:00,2985.5971194238846,54.27330677802289,32.493868420446155,130.87379448384814,7.387560497083971,968.3334239045167,3260.0298763497135,10.514576211379678
2023-01-04 10:44:00,2985.997199439888,56.07703527138194,30.90285672502696,133.02290863148895,7.257626234529219,958.1408053480651,3240.1094975600267,10.485527166547799
2023-01-04 10:45:00,2986.3972794558913,55.928327860261696,31.20012291250536,131.73339296301248,7.01015663919098,959.5024328297437,3230.965324924007,10.500768360512668
2023-01-04 10:46:00,2986.797359471894,57.25762656995058,30.309274907426456,132.3101615512703,7.068282526731346,959.438133945688,3220.968599802315,10.496373365427775
2023-01-04 10:47:00,2987.1974394878976,56.65261704577349,30.441671974490983,132.6578807016878,7.1117509314582765,955.9671950325286,3231.6834116710747,10.492410290727701
2023-01-04 10:48:00,2987.597519503901,56.758018994020645,30.359284748186344,133.10738523466588,7.003730649944419,955.4215633287585,3211.9623929317204,10.472965841235009
2023-01-04 10:49:00,2987.997599519904,56.39493898529197,30.746136932702544,132.31027399984308,7.058572767864262,954.159770383407,3228.8563606398584,10.473603417708336
2023-01-04 10:50:00,2988.397679535907,57.03727356826238,30.099395315047943,132.2660839851975,6.911713538440764,952.9082511351376,3212.5098781954025,10.46459390010201
2023-01-04 10:51:00,2988.7977595519105,54.28128339185824,31.401744228375133,132.66472123714775,7.066214191526536,958.1384588263288,3232.451183016412,10.496322216140227
2023-01-04 10:52:00,2989.1978395679134,54.043704536193935,32.08169561050744,130.522772739171,7.497267435619003,966.1669202765261,3249.0230681916755,10.523841187488008
2023-01-04 10:53:00,2989.597919583917,56.750181481399274,29.996826863768757,132.59480681574485,7.131160259474338,956.5119207667019,3218.3620431985123,10.48352155530377
2023-01-04 10:54:00,2989.99799959992,53.91672239923058,32.51466640055196,129.80917023086738,7.413021090440999,964.4247780190872,3254.0483471869215,10.51922700184955
2023-01-04 10:55:00,2990.398079615923,56.67994383160995,30.734747869822847,131.7764967299646,7.142976501854987,958.2223408191368,3233.1918388533895,10.488727861802543
2023-01-04 10:56:00,2990.7981596319264,55.74229997602046,30.50495133938452,132.65566471312215,6.968422982160525,949.602276616993,3207.9153813242733,10.478700784852375
2023-01-04 10:57:00,2991.1982396479298,55.36883954329415,31.28868415202485,131.82838852228008,7.121430869585605,959.437613939147,3231.768664864837,10.495950948384115
2023-01-04 10:58:00,2991.5983196639327,53.7660950915352,32.65319485549309,131.5148571979119,7.595412705260372,964.1269722798679,3271.0293098314496,10.538322531010891
2023-01-04 10:59:00,2991.998399679936,55.379531360997504,31.295364937781844,131.67086541722543,7.151522074463002,963.3629249142923,3247.5428253461178,10.50786880075015
2023-01-04 11:00:00,2992.3984796959394,56.50950935570975,30.744664828712956,132.29875424127908,7.010045275034592,956.8153396925107,3202.4743729273996,10.47615418477614
2023-01-04 11:01:00,2992.7985597119423,55.829876567985984,31.004831134354507,132.5054804470689,7.440613218257431,956.8812148595831,3244.701325437117,10.49402555835645
2023-01-04 11:02:00,2993.1986397279456,56.25863277395183,30.46882534045696,133.42992926086302,7.127449716018591,954.6941837649036,3235.2443192887517,10.471927046359179
2023-01-04 11:03:00,2993.598719743949,56.427629259128004,30.581461537427742,132.52470068897793,7.069623940261492,962.4986597743244,3238.5273589492767,10.484352922153407
2023-01-04 11:04:00,2993.998799759952,54.56276916369504,31.44913280680061,131.61072169263883,7.5276313435138915,964.1873061305845,3245.2675831628894,10.51060493696339
2023-01-04 11:05:00,2994.3988797759553,54.10739395291564,31.9958427066461,130.73569399407882,7.441302116308335,965.6739414817531,3270.8366433334213,10.508760169844297
2023-01-04 11:06:00,2994.7989597919586,56.379924988506566,31.676506739569422,131.06159412006326,7.09342212161477,956.6434048190848,3241.4450662264,10.485264030804391
2023-01-04 11:07:00,2995.1990398079615,56.95275573227307,30.15586011005701,132.8441813171248,6.995524675689554,948.1264616130353,3193.6149227534856,10.470129800731932
2023-01-04 11:08:00,2995.599119823965,54.90907026735196,31.88253429210607,131.5102969509956,7.128898308942388,963.7312088052028,3259.112537906636,10.52311243903194
2023-01-04 11:09:00,2995.9991998399682,56.15914945497447,30.396466003415675,131.77227914421192,6.993772167516417,953.7306386654791,3236.2234219266147,10.487094059712506
2023-01-04 11:10:00,2996.399279855971,53.58921280032305,33.052970728969534,130.2305935434355,7.629039169345157,969.9790377571436,3284.0344197334366,10.539650573094038
2023-01-04 11:11:00,2996.7993598719745,55.29038545786487,31.51647722661984,132.47934304948006,7.0438800190589035,960.4490882004126,3218.3677664417105,10.486605652789095
2023-01-04 11:12:00,2997.199439887978,53.604419045025544,32.09821039660691,130.60371758451765,7.280572255317683,964.1825127578529,3251.106209958042,10.526279861490684
2023-01-04 11:13:00,2997.5995199039808,54.70507269498354,31.975480610103833,131.13661130084785,7.466408235346757,964.1276477255184,3235.02443785223,10.535197441127432
2023-01-04 11:14:00,2997.999599919984,57.309476962676534,30.09247718850377,131.83826699040804,7.187026539849914,956.529648689161,3217.970518307926,10.452759527126213
2023-01-04 11:15:00,2998.3996799359875,56.261425526447916,31.046634291473726,132.94537757347013,7.197627870088589,956.6238788827842,3242.0656179883626,10.47710196353776
2023-01-04 11:16:00,2998.7997599519904,55.16592890965597,31.669574718906336,131.29228815833716,7.407676001288246,957.9662333430018,3244.3868739818295,10.500384075977712
2023-01-04 11:17:00,2999.1998399679933,55.29259703339828,31.075770636142323,131.5890369192706,7.092157486896009,960.2603717107273,3244.911368506204,10.50217544749514
2023-01-04 11:18:00,2999.599919983997,56.288066642932385,30.96748361604823,132.47728250770527,7.121077098102591,954.8397327046629,3217.6226499954546,10.470369464861747
2023-01-04 11:19:00,3000.0,56.87850801497636,29.970036545816125,132.99252491058283,7.026623015541898,951.4975628931904,3206.205315420338,10.465209710581464
