TIMESTAMP,MD,WOB,RPM,TORQUE,FLOW,SPP,MW,ROP
2023-01-01 00:00:00,1200.0,12.373090146140068,118.44752411034578,3.702086081449849,904.2103135615633,3760.8410188413377,10.584690279318465,10.117758357182678
2023-01-01 00:01:00,1201.716738197425,9.307182981759844,118.49688859176658,3.7341863851637522,899.8564342007545,3800.096161883775,10.850622285615653,10.982838522627839
2023-01-01 00:02:00,1203.4334763948498,13.351290573342562,125.55754528072448,3.7624103928531634,933.9687842805208,3820.712875293294,10.735359520952525,11.752966655330066
2023-01-01 00:03:00,1205.1502145922748,10.930781007928365,117.13623838000883,3.786758104518082,907.1668013482412,3791.5313686396958,10.692792540696397,12.428142755289361
2023-01-01 00:04:00,1206.8669527896996,9.403345705413397,108.42520979627777,3.807229520158509,924.8800569638136,3900.600208620553,10.637622200160592,13.00836682250572
2023-01-01 00:05:00,1208.5836909871246,12.915404206666992,112.2131832243737,3.8238246397744438,967.78480865056,3879.7573348814844,10.919560258640585,13.493638856979146
2023-01-01 00:06:00,1210.3004291845493,10.844878243217346,128.7123840423473,3.836543463365886,968.4273900595276,3938.927062637417,10.854343656917118,13.883958858709638
2023-01-01 00:07:00,1212.0171673819743,13.94247642006455,120.09900502258097,3.8453859909328365,1004.6934938308212,3843.353721059913,10.549936808228617,14.179326827697196
2023-01-01 00:08:00,1213.733905579399,13.5108872598924,99.82948522684148,3.850352222475294,935.1511693429472,3847.1174024729594,10.816243095829215,14.37974276394182
2023-01-01 00:09:00,1215.450643776824,14.183589393173643,124.48341964708246,3.8514421579932603,948.9959161576626,3997.7976448966674,10.633012598891286,14.48520666744351
2023-01-01 00:10:00,1217.1673819742489,10.84897245683131,125.74193137717509,3.8486557974866793,932.9635523806537,3807.026459751975,10.879024887565196,14.495718538202052
2023-01-01 00:11:00,1218.8841201716739,12.11962006246559,112.65485983814405,3.850645147648241,995.3440829940523,4023.094453396055,10.545526410264772,14.12069019144038
2023-01-01 00:12:00,1220.6008583690987,13.545350447608337,129.65501142963777,3.811735719632452,935.8305690008565,3940.2316597306335,10.673082688913937,13.8239069983314
2023-01-01 00:13:00,1222.3175965665237,11.46199668288062,114.43610979542984,3.799355759272478,989.1105570067109,3851.0864520049213,10.72024869367556,13.677867669335926
2023-01-01 00:14:00,1224.0343347639484,11.13159213228339,137.76958714223264,3.825053819296586,950.6589101085924,3836.0036040022196,10.721200111396396,13.744506609153133
2023-01-01 00:15:00,1225.7510729613734,13.113608881053224,125.65006431263411,3.7499875795204956,970.5047035546843,3968.0306542576977,10.781799259095886,13.365069461000486
2023-01-01 00:16:00,1227.4678111587982,10.064727291008214,109.2966323997779,3.7077217123224653,940.5668712596051,3903.336481174087,10.796910955567041,13.074377616634965
2023-01-01 00:17:00,1229.1845493562232,10.161330013303987,103.89052781499463,3.6164726797902107,918.3825880368757,3982.7453129754167,10.585212616485805,12.499711235108732
2023-01-01 00:18:00,1230.901287553648,10.845707472386765,108.93640252332726,3.6576318790240734,912.7576246355006,3890.573876784656,10.743685228526983,12.456405942550559
2023-01-01 00:19:00,1232.618025751073,11.637921100803988,84.78709432094804,3.6361267872346743,938.0480430420595,3957.7021238723128,10.766440941669774,11.914251623093081
2023-01-01 00:20:00,1234.3347639484978,11.861871408877091,115.88986144914915,3.5831554748288843,962.322632494158,3912.7371149353644,10.756448280384118,11.576771107709083
2023-01-01 00:21:00,1236.0515021459228,12.196463573996365,112.42067939323974,3.6134708830885622,951.0480160848132,4039.5242319707963,10.706922281575267,11.785459351967319
2023-01-01 00:22:00,1237.7682403433475,11.718089190194782,106.37187010684481,3.676396084396889,956.0375681280142,3979.8325039345737,10.68588755932882,11.510244110590154
2023-01-01 00:23:00,1239.4849785407725,14.591770713824044,106.41038824782368,3.6800092046711823,959.9764838012662,3946.710027446424,10.703445025587722,11.644119950246692
2023-01-01 00:24:00,1241.2017167381973,10.321683889697463,132.88473239287583,3.718595861979355,942.3148329856505,3756.471924155217,10.74016750196429,12.04439220596036
2023-01-01 00:25:00,1242.9184549356223,9.571652229586325,110.91562717184195,3.76248479928801,920.915598338523,3937.081096893329,10.548858245162156,12.384630593521052
2023-01-01 00:26:00,1244.6351931330473,11.697254672357706,118.99642676888003,3.8240491702335766,929.973768050474,3855.1389277959984,10.698610060868525,13.186457863146568
2023-01-01 00:27:00,1246.351931330472,13.888032098330724,126.19565233944206,3.862613211412741,953.3637471728804,3863.1679958229156,10.677699926035798,13.60911167190955
2023-01-01 00:28:00,1248.068669527897,10.470980542560563,117.79163248410173,3.8828292925875436,949.8215949539754,3959.798891925792,10.606845300406135,13.50341971066556
2023-01-01 00:29:00,1249.7854077253219,12.269936580424849,140.9915687589966,3.898300249742571,908.042028085307,3984.567432960549,10.758081149430842,13.606193311084654
2023-01-01 00:30:00,1251.5021459227469,16.554695277532865,123.90564114687973,3.940549289133085,962.6548691785644,3731.322691733208,10.790882404710644,12.80630939628712
2023-01-01 00:31:00,1253.2188841201717,9.559009841397373,117.97307231654531,3.977173955638345,956.876724049745,3894.4757245452743,10.632754053243664,12.961659109444327
2023-01-01 00:32:00,1254.9356223175967,9.444538438123375,137.53858081931378,3.9897693795417917,968.5975692469411,3852.003769158491,10.696255526562016,13.120502651851687
2023-01-01 00:33:00,1256.6523605150214,14.670876270357255,127.25018156212015,4.003113097854219,918.1125588082353,3935.858998715742,10.677633533983025,13.0819341293786
2023-01-01 00:34:00,1258.3690987124464,12.216498584068788,126.87493042223329,4.029543824254567,934.6954004386635,3941.404075467184,10.627505801165984,13.39093928515184
2023-01-01 00:35:00,1260.0858369098712,11.512053917326897,105.29867465051439,4.036697971152417,947.8699694515769,3947.2535530835876,10.750334136801865,13.465614789524553
2023-01-01 00:36:00,1261.8025751072962,10.179479240603728,124.22409845835308,4.055826313253008,937.346054733512,3843.334256203288,10.766006334522638,12.94248357262358
2023-01-01 00:37:00,1263.519313304721,9.966330131671258,108.76950132859321,4.067113058342179,996.4472118846883,3855.795693749666,10.759244918293764,12.847781170297843
2023-01-01 00:38:00,1265.236051502146,12.017429061160092,109.7836476992748,4.0723818038421555,986.3464055782474,3928.287105404929,10.677358791414377,12.723403348319518
2023-01-01 00:39:00,1266.9527896995708,12.39864313589935,120.74911251051361,3.9974483525708946,933.7627554526634,3820.064207343009,10.726684597511069,12.26246914189767
2023-01-01 00:40:00,1268.6695278969958,13.012074236227871,110.57733870075808,3.994618694226121,966.659854706558,3804.5135392101542,10.708401905433817,11.912722935047453
2023-01-01 00:41:00,1270.3862660944205,11.921775765401362,106.9492961524731,4.011260146549318,962.9913112758649,3647.4595213813463,10.655133590537648,12.425404009081065
2023-01-01 00:42:00,1272.1030042918455,12.352295863075302,105.80804986421585,3.989582951235997,962.1274328053662,3665.27439164208,10.589730082677695,12.134742066534772
2023-01-01 00:43:00,1273.8197424892703,13.860227150657112,106.03259436300972,3.9795304719968003,1002.1133359915793,4011.652102809631,10.624617282662463,12.324103164405235
2023-01-01 00:44:00,1275.5364806866953,13.97517616662236,103.79949378288903,4.028358047424674,927.3037034882377,3822.4987500939205,10.811860639000196,12.882225359769905
2023-01-01 00:45:00,1277.25321888412,9.115509213673201,102.67578313046718,3.970688098431583,996.3952864073965,3662.802310032682,10.639736876244156,12.844654848736674
2023-01-01 00:46:00,1278.969957081545,13.986222499523622,92.04726690365678,3.9311021069453416,932.1609264979542,3811.6968271560095,10.795011567318454,12.601768306642507
2023-01-01 00:47:00,1280.6866952789699,11.103601056784516,110.83484873591827,3.890966504229069,972.5993177141562,3736.366545464364,10.834514175859278,12.610127966165722
2023-01-01 00:48:00,1282.4034334763949,13.048710034273288,106.54521096108216,3.775477993117358,959.5427194569888,3956.983976524242,10.64062668517127,12.110607988577963
2023-01-01 00:49:00,1284.1201716738196,11.989685626316858,124.54907903826583,3.774672695606732,900.7973842961242,3750.116807003566,10.699954918483565,12.511428898000208
2023-01-01 00:50:00,1285.8369098712446,8.434191155748795,133.7510330044502,3.7569998270594636,1003.9052029770518,4042.103483715305,10.78051514671388,12.148697240989764
2023-01-01 00:51:00,1287.5536480686696,11.245944782284933,124.05481801470391,3.770894183601746,961.1568626001314,3729.9224607047177,10.730564151511592,12.447056602743508
2023-01-01 00:52:00,1289.2703862660944,12.4321365370569,123.93560376482944,3.731342158164023,938.9214390154732,4098.514779483869,10.75474600137971,12.07765242595029
2023-01-01 00:53:00,1290.9871244635194,10.447154202295824,115.93303121486737,3.6535988738434035,947.6638360289732,3905.3841937165857,10.80972505637828,11.545648671003438
2023-01-01 00:54:00,1292.7038626609442,9.76872331860819,116.46169977439409,3.6638095598415124,957.6421658824657,3777.564799219265,10.610369070833286,11.89197550991185
2023-01-01 00:55:00,1294.4206008583692,12.481604473413173,126.75371756418572,3.719811893471173,1011.7889432310845,4063.2761304579244,10.64596047226786,12.052057427718392
2023-01-01 00:56:00,1296.137339055794,11.748991974255796,129.9285288540559,3.7662989393864974,915.8413648576952,3852.8898936892697,10.75016529898597,12.481547514400843
2023-01-01 00:57:00,1297.854077253219,10.613115526797326,130.0931867375442,3.7831975621964182,928.3076482019723,3972.549470067018,10.718434903313277,12.768186387503835
2023-01-01 00:58:00,1299.5708154506437,13.86290002724965,89.12867597855279,3.7360080711175234,984.7606792807242,3962.488061842243,10.708157917212224,12.758212092656589
2023-01-01 00:59:00,1301.2875536480688,11.398841626117134,108.79287444842171,3.7522463930928813,945.2397466541954,3908.5990254058484,10.519559818467314,12.842988258430813
2023-01-01 01:00:00,1303.0042918454935,11.05831794674695,127.41766932266019,3.7610134898695264,913.2313992788452,3773.5169780599435,10.6164448736716,13.146811497554925
2023-01-01 01:01:00,1304.7210300429185,13.065170029798422,115.55599136141159,3.798668683369682,928.9974909062919,3898.899581098011,10.78942563071722,13.317885533446999
2023-01-01 01:02:00,1306.4377682403433,10.172903260843658,135.16792403504948,3.902602987107248,986.7844027770898,4047.7031119738945,10.82017314407641,13.550706228697
2023-01-01 01:03:00,1308.1545064377683,16.656239454341055,124.2872478500385,3.9252053118234,968.9109288628171,3871.0817411994612,10.804306944971364,13.465135280614579
2023-01-01 01:04:00,1309.871244635193,11.978607051549762,113.00514514960602,3.8995755458799373,967.1458517434809,4002.70757152333,10.950953871289132,13.4217669088344
2023-01-01 01:05:00,1311.587982832618,13.833093778161892,137.68823430594048,3.9077427851685522,996.8668576358415,3834.9234819138487,10.728370693491906,13.263320346099949
2023-01-01 01:06:00,1313.3047210300429,10.135282812562046,112.6866821756084,3.936620605018586,852.9135656917651,3965.6347749350384,10.77809887530084,13.438289139170944
2023-01-01 01:07:00,1315.0214592274679,12.726592716448955,101.19396374773494,3.964417255762746,1008.1487460332819,4003.920090530879,10.652339857204458,13.399312456539132
2023-01-01 01:08:00,1316.7381974248926,13.74831563764082,107.52124440792478,3.9111763606374854,982.1362307901528,3810.294008846827,10.780058365855428,12.894889133076193
2023-01-01 01:09:00,1318.4549356223176,11.069235224555321,134.1927515412413,3.9626220328754993,948.8966977777991,3694.0354785956174,10.692814047335451,13.104100264194154
2023-01-01 01:10:00,1320.1716738197424,14.271573682480422,95.78716752656189,3.980836662287393,919.2159382399616,3792.292745653138,10.842559391411347,12.895226033901608
2023-01-01 01:11:00,1321.8884120171674,13.00438834644963,121.57535950869764,3.9635447363063765,955.5412628191976,4075.262398748876,10.815649371207117,12.463044324850964
2023-01-01 01:12:00,1323.6051502145922,9.334106810994847,115.2078151927407,3.911703773662036,951.5057319040166,3936.9298774877684,10.700610462767944,12.486656116824287
2023-01-01 01:13:00,1325.3218884120172,14.348603910997884,108.52579339537573,3.830366706359511,953.4615457235785,3896.9786282712585,10.810970849248196,12.053051704973345
2023-01-01 01:14:00,1327.038626609442,12.983890064456467,115.42668658222702,3.8724340339305274,988.3833302275012,3956.2966733628896,10.934628417482735,12.897658784168954
2023-01-01 01:15:00,1328.755364806867,11.126770406777002,109.54917556550043,3.835303361395969,952.1315129121305,3964.7228210432927,10.616650954432286,13.073159401670516
2023-01-01 01:16:00,1330.472103004292,11.961164128695428,113.05947183361009,3.814401581906251,950.099506037599,3876.4927061785193,10.752742086738609,13.60171874527647
2023-01-01 01:17:00,1332.1888412017167,10.78729710308356,121.822267138201,3.739317688001768,995.728074417813,3917.7760321591963,10.886373145848005,13.411136315351746
2023-01-01 01:18:00,1333.9055793991415,14.822290218435446,125.97745495252222,3.657624637328171,937.9591996666396,3904.523417910618,10.66806130710944,13.519302627178682
2023-01-01 01:19:00,1335.6223175965665,12.039542969515903,115.99614159784113,3.5823005196780686,962.1316712112654,3879.376076822871,10.764481951454181,13.116993860971725
2023-01-01 01:20:00,1337.3390557939915,8.496793267695912,126.26511091982816,3.606402242786899,963.1890144244022,3767.018876231053,10.771617398289179,13.132002286232064
2023-01-01 01:21:00,1339.0557939914163,11.554150486218635,122.82453311789314,3.70105230160099,967.7371072166814,4032.3176853307564,10.651372168965088,13.1719166124381
2023-01-01 01:22:00,1340.7725321888413,8.722560697354593,118.20174036171817,3.7224617897402013,931.6146006612348,3802.8950967184305,10.684667818251212,13.319357724031587
2023-01-01 01:23:00,1342.489270386266,13.261663144882819,139.4149289291016,3.720506818192991,924.8251908572521,3895.530368120355,10.703574652508825,12.972790817458526
2023-01-01 01:24:00,1344.206008583691,9.379257630237714,132.20857630619636,3.851742710944232,916.3678972537759,3692.1267721660156,10.790402700629118,13.37773927656793
2023-01-01 01:25:00,1345.9227467811158,10.89439860199715,114.09450291441907,3.909280335492422,939.48125706987,3774.3996535579563,10.626058105258766,13.38032780850511
2023-01-01 01:26:00,1347.6394849785408,11.108638522177662,117.79338804052634,3.9083361495826248,898.655245690405,4023.2716498642885,10.621633819796136,13.467259376735202
2023-01-01 01:27:00,1349.3562231759656,12.171671529533366,106.39181141543496,3.9133190227750143,883.2562231570452,4074.633348236456,10.837533837643985,13.061220070040317
2023-01-01 01:28:00,1351.0729613733906,10.065677028656944,120.73217610942532,3.935945844051259,966.51038994595,3945.294022201792,10.67196382270806,13.563988153038316
2023-01-01 01:29:00,1352.7896995708154,17.968758601596548,108.1170563426734,3.919151378224372,923.1566367383161,3876.6522991156644,10.741699202667647,13.849947735496121
2023-01-01 01:30:00,1354.5064377682404,14.817086748537564,97.45607826467956,3.928788306007629,948.7988977327444,3992.4512302833773,10.715533431415766,14.152611768731358
2023-01-01 01:31:00,1356.2231759656652,10.738551040233371,95.50086992607544,3.897207375198912,1015.4828129003034,3879.047388998951,10.826833318614087,13.930568117487319
2023-01-01 01:32:00,1357.9399141630902,12.185628862044215,115.46983716773966,3.8283366922945303,917.6554115052393,3864.7634519958992,10.739141153874762,13.887168243569857
2023-01-01 01:33:00,1359.656652360515,14.271022281375553,130.51244062701613,3.766997413700632,949.3112253340975,3965.2228495537474,10.68344313459331,13.608893328856686
2023-01-01 01:34:00,1361.37339055794,10.667964242550275,121.91752905227797,3.7611876717888535,963.345928857074,3883.7256484246022,10.711439899088592,13.875741915557668
2023-01-01 01:35:00,1363.0901287553647,12.778410296947538,115.60808176114273,3.714974845142649,954.0862105660342,4062.418771102348,10.812951090675126,13.377853479833757
2023-01-01 01:36:00,1364.8068669527897,9.570883870622774,143.12679996530505,3.6957749821320194,988.2439154888735,3822.012606136439,10.824818079539645,13.16726211063569
2023-01-01 01:37:00,1366.5236051502145,11.697497102821961,129.2829855780388,3.6309873269261095,998.4353756307637,3993.559851105048,10.708170962881129,12.685871146785551
2023-01-01 01:38:00,1368.2403433476395,5.637242733664454,112.87013426566193,3.6718818477936224,949.8470777984401,3798.3624554876933,10.805768421206734,12.210161894290987
2023-01-01 01:39:00,1369.9570815450643,13.354490303355206,110.06369685990909,3.7079034070900243,951.4015914271712,3898.1660919620017,10.863204408328505,11.4778230824016
2023-01-01 01:40:00,1371.6738197424893,10.522475360540357,91.85200404761939,3.8475327247126647,915.9875855140326,3826.632431570702,10.747999161883637,11.727391597299109
2023-01-01 01:41:00,1373.3905579399143,10.835686432381696,121.53070605736603,3.888052216233967,934.3066594003205,3792.114949388665,10.774280839472691,11.598847270475188
2023-01-01 01:42:00,1375.107296137339,12.837667706866583,108.12036601231577,3.8625610673410504,997.4058359463194,3839.9686425468703,10.686628885480875,11.577314422657421
2023-01-01 01:43:00,1376.8240343347638,14.036634413995678,118.03663565894931,3.973042704336172,905.6014944921214,3670.6791302247143,10.779912974787095,11.5978724555329
2023-01-01 01:44:00,1378.5407725321888,12.737508065637027,119.54860100468869,4.047246763137921,974.2888066717519,4065.830252367325,10.761085445369204,11.473173300187156
2023-01-01 01:45:00,1380.2575107296138,11.862413861066262,123.9314165723657,4.068110134861068,933.0326786646164,3909.345594327568,10.757474703883478,11.589746886354066
2023-01-01 01:46:00,1381.9742489270386,13.717151286708372,115.82822139131422,4.041904229208125,885.0119991203915,4012.6042312685477,10.635009983991447,11.623785359498239
2023-01-01 01:47:00,1383.6909871244636,15.341876837740877,113.29213182966156,3.8151462577175748,963.6867008097672,3862.4084104301455,10.7814994776133,12.372395237869215
2023-01-01 01:48:00,1385.4077253218884,11.004459565461287,121.22972340722382,3.678731490210597,945.3237030019932,3987.891446937324,10.75435102777146,13.20146134357889
2023-01-01 01:49:00,1387.1244635193134,11.825585335561987,107.37826097354578,3.595862502316666,956.8758965479743,4011.096802038866,10.821513217309557,13.14191734555585
2023-01-01 01:50:00,1388.8412017167382,12.004963577846762,128.63575148466091,3.687614729662627,924.138286945496,3970.260128144089,10.835291220486024,13.450201305636245
2023-01-01 01:51:00,1390.5579399141632,9.675362224563546,132.47782028175132,3.8252685063280727,958.9231450254501,3958.6371744880394,10.757866321618442,13.093604412181392
2023-01-01 01:52:00,1392.274678111588,13.585379495825203,103.50453774944906,4.025234147652601,916.8453797767917,3778.091867555689,10.675768995061878,12.560981669358783
2023-01-01 01:53:00,1393.991416309013,10.14688358619966,97.0206399331758,4.345736209100078,954.9523362352339,3749.1633577769953,10.695763078024957,12.000284762424219
2023-01-01 01:54:00,1395.7081545064377,14.4934696938651,118.10192145920038,4.708980717038434,927.561347272528,3854.4164578280006,10.775430876812447,11.173313737836633
2023-01-01 01:55:00,1397.4248927038627,10.501438243805545,110.09250738995829,5.22270388651292,962.5419035217661,3949.6777629904086,10.924769609434122,10.282541473450886
2023-01-01 01:56:00,1399.1416309012875,10.465337072981105,119.22416318760382,5.565910664011064,951.3446607898256,3750.004092438516,11.006374889117048,9.37879282082285
2023-01-01 01:57:00,1400.8583690987125,23.580434633012988,76.4517686397242,6.0009561252185275,964.0760571212872,4136.60093489808,10.75083585076116,8.273508566406658
2023-01-01 01:58:00,1402.5751072961373,31.862462764208253,75.26449140733493,6.438753666055653,931.9095358390149,3941.0256753293306,10.766951738928855,7.419640661156132
2023-01-01 01:59:00,1404.2918454935623,22.477493414350096,90.84063663350881,6.776878711427635,945.4892903049939,3883.8309186569873,10.95335341114388,6.4556911422494885
2023-01-01 02:00:00,1406.008583690987,27.238664654654453,65.55446452120607,7.101575658399657,926.3956550709017,3893.0854147542495,10.648783288260809,5.629150091469514
2023-01-01 02:01:00,1407.725321888412,23.04269407057491,85.23921203646773,7.369486911090265,928.9565021054817,3844.3138737860113,10.705726161590492,4.68218866324448
2023-01-01 02:02:00,1409.4420600858368,26.983078441869907,68.86051955708002,7.631185102573688,952.5808923765894,3823.121733980071,10.852220030465443,4.046475449194335
2023-01-01 02:03:00,1411.1587982832618,27.519603559517538,67.87989798374304,7.898184914906771,955.7640375581614,3803.1938005296684,10.699554412320193,3.4242445913393906
2023-01-01 02:04:00,1412.8755364806866,26.711384330806126,82.07751871689618,8.027634576638723,924.5302831557365,3927.397863612158,10.647142351025826,2.7488886122323613
2023-01-01 02:05:00,1414.5922746781116,16.420825936084732,77.76073844238218,8.057526964434407,974.746950448865,3858.0572365347616,10.72928342336239,2.9316755594366004
2023-01-01 02:06:00,1416.3090128755366,29.0917381439032,78.41171954603254,7.909148803165172,924.5469322417762,3770.5676724757354,10.951102843865899,2.732424284944466
2023-01-01 02:07:00,1418.0257510729614,22.485462949815574,74.93348775949987,7.716956615897434,916.0849682950605,3736.1594761883757,10.867456121028848,3.379214569793684
2023-01-01 02:08:00,1419.7424892703862,23.51522984150529,78.56158915082096,7.697811810064263,937.0155298269939,3986.5595669647682,10.643606987634566,3.226531122616659
2023-01-01 02:09:00,1421.4592274678112,27.789038807659914,81.16482832138094,7.7223811142413705,962.7922356563416,3857.4436905998955,10.850495701819913,3.3516285088258844
2023-01-01 02:10:00,1423.1759656652362,28.314170722782304,95.1736762647561,7.722907845810717,972.1732324676515,3845.5481772283783,10.695106971871251,3.40175776328121
2023-01-01 02:11:00,1424.892703862661,26.20878865078439,73.33369772053577,7.761305927374642,936.4340102317708,3935.8053482411206,10.764023961267627,3.413916565800417
2023-01-01 02:12:00,1426.609442060086,25.215175909149742,75.23867487696951,7.805645447312961,967.4908630773568,3897.338816648356,10.680609558288209,3.4609377075113796
2023-01-01 02:13:00,1428.3261802575107,27.162802211905287,66.53889655302193,7.862900074365625,985.9321462017954,4023.0783817898455,10.787814533758608,3.5432208189310077
2023-01-01 02:14:00,1430.0429184549357,23.018529419079385,69.67391405810686,7.961503290825589,932.9866626420433,3901.8990855675984,10.679648010644879,3.657127089638628
2023-01-01 02:15:00,1431.7596566523605,26.022252343810695,83.70842726007177,8.023141308850946,987.1672724117007,3880.3669123925533,10.660453179803334,3.7197123165879606
2023-01-01 02:16:00,1433.4763948497855,27.737939641868618,85.41111334099806,7.924221984525099,984.4091462385458,3820.814580772189,10.869691283600387,3.7084724692879676
2023-01-01 02:17:00,1435.1931330472103,24.948388593217935,72.72412734747387,7.943760753701806,961.9767111154018,3837.1674764617755,10.834298245106078,3.7457245637173218
2023-01-01 02:18:00,1436.9098712446353,29.592703255886885,79.86075511500074,7.903561368281755,923.6847982264314,3899.2931049676095,10.637434756677159,3.720913260128091
2023-01-01 02:19:00,1438.62660944206,24.92445124190007,89.66583004925559,7.89238274426682,932.7499203380356,4007.754683086349,10.801321147123842,3.699121547592501
2023-01-01 02:20:00,1440.343347639485,27.573939100968563,71.11325175122988,7.945197912661589,891.0108908767401,3921.7769088736995,10.728248476199733,3.6977901550111456
2023-01-01 02:21:00,1442.0600858369098,25.09272638313835,81.66212303900795,7.925697496002273,901.0216362702131,3711.637169192334,10.556526727014651,3.6452439326204504
2023-01-01 02:22:00,1443.7768240343348,29.05182645186264,84.6753868000674,7.914092206189912,906.5094671461775,3691.421361533765,10.723050585039324,3.5807434127322297
2023-01-01 02:23:00,1445.4935622317596,24.44600090555426,74.38996407140789,7.931507853586581,963.6484294250973,3785.79013900837,10.704271132641669,3.64522146996754
2023-01-01 02:24:00,1447.2103004291846,24.381184814530176,70.54789848703251,7.930035155368462,918.8646966870683,3806.7723931677215,10.695352299274868,3.7893937355965943
2023-01-01 02:25:00,1448.9270386266094,27.62666424729003,82.16634769715508,7.912038855424695,944.2689865632273,4003.914073194559,10.76379888438601,3.707880579795191
2023-01-01 02:26:00,1450.6437768240344,26.780982432586637,69.19628597021631,7.8962598770998005,989.7880587334073,3899.438336182916,10.826214219024422,3.7559358497408732
2023-01-01 02:27:00,1452.3605150214592,27.325706491594765,72.91010256515054,7.8536108004216025,945.7404387803978,3837.0032206073283,10.782366315123749,3.740042263400306
2023-01-01 02:28:00,1454.0772532188842,26.459518054008832,71.6786731049691,7.814707927044904,935.7424669242208,3868.483020575931,10.598029914035221,3.7153294546654134
2023-01-01 02:29:00,1455.793991416309,29.376030296030937,63.89249391996079,7.774876596851704,949.9273684462869,3874.7734639368487,10.770393169674804,3.7708722286432055
2023-01-01 02:30:00,1457.510729613734,21.107544208111122,72.1474643392028,7.785506156698293,964.8555029713749,4072.8847414880684,10.576868845047187,3.867007694713417
2023-01-01 02:31:00,1459.227467811159,25.949460048352023,77.16916043305265,7.745382385523778,959.782281762359,3869.3085397426016,10.731733478586897,3.8166050746314504
2023-01-01 02:32:00,1460.9442060085837,31.024303873901513,80.56712101220356,7.711971833769957,946.3414179109009,3680.333880188333,10.883914982828193,3.719900345124305
2023-01-01 02:33:00,1462.6609442060085,23.963453275247403,82.85810388596579,7.697228033543794,963.9363598574421,3862.360856119346,10.67878454540486,3.808571449131384
2023-01-01 02:34:00,1464.3776824034335,22.22042605564059,74.15299194496015,7.696830342256404,956.2266753433323,3774.1650774650866,10.65485885700583,3.7343971964668734
2023-01-01 02:35:00,1466.0944206008585,23.45975933814974,87.80958192581102,7.696055999220889,944.8396758230216,3831.4214081695263,10.942310882240767,3.7337302375855073
2023-01-01 02:36:00,1467.8111587982833,22.926005321812312,63.11277316818372,7.691123188129164,938.311542147181,3871.635308087247,10.962231793993224,3.710700624594182
2023-01-01 02:37:00,1469.527896995708,32.51888186763305,64.29424041499175,7.695701319333229,919.7859768413111,3996.3247148960068,10.7250553163827,3.65312071998998
2023-01-01 02:38:00,1471.244635193133,25.221644929144514,70.85920371996285,7.714973371670037,942.8502799438277,3849.4966837805537,10.610901362341437,3.6605928172366506
2023-01-01 02:39:00,1472.961373390558,27.673581854331932,77.45418896821737,7.743423144847553,965.8347072589519,3918.8890715480347,10.620803458820713,3.6677838808341887
2023-01-01 02:40:00,1474.6781115879828,22.12580314469864,74.50201627665317,7.7897846226614975,956.0742053566513,3616.3416072979153,10.74179962587269,3.488322871363497
2023-01-01 02:41:00,1476.3948497854078,23.94951646193592,84.79070321605508,7.770429447377719,973.8167059440369,4018.656798732613,10.728279056273287,3.4324087264244003
2023-01-01 02:42:00,1478.1115879828326,25.51541249694791,78.63740947476539,7.812357912839537,958.037658208269,3947.100805139082,10.943422479515808,3.5327382831472582
2023-01-01 02:43:00,1479.8283261802576,26.93236909430501,70.34838231569856,7.865874251890871,952.8497309055556,3922.084177454024,10.765776582447321,3.6426427573449334
2023-01-01 02:44:00,1481.5450643776824,29.42206341877437,79.13796834381898,7.884502269960045,934.2619928789604,3772.5546014692854,11.01960357629611,3.836674005822645
2023-01-01 02:45:00,1483.2618025751074,23.383270776947406,86.52711342318126,7.91998316742067,960.9053523998662,3967.3141978550425,10.942583776583874,3.862742007791077
2023-01-01 02:46:00,1484.9785407725321,25.169819599028965,83.95417113043807,7.94012915329159,901.8095174720535,3777.783126767496,10.73038753042551,3.934015822724593
2023-01-01 02:47:00,1486.6952789699571,26.737031043461506,67.42771612871054,7.933269321987333,965.8041662278088,3870.140603764113,10.919879362222717,3.9547455800400555
2023-01-01 02:48:00,1488.412017167382,29.14352010869552,60.46389098737944,7.957336711582946,1002.5890521717853,3940.2181631393387,10.789367159438852,3.9541276206893183
2023-01-01 02:49:00,1490.128755364807,26.887175523259288,67.75152164733751,7.958371068285442,918.7293702192218,3908.278999387517,10.918236155134236,3.8519852485041435
2023-01-01 02:50:00,1491.8454935622317,28.83703638997901,67.23954371927306,7.983551483102569,970.9285922660594,3888.392184754556,10.773947473760135,3.8105217521200503
2023-01-01 02:51:00,1493.5622317596567,30.929252989842077,63.96520308963523,7.9709382831666895,980.6809929118488,3841.8372292150593,10.79249839943452,3.632464060382753
2023-01-01 02:52:00,1495.2789699570815,28.395531648977688,71.91082424199593,7.964139621988541,935.9901254152255,3854.9007026023364,10.945087561825629,3.526570760465987
2023-01-01 02:53:00,1496.9957081545065,25.100184801303513,85.72862753884533,7.9625388059865925,979.1281198422498,3790.75677612592,10.870957002866037,3.5161238627840974
2023-01-01 02:54:00,1498.7124463519312,26.10554333515758,65.13498000894651,7.9655708598747985,914.2630593379474,3827.847897310592,10.891482482939539,3.430285408654928
2023-01-01 02:55:00,1500.4291845493563,29.958883014795955,73.26331177660367,7.973235783653161,948.5644947721596,3943.1183265101013,10.780474144804305,3.552955250804283
2023-01-01 02:56:00,1502.1459227467813,25.162949832308335,85.71636659947411,7.935224301518219,984.2105885268908,3909.3304933012982,10.8758666325994,3.5337906170209124
2023-01-01 02:57:00,1503.862660944206,27.568983694410363,63.08763442318687,7.926009787988496,945.0265805493163,3935.5542244715057,10.718316451143057,3.55884891785365
2023-01-01 02:58:00,1505.5793991416308,26.559173857728887,75.56842083155226,7.922628748822533,970.4633481711942,4041.978312346245,10.944774130398075,3.555000431873533
2023-01-01 02:59:00,1507.2961373390558,25.134690134204778,65.98750216359765,7.9308647669755405,957.0990707358964,3920.21632388466,10.701283870808444,3.556988043564635
2023-01-01 03:00:00,1509.0128755364808,28.34774834606591,63.24625553338063,7.927731191736803,978.188934474202,3936.9038309152575,10.779243053623343,3.5574385002347726
2023-01-01 03:01:00,1510.7296137339056,22.985916707781058,88.19872349237151,7.965046877301339,970.5842183503701,3729.6184592345103,10.873364466839298,3.8230418862836384
2023-01-01 03:02:00,1512.4463519313304,29.906551238676272,85.42358305410367,7.94748712374479,914.5948903777778,3839.4258292669924,10.83769775285326,3.932956510456353
2023-01-01 03:03:00,1514.1630901287554,29.771138692708814,90.05750199119572,8.009956272217384,1002.2830717570638,3899.9509504944735,10.919560163684311,4.073413716860593
2023-01-01 03:04:00,1515.8798283261804,31.40099350440122,73.79799401946205,7.9615561946283195,970.4405299451599,3781.518921315409,10.880854954754817,4.231053011357995
2023-01-01 03:05:00,1517.5965665236051,28.28664987709029,66.25096415757635,7.92285412977179,902.2175651168834,3992.6351420933393,10.859195984786187,4.194144956813068
2023-01-01 03:06:00,1519.3133047210301,29.474845268390773,84.13079804203296,7.89385007764779,935.7119983191715,3998.9801717834216,10.76884755115572,4.127937241908933
2023-01-01 03:07:00,1521.030042918455,24.76554028262951,85.5349287920401,7.842544906422934,940.1246905367146,3949.35152930402,10.877905191529516,4.114219695550267
2023-01-01 03:08:00,1522.74678111588,26.058312425558977,78.7245675777113,7.819603908166754,1033.2891514504913,3875.637317699551,10.882669366672534,4.069090886138918
2023-01-01 03:09:00,1524.4635193133047,22.634355646444824,86.48402872718023,7.805201533808563,971.3923422010613,4013.9749588379964,10.65102502133588,3.9472589104437765
2023-01-01 03:10:00,1526.1802575107297,24.96476383773861,73.59678885385293,7.799337783348362,965.7718146683113,3880.7216274009907,10.86798791366994,3.8926739994873594
2023-01-01 03:11:00,1527.8969957081545,22.45714893365534,74.92890422824672,7.802012656786149,959.3594155099546,3871.1660516735337,10.914462065736279,3.840822139529075
2023-01-01 03:12:00,1529.6137339055795,28.940817598475277,71.79600583424246,7.823260793341985,912.717353195416,3974.026978774058,10.83388395285645,3.8229004599720997
2023-01-01 03:13:00,1531.3304721030042,20.53878785507008,61.190191287286176,7.798183843139422,953.3854414713684,3843.1897245883138,10.773288920792352,3.7720367619900985
2023-01-01 03:14:00,1533.0472103004292,26.11698901913349,71.7290794883765,7.82930254551427,946.2021403134885,4048.8196059102243,10.834719144293182,3.841648265716993
2023-01-01 03:15:00,1534.763948497854,27.522811457417422,68.12169100717539,7.83000017124179,1028.042151643049,3933.4056891800446,10.855047227887596,3.96141741339449
2023-01-01 03:16:00,1536.480686695279,31.10908255947132,74.56512359597177,7.794611042388394,911.8850382714609,3853.8902339619235,10.78280236550585,3.8920700233745196
2023-01-01 03:17:00,1538.1974248927038,22.406820275826114,85.82209125292806,7.800224675904885,995.2353615811973,3872.81170054948,10.969400863654549,4.03331110416124
2023-01-01 03:18:00,1539.9141630901288,28.429509854241136,79.01991156143997,7.779262081616927,973.3620092568036,4011.1546771305343,10.805839563814608,4.118108070423429
2023-01-01 03:19:00,1541.6309012875536,26.562268619620138,82.32596173675883,7.784781361635701,973.3964635195458,4023.242725121799,10.865845065811817,4.161639972590975
2023-01-01 03:20:00,1543.3476394849786,29.721782392210155,78.28874729241745,7.775746565018359,903.7849216363785,3986.438482083829,10.807157296293118,4.146882785690984
2023-01-01 03:21:00,1545.0643776824036,28.254495818752424,73.98967122039909,7.857182759960993,993.364705793549,4050.162881473275,10.750015864400016,4.216079995202694
2023-01-01 03:22:00,1546.7811158798283,23.22386542176239,76.66792768898661,7.811620125551399,959.1704056170863,4111.326418631396,10.931694848027314,4.1951621488412005
2023-01-01 03:23:00,1548.4978540772531,28.05892482193954,78.64989484482776,7.792274925269274,920.2917697217346,3848.460991299775,10.901479441984586,4.176118199150693
2023-01-01 03:24:00,1550.2145922746781,23.585800742311072,74.5336751038895,7.67127203739048,1008.0041616565173,3711.5327035663777,10.799547211799453,4.060919629058355
2023-01-01 03:25:00,1551.9313304721031,21.40964791836559,94.54979355576448,7.639509590005819,926.8565798578794,3868.4707294190175,10.730840712286323,3.9061704020167545
2023-01-01 03:26:00,1553.648068669528,31.25751715742576,75.02407912274852,7.6222883156015,955.492344362881,3813.483478967916,10.660837223578813,3.8195050335648046
2023-01-01 03:27:00,1555.3648068669527,21.980135965029937,75.14037189864473,7.61960821417752,961.2573770549124,3890.1374268356385,10.844007777853985,3.7074019193023746
2023-01-01 03:28:00,1557.0815450643777,24.95561165579058,76.65487937665564,7.631469285733882,949.5948982248309,4082.4248816481268,10.663483573282775,3.6203778422261834
2023-01-01 03:29:00,1558.7982832618027,25.804435684646858,63.39068508993591,7.657871530270585,961.6887710197375,3870.9678073737987,10.65879146441407,3.4951783886907744
2023-01-01 03:30:00,1560.5150214592275,26.449632587972076,65.19700984260557,7.698814947787628,952.3030696722694,3923.6392308448776,10.639290769014925,3.490454089861751
2023-01-01 03:31:00,1562.2317596566522,18.23412605251916,88.1643775169735,7.778241072834231,911.7303905706747,3748.9827005036764,10.847541304143697,3.542458226524426
2023-01-01 03:32:00,1563.9484978540772,24.472871569134153,71.15583290540894,7.873181805113294,1010.6101770407354,3926.7919921668845,10.831865555454147,3.628261426482076
2023-01-01 03:33:00,1565.6652360515022,30.757375384737564,60.906075610894646,7.84325271293908,925.6847420840215,3791.2981915757773,10.869400830195671,3.54905712943374
2023-01-01 03:34:00,1567.381974248927,26.58250529299551,61.37237331025148,7.878962208334794,950.2581142911359,3918.8642529297854,10.845952227795221,3.6663839887728797
2023-01-01 03:35:00,1569.098712446352,25.001820618421938,75.04325927139283,7.855376697419165,955.3257365418718,3877.127532454066,10.993230119739838,3.7479207375881476
2023-01-01 03:36:00,1570.8154506437768,28.759049079387957,69.02284721903551,7.839845575182301,910.2837367525542,3814.5388147290328,11.054553124467622,3.8354645963062195
2023-01-01 03:37:00,1572.5321888412018,31.21878709932949,70.70770798727973,7.866385711142962,974.948631310444,3896.6226215753954,10.609429629195553,3.916342652047687
2023-01-01 03:38:00,1574.2489270386266,27.129375062194164,74.63800704318274,7.860937407783362,944.3725612309454,3861.95429194225,10.645183068139616,3.813668432893696
2023-01-01 03:39:00,1575.9656652360516,27.61906329000086,69.64875341626214,7.891079655277836,1019.7381434042345,3931.5762563950543,10.900020627936808,3.7409035607139676
2023-01-01 03:40:00,1577.6824034334763,26.267223255480996,81.3995456926101,7.961501033295819,955.1427328239207,3856.398456205628,10.911708243049393,3.783010463961962
2023-01-01 03:41:00,1579.3991416309013,23.623142365649464,74.24765385741941,7.976357602684588,936.143876761661,3951.222812232332,11.074208619937028,3.6946500927134327
2023-01-01 03:42:00,1581.1158798283261,22.06923636330856,71.89668170126568,7.8971733780551014,1007.0312895931368,3975.150968579583,10.774778904336403,3.66555250728259
2023-01-01 03:43:00,1582.8326180257511,28.624407002255133,87.14262502586868,7.860807916935468,952.5621006187596,3926.1835685622173,10.881067625485658,3.467294330123921
2023-01-01 03:44:00,1584.549356223176,26.043374281128727,64.60918352846048,8.116817007662162,989.204115956086,4132.453609942282,10.811010218391091,3.455241744391854
2023-01-01 03:45:00,1586.266094420601,27.152171664316253,67.4863126032259,8.154835023199658,961.9869162427718,4070.1282014236654,10.86197908484689,2.800452147088909
2023-01-01 03:46:00,1587.982832618026,24.972839316781748,65.67050123293308,8.130802179935541,941.2032434260808,3949.2290922852144,10.82902869724583,2.643112504810011
2023-01-01 03:47:00,1589.6995708154507,25.9372916133023,62.293163622445924,7.995191186598258,981.6432193790455,4066.162444162001,10.865299510634124,2.4086164910165704
2023-01-01 03:48:00,1591.4163090128754,28.10788209426895,74.60750046399727,7.8459696193952695,924.4627016962113,3700.9000426114167,10.692626538433734,3.02772154204697
2023-01-01 03:49:00,1593.1330472103004,28.560206392677568,75.82216444887989,7.665390817068712,897.5918158199038,3931.2411219344317,10.890813326743924,3.9756715422330933
2023-01-01 03:50:00,1594.8497854077254,21.759943946436145,63.528425798093274,7.375624942762873,945.325483738463,4053.4120384485545,10.74130460000739,5.148127639399643
2023-01-01 03:51:00,1596.5665236051502,31.59506403684296,68.34291277836375,6.987407126422767,986.8386091391831,4109.6824365350485,11.00671914440489,6.092868650848094
2023-01-01 03:52:00,1598.283261802575,29.916174526384513,73.88849692492641,6.633291483792381,970.6729728622273,3928.177897754616,10.948226262846033,7.515663578509349
2023-01-01 03:53:00,1600.0,31.659437256922686,84.33583347508026,6.163566128085687,987.0085278248215,4046.4068520052156,10.796634416648631,8.819038050678419
2023-01-01 03:54:00,1601.716738197425,9.139879592086585,111.43554422876065,5.700067099082908,950.674157534617,3821.1722679325007,10.8348004859011,10.02635813628639
2023-01-01 03:55:00,1603.4334763948498,15.521981520850362,120.17991565059701,5.268304920360153,938.6186847991748,3790.965276744124,10.802960336132298,10.94676543361345
2023-01-01 03:56:00,1605.1502145922746,16.68046827789342,96.72968533720197,4.844394382433546,922.559498023525,3884.5556290446184,10.799810373643266,11.840762307757082
2023-01-01 03:57:00,1606.8669527896996,17.018352027473345,115.2418786598472,4.446055263105753,991.972983000568,3933.940036341229,10.747219776485549,12.250254690499883
2023-01-01 03:58:00,1608.5836909871246,12.284257800744852,117.79914807495427,4.1345217124775075,958.5773640434231,3953.684775560361,10.818676817916716,12.950213262315657
2023-01-01 03:59:00,1610.3004291845493,11.417390102306175,119.34693060400106,3.830562132738025,970.135733150278,4117.175998093798,10.686298655283979,13.194857298431241
2023-01-01 04:00:00,1612.0171673819743,11.09038912911613,98.00621634790122,3.613955347941465,972.1479232941637,3990.3198676658662,10.762448145523505,13.541570478536237
2023-01-01 04:01:00,1613.733905579399,15.792028042508726,100.67136458891991,3.446130898345242,944.0456341900023,3845.5557960110427,10.547469723520457,13.436760933822214
2023-01-01 04:02:00,1615.450643776824,10.118671031027795,117.45181896149587,3.424199709314496,977.8215347454529,3894.5866221054343,10.723636655712228,13.630709820137094
2023-01-01 04:03:00,1617.1673819742489,11.754677670860005,121.294177171662,3.517570074172856,925.9594755744375,3684.8106928532507,10.95856342309621,13.165649518204509
2023-01-01 04:04:00,1618.8841201716739,12.212471519550574,96.67904705825569,3.7482648414146373,932.2594790982048,3814.139843743953,10.72424857043055,12.106812396277508
2023-01-01 04:05:00,1620.6008583690987,14.1813210880771,98.10644380075911,3.7137163989443915,1007.4963940642638,4074.6852416310176,10.790956282775545,11.681647825455997
2023-01-01 04:06:00,1622.3175965665237,10.881118680070667,127.31585550521716,3.7766829656620393,949.4825564959181,3923.5823567138327,10.846975609761529,11.60297901329784
2023-01-01 04:07:00,1624.0343347639484,12.11900941410444,119.2324848626067,3.8049401454256113,953.9708702939578,3892.812514112159,10.592611322171404,11.1974045435883
2023-01-01 04:08:00,1625.7510729613734,11.212197469445258,113.65143041263048,3.904956536809233,889.9851047202845,3801.4168980751797,10.782833400550865,11.931354280033672
2023-01-01 04:09:00,1627.4678111587982,15.03344013162212,107.2950523698665,3.984853503633026,1013.3669197387728,4034.608626152063,10.993824109239574,12.531539026714553
2023-01-01 04:10:00,1629.1845493562232,14.65071485167867,105.82646721319372,4.002032778929463,911.8634253447166,3937.4599286022008,10.817235262153563,13.484971860174184
2023-01-01 04:11:00,1630.9012875536482,16.23578629889349,113.00629206333208,4.099116815811543,995.664333720467,3965.348924607915,10.621262791929988,13.8870917634571
2023-01-01 04:12:00,1632.618025751073,11.666949792625475,96.49327113369712,4.1738256785139445,929.4200275708552,3834.686304789171,10.91623434350294,14.786358306930838
2023-01-01 04:13:00,1634.3347639484978,14.46659970684905,109.94925038253459,4.181303741028074,961.4149942751386,4152.580386921552,10.89903414977853,14.733433598730729
2023-01-01 04:14:00,1636.0515021459228,14.831519562541809,136.2894520204871,4.276133317123287,1001.4114157372624,3820.451317042196,10.849145168184878,14.817744205786187
2023-01-01 04:15:00,1637.7682403433478,9.271307644296462,107.64090280590449,4.296826583661985,967.6924463088163,3966.938425765569,10.69004934089476,14.585637249815743
2023-01-01 04:16:00,1639.4849785407725,14.780583551890288,118.43352481680374,4.274115401934268,895.0723466172768,3914.8668579141545,10.787737210893752,14.348258799616978
2023-01-01 04:17:00,1641.2017167381973,17.050476632345358,109.94674437586768,4.287276023222934,981.7346482288225,3864.7805652572983,10.759153415332984,13.708889330314388
2023-01-01 04:18:00,1642.9184549356223,15.130672500645169,109.14749247077815,4.225821155478531,940.1164320598114,3859.279385134468,10.656950123331839,13.59602297409381
2023-01-01 04:19:00,1644.6351931330473,13.608832645488194,120.74883300316685,4.130430519006459,946.4166469919619,3811.8365808141966,10.99023469078995,12.917618399587006
2023-01-01 04:20:00,1646.351931330472,15.03813516303519,96.27277820712574,4.074335469961027,966.6798939572174,4104.5039054931,10.889510844660062,12.674767147912924
2023-01-01 04:21:00,1648.0686695278969,10.264730341173092,124.65035775801613,4.1121560965795805,990.5234359586437,3823.8544648887228,10.713813382193898,12.502709112964142
2023-01-01 04:22:00,1649.7854077253219,14.256565788701334,92.84953684836523,4.0311755621813,976.5462344062053,3917.0415751856094,10.968078909994984,12.382160339675787
2023-01-01 04:23:00,1651.5021459227469,15.11968513372052,123.98802910108654,3.9291587737974014,977.3823282104895,3931.231748210227,10.828281415707243,11.706054848982092
2023-01-01 04:24:00,1653.2188841201717,8.653529907427624,100.24534865661934,3.8617426856499306,1021.5017793408924,3949.182385454898,10.712450854275247,11.114340450281206
2023-01-01 04:25:00,1654.9356223175967,11.106981975665054,117.9438803729088,3.81810014881354,876.8641192011569,3851.6762058613876,10.8890024348116,11.474366447340078
2023-01-01 04:26:00,1656.6523605150214,14.927243943051469,97.45955528583991,3.795539228746049,984.664692151105,3879.1766472607537,11.031685778533934,11.538538391307569
2023-01-01 04:27:00,1658.3690987124464,13.487568162940011,109.25867016024321,3.7693666908342562,935.2592852595392,4007.2039029089156,10.844314097754943,11.87370405816827
2023-01-01 04:28:00,1660.0858369098712,13.979547005763795,122.10896419156144,3.724509148851534,958.3766081080604,3863.3620039614057,10.986833575330476,12.595484037908374
2023-01-01 04:29:00,1661.8025751072962,11.30966298993338,96.03767578786713,3.7401117735304927,1005.1715673006532,4138.0450575253,10.80656059393148,13.136689917440746
2023-01-01 04:30:00,1663.519313304721,15.221742055321181,111.65164334012073,3.6932555967787657,933.626679815225,3793.6364390641247,10.830971910767383,13.414445444411525
2023-01-01 04:31:00,1665.236051502146,9.253631877583173,100.14976671496795,3.736084347617811,958.9424061840035,4021.1949622325415,10.95614190732258,13.360320703950016
2023-01-01 04:32:00,1666.9527896995708,13.589386130999774,113.35818450746466,3.691108833720882,1025.0834169237037,4061.4026068272474,10.836818236609894,13.21198086766751
2023-01-01 04:33:00,1668.6695278969958,12.083986205149836,116.41002731185753,3.79394791638531,963.630306843993,3956.3166461814358,10.778231345174236,12.975816954371531
2023-01-01 04:34:00,1670.3862660944205,13.690056765492235,113.512863641983,3.892418989439884,975.4931280722534,4019.5649870208545,10.77614487435452,13.28123808478921
2023-01-01 04:35:00,1672.1030042918455,13.191040739418655,106.09429997285633,3.894839194456579,1050.0,3892.290094808722,11.077367779054011,13.415233923752508
2023-01-01 04:36:00,1673.8197424892705,10.926756038861102,126.03658352474079,3.916950066734219,911.4023407722352,3849.896918483797,10.90185906731902,13.072427268928115
2023-01-01 04:37:00,1675.5364806866953,9.91201010672315,121.83280121141136,4.023545862904022,935.0279773098828,3876.061958484581,11.031156783271324,13.562412438902859
2023-01-01 04:38:00,1677.25321888412,13.85445856067008,90.06841397405528,4.025196747761906,918.529870339747,3929.065276685996,10.695011524366885,13.725820894703213
2023-01-01 04:39:00,1678.969957081545,13.455696505391082,107.51799814337797,4.030762735139666,930.7091715379103,4013.2264012457676,10.833052188758021,13.536320940918369
2023-01-01 04:40:00,1680.68669527897,15.039449609978796,113.14190436867625,4.105234670924817,936.8887050380581,3945.990178708393,10.812665091499674,13.819706399491624
2023-01-01 04:41:00,1682.4034334763949,13.279931064545975,120.24413280463929,4.094410551141938,938.5871904826367,3940.3995749889614,11.048476826191427,13.764757328744487
2023-01-01 04:42:00,1684.1201716738196,17.23508437376892,103.49574870176383,4.041435089962437,954.411030958686,3844.841294725317,10.761375152658525,13.612077388849832
2023-01-01 04:43:00,1685.8369098712446,12.7114939890053,108.60933930251609,3.969799203447176,987.7572146207281,4060.093100514825,10.979580813141679,13.656393877577942
2023-01-01 04:44:00,1687.5536480686696,13.541686802784634,113.57775863098159,4.053315720963274,983.5165524968049,3982.0238005491033,10.888275532394342,13.749704913492769
2023-01-01 04:45:00,1689.2703862660944,11.806589024765566,94.06465041864872,4.028745066805351,974.5255773127104,3971.8113329266694,10.831475057630971,13.41529661791744
2023-01-01 04:46:00,1690.9871244635192,18.263667074567646,120.38093830407216,4.055061718916318,983.6945162480066,3991.581034485431,11.002094173413797,13.852105118582681
2023-01-01 04:47:00,1692.7038626609442,9.359295790345714,109.936739547065,4.021635490034548,903.7974911167886,3800.360625423783,11.122737968539731,13.925355032043196
2023-01-01 04:48:00,1694.4206008583692,12.369132274241544,91.10887220484766,3.9145509736979793,959.6331255359108,3961.379127444871,10.97226864903937,13.418199320084689
2023-01-01 04:49:00,1696.137339055794,13.10025554795206,122.07063511260017,3.850165429965436,963.0543697837854,4142.807230518371,10.911342095368292,12.858034993056288
2023-01-01 04:50:00,1697.854077253219,9.892044915950386,113.30654941954316,3.7848597004918307,935.2412067889791,3972.374891713481,10.9941863056307,12.375591903024665
2023-01-01 04:51:00,1699.5708154506437,17.44155733212567,93.75736504379084,3.822142982751367,976.000720119899,4049.653031062441,10.774018574503101,12.262089356536382
2023-01-01 04:52:00,1701.2875536480688,12.05869394035208,115.2397658326809,3.8422742840466046,945.6241266475964,3898.658494101473,10.604348318103487,11.965004455413588
2023-01-01 04:53:00,1703.0042918454935,13.284400422339044,103.83935896824553,3.8313038515116036,928.2840268708887,3851.976670335308,10.906975822220348,12.43765806127013
2023-01-01 04:54:00,1704.7210300429185,9.030627317886385,106.25977890232029,3.8504011560447142,974.2383038289918,3805.6572327160034,10.920062953747761,13.240404124102746
2023-01-01 04:55:00,1706.4377682403433,15.790204745940908,114.72722918148264,3.8564692097672313,965.7867596067223,3800.2962493522064,10.849537375789758,13.824522925981473
2023-01-01 04:56:00,1708.1545064377683,12.198356531850541,100.15610096245398,3.9295644549177533,962.2302332222181,3974.482215302913,11.070354933808542,14.291166385906418
2023-01-01 04:57:00,1709.871244635193,11.570576799636674,109.23150719009024,4.014953745277133,937.065666708847,3914.712056813745,10.802606482869068,15.200066635524596
2023-01-01 04:58:00,1711.587982832618,11.870623111377704,110.99221760094537,3.960806706312826,921.5190022036479,3776.3432058665626,10.90365744945585,14.81381335502861
2023-01-01 04:59:00,1713.3047210300429,13.447189991599739,124.14814775135875,3.9474052697559014,1022.7433477179807,3990.3961646694625,10.996387954241566,15.269686230466561
2023-01-01 05:00:00,1715.0214592274679,14.872106429926054,100.27050657985004,3.955963495446272,990.1993987287688,3885.0678337332233,10.915667064801715,15.805254895166753
2023-01-01 05:01:00,1716.7381974248929,12.536997379410748,120.55596541847541,3.976360986264882,954.7271737754324,4054.6350821491005,10.69972495869766,15.50056072979864
2023-01-01 05:02:00,1718.4549356223176,13.39037374680732,119.58639986627016,3.988046513466998,979.4820578555685,3883.073479186978,10.961334884102401,15.456552201226508
2023-01-01 05:03:00,1720.1716738197424,16.276283394049056,98.06570193344511,4.035276787479396,955.4452153250526,3762.9983478274808,10.94758860101148,15.944566878275332
2023-01-01 05:04:00,1721.8884120171674,12.081166399911275,97.87942014472995,4.200405830623215,1024.54339434495,3908.685272294088,10.806068184387984,16.02059584074673
2023-01-01 05:05:00,1723.6051502145924,14.682760274988588,112.39355785448628,4.158184898845368,904.1239959472214,3749.9036542205486,10.839142198481762,15.674552169480403
2023-01-01 05:06:00,1725.3218884120172,11.63067140670095,95.91047208891538,4.199650632832547,973.210354676623,3890.071423604919,10.772282111376219,15.707894754716435
2023-01-01 05:07:00,1727.038626609442,11.383274436340267,128.95696949887991,4.169678002193011,919.3427660902911,4047.766483860798,10.939505948836544,15.450026162699984
2023-01-01 05:08:00,1728.755364806867,17.286129423393106,118.12727792932935,4.120109943903752,955.2715364549658,3832.6759739068284,10.91851462581732,14.766919844429243
2023-01-01 05:09:00,1730.472103004292,14.542376522658234,96.27623811228275,4.138040643393921,959.2089181999226,4026.175371981826,10.8925657213911,14.11164927057797
2023-01-01 05:10:00,1732.1888412017167,16.59237828685383,100.3976587755261,4.169242964003571,919.3900882679591,3737.066574059047,11.000446562159457,13.792400474642758
2023-01-01 05:11:00,1733.9055793991415,13.594391370480402,118.18567468911826,4.160378199029164,1000.7793813478112,3959.220414703748,10.889401557337264,13.555459541091714
2023-01-01 05:12:00,1735.6223175965665,18.919863485732645,106.46571336566036,4.109456716295419,964.7174254225623,4134.942301756921,11.00901251623808,13.413766420502936
2023-01-01 05:13:00,1737.3390557939915,11.857341169217976,102.50391467715171,4.073676633913718,956.7884625859722,3886.081003013157,10.757554301721608,14.009791064761757
2023-01-01 05:14:00,1739.0557939914163,12.540194767626138,96.36300213696657,4.081831169547018,889.2233607429943,3811.3904553355605,10.835756697321795,14.665349539615711
2023-01-01 05:15:00,1740.772532188841,14.159205774733188,98.72846743312529,4.087010729901915,921.5471016193745,3935.8228056428043,11.041408822495606,14.570838857915964
2023-01-01 05:16:00,1742.489270386266,15.126685758126767,100.46968242308222,4.0884033587180095,920.173407683757,3948.443082649686,10.900078751303463,14.942834935090913
2023-01-01 05:17:00,1744.206008583691,14.749483867118965,108.21002112872588,4.052314342150969,901.7195086464684,3984.4662570813944,10.76920673682956,15.006326068631935
2023-01-01 05:18:00,1745.9227467811158,15.094633609461612,108.63362835294517,3.9971588689177517,960.8551936870617,3998.588251444794,10.762034072764878,15.294044881194763
2023-01-01 05:19:00,1747.6394849785406,14.233183917256467,116.00389453303985,4.086012100153614,951.9789263581907,3899.6748689417886,10.822020610385406,15.995376520707026
2023-01-01 05:20:00,1749.3562231759656,12.922611734272477,112.6300044204574,4.0624930835325594,991.8636986518464,3909.995548248911,10.726604015712907,15.958323050689666
2023-01-01 05:21:00,1751.0729613733906,14.167500640482745,116.92453003654502,4.097135292559383,995.5106948777653,4172.99201417811,10.983147932546439,15.71135663760263
2023-01-01 05:22:00,1752.7896995708156,16.88530128332641,92.52288308855546,4.043627512519602,952.6535727199965,3845.871048924498,10.632474739219797,16.03025614706945
2023-01-01 05:23:00,1754.5064377682404,14.053796081227933,99.07162950753076,4.097385297213411,1002.772522896241,3994.1980652876105,10.865505867063714,16.194678348099615
2023-01-01 05:24:00,1756.2231759656652,13.156106188772705,97.67147247275528,4.117927627368443,889.7970352903908,3901.1984384982375,10.927470209357978,16.215997816781083
2023-01-01 05:25:00,1757.9399141630902,17.2768695817708,107.2187048717996,4.089505939771138,1007.2633488326902,4106.804672500439,10.960476750376552,15.999547916479495
2023-01-01 05:26:00,1759.6566523605152,18.411204356308755,105.6685353543645,4.089469879321565,959.9314794412494,4060.3823504341312,10.744012042053221,15.669700393572274
2023-01-01 05:27:00,1761.37339055794,13.195291189012405,115.20260043891412,4.0360493958128,984.4637536609324,3837.5109836250685,10.7269116376911,15.349518012656743
2023-01-01 05:28:00,1763.0901287553647,13.126232836007832,95.79365275865926,4.030572354358883,938.4275351386707,3855.0583764009007,10.896946868209156,14.833086251759676
2023-01-01 05:29:00,1764.8068669527897,10.039506904219266,106.3293974208224,4.027231166019575,965.9573364798746,4056.1968384045385,10.863388846191086,14.320891870348532
2023-01-01 05:30:00,1766.5236051502147,16.343319635831985,101.6561794345684,4.011717854649578,968.336309623262,3928.1553817355316,10.830888370957762,13.877897268635094
2023-01-01 05:31:00,1768.2403433476395,13.446956014436754,109.72679893520868,4.009862355957047,982.8156102085129,4036.035934821355,10.619785885389135,13.583996252266878
2023-01-01 05:32:00,1769.9570815450643,13.589481261389738,110.58489652691809,4.036150096228147,923.6220752653815,3965.9090718457123,10.706490600989781,13.471722093985186
2023-01-01 05:33:00,1771.6738197424893,17.19819978376834,126.46583827100245,4.050585485436127,926.4117049093883,3992.089869884641,10.936387566071353,13.26898179658819
2023-01-01 05:34:00,1773.3905579399143,13.24397861579195,110.72158544296288,4.014119535455588,936.0666123464637,3961.034948242917,11.136751969918153,13.004890005651704
2023-01-01 05:35:00,1775.107296137339,11.41826803706408,110.62208910073093,3.9799928156922024,934.7483799956228,3886.2662844384504,10.883879367777897,12.428070245368392
2023-01-01 05:36:00,1776.8240343347638,12.151306514674141,98.60975321383842,3.9518243417185417,948.2462725094928,3883.870678287374,10.88547923183991,12.622222183497483
2023-01-01 05:37:00,1778.5407725321888,14.780810252497398,101.63863588008762,3.9630733440799295,991.6321721715608,3939.7532570533513,11.069220402938637,12.269528968930782
2023-01-01 05:38:00,1780.2575107296138,12.09646710131922,107.24940969344443,3.949005832529764,965.8686373679772,3826.964332915634,10.907551603261911,12.48326779066088
2023-01-01 05:39:00,1781.9742489270386,14.539214131045034,103.84897190416663,3.995424202621991,978.4052517194448,3779.6281292238104,10.929611087970049,12.360821050093824
2023-01-01 05:40:00,1783.6909871244634,12.448436804206555,91.51309588082378,3.9492500204210828,993.551655045938,4147.099207327534,10.990084968214664,10.098616836484855
2023-01-01 05:41:00,1785.4077253218884,14.111063078998889,114.9553204813765,3.881419393362904,898.1732540681132,3851.3791290032004,10.865346514443177,7.855057107230233
2023-01-01 05:42:00,1787.1244635193134,11.139942022647054,116.64617353444244,3.9149701358796634,918.0492241427075,3755.9586052917352,10.860757498200197,8.914089609039454
2023-01-01 05:43:00,1788.8412017167382,13.411469453612366,100.26396089376617,3.878630234817065,935.3997402005691,3942.906021889794,10.904034789972203,11.433725881848272
2023-01-01 05:44:00,1790.557939914163,14.122603969488672,96.91909996886142,3.8589132600754055,916.8068320051998,3864.2123210761524,10.910277370317145,13.152796309820912
2023-01-01 05:45:00,1792.274678111588,12.590492921809531,117.69646969895513,3.795265539490904,922.3449783768597,3765.98098817152,10.962413728249237,13.81934674447384
2023-01-01 05:46:00,1793.991416309013,14.027248294365855,107.86838498356289,3.697568086986028,1002.6831123540443,4089.748991676739,10.896099535664234,16.10847256129693
2023-01-01 05:47:00,1795.708154506438,13.650229362555388,103.6306539213501,3.608046908078051,989.487061313451,4019.560388334681,10.79481078836073,20.496205984362685
2023-01-01 05:48:00,1797.4248927038627,10.402394378021258,103.08943992068616,3.6165439037454883,949.6142207433512,4040.1372309453236,10.768705833818936,26.34135092555321
2023-01-01 05:49:00,1799.1416309012875,11.152250594557524,106.9294223924429,3.5316865576237046,1031.4751455735668,4023.5341258627027,10.892253745550914,30.406874419738905
2023-01-01 05:50:00,1800.8583690987125,9.25106601406273,97.21634967228074,3.5052876947940828,993.6578259392955,3815.31906741581,10.932979923938818,34.18820888066733
2023-01-01 05:51:00,1802.5751072961375,12.419623286104066,128.96840374008488,3.4751556121274043,1009.1948647419679,3996.0531885804467,10.753120451567696,38.42827428405355
2023-01-01 05:52:00,1804.2918454935623,6.396829978885172,141.54539232470898,3.458773398066009,960.6876229965911,3779.5322037857914,11.014648729908071,41.83648170524671
2023-01-01 05:53:00,1806.008583690987,7.128933846374291,139.9381206405509,3.412798905183416,956.7002973290618,4032.297689208442,10.804537341564782,46.48872190964941
2023-01-01 05:54:00,1807.725321888412,9.836349622676295,124.11837942344161,3.3551732335124766,949.6801043107952,4042.763002676953,11.030148091226627,50.16873438058106
2023-01-01 05:55:00,1809.442060085837,14.362202635289217,117.30855198280722,3.3122779033472978,964.4874364208376,3891.1044943039838,10.852608000330958,52.89065491675389
2023-01-01 05:56:00,1811.1587982832618,12.001148604055471,141.39293456574836,3.32106227944672,967.5056444806276,3936.242046562608,10.990093252235344,56.67868237855479
2023-01-01 05:57:00,1812.8755364806866,8.19092819229462,142.33032569969646,3.4493175583864737,943.6313609768126,4084.557674158511,10.941099234190819,59.18005693609903
2023-01-01 05:58:00,1814.5922746781116,7.9924479633738805,115.36615570200216,3.5315700310418716,923.9207794204643,3847.907228725887,10.797485652579267,61.59980594294913
2023-01-01 05:59:00,1816.3090128755366,12.100891439947777,136.69339286910716,3.599864421137392,964.1034081895997,4030.9945666947206,10.865232835499192,61.113816846982274
2023-01-01 06:00:00,1818.0257510729614,10.877169679039405,112.19178463110354,3.645832895528918,1045.9238804356673,3932.302698690938,10.877632364423027,58.08535610622644
2023-01-01 06:01:00,1819.7424892703862,11.356124437777966,124.97939021470245,3.6943415827644746,964.4326392306305,3902.328189551409,10.780203547710766,57.24754429487022
2023-01-01 06:02:00,1821.4592274678112,11.577149948093092,137.9539166561897,3.7364199049373052,991.0644651736751,3807.754377670438,11.108773193198985,57.79717194184352
2023-01-01 06:03:00,1823.1759656652362,10.260179451792386,123.00464037968919,3.684053737172591,960.6746877305625,3802.2127122292277,10.872258689184072,55.77783088666179
2023-01-01 06:04:00,1824.892703862661,11.81573994752939,115.3743185267804,3.6863113673960797,952.6471686771852,4010.398710093184,10.790228984115634,52.42035779750317
2023-01-01 06:05:00,1826.6094420600857,11.370031526179238,127.23154496027658,3.673333244645569,980.7638878208322,3978.2178244011657,10.883755862270052,50.44244379885572
2023-01-01 06:06:00,1828.3261802575107,11.807081693061333,141.25708093957775,3.6570268940986166,940.0899118049554,3941.9293117779393,10.902211214599388,50.25609791088651
2023-01-01 06:07:00,1830.0429184549357,8.780639282260159,111.61424675604962,3.616935580194599,986.7524568731175,3855.1673529945083,10.795418458965857,49.32987215924413
2023-01-01 06:08:00,1831.7596566523605,8.59496032425316,115.62181156975606,3.6005489676173847,934.8588039936927,3902.7148109247705,10.916699264000826,48.273532171857404
2023-01-01 06:09:00,1833.4763948497853,8.429815891474039,114.71610847665767,3.4871170996030716,921.0938138525914,3955.000357793474,10.888973631762674,44.26756217259618
2023-01-01 06:10:00,1835.1931330472103,9.114067622232035,127.83805599011714,3.53933686743519,964.9726641615381,3920.175299502175,10.87312762955729,42.318057284527015
2023-01-01 06:11:00,1836.9098712446353,6.688037545820615,135.86486018018232,3.4965102095863774,934.1957853651828,3925.6023423913643,10.835530732328621,41.73834442642492
2023-01-01 06:12:00,1838.6266094420603,9.824251856522524,118.195066081903,3.460795562256688,1017.8331140021157,3972.391735115652,11.027635319126192,40.29442359291124
2023-01-01 06:13:00,1840.343347639485,7.97509000561795,136.0963313014682,3.425934725754045,923.5940494522923,3759.1036774445784,10.95250435095009,41.05377539953133
2023-01-01 06:14:00,1842.0600858369098,7.629220016446426,107.39747441879975,3.3426537062676527,959.0968424062529,3979.1946154403954,10.97672159869547,39.14915620724939
2023-01-01 06:15:00,1843.7768240343348,8.914646536698978,130.7797676087568,3.3466585271054416,978.2411735967055,3886.8713566786205,10.904528338425106,40.40922466759483
2023-01-01 06:16:00,1845.4935622317598,8.214156174719355,130.69134996979244,3.386414636016357,947.178589166264,4019.9466538586307,10.856659036463054,42.72376645481389
2023-01-01 06:17:00,1847.2103004291846,11.002338449926341,129.85454539916196,3.5213584514157654,931.2828763167528,3791.517244947323,10.930096399434513,44.15359206120254
2023-01-01 06:18:00,1848.9270386266094,9.841883125152474,97.92395827230217,3.4971508807550764,961.3457168257521,4054.971841181717,10.925080798126887,44.79476681490944
2023-01-01 06:19:00,1850.6437768240344,9.941256405384388,128.87748215853313,3.4984448597215048,961.977564356656,4016.4273843057667,11.047796767965158,43.86752859263105
2023-01-01 06:20:00,1852.3605150214594,8.035041658728582,108.87872568771836,3.530075997337218,1003.6357655975069,4101.595707136725,11.001782955416134,43.678725348784354
2023-01-01 06:21:00,1854.0772532188842,9.679975495549442,108.0991314574765,3.442215055022781,962.7080407596153,3813.191752361264,10.972903919682945,43.918045322086165
2023-01-01 06:22:00,1855.793991416309,8.468231906757111,130.69024761053845,3.3698369203843175,967.9076827312765,3774.280867840266,10.93082837269232,42.7181934248597
2023-01-01 06:23:00,1857.510729613734,9.187117192633222,138.83638942082644,3.343417774490355,949.9282203361465,3773.6590900699,10.764087724337132,42.19942811072305
2023-01-01 06:24:00,1859.227467811159,12.126962300779748,129.98194226401,3.361204791728877,950.0719544315715,4008.343281269123,10.918392282140191,43.75131393320552
2023-01-01 06:25:00,1860.9442060085837,11.026661732888009,104.90834529785673,3.3290060727542086,963.263750233431,3752.6951545129828,10.840068575858952,43.63478317242423
2023-01-01 06:26:00,1862.6609442060085,10.373667005079216,118.42544939985689,3.287991241656278,880.468229185463,3902.003325633303,10.782872110756216,43.34907986397539
2023-01-01 06:27:00,1864.3776824034335,8.17626241832912,119.02447285004311,3.251445836229304,1023.9535131117423,4003.892129251507,10.917958783041945,42.37620620998518
2023-01-01 06:28:00,1866.0944206008585,8.93794982755867,104.73739272879108,3.2523995670181187,947.3615753643948,4008.3206155417242,10.796129031074171,41.592922967554316
2023-01-01 06:29:00,1867.8111587982833,7.898712196540509,119.08630818686613,3.2432054316520613,989.7849249804248,3890.455467827605,10.956603996430246,38.893139913959786
2023-01-01 06:30:00,1869.527896995708,5.773326808466914,124.84951487559145,3.32264757199457,990.0352630881963,3879.3483188792366,11.083698199914677,38.33783935814276
2023-01-01 06:31:00,1871.244635193133,10.615586325953798,115.96813737143046,3.2338942244499247,977.5434415564055,4001.5741122885165,10.983964487978646,38.55339476470423
2023-01-01 06:32:00,1872.961373390558,8.787446518590544,134.82600562310546,3.195795008233875,987.8296372437003,4203.723184372367,10.892063580310095,36.972542704844514
2023-01-01 06:33:00,1874.6781115879828,9.958294738051778,119.54041590325419,3.2620152646817067,955.7506013466477,3901.570624983731,10.799000673120576,38.106075802471125
2023-01-01 06:34:00,1876.3948497854076,5.859363526380901,129.93325429033422,3.2315779874819763,992.7163671030721,3873.6484688446353,10.898336841615071,36.9043156753464
2023-01-01 06:35:00,1878.1115879828326,7.972386409271029,126.46033323282393,3.2805896406785973,941.6485530220608,3882.389423691943,10.889343146202368,38.140667305218614
2023-01-01 06:36:00,1879.8283261802576,6.7587424062306045,117.34359636771406,3.3246647452919498,963.07009925843,4006.7899105939337,10.746750992937644,38.17755536667012
2023-01-01 06:37:00,1881.5450643776826,9.049606770240487,100.87885180895,3.4050336857718806,1000.5539036622727,4233.767375564597,10.881646071336633,39.838204741001334
2023-01-01 06:38:00,1883.2618025751074,9.977680211738127,104.44643836402106,3.3828959690920324,994.5812243004845,4002.991084286433,10.93257881005665,39.1290690743531
2023-01-01 06:39:00,1884.9785407725321,11.330671400867054,125.78950968986183,3.381648510996341,982.1514698227612,3874.687661548129,10.930233351983212,41.0060272501806
2023-01-01 06:40:00,1886.6952789699571,9.423916132621722,113.01165587556517,3.387876510384977,952.9838944775282,4036.9392148362153,10.764636674360672,43.02620416649093
2023-01-01 06:41:00,1888.4120171673821,8.96232205181942,115.6588345711984,3.297028428474217,986.7922547793096,4003.638601060656,11.076288686406976,43.00934022533696
2023-01-01 06:42:00,1890.128755364807,12.170077695577763,106.21986383177628,3.3521244078059733,936.6419277390687,4010.2260431604427,10.976850989073936,41.992303389620254
2023-01-01 06:43:00,1891.8454935622317,6.90865099436056,99.38366326304634,3.307126025529999,984.6146439576885,3911.821869946052,10.858246414899348,41.76444159819769
2023-01-01 06:44:00,1893.5622317596567,9.45708209048286,123.86304039933883,3.3444135930144014,936.6584273139603,3948.678727887057,10.915702576638095,43.40072537543955
2023-01-01 06:45:00,1895.2789699570817,8.933327429339915,125.67039629523768,3.3214322530566074,938.3380706131377,4139.166775419984,11.089293518576962,42.10569856886653
2023-01-01 06:46:00,1896.9957081545065,10.196647747934646,123.34402732929294,3.347390973237804,965.4822677089036,4027.5083297027277,11.000701692508578,42.1763751583719
2023-01-01 06:47:00,1898.7124463519312,7.382202212858553,111.79548331306297,3.336903700662637,938.1736634861983,3900.836477431997,11.053758437716583,40.66139198397348
2023-01-01 06:48:00,1900.4291845493563,9.986032150432862,131.4477086926977,3.3220278040400606,988.8070226533,3806.325536009964,10.97924405821715,38.69046222391437
2023-01-01 06:49:00,1902.1459227467813,11.237497935512897,101.4668957029067,3.295421189620331,980.4939552677267,3816.8839396373014,10.835027884895155,36.700244995064324
2023-01-01 06:50:00,1903.862660944206,5.0,104.3902075472225,3.309632346512806,910.8408669372716,3852.588211127973,10.995639124851687,36.472349510377406
2023-01-01 06:51:00,1905.5793991416308,8.602863291775792,115.84067205847646,3.2508932919938176,931.6981826806121,4092.6277314429653,10.797833290380874,37.02684395554841
2023-01-01 06:52:00,1907.2961373390558,8.589063226321137,112.39801414079884,3.261490047892921,951.6058485334775,3986.7138588375155,10.836423268871894,36.441104451812684
2023-01-01 06:53:00,1909.0128755364808,10.018540984940373,120.61300574489432,3.3328842045780003,1003.7846881487372,3943.941659484281,10.9314546981694,39.23110823451307
2023-01-01 06:54:00,1910.7296137339056,6.184968670155209,123.12285479273473,3.2270977687636666,968.5576801230989,4109.997048982758,10.984558474387981,36.981068691048215
2023-01-01 06:55:00,1912.4463519313304,8.988826132737152,120.13696244655563,3.3115365947910815,964.3172405084407,4016.2324521560213,10.773868819466834,39.00533997067585
2023-01-01 06:56:00,1914.1630901287554,8.270773266068616,121.86446533679366,3.311441627872181,969.0277116738935,3934.643882178167,10.97664953081214,41.7972508490954
2023-01-01 06:57:00,1915.8798283261804,7.961202551887983,114.51987883888914,3.3529112550557825,952.7630496085656,4066.6697271996336,10.971344206207306,44.15004649414808
2023-01-01 06:58:00,1917.5965665236051,9.019214093755146,123.82921291550505,3.3679107560478867,990.6956648621518,3795.5292387570516,10.931798059027367,44.30086479702548
2023-01-01 06:59:00,1919.31330472103,11.542936225760885,102.29923954321474,3.373826059235497,963.813571967296,4221.629604416062,10.820942938275007,46.05694909955234
2023-01-01 07:00:00,1921.030042918455,9.284443801407784,108.03271318701198,3.374565035303243,1024.2815987273934,3927.796403465637,10.954195838619027,46.14009042633543
2023-01-01 07:01:00,1922.74678111588,10.056674706021505,126.74166183903472,3.4099259098769465,999.2668737347227,3818.562129111999,10.78906974873871,45.48307939428776
2023-01-01 07:02:00,1924.4635193133047,11.241997279964085,130.4545605803513,3.437610382236886,925.464096348915,4042.7377402731363,10.726995457462856,44.417543108397155
2023-01-01 07:03:00,1926.1802575107297,6.769251904842204,132.6342829658828,3.393127024177722,1011.1162261722943,4103.881634677442,10.82690439927053,42.9741362624369
2023-01-01 07:04:00,1927.8969957081545,11.551912563587711,126.14227104913422,3.432404153620853,1037.8699410380918,3976.9195523638045,11.011127423643547,43.73214317987076
2023-01-01 07:05:00,1929.6137339055795,6.129430414331737,142.7554048910405,3.454245799053355,1017.6718426704866,4005.153621859923,10.952842638865047,42.18140355996526
2023-01-01 07:06:00,1931.3304721030045,7.838687410473794,109.1757401835437,3.499425490026662,996.7098672474925,3772.461322704546,10.974393651261305,42.57338625572089
2023-01-01 07:07:00,1933.0472103004292,11.486562248095446,103.6936765049332,3.443624532173224,875.9029277027341,3914.0270937848436,11.052537876275265,41.11371106192928
2023-01-01 07:08:00,1934.763948497854,7.504410103705901,107.38555797150805,3.4966484344874025,961.7387083372791,3956.5010370951427,11.033551539739507,41.46847569169656
2023-01-01 07:09:00,1936.480686695279,11.394566838296642,109.98677268500884,3.4918600801399156,999.2108365267168,3772.485086620461,11.096204782880921,41.171249771021216
2023-01-01 07:10:00,1938.197424892704,9.906729280963589,103.96514922172744,3.499937666916538,935.8969650903848,4042.2829987182,11.019462203483325,42.78684459288965
2023-01-01 07:11:00,1939.9141630901288,8.669312607685676,107.35732973897812,3.5204490033639693,965.2110913940783,3900.53588777214,10.788471322987006,43.866166052088545
2023-01-01 07:12:00,1941.6309012875536,9.33043786137561,97.01093392634051,3.6059719385178335,974.6425401467351,3914.7934123423042,10.94240194964461,46.13666193318751
2023-01-01 07:13:00,1943.3476394849786,11.453538349511936,103.89634928634804,3.5965332853700915,990.5832479708938,3890.877096456322,10.93944267201282,48.04564483844449
2023-01-01 07:14:00,1945.0643776824036,11.32831271927229,108.85892991909814,3.620607912710357,1038.634733877694,3962.1548363365623,10.868372886193336,46.709735562490245
2023-01-01 07:15:00,1946.7811158798283,9.484378079157771,134.64977948904527,3.69618962692859,994.5255706645054,3945.294384007882,10.903672315578818,50.67382988392061
2023-01-01 07:16:00,1948.4978540772531,9.868138322545189,106.24460369750788,3.6576677686061023,998.8262330405912,4007.3154823837144,10.889999757601153,51.682234500977685
2023-01-01 07:17:00,1950.2145922746781,12.389628743201284,125.05907874767222,3.696905949594876,979.8853397526036,4169.355605321118,11.084951291980872,51.400380162859676
2023-01-01 07:18:00,1951.9313304721031,8.724354660688617,105.65195256875299,3.628252405059705,988.3039539738653,4144.520968774734,10.855336966602671,48.35552148573712
2023-01-01 07:19:00,1953.648068669528,11.005333384403256,124.10874208198223,3.583585388972132,961.9932076493205,4010.3723220027177,10.89658788348657,48.979777266738246
2023-01-01 07:20:00,1955.3648068669527,8.82684519291085,116.74782763595206,3.555145108391957,963.278449360717,4063.8112393263646,10.964528653787756,49.30725695422384
2023-01-01 07:21:00,1957.0815450643777,9.510622255625432,134.26245619225674,3.580475604901245,972.7708569196284,4017.477241971781,10.820904361920059,48.70902188780122
2023-01-01 07:22:00,1958.7982832618027,6.682780148112166,129.00361446080083,3.5060157726000063,953.7461469124762,4192.804286641995,10.945214144430425,47.57507550177184
2023-01-01 07:23:00,1960.5150214592275,10.704566097397027,132.69416770822227,3.4044276518176,943.6629090297348,4038.852166146229,10.964366405761337,44.90342070767963
2023-01-01 07:24:00,1962.2317596566522,9.12807585890764,120.05485188974606,3.362779698293509,984.8264093031331,3988.798397961516,10.836832208662925,45.33553272050105
2023-01-01 07:25:00,1963.9484978540772,8.443484893090226,100.22317548078544,3.3241021865481324,945.5376954810162,4119.008158082206,10.900011100978567,44.22437097253636
2023-01-01 07:26:00,1965.6652360515022,9.399037410489795,116.99657346685238,3.2952641493295958,989.6006804359957,3874.332487056504,10.735477497083298,42.769867196778236
2023-01-01 07:27:00,1967.381974248927,7.9291765091232485,126.88407738646457,3.2702574392147303,940.8837206993851,3908.3589341585434,10.91966158872934,40.58765128316361
2023-01-01 07:28:00,1969.098712446352,12.871528921886966,131.1752357909957,3.292832580058604,957.2577349522497,3766.4984078404595,10.819891547778795,40.62082300169841
2023-01-01 07:29:00,1970.8154506437768,7.792188585705283,112.84952614320515,3.1748388239102483,982.6596939732412,3998.304219458312,10.797648487787002,39.50268162530191
2023-01-01 07:30:00,1972.5321888412018,7.876690760031192,117.4368391465532,3.201300490274731,966.5260287595826,3977.35445625564,10.967127938744905,41.24001068664635
2023-01-01 07:31:00,1974.2489270386268,10.287207341264674,103.88863840548807,3.2861380037930417,949.7134678512856,3866.59025316299,11.105057457614906,41.62791499273382
2023-01-01 07:32:00,1975.9656652360516,6.191088926606642,114.17969153248171,3.3373403970667597,989.7431442240164,4093.5600143203537,11.077544029711865,41.904078568881935
2023-01-01 07:33:00,1977.6824034334763,9.924210017274136,124.40019297752457,3.311023897315988,921.7703937968707,3822.6218469628498,10.946732131189139,42.44879966692824
2023-01-01 07:34:00,1979.3991416309013,7.541723179882577,111.57805724982349,3.34423713517873,945.5246923809287,3878.946520367196,10.94360557502257,43.085654052289726
2023-01-01 07:35:00,1981.1158798283263,7.036541478888852,111.6768324422221,3.350939262889849,971.0386740448014,3888.9754162369904,10.924932249493512,45.08896066286131
2023-01-01 07:36:00,1982.8326180257511,8.711375792423595,113.24860825239377,3.3895495297891207,948.5672769959804,4001.6541100951663,11.081263997308303,45.527472626267816
2023-01-01 07:37:00,1984.549356223176,8.44619656721351,113.91620172961906,3.3760442517170994,1035.7712221832414,3999.8991988178504,10.988617638198708,47.05707443790689
2023-01-01 07:38:00,1986.266094420601,9.844364382660741,114.89872126479261,3.259155426928652,1010.5628734337109,4120.071733744213,10.810061629469656,46.70062182069692
2023-01-01 07:39:00,1987.982832618026,11.548799768728383,100.03318346547208,3.2818114593880683,1002.6366473647253,4210.893518538997,11.030571714349195,49.48666537266572
2023-01-01 07:40:00,1989.6995708154507,7.007920986176113,127.73064080682208,3.275443026748599,985.6254249452682,3748.4198642513584,10.869839918946216,48.558925815968884
2023-01-01 07:41:00,1991.4163090128754,7.032683062915197,123.87699459509678,3.355615709909146,927.2640960937946,4010.0049456061442,10.925500396522128,46.91395959748872
2023-01-01 07:42:00,1993.1330472103004,9.76598656977083,129.5546117475797,3.4382004375289585,996.4657611925564,3980.907545464008,10.763545032332036,45.32702492604234
2023-01-01 07:43:00,1994.8497854077254,8.880936987638568,117.11859976655275,3.434403438013794,966.3316872021516,3778.051758103674,11.046798499582282,41.6536206516338
2023-01-01 07:44:00,1996.5665236051502,7.258997818210445,134.205403967922,3.4608293367431533,969.4176931942433,3885.578387872964,11.066492422423408,38.74998731759985
2023-01-01 07:45:00,1998.283261802575,7.561095895891539,148.75222203687537,3.599023245853581,998.5007978673351,3981.1629055243798,11.067296733330476,34.47150326444821
2023-01-01 07:46:00,2000.0,7.401283027839799,106.34135386557297,3.6739896232719027,962.8011794151961,3899.673778221312,10.845549627078492,29.769211924188618
2023-01-01 07:47:00,2001.716738197425,11.448274985507137,96.97663366904301,3.759871929675342,985.9166415113622,4045.962924016669,10.965246985883853,25.804595194258315
2023-01-01 07:48:00,2003.4334763948498,16.193347007128608,111.76844653604981,3.8165261828443526,974.9791127569188,3917.5383895015684,10.887764217698468,22.696690884040144
2023-01-01 07:49:00,2005.1502145922746,14.846914473268768,91.56433565768796,3.9060340055676566,911.524366214292,3881.1724924488694,10.882571756826573,19.98001166575428
2023-01-01 07:50:00,2006.8669527896996,16.896787096171007,87.54454344939636,4.056576270715677,1032.3959787790836,4047.8106192617015,10.851608369105206,18.240119083931152
2023-01-01 07:51:00,2008.5836909871246,15.809581654958468,102.1815990254806,4.173650969838752,929.3148222990156,3718.2940883140996,11.098529793932974,15.402341130953085
2023-01-01 07:52:00,2010.3004291845493,9.789088778129887,107.90626429283931,4.174603439543201,944.157253761942,3987.4678355825854,10.906734793554442,13.32665191193081
2023-01-01 07:53:00,2012.017167381974,16.607505171256214,93.67700898223974,4.208202445119808,955.9066128471944,3927.35735383591,10.840520906541705,12.96051475580467
2023-01-01 07:54:00,2013.733905579399,19.741812762125402,106.4491066846865,4.223692096066821,974.5359686442026,3950.86137985485,10.775360143215707,12.10695253388161
2023-01-01 07:55:00,2015.450643776824,10.38781819503487,105.22178540714877,4.252128775713797,1031.7322219759376,4029.2561645331443,10.88670684336727,12.543439992624712
2023-01-01 07:56:00,2017.167381974249,15.933929810523193,96.40286730054736,4.281914347827323,976.0004752365194,3971.1932849379414,11.038816675918016,13.546527421438123
2023-01-01 07:57:00,2018.8841201716739,15.100827108340662,95.2520101989455,4.206775881910593,957.9270978309152,4092.006697029465,10.970365585315406,14.776758394516264
2023-01-01 07:58:00,2020.6008583690987,13.836906519651247,100.76654410415405,4.2233411167283945,995.5638638916957,4073.440028374556,11.055775670960692,14.233736658076685
2023-01-01 07:59:00,2022.3175965665237,14.955155629187466,93.30962879915838,4.324774047252433,962.8564958321999,3737.988024751512,11.051098083222636,14.315530832415664
2023-01-01 08:00:00,2024.0343347639487,13.019681502509082,98.00490231430399,4.3800756304568065,990.6491961801147,3928.07529732236,10.95235143402927,14.120785155170536
2023-01-01 08:01:00,2025.7510729613734,14.851902992274491,103.4867212845813,4.479408100771699,982.5081931234585,3810.0011735960725,11.127046969432794,14.128228225784028
2023-01-01 08:02:00,2027.4678111587982,19.235765382775178,99.04657310556483,4.519752997227439,944.6307592961193,3976.7069195220865,11.013251059912445,14.251090274740623
2023-01-01 08:03:00,2029.1845493562232,18.083820746917915,88.55196527561003,4.406747573607645,983.3252477501244,3842.5229894857457,10.963673566749854,13.111623984346238
2023-01-01 08:04:00,2030.9012875536482,16.082944183265138,98.51794865323336,4.426260748860967,1013.5878960160131,4009.213437096365,10.852047274021535,12.483468571634383
2023-01-01 08:05:00,2032.618025751073,16.913695158456232,91.58347157943439,4.497641418193139,949.2396207807145,4045.006340681525,11.07942216343028,13.348198590401442
2023-01-01 08:06:00,2034.3347639484978,14.066475835201448,89.09976052836565,4.464082229281883,976.7833044115222,3983.423223282135,11.131338237599104,13.068392231391535
2023-01-01 08:07:00,2036.0515021459228,16.0188391393675,94.69991123389852,4.479422385947405,982.2517795743561,3997.202345703182,11.030165405191925,13.241201421551704
2023-01-01 08:08:00,2037.7682403433478,16.709363674484006,102.78691381332311,4.476892232606372,988.8450233369415,3991.785440334962,10.908221156438275,13.316953359999953
2023-01-01 08:09:00,2039.4849785407725,15.612306398539475,97.33577370097197,4.4399821143005695,974.1317718994968,3921.371276358092,10.965566923994409,13.891893459588768
2023-01-01 08:10:00,2041.2017167381973,14.73927656098804,89.14783919483952,4.378296277978254,927.6640194892744,3919.831403256301,10.83697986382833,13.958427731271605
2023-01-01 08:11:00,2042.9184549356223,12.796589467212408,96.13261304274879,4.351770868754852,952.0747486212687,3912.5784328691407,10.908126399313536,13.970521028698855
2023-01-01 08:12:00,2044.6351931330473,13.933087582161944,87.6335532760253,4.242050626599875,952.9702614612811,4055.0057017046893,11.083519831993344,13.848394123164558
2023-01-01 08:13:00,2046.351931330472,20.155893110970784,91.75861615801931,4.223068625121505,1000.2246492177794,4101.454985779685,11.053151093905205,13.78520476399662
2023-01-01 08:14:00,2048.068669527897,17.415996230284613,93.66279759617136,4.167565875582726,1006.395234602901,4031.742176340766,10.957714045009988,14.164901715951924
2023-01-01 08:15:00,2049.785407725322,15.70302363293763,80.60422573423247,4.171898127904747,977.3527212142465,3790.1028491242464,10.92255653435259,14.6064051064983
2023-01-01 08:16:00,2051.502145922747,14.743860275106488,109.68763184728274,4.20449335451369,996.436205502746,4048.2235856303973,10.948744667872676,15.007526338797955
2023-01-01 08:17:00,2053.2188841201714,14.195530367370006,96.64318455124403,4.17929963716222,944.9174741090725,3968.793924432102,10.984994084206994,15.100112746338826
2023-01-01 08:18:00,2054.9356223175964,14.705785452897704,99.66597593217769,4.223278465444654,992.2648751811364,4189.406462521986,11.024327140383578,14.684461483534765
2023-01-01 08:19:00,2056.6523605150214,14.901020158887796,97.78658185658256,4.186727360089083,974.9639152111014,3907.58056050306,10.939539910420502,14.980211073397896
2023-01-01 08:20:00,2058.3690987124464,15.068427992550076,98.70389393835312,4.2099605018018265,1022.1956285416079,4054.7352668301523,10.95584931532416,15.229553352650372
2023-01-01 08:21:00,2060.0858369098714,14.841425082175903,98.5656945109703,4.263688625861553,1008.8864039319471,3985.77967115232,10.99976872889217,15.182351239903552
2023-01-01 08:22:00,2061.8025751072964,13.781516913045914,89.13140802386596,4.232358378366245,994.1872714711487,4108.425418786611,10.782091396920714,14.209136846598538
2023-01-01 08:23:00,2063.519313304721,13.078389663179829,102.2075444095392,4.191665307612143,970.4080369242562,4057.5602249032945,10.962928252188998,13.894827788131408
2023-01-01 08:24:00,2065.236051502146,16.507397394835163,94.2179967877972,4.242606139829594,948.5836088484785,4062.4941594304687,11.091160445470496,14.252597057318502
2023-01-01 08:25:00,2066.952789699571,18.451628917392103,98.66922144571198,4.2727679276070685,901.4703050073782,3925.3487661886347,10.913289668412595,15.066288671919352
2023-01-01 08:26:00,2068.6695278969955,13.115554853027726,82.84027578521412,4.225547624607247,954.5660687905984,4105.993751757568,10.972050221811928,14.461022665065544
2023-01-01 08:27:00,2070.3862660944205,14.497540948747309,98.9203557830987,4.189488852080759,994.2304160499599,3993.0029363185963,10.979116037031218,14.469438890982179
2023-01-01 08:28:00,2072.1030042918455,19.65252546205649,92.70215621401984,4.2122530347358556,975.1604466496924,4001.2213800493287,10.891897171283619,14.361252338713143
2023-01-01 08:29:00,2073.8197424892705,15.500731173067848,98.86431612482897,4.1397069356947025,965.7917495302524,4083.1355326081375,11.073107938366709,14.068579225065408
2023-01-01 08:30:00,2075.5364806866955,14.565622045634358,99.423717448138,4.220638725569991,979.6793297456841,4237.653983510984,10.974770206175812,14.474694507169083
2023-01-01 08:31:00,2077.25321888412,13.74573497820696,93.85217764623816,4.235472912481442,968.9883875469947,3917.212733616391,11.072450362826137,14.463637773972785
2023-01-01 08:32:00,2078.969957081545,17.783556617603477,117.41666425597745,4.201378260159881,962.2609195570792,4068.097947137619,11.06455930672983,14.347544759373033
2023-01-01 08:33:00,2080.68669527897,15.434835979393084,96.2313359423606,4.1580471555187835,972.8253600718891,4158.992491754655,11.11605826905811,14.551291500731597
2023-01-01 08:34:00,2082.4034334763946,15.100796105091444,105.58249133501533,4.167475886754902,944.3551135384326,3996.630896983053,10.763032742826805,14.556812350264234
2023-01-01 08:35:00,2084.1201716738196,12.912421461950142,90.47458480046924,4.235359949898445,948.95252932816,4014.803049482248,10.87055786547695,14.721754274487857
2023-01-01 08:36:00,2085.8369098712446,16.748149587175632,98.5339930614664,4.333382960608228,929.7711669357044,3854.1523404827,10.889598262705205,15.29670276982074
2023-01-01 08:37:00,2087.5536480686696,16.69345627008133,98.95131439107885,4.332956812953381,1023.760372901297,4115.25405613442,10.909166527942256,15.177948067501795
2023-01-01 08:38:00,2089.2703862660946,13.62010608614835,102.03173878259163,4.327450997153033,1012.4802139786393,4165.918310199177,11.059382147200807,15.231962699501906
2023-01-01 08:39:00,2090.987124463519,19.490028153010122,105.50814431547468,4.321578146631059,967.1529563479243,4119.778108665482,11.005493957055874,15.451084534028954
2023-01-01 08:40:00,2092.703862660944,11.021632364946889,100.79300000461352,4.348532794823009,975.290282425256,4055.260325651423,11.027964166523038,15.242012581740372
2023-01-01 08:41:00,2094.420600858369,15.005005563966261,103.23633971950814,4.341932645178265,1030.8278598216066,3910.545258182375,11.020086320157949,15.289645924065388
2023-01-01 08:42:00,2096.1373390557937,18.3139010750116,98.40252067560053,4.2232568588730715,959.3402642115542,4004.809598283232,11.124772386460196,14.669880124290797
2023-01-01 08:43:00,2097.8540772532187,16.105636595388177,98.56904763571688,4.185591305645107,918.5112572418581,3880.367248298947,10.991844713596485,15.35676153420118
2023-01-01 08:44:00,2099.5708154506437,16.844226447664695,93.53191176143025,4.120354545473876,1003.8034366373364,4079.8290275050376,10.94668758167264,15.190653104485776
2023-01-01 08:45:00,2101.2875536480688,13.885841173582602,102.12737376726837,4.062491235198776,1034.7346906710427,4038.09989867046,10.933598578944572,14.898658769129542
2023-01-01 08:46:00,2103.0042918454938,11.181021620713123,99.00045167757952,4.007239963407831,1023.4063628042442,4092.6170076624066,11.002891375676999,14.424953799442191
2023-01-01 08:47:00,2104.7210300429188,13.259701814945004,116.66963921908308,4.067240605721253,970.3307879077444,3870.289660949397,10.862197495961489,14.637871684577954
2023-01-01 08:48:00,2106.4377682403433,12.40842111303093,104.30232574107312,4.072109104283355,977.837299601868,4131.686374972256,11.035065515815447,14.672603908624346
2023-01-01 08:49:00,2108.1545064377683,13.236876061794847,101.15945499079199,3.993947440614381,1004.1566056207242,4001.8896626153114,10.935083318399236,14.319546544643629
2023-01-01 08:50:00,2109.8712446351933,14.574282220743033,95.482499151031,4.053449747709284,982.4719932914278,4016.2582467672205,10.916960225711746,14.768676786565592
2023-01-01 08:51:00,2111.587982832618,13.323431376443327,110.39790667164486,4.017442756483178,918.6952414212027,3837.020670161583,10.944775650201095,14.164013764225682
2023-01-01 08:52:00,2113.304721030043,18.561708895648948,107.11825045316384,3.9851456902703357,987.470317942874,4073.279162364788,10.989133254773346,13.818355767854314
2023-01-01 08:53:00,2115.021459227468,13.63786351187248,91.67464904229321,4.030369207564348,973.3075728968757,3885.710523195447,10.863347791938713,13.486021523969972
2023-01-01 08:54:00,2116.738197424893,15.412945185911823,92.18042583443737,4.177415494024256,975.35182793792,3825.7136286567247,10.941472500536607,13.354131839360338
2023-01-01 08:55:00,2118.454935622318,18.227780158261577,95.42659266783828,4.179761899505356,976.0102324789693,4062.1964267839803,10.874304446793948,13.315795936123532
2023-01-01 08:56:00,2120.1716738197424,13.73258894109505,96.74602573592868,4.251278276525672,958.654140345301,4020.755652749413,11.181772359631573,13.67097836300646
2023-01-01 08:57:00,2121.8884120171674,10.557219045241666,92.87036312438855,4.187941415699904,961.3791805168661,3949.976023901687,10.962232987938629,13.341315295893224
2023-01-01 08:58:00,2123.6051502145924,14.212537961298622,86.9197975178222,4.200426405686947,975.2208518269838,4055.6974257507477,10.988314686068572,13.537527602689062
2023-01-01 08:59:00,2125.321888412017,13.568088904171013,85.09304835931937,4.1726414514923205,1013.0140099829629,4068.2667185594496,11.029401566010842,13.436950396462988
2023-01-01 09:00:00,2127.038626609442,14.717193235259037,98.99056681545979,4.1238858392858795,925.2805844822532,3889.941479031161,10.960305521857942,13.01302111421913
2023-01-01 09:01:00,2128.755364806867,13.240813982508907,110.81919021218086,4.074800296774983,966.0767368229975,4027.531339607398,10.954354534159348,12.965976443476894
2023-01-01 09:02:00,2130.472103004292,15.810980517991103,97.1278246591428,4.014532042999059,961.0102609517315,4082.010374311452,11.068360130380373,12.997354731378088
2023-01-01 09:03:00,2132.188841201717,15.986841800966737,103.31321838631045,4.074397233309757,952.4903766698451,3999.6280735410646,10.950698220721053,13.381179241391479
2023-01-01 09:04:00,2133.9055793991415,12.369466105038885,97.77068510387231,4.059403363493143,1005.507979355328,3962.5859319380475,10.956206822370255,13.47581333386234
2023-01-01 09:05:00,2135.6223175965665,15.482223678742256,104.49409052352517,4.040153675437399,992.2697576241044,3871.067031782544,11.00841036445844,13.686948625520744
2023-01-01 09:06:00,2137.3390557939915,13.046396044221845,95.80462186959642,4.054433307924524,957.4825786407725,4041.466586554826,11.056013059774461,14.244057727904394
2023-01-01 09:07:00,2139.055793991416,14.37322216188746,95.75888060150025,4.064867003000294,977.3525630555805,3915.675314134758,10.800378232116623,14.90924568884708
2023-01-01 09:08:00,2140.772532188841,10.400663987794061,88.56235820788069,4.024803298845763,956.5369739439099,4165.8190575702265,10.956376899180595,14.56204066866234
2023-01-01 09:09:00,2142.489270386266,13.03970045662347,105.33370113631749,3.9579967472893705,934.7476378703359,3892.070821993542,11.111075225492717,14.277780010803326
2023-01-01 09:10:00,2144.206008583691,13.53343003568041,115.32107312797696,4.005508668060601,982.9598560809393,3984.0469652742318,11.064503362672498,14.162593205243427
2023-01-01 09:11:00,2145.922746781116,14.671975643015793,104.01688284149179,4.098474936720036,1027.2733299869024,3981.273775227699,11.12389276249838,13.957721003730216
2023-01-01 09:12:00,2147.639484978541,15.057649927670775,98.65967293648205,4.095144817561661,926.4040346632785,4026.489591658745,10.984375497031875,13.621112914536381
2023-01-01 09:13:00,2149.3562231759656,12.99379158377075,98.12727462283434,4.191023310248909,943.0757600349115,4013.09714492824,11.072101008395212,13.378023431712204
2023-01-01 09:14:00,2151.0729613733906,13.070693537236231,89.05809356355597,4.219886451303812,998.4955500080446,3914.0709472695125,11.052423986011277,13.536484268266074
2023-01-01 09:15:00,2152.7896995708156,14.167154419830245,104.87622706599156,4.186240262828491,1000.6931577012477,4124.173099558435,11.011995283923387,13.195255402667886
2023-01-01 09:16:00,2154.50643776824,13.77963475050425,102.92604375882479,4.255571130201179,920.0503147798452,3820.792192353927,11.081113426081133,13.260514512543622
2023-01-01 09:17:00,2156.223175965665,11.672573762903802,80.58093719314701,4.25579057951813,945.5019564273548,4018.8657786804715,11.054350497723233,13.297610347829398
2023-01-01 09:18:00,2157.93991416309,13.491893746964287,87.76370819407578,4.234742372629775,1001.7000815513201,4092.8083879404107,11.087689047040419,12.889372677079812
2023-01-01 09:19:00,2159.656652360515,17.267303556481505,101.2849338695423,4.226989125976277,922.4841615949888,3879.1072290992893,10.979348070400404,12.320491698794987
2023-01-01 09:20:00,2161.37339055794,15.410709458973985,94.30546004911702,4.217248332722451,1005.4646823778423,3983.656588880127,11.01859919764603,12.150661854900989
2023-01-01 09:21:00,2163.0901287553647,14.536968628920107,80.57041075828012,4.224736300473806,979.5614701955556,4062.1585270351184,10.918939588647191,12.201957041959892
2023-01-01 09:22:00,2164.8068669527897,17.41173998711264,98.23416378015166,4.289165800933526,981.5467151285258,3958.344929309549,10.96101040976347,12.757662581073813
2023-01-01 09:23:00,2166.5236051502147,14.959685848152585,92.84095900062492,4.30387756706656,943.76031558621,4153.041639202017,10.99278191623987,12.984669080875216
2023-01-01 09:24:00,2168.2403433476393,14.293714283092095,86.77532974064576,4.274538195090798,1007.6120181198038,3937.974038215879,11.049529019968316,13.650993761983571
2023-01-01 09:25:00,2169.9570815450643,15.81005364600217,103.90778307228794,4.248384021620761,956.1341346974602,3923.304520610165,10.923882563727595,14.048814589799766
2023-01-01 09:26:00,2171.6738197424893,14.48445312729703,90.18683326939346,4.205638860234206,956.6725102847562,3937.5511580770985,11.025960557823046,14.30200820088959
2023-01-01 09:27:00,2173.3905579399143,13.092410469271485,96.84868555308256,4.250053438017943,946.3334306493441,3861.717821319037,10.98827941013619,14.982420005591546
2023-01-01 09:28:00,2175.1072961373393,17.3285798309952,92.5820431856086,4.265985491336205,956.0697700853478,4024.1096532837296,10.784021874884331,14.80552166626697
2023-01-01 09:29:00,2176.824034334764,14.642695924273205,111.00459359083904,4.285574636830203,979.973916880998,4145.343305139647,11.015029203398647,15.12976753849599
2023-01-01 09:30:00,2178.540772532189,15.99539138806805,109.51106751604601,4.336052420041938,1022.5531586286138,4050.412075394168,11.11476742303385,14.996870419339757
2023-01-01 09:31:00,2180.257510729614,16.84637201726208,100.10218066536675,4.3821155584881435,1022.6493618386761,4156.746951666553,11.15170217617425,14.893628417988868
2023-01-01 09:32:00,2181.9742489270384,17.26648652830862,94.86876258715418,4.344083654082447,990.6901067049909,3839.439715379283,10.862916687379185,15.0787504039749
2023-01-01 09:33:00,2183.6909871244634,14.606528356327056,99.23757811872996,4.184344928235025,1011.2312820774484,4162.817426650801,11.082554684952639,15.451122391678837
2023-01-01 09:34:00,2185.4077253218884,11.300038814228868,96.21003806260505,4.016938519064344,958.1212393138429,3992.880055865682,10.905817165684198,15.425692982664474
2023-01-01 09:35:00,2187.1244635193134,15.61957780114913,97.737658189263,3.9672217160225927,958.5057100580676,3833.197349863125,11.075605412022254,14.950552113463246
2023-01-01 09:36:00,2188.8412017167384,19.8250830761894,93.1885008016729,4.02774780535849,927.7908119939464,3827.0534323609677,10.978878380798736,14.758784604548804
2023-01-01 09:37:00,2190.5579399141634,11.748300874179332,91.22594283364559,4.136758260071188,953.5496339522758,4011.2971643940373,10.777100402025031,14.266988736079673
2023-01-01 09:38:00,2192.274678111588,15.606034362130515,95.88256144683987,4.328537935956537,926.758573116257,3956.8601884461573,10.927843593390264,13.224980163606569
2023-01-01 09:39:00,2193.991416309013,16.231144959603647,93.72140937489924,4.661456254112929,1037.1807042942835,3922.6704192635084,10.970099307251864,12.697670364531714
2023-01-01 09:40:00,2195.708154506438,13.947754221845013,104.53995682636467,4.903365731953887,1017.3976467906396,3952.2726910664423,10.84818348004617,12.223356780056054
2023-01-01 09:41:00,2197.4248927038625,14.271449423615675,92.243636952418,5.288832503556428,977.0129315389571,3909.0047224698073,11.117646699871814,11.471192679534846
2023-01-01 09:42:00,2199.1416309012875,12.511234913219502,72.75404745978874,5.612743947251161,944.0220487255051,3933.1073355122094,10.93204949865258,11.263169529769474
2023-01-01 09:43:00,2200.8583690987125,21.59676499491693,82.6669133844151,5.939284310002569,968.7868552677787,3923.2157149127515,11.052388545464346,10.715741717264365
2023-01-01 09:44:00,2202.5751072961375,26.14253297988748,65.69674509852257,6.198939999281911,923.7189430173557,4088.227321464282,11.049058233316947,10.002279179171389
2023-01-01 09:45:00,2204.2918454935625,26.367559270672842,84.76305400028428,6.446131570481323,989.1339439479995,3929.473552491547,10.964868421411316,8.967349698808205
2023-01-01 09:46:00,2206.008583690987,21.053904395969063,89.80088590261218,6.804711380490007,1004.2630969801976,3998.3977575314557,10.816563230832106,8.567222380916869
2023-01-01 09:47:00,2207.725321888412,23.007115570328008,61.8382824289789,7.098531507478081,972.7255765245429,3970.3380467154248,10.988332265996839,8.434622638202347
2023-01-01 09:48:00,2209.442060085837,20.890381977297302,85.04565839778799,7.303548935632472,955.6987507521806,4108.584671586959,10.924280371102661,8.02008167413993
2023-01-01 09:49:00,2211.1587982832616,18.404098857384565,91.91724106619371,7.508256877118803,1003.855515833629,3976.564810759533,11.063115646943176,7.658966609390672
2023-01-01 09:50:00,2212.8755364806866,22.51891428362612,91.08812744943427,7.544548520979186,977.2391204711312,3867.6403161637013,10.974380716971632,7.2082831504049265
2023-01-01 09:51:00,2214.5922746781116,17.05615094232758,85.03382012671206,7.5210371969414185,1017.1046996586222,3871.7733527841788,11.082890558658228,7.296369665170648
2023-01-01 09:52:00,2216.3090128755366,21.70988981545844,71.28252960349397,7.355888430189701,921.9054116266908,4021.594111739317,10.843907139565053,7.411131484306117
2023-01-01 09:53:00,2218.0257510729616,18.129254227441464,80.68243020787492,7.169501333023709,946.1194436105043,4020.3434537263406,10.912986838219208,7.416834745623376
2023-01-01 09:54:00,2219.742489270386,27.530130025126024,86.9902784892983,7.050800141879852,1004.8905543054711,3903.4040109191055,11.155208231177905,7.267615565135436
2023-01-01 09:55:00,2221.459227467811,29.487531489303148,80.76903675249257,7.018511591690958,976.6291700547234,4106.784054890647,10.956033722876626,6.7666719388678045
2023-01-01 09:56:00,2223.175965665236,15.582527214773286,76.69786702533378,7.005117324656082,948.6342277100049,3894.8939067880133,10.765806283728873,6.561440156140792
2023-01-01 09:57:00,2224.8927038626607,22.34986782548945,75.57862939824491,7.014235236941649,1023.443703778237,3985.942528030114,11.008260955935507,6.444496113967192
2023-01-01 09:58:00,2226.6094420600857,19.85620875367982,72.48870500341643,7.063094789144006,940.1826756825483,3837.170862763113,10.966920577459181,6.656997811246647
2023-01-01 09:59:00,2228.3261802575107,17.498596918357045,82.60796931940912,7.036584484543064,975.5087874077824,3980.6301427704575,11.15475969318692,6.623597515579931
2023-01-01 10:00:00,2230.0429184549357,16.93496359878911,86.25643420153006,7.017892359843984,958.2888743669928,4163.761439705915,10.907027075872582,6.720375335723201
2023-01-01 10:01:00,2231.7596566523607,18.01545869417632,84.41668312061772,7.123197706585055,998.9966901635455,3997.8979870872668,10.929337505756818,6.807855642496337
2023-01-01 10:02:00,2233.4763948497857,22.680401338634955,76.48022233920801,7.049276296949209,978.1738115191994,3929.5769405981932,11.045259882236316,7.005011256577602
2023-01-01 10:03:00,2235.1931330472103,16.149198538761485,66.50648593672321,7.094208938536327,983.6134103028222,4157.420420818555,11.01853612239822,6.8075647765995395
2023-01-01 10:04:00,2236.9098712446353,20.319755872449146,60.0,7.09698948201618,924.7757140960232,3947.597898871904,11.02330893318986,6.976046796030552
2023-01-01 10:05:00,2238.62660944206,22.986330171711508,89.3545396464191,7.20716534460799,941.200086528183,4087.1436488298796,10.99942749297749,7.370380909904774
2023-01-01 10:06:00,2240.343347639485,26.347149616223685,77.90198262567152,7.271097523855943,1004.8919868698318,3905.649643681798,10.881795268177743,7.843058838868826
2023-01-01 10:07:00,2242.06008583691,23.13188580509089,81.70636860293894,7.252185784460344,983.0495042238041,3957.293810312067,11.177371867306062,7.833391526312034
2023-01-01 10:08:00,2243.776824034335,18.966306094675108,75.28702598211531,7.339610826636428,979.853739072335,3941.3416449981105,10.91699045348344,8.448485725978184
2023-01-01 10:09:00,2245.49356223176,22.126693186846456,97.6792816052331,7.427573111202101,968.550898091903,3985.5830943421797,11.036686458819812,8.51642812666839
2023-01-01 10:10:00,2247.210300429185,20.900623085422158,84.220491378557,7.369303000027626,987.9959321255109,3998.744065322908,10.931688568593852,8.522927677992115
2023-01-01 10:11:00,2248.9270386266094,19.267563532368797,98.44604162312619,7.321317521134209,959.2298360851785,3855.4773231226745,10.916252226087796,8.630911661270018
2023-01-01 10:12:00,2250.6437768240344,24.559815859538126,76.40989520881833,7.27794404865548,997.7001231627415,3917.4121469818006,10.973188158201909,8.530311016274226
2023-01-01 10:13:00,2252.360515021459,22.850259335166967,92.51653760912677,7.2941760238769655,1035.581446835443,3828.0841654324654,10.858607999887386,8.52242632904872
2023-01-01 10:14:00,2254.077253218884,20.837419234733236,84.15802465720252,7.172785009913616,1027.2785038664122,3948.139479845619,10.873570147519695,8.402139985486652
2023-01-01 10:15:00,2255.793991416309,20.8005075083144,69.82949442774769,7.157971345027751,986.9705264370206,3978.546204644407,11.040255060076614,8.080812632955874
2023-01-01 10:16:00,2257.510729613734,25.652594766951484,80.186964851502,7.152969258916394,948.0804965379748,4075.048648495614,11.104035472730054,8.152113011428275
2023-01-01 10:17:00,2259.227467811159,22.925527530463096,76.82127394213285,7.189709485493819,969.9272746566712,4027.3068808484113,10.977718712235205,8.305318157354069
2023-01-01 10:18:00,2260.944206008584,19.15656455468062,60.0,7.209991627891655,925.4970638304284,3999.613821322555,11.004916184414169,8.298399981367597
2023-01-01 10:19:00,2262.660944206009,15.865298852727776,96.12656615077003,7.198468528863107,970.3885820755988,3953.327644858975,10.989614248036075,7.82965511312127
2023-01-01 10:20:00,2264.3776824034335,20.979795199440634,91.58057458930581,7.277563039013841,999.6401963760096,4057.4013417523665,11.03228820954133,7.864377750526515
2023-01-01 10:21:00,2266.0944206008585,24.08150208888323,85.1036606685679,7.342007781431363,938.0582387623352,3806.112892628776,11.13085403540047,7.7545069738644425
2023-01-01 10:22:00,2267.811158798283,22.014161757144805,99.16661146324364,7.389735209165319,995.7186277486188,4006.0796386858187,10.896899876956548,7.783806776970301
2023-01-01 10:23:00,2269.527896995708,21.987504521432157,88.01249260561393,7.500753981064426,986.2474573934948,3978.200866814351,10.82005827247311,7.670951850721795
2023-01-01 10:24:00,2271.244635193133,22.67897373295501,79.91476076003633,7.6711693282979505,956.8113727098946,3818.853154204202,11.133949802179528,7.995454146094861
2023-01-01 10:25:00,2272.961373390558,24.343344389631447,65.63655877395635,7.722162737087984,927.1526196013982,3960.1314738210467,11.034940895942228,8.04670428590876
2023-01-01 10:26:00,2274.678111587983,24.606996428234627,75.32292512780207,7.702027854097004,976.4390616052287,4021.580793967792,10.948491103718144,7.885449368289588
2023-01-01 10:27:00,2276.394849785408,19.80750095675169,81.67344420610074,7.813790446329232,942.5933674022804,3867.7100508049157,11.004803089307114,8.031703809171495
2023-01-01 10:28:00,2278.1115879828326,21.11995651463439,80.04640918025781,7.793401295400468,989.8972311245418,4032.4708098833935,11.056929840564484,8.266692198465137
2023-01-01 10:29:00,2279.8283261802576,23.183335378011567,67.77081948714589,7.743108890629214,1003.9085529000719,3860.826265114506,11.02790102778612,8.110826514773303
2023-01-01 10:30:00,2281.545064377682,23.34926224585744,92.5354118397076,7.7519695906216475,918.2338705013366,4015.5534165785634,10.84045147236563,8.30825957546583
2023-01-01 10:31:00,2283.261802575107,25.607668486086116,90.66664320310589,7.656900130396843,990.194227341156,4119.632954585865,10.94558423652938,8.453657810173079
2023-01-01 10:32:00,2284.978540772532,23.55252850648763,81.90466673148018,7.641189896919685,952.325813464085,4155.825232600412,10.937390909721744,8.635827643654862
2023-01-01 10:33:00,2286.695278969957,26.621271708300892,76.55945012248276,7.570113957771326,985.1327759466391,4057.439909201862,11.193136329058484,8.578975280719863
2023-01-01 10:34:00,2288.412017167382,16.79682427034477,87.56405619145733,7.460604161621763,964.0558767298604,3888.0196827687078,11.008245508268583,8.424317631447302
2023-01-01 10:35:00,2290.128755364807,21.307136671011904,83.64762534660103,7.468554371116228,999.1786084424216,4012.3527182855373,10.997666801084161,8.623201742923683
2023-01-01 10:36:00,2291.8454935622317,24.081497255636403,73.04874598028918,7.381375301068701,1012.9484655890869,4049.2759349124326,10.954832911444658,8.550238495563152
2023-01-01 10:37:00,2293.5622317596567,20.20469505041503,84.21426402925023,7.447712380097606,953.2742101028792,4106.692772605414,11.047687276649276,8.703525084850082
2023-01-01 10:38:00,2295.2789699570812,25.915734801266204,83.87582964825272,7.388944974590892,935.8985870332998,3980.2523465327495,10.993618131501435,8.410368711868207
2023-01-01 10:39:00,2296.9957081545062,26.071249293474416,75.47410334413472,7.271057606167003,966.9608508573205,4177.67309743199,11.074312144205734,8.349715856747535
2023-01-01 10:40:00,2298.7124463519312,21.01664922092341,77.55402446433003,7.275703664878192,976.0800767882231,3940.3773463892876,11.08800122056225,8.624892273122963
2023-01-01 10:41:00,2300.4291845493563,23.321379942082235,82.61687067003615,7.248487009153985,987.4215049594171,3930.919703517327,11.101027088211438,8.57386322863167
2023-01-01 10:42:00,2302.1459227467813,19.88772316835262,78.4034178011826,7.237817940238531,970.6135952380631,3971.6717206935296,11.046941497594016,8.666893000141982
2023-01-01 10:43:00,2303.8626609442063,22.4646062220693,79.80340955499832,7.264887973667009,917.8548720841511,4073.668618129629,10.940871232020356,8.649591726893508
2023-01-01 10:44:00,2305.5793991416313,26.86877790973513,86.10696067086062,7.442379476191687,999.172145200155,3999.0550691084004,11.055640211157634,8.882768843394832
2023-01-01 10:45:00,2307.296137339056,19.630170869345207,79.71121705106917,7.354103210099101,949.7162248355735,3996.8845361742906,11.118885668058107,8.830164894224326
2023-01-01 10:46:00,2309.012875536481,29.841325327783483,82.1461989949365,7.281883348841951,936.499713384209,4011.7332998667976,11.11075340487381,8.82546382449142
2023-01-01 10:47:00,2310.7296137339054,16.038702993774127,83.49747433110039,7.268934346478768,1035.46032189322,4053.1892677875826,10.991533924762251,8.903255152801032
2023-01-01 10:48:00,2312.4463519313304,21.98094524961799,102.21452851569292,7.281895445945256,964.519632177784,4121.359423236136,11.053512286915229,8.832182186465069
2023-01-01 10:49:00,2314.1630901287554,27.153303703756755,95.9147044537338,7.284190500744218,989.0973557779868,4108.748365179782,11.156347574923304,8.433780630013558
2023-01-01 10:50:00,2315.8798283261804,21.709639897911476,76.87638333469278,7.4223525038662075,989.9998472997617,3969.177060301794,10.978947004155824,8.559261273189536
2023-01-01 10:51:00,2317.5965665236054,21.742015442141494,81.85855374638733,7.329984056855888,993.3554487692791,4146.680020131914,11.031663612259074,8.374350353504212
2023-01-01 10:52:00,2319.3133047210304,26.450069009975465,100.71007767537989,7.361585341701739,987.6516751139402,3960.870156061503,11.124047102923099,8.084091036775712
2023-01-01 10:53:00,2321.030042918455,21.232837896144744,82.11169873809224,7.271500187608835,982.9909467795825,4005.9359845577087,11.121326077757935,7.634034923923292
2023-01-01 10:54:00,2322.74678111588,18.602306276806353,79.65400005425762,7.287680685018409,962.1309626838423,3985.6426172538095,10.969307607019836,7.470867344065299
2023-01-01 10:55:00,2324.4635193133045,21.514573892945002,78.404672084686,7.321581339869342,976.3836634007552,3886.635265826076,11.153814070345545,7.254984841389377
2023-01-01 10:56:00,2326.1802575107295,23.80533737980048,60.0,7.295151664703566,946.4180502364547,4020.0508413547154,10.997188771521435,7.053088210761672
2023-01-01 10:57:00,2327.8969957081545,25.749278250237982,78.30349322124971,7.395579095332792,962.999221588198,3979.7444261484743,10.803954159945805,7.062484450400256
2023-01-01 10:58:00,2329.6137339055795,17.10977151102529,74.09217318531628,7.342197842564178,954.8206043515892,3894.1518311027253,11.154420026577279,6.9597299418611325
2023-01-01 10:59:00,2331.3304721030045,26.62169362703334,96.25447052382512,7.320794041295764,955.7802911853574,4094.391238021886,11.280403295165451,7.333473932595579
2023-01-01 11:00:00,2333.0472103004295,16.577642031088896,77.37540276886094,7.437175091807918,967.103390266098,4045.2060138703505,11.085727095654489,7.8677701682900825
2023-01-01 11:01:00,2334.763948497854,21.034270461460647,65.71800103505575,7.444111362720157,922.7772201008414,3923.201994120295,11.02559815774004,7.896672537756853
2023-01-01 11:02:00,2336.480686695279,21.871644366669276,90.37038156923897,7.463328754150259,956.4499764064061,4058.715652687158,10.977638566689906,7.941720210582665
2023-01-01 11:03:00,2338.1974248927036,25.414307905494322,72.2316199356573,7.57346131856415,950.1031479988286,3954.8829637678973,11.237216239358732,7.814332442356832
2023-01-01 11:04:00,2339.9141630901286,21.453469142224115,81.18718508919298,7.740357758701983,980.9255686922222,4152.159567451558,11.152250983603475,8.195226183082651
2023-01-01 11:05:00,2341.6309012875536,23.95790190113007,93.38887614682596,7.601323866303816,1011.8856362416147,4042.837963972214,11.108267728578554,8.32536061574102
2023-01-01 11:06:00,2343.3476394849786,25.596055804660015,87.19643118990618,7.505508450727128,954.0728369783556,3959.485959813288,11.165242976756836,8.340728351107987
2023-01-01 11:07:00,2345.0643776824036,24.600860297610943,91.7525687562236,7.446357375646769,968.5207541938678,3904.874313284537,11.199370815562633,8.181858410596389
2023-01-01 11:08:00,2346.7811158798286,21.683367069019255,79.01352275419472,7.430723252598752,968.1332767476923,4056.1912408218473,11.179357814976441,7.821413500219875
2023-01-01 11:09:00,2348.4978540772536,26.42834333548147,71.14671254208395,7.337244437034596,964.7403462098785,4020.9828239039666,11.031727981069254,7.692238568830396
2023-01-01 11:10:00,2350.214592274678,19.556236253246844,88.47486413924015,7.40164132140766,886.1285300124209,3954.0654524004626,11.117420784875055,8.027269885739608
2023-01-01 11:11:00,2351.931330472103,20.99331788969043,60.114595841099785,7.36965437633191,1050.0,4037.414003677545,11.014340780798426,8.129313526860688
2023-01-01 11:12:00,2353.6480686695277,24.286243059903622,73.78515542252413,7.270889008632065,1006.6183972655854,4164.449249894403,11.110654508655339,7.746432761169583
2023-01-01 11:13:00,2355.3648068669527,23.742158035379262,72.3300764074612,7.197865008160381,978.3299704116322,4052.1235499665777,10.985626152869118,7.366289089601973
2023-01-01 11:14:00,2357.0815450643777,16.194883249809145,81.54192815812921,7.224975363032975,929.7479167904341,4077.498160381705,11.02605842324399,7.466608510338061
2023-01-01 11:15:00,2358.7982832618027,21.05104406245195,68.2154757629321,7.2382533080280425,969.9881974857482,4008.0365746808075,11.037266158396394,7.191048481748088
2023-01-01 11:16:00,2360.5150214592277,23.32926545508833,80.81441519464879,7.241128396406097,956.7027152996154,3974.6351117801287,10.992213670468942,7.594833598892816
2023-01-01 11:17:00,2362.2317596566527,26.802995397625217,60.71915009943863,7.294787254567991,1008.7263422750885,3961.338292125571,10.982019152184968,7.881666650013947
2023-01-01 11:18:00,2363.9484978540772,30.727975533723917,78.8073545786581,7.28823408376157,979.9386210318708,3956.6598531500026,11.372790448330925,8.029209486774192
2023-01-01 11:19:00,2365.6652360515022,25.370461079883384,65.89395821227225,7.2871901153619545,950.1000353456297,3883.226635749764,11.064639319490349,8.301898853741836
2023-01-01 11:20:00,2367.381974248927,19.780438205379642,72.94014653264894,7.361019748981327,1013.7272194899924,4004.3462634208954,11.004717233187792,8.327595993700903
2023-01-01 11:21:00,2369.098712446352,17.18209366776567,69.55985254448223,7.455106517174034,952.2935313255155,3919.239174123983,11.023511088812413,8.171289573076278
2023-01-01 11:22:00,2370.815450643777,29.729355731692742,73.1787103933802,7.461534170997475,969.3574191414323,4126.251070783586,10.994366669619987,7.911089752502884
2023-01-01 11:23:00,2372.532188841202,25.930502635311804,91.45979160121418,7.584971204943882,1050.0,3922.0129377777557,11.140480756624342,8.254809816687787
2023-01-01 11:24:00,2374.248927038627,21.89251181419807,77.14053149754928,7.581122099670848,1003.6695619552354,3992.0246998206894,10.970299947808575,8.425535966362567
2023-01-01 11:25:00,2375.965665236052,20.1367711044028,91.81199131654823,7.447335509189198,1029.0859328213007,3952.8264180040555,10.92030060989938,8.281448145290563
2023-01-01 11:26:00,2377.6824034334763,21.36268107960406,84.00924341938081,7.476202074235545,960.8771809870622,3889.971147761855,11.066505137026986,8.495170940783801
2023-01-01 11:27:00,2379.3991416309013,20.90365898709988,64.31577400613332,7.5424524700648385,996.0312056247088,3865.3468097863397,10.903563989220185,8.533172487055701
2023-01-01 11:28:00,2381.115879828326,26.391206515901246,71.23268657711274,7.503359065759435,1025.1928815398348,3941.983095505362,11.076499131646374,8.502719689442015
2023-01-01 11:29:00,2382.832618025751,23.973704941003728,81.26333780045145,7.549632977612163,973.3874776451623,3770.865735159486,11.04504962835791,8.855156508502999
2023-01-01 11:30:00,2384.549356223176,24.28558231817535,86.16161318777054,7.521488439939866,968.7754856034012,3925.371758058116,10.951461621701258,8.78485480721847
2023-01-01 11:31:00,2386.266094420601,21.167510742099612,86.89126178292115,7.482770400906321,984.9348689694016,3949.815061610827,11.06332888851042,8.666339405524186
2023-01-01 11:32:00,2387.982832618026,26.24158368687431,83.81674035450384,7.433478860511639,1032.217064178698,4101.030512344169,10.841256948946876,8.499610303420283
2023-01-01 11:33:00,2389.699570815451,21.856866389885347,62.26437120351023,7.373613818755819,986.5221514391043,3953.8029189244908,11.088117354674743,8.28466750090676
2023-01-01 11:34:00,2391.416309012876,27.721950119482788,81.90901153035537,7.3031752756388615,1029.8945806744446,4102.1336091080575,11.099646157041441,8.021510997983619
2023-01-01 11:35:00,2393.1330472103004,26.557976390342805,85.15506015789241,7.222163231160767,963.6434457114381,4020.151256194765,11.000702251467247,7.710140794650857
2023-01-01 11:36:00,2394.8497854077254,15.783137550478758,77.63912981171683,7.130577685321534,1009.823458016725,4017.923645849861,11.04727393741604,7.350556890908476
2023-01-01 11:37:00,2396.56652360515,16.845474419681008,78.53624137090586,7.028418638121165,962.686880907431,3829.721781058446,11.010870162566494,6.942759286756474
2023-01-01 11:38:00,2398.283261802575,24.143607811841008,71.3225336349948,6.9156860895596575,960.0741093550545,4022.6695866188325,11.061978298124277,6.486747982194855
2023-01-01 11:39:00,2400.0,19.60812330051493,66.32174592189857,6.792380039637013,1001.5795914312049,4031.996776072888,11.059322918816614,5.982522977223614
