TIMESTAMP,MD,WOB,RPM,TORQUE,FLOW,SPP,MW,ROP
2023-01-01 00:00:00,1000.0,18.619829087028936,106.93457129980303,6.5354072388478075,983.1745129875466,3784.3667363980016,10.696487338568593,8.2652139394886
2023-01-01 00:01:00,1001.848998459168,17.454239394997074,110.86318321179067,6.522535402522444,951.127895229487,3838.3319453353397,10.598050364728133,8.224642385170586
2023-01-01 00:02:00,1003.6979969183359,15.061535274486909,118.87492354562927,6.511485569919598,933.9703742493774,3754.201567978146,10.772917071526917,8.182280170903782
2023-01-01 00:03:00,1005.5469953775039,20.363357123036916,92.94726803177338,6.502257741039268,993.4341452523311,3929.5343660455437,10.683077163720494,8.138127296688186
2023-01-01 00:04:00,1007.3959938366718,20.450403608980466,90.09176567625798,6.494851915881456,979.0989030301057,3942.687404952397,10.53853754158356,8.092183762523797
2023-01-01 00:05:00,1009.2449922958398,17.7056056226727,88.42454097574397,6.489268094446159,947.6975198893,3822.631002220125,10.605310414420408,8.044449568410618
2023-01-01 00:06:00,1011.0939907550077,18.742793546521014,100.72111491172082,6.48550627673338,968.776445309479,3791.5528724094693,10.869563193446313,7.994924714348647
2023-01-01 00:07:00,1012.9429892141757,16.498324143913166,98.55422051798658,6.483566462743116,969.8049732876681,3877.9096036930937,10.75227490037256,7.943609200337885
2023-01-01 00:08:00,1014.7919876733436,20.611297084171987,85.95986938476553,6.483448652475371,882.5813630234529,3666.0421958464262,10.715584320949063,7.890503026378331
2023-01-01 00:09:00,1016.6409861325116,18.416689236526373,95.73365464401937,6.48515284593014,942.757714935968,3716.6538195596904,10.723605978532815,7.835606192469986
2023-01-01 00:10:00,1018.4899845916796,16.821565540220252,81.64190324365606,6.4886790431073305,924.6508138088012,3950.5815402600238,10.844628137915437,7.778918698612734
2023-01-01 00:11:00,1020.3389830508474,19.05998035980479,92.1606390154421,6.497498204707515,931.8522512121261,3920.585084360157,10.72796386936159,7.591137842337912
2023-01-01 00:12:00,1022.1879815100154,19.192727409291745,94.92149124161328,6.489888153695303,935.2658896671057,4001.9653731874746,10.661869595413245,7.681041839119994
2023-01-01 00:13:00,1024.0369799691834,22.115412073284002,118.10767232869492,6.480792728870809,1006.1025618214024,3904.0605959680015,10.904861867319008,7.707725192868569
2023-01-01 00:14:00,1025.8859784283513,16.639720850156664,95.71630081968607,6.435654891642697,930.9788171461953,3890.0428806359846,10.74577587375035,7.601445703403524
2023-01-01 00:15:00,1027.7349768875192,21.423754096670056,101.53849826402175,6.552681108819168,964.5183663418916,3820.043659184742,10.685803683854639,7.549598369790976
2023-01-01 00:16:00,1029.583975346687,15.724872773581499,96.64442589656275,6.494362905031776,985.8344846012972,3961.1013738561596,10.65525221690567,7.251369433692588
2023-01-01 00:17:00,1031.4329738058552,20.845967691677902,96.0605775992308,6.530556468354757,982.43742150133,3903.3387035909313,10.61427099844211,7.346526801192997
2023-01-01 00:18:00,1033.2819722650231,17.170078762999946,93.20937605463047,6.647804422073174,954.0850409832432,3885.210621612919,10.681577810062414,7.727926268274473
2023-01-01 00:19:00,1035.130970724191,18.21786644523149,106.30473541839517,6.7684977884314765,874.979639047205,3979.957753161299,10.540708914649327,7.7386216578425255
2023-01-01 00:20:00,1036.9799691833591,17.44683422007808,92.81550896423097,6.776755833440283,903.5423336808167,3778.7738467854615,10.700451595372453,7.537115002491496
2023-01-01 00:21:00,1038.828967642527,18.1779639292588,95.96234205728719,6.743838540617531,920.6756700704938,3851.160942834947,10.762165933780754,7.469561271034826
2023-01-01 00:22:00,1040.677966101695,19.53189423597942,104.7936648180257,6.704197182164048,877.2539314689712,3897.084975733005,10.806443589735192,7.3959474507745355
2023-01-01 00:23:00,1042.5269645608628,17.75607622150526,96.71904314362372,6.719600507231507,930.2272227044795,3849.852212737851,10.673932273843347,7.400929692361848
2023-01-01 00:24:00,1044.375963020031,21.107965709649424,92.06081932022211,6.7913736621197724,964.2752266107352,3864.793539291076,10.765793231642759,7.620071194918119
2023-01-01 00:25:00,1046.2249614791988,16.48916500366511,104.52448256101641,6.794263275107537,967.4671023080887,3912.5325620711615,10.731558442725273,7.6576818789034675
2023-01-01 00:26:00,1048.0739599383667,24.10989307034963,88.75605791654229,6.833187967552089,1033.8735484094782,4094.34187502222,10.696640914499424,7.93048010919606
2023-01-01 00:27:00,1049.9229583975348,21.214134539692036,105.05311289278131,6.839966074215614,936.7608497431476,3809.8199207618272,10.678086418862943,8.187348862708522
2023-01-01 00:28:00,1051.7719568567027,16.09883197327696,106.55978555209839,6.881332840014831,960.9055053595864,3891.740646360639,10.694431198912262,8.386027947098594
2023-01-01 00:29:00,1053.6209553158706,16.295816798535835,89.48380239829795,6.907770986659115,962.3026072455909,3852.624600467504,10.636081800503185,8.674196858327239
2023-01-01 00:30:00,1055.4699537750384,19.882881912901244,100.3039700762461,6.8851789412104605,978.1354655902098,4072.135999307178,10.675631131492045,8.82846152595544
2023-01-01 00:31:00,1057.3189522342066,17.928946231241305,89.02098310354855,6.903405391877406,932.8675750372851,3812.1912131723097,10.696156357583678,8.91391792293609
2023-01-01 00:32:00,1059.1679506933745,22.46289560959261,91.51242986874729,6.876879479676845,955.3030382681817,3922.2012447531592,10.586219436653634,9.029870720455083
2023-01-01 00:33:00,1061.0169491525423,18.39339207545031,103.11324320364481,6.8605561766253365,938.8111403819344,3969.965152401036,10.955698323208532,8.701408776805756
2023-01-01 00:34:00,1062.8659476117102,19.38511289165871,112.84299345493517,6.729052112788695,982.5546673201319,3809.3582170946897,10.714044165697251,8.518701249026481
2023-01-01 00:35:00,1064.7149460708783,17.66728425822755,98.57174205689296,6.704966953769039,898.9781157904213,3817.032895223012,10.724342623193547,8.20925383325764
2023-01-01 00:36:00,1066.5639445300462,21.278990409446514,97.40815299947585,6.585451069768144,976.3683694904147,3879.793543844549,10.922382300014451,8.045772613201049
2023-01-01 00:37:00,1068.4129429892141,16.55193279619789,101.01445419357513,6.552149264251746,959.5929636118783,3785.8348413657022,10.602422475068034,7.961130522929406
2023-01-01 00:38:00,1070.2619414483822,20.01593391864924,83.73719741164535,6.576338233834796,936.572139938698,3723.431558490648,10.809567545578883,7.835898259814195
2023-01-01 00:39:00,1072.1109399075501,16.76936928175021,95.81247206635166,6.423411291275213,952.8144920433867,4048.1452138398263,10.882306680925739,7.1456485197993
2023-01-01 00:40:00,1073.959938366718,17.854902936409697,120.08957271519037,6.292109350395124,901.8375287344351,3794.94866253855,10.579402279336769,6.65244691537714
2023-01-01 00:41:00,1075.808936825886,12.547607477992333,87.59913303911664,6.260590047893183,912.736172934368,3922.1904554737694,10.832024603154204,6.5546388311508474
2023-01-01 00:42:00,1077.657935285054,15.170192556736827,97.44703479058124,6.166387206048055,918.5883978970494,3772.2094068459674,10.66891692501072,6.369304883310344
2023-01-01 00:43:00,1079.506933744222,16.999959364080254,108.5004631616845,6.223356601590022,978.3902968085795,3823.4716659167643,10.814460656461602,6.259665851229507
2023-01-01 00:44:00,1081.3559322033898,18.158114829124397,73.73545956410288,6.192130529580729,921.0799743734248,3824.388116732366,10.679184735636163,6.139618089460356
2023-01-01 00:45:00,1083.2049306625577,17.28826245520857,88.75757564899938,6.175894978733308,998.3943791015319,3826.8487914071206,10.569568167646732,6.277304004720532
2023-01-01 00:46:00,1085.0539291217258,14.479464762604225,92.85546281116528,6.266828216810645,958.4823451490824,3835.340667322057,10.694461405239293,6.5913221547794425
2023-01-01 00:47:00,1086.9029275808937,18.41602973000865,107.56128162053797,6.321061088731767,920.6173824773314,3989.7801793191134,10.781327063534773,6.80542172929155
2023-01-01 00:48:00,1088.7519260400616,14.78205187763126,98.77167912361696,6.425587713843478,990.3686706487266,3754.967648959193,10.939126788370615,7.139245090929276
2023-01-01 00:49:00,1090.6009244992297,21.0347714179124,104.34127253409996,6.34949791659567,993.1504052113914,3953.5487384098533,10.80051994365494,6.969518131660224
2023-01-01 00:50:00,1092.4499229583976,17.0315296994799,94.79625051236557,6.405378905012619,980.952781807853,3836.5298395837167,10.79850822013603,7.395155498360903
2023-01-01 00:51:00,1094.2989214175655,14.778155259901524,104.61101021435312,6.4759941004979975,989.7260361731601,3848.1287424250318,10.837914348770804,7.884946218868181
2023-01-01 00:52:00,1096.1479198767333,16.96124152771677,93.07793055369737,6.455826268385139,983.926842350768,4027.206604058526,10.665716841484993,7.814063346913039
2023-01-01 00:53:00,1097.9969183359015,17.172901393065644,91.21656931269162,6.333647205645324,960.988979421829,3875.0683761973637,10.818960261978512,7.593298304745329
2023-01-01 00:54:00,1099.8459167950693,19.619963422431823,103.67223192828756,6.32813120998188,982.9478393792667,4115.317911848091,10.656717343623589,7.868877567069168
2023-01-01 00:55:00,1101.6949152542372,20.07275943266766,98.21397523132853,6.34592269667133,922.6651682871717,3632.3226541129607,10.616480281327195,7.640169426680851
2023-01-01 00:56:00,1103.5439137134053,13.340978785668636,99.8773500185567,6.357984236192403,967.9796468840468,3830.887058870594,10.568002093369781,7.821574523038515
2023-01-01 00:57:00,1105.3929121725732,19.41221575815567,100.0705484307147,6.371142129702648,940.0854380231822,3856.290919642728,10.609778924105578,7.628012748497679
2023-01-01 00:58:00,1107.2419106317411,11.20266930740741,111.89243684196305,6.470110751409303,883.8714066293045,3907.8950733106467,10.731493144213518,7.541906867314575
2023-01-01 00:59:00,1109.090909090909,24.90274373657174,121.00216444543072,6.46630580931374,968.1503115416238,3778.5149132073134,10.652202642869174,6.961853262542052
2023-01-01 01:00:00,1110.9399075500771,14.520675190674016,98.76614654055506,6.431160418470162,972.911522050364,3815.6097366677914,10.615472336261108,6.899454413335034
2023-01-01 01:01:00,1112.788906009245,12.4444621145999,83.52646851852082,6.473798183906413,972.8603362134786,3904.1357237152783,10.675939203076863,6.986130724983805
2023-01-01 01:02:00,1114.637904468413,15.425632640504634,110.10236847220861,6.4580460267269135,914.6793000225983,3990.1186650017844,10.802543478585052,6.686970942258144
2023-01-01 01:03:00,1116.486902927581,21.45481479448644,98.80360363422662,6.463350715315177,917.6208330994237,3901.4229847177658,10.751666470436101,6.511850830006857
2023-01-01 01:04:00,1118.335901386749,17.85230861277119,79.82657242243705,6.525362382355658,989.4216862268837,3715.025727188747,10.720661741351059,6.57602283794692
2023-01-01 01:05:00,1120.1848998459168,19.619249482533114,94.29493115565253,6.616267176454194,991.0339534253437,4040.158566953852,10.779034790079244,6.609998894787882
2023-01-01 01:06:00,1122.0338983050847,17.214462057638595,95.3049492291805,6.676772522933572,965.8306159945889,3823.1332708634527,10.672035976975161,6.5820500675308224
2023-01-01 01:07:00,1123.8828967642528,16.4934812940026,80.40412983688896,6.680356131199815,911.3918687107133,3847.796864373038,10.685897336888203,6.292198980029112
2023-01-01 01:08:00,1125.7318952234207,15.22596424801327,90.01909082120189,6.71730190445908,902.2481595877118,3746.1057082632997,10.75002856522755,6.212578219849574
2023-01-01 01:09:00,1127.5808936825886,17.547031499055738,99.6329150590513,6.718967773477553,935.2570180010721,3825.6880391693717,10.776217854402448,6.366714833846318
2023-01-01 01:10:00,1129.4298921417565,22.68309147280219,98.90734374965338,6.880497844053561,934.5513220783065,3951.8700864606553,10.649161203627736,7.368243019784731
2023-01-01 01:11:00,1131.2788906009246,18.682333262351772,74.79970889178566,6.926812000772777,948.7111795549024,3847.702057559351,10.771899861130466,7.689963361699719
2023-01-01 01:12:00,1133.1278890600925,20.048471015536418,98.83062751031092,6.859800179140544,970.4347238184276,3841.0241480795326,10.615236389119115,7.817549626468913
2023-01-01 01:13:00,1134.9768875192603,22.055167517543595,99.07536399898235,6.818745315095721,959.5722710800151,3859.2291350144505,10.698771332441822,8.010090343541727
2023-01-01 01:14:00,1136.8258859784282,16.61341750141161,107.15431524352813,6.919788544132033,976.8177503498353,3839.86990250225,10.661465836941643,8.489185523562924
2023-01-01 01:15:00,1138.6748844375963,19.781620341600703,81.1058860972351,6.866666925578393,954.3745005382331,3849.985010187497,10.748297687631425,8.604148508766269
2023-01-01 01:16:00,1140.5238828967642,22.478420990230227,104.89908420552524,6.878776896793806,939.5517736308501,3781.2458883865525,10.736115398929176,8.780875286249398
2023-01-01 01:17:00,1142.3728813559321,21.3029991952844,106.45382766411666,6.795390590217838,997.7026491303194,4110.822248674392,10.674273636051874,8.783999220956224
2023-01-01 01:18:00,1144.2218798151002,22.993077948950805,109.72799848281323,6.758862695413536,925.5758155191434,3746.1794509147635,10.70167380781428,8.734853179897986
2023-01-01 01:19:00,1146.0708782742681,16.670168191767164,104.2763975820602,6.644688627960351,1019.8090231745833,4029.1970199746984,10.629559084338178,8.524189886321194
2023-01-01 01:20:00,1147.919876733436,16.66178280484988,94.9196530426137,6.560425059636996,934.7255824486118,3825.1411827973943,10.833436782118952,8.613188291298572
2023-01-01 01:21:00,1149.768875192604,14.944334159160688,122.47837006650654,6.604875280925255,927.3667509295225,3950.36360657357,10.744282756705635,8.542100674375206
2023-01-01 01:22:00,1151.617873651772,18.629316517557218,117.31720651116305,6.527002968704041,1007.5900393082436,3920.67996449007,10.607287592465537,8.034525811447947
2023-01-01 01:23:00,1153.46687211094,16.327084231137857,102.30007433088376,6.49983008855962,975.8954344519901,3872.557089048446,10.707424181825056,8.161719637683301
2023-01-01 01:24:00,1155.3158705701078,14.797489420536696,84.9446889218718,6.55766718619916,937.650209301164,3938.0582608671634,10.731208667543505,8.044225725042281
2023-01-01 01:25:00,1157.164869029276,19.248071500759472,92.91344246238427,6.585268959513504,898.2759827364097,3877.609675401618,10.686147734323017,7.76133128420619
2023-01-01 01:26:00,1159.0138674884438,17.021562529531394,96.84133955106485,6.573955874443797,957.740426083696,3935.1721000851308,10.864033954663336,7.49959898351697
2023-01-01 01:27:00,1160.8628659476117,21.57678400938947,96.16221639142438,6.632134717368176,899.2307414640006,3949.221261573213,10.85674877435458,7.508611533135674
2023-01-01 01:28:00,1162.7118644067796,19.89362934868387,93.95134099632641,6.646043668181699,917.863076202253,3995.376107766074,10.55656996014114,7.326130038104016
2023-01-01 01:29:00,1164.5608628659477,19.765146473240716,96.98730569311981,6.677365467240717,923.1852178670562,3766.923047462306,10.726859884244055,7.718307759317448
2023-01-01 01:30:00,1166.4098613251156,14.444089721738607,95.36142646581675,6.678090792023173,973.9121567783499,3969.394871641875,10.870192174912203,7.889300468842186
2023-01-01 01:31:00,1168.2588597842835,19.480885431569604,85.67509660863963,6.641886826537657,968.028762575706,3902.098057674094,10.592802809766743,7.677974591782052
2023-01-01 01:32:00,1170.1078582434516,19.464829313955246,107.21450585768437,6.656865885142022,964.3787426928119,3957.4643956732107,10.8556589294648,7.759915527196609
2023-01-01 01:33:00,1171.9568567026195,18.597197939722783,84.43320398006418,6.649386310707458,924.3886600484053,3750.563062365308,10.661093418444239,7.551507023016758
2023-01-01 01:34:00,1173.8058551617873,20.09592830898871,95.88620704533018,6.612785918719594,960.7139116044666,3750.436769254201,10.800034510216962,7.614089498169824
2023-01-01 01:35:00,1175.6548536209552,14.81382576948567,117.38739579395165,6.626344772588575,973.6032576379978,3902.1706282026225,10.643028741292557,7.586061278008701
2023-01-01 01:36:00,1177.5038520801234,19.462852020900712,100.80506613298847,6.6493896845333,952.3884299015491,3981.218698622127,10.748523183727476,7.369266676417789
2023-01-01 01:37:00,1179.3528505392912,14.241506592380356,104.42531548636444,6.586356558134501,961.7981575812689,3853.4248324980463,10.86256315385997,7.342773944945512
2023-01-01 01:38:00,1181.2018489984591,16.739026750120097,104.78416447310777,6.595268945022488,949.074595239666,4085.532716651329,10.701697390245185,7.267156776800215
2023-01-01 01:39:00,1183.0508474576272,21.86668501832385,84.40402859719457,6.507209878875006,931.0003726972054,3994.6753675897753,10.697965006846012,7.467862454577649
2023-01-01 01:40:00,1184.8998459167951,17.499298776475268,85.95092385776825,6.4937346461958585,948.4541636814262,3956.8894793463633,10.814330341368173,7.6425710524889405
2023-01-01 01:41:00,1186.748844375963,21.95039248177871,88.88291899430092,6.486612314891114,981.8699381051327,3937.7166600905452,10.836785810403802,7.553422504197617
2023-01-01 01:42:00,1188.597842835131,17.564783192413092,96.59727337610666,6.523738160872587,927.5482492755974,4165.5559791287305,10.853538370520326,7.636693553845988
2023-01-01 01:43:00,1190.446841294299,20.916361739176406,91.4851917429415,6.634926414375107,1019.1425596183484,3941.484664686018,10.69200783304103,7.848636689504275
2023-01-01 01:44:00,1192.295839753467,19.647224887244512,80.68568351860657,6.7398114085383005,944.9911288515303,3930.3167341798912,10.697574363188936,7.690996813332806
2023-01-01 01:45:00,1194.1448382126348,16.39396240406224,81.63837273128064,6.900720915802465,952.1634750697823,3814.9659081230852,10.761415738969266,7.569824341768501
2023-01-01 01:46:00,1195.9938366718027,16.566238325691952,115.88706966197581,6.970261238821456,971.7772561114984,4028.2469431962045,10.640945232251546,7.35314388872845
2023-01-01 01:47:00,1197.8428351309708,18.829414905451383,99.37425613021506,7.0725975354821085,963.6565943113319,3848.2814093714737,10.715214943195011,6.897944150510861
2023-01-01 01:48:00,1199.6918335901387,19.771637162755535,91.97426050249659,7.174380027070857,957.566795840583,3888.831732285746,10.700618607707383,6.425457223638833
2023-01-01 01:49:00,1201.5408320493066,30.0383211516917,74.82574335463674,7.261274889508263,992.7274852743845,4006.0661098272003,10.719553334085077,6.204424940899408
2023-01-01 01:50:00,1203.3898305084745,32.210890171535524,73.66494513171016,7.413796822545391,942.0009198830438,3891.1065946116787,10.630051990320666,5.734449250865315
2023-01-01 01:51:00,1205.2388289676426,32.53818208690017,72.42956505667146,7.5030349836507515,986.8046409979399,3977.1556660973642,10.9161865213798,5.188096106501327
2023-01-01 01:52:00,1207.0878274268105,23.17969811935948,76.77538402494024,7.667064621915812,925.9187380270182,3902.1663285757927,10.652513521636221,4.846896817643952
2023-01-01 01:53:00,1208.9368258859784,30.94028719639467,66.19604745750166,7.727200797628556,953.0744340736079,3894.7440502968598,10.580634549995912,4.303936467808755
2023-01-01 01:54:00,1210.7858243451465,25.156953233173326,74.60438673994382,7.852726964967563,962.8420241431337,3696.1891365824163,10.912192857872034,3.9893487629617197
2023-01-01 01:55:00,1212.6348228043144,21.931780153477018,71.19395723704237,7.981670558216202,960.8995171359746,3905.850821814181,10.857863349706586,3.6745916992475967
2023-01-01 01:56:00,1214.4838212634822,27.408084052844185,70.88693111628679,8.098745189436148,949.9346134397272,3853.3970023033444,10.736661821188251,3.37873489284001
2023-01-01 01:57:00,1216.3328197226501,26.318457384790413,93.17891738046619,8.026674659337818,951.8432359849155,3924.978829982328,10.708870528559759,3.3245418037107646
2023-01-01 01:58:00,1218.1818181818182,21.933899808706403,73.703197316814,7.950715569307689,960.4050574239631,3919.265566878765,10.7562590366884,3.224953947246707
2023-01-01 01:59:00,1220.0308166409861,25.80293296850025,64.6393890623931,7.866757917552852,978.5478539237968,3841.0062545037085,10.70927505358807,3.471009191303941
2023-01-01 02:00:00,1221.879815100154,26.282319472643962,74.58491768537921,7.839261767873258,977.173775613111,3861.881159404087,10.711613860020657,3.5416364330476795
2023-01-01 02:01:00,1223.7288135593221,26.86320072982918,62.11709606185736,7.863036533426755,936.4452310053462,3679.4459809119517,10.873788715580842,3.503710415762789
2023-01-01 02:02:00,1225.57781201849,27.685719133991434,85.64461448705065,7.83405718675817,910.677865399247,3809.2493896128276,10.938412290830774,3.629632783630765
2023-01-01 02:03:00,1227.426810477658,26.51502565242938,81.66288948788929,7.8030616280630385,921.8924906460998,3730.9615916648763,10.894350762239302,3.661917583114472
2023-01-01 02:04:00,1229.2758089368258,25.847800627235245,82.03369745905808,7.843054609380166,933.9229603992337,3777.450450603333,10.732552046472641,3.676823007761463
2023-01-01 02:05:00,1231.124807395994,26.39778509971258,78.46266379675612,7.804649225458281,891.8189778095627,3736.127535733245,10.763126321492829,3.6377041508318753
2023-01-01 02:06:00,1232.9738058551618,21.167204093333584,76.95409961412295,7.743476930094313,933.7003155306311,3882.155383101297,10.765204969217407,3.647365973080758
2023-01-01 02:07:00,1234.8228043143297,27.463403280922577,76.3239084376913,7.720975186714581,970.9394289668674,3900.30496106864,10.799908246753107,3.583441122358029
2023-01-01 02:08:00,1236.6718027734978,27.545355354440968,85.81822652133431,7.71310324876096,984.8930817391933,4052.2412163035706,10.607261017938827,3.820749405038511
2023-01-01 02:09:00,1238.5208012326657,25.002632619886406,79.59657904907438,7.662153183661909,992.1587130831879,4147.288727955175,10.932713780102729,3.7564636332291457
2023-01-01 02:10:00,1240.3697996918336,25.493010599957284,83.82302340497938,7.659495884655701,940.1052570951503,4059.2606509000702,10.900529163636064,3.696521055513231
2023-01-01 02:11:00,1242.2187981510015,21.868320965695283,81.86522529393329,7.669377523953448,948.3765846182644,3845.5468127286063,10.846048083645636,3.741691950084281
2023-01-01 02:12:00,1244.0677966101696,28.205163335726446,70.77813172484997,7.691798101555148,915.6555536714073,3865.292115244343,10.766713424425468,3.7712959833799995
2023-01-01 02:13:00,1245.9167950693375,24.90832258887104,68.80850989745161,7.726757617460803,931.9882338211347,4006.195832054887,10.892852379959919,3.9070441645045806
2023-01-01 02:14:00,1247.7657935285054,22.707686708897228,93.53853692301372,7.77425607167041,990.2762543402106,3827.0842534505646,10.763824771916966,3.8736325543231005
2023-01-01 02:15:00,1249.6147919876735,29.988228550715963,68.78225958448074,7.834293464183972,998.1351293772238,4150.572315624674,10.762578398780645,3.934552920481446
2023-01-01 02:16:00,1251.4637904468414,26.041002151068177,71.21462417462172,7.906869795001487,970.2655364567094,3845.332932047321,10.889860354039017,4.093963679446245
2023-01-01 02:17:00,1253.3127889060092,28.5872173392279,87.0054955475177,7.852571475241924,1034.8433245950112,3867.51405320384,10.786840428066533,4.0457735544917375
2023-01-01 02:18:00,1255.1617873651771,24.78849794381775,65.52188235041349,7.89213668730025,914.7698946759721,3892.0032131914154,10.950309675707743,4.054549851773835
2023-01-01 02:19:00,1257.010785824345,28.439266250778847,79.1899283043355,7.939189620674088,957.9772943963212,3772.152151547096,10.773898243689139,4.09875859123801
2023-01-01 02:20:00,1258.8597842835131,26.603934930237592,74.17357829350446,7.962465552108466,1027.6743253211473,4056.511989076048,10.850079490660429,4.0921907767861825
2023-01-01 02:21:00,1260.708782742681,26.17403491445509,81.90878980030085,8.01146696009042,908.6313575985755,3871.5246356072817,10.863230715055645,3.999633110053999
2023-01-01 02:22:00,1262.5577812018491,26.681723740175762,80.10426376165879,8.001123292219695,915.0568908508395,3927.8144536937393,10.67296586301023,3.9555037843092133
2023-01-01 02:23:00,1264.406779661017,26.96093846215888,75.5193395130241,8.100015189039249,1021.6277069259978,3950.8923947779726,10.729749107079183,3.906494330442632
2023-01-01 02:24:00,1266.255778120185,23.305887323876085,82.90386424956856,8.087199443918065,1012.782018655536,3916.361295190098,10.769247851099948,3.740613429393883
2023-01-01 02:25:00,1268.1047765793528,25.64885455943763,78.96651824078403,7.996602336153157,990.2826624269708,3998.033827602029,10.820092116852585,3.708783372167372
2023-01-01 02:26:00,1269.9537750385207,27.53163467896553,72.12352036326537,7.96828847076378,983.3362663667006,3777.5852758071705,10.678077075804488,3.733890602583788
2023-01-01 02:27:00,1271.8027734976888,28.270535012808605,67.60155695340279,7.951323178262988,944.3368697859584,3850.4162965405217,10.800136825727522,3.6901670098350494
2023-01-01 02:28:00,1273.6517719568567,25.144294138799697,71.87942253201118,7.944194738113805,916.9117298604662,3848.188210521483,10.732104238495195,3.7611817425579943
2023-01-01 02:29:00,1275.5007704160246,28.48297285603713,69.57678493262905,7.913529367607237,926.1229291327352,3800.790576542343,10.734727730159157,3.613569054980018
2023-01-01 02:30:00,1277.3497688751927,25.56067066203503,71.38817225401995,7.888125488586895,952.2216778576526,3682.960878324489,10.789472321248864,3.6602493847033277
2023-01-01 02:31:00,1279.1987673343606,28.447615511017933,77.64645385609816,7.867983101052784,941.9399177165263,3942.518357608152,10.65372520988924,3.7541336353766663
2023-01-01 02:32:00,1281.0477657935285,26.841764463271534,89.14204423137836,7.8531022050049,965.6056264495003,3736.2225328153436,10.602962303168177,3.8047281078158504
2023-01-01 02:33:00,1282.8967642526964,19.86806157584197,84.04411149302442,7.843482800443248,905.3024554842908,3821.762973373337,10.945088089485056,3.7645516128674537
2023-01-01 02:34:00,1284.7457627118645,28.09409704910321,80.34690708481071,7.859411225076169,927.2164498585308,3860.0666784838086,10.771701363457723,3.8597706253982182
2023-01-01 02:35:00,1286.5947611710324,24.19791208802958,77.11335778434032,7.849044615871226,984.8300731850776,3943.7743501086798,10.835914822344943,3.9197316937071567
2023-01-01 02:36:00,1288.4437596302002,26.651431647334398,76.74437333664497,7.845125833691014,991.2124379773666,3854.351930872517,10.917408713233531,4.085507466693509
2023-01-01 02:37:00,1290.2927580893684,26.309128831684387,69.25297189570452,7.847654878535528,977.3925414166717,3802.757472298998,10.610948538655993,4.140033176885836
2023-01-01 02:38:00,1292.1417565485363,23.445303886442307,84.08203925893426,7.8580457226664375,908.6993946732234,3956.031608808539,10.765270889429942,4.208372956475423
2023-01-01 02:39:00,1293.9907550077041,27.992705572995646,79.75535904996408,7.880966496871813,935.1497654891103,4197.574203502458,10.745124468739789,4.228796271463101
2023-01-01 02:40:00,1295.839753466872,27.740275144056152,66.93842068625311,7.947760646465897,1005.9266800711616,3732.2423584843523,10.791377237205136,4.209427740915911
2023-01-01 02:41:00,1297.6887519260401,26.424432294883964,75.12803894149305,7.943441258735722,960.0967963925037,3942.1068854610053,10.685666811284284,4.084815886218799
2023-01-01 02:42:00,1299.537750385208,26.60953719750642,71.12341049436462,7.949073847771726,1005.9878367896059,4037.1141788720374,10.714107205705648,3.946114950795121
2023-01-01 02:43:00,1301.386748844376,27.855798865885415,93.96755401099195,7.9861736278358695,974.4909747335698,3988.222260259412,10.600787633543607,3.9116470072641527
2023-01-01 02:44:00,1303.235747303544,23.235572563317778,71.58545423653523,7.895562248959126,885.022296821715,4067.6461575404396,10.803882304677318,3.841966737328436
2023-01-01 02:45:00,1305.084745762712,28.142104682472613,77.99486180083356,7.876941477548867,993.4587740123737,3843.7666302604543,10.781954292742236,3.915058817513264
2023-01-01 02:46:00,1306.9337442218798,27.26275720220006,65.32984402875945,7.865755700517314,931.8282588653361,3654.923415358092,10.699562222470583,3.994240181133409
2023-01-01 02:47:00,1308.7827426810477,27.531376997277935,70.82853312442852,7.862004917864466,974.4970983052352,3899.896112984764,10.643926316870159,3.9860912786512035
2023-01-01 02:48:00,1310.6317411402156,23.144119302919552,71.99324272676397,7.853465411046926,985.724484092892,3922.8668342158976,10.710614003142748,3.9232389788926976
2023-01-01 02:49:00,1312.4807395993837,23.08676330200373,60.0,7.8306929792481235,975.0297161324868,3711.5228397737887,10.732391285612684,3.867021063492362
2023-01-01 02:50:00,1314.3297380585516,21.15340142911924,77.70589784193119,7.831711732883781,953.367065810857,3781.0589608572886,10.915317930318418,3.7969611285903175
2023-01-01 02:51:00,1316.1787365177197,27.982151830531016,76.086875410996,7.838679171463831,941.1986729247667,3853.968463533491,10.865239591900503,3.780499567157714
2023-01-01 02:52:00,1318.0277349768876,30.323118867953042,86.00567421496838,7.8515952949882735,961.092575285379,3816.3017252866766,10.892778893121498,3.7312981543935275
2023-01-01 02:53:00,1319.8767334360555,25.322445839366004,71.2577242187686,7.87046010345711,950.8161155644566,4070.6852575345097,10.883683886237984,3.6902985171442433
2023-01-01 02:54:00,1321.7257318952234,30.354284947547253,61.83247216129189,7.895273596870339,1013.0945948887907,3903.1311807013503,10.844128950984752,3.7578729102537918
2023-01-01 02:55:00,1323.5747303543912,27.97339471465529,66.81222510905796,7.893292914365369,967.5093842191128,3932.85356698995,10.656897462308233,3.7095930001863717
2023-01-01 02:56:00,1325.4237288135594,25.87068716376026,78.93079872480219,7.920295386587081,907.049614487793,3916.224642559494,10.766798611876316,3.745620800335501
2023-01-01 02:57:00,1327.2727272727273,28.00519851665722,65.64951984832706,7.945939925261995,995.6124418690049,3978.276294644186,10.62421221497159,3.7610241140768568
2023-01-01 02:58:00,1329.1217257318951,31.161708387222546,79.5965160254204,7.976576899168093,957.0328481281889,3868.26099231149,10.733422148738677,3.7049729393507365
2023-01-01 02:59:00,1330.9707241910633,27.12847560241615,72.32765556847174,8.009924107461988,963.6235869651708,3886.7032096955068,10.700856365343013,3.605677854919895
2023-01-01 03:00:00,1332.8197226502311,30.761858846255155,79.13654513699998,8.06792008473812,974.8327982229432,3879.822615499147,10.747867988396042,3.5133895187467115
2023-01-01 03:01:00,1334.668721109399,29.12978358848537,66.69563202907514,8.008259144068644,955.1715790854967,3948.173160627114,10.892216778209336,3.4451988498270616
2023-01-01 03:02:00,1336.517719568567,26.041294164300353,79.90139732465774,8.002165187354892,941.58418873039,3776.4317564045728,10.902734607005954,3.3976155052011747
2023-01-01 03:03:00,1338.366718027735,28.551582955199493,72.7824831742202,7.999412841736485,952.6840398993343,4062.2103694464913,10.832555387424918,3.5124501172992346
2023-01-01 03:04:00,1340.215716486903,25.809103663840105,75.68730661619556,7.967101321620195,981.884922905299,4137.161364955819,10.863009994508454,3.565133665570377
2023-01-01 03:05:00,1342.0647149460708,26.668249373101666,66.19398604992224,7.955548721415071,1000.1953266283041,3941.3025181800017,10.887971578744446,3.606201339499404
2023-01-01 03:06:00,1343.913713405239,23.235758927488668,81.64895321096135,7.946186288497306,910.8500899322569,3678.8508893202816,10.780370449478426,3.561584851764098
2023-01-01 03:07:00,1345.7627118644068,25.26354638588037,76.34591274704712,7.947348535594869,959.758437819116,3995.1207766623465,10.725371524738955,3.549363375822747
2023-01-01 03:08:00,1347.6117103235747,29.029794680788164,72.48381597930783,7.937736152402941,937.9584200977712,3966.9415510393683,10.752992854299208,3.53714560224605
2023-01-01 03:09:00,1349.4607087827426,29.609481075366688,77.38088297380995,7.933218880168338,972.9114344221678,3775.7457351403327,10.759968899142986,3.606179331403016
2023-01-01 03:10:00,1351.3097072419107,22.1816750209873,70.14005095664842,7.975088382015584,939.5439060975558,3881.34503824528,10.915577854588294,3.6608309286889797
2023-01-01 03:11:00,1353.1587057010786,26.959416808231,84.62735629113439,7.9459348619162995,940.9928789926649,3932.9106838673238,10.75840281013623,3.6932336216042674
2023-01-01 03:12:00,1355.0077041602465,27.096429017947614,73.07256602223927,7.922376298130669,996.8024996963019,3961.855923984833,10.904868181071407,3.735764787255726
2023-01-01 03:13:00,1356.8567026194146,26.415773113565873,66.35876694758166,7.90441269065869,945.5930324185007,4103.2855207047405,10.83462370386224,3.6218068803111474
2023-01-01 03:14:00,1358.7057010785825,25.365134306712758,68.6740408571062,7.8920440395003615,978.0935370966853,3907.1246672251395,10.913255778681323,3.5808979854969905
2023-01-01 03:15:00,1360.5546995377504,29.687074362045575,67.7727388512421,7.890475632686332,965.848239760504,3976.3909002998,10.855338985503112,3.657925888144489
2023-01-01 03:16:00,1362.4036979969183,33.68066182837677,70.72211053390652,7.886405067471614,999.2245534863288,4077.300834982696,10.720152041637752,3.7172858104426822
2023-01-01 03:17:00,1364.2526964560864,24.80795930200788,77.89021569227216,7.887638920689965,939.6163441942737,3826.937156842541,10.964274380130705,3.7692874277473423
2023-01-01 03:18:00,1366.1016949152543,29.555832289794527,70.94320131683965,7.889523626680133,968.7957588869457,3841.626809462785,10.7919395029672,3.815803158488634
2023-01-01 03:19:00,1367.9506933744221,25.668617873164703,68.28702642355752,7.897414180709496,962.5588316398747,4038.9236904080785,10.973014252998903,3.8359456967474417
2023-01-01 03:20:00,1369.7996918335903,21.1059434353136,69.92768226187391,7.911310582778054,989.4215683046948,3938.7046531377355,10.707723129864076,3.8726098609027124
2023-01-01 03:21:00,1371.6486902927581,29.50546744366618,66.6883373189578,7.880061046170895,988.1177047729199,3975.875750003795,10.68024199985203,3.8989671006830107
2023-01-01 03:22:00,1373.497688751926,24.697506551643748,60.0,7.884655899853295,948.9504739481492,3973.6297604450415,10.9405379966583,3.899049411611349
2023-01-01 03:23:00,1375.346687211094,29.48985166718968,74.33479498637574,7.893403275969278,980.832168570188,3855.837511167689,10.88290867852409,3.9525808814060053
2023-01-01 03:24:00,1377.1956856702618,33.89633607955145,65.8969072689555,7.906303174518842,1004.8690838187916,3965.9052090673613,10.82173421907312,3.8881375119427575
2023-01-01 03:25:00,1379.04468412943,24.945800229290093,68.48833304325841,7.920409133863841,959.6092778417232,4052.9240776439256,10.776095867360336,3.852026751753601
2023-01-01 03:26:00,1380.8936825885978,25.437650681743577,64.11044688339234,7.940386384931342,955.3261411761837,3995.127631397047,10.676217805158013,3.831923554445711
2023-01-01 03:27:00,1382.742681047766,23.607477093234483,77.18474615302584,8.202936559355667,1001.3730436562768,4096.453284912667,10.901200107475422,1.4941051217334176
2023-01-01 03:28:00,1384.5916795069338,26.464471692987537,60.0,8.353131450138715,987.2089874370429,3894.349492406813,10.820050048792407,0.350586034219146
2023-01-01 03:29:00,1386.4406779661017,26.60305069353901,74.09909815918829,8.397282953773335,946.6385711474715,4152.294000916775,10.87399002324945,1.4322275813271574
2023-01-01 03:30:00,1388.2896764252696,29.171581701934414,66.73209546514926,8.25167477878287,945.0828976582976,3813.032590089233,10.863627532943607,0.9749886953197586
2023-01-01 03:31:00,1390.1386748844375,24.931485565618736,73.40437086465327,7.98299188524932,991.2385834035632,3951.7751032261503,10.905036794495471,3.583908872676214
2023-01-01 03:32:00,1391.9876733436056,32.92210269157192,73.29275173392156,7.702185055826438,935.0519118450999,3854.2492302149253,10.737640943563097,6.562247365196039
2023-01-01 03:33:00,1393.8366718027735,26.23790471819978,76.54180799016818,7.336421192209147,920.9006819476009,3943.3234222746337,10.719908549430059,10.450328684151332
2023-01-01 03:34:00,1395.6856702619414,26.8275740791322,82.3771484324048,6.905837960083992,979.5312993238476,3981.506015889072,10.839748000337714,14.220243095051327
2023-01-01 03:35:00,1397.5346687211095,27.38428285679057,75.76038675530964,6.486251869759798,950.0739587009282,3898.760131210933,10.827602036736613,18.598878847718378
2023-01-01 03:36:00,1399.3836671802774,28.573064278258016,82.52937708894571,5.99158259708307,921.8400482240868,3883.0548697411114,11.058980315925753,22.793324943007242
2023-01-01 03:37:00,1401.2326656394453,8.59775327368828,153.4270564201505,5.488968367495147,944.019036029374,3843.322646141405,10.77923586851189,27.163017208980083
2023-01-01 03:38:00,1403.0816640986131,9.249099096048496,134.31911389131082,5.0168771907840535,941.9346438345243,4023.776887120482,10.836291591134758,31.76947267830092
2023-01-01 03:39:00,1404.9306625577813,7.973501220876318,135.80968184847288,4.486778538922009,958.9806148356198,3881.8239723094252,10.918908576851905,35.20129981358874
2023-01-01 03:40:00,1406.7796610169491,10.961573957353579,136.44071439974667,3.99334212149242,926.2844734862335,3875.3448750189223,10.771561404843183,39.46763338184337
2023-01-01 03:41:00,1408.628659476117,9.35952454415579,101.66337557255495,3.6067744754682343,912.9274090663223,3942.5330693937017,10.76008201330042,42.440370098833874
2023-01-01 03:42:00,1410.4776579352852,8.760351868299102,124.67728564903285,3.2926561340067333,948.9092707603384,3900.012818122591,10.830990751337808,44.34978023565863
2023-01-01 03:43:00,1412.326656394453,9.369328277424161,126.79245216607924,3.0262221956942477,969.4767826985419,3934.728250899963,10.801269223228035,44.35419583556821
2023-01-01 03:44:00,1414.175654853621,9.857686759678923,99.6947855050983,2.8995199751496803,969.7590122665562,4180.556741595105,10.815176521519424,44.80687795352125
2023-01-01 03:45:00,1416.0246533127888,5.889276320351529,121.03654510847163,2.883459656917699,1046.4320314479273,4051.2506750060934,10.950886885601646,44.402942371629095
2023-01-01 03:46:00,1417.873651771957,7.818262089088489,129.21232838056753,2.9671578079260406,970.688498688561,4012.750058518845,10.80164434153809,42.311372432944815
2023-01-01 03:47:00,1419.7226502311248,7.119490764192176,120.29170282301244,3.186305834246844,956.2801395708474,4046.5274421390845,10.86580966635338,40.15420027734217
2023-01-01 03:48:00,1421.5716486902927,5.987449380020156,131.54079543110345,3.2256980696878843,950.7253611650121,3946.5269979310415,10.7072687191107,40.26998362147896
2023-01-01 03:49:00,1423.4206471494608,11.480090574974167,118.02706925864332,3.170820288926841,1005.0874811568219,4072.5419496020795,10.780148316318558,40.19504048479025
2023-01-01 03:50:00,1425.2696456086287,9.737880717407537,111.09988978945708,3.1566871046513705,988.420658633184,4014.0254251290503,10.796431280907074,38.862787297977086
2023-01-01 03:51:00,1427.1186440677966,6.989084916729184,129.76239641591127,3.188572006710112,979.524970643701,3969.2847635898743,11.040540948561224,40.06914630869035
2023-01-01 03:52:00,1428.9676425269645,8.229508203391655,108.8269565820597,3.1854888190480137,988.9877433514916,3982.3957395815487,11.014807890964045,39.005164681123965
2023-01-01 03:53:00,1430.8166409861324,10.519786752634827,137.59987513397473,3.241508895532972,918.3716752066674,4011.6332887662898,11.03728725401184,38.78008586209866
2023-01-01 03:54:00,1432.6656394453005,6.703488628618856,133.0096563649643,3.3253667497988433,961.327507441875,4098.425574392043,10.55866476134163,39.59579298328477
2023-01-01 03:55:00,1434.5146379044684,10.60432376363921,129.86176740536018,3.4018890539960895,958.2990562249976,3925.602624948175,10.828388252257884,40.98217542082244
2023-01-01 03:56:00,1436.3636363636365,8.440914282933148,145.92667763445212,3.4053065138966865,915.8299190260296,3846.7654106172763,10.758497286335999,43.81341179412501
2023-01-01 03:57:00,1438.2126348228044,7.0904044226094305,140.84667290525172,3.424836334970335,1017.0216428264541,3821.7736963304164,10.89346397290975,44.6393691748609
2023-01-01 03:58:00,1440.0616332819723,6.975541764585534,102.92766587144247,3.4336846402652315,1013.8499783246307,3925.1747633027953,10.821590773265848,47.0349133124082
2023-01-01 03:59:00,1441.9106317411402,10.683452622795008,97.01698562893037,3.368896152817557,963.8343869880873,3881.1366935868514,11.004491340698948,47.639055920341775
2023-01-01 04:00:00,1443.759630200308,8.276597887712827,126.83707744019475,3.4385860035029583,930.7670633321121,3880.522178799574,10.819989048163695,49.19728802307465
2023-01-01 04:01:00,1445.6086286594762,8.885880859453192,139.2490103921331,3.5063772088595533,953.0816265262854,3953.8321061591596,10.83158866806694,49.14002320312059
2023-01-01 04:02:00,1447.457627118644,9.760517233088198,140.52348209547446,3.502648962339447,999.9590525298728,4093.3657096634415,10.968563780860483,48.46002152094641
2023-01-01 04:03:00,1449.3066255778122,12.105114085031444,123.20074768445349,3.497179459836685,960.6352477313849,4035.003431618069,10.656159568815914,48.78907242271311
2023-01-01 04:04:00,1451.15562403698,7.908514697485274,143.4208922306154,3.501184873238567,1000.7005914095055,3990.291461068379,10.875296241896569,48.980349663743105
2023-01-01 04:05:00,1453.004622496148,10.58045505290602,130.55878581630859,3.4890894977475844,975.1503323775819,3757.3693148866655,10.750386607983067,49.06068720275907
2023-01-01 04:06:00,1454.8536209553158,5.353929061580095,129.64236979473182,3.4189665920675414,989.7880320316707,3971.5214524472535,10.661877053690349,48.16334902499256
2023-01-01 04:07:00,1456.7026194144837,8.843070657938766,132.64017238401158,3.4173031201068302,908.3569137592158,3950.9934153808085,10.806657296418685,47.87589604968332
2023-01-01 04:08:00,1458.5516178736518,9.060141379537994,121.29177162989875,3.4061965207292397,959.4611207882723,3766.8882036671657,10.876634012711406,46.33693651525022
2023-01-01 04:09:00,1460.4006163328197,10.15167761689846,104.90457358484878,3.320946503685717,969.4583806378581,4095.481520787011,10.91152993494393,42.8687475625262
2023-01-01 04:10:00,1462.2496147919876,8.249020893735427,130.47969321646474,3.3828363077204218,975.9592483296575,3911.5364021625155,10.888509654757502,42.34137494317827
2023-01-01 04:11:00,1464.0986132511557,8.31940698474033,115.52561182333115,3.3090888854018363,920.1232328303314,3805.2797744380828,10.963843659968513,40.74693702056085
2023-01-01 04:12:00,1465.9476117103236,10.136106153621302,116.68415913750698,3.315358526151118,1003.8601870522958,3979.4069240247595,10.730741131285715,39.877694449376435
2023-01-01 04:13:00,1467.7966101694915,6.830984735656724,125.62762077610488,3.3675654198677707,929.4328906413224,3815.823020400895,10.878865853006861,39.8857890434426
2023-01-01 04:14:00,1469.6456086286594,10.060345547094169,100.33800478556132,3.3085246108397195,970.4454642090033,3970.4442040498543,10.837765837869567,41.481493560292996
2023-01-01 04:15:00,1471.4946070878275,7.113446236971514,132.5252408724653,3.2463469140268137,1026.8446326503713,3958.034921790753,10.947919642341907,43.40989882194643
2023-01-01 04:16:00,1473.3436055469954,9.078162261707039,119.51248624997854,3.2390371140523238,954.1980224998075,3715.9226278897604,10.999711095544711,45.84274788556788
2023-01-01 04:17:00,1475.1926040061633,7.9648678944301565,124.74126894323473,3.2531639940598036,968.0021876194356,3940.858759980398,10.86501065599059,46.23371535514707
2023-01-01 04:18:00,1477.0416024653314,7.596274775206015,124.50539429413446,3.2406401709706962,1003.3958795256636,3906.438580138538,10.89046944363314,46.65682556481783
2023-01-01 04:19:00,1478.8906009244993,11.187874695905036,147.4535527010876,3.2281763063208118,874.6580736327245,3883.25023701936,10.940349515170757,46.9590645964885
2023-01-01 04:20:00,1480.7395993836672,6.499817089841901,134.786988041766,3.26126239116679,1006.3769368042531,4190.790590050329,10.867123714704666,46.973801453469676
2023-01-01 04:21:00,1482.588597842835,8.744231912911797,130.5156744576973,3.2008485645813822,992.7148272255963,3768.792556402031,10.693412137480935,46.883422541247484
2023-01-01 04:22:00,1484.4375963020032,8.880406347857786,108.32529748761145,3.1810683048071637,968.9676093929708,4146.88863824494,10.995866859586064,45.96817976828363
2023-01-01 04:23:00,1486.286594761171,8.282682109986396,132.8962412487219,3.2145120283062423,982.119779093876,4132.6472982037885,10.908653288731651,48.86714563386312
2023-01-01 04:24:00,1488.135593220339,10.171126737516504,110.53062090481966,3.199191401363481,874.2415860175084,4054.8990591385063,10.969036845663615,48.95950237038382
2023-01-01 04:25:00,1489.984591679507,9.071891719802998,90.27251014541179,3.217051070339649,959.1883260940236,4005.6178290565626,10.826074634162849,49.80438713784594
2023-01-01 04:26:00,1491.833590138675,6.863910619895526,103.76947062610965,3.2024908803132477,943.5948741161704,3870.5605214524576,10.68052767402586,48.11489124454461
2023-01-01 04:27:00,1493.6825885978428,9.605110899265345,116.12283252250886,3.246620162364897,958.1573572826361,3744.0693337230855,10.85880271852919,45.54815833087829
2023-01-01 04:28:00,1495.5315870570107,10.869093794530242,109.54422097544561,3.244020640731625,972.4575507883279,3917.349585782388,10.76635600053379,44.88423197783501
2023-01-01 04:29:00,1497.3805855161786,6.425329520614733,137.9519674513765,3.2380038662800725,987.8535990649619,4060.163733655064,10.936893092868813,43.28649433527924
2023-01-01 04:30:00,1499.2295839753467,9.404189416634406,145.09031378107628,3.305208277070086,970.3452731048455,3953.074463748145,10.886522581914198,45.77281818188227
2023-01-01 04:31:00,1501.0785824345146,10.69614183546613,116.92770106319857,3.301966450842722,985.34282664527,3866.093207743272,10.6948018422308,43.79866323802947
2023-01-01 04:32:00,1502.9275808936827,9.575622680978427,142.499650555954,3.3533062583433577,1002.0574330197711,4246.370826990718,10.824811238164957,43.691723551736516
2023-01-01 04:33:00,1504.7765793528506,6.455772977468172,99.18905099386541,3.323728659746947,936.3447778790045,3913.4778991367766,10.962940337886364,44.6913759123781
2023-01-01 04:34:00,1506.6255778120185,8.151199125720638,140.10100781873635,3.288495660988355,973.3763674400066,3958.7270612273433,10.961807806699747,45.48245471239731
2023-01-01 04:35:00,1508.4745762711864,6.200743525446122,132.83315219587624,3.3272482541636235,947.7341087659281,3843.6808144155643,11.005515913768289,46.59275122655622
2023-01-01 04:36:00,1510.3235747303543,11.828650284301826,91.11007482962349,3.388600730173863,971.0741336625235,3899.285075476579,10.705751371761075,47.116200309203975
2023-01-01 04:37:00,1512.1725731895224,12.499011578602007,133.75808463666309,3.4305768968722683,974.4445800802146,3939.487343807762,10.70443700879631,48.17113309418388
2023-01-01 04:38:00,1514.0215716486903,10.205052925727648,117.2053847375735,3.4634363459463664,963.8386935790035,4029.8935680315194,10.761948675793388,48.48735060589763
2023-01-01 04:39:00,1515.8705701078584,10.887376745491025,119.21786171378919,3.4133870149578613,927.246195848056,4062.641026234941,10.679915773346513,50.01528506287552
2023-01-01 04:40:00,1517.7195685670263,8.649802110511255,132.39973399206215,3.4091933993845287,1018.4110186707167,3783.59005084493,10.776035140377012,49.11228293091495
2023-01-01 04:41:00,1519.5685670261942,9.940261185389017,133.80332917495244,3.3886192091808,968.3100510521242,3956.88057063146,10.835611259538156,50.785276261892115
2023-01-01 04:42:00,1521.417565485362,9.637110049337357,153.5566580361284,3.390760383075264,951.7645080418204,3787.2205057015085,10.782089347458502,50.909717075402945
2023-01-01 04:43:00,1523.26656394453,9.738917501866235,120.41791500757799,3.3692164452156375,982.2197244997201,4049.6608735310006,10.795083222451197,52.936902059570166
2023-01-01 04:44:00,1525.115562403698,11.706839922977764,117.55646220604127,3.2756053566607797,942.0679362687823,4188.750411404216,10.829881626661633,49.58554116289627
2023-01-01 04:45:00,1526.964560862866,10.112230805821966,95.57262659072522,3.223384722502316,973.4265192531471,4111.9060632406945,10.842222089306645,48.43956510392147
2023-01-01 04:46:00,1528.813559322034,9.683671908761491,138.27664904806167,3.1378515610431914,954.9119565881173,4107.237375419396,10.783807389884249,45.78704610278162
2023-01-01 04:47:00,1530.662557781202,7.620328639724232,121.36346705588794,3.096662696631985,974.4415231313553,3821.830416272291,10.828312397111464,44.25758482378033
2023-01-01 04:48:00,1532.5115562403698,5.157309296242482,139.35575969692735,3.074082712177958,950.3328705316717,3978.8780260992444,10.861744050498427,44.111147764070765
2023-01-01 04:49:00,1534.3605546995377,9.39779919402748,117.83412458098842,3.047264018815868,971.4588702802224,3918.4323482906248,10.934343040071203,42.185484727893254
2023-01-01 04:50:00,1536.2095531587056,8.742485164017209,124.93463808769168,3.1184834449513317,951.287094054273,3913.088013617606,11.029031637035546,41.33506745092476
2023-01-01 04:51:00,1538.0585516178735,5.219180503511236,101.7321873467472,3.132683331489112,993.8901402860084,3971.0864345888995,10.82742186451344,40.735523766844295
2023-01-01 04:52:00,1539.9075500770416,9.901281623599896,120.23297562929638,3.132394995100544,985.732158578256,3828.5960721815327,10.746273970518265,42.91046503418336
2023-01-01 04:53:00,1541.7565485362097,8.846602224025588,115.45735468510401,3.1262392616469765,964.3441660081515,4014.599615534022,10.934844366480219,43.50643968870905
2023-01-01 04:54:00,1543.6055469953776,8.260316493628359,137.2990270566987,3.1281542083863014,994.5448434606196,3996.7864298117615,10.871551275294179,44.054550050684675
2023-01-01 04:55:00,1545.4545454545455,8.715881907235552,133.2230605535763,3.128868112694879,923.3459514094168,3845.2321331849244,10.870500381929567,42.961991933138336
2023-01-01 04:56:00,1547.3035439137134,11.286841353915873,140.03858562921886,3.2181353929398853,988.4100653689239,3937.3043707067063,11.080372969821994,44.560173512887154
2023-01-01 04:57:00,1549.1525423728813,7.391169485238122,136.9881145356908,3.3004256516614348,967.5935713130124,3934.261236761308,10.859865165303962,46.18822827885091
2023-01-01 04:58:00,1551.0015408320492,10.694903649121766,109.48429099841357,3.3747251045049906,986.0015140396838,4059.12368485996,10.877960757302668,48.5170354934034
2023-01-01 04:59:00,1552.8505392912173,9.280101556823052,133.9398747959278,3.37875886559531,937.0132145599503,4155.342411434628,10.9456948182935,49.05795664031014
2023-01-01 05:00:00,1554.6995377503852,10.03565534499734,130.3293399390591,3.4104854056924885,967.3872701023722,3988.677896179279,10.932687666806727,49.18647773741857
2023-01-01 05:01:00,1556.5485362095533,7.636772149464298,110.74343629688309,3.4105201406900454,944.3600675090618,4027.5539458689614,10.882694571158646,48.39572601469915
2023-01-01 05:02:00,1558.3975346687212,6.57446436659226,133.51546094052722,3.370788363457245,934.5787000979246,3798.422894645111,10.787808205980923,45.210149902183474
2023-01-01 05:03:00,1560.246533127889,8.84715092249294,127.3243288205059,3.3554674269698173,976.2043567643802,4046.8555489430983,10.907547375562434,45.18420473231088
2023-01-01 05:04:00,1562.095531587057,8.672856677036775,126.37657972942179,3.2893172495685845,916.9128087498236,4044.975494078074,11.053576037732984,42.508986393771266
2023-01-01 05:05:00,1563.9445300462248,12.57941170948484,115.41533082619544,3.3047095527073096,937.8562234079052,3937.422781819509,10.688756276774583,43.21484471415171
2023-01-01 05:06:00,1565.793528505393,10.31457926201745,123.08595617515574,3.2763696208006237,966.8686306456335,3981.920058003482,10.635317120006551,42.24778016435601
2023-01-01 05:07:00,1567.6425269645608,8.715406569947488,126.81745200844338,3.2597063115666174,960.8565192617073,3909.9879887533407,10.854432811998295,41.532338524796174
2023-01-01 05:08:00,1569.491525423729,6.020583172056318,133.00547513902146,3.2489469307686436,919.7637938898769,3957.926331193587,10.673036504525113,41.60265636601647
2023-01-01 05:09:00,1571.3405238828968,6.052356980941749,117.12218102648262,3.2646102181582717,965.8991966312319,3914.8988448137966,10.696826593844895,41.28659838638063
2023-01-01 05:10:00,1573.1895223420647,8.222226215421943,105.33785124310607,3.271802238528566,942.8110374307395,3884.2377153885895,10.76032233446739,41.4630369149985
2023-01-01 05:11:00,1575.0385208012326,7.452553326862116,128.36408468893487,3.227107885754808,957.9118792015263,3932.1884887002575,10.885382809143394,42.57498858384616
2023-01-01 05:12:00,1576.8875192604005,10.51120525518775,132.40802535374644,3.250011347702122,940.3639867142215,3882.122331907678,10.938904540642355,44.265679884814375
2023-01-01 05:13:00,1578.7365177195686,7.212583268620659,95.30888305302695,3.2870332535350464,950.3018019277479,3870.597390418434,10.728870968422617,43.74010997203031
2023-01-01 05:14:00,1580.5855161787365,10.300359665466216,123.78510427698687,3.286037034204473,923.1455919325022,3975.8167227912845,10.801552894143887,45.0875037951329
2023-01-01 05:15:00,1582.4345146379046,10.047684158925811,140.7182051796262,3.050956405682398,1021.1782478979893,3801.8020194420396,10.768754356251655,46.490374146631424
2023-01-01 05:16:00,1584.2835130970725,7.095866328972529,137.98028511971552,3.0211604412592243,940.056783703674,3766.4320737622165,10.788871820505799,49.99415639335545
2023-01-01 05:17:00,1586.1325115562404,8.380979992203216,137.65982338670372,3.0633806583164596,973.6482578338827,4042.757052217493,10.957617907936964,50.97611601679756
2023-01-01 05:18:00,1587.9815100154083,9.998843508297304,119.33124666504166,3.2292456277434556,983.440023914078,3939.379659128875,10.708604258849368,51.50423499682345
2023-01-01 05:19:00,1589.8305084745762,9.422530030507605,126.34802884286276,3.4512419774320797,990.4541856507814,3917.6331431573776,10.950443496495646,49.03322036486986
2023-01-01 05:20:00,1591.6795069337443,10.174246608679422,121.76083160721267,3.7325564177078525,943.6474164752411,4090.334055543293,10.779478934317558,45.581751848935774
2023-01-01 05:21:00,1593.5285053929122,12.163547498225585,125.91909796863465,4.108720460809287,931.498417996074,3750.2680327755024,10.879721385814108,40.925484859929945
2023-01-01 05:22:00,1595.3775038520803,6.2536157374263786,118.95162160786789,4.522585040406397,935.3330462686574,4102.309403055635,10.979898487545698,37.17678690621031
2023-01-01 05:23:00,1597.2265023112482,8.61518096754286,103.42915087455678,5.004004094477965,994.2867706646489,3874.9574491933454,10.993041980259873,33.90485056520592
2023-01-01 05:24:00,1599.075500770416,9.587409969020097,125.12442583882195,5.464876822018727,934.3234657835553,3818.0935420712963,10.831113789700984,28.11236241130699
2023-01-01 05:25:00,1600.924499229584,30.593620387389418,90.830824518792,5.970171319649996,980.6325396450846,3846.421917126343,10.862229080458953,24.048447552646778
2023-01-01 05:26:00,1602.7734976887518,25.58684837913547,61.46164076193366,6.409376275744503,891.1328776373836,4088.30595131432,10.931314986035469,19.242513403849323
2023-01-01 05:27:00,1604.6224961479197,33.345903246085946,65.9849733753221,6.828934007164855,964.242236022421,3985.340983436198,11.002205617647634,14.515198112234266
2023-01-01 05:28:00,1606.4714946070878,26.29025695324089,72.47534376607234,7.2465127821544,963.6065297067665,3916.547258039981,10.905617394090699,10.806102856976361
2023-01-01 05:29:00,1608.3204930662557,30.483569146920352,66.20773814468421,7.623992409573583,982.7573569472222,3936.630615762133,10.815756979165068,6.181136605259844
2023-01-01 05:30:00,1610.1694915254238,25.675347606289208,73.981838509404,7.936639687853576,898.41814640246,3903.923391108717,10.712694514911453,2.6897937743830838
2023-01-01 05:31:00,1612.0184899845917,26.717995344551188,64.62490252828358,8.169278595555754,1002.9182929381204,3932.789977354524,10.872410577916037,0.8592835711758194
2023-01-01 05:32:00,1613.8674884437596,27.5911012148155,69.68449544738426,8.32728140897792,976.3013987011469,3808.916113858967,10.746672675337384,0.9600354671641931
2023-01-01 05:33:00,1615.7164869029275,26.38842191847404,76.50078468950126,8.350301385013825,966.398951708329,3922.5309785158775,10.951821870921897,0.26975735493903796
2023-01-01 05:34:00,1617.5654853620954,27.195430144518934,69.34347215538718,8.213429604805352,978.4687308084767,4245.934536141027,10.879675501470077,1.6561331841817402
2023-01-01 05:35:00,1619.4144838212635,21.30807384588936,60.0,7.946032097161436,994.1144722029497,3837.598762343668,10.948513972257524,3.635084882301629
2023-01-01 05:36:00,1621.2634822804314,33.341919940561404,74.43869111766266,7.955101390711243,955.6102820462615,3940.646835196607,10.906036582993883,3.7448248132861517
2023-01-01 05:37:00,1623.1124807395995,29.96866860776283,74.88507956009386,7.947474840831945,971.8495215999689,3927.3110586885027,10.833234778587965,3.729589797263118
2023-01-01 05:38:00,1624.9614791987674,26.20943956580605,60.0,7.948232618179052,916.983586865708,3782.218476102799,10.977964397101253,3.7017865543776165
2023-01-01 05:39:00,1626.8104776579353,24.55920477265722,67.88631768995054,7.936738996412159,969.8080937770745,3986.1841651662544,10.958681188461181,3.6943813833104886
2023-01-01 05:40:00,1628.6594761171032,23.070674087940866,79.82747828078654,7.937560937704521,972.0518242964866,4025.7052351290213,10.787020012378926,3.6688804016420167
2023-01-01 05:41:00,1630.508474576271,28.331543133880945,60.0,7.956316821035858,995.2366234027452,4004.0188245256486,10.917220666080743,3.7957688550397997
2023-01-01 05:42:00,1632.3574730354392,27.726468989838317,66.62370235504291,7.948216170599643,958.9043053943863,3881.704954039392,10.973100215215993,3.7131058561144767
2023-01-01 05:43:00,1634.206471494607,26.461886498752886,77.71757679957838,7.947130160510521,971.8046839156897,3830.0887149711757,10.920350984265703,3.684777640008303
2023-01-01 05:44:00,1636.0554699537752,33.81297808131701,80.59507249370026,7.938115052573849,963.168513007953,3881.557047413914,10.790389439691278,3.765611532891711
2023-01-01 05:45:00,1637.904468412943,28.08860877150742,75.72066235610131,7.9556976428125425,965.7407010317642,4087.5895801064626,10.799394811321498,3.9890143374126548
2023-01-01 05:46:00,1639.753466872111,24.510567499276902,76.96675921125174,7.9503981524260245,993.5996887744438,4114.390588777376,10.764295354986034,3.89466719351373
2023-01-01 05:47:00,1641.6024653312788,26.539233018540088,78.5115946728798,7.968818794161604,979.9865902900926,4086.0284778167374,10.925394613360234,4.044307735024574
2023-01-01 05:48:00,1643.4514637904467,33.60411604674523,69.29938179847245,7.96041740415651,978.9765495195334,4078.7441789902978,10.986836275667663,4.215612199598217
2023-01-01 05:49:00,1645.3004622496148,28.180392649288173,66.17198232233325,7.957115349060914,958.2572238982904,4032.0112871322776,10.813176322769761,4.171506261411427
2023-01-01 05:50:00,1647.1494607087827,26.576227590284518,75.14404968516709,7.958912628874817,988.1401804530747,3834.3319049321003,10.947170476735183,4.167046311474413
2023-01-01 05:51:00,1648.9984591679508,23.619839502915248,73.85059788265659,7.9203944124539705,973.3395251636247,3885.3729658698317,10.745161340105156,4.255591195268559
2023-01-01 05:52:00,1650.8474576271187,28.653825947296568,68.03061035285963,7.913467515776766,1003.9336120115404,4116.199343653099,10.935772334047936,4.170659108702623
2023-01-01 05:53:00,1652.6964560862866,28.62692577693246,75.06444399483337,7.90999448911253,971.0540102384508,3947.658275332054,10.88044311935691,4.049995205812376
2023-01-01 05:54:00,1654.5454545454545,27.24348786704059,63.69412153614037,7.909975332461263,940.0788022679698,3853.798329153551,10.97708691330799,3.862930398637519
2023-01-01 05:55:00,1656.3944530046224,24.795899059796387,71.51878789865869,7.913410045822963,987.3466526245788,3926.4928369373265,10.904436590745512,3.8756284552916127
2023-01-01 05:56:00,1658.2434514637903,29.052044265222374,73.00956826234716,7.92029862919763,1006.9947770587007,4031.4714653057104,11.013896302995477,3.752098683365137
2023-01-01 05:57:00,1660.0924499229584,24.305958814521468,81.44975655870337,7.9186447180755986,990.647315640312,4013.949580243277,10.933298104568642,3.6676518476096693
2023-01-01 05:58:00,1661.9414483821265,28.673572465588048,69.4671813229501,7.92744255626384,986.5154434875104,4003.8561553695135,10.845891168320199,3.6097644532787685
2023-01-01 05:59:00,1663.7904468412944,23.225651050385466,77.78799267282835,7.9626857357643965,996.5896148025438,3928.01199395525,11.029371094435739,3.6729513030729306
2023-01-01 06:00:00,1665.6394453004623,28.278388646157655,71.68679079581929,7.964507499876189,1009.9123051322374,3938.564391669411,11.092308937299643,3.717547995918769
2023-01-01 06:01:00,1667.4884437596302,25.757214111939618,65.14203339489764,7.970718431778846,960.276788036075,3935.9452468671666,10.66762702846821,3.7661689971461176
2023-01-01 06:02:00,1669.337442218798,25.368430168897493,77.12734317178784,7.956734294553567,939.011254462462,3871.8765030666623,10.867141745569054,3.6458832114639663
2023-01-01 06:03:00,1671.186440677966,31.520318422195967,64.8055355284833,7.961480129988455,968.6175899951694,3865.8695097681275,10.887473096351096,3.7583792557926348
2023-01-01 06:04:00,1673.035439137134,29.74077160217711,67.70426588627336,7.9697243999925105,959.3128915857299,3897.323375493502,10.936554215507936,3.8261329561528763
2023-01-01 06:05:00,1674.884437596302,31.608008071622926,66.54787009831091,7.981467104565737,974.6416717000099,3952.693089370881,11.106803457946727,3.9112367051562384
2023-01-01 06:06:00,1676.73343605547,33.018432929795395,74.5621056441761,7.96988339942886,943.4804100004275,3968.0193893853643,11.028826195478494,3.8104163808742757
2023-01-01 06:07:00,1678.582434514638,32.09776274965092,65.64850647745632,7.977445954690729,1015.3850243227256,3879.636020639727,10.950195253223022,3.870253539465054
2023-01-01 06:08:00,1680.4314329738058,34.50325912756938,62.3475692604775,7.955613663223794,937.2679809121278,3799.7289796980212,10.676702792673005,3.932976140602422
2023-01-01 06:09:00,1682.2804314329737,24.11150633437371,69.33534323711827,7.95492868889083,947.1783247795729,4118.533640214204,10.810662282758846,3.909512408258316
2023-01-01 06:10:00,1684.1294298921416,27.749647185009565,66.29564521430328,7.968026771435911,956.6359600495186,3796.367993650678,10.813516887850813,3.9082346357742948
2023-01-01 06:11:00,1685.9784283513097,29.829903671061754,70.06640834225307,7.984986473343784,976.2573857455105,3979.7783501011654,11.011680137197622,3.9356497016641154
2023-01-01 06:12:00,1687.8274268104776,35.0,60.0,7.970129447575075,967.9596332533155,3942.7945796043837,11.032839974857493,3.7776642074272537
2023-01-01 06:13:00,1689.6764252696457,24.934509127856526,69.05118876970852,7.958643192598029,990.8361138761154,3847.6655237742175,11.032226681280012,3.7113851211681275
2023-01-01 06:14:00,1691.5254237288136,32.25273721409823,70.27383599358278,7.950527708412648,949.6222516561223,4123.380199031848,11.028065164335965,3.6217154740042785
2023-01-01 06:15:00,1693.3744221879815,31.227900109144425,60.0,7.945782995018926,956.5507621507451,3861.373606296514,10.893288786727597,3.4215035353915964
2023-01-01 06:16:00,1695.2234206471494,31.184522439880737,65.94302152783315,7.9444090524168685,926.929801830514,3794.6211717764063,10.89392535445436,3.3990221260943074
2023-01-01 06:17:00,1697.0724191063173,26.558092307680678,67.81689566212235,7.946405880606474,1010.8024930679283,4080.0251710889174,10.891941457846686,3.4322821090955125
2023-01-01 06:18:00,1698.9214175654854,27.69301960230088,60.0,7.95177347958774,992.3315750498366,3828.6260920338386,10.764777582087174,3.376589744674523
2023-01-01 06:19:00,1700.7704160246533,28.03564303776387,71.01048504904186,7.96051184936067,988.1028940601722,3899.319224224909,10.960794345730829,3.4917105773729995
2023-01-01 06:20:00,1702.6194144838214,25.219564911677825,60.96752174018399,7.9348104067456315,991.3115087715382,3993.8480945351753,11.009171482970654,3.587083554545005
2023-01-01 06:21:00,1704.4684129429893,22.523919148457754,60.0,7.934535908443707,940.584126314121,4099.291713448617,10.649756553608292,3.63173114964649
2023-01-01 06:22:00,1706.3174114021572,30.263229224606373,60.0,7.965119082714585,987.7639480833515,3898.0748848432804,10.771156705599385,3.8025553012632565
2023-01-01 06:23:00,1708.166409861325,27.36092688597188,64.00544398713792,7.952814645082424,923.9842927227724,3728.9393786057944,10.97375676226854,3.8999556526484143
2023-01-01 06:24:00,1710.015408320493,27.548449022095735,60.0,7.94419856468986,1002.1585614535519,4016.5445915858404,10.91779808356528,3.979156326572814
2023-01-01 06:25:00,1711.864406779661,30.71708586154532,69.86059669550644,7.939270841536895,948.9115757900631,4007.0830302501136,11.04338402949373,3.993832946245347
2023-01-01 06:26:00,1713.713405238829,31.656781562177674,63.40623366100923,7.938031475623528,951.0076192742272,4098.380781746421,10.804982825807029,4.0147356278225645
2023-01-01 06:27:00,1715.562403697997,25.915457813791416,71.62524022723034,7.940480466949757,1025.5763047426046,4027.9639176275773,10.827504491482284,4.090129482103996
2023-01-01 06:28:00,1717.411402157165,32.37169736427218,81.48045505669741,7.946617815515583,974.7629267756519,3879.44428064847,10.963096265785607,4.139745109847469
2023-01-01 06:29:00,1719.2604006163328,25.4496565581213,69.98283531646831,7.956443521321007,925.5524912811218,4044.6163983046545,11.066646143501584,4.031948458220148
2023-01-01 06:30:00,1721.1093990755007,28.381571458738268,68.78303913725604,7.969957584366029,948.3165903475489,3900.176398974766,11.017031868794588,3.92851270950462
2023-01-01 06:31:00,1722.9583975346686,30.040514373060553,72.96412625755038,7.973134196439304,967.5534472534005,3961.8133928442985,10.881277368943945,3.97673629367982
2023-01-01 06:32:00,1724.8073959938365,20.21640266498639,68.85745555767544,7.947150932082956,959.3522510999388,4167.280650648954,10.789251813593069,3.942239080261972
2023-01-01 06:33:00,1726.6563944530046,32.93064465647255,77.91590046707658,7.945007578942771,974.365415762021,4098.823826929506,10.812355159580177,3.91262924987059
2023-01-01 06:34:00,1728.5053929121727,28.98285217204886,66.40294185866,7.9449031868808175,953.9763392626224,3939.5651593948696,10.79553250348114,3.696289212673452
2023-01-01 06:35:00,1730.3543913713406,29.969711790445118,73.91770835898586,7.946837755897094,981.1845886107936,3888.0955202385703,11.122504380582889,3.5447532320011126
2023-01-01 06:36:00,1732.2033898305085,30.091229908860562,61.30029993440556,7.950811285991601,967.5795298988073,4060.723250455179,10.797320699443556,3.557077120207983
2023-01-01 06:37:00,1734.0523882896764,27.94970743673114,69.97067157855824,7.956823777164337,947.9505138764853,4001.424897593558,10.986977660176409,3.4258807056488965
2023-01-01 06:38:00,1735.9013867488443,29.16128954094492,60.0,7.964875229415303,895.1410422688873,3891.487635804061,10.804214779014467,3.414547538680007
2023-01-01 06:39:00,1737.7503852080122,28.87770944941448,77.43919740955987,7.974965642744501,952.9325996124777,3878.589161442938,10.823811220568036,3.4871326023381286
2023-01-01 06:40:00,1739.5993836671803,30.611935087466197,65.2886341145917,7.987095017151928,961.5113424590007,3974.2952424438627,10.946940776701268,3.5778083720474294
2023-01-01 06:41:00,1741.4483821263482,23.88417323397914,74.17887724104877,8.001263352637585,993.085724131367,3857.2360573863775,10.95126967460912,3.6021400328068442
2023-01-01 06:42:00,1743.2973805855163,27.83344823528852,61.343035995468064,8.017470649201472,984.2474631283392,3978.921000003003,10.75692776819173,3.6263384660041695
2023-01-01 06:43:00,1745.1463790446842,30.55564910078481,71.31276344216712,7.989140937700955,953.917497763726,4006.927036356207,11.076962202274544,3.5443304494831076
2023-01-01 06:44:00,1746.995377503852,29.787082793521872,63.878290712560144,7.990019502611871,949.3842745304399,3976.4376515566064,10.95046296197847,3.6356851732288
2023-01-01 06:45:00,1748.84437596302,32.76007918611909,66.46342270562045,7.991249493487154,949.0877122840491,4039.849724670184,11.063418071076526,3.6957542338200318
2023-01-01 06:46:00,1750.6933744221878,34.33252059726795,63.831708228405994,7.992830910326805,902.1035464005093,3923.842546028778,10.91023774214426,3.8777592166673958
2023-01-01 06:47:00,1752.542372881356,35.0,60.94438392251551,7.99476375313082,955.0207612107744,4023.1747737863247,11.07609035117699,3.8569018051043606
2023-01-01 06:48:00,1754.3913713405238,28.194012888588112,60.09736460972864,7.997048021899203,946.2515234232812,3865.5696574024705,11.106190062215346,3.971831873648731
2023-01-01 06:49:00,1756.240369799692,31.257378962160246,68.34022091921392,8.007226835828797,1008.1058772348056,3994.766653927475,10.872583845515326,3.995265292876101
2023-01-01 06:50:00,1758.0893682588598,30.74571174117769,73.82450823638999,8.006023334749889,964.6635192273324,3883.0096324249316,10.839379598606467,4.001998479664567
2023-01-01 06:51:00,1759.9383667180277,28.739678066726718,65.46555328255705,8.005612377717032,994.8977991994284,3952.374604647698,10.948410886065808,4.0647189519398
2023-01-01 06:52:00,1761.7873651771956,35.0,60.0,7.996294608113712,1010.2576038777312,3957.8413769578838,10.987000994053123,4.148683664146585
2023-01-01 06:53:00,1763.6363636363635,27.901921338332656,70.41162928399478,7.993427340582747,969.9384533807005,3948.44123098052,10.89179804341336,4.103842447561871
2023-01-01 06:54:00,1765.4853620955316,25.794013005451976,75.6499311774146,7.99100119113347,984.4705410332336,3988.1441348422622,11.087881527375828,3.868472402164436
2023-01-01 06:55:00,1767.3343605546995,28.76926799730295,60.00748134945919,7.989016159765879,945.9771192473424,4137.134663483116,10.823066140477742,3.8498032907969186
2023-01-01 06:56:00,1769.1833590138676,26.29377710738702,66.40339317827868,7.987472246479974,957.0398696396915,3891.8631669976126,10.915361636784848,3.799112799250775
2023-01-01 06:57:00,1771.0323574730355,30.30834875931644,67.10100567092341,7.986369451275756,996.1457033232313,3969.495227186261,10.759771471257872,3.7446568740489523
2023-01-01 06:58:00,1772.8813559322034,27.450605231627005,60.0,7.985707774153226,921.247674735856,4204.187674292718,10.858967499755039,3.8229466812641393
2023-01-01 06:59:00,1774.7303543913713,25.58102733890872,60.0,7.985487215112383,933.7691661038393,3795.2546625738364,11.113443803794533,3.7286890738441265
2023-01-01 07:00:00,1776.5793528505392,28.90993051354913,75.30240654326062,7.985707774153226,984.8718036631284,4000.654996588161,10.858561361131933,3.7019505950854787
2023-01-01 07:01:00,1778.4283513097073,34.31659502048965,60.0,7.986369451275756,977.2470817726406,4004.0254106385273,10.765339436419742,3.589802523496011
2023-01-01 07:02:00,1780.2773497688752,26.393904617455934,64.70258685229733,7.987472246479974,956.6694519225751,3978.875579867561,10.98501146045455,3.5603786846447623
2023-01-01 07:03:00,1782.1263482280433,28.555472396174842,60.0,8.177164465448508,947.9061009785794,3957.8578871486634,10.906459323321261,2.9376790260314003
2023-01-01 07:04:00,1783.9753466872112,35.0,68.44614301506302,8.319581677093003,931.7229483182335,4243.023447695598,11.089318262197276,3.003873604115358
2023-01-01 07:05:00,1785.824345146379,30.28781987400037,67.77973912406232,8.313882037788046,1036.5741551469046,3867.067427717228,11.087302675369552,2.9883062749782905
2023-01-01 07:06:00,1787.673343605547,27.91745709680946,78.43352964991412,8.17297613945118,921.9417905352232,4083.1532708773675,10.899280521179003,3.131715006269686
2023-01-01 07:07:00,1789.5223420647148,29.220107799349726,69.20580641402108,8.0059060554168,961.9552286035932,3926.7893235976194,11.07106062872332,3.863818759780453
2023-01-01 07:08:00,1791.3713405238827,29.846557933313967,61.2856215143975,7.724845491501015,942.5025367340797,3846.5071812269966,10.876717546013134,4.773042546820416
2023-01-01 07:09:00,1793.2203389830509,24.70701859339013,72.06285313516209,7.381848267822185,976.8871453927655,3845.1131343164097,10.88468950014482,5.4092284178725185
2023-01-01 07:10:00,1795.069337442219,28.923850678717987,70.4876717576147,7.036567288427425,976.8425034634914,3851.2488755056843,11.055155116999522,6.05050912943675
2023-01-01 07:11:00,1796.9183359013869,29.654811889346156,60.0,6.681264528855965,979.1933831220831,3995.0187359773918,11.09612869524737,7.384541706186679
2023-01-01 07:12:00,1798.7673343605547,29.026315326318446,63.756245909606754,6.354790473503483,1022.3194848298756,3974.990488419154,10.966929637552571,8.555887299014444
2023-01-01 07:13:00,1800.6163328197226,14.978105437428995,89.56324987200762,6.045577328975581,988.555054982519,4109.652327985314,10.8781790360076,9.480499309001724
2023-01-01 07:14:00,1802.4653312788905,9.858739677544149,113.84753786282528,5.6805910871348075,1002.0458657988041,3854.533470737193,10.80973582584435,10.368005635226345
2023-01-01 07:15:00,1804.3143297380584,15.270532268263473,111.74440530606243,5.3464320692328355,998.9003799886606,3902.961013411394,10.88681967650467,11.497396805204147
2023-01-01 07:16:00,1806.1633281972265,16.217604250040687,106.95445341421826,4.985811927847221,969.0251690420379,4166.760731682038,10.949545592000618,12.547857734209337
2023-01-01 07:17:00,1808.0123266563944,13.23566489417317,106.63324692958929,4.716903411406804,988.5136182678175,3926.6341873938354,10.916366838500348,13.472266994682004
2023-01-01 07:18:00,1809.8613251155625,18.275067300890907,103.22038598552341,4.439225586288647,947.3345437350265,4110.789608702266,10.983394097100655,14.203212397871223
2023-01-01 07:19:00,1811.7103235747304,19.741414554657688,114.13373486596306,4.229306382001079,976.5532171964328,3909.030218383142,11.012498103776005,14.802206306576812
2023-01-01 07:20:00,1813.5593220338983,19.10857171689271,88.21705244970715,4.101708587387609,959.2027330200226,3808.043773057392,10.930865399504485,14.972598069536035
2023-01-01 07:21:00,1815.4083204930662,13.091840954150278,115.9041051436098,4.069422338669169,935.033125922217,4093.5953777719446,10.968196935778344,15.022390285864837
2023-01-01 07:22:00,1817.257318952234,13.389666168657474,98.44729887763202,4.098662865018502,1028.2444854525422,4012.596725211174,10.846642446424253,14.599690117922602
2023-01-01 07:23:00,1819.1063174114022,13.836995707607754,115.98083474029201,4.2534929639167185,942.8276872216388,3891.4522371800654,10.981023817763493,13.99919155214519
2023-01-01 07:24:00,1820.95531587057,15.69094252805491,97.85921107692229,4.26129070603135,966.2923685437748,4124.8681792695925,10.991637612178314,14.398016352065147
2023-01-01 07:25:00,1822.8043143297382,13.62257747590227,97.450291228557,4.090699179481225,958.9089119834285,3919.2497513264702,10.847106419587947,13.96648041690168
2023-01-01 07:26:00,1824.653312788906,15.85937953653754,93.55802125389559,3.9860494320756157,918.1337826056141,3751.0933276348233,10.9289000833577,13.971259114473646
2023-01-01 07:27:00,1826.502311248074,12.097662492517802,106.14671512774174,3.946297778012643,940.6305889133941,3997.6477355229404,10.941582236468676,14.269129213187506
2023-01-01 07:28:00,1828.3513097072419,15.747118785548494,100.92310297910478,3.8750060613250747,940.5039996015458,3926.679750998319,10.911699055770443,13.973542361678764
2023-01-01 07:29:00,1830.2003081664097,14.159171514273323,93.51912173343617,3.8641348117483925,979.9494918770162,4035.473610151174,10.911256900101447,13.691826409168922
2023-01-01 07:30:00,1832.0493066255779,13.138426259192427,108.54182930881387,3.930467949055884,960.170139458918,3961.0073884212234,10.974791385900945,13.678543110791795
2023-01-01 07:31:00,1833.8983050847457,13.053728779323526,107.84256258352774,3.951298238247963,1050.0,4086.613343957051,10.69536021529428,13.602594203636217
2023-01-01 07:32:00,1835.7473035439139,14.62490611951719,113.20358744484659,3.992706667429256,975.4500945703119,4096.58147740154,10.917965068567158,12.927156924225459
2023-01-01 07:33:00,1837.5963020030817,15.63430361113196,103.15767111828006,3.9983637807068764,1001.8284072289664,3904.2380636701937,10.93438720739961,12.444766266095353
2023-01-01 07:34:00,1839.4453004622496,11.455593563344133,86.4887959701379,3.9720801336568323,927.7924783523192,3873.083952276855,10.8754576602922,12.515778914693303
2023-01-01 07:35:00,1841.2942989214175,17.065417389975494,93.12590948219619,3.9829912559376246,1004.3800811214503,3990.074541128209,11.184097099258532,12.404558912193714
2023-01-01 07:36:00,1843.1432973805854,14.063334516623257,92.43707315389041,3.9473183428871614,969.5181797431968,3872.355320900369,10.90671621838122,12.883901462436647
2023-01-01 07:37:00,1844.9922958397533,14.613411682250877,85.21665792483282,4.068868292020999,898.9811507156279,3897.100043825704,11.02890499842967,13.13995569792734
2023-01-01 07:38:00,1846.8412942989214,13.261709818911786,100.54300474812861,4.107076252487708,1007.0308408481103,3922.4109672698237,11.090150021306355,13.65832445250994
2023-01-01 07:39:00,1848.6902927580895,14.334811767018351,94.32986632410535,4.13311015020709,1012.1193598151035,3809.5896182293436,10.984205386620667,13.893906734116817
2023-01-01 07:40:00,1850.5392912172574,12.358403557662447,97.65708017392097,4.17818643983711,939.3541811773972,3919.1761885246565,10.70792287927932,13.636969462153772
2023-01-01 07:41:00,1852.3882896764253,15.179577879005706,94.07032176388597,4.252459456713297,946.761480447446,4097.4755122179295,10.926450510287731,13.857368411928668
2023-01-01 07:42:00,1854.2372881355932,17.294795913752104,91.28162460236771,4.361658668786567,1007.6736822509462,3970.2860131888106,10.973375563737621,14.232069281237056
2023-01-01 07:43:00,1856.086286594761,16.356604922924276,108.31371213140109,4.339503130380039,976.2205537649603,3906.5251033079026,10.877827542859587,13.776542101520462
2023-01-01 07:44:00,1857.935285053929,14.709352624371926,118.37104064619109,4.353605440295501,947.6538251439889,3945.7488877038923,11.057337573135392,14.247610694875727
2023-01-01 07:45:00,1859.784283513097,19.371137325082117,111.54427111278007,4.257433415784691,1010.7545576451201,4065.5674107658588,11.003049610915342,14.048455471514892
2023-01-01 07:46:00,1861.633281972265,15.620278970911926,97.73524928587524,4.3121464282895,1005.8476184031715,4188.237240096487,11.060208515041516,14.094671270337006
2023-01-01 07:47:00,1863.482280431433,16.636497039980107,95.1199876013355,4.329207916489771,914.200283533765,4018.1800175140934,11.062624844161794,14.054117235366075
2023-01-01 07:48:00,1865.331278890601,13.065976358021661,81.34832494206977,4.328282808057043,939.0596881754395,3887.360661904275,11.023916472578055,13.688373954215338
2023-01-01 07:49:00,1867.1802773497689,15.660228474494009,99.46025863444012,4.267233104633453,942.766310854934,3732.7899465086043,10.950461513861121,12.83561760099671
2023-01-01 07:50:00,1869.0292758089367,18.553437291165533,96.35182052783304,4.2151304946802535,988.3655660061823,3891.182644305234,10.880387672845657,12.454011401452084
2023-01-01 07:51:00,1870.8782742681046,13.667055565991397,85.43771291111186,4.2051077829626955,988.8398573418635,4051.172192130611,10.88546983370413,12.298058873803008
2023-01-01 07:52:00,1872.7272727272727,8.230385698398896,85.69428602085242,4.093154115101712,969.4701956080977,3972.135089364012,10.829992628513127,11.489389996200565
2023-01-01 07:53:00,1874.5762711864406,17.157625330372735,101.54521491585461,4.096928633960483,996.0886436342468,4005.1908650560704,11.144832540025668,11.971496745843663
2023-01-01 07:54:00,1876.4252696456088,11.532410383759617,80.35292046114179,4.062155831848403,990.5327145800106,3943.345559049812,10.853158149558231,12.809163965384922
2023-01-01 07:55:00,1878.2742681047766,14.513635240649478,96.6397520060603,4.048544577305328,942.8276233506707,4199.062386059828,10.900942807295817,12.562878844392692
2023-01-01 07:56:00,1880.1232665639445,14.95972681243099,100.2909312352455,4.026497912841273,933.4283477720885,3750.1542724523333,11.047174605629216,13.360283995585945
2023-01-01 07:57:00,1881.9722650231124,13.435456468362968,88.71201427977209,4.0534280607179625,970.192582385988,4040.2581280823406,11.019695186044864,13.366019811705515
2023-01-01 07:58:00,1883.8212634822803,14.374644726259437,84.41581246742983,3.9931866317567524,950.4195829509049,4027.361357539357,11.043037192794761,13.342822552454457
2023-01-01 07:59:00,1885.6702619414484,21.625854902354167,97.81673343494528,3.9894220182308624,980.7677328455682,3941.403210337286,10.986941153145857,13.302071662732159
2023-01-01 08:00:00,1887.5192604006163,16.741345476859767,95.07532686151826,4.085219148094255,985.925206170952,4010.952694806033,10.915496478436573,13.329663626270849
2023-01-01 08:01:00,1889.3682588597844,10.718965165955382,84.10973436779774,4.18522931741007,952.802816900553,3969.942216619587,10.86394034993704,13.583773055156044
2023-01-01 08:02:00,1891.2172573189523,18.474194647162435,106.15014462405946,4.13492458741104,994.4506348124305,4104.483171430369,11.043671955799507,13.368896945126416
2023-01-01 08:03:00,1893.0662557781202,9.262736003513723,101.72198292961299,4.101070241332855,978.1447610709012,4152.363327609072,11.076009911796083,12.94967456893836
2023-01-01 08:04:00,1894.915254237288,12.079981945028653,94.53839705285283,4.100737710198102,951.7736755508269,3866.6214324039993,10.970711040060209,13.524839246683339
2023-01-01 08:05:00,1896.764252696456,13.317595629622698,100.35481912700847,4.096288581778372,977.2559513465111,4018.65607053656,11.090090113734673,13.027131523053217
2023-01-01 08:06:00,1898.613251155624,11.530273288242505,105.16168542676766,4.198636757381067,947.8146599402552,4037.8385438376004,10.947979835590285,13.040220037615285
2023-01-01 08:07:00,1900.462249614792,16.78966655389191,102.297005151195,4.166300218305686,965.8266610053191,4015.0319000950553,10.833945949489088,12.84903235577818
2023-01-01 08:08:00,1902.31124807396,18.310675026489864,94.2523675142785,4.209686672335522,1010.851644177033,3989.5505887249915,10.836384331186157,12.858626788529234
2023-01-01 08:09:00,1904.160246533128,13.191485254810491,91.70003023162865,4.236450433315636,977.9436691602801,3876.4108699390854,10.912883204838241,12.719495149217199
2023-01-01 08:10:00,1906.0092449922959,12.897396827490482,100.6646833430104,4.318214368642436,986.857402141229,4077.8313204065253,10.89902834197113,12.941793690747609
2023-01-01 08:11:00,1907.8582434514637,13.330267998329198,93.25935442718676,4.433907823743246,959.0447037764858,3840.8291366421936,11.021592319766153,13.517521897374408
2023-01-01 08:12:00,1909.7072419106316,19.57521867441338,95.47653275803991,4.390572783267754,966.5793050972134,3985.6839237202,10.936889266492248,13.317199609786844
2023-01-01 08:13:00,1911.5562403697995,12.990975790819522,111.87840367189284,4.431825094626905,917.896712585177,4026.4458960969505,10.991711919122094,14.182116438068187
2023-01-01 08:14:00,1913.4052388289676,15.390765267022536,106.71679881910602,4.403766435419724,988.0542517849403,3684.223947127764,10.835783067129936,14.291142170369714
2023-01-01 08:15:00,1915.2542372881358,16.05776718222462,113.21506709753986,4.342263604829803,944.133069628185,4002.334509362005,10.857910799737803,13.728221362205765
2023-01-01 08:16:00,1917.1032357473036,13.089292835553906,99.4021851339218,4.298439170405678,952.3012199322478,3913.936341123051,11.009801133919783,14.171360139073855
2023-01-01 08:17:00,1918.9522342064715,17.264915134851954,95.46390429475275,4.228653368327737,980.2914826857336,3993.214969159795,11.003883431534486,13.896423575178419
2023-01-01 08:18:00,1920.8012326656394,15.820124922053463,92.15876945053203,4.235289755057555,987.3711068839272,3945.734605839631,11.025895084061837,13.639097872556327
2023-01-01 08:19:00,1922.6502311248073,13.963157302371862,88.94037775838184,4.221413706312885,972.9041405504728,4041.801515301002,11.000804262990147,13.898411278860642
2023-01-01 08:20:00,1924.4992295839752,16.123155322509696,102.7182233611311,4.167088490666181,1004.6476709036449,3920.305502207569,10.981440626556422,13.284806506001352
2023-01-01 08:21:00,1926.3482280431433,11.757446067808155,96.96499526644246,4.107643556262885,958.4755172947814,3771.6541359074536,11.007961037301813,13.054075546874635
2023-01-01 08:22:00,1928.1972265023112,12.342945225141722,102.9510954013475,4.004296330059523,1008.6401200283053,3887.2280806303957,10.920897004961484,12.818510464506986
2023-01-01 08:23:00,1930.0462249614793,16.227302127907656,97.4838072650336,4.02784723041494,941.9436497706578,3906.7634362878784,10.989810421962131,12.844322768230246
2023-01-01 08:24:00,1931.8952234206472,12.329794048597666,93.63444889801072,3.9551776502880056,981.4892059867028,3984.912947187506,11.10681456260474,12.630038056185649
2023-01-01 08:25:00,1933.744221879815,15.43229732609072,102.86920248055384,3.9677083264033515,966.4261194023652,3873.993138740201,11.124217966909287,12.44541295511328
2023-01-01 08:26:00,1935.593220338983,12.798685216477294,84.2019983864699,4.049771741476331,1007.2028206915672,3974.227162175757,11.092652667351691,12.955345606418968
2023-01-01 08:27:00,1937.4422187981509,15.504344734186661,90.7869688245015,4.035659735128309,952.5323266925761,3930.8502239824384,10.911216979430263,12.796902404437134
2023-01-01 08:28:00,1939.291217257319,15.067450495687572,93.03348688228446,4.110129045233739,936.3965037619583,3808.7873163656022,11.041227208284996,13.06675471331841
2023-01-01 08:29:00,1941.1402157164869,14.039032890666288,90.5696239834234,4.152820868071265,1024.5165089150696,4119.777050963536,10.973536454608318,12.74551490234801
2023-01-01 08:30:00,1942.989214175655,17.17097836248601,100.05175387690034,4.26116500113124,1008.9517201670633,4056.544181020898,11.070358376693038,12.71339536506023
2023-01-01 08:31:00,1944.8382126348229,14.63489688194377,104.02676141651503,4.320715813645913,1014.3531206209348,4088.309745642368,10.821883637423698,13.608480148585178
2023-01-01 08:32:00,1946.6872110939908,12.893053566537695,100.96978609277274,4.316578184465558,923.890957266927,4047.8386402721685,10.886748387996843,13.739561305577183
2023-01-01 08:33:00,1948.5362095531586,14.945686761239921,89.42562327856893,4.3118572281144605,1013.1612325184692,4056.118626774637,10.912743701952234,13.845821220233024
2023-01-01 08:34:00,1950.3852080123265,16.94255043698807,97.40095328538827,4.415842893533973,970.9632068894317,3903.326805804025,11.007533387301173,14.409167219885738
2023-01-01 08:35:00,1952.2342064714946,16.642723440517884,85.27084654230867,4.339774505773186,971.3968877378903,3986.705103479311,11.020327453080485,13.959166886942754
2023-01-01 08:36:00,1954.0832049306625,15.106180517468962,108.98799082222958,4.431293492644035,953.5717002647181,4115.2208007203635,10.835015910976495,14.318045833461266
2023-01-01 08:37:00,1955.9322033898306,15.354822351340198,104.60373637211171,4.390050440500749,986.9392269715988,3963.943930862036,10.948199643884594,14.210200887736374
2023-01-01 08:38:00,1957.7812018489985,15.331132059567325,105.89555636479565,4.388124066756161,962.5466093933809,4053.7682994763677,10.886333418263119,13.791373620329168
2023-01-01 08:39:00,1959.6302003081664,18.069436295929375,87.99980121403244,4.333773597270747,1027.383966693686,4018.8816198314953,10.97080060079586,13.897639874617703
2023-01-01 08:40:00,1961.4791987673343,14.347134499506478,97.33780001346493,4.300734318536081,1037.810603141565,4044.825076955333,10.974546723275777,13.477979910733886
2023-01-01 08:41:00,1963.3281972265022,13.110876793898711,97.05626429712892,4.283374168502855,965.2934743977423,3883.3671836184326,11.111803377095562,13.7178384684481
2023-01-01 08:42:00,1965.1771956856703,13.729601778615999,103.57703917159293,4.247769027832935,971.2559715622017,3908.817854725634,10.928569506848262,13.570693072941879
2023-01-01 08:43:00,1967.0261941448382,16.957864920829103,95.5285454724767,4.182502633258945,991.9381360496358,4111.6118812192,11.038844736155278,13.088936669879766
2023-01-01 08:44:00,1968.8751926040063,8.766315503644652,94.37387295717804,4.187104211555806,1013.7821562725835,3941.6372459651147,10.85139091732788,13.405122612576665
2023-01-01 08:45:00,1970.7241910631742,20.30610220677405,85.47269713032317,4.185576552812801,927.8515305374747,4027.1869036664593,11.024738445086093,13.579746792838423
2023-01-01 08:46:00,1972.573189522342,13.468213336475907,100.79084991050041,4.215738725612824,988.4071469892863,4003.9075321791374,10.959802283941244,13.334367393243944
2023-01-01 08:47:00,1974.42218798151,15.026103983109644,104.26526548946994,4.1562436285666955,991.0898003287218,4064.5465875342843,11.1545570538603,13.042971382779907
2023-01-01 08:48:00,1976.2711864406779,17.28802443368476,101.4275984646373,4.226776779338614,987.5496302934715,3902.1061741711464,10.996428969994618,13.448391253947708
2023-01-01 08:49:00,1978.1201848998458,14.199203558631003,90.42750200529125,4.320049067688814,1018.9607130930385,4186.1639552389925,10.885848194326043,13.645435636528937
2023-01-01 08:50:00,1979.9691833590139,13.811436694127046,97.3137204787695,4.3508271842752055,996.5130392836027,3863.123210759151,11.154306169881904,13.973444677468562
2023-01-01 08:51:00,1981.818181818182,15.235722103377784,95.21908424399497,4.09201029663096,958.3171059260789,4195.649707408694,10.911092903207974,15.119508008207397
2023-01-01 08:52:00,1983.6671802773499,13.24237754511854,106.74662134843203,3.97529466140915,932.0448190451528,4234.899500944521,10.93886131224506,15.402362974712123
2023-01-01 08:53:00,1985.5161787365178,19.742524966528933,99.86147588218458,3.9718998731718127,1002.6979616554497,4083.9495532927754,10.900131356256997,15.47053415176857
2023-01-01 08:54:00,1987.3651771956856,14.000607334720295,95.230235763557,4.102651820181239,982.800232267555,3996.6479014868014,11.152628084586954,15.4912030454575
2023-01-01 08:55:00,1989.2141756548535,15.695219628377847,98.32075272228383,4.200591551398406,1010.411291736703,4020.487796078281,11.068733152359274,14.522501308359839
2023-01-01 08:56:00,1991.0631741140214,17.48810173872951,97.79074856885765,4.49218908806658,995.5301289525906,4068.9471325888912,10.908187754599817,14.274376018090269
2023-01-01 08:57:00,1992.9121725731895,18.888540893031013,89.3647535312136,4.731979286853799,983.1874604705915,3972.9891325631675,10.889867846856786,13.417634040948684
2023-01-01 08:58:00,1994.7611710323574,12.948671234755894,82.41812783872058,5.070705274347182,1010.7833355994521,4054.33102196066,10.946874407100806,12.268495579995145
2023-01-01 08:59:00,1996.6101694915255,13.674555540575634,92.20399028656635,5.439477238596878,1011.3388624111252,3997.378817104312,10.79669748777058,11.477254460970332
2023-01-01 09:00:00,1998.4591679506934,16.04144852094708,96.44586600778271,5.809240740283481,998.3315567248046,4082.1999811715027,10.95368775486546,10.253405728669394
2023-01-01 09:01:00,2000.3081664098613,33.27916198700339,60.93241509964456,6.196723830074757,968.2253622705949,3914.5557372338412,11.033783180549586,9.048689199765018
2023-01-01 09:02:00,2002.1571648690292,28.801809453048694,70.13382065401883,6.592199387550016,981.8798998221637,4136.509997058055,10.930943252567161,7.6805611215963
2023-01-01 09:03:00,2004.006163328197,28.3093368596872,66.47284142475729,6.952681319317545,968.7570489183472,4003.665696554241,10.981783477713673,6.494303100747839
2023-01-01 09:04:00,2005.8551617873652,25.406816602409908,72.54482752482656,7.338326447716871,1013.2975024428596,4041.471972401112,11.263309615637647,5.95588798080402
2023-01-01 09:05:00,2007.704160246533,29.46698052680387,75.40798540420207,7.652638517089267,966.430150591923,4102.473606465519,11.027038528781512,4.956500108915521
2023-01-01 09:06:00,2009.5531587057012,31.215001826169917,74.47351497198301,7.923915734635986,975.3813820878688,3916.71350863081,10.985646953127128,3.9282585613275858
2023-01-01 09:07:00,2011.402157164869,32.40881332437117,60.09185857312355,8.144913894441986,988.9282988934197,3955.0274030853957,11.154043004300814,3.6168597556000437
2023-01-01 09:08:00,2013.251155624037,35.0,61.671089205348366,8.338735314221315,957.0874198145873,4075.7391264901153,11.085698125799532,3.4226401881986455
2023-01-01 09:09:00,2015.1001540832049,28.716806812897183,60.0,8.347736323548045,946.3337336276139,3817.0815862994295,10.728297477317506,3.2304541038539325
2023-01-01 09:10:00,2016.9491525423728,29.375163435692247,61.3837217971246,8.213251000390116,938.9042707852035,3808.86781104098,10.962018495416356,3.3384794390304355
2023-01-01 09:11:00,2018.7981510015409,29.475427944610487,71.51428806651417,7.995244510489871,1009.1597082883927,3960.1886022817025,11.030598322729068,3.983927405166667
2023-01-01 09:12:00,2020.6471494607088,34.929450188962825,68.14502130640818,7.9994904832666665,1041.2834611103183,4024.99039228809,10.981502992796573,3.9047077260797884
2023-01-01 09:13:00,2022.4961479198769,26.361069972231952,69.63086691547359,8.004302585747034,987.6272118369606,3945.3436150088646,10.975575192338555,3.8137618721113853
2023-01-01 09:14:00,2024.3451463790448,35.0,60.77933240264595,8.009680817930974,990.914068620407,3997.542617732303,10.865217534351023,3.8661026069618085
2023-01-01 09:15:00,2026.1941448382127,25.073612525821545,60.0,7.999999999999882,952.3714481458051,4008.078602837038,10.9662489386818,3.9186118829066285
2023-01-01 09:16:00,2028.0431432973805,27.87619383877811,64.46145419500824,7.999999999999882,920.3914603969007,3889.1793090244455,11.101333108501166,4.045912064249155
2023-01-01 09:17:00,2029.8921417565484,29.12567700802352,60.0,7.999999999999882,993.5959617055989,4010.7160048481455,10.969051871019516,4.151158951275378
2023-01-01 09:18:00,2031.7411402157165,31.372443752623443,70.91560442677186,7.999999999999882,991.471836933043,4207.190861882527,10.993345415510605,4.088965007547664
2023-01-01 09:19:00,2033.5901386748844,28.23110017002148,60.78719759043943,7.999999999999882,993.9635863266496,3951.3874735058007,11.010490427504424,4.052025147797493
2023-01-01 09:20:00,2035.4391371340523,34.55900607092457,66.81205696733043,7.999999999999882,959.9613118217336,4016.710884571437,11.201531352902313,4.029086195585363
2023-01-01 09:21:00,2037.2881355932204,33.664603846158364,70.1895811810087,7.999999999999882,945.7335949411247,4022.6756389733005,10.974402932273902,3.9977047394635417
2023-01-01 09:22:00,2039.1371340523883,31.51585925601463,63.81984000715032,7.999999999999882,1026.945286987074,3770.9334036585433,11.179132179618348,4.154205020161999
2023-01-01 09:23:00,2040.9861325115562,35.0,61.87432725630524,7.999999999999882,1003.3325232795935,4216.974594428672,10.797716974099828,4.323709103927125
2023-01-01 09:24:00,2042.835130970724,31.020686593728882,73.83873656213794,7.999999999999882,971.1697518990824,3987.4231927601727,10.985121309050191,4.328828768593849
2023-01-01 09:25:00,2044.6841294298922,32.69960456645278,62.90132176201492,7.999999999999882,943.5645495490388,4067.346934475659,10.954595871982947,4.4161001495533325
2023-01-01 09:26:00,2046.53312788906,35.0,61.51290880267807,8.000118434155077,1001.1371604776415,4057.5473898020264,10.919187603626868,4.392500439794459
2023-01-01 09:27:00,2048.3821263482278,31.982860231650072,63.144053504367925,8.00005263740219,945.6640712180682,3823.4247343289658,10.938310969731054,4.321697308302367
2023-01-01 09:28:00,2050.231124807396,29.288988674107078,66.18868030089524,7.999993766623294,961.4462785492544,4111.169203178835,11.051928940884098,4.248958228928193
2023-01-01 09:29:00,2052.080123266564,35.0,60.0,7.999941821818383,1035.5879506232366,4227.073726028081,10.933382168393639,4.2882359088983
2023-01-01 09:30:00,2053.929121725732,32.46427498028824,64.94735883397492,7.999896802987462,975.16857042403,4025.482732509486,11.062461685334258,4.19080137685283
2023-01-01 09:31:00,2055.7781201848998,32.8510170481846,63.36391355929893,7.999858710130527,1017.7932314269176,4171.2097499675065,11.055844945252103,4.1018479231529525
2023-01-01 09:32:00,2057.627118644068,25.91081094952288,60.023677261886995,7.999827543247581,1018.4378051743187,4013.1952284982826,11.099363596469985,4.085727731759896
2023-01-01 09:33:00,2059.476117103236,30.895580333962762,60.0,7.999803302338624,962.868396916058,4005.7502357333638,10.989629717759676,3.9433326399511137
2023-01-01 09:34:00,2061.325115562404,35.0,68.19879838471087,7.999785987403653,958.8682593733729,4027.2353934129105,11.103876724200356,4.045700924968912
2023-01-01 09:35:00,2063.1741140215718,30.13902010687708,68.98013197690763,7.999775598442671,980.1732839293767,3862.491769670717,11.099745150785054,4.123812147951394
2023-01-01 09:36:00,2065.0231124807397,26.1030335962542,68.06910558908756,7.999772135455678,1016.6992010104663,3992.3929026067585,11.144924797361654,4.061299212979914
2023-01-01 09:37:00,2066.8721109399075,27.714001172024325,60.63579847076493,8.000355255029737,980.5005826074787,3953.84896918399,10.976667816941514,4.139902450099977
2023-01-01 09:38:00,2068.7211093990754,31.013912955816906,69.45777673061804,8.00004361255346,975.7352115654016,3882.1852138817094,11.173219940624556,4.027796243787924
2023-01-01 09:39:00,2070.5701078582433,32.26311131260298,60.0,7.9997727940972,989.8185784939226,3973.9377310014575,10.915751714495988,3.907890771466618
2023-01-01 09:40:00,2072.419106317411,29.12205614908212,64.7764634467873,7.999542799660953,993.7985091220768,3858.750771243031,11.113228535833908,3.813507717851992
2023-01-01 09:41:00,2074.268104776579,32.511061117349016,63.607901355995004,7.999353629244722,971.9393882795063,3976.573383048604,11.063118900766154,3.894446553048681
2023-01-01 09:42:00,2076.117103235747,35.0,71.58355340246538,7.999205282848506,966.4933099997821,3946.5805318901716,10.998612191715768,3.98265330154313
2023-01-01 09:43:00,2077.9661016949153,32.13463982669104,77.73569546795345,7.9990977604723055,949.117366433149,4020.863534477908,11.036908566023985,3.9642034246004396
2023-01-01 09:44:00,2079.815100154083,30.225068823131572,70.07041911383773,7.99903106211612,972.7117601059297,4063.4103493626135,11.194861110968436,3.9623563901071894
2023-01-01 09:45:00,2081.664098613251,27.439755770863027,66.02811649184038,7.999005187779949,1047.3535780029745,4144.022598624242,11.03449135404195,3.981733652665071
2023-01-01 09:46:00,2083.5130970724194,33.125153385118836,60.0,7.999020137463795,943.8204239033826,4127.8166622175795,10.905899106059922,4.09408005587256
2023-01-01 09:47:00,2085.3620955315873,25.76216366166389,62.389246408537986,7.998884754285586,992.5337929434162,3981.903795088793,11.08604863321469,4.162403844474668
2023-01-01 09:48:00,2087.211093990755,29.49555283344616,60.0,7.998901703308599,956.925027485462,3753.6774666080987,11.00288802612943,4.199263115537137
2023-01-01 09:49:00,2089.060092449923,34.26460467387461,63.628006939425845,7.99895255037764,1009.5788561953784,4094.6011353263293,11.107135300331056,4.245006918442494
2023-01-01 09:50:00,2090.909090909091,32.8633886211555,76.88629393435697,7.99903729549271,1014.9946540174273,3902.363485059541,11.089718211852556,4.313080272574807
2023-01-01 09:51:00,2092.758089368259,26.626786612654293,67.20762440241536,7.9991559386538045,975.8952849224311,3988.8362636889974,11.13766806539436,4.2296652491869065
2023-01-01 09:52:00,2094.6070878274268,34.60115828719407,71.07761522673108,7.999308479860928,968.8903385116222,4016.220629197574,11.023046410230144,4.140038270424792
2023-01-01 09:53:00,2096.4560862865947,30.019839742761338,60.0,7.999494919114077,962.1269829290911,3812.4174695246074,11.09942956756257,4.126120051706932
2023-01-01 09:54:00,2098.3050847457625,27.801581525615042,60.0,7.999715256413254,1036.7762258519085,3917.227204995922,11.077155246423448,4.169773981528478
2023-01-01 09:55:00,2100.1540832049304,33.372293956732804,70.72527157355087,7.999969491758459,970.8346086251764,3909.6435885906412,11.22091389067503,4.225488000519291
2023-01-01 09:56:00,2102.0030816640983,32.8505077673242,62.07364134287212,8.000257625149688,1000.6720173770254,3991.2570648519686,11.004974966885401,4.2752750330973015
2023-01-01 09:57:00,2103.8520801232667,33.77124617435249,60.0,8.000579656586947,947.5803084930176,4065.6354103920894,11.071002730025896,4.359988670034946
2023-01-01 09:58:00,2105.7010785824345,28.071781379737214,60.0,7.999999999999882,1019.5030197590398,4038.0619868948215,11.035393559900085,4.173085190649642
2023-01-01 09:59:00,2107.5500770416024,29.021538485765394,77.04928420546197,7.999999999999882,951.2742687762262,3967.548929464123,11.106533104564136,4.157446197387656
2023-01-01 10:00:00,2109.3990755007703,26.940370235085265,67.20545334688312,7.999999999999882,917.1495871486939,3954.277360772289,10.873648750225192,4.051393948086224
2023-01-01 10:01:00,2111.2480739599387,32.62775351725285,71.83455805314777,7.999999999999882,966.2076989758245,3992.5112894421377,10.95718793405805,4.1910197376832246
2023-01-01 10:02:00,2113.0970724191066,35.0,72.2885808619639,7.999999999999882,960.977116421291,4229.207808420388,11.233059483035888,4.196876389178309
2023-01-01 10:03:00,2114.9460708782744,35.0,63.59196696388041,8.016101850495339,958.1728476700993,3903.9364223939906,11.226268076978876,4.373631945949313
2023-01-01 10:04:00,2116.7950693374423,31.66679682925437,63.32326550215361,8.007156377997863,1040.88533414484,3985.3273011642787,11.124142368549949,4.360801604735663
2023-01-01 10:05:00,2118.64406779661,35.0,63.88643087396923,7.999152534184332,1008.4964416540025,3922.986653411211,11.049525105256379,4.353695963044117
2023-01-01 10:06:00,2120.493066255778,28.6837547818685,62.5492307934099,7.992090319054745,975.6210595484646,4082.5634875323562,11.006841550780075,4.508019746095257
2023-01-01 10:07:00,2122.342064714946,31.94024750305514,60.0,7.985969732609106,1009.8428422925746,3870.0631673508124,11.149235140833257,4.516352040157592
2023-01-01 10:08:00,2124.191063174114,35.0,64.18224935222928,7.980790774847409,1004.9136359151752,3959.0634130146536,11.199974095040044,4.395243744984835
2023-01-01 10:09:00,2126.0400616332818,31.255974514735367,70.19802755139217,7.976553445769656,966.8623278418604,4110.076157476994,11.00983274187974,4.2351599677941785
2023-01-01 10:10:00,2127.8890600924497,35.0,60.0,7.973257745375849,987.6993726820172,3889.1123509738263,11.00708409479179,4.182464425674022
2023-01-01 10:11:00,2129.7380585516175,31.657430261087626,72.99509344017856,7.970903673665988,985.0469441475487,3948.2558976027544,11.009451305228328,3.923731872766975
2023-01-01 10:12:00,2131.587057010786,34.91747597375354,62.418750117137805,7.969491230640069,934.2473493384314,3938.8889134819538,10.990835653976072,3.9168696180001303
2023-01-01 10:13:00,2133.4360554699538,24.3984877696929,60.0,7.969020416298098,955.7987906786585,4005.1199430689767,10.988060452776327,3.793872440271016
2023-01-01 10:14:00,2135.2850539291217,31.625279447894012,67.64322451981435,7.969491230640069,953.9232229760069,3773.9402739636375,10.9261531250857,3.784768818436258
2023-01-01 10:15:00,2137.13405238829,30.749944949106546,60.0,7.993956217000904,971.7419967566289,4137.2873221369555,11.00218018079764,3.816847148201256
2023-01-01 10:16:00,2138.983050847458,26.332207107198006,60.0,7.983503320191368,949.0345903692311,4043.046837691035,11.146610307799529,3.7686109431863386
2023-01-01 10:17:00,2140.832049306626,26.688145374591915,60.0,7.9753401540151865,973.2973927210452,3915.2472078462456,11.04698808840345,3.574104474507294
2023-01-01 10:18:00,2142.6810477657937,31.998514580079213,60.0,7.969466718472362,980.7747944844726,4035.6968668791847,11.110325743036467,3.501005977425299
2023-01-01 10:19:00,2144.5300462249616,30.86506382691179,69.07695069847777,7.965883013562892,958.7058565351991,4070.9280451084564,11.06761087281349,3.514346990275906
2023-01-01 10:20:00,2146.3790446841294,29.598825572129677,65.56568176602329,7.964589039286776,1001.3002463393537,4050.023832382009,11.082006644110871,3.410921676603411
2023-01-01 10:21:00,2148.2280431432973,35.0,60.0,7.965584795644015,951.9321873960567,3923.669202627359,10.859141306892326,3.4270075868427123
2023-01-01 10:22:00,2150.077041602465,26.337178168517617,64.93484948420203,7.968870282634611,914.1008465571441,3953.5521523291395,11.08888296333546,3.4739928445719555
2023-01-01 10:23:00,2151.926040061633,35.0,71.6956037081222,7.974445500258561,968.7221288992912,4037.5259807962375,10.918543902258802,3.537760697615403
2023-01-01 10:24:00,2153.775038520801,28.885893722208003,64.06525231406016,7.963303968910808,948.998409345859,4084.928587479615,11.051867122938372,3.6195358085589633
2023-01-01 10:25:00,2155.624036979969,23.793724144165278,60.85367015795992,7.958750766785092,940.2913784929473,3797.591598572756,11.086246050543972,3.6617302252089683
2023-01-01 10:26:00,2157.473035439137,26.334878575342053,60.279133235578534,7.955953998308893,901.3335273746768,3924.953662796307,11.039905237973535,3.714730257634132
2023-01-01 10:27:00,2159.322033898305,35.0,60.0,7.954913663482211,981.5642272066851,4158.155611798073,10.914367189525395,3.7287884515552054
2023-01-01 10:28:00,2161.171032357473,35.0,62.696271618017605,7.955629762305045,1000.4490901611599,4007.1937490352957,10.971915280305458,3.8449304752937397
2023-01-01 10:29:00,2163.020030816641,26.85303448792318,66.3795530583584,7.958102294777395,941.2206967867477,4201.079444299804,11.225501970751095,3.907955958691211
2023-01-01 10:30:00,2164.869029275809,32.37627944800488,60.0,7.962331260899263,1004.7662316643147,4200.783262956944,10.942658732365606,4.04075654690264
2023-01-01 10:31:00,2166.718027734977,31.41222578515797,74.68120080699055,7.968316660670648,989.080271016101,4036.039160159838,11.23820474027812,4.102272261701544
2023-01-01 10:32:00,2168.567026194145,31.514649270083552,65.21465007462,7.976058494091549,1025.5992450980896,4115.095982464314,10.996909228425315,4.322556228959085
2023-01-01 10:33:00,2170.416024653313,27.92756429591858,71.8465815974291,7.9855567611619644,978.98850389194,4258.920988432227,11.053934632901388,4.4663305008010985
2023-01-01 10:34:00,2172.265023112481,25.721287018827297,66.25027920825593,7.9968114618819,968.4073886846596,3826.371853858571,10.931434720827111,4.628521321384712
2023-01-01 10:35:00,2174.1140215716487,35.0,60.62368616143697,8.00982259625135,949.9500107771402,4110.0324714943645,11.017591990076168,4.659011521611872
2023-01-01 10:36:00,2175.9630200308166,32.00480978561549,79.47873711374322,7.987382550466594,949.5813764884892,3957.8621871182404,10.976259370823902,4.7006381361392116
2023-01-01 10:37:00,2177.8120184899844,30.98709323712825,63.92233294141661,7.988403379716861,910.4248463128376,4121.291328688153,11.037630392385463,4.656545702191005
2023-01-01 10:38:00,2179.6610169491523,29.980586103776645,61.26789592687525,7.989832540667233,928.3399402297105,4109.7991727521985,11.031119207703195,4.657689950006817
2023-01-01 10:39:00,2181.51001540832,35.0,60.55030739014774,7.991670033317711,1007.6927318823693,4022.184746532738,10.976344549859448,4.591790325787102
2023-01-01 10:40:00,2183.3590138674886,31.40124279450862,65.7569090989683,7.992546090419875,962.7594536761553,3817.4347943854145,11.048696805591879,4.5575193720605265
2023-01-01 10:41:00,2185.2080123266564,35.0,60.0,7.993552071244683,984.9253633303771,4071.9309352783544,11.010291422859645,4.510063730237954
2023-01-01 10:42:00,2187.0570107858243,35.0,62.11632604664685,7.994687975792252,941.8438163193882,4099.767815180817,11.063999338872419,4.449423400319453
2023-01-01 10:43:00,2188.906009244992,35.0,60.0,7.995953804062582,931.8709514185792,3833.628594258596,11.015093414463362,4.375598382305022
2023-01-01 10:44:00,2190.7550077041606,35.0,60.0,7.997349556055673,924.8578801116307,3995.4807255753194,11.020045662499305,4.288588676194663
2023-01-01 10:45:00,2192.6040061633284,35.0,65.97393395917237,7.9988752317715255,977.5815981350914,4076.274227640039,11.277060346323578,4.188394281988375
2023-01-01 10:46:00,2194.4530046224963,32.8292715483187,65.13380047814603,8.000530831210138,967.0776063170601,3919.2457010623334,11.030903467467102,4.075015199686157
2023-01-01 10:47:00,2196.302003081664,31.244586264923022,60.0,8.002316354371514,984.2839280044141,3924.067888025251,11.110529206678734,3.9484514292880095
2023-01-01 10:48:00,2198.151001540832,33.23690153959596,69.32114374388907,8.00423180125565,995.717889627751,4077.571302761683,11.152312144348594,3.808702970793933
2023-01-01 10:49:00,2200.0,28.802751825346565,65.26785718358846,8.006277171862546,922.3315654606693,3957.0958517503364,11.010647144435946,3.6557698242039276
