TIMESTAMP,MD,WOB,RPM,TORQUE,FLOW,SPP,MW,ROP
2023-01-01 00:00:00,800.0,7.374007218383785,148.07241013414037,3.296439467066573,940.9205883560228,4063.47094403561,10.593187551367114,51.10379197710671
2023-01-01 00:01:00,802.0033388981636,6.5904540850627695,162.4303197476126,3.2496262265926417,952.3007703630908,3860.4994928278234,11.003542685404733,48.85250295948464
2023-01-01 00:02:00,804.0066777963273,9.529823230118005,153.87794288799014,3.2077156643667095,912.5918965853102,3880.5377908753903,10.88305866625456,46.80062460515394
2023-01-01 00:03:00,806.0100166944908,8.83364571179676,120.59506442691963,3.170707780388777,940.0468327238332,3938.1180873178478,10.783766284424603,44.94815691411462
2023-01-01 00:04:00,808.0133555926544,6.997610570437497,144.83534230097624,3.138602574658843,970.1180259043597,3907.633805940344,10.810638722913758,43.29509988636667
2023-01-01 00:05:00,810.016694490818,8.154844199317154,147.28139315472362,3.1114000471769083,922.711311940845,3916.737053006875,10.563900184781858,41.8414535219101
2023-01-01 00:06:00,812.0200333889817,7.194627285756681,114.45169570447436,3.089100197942973,918.3265450637862,3995.442783058322,10.503873021364052,40.5872178207449
2023-01-01 00:07:00,814.0233722871452,5.0,140.82174086738112,3.0717030269570365,969.603232872412,3897.9547934240263,10.597860829957874,39.532392782871064
2023-01-01 00:08:00,816.0267111853088,5.158871838675152,150.8721087818799,3.059208534219099,978.0720508750793,3679.1900756574823,10.682655511720826,38.67697840828861
2023-01-01 00:09:00,818.0300500834725,8.528689070923832,121.83188373834938,3.051616719729161,953.6694839250268,3830.2952981723956,10.536157720259803,38.02097469699753
2023-01-01 00:10:00,820.0333889816361,9.362367221510606,155.18542027270303,3.0489275834871767,944.1249651890134,4002.7707474807116,10.72948469689886,37.56438164899728
2023-01-01 00:11:00,822.0367278797996,8.796620286845569,145.19749797894838,3.039225815268576,929.8284234720521,3928.345426828018,10.6955795359703,37.275649745771354
2023-01-01 00:12:00,824.0400667779633,6.043536789351337,140.7893525387305,3.0160410841775995,917.3873320753305,3959.102162795996,10.711592508260805,37.22654684575839
2023-01-01 00:13:00,826.0434056761269,5.0,133.8258798302598,3.076155307925047,946.0427484010353,4010.007757395969,10.909197327045584,38.08164483626885
2023-01-01 00:14:00,828.0467445742905,7.026965335352598,127.87726802258823,3.1522873642140494,920.7848662062961,3765.655545424429,10.561101138964085,38.941356870179135
2023-01-01 00:15:00,830.050083472454,7.926075913402506,133.99920594596838,3.201954078612715,892.6187144530865,3800.227079716882,10.631997852278662,39.9092446398315
2023-01-01 00:16:00,832.0534223706177,6.372522722841672,147.51965276465245,3.2203199463179804,977.8182778715462,3997.9821645656784,10.769811915157117,40.79686601110732
2023-01-01 00:17:00,834.0567612687813,6.1237367174127995,125.20304970268882,3.190304592126018,984.7310443303794,3800.617488290564,10.769382323851097,41.08708514344031
2023-01-01 00:18:00,836.060100166945,9.116251646183569,145.68887436681027,3.1669112177548766,939.2006238025923,3749.117023043123,10.635662137444585,39.842671941281004
2023-01-01 00:19:00,838.0634390651085,7.887338156535445,134.57980406232932,3.1609601958825233,955.8795270234018,3925.8115667992324,10.8582463916863,38.678924084372426
2023-01-01 00:20:00,840.0667779632721,6.652158175639335,143.43208175515505,3.2065828343280565,869.9181344520882,3928.639297277606,10.846205074075012,40.444747166311025
2023-01-01 00:21:00,842.0701168614357,8.912614857347746,130.05319698156217,3.2305737198922877,876.2572673199164,3984.4355584888144,10.698869045193387,41.13845663785537
2023-01-01 00:22:00,844.0734557595994,7.7321497646242,130.61955408745635,3.3189085426747438,912.1004288066227,3696.991271334254,10.747829242873209,43.614374366224204
2023-01-01 00:23:00,846.0767946577629,9.415571244451174,132.45943569286084,3.308318938716593,929.1868971594415,3868.540863844911,10.735935280885705,44.539188706542014
2023-01-01 00:24:00,848.0801335559265,7.016853883909019,143.82678800471746,3.3292751427263356,959.187854277087,3826.784458268659,10.551600500122838,46.110366803458874
2023-01-01 00:25:00,850.0834724540902,7.043357206977311,134.35291601860888,3.3570724200676825,935.6946565242645,3981.553221398257,10.686804612453221,45.49688732013806
2023-01-01 00:26:00,852.0868113522538,8.896426096021251,126.62330182835099,3.3352251903072045,913.2371791425634,3819.1818077201415,10.691839313772551,46.577963019848326
2023-01-01 00:27:00,854.0901502504173,7.753062615510784,146.84301213910072,3.3530664525545135,877.0957123000532,3887.2232865814112,10.638488808904917,47.28150618475435
2023-01-01 00:28:00,856.0934891485809,10.169267633998395,143.8748991164796,3.3535096550019667,975.6515640833827,3956.1007102463286,10.528291856060081,46.869315693045934
2023-01-01 00:29:00,858.0968280467446,10.302238122582901,136.10569288597122,3.469206952725126,986.5322321608382,4068.155641793798,10.692846098163871,49.299295173479074
2023-01-01 00:30:00,860.1001669449082,6.883733645506005,125.1432168115076,3.4401358804487794,905.5236122714587,3703.7910203203596,10.70091969545836,50.8150247842179
2023-01-01 00:31:00,862.1035058430718,9.448432640808345,162.01863541428034,3.429496989257962,994.7940308278944,3950.6047789559043,10.81800518832762,51.0113029173157
2023-01-01 00:32:00,864.1068447412354,8.08534743299682,158.4840160880555,3.4119550511458354,917.3533438594305,3930.3201703282566,10.717582816680562,50.54267141440433
2023-01-01 00:33:00,866.110183639399,10.370389825032355,131.24080162969238,3.383011274526193,922.0403624535369,3875.426409854746,10.729929038881428,48.02938541464263
2023-01-01 00:34:00,868.1135225375626,7.641399506109674,126.9544597059787,3.4060540225559364,960.964735129637,3950.618772189373,10.731469656110969,48.18218474459922
2023-01-01 00:35:00,870.1168614357262,8.370584987833842,166.18894474742052,3.342986977681633,1009.37927301522,3935.9978751175645,10.684116643537118,48.090902167864265
2023-01-01 00:36:00,872.1202003338898,9.557172123545293,135.15119416887975,3.317409569904834,895.5063169280763,3929.1645969302226,10.735463875427838,47.280335423525635
2023-01-01 00:37:00,874.1235392320534,8.643237167381015,132.29255046082125,3.2778052250540455,996.5346918099434,3918.1049227025655,10.722524545811627,45.3713451249662
2023-01-01 00:38:00,876.126878130217,8.405164124276268,161.85388501567743,3.274014445965933,957.9860679990982,3931.319857131775,10.726539736488073,42.77010677099662
2023-01-01 00:39:00,878.1302170283807,7.141356437494593,144.26259084980873,3.190654433097105,956.5708574008312,3916.2715515841574,10.67363928175422,41.78564194577251
2023-01-01 00:40:00,880.1335559265442,7.904572478840226,129.14894947393574,3.1243115772220396,988.0839621714439,3876.543923901347,10.543394120500826,41.73410254472513
2023-01-01 00:41:00,882.1368948247078,5.869388889244077,141.32865671359576,3.071000566971919,895.2682836622696,3973.34576451368,10.722050468486605,38.005458194611826
2023-01-01 00:42:00,884.1402337228715,9.783586789144456,124.7239971864175,3.0544495153689737,934.8802895541401,3847.101690924911,10.69669314679494,37.97935779563463
2023-01-01 00:43:00,886.1435726210351,7.685108393576432,160.06911380500264,3.0378191162225328,962.0410922664696,3978.991949552755,10.887717431947875,39.02070167402163
2023-01-01 00:44:00,888.1469115191986,7.7256835274899265,136.16498832876343,3.0780292914146736,915.8895159020824,3642.410693487267,10.817838876028507,39.86287460880794
2023-01-01 00:45:00,890.1502504173623,5.0,133.37788095982577,3.080590163687493,976.9215242284203,3939.6997685849396,10.74905542063166,39.22814948498094
2023-01-01 00:46:00,892.1535893155259,6.9157187871149635,145.08920962057803,3.0537201773787936,929.8121910671574,3831.2470786482145,10.86280737393881,41.42601906933839
2023-01-01 00:47:00,894.1569282136895,6.689851735331646,141.12456817820373,3.093161413872887,970.134735125487,4050.379655662035,10.7893489173103,43.065289656375455
2023-01-01 00:48:00,896.160267111853,8.335174274163723,145.33253070608697,3.1948574670637484,919.9315095939445,3886.155581535842,10.710915507233048,44.89988328864121
2023-01-01 00:49:00,898.1636060100167,9.112425644952998,143.66451201377953,3.266437572970274,937.834101115142,3810.587124376299,10.629231988413027,46.71942215207184
2023-01-01 00:50:00,900.1669449081803,7.375522834883104,140.2125639727324,3.274600645788489,1014.7550446301324,3711.410279158258,10.648651065680724,47.08008692810269
2023-01-01 00:51:00,902.170283806344,10.794392033902405,145.29226438666504,3.2649890757768927,940.2669635482329,3642.8132051784382,10.760079067362689,46.03276429827109
2023-01-01 00:52:00,904.1736227045075,11.108891159184955,135.65424806502733,3.26445782418312,895.2361090148797,3816.6622514751575,10.697682135117917,45.66789320772418
2023-01-01 00:53:00,906.1769616026711,7.192556322204493,120.37208366344397,3.2960696285131608,991.6921686224501,3961.332025201129,10.427311310869442,46.52653931247646
2023-01-01 00:54:00,908.1803005008347,7.402973344568664,140.26122924323633,3.3832820693640016,956.3330578540592,3980.813477237553,10.775392727536984,48.76291685586253
2023-01-01 00:55:00,910.1836393989984,9.877900649651316,148.46904409892733,3.344363014174467,957.6235950248116,3926.402861053343,10.727381764184102,49.05729174826753
2023-01-01 00:56:00,912.1869782971619,6.867205993206015,159.41991761667097,3.387091160161138,864.7005778180207,3699.355583813268,10.77110588192038,47.8440696087491
2023-01-01 00:57:00,914.1903171953255,9.175479534157246,127.20759142361885,3.3663730392418603,989.0774249243925,3754.7631361878553,10.760323394993968,45.414133100972556
2023-01-01 00:58:00,916.1936560934892,8.510095206377404,138.79016604364554,3.3277554366980193,907.2508737896187,3646.215548498373,10.722222133175537,45.017593764097754
2023-01-01 00:59:00,918.1969949916528,9.097630791497073,131.3240454128679,3.3097529687673317,953.2835114281237,3851.5458503891196,10.686171228165927,44.84750401116471
2023-01-01 01:00:00,920.2003338898164,7.987255422693151,146.19302540087142,3.285061864791569,946.4292498891188,3870.7938801720597,10.753036854106638,45.29876939692921
2023-01-01 01:01:00,922.2036727879799,10.850517165952061,127.71472178564431,3.311014692030123,945.9069123407694,3823.1930511362225,10.866026933062813,44.037080178607695
2023-01-01 01:02:00,924.2070116861436,8.495829874227955,144.31367094729987,3.294717848905071,944.677380128232,3976.999245300754,10.938743855368836,44.94882293463352
2023-01-01 01:03:00,926.2103505843072,7.146566315751066,154.6309296199825,3.352182186892289,924.9285524595339,3805.0277717448266,10.667545268868139,47.20676768401229
2023-01-01 01:04:00,928.2136894824707,8.086090138675239,137.77040883875253,3.3346716744788623,933.3748800578802,3845.666904456306,10.708960913948742,47.07097397013945
2023-01-01 01:05:00,930.2170283806344,10.329580566201438,116.59151868811455,3.3050202729249722,885.1736344313757,3831.056341088816,10.555597552776728,46.52248265124083
2023-01-01 01:06:00,932.220367278798,10.953022728238237,123.06246901476811,3.2982418848473394,950.1754820617762,3816.9769838227785,10.826515510036032,47.846045909582344
2023-01-01 01:07:00,934.2237061769616,8.26303544529299,158.79052876747164,3.3147995425606704,919.314778182804,3922.161280123152,10.669280919342059,47.61110122845686
2023-01-01 01:08:00,936.2270450751253,10.185792960838608,163.28991424363892,3.292304164169832,935.949031818758,4035.96603817279,10.920310246193663,47.73046595074682
2023-01-01 01:09:00,938.2303839732888,7.859212557531411,134.15960193127592,3.219353499719198,957.091518684294,3784.092062001131,10.74136687719528,46.33811232185228
2023-01-01 01:10:00,940.2337228714524,8.856833009542754,100.69132836513133,3.2078584980407086,973.6482793442727,3876.401570619044,10.665538507962886,46.70401195822596
2023-01-01 01:11:00,942.237061769616,9.370060168087917,148.3411336858385,3.1728350049593805,933.0818520836356,3966.5944490078996,10.965350590662538,45.97065195853357
2023-01-01 01:12:00,944.2404006677796,9.75483989397847,130.98041162976344,3.170523319872099,967.1974771628489,3694.0736912765533,10.794634404514962,46.514535338129974
2023-01-01 01:13:00,946.2437395659432,6.77868374080621,146.9468247929578,3.162671413431881,948.886555842056,3931.6967369947774,10.754243111531585,47.04483497813205
2023-01-01 01:14:00,948.2470784641068,7.306929256480577,122.86625998655083,3.148044134492991,934.2714837830965,3874.175040466852,10.83280485651628,47.23317804789576
2023-01-01 01:15:00,950.2504173622705,9.181280386187925,133.3416257280329,3.082280683952831,973.0296143233948,4018.3667810273087,10.774108000993467,45.24138042626485
2023-01-01 01:16:00,952.2537562604341,7.49466425869098,125.45757610864575,3.0890650994462767,966.6789653207991,3782.2812252249714,10.833562011564164,44.44677433839157
2023-01-01 01:17:00,954.2570951585976,7.264432621773632,133.40139185409365,3.1206284988098054,954.8587112888897,4011.214132751491,10.78740113008781,43.798648571766726
2023-01-01 01:18:00,956.2604340567613,9.945416911874997,133.13894197403874,3.207127034598259,984.4727634832697,3969.4719730145152,10.886452348119358,44.93138773321641
2023-01-01 01:19:00,958.2637729549249,11.069071827624946,132.40821581037255,3.2566975011899784,932.3840615981441,3684.48171421498,10.71419028687974,45.68775682866066
2023-01-01 01:20:00,960.2671118530884,6.486003912660135,155.46977999486361,3.2666853582966002,968.3779476398386,3895.534589654738,10.690575166197844,46.062682209887335
2023-01-01 01:21:00,962.2704507512522,6.844993438113429,157.0681123694808,3.327310653203482,920.8362882010357,3986.533130598375,10.914754582083496,43.336768144808055
2023-01-01 01:22:00,964.2737896494157,6.864202961702662,147.5763688022489,3.3760561063746413,943.0503976331207,3878.643801949094,10.644626808300842,42.392876753224556
2023-01-01 01:23:00,966.2771285475793,8.339788285778056,134.4684893471876,3.385707076066232,972.8935543394526,3818.6690397793423,10.711461675223061,43.19035668163673
2023-01-01 01:24:00,968.2804674457429,7.7315917833951735,132.09930522068947,3.3287931459927482,958.8349891244205,3981.829367585336,10.721032895525301,41.6282960142907
2023-01-01 01:25:00,970.2838063439065,10.065436451484247,156.34354391362157,3.351199273365622,969.6330522094069,3850.4160048058684,10.794739689498423,40.78004818773081
2023-01-01 01:26:00,972.2871452420701,9.442301801455137,135.01450734955702,3.3498936709933007,924.0619627269242,3892.4816658831123,10.900758917036788,41.11989770478197
2023-01-01 01:27:00,974.2904841402337,7.749755270668035,124.54645201583202,3.312918822602036,970.3786335376271,3948.403172438152,10.859368474511227,41.36702135294519
2023-01-01 01:28:00,976.2938230383974,8.27062150713532,125.98835894092947,3.191249245781675,1001.1782883313256,3989.2798690133523,10.748831093878712,39.17006758767154
2023-01-01 01:29:00,978.297161936561,7.38259845508879,126.35190907784875,3.127655446576825,979.1972248778748,3732.7044621338855,10.80263816816422,38.779316421871144
2023-01-01 01:30:00,980.3005008347245,5.463935607420135,125.23342524076979,3.116633632076599,942.4967454020803,3658.5692269624137,10.767246207607739,38.62903953104882
2023-01-01 01:31:00,982.3038397328882,9.300367462565246,122.9016877361904,3.103558018106251,941.869192248666,3877.9507989926256,10.804643211385608,37.56600201886944
2023-01-01 01:32:00,984.3071786310518,7.451823985904216,152.05957302350805,3.082291105074205,959.0072453534289,3760.4881316682668,10.82618436695233,39.55107079926696
2023-01-01 01:33:00,986.3105175292153,6.986854164305338,120.75373045014251,3.0781532445701347,976.8602747646249,3999.6357565755147,10.614273483711925,40.04450067707583
2023-01-01 01:34:00,988.3138564273789,8.564987852542279,126.31452815456436,3.0522988992768365,984.1604650874898,3884.3014578314696,10.779841784126862,41.79071687572242
2023-01-01 01:35:00,990.3171953255426,7.743410955356799,115.67004600765215,3.0029413809564436,898.913366324147,3927.442701675699,10.793349641128898,42.60258602942289
2023-01-01 01:36:00,992.3205342237062,6.823458273825027,137.8698254191931,2.9988881508433436,937.435299275378,3771.3609066725003,10.760369890821517,44.1532114163186
2023-01-01 01:37:00,994.3238731218698,5.166967107472032,130.1085786480474,3.068712836690508,948.0581031799721,3896.4371704625305,10.953309682620278,45.87946888300584
2023-01-01 01:38:00,996.3272120200334,10.423862469596909,137.2864736520275,3.139478668395789,998.1416348753161,3872.9555569704094,10.691127103652052,48.99228730148382
2023-01-01 01:39:00,998.330550918197,10.145213291286561,118.11204857848173,3.108743671721081,993.2889020688116,3921.9872415917316,10.785482231926345,50.205664950456566
2023-01-01 01:40:00,1000.3338898163606,11.492149465317615,130.90842741801498,3.1313712328492462,936.0310074596246,3950.6579539367885,10.813749892674226,49.98648589461884
2023-01-01 01:41:00,1002.3372287145241,9.253474739128663,140.3299658572671,3.1500529788462943,961.0776842711037,3950.770466913865,10.704849216695067,48.94634997522277
2023-01-01 01:42:00,1004.3405676126878,6.547644406482,142.6519886900419,3.1610191182212937,970.2135709508607,3963.9282869309895,10.817010572348973,48.804971727492315
2023-01-01 01:43:00,1006.3439065108514,8.746988534505933,164.23249803275343,3.1318814572111244,967.9190060506767,3802.883105535302,10.930011869791727,49.69398617934458
2023-01-01 01:44:00,1008.347245409015,7.554054956727213,127.74321348644945,3.180682984947283,950.030105015405,4046.463662976803,10.842316480565716,49.59369575274246
2023-01-01 01:45:00,1010.3505843071787,8.99535986598196,119.52207419110626,3.2496625509104584,920.7671260092285,3784.0502381240444,10.75974525195322,48.6747739642326
2023-01-01 01:46:00,1012.3539232053422,8.431574217704108,158.7155535230811,3.2227019404491326,941.234144485857,3886.0876294186946,10.931970837349994,48.08838689353277
2023-01-01 01:47:00,1014.3572621035058,9.186070210169097,131.76776441081853,3.18143603206403,1003.9903927638625,3825.223788373439,10.760204486747789,47.00757411056401
2023-01-01 01:48:00,1016.3606010016695,5.004862193665386,129.3549527995704,3.1178691022710385,914.3628650454489,3752.679770991335,10.814706556544547,43.82085876402347
2023-01-01 01:49:00,1018.363939899833,8.271020014027734,133.42598734350818,3.124488582877956,883.9856029064455,3855.64757628199,10.825781953660057,43.284608197046275
2023-01-01 01:50:00,1020.3672787979966,8.367802820353068,133.74545170317498,3.2034936791579227,945.7898431411375,3852.2024308950076,10.860057786067925,42.018535110762194
2023-01-01 01:51:00,1022.3706176961603,9.536856303206203,121.87360797484726,3.24538048050322,903.964113493193,3909.429704401789,10.763394122355333,42.459000924615836
2023-01-01 01:52:00,1024.3739565943238,7.900628377402338,147.9945827651843,3.284003711174871,999.8300766324475,3834.3441094534314,10.62549615492537,44.95882116611115
2023-01-01 01:53:00,1026.3772954924875,8.592229935599375,145.53878978044418,3.3049882570439317,995.3589648419559,3891.682906376033,10.637655500047432,43.628346825225044
2023-01-01 01:54:00,1028.380634390651,6.568685849158077,129.63827936073554,3.289802734717601,1000.6130562624224,3824.522083270201,10.90317713903231,43.96435401783483
2023-01-01 01:55:00,1030.3839732888148,8.171383688960269,138.36085875420093,3.28197391020553,1000.0233094704051,3971.1690506070945,10.746730852997887,44.76673499387476
2023-01-01 01:56:00,1032.3873121869783,8.137608089430932,138.13192607584472,3.3193660602826993,923.0039166642653,3826.404776883435,10.853433967955258,45.30008374094071
2023-01-01 01:57:00,1034.3906510851418,8.80993881887965,124.77307573589488,3.363007599313395,958.6359081923559,3902.2811312111457,10.831814349422459,46.47572177936478
2023-01-01 01:58:00,1036.3939899833056,9.630585076079537,127.35512138075089,3.3718585938056096,958.8004708482824,3970.148836480182,10.840564174959699,45.87450764184028
2023-01-01 01:59:00,1038.397328881469,9.23466476461377,128.86949102936458,3.3070601973695037,960.7683434152644,4057.494714009505,10.950763834971173,44.22814230019287
2023-01-01 02:00:00,1040.4006677796328,6.707311019856497,156.7268877828213,3.320271034420393,973.9687137349098,3741.7088323328444,10.873259884231492,42.841396477900155
2023-01-01 02:01:00,1042.4040066777964,9.73636628397803,131.71243065646394,3.3296013976853986,916.8789647138663,3798.866545302141,10.728953296838519,41.89138142162537
2023-01-01 02:02:00,1044.4073455759599,6.3527557049236405,140.87123116076202,3.2866280004505595,953.7200951429586,3962.962128355475,10.989688181234847,40.123781727658454
2023-01-01 02:03:00,1046.4106844741236,8.463097218026956,139.32613417205582,3.274444236742594,963.5921606370962,3884.893933828694,10.780528198843859,40.45628793938968
2023-01-01 02:04:00,1048.4140233722871,9.080722682884977,125.19069291258073,3.2787395688086445,965.5716642405565,4044.9867200709286,10.800383684997007,41.34278339594192
2023-01-01 02:05:00,1050.4173622704507,6.751436106473724,148.91847271268526,3.2850759409639174,923.7627882834288,3960.442059630539,10.9590837162866,41.84777381745591
2023-01-01 02:06:00,1052.4207011686144,7.527315080175658,118.1258163531263,3.209727428070023,993.445756136281,4014.433491936698,10.91542261919481,41.82802350903541
2023-01-01 02:07:00,1054.424040066778,5.0,128.2817795123853,3.2197566670271245,975.4121727274523,3864.8231141516108,10.726318874778476,41.54143396034141
2023-01-01 02:08:00,1056.4273789649415,8.799996644720814,123.49704796552237,3.2510566410456736,977.3126441093827,4164.948625473443,10.666655130636165,41.517177925710584
2023-01-01 02:09:00,1058.4307178631052,9.370752309029903,131.23835012844938,3.260672907553458,945.798286887475,3724.3048268826183,10.683701667206082,41.77527233232796
2023-01-01 02:10:00,1060.4340567612687,9.547060093917597,168.82116390655455,3.322483917095744,899.8883312191097,3800.350565420302,10.593464782837799,42.60041053741064
2023-01-01 02:11:00,1062.4373956594325,8.01973111660178,128.09707693664257,3.3087809136885284,985.4329854702422,3857.341501806304,10.60210649005452,42.27310124368901
2023-01-01 02:12:00,1064.440734557596,9.55657276369702,139.942243987299,3.362933702691876,968.7867603401285,3867.896893191559,10.704171830354088,43.94308432408266
2023-01-01 02:13:00,1066.4440734557597,8.74314799386379,152.2052031269631,3.3700234314962283,1016.8440814675807,4014.957433609128,10.754401437314531,41.873531955451696
2023-01-01 02:14:00,1068.4474123539233,8.374872957997798,122.16705294580075,3.403268423811714,976.1009599348502,4091.3436794896948,10.84182399302332,42.96764469888432
2023-01-01 02:15:00,1070.4507512520868,5.0351173943569885,124.35985962451092,3.370388527667948,988.9385954757948,3856.7409107272024,10.88862040238442,43.6988636634081
2023-01-01 02:16:00,1072.4540901502505,8.467540582197037,122.19581593965196,3.4012167611653146,998.4155463604868,4086.9568234342923,10.809386901337398,43.51865707066243
2023-01-01 02:17:00,1074.457429048414,7.895491747463328,128.9055943003605,3.345201320009302,945.6596806684573,3808.62158300037,10.779434882657817,41.873647590005056
2023-01-01 02:18:00,1076.4607679465776,7.579753317019574,129.16465687144037,3.2821308450658253,949.4967149887898,3889.5691422351956,10.942792484000625,40.08266023367706
2023-01-01 02:19:00,1078.4641068447413,9.088789301359357,128.61011210240352,3.3000340446489034,954.3645358265275,3869.0580091481656,10.839550849962444,39.7242675883293
2023-01-01 02:20:00,1080.4674457429048,7.0340277407470495,104.3914971038379,3.2386294228892276,1021.3026628428274,3873.8717429744543,10.735258195050523,40.097461865400824
2023-01-01 02:21:00,1082.4707846410683,10.993244164772223,109.2196569332378,3.2315548128043665,964.809228576715,3818.4907332482935,10.783015707983504,38.984104720146725
2023-01-01 02:22:00,1084.474123539232,8.800432529355046,115.16646054434776,3.1865716683010126,874.0304445451413,3772.8833976150295,10.665916472096978,38.317848964995406
2023-01-01 02:23:00,1086.4774624373956,7.192490412635791,154.58016942011082,3.1834064572476737,1006.3269156576794,3922.3585830883144,10.7841848565133,40.51369570028756
2023-01-01 02:24:00,1088.4808013355591,5.720539752387702,143.59450709195903,3.209828504439756,955.3111654513798,3903.7459271768553,10.689291398637183,42.52891769442139
2023-01-01 02:25:00,1090.4841402337229,9.485179921931694,132.00767237159792,3.231123672936948,970.7182990219544,3873.3868889126816,10.750925124617696,44.06008574149761
2023-01-01 02:26:00,1092.4874791318864,6.1089847066605945,155.43012175034355,3.1663722066801427,981.393262697595,3805.6122583590472,10.833049221235436,42.51799957096007
2023-01-01 02:27:00,1094.4908180300501,9.200693760918002,116.2319732890771,3.2207314910174527,963.9791990086579,3863.4292470875403,10.797574283202403,43.035411290145575
2023-01-01 02:28:00,1096.4941569282137,9.762873127589454,138.76559892987478,3.180920565448466,963.6746376674374,3930.079448459357,10.794345542497084,41.37119732053693
2023-01-01 02:29:00,1098.4974958263774,7.247641383995561,148.29620630208535,3.1910123379161335,1021.4194639887794,3878.623170433815,10.796731077035039,41.10028044971645
2023-01-01 02:30:00,1100.500834724541,8.801364518930356,92.98124900259849,3.2788074270221803,982.2269800620303,3822.6274745042538,10.67571973308428,40.67481665658416
2023-01-01 02:31:00,1102.5041736227045,9.070830859200637,135.2585567538383,3.2444893538495103,940.3554601588502,4082.488533090941,10.763753126467352,41.48555557898746
2023-01-01 02:32:00,1104.5075125208682,10.36046372108915,105.2954345076298,3.261396493965595,1012.3814298218025,3981.5441928659347,10.923209249310972,41.07917056930207
2023-01-01 02:33:00,1106.5108514190317,9.851406321395537,142.4384741275196,3.2729651429043463,892.095678197458,3983.256577330696,10.860706649421372,40.349275085009225
2023-01-01 02:34:00,1108.5141903171952,7.175748129643969,111.70300653699937,3.3124074673116275,948.2107546139296,3842.8090773231925,10.623153541162479,41.719775690159906
2023-01-01 02:35:00,1110.517529215359,6.174238037726615,113.54087944488603,3.2639224168831618,967.4835128285544,3887.169985784633,10.810532537450118,41.627538824000126
2023-01-01 02:36:00,1112.5208681135225,8.839549938470007,128.37713118136634,3.274673870501922,939.8770072514209,3921.544894664382,10.968060203684939,41.11850890894606
2023-01-01 02:37:00,1114.524207011686,9.075053251670813,105.42437531962673,3.1729986602222895,916.4666394310706,3784.643322973369,10.555866776340743,40.83062664912973
2023-01-01 02:38:00,1116.5275459098498,11.194991585075956,116.5888978180014,3.112312943248465,988.8845151575524,3969.1292091857285,10.759487782143246,41.91913909599565
2023-01-01 02:39:00,1118.5308848080133,10.126055065904865,111.47776828373966,3.1289432331475155,982.3192731983426,3939.7260322070506,10.814077156219023,43.77215750930047
2023-01-01 02:40:00,1120.5342237061768,8.31532304493373,143.0457343284951,3.0824035844242053,937.5379024937878,4036.0935004611993,10.650724798614538,45.24800113146103
2023-01-01 02:41:00,1122.5375626043406,6.769998417119858,112.94821815349752,3.171766530161679,943.421265177034,3862.162927686018,10.562631914747843,46.01860511367403
2023-01-01 02:42:00,1124.5409015025043,9.141139283678106,149.13636645898995,3.202169084619172,933.7435385707324,3845.6284105866303,10.942558360818055,46.5989991111488
2023-01-01 02:43:00,1126.5442404006678,7.870652567669477,140.70871656131453,3.2275844627489323,933.7281792475541,3837.304679540867,10.806523200193254,49.05729334027568
2023-01-01 02:44:00,1128.5475792988314,9.86397499650454,119.11065294861123,3.252976516917758,958.7191576432269,3884.266326696807,10.80183686301365,48.791331737802196
2023-01-01 02:45:00,1130.550918196995,8.689404995310827,131.45688737506754,3.3040573471370767,974.6950726054016,3923.786739120584,10.866711308630766,48.70204938976679
2023-01-01 02:46:00,1132.5542570951586,9.472960755678137,130.96580789511225,3.3383972242347957,956.5665268413873,4100.244550457366,10.866493764645988,49.397275381759684
2023-01-01 02:47:00,1134.5575959933221,9.65431233721182,125.10234193817732,3.3618625340733304,956.6704901171569,3926.958594755837,10.879796574543189,49.33378592359307
2023-01-01 02:48:00,1136.5609348914859,8.001856356825208,139.23442306316844,3.387218461502247,978.2854128829732,4062.120582483642,10.788353252360581,48.83557254055346
2023-01-01 02:49:00,1138.5642737896494,9.212437425767336,148.9302919843378,3.4997057529658475,904.6491058283747,3820.513774501551,10.713693140049777,51.754991371357406
2023-01-01 02:50:00,1140.567612687813,8.922612138978753,146.27230484214863,3.549773496133423,975.0389601963242,3964.167727783966,10.907147414292963,51.23591548299223
2023-01-01 02:51:00,1142.5709515859767,5.765003499345929,146.35290635969477,3.5424844606939625,939.787486828578,3732.2707520066624,10.896048828175989,52.63984872441954
2023-01-01 02:52:00,1144.5742904841402,8.72709585011974,134.4521439590852,3.583528325073461,972.4131975155938,4082.4964902887023,10.640041854816626,50.83297207924011
2023-01-01 02:53:00,1146.5776293823037,8.720995589248327,111.41844436911781,3.5556192104137576,941.4487127448115,3837.339722530026,10.736551162502836,48.69346632153409
2023-01-01 02:54:00,1148.5809682804675,9.824630770927545,143.0041795957286,3.4760082633461042,977.931277574325,4190.477883661993,10.690506009349905,47.06136964264083
2023-01-01 02:55:00,1150.584307178631,9.798583880140272,145.72257300312813,3.395824725879499,968.7400802151051,4115.151392688423,10.77540869114861,44.745848437934406
2023-01-01 02:56:00,1152.5876460767947,8.757893051255255,125.67171483784507,3.2710199618675126,960.5534016511244,3916.5170984800566,10.919257672925784,44.672368134224364
2023-01-01 02:57:00,1154.5909849749582,10.710139030877741,135.6555635377499,3.2198988424317556,922.506643154652,3783.670940247114,10.80691484645218,45.83700469008919
2023-01-01 02:58:00,1156.594323873122,8.190355760826046,123.70747682835943,3.229575584271888,985.7231073662996,3864.986359666545,10.753658214012521,46.832247493884964
2023-01-01 02:59:00,1158.5976627712855,6.684960723734741,107.52272137422774,3.2578899389485954,928.5310234611578,3840.494228281386,10.88643834874657,46.757258831841156
2023-01-01 03:00:00,1160.601001669449,7.55909691715148,128.94061432749558,3.3244048220278937,947.9384027134365,3915.7995671951194,10.8586160857113,47.55132065707861
2023-01-01 03:01:00,1162.6043405676128,5.6726033470947845,130.8242845481571,3.325327265161884,970.6076931010723,3959.973915450169,10.622507386132474,46.935340771521226
2023-01-01 03:02:00,1164.6076794657763,6.939359841153295,122.10215711507344,3.394943359500908,972.721857979166,3972.287993219215,10.841793101418357,45.66312756418524
2023-01-01 03:03:00,1166.6110183639398,11.155747612885767,150.30471041549964,3.356634537825553,923.5523419036504,3802.9402639665304,10.941671503190154,45.46803133243422
2023-01-01 03:04:00,1168.6143572621036,12.340651006263425,129.66844547785715,3.3856340661222144,1025.1837993333847,4063.592088359206,11.05527785976957,44.71134342803454
2023-01-01 03:05:00,1170.617696160267,9.03019967111997,139.68785767727763,3.459777606108492,1018.0131366771634,3791.2802329951433,10.799051720240062,46.89187338273808
2023-01-01 03:06:00,1172.6210350584306,10.10184460509865,110.03084409873331,3.462748915936803,962.0092704512516,4025.1157223652785,10.743904547599426,49.53085898864637
2023-01-01 03:07:00,1174.6243739565944,9.83581078435115,115.19451410466912,3.4602493388653803,924.7985235763566,3845.151303042056,10.79526047246743,47.91396981441336
2023-01-01 03:08:00,1176.6277128547579,9.234514932980913,128.3537135051766,3.4862672875192153,970.5392265580882,3885.740134267006,10.956241193646983,49.93358923968441
2023-01-01 03:09:00,1178.6310517529214,10.06896987206334,123.31506283136446,3.5062363628445374,978.1864678565763,4023.2945907937906,10.698881490956238,51.48774955050378
2023-01-01 03:10:00,1180.6343906510851,6.243564093054019,126.93328605106592,3.449660655643749,961.9289674305666,3820.152326721988,10.818530112512123,51.816313157444746
2023-01-01 03:11:00,1182.6377295492487,8.913682523632028,131.97692580834178,3.421591279494052,953.2415920107343,3935.025165935105,10.673577434524034,52.22207590553633
2023-01-01 03:12:00,1184.6410684474124,10.648301450621513,113.75138563917444,3.4773137060040376,964.9707740783726,3971.3792259666357,10.761453456376554,50.13834395225436
2023-01-01 03:13:00,1186.644407345576,12.57916841514766,123.27054560436298,3.441679771186519,996.6629486587333,4058.4103360600466,10.924949462805317,46.40983470963617
2023-01-01 03:14:00,1188.6477462437397,9.948984461881087,133.91966676923974,3.4467439935575688,936.557434402531,4020.0416464313175,10.912609788754368,45.15305053947763
2023-01-01 03:15:00,1190.6510851419032,7.6582327311137295,113.25413059215744,3.4694992616721336,931.8638701959262,3918.9392375126736,10.681649291287043,43.2426605493539
2023-01-01 03:16:00,1192.6544240400667,8.070959610402713,133.19945723521454,3.479321582760728,994.2443959463377,3869.5420749835516,10.806323762407791,42.294946698966356
2023-01-01 03:17:00,1194.6577629382305,11.929240197003821,140.02560908289468,3.567518481046383,945.5978278777196,3973.565256993205,10.938313199218266,39.169704786090584
2023-01-01 03:18:00,1196.661101836394,11.967948483954787,116.22779323595488,3.609607241461083,901.009488666814,4084.885595004392,10.754864214162824,35.284653151133554
2023-01-01 03:19:00,1198.6644407345575,9.516765757168892,111.74514795257306,3.6134485447470444,892.5843955245309,3814.461620889642,10.564271407611672,30.534702092970587
2023-01-01 03:20:00,1200.6677796327212,13.552280785963028,103.47013712076858,3.7246082481892056,905.3649992797708,3916.5050305380655,10.829374337145003,27.746580273144705
2023-01-01 03:21:00,1202.6711185308848,16.949144394283934,107.26590102598928,3.7429789725944174,938.8916404089738,3839.1881125208047,10.803801978126339,22.379709526602884
2023-01-01 03:22:00,1204.6744574290483,8.21530457386804,96.50411930299379,3.89383273354023,1001.0492859860433,3962.047478595463,10.520139110186653,19.08350893567356
2023-01-01 03:23:00,1206.677796327212,13.239725507344158,113.61101045669821,3.90450134520413,978.4180883396027,3853.7729103373044,10.753731387430745,16.074355923025298
2023-01-01 03:24:00,1208.6811352253756,12.277445238954273,124.40269272615882,4.063408936080847,981.9970010253609,3971.354033016589,10.834181837460203,14.606462894308843
2023-01-01 03:25:00,1210.6844741235393,11.701836831207853,99.99454371725295,4.095545321353015,945.3192442053767,3903.9409651838905,10.867238738755328,12.89698994693299
2023-01-01 03:26:00,1212.6878130217028,10.587885824118464,107.43010794952764,4.097529161325243,943.3862892280284,4005.3860463966666,10.879433923695547,11.329751690771992
2023-01-01 03:27:00,1214.6911519198666,12.088524099064351,104.09942885812903,4.063801389140608,977.8538380474589,3993.464894526852,10.821699222452217,9.749552327670258
2023-01-01 03:28:00,1216.69449081803,13.287890543712074,121.42890709161018,4.109517570421787,929.3310282155126,3767.0173393816835,10.821645936868242,11.603681855081653
2023-01-01 03:29:00,1218.6978297161936,17.376705116826482,107.21723711256178,4.1250799046305,951.9629456307107,3966.017212525607,10.853662072435089,12.199868882459555
2023-01-01 03:30:00,1220.7011686143574,11.463927052494128,113.2882857759636,4.101603592096346,953.2180941547438,3994.966671678497,10.869184514060809,13.358102254061617
2023-01-01 03:31:00,1222.7045075125209,15.299560468091247,116.25889403927512,4.139547048796519,960.9469250424918,3933.582674725105,10.89974556637762,13.002451812113906
2023-01-01 03:32:00,1224.7078464106844,12.417452309542579,122.88222322254737,4.218189475481165,933.764196405096,3892.245859841629,10.902915464423412,13.346196500932198
2023-01-01 03:33:00,1226.7111853088481,13.122782724244193,108.80181619480676,4.216979468486987,930.823009028484,3855.4434142247305,10.915658821601456,13.189385753873115
2023-01-01 03:34:00,1228.7145242070117,9.519412871892744,114.77174094463562,4.201352202842925,972.4146382203318,3842.509716273707,10.618227075731014,13.60641123662998
2023-01-01 03:35:00,1230.7178631051752,15.908259792449783,106.41688359349551,4.1432247911081745,948.8805880452627,3926.9076626460383,10.810892542250844,13.917779014392222
2023-01-01 03:36:00,1232.721202003339,14.477064396158083,114.05687784424612,4.065211535671591,939.0336473153286,4009.8498183365873,10.860000191749,13.849911735599092
2023-01-01 03:37:00,1234.7245409015025,15.952826298524084,96.3339285915574,3.999097896024269,955.2882546988743,3883.7643292392604,10.90241267528773,13.397086927128933
2023-01-01 03:38:00,1236.727879799666,10.631622954359765,102.20121725773363,3.969275797552852,994.9351026984307,3978.507680330637,10.835784424021796,13.115155095745
2023-01-01 03:39:00,1238.7312186978297,10.319290950462419,120.08609447670598,3.945973039105743,918.373234739086,3814.471157336589,10.871722670914343,12.915382880646249
2023-01-01 03:40:00,1240.7345575959932,11.988174575318807,116.9468374948136,3.9531429352790246,971.899231915646,3871.2548968686006,10.735465996299313,12.879563105472666
2023-01-01 03:41:00,1242.737896494157,15.617320107266366,116.54076008912826,3.9114225015776363,973.7316894627035,4085.342359597411,10.780249972323698,12.531067960933875
2023-01-01 03:42:00,1244.7412353923205,14.602682073138881,110.29309323535945,3.9328331022472405,1027.3793746208644,3954.6706203454182,10.668818700614839,13.095525886350526
2023-01-01 03:43:00,1246.7445742904843,10.007449725351373,119.3701179360327,3.8741058718448342,944.4556839689403,3980.3379348448316,10.76690108299778,12.858684812769978
2023-01-01 03:44:00,1248.7479131886478,10.852543040001917,105.34105251534793,3.891352265290466,947.7869432216512,4029.5642850532627,10.91574736806817,12.13026919956965
2023-01-01 03:45:00,1250.7512520868113,11.949724618634658,96.6752814978338,3.805062287213006,944.9287616052482,3912.0434982259435,11.149746689009046,11.223777439601903
2023-01-01 03:46:00,1252.754590984975,12.776640138676184,109.7493569717192,3.7772431917468765,922.6710826739125,3896.337362174871,10.780900866630027,11.361723569847776
2023-01-01 03:47:00,1254.7579298831386,11.418203856356383,115.30246009849002,3.775947350640271,957.9498881109026,3919.882653010197,10.851658297262066,11.212088160592028
2023-01-01 03:48:00,1256.761268781302,10.803618523315672,95.75343876922337,3.8289019886750073,1026.132240818632,3927.682156585755,10.680170906294336,11.038953911849053
2023-01-01 03:49:00,1258.7646076794658,10.87451576067891,100.46475132075987,3.7908413901991667,972.4619727025839,3941.713962859093,10.986094095871428,11.115949120436607
2023-01-01 03:50:00,1260.7679465776293,10.991137479294192,114.07098601764775,3.8000079584843256,977.319296454264,3745.4896224512877,10.78695317266665,11.328785903096199
2023-01-01 03:51:00,1262.7712854757929,11.861356547844755,102.77867026014525,3.7996457816071803,957.4446418371635,3891.155650970826,10.963888191580818,10.957426030726863
2023-01-01 03:52:00,1264.7746243739566,9.115373579169677,83.44192912243047,3.8663012199028786,959.2299118865801,4125.47889533824,10.815779100038089,11.166780869244935
2023-01-01 03:53:00,1266.7779632721201,14.47522550489561,102.52028232917718,3.9468506095934774,970.9911888369542,3745.20695251506,10.764789616597751,11.77599479877164
2023-01-01 03:54:00,1268.7813021702839,13.936511515319667,108.83598908413572,3.946858112736658,997.3938740041945,3838.781295871117,10.524354739646355,12.20042518331
2023-01-01 03:55:00,1270.7846410684474,15.895635329940633,94.05405266081011,3.9661869271911954,965.2617062673048,4003.199370352991,10.842705717473466,12.965976094285491
2023-01-01 03:56:00,1272.7879799666111,11.912582409298777,92.60244732416879,3.952221286944211,990.4066407796638,3757.415148430793,10.851329447867567,13.31965547130043
2023-01-01 03:57:00,1274.7913188647747,14.915257324556691,109.53930738390412,4.034355931757848,979.8796596676215,4036.50787147099,10.917981996182911,13.726046823299164
2023-01-01 03:58:00,1276.7946577629382,12.600521811383478,111.84899095805761,4.042026553775794,988.9182520405668,3809.435797886434,10.897056526595023,14.321725973474756
2023-01-01 03:59:00,1278.797996661102,13.788863978241256,97.94919305813764,4.053023952876942,959.2556305925318,3870.1655045141542,10.907839876554146,14.511022182691176
2023-01-01 04:00:00,1280.8013355592655,10.933069823068431,95.33614298992684,4.035157811234823,918.8889229822105,3838.3271771412005,10.841128703047165,14.622053808496998
2023-01-01 04:01:00,1282.804674457429,16.96645540839699,112.13042893217484,4.018908725851366,938.7169197458113,4043.526163648252,10.753730825249582,14.907547858096034
2023-01-01 04:02:00,1284.8080133555927,14.563752086279893,116.27488278853842,3.9903761832200493,979.5106632674299,4066.83213157265,11.042429972283834,14.58741254628254
2023-01-01 04:03:00,1286.8113522537562,12.778431677942086,123.02744941999774,3.9761060901593535,985.3632745743689,3951.671212349136,10.860631158204372,14.354547060104968
2023-01-01 04:04:00,1288.8146911519198,12.921472384668007,105.95612448594518,3.9328583382017253,973.3421208816101,4011.461384789117,10.85223259497004,14.035478914218123
2023-01-01 04:05:00,1290.8180300500835,12.52952894829842,100.83863790136839,3.953949955810513,909.221222428817,3901.34548699816,10.81184897283299,14.451514155063979
2023-01-01 04:06:00,1292.821368948247,13.607462823301988,116.05175262011342,3.941200629026077,960.4435691234924,3885.8656265908176,10.86468859606481,14.576178123914472
2023-01-01 04:07:00,1294.8247078464105,12.309137008941128,115.92539759639111,3.9181520295678918,927.2989005539541,3818.0407003955393,10.651299100630638,14.085370786307958
2023-01-01 04:08:00,1296.8280467445743,13.394286043868355,103.31005219826046,3.9049967169998174,966.3676013338605,3914.9164326450873,10.817653963764098,13.991525528124763
2023-01-01 04:09:00,1298.8313856427378,12.538983756895227,111.74452814482619,3.909239301812072,986.7456389116287,3958.52447738337,10.849915704008072,14.056550270132641
2023-01-01 04:10:00,1300.8347245409016,11.814042116083163,113.67675800440165,3.90635723022192,1002.6948993772713,3864.1618327378796,10.766984168555156,13.444839085571004
2023-01-01 04:11:00,1302.838063439065,13.444328935419033,108.71667215774225,3.926211867208596,944.8745185680932,3992.1265690414994,10.65932798481568,13.063857676584101
2023-01-01 04:12:00,1304.8414023372288,14.928363673228619,95.17980553767634,3.9901121223947222,1035.6397400833584,4032.9461770367798,10.761741256104836,12.848516899341545
2023-01-01 04:13:00,1306.8447412353923,11.807472437727426,98.91531574665113,3.975933108907274,955.9328513977139,3920.1717953179964,11.023672365803753,12.889572822877067
2023-01-01 04:14:00,1308.8480801335559,12.840938869860917,117.74907717380255,3.9255884613867758,951.5155017682525,3841.9881115657795,10.809484829655036,12.508572786105908
2023-01-01 04:15:00,1310.8514190317196,10.971898455127937,88.22985481615534,3.9463366994436315,948.4679658737944,3772.5743222037045,10.906855591959813,13.02203289544035
2023-01-01 04:16:00,1312.8547579298831,11.232924069628725,100.95228056654254,3.98014246900002,990.8720528728292,3627.478119853096,10.861366906526348,13.028516367986349
2023-01-01 04:17:00,1314.8580968280467,13.944090950592795,102.52162558277638,4.030450713676215,895.5097046407896,4002.352965423037,10.95331556582254,12.719538780531678
2023-01-01 04:18:00,1316.8614357262104,14.704833461584833,108.50949661379076,4.053069693841702,1000.4548386562793,3991.8597228839844,10.906390652677818,12.80487570593769
2023-01-01 04:19:00,1318.864774624374,14.547157794665024,96.4719627802479,4.1052016086982634,996.7035471318994,3976.1354691362026,10.914375674166356,12.731044436665128
2023-01-01 04:20:00,1320.8681135225374,15.639897419324909,106.43366187929537,4.045961783267972,972.8331589927238,3971.7505560497375,10.697095617443617,13.048591972504127
2023-01-01 04:21:00,1322.8714524207012,10.469454187531301,97.41350405127751,4.007807149054836,983.3756132608563,3956.1501521121654,10.865079105976115,12.753916811498986
2023-01-01 04:22:00,1324.874791318865,11.025032770513027,105.48922503612661,4.0544264870982465,990.5125874140123,3961.5079368551264,10.85327950875835,12.986280587948073
2023-01-01 04:23:00,1326.8781302170282,14.776668374824883,105.70621213975262,4.102052125997257,1011.4234718840911,3852.6434222535627,10.812672268182972,13.43900525360056
2023-01-01 04:24:00,1328.881469115192,16.496892409953613,100.33931209049442,4.064081269778725,908.4669310089317,3890.898399708355,10.816164756640985,13.239655638544729
2023-01-01 04:25:00,1330.8848080133557,15.84955381472859,89.24092912040774,4.0891264002035665,951.3391794791319,4043.585624872468,10.93294325692494,13.999281278652889
2023-01-01 04:26:00,1332.8881469115192,12.741816039543728,91.85828717236748,3.9874698111202873,946.3290651711777,4068.2731052655627,10.883970193872972,13.369340697155268
2023-01-01 04:27:00,1334.8914858096828,11.262741585993696,104.00890855365665,3.987405320552368,950.5379935782513,3912.864535839992,10.853030388201645,13.301533544894486
2023-01-01 04:28:00,1336.8948247078465,13.67284328664749,103.23875657432892,4.009772445873328,903.5359591715561,4001.8213284288217,10.840650666758197,13.574849809322203
2023-01-01 04:29:00,1338.89816360601,12.047193362599888,102.65721824541612,4.03073056803316,969.2707365788569,4047.6635143346393,10.907227479982176,13.954452976632027
2023-01-01 04:30:00,1340.9015025041735,14.325043749479649,100.11503851980225,4.018415605323371,954.152426915845,3958.5079058628094,10.911422458602585,13.527986301165262
2023-01-01 04:31:00,1342.9048414023373,14.610201410078046,100.83136577603857,4.017011821814485,990.3012530939582,3907.1434525366085,10.831919341160255,13.842402105959218
2023-01-01 04:32:00,1344.9081803005008,10.44301886364692,120.55813211494679,3.886162753905533,971.2548474444743,3770.508979286641,10.895963863592266,13.381288149189535
2023-01-01 04:33:00,1346.9115191986643,14.519462562402692,104.80680499313165,3.887352576576111,970.3594128722237,3898.8856553849782,10.81761971197068,13.552867317295508
2023-01-01 04:34:00,1348.914858096828,12.302964472792553,107.14792787991951,3.9220512108349777,988.3114300528509,3974.060764194181,10.863993875437721,13.808596290709366
2023-01-01 04:35:00,1350.9181969949916,12.297458672416251,83.0691488173881,3.95428825554943,986.8712239878704,4023.473836695409,11.01041256651475,14.329969052336882
2023-01-01 04:36:00,1352.9215358931551,16.230905839688052,115.18959947977788,4.047953305763366,980.4376351514618,4079.580969364936,10.888590633638234,14.823863545098995
2023-01-01 04:37:00,1354.9248747913189,13.029891689038154,100.95751126551329,4.040356410506067,934.2959058346007,4031.524548618803,11.077903588571932,14.693879992612702
2023-01-01 04:38:00,1356.9282136894826,11.319278568468656,107.62118496409622,4.073879065684261,980.5814194549012,3785.402897633924,11.02767944331904,15.01116373505439
2023-01-01 04:39:00,1358.931552587646,10.644977698822718,99.63431081286599,4.078454131303229,971.1564842347116,3903.8459163857297,11.035313601352838,14.922694577772553
2023-01-01 04:40:00,1360.9348914858097,14.864521051965394,109.20406507590067,4.001169586619907,988.4945682915364,4018.1135641307983,10.814932247167002,14.35284020058313
2023-01-01 04:41:00,1362.9382303839734,11.618279341037308,104.17691331110427,4.020284149798102,927.1487882042342,3796.209241834055,10.810325773950934,13.978574595181556
2023-01-01 04:42:00,1364.941569282137,21.907093611314806,96.2299343484237,4.113328129625277,958.6648240686698,4142.243157721371,10.881533300702534,14.547269573846748
2023-01-01 04:43:00,1366.9449081803004,13.183559289414902,104.56126225796417,4.122935611156624,957.4936189551166,3951.540573435737,10.706975291515336,14.094205279448655
2023-01-01 04:44:00,1368.9482470784642,10.851490284667065,96.41901072025121,4.081111858218933,993.3872799290225,4071.2095580392097,10.717316090562106,13.931895930708208
2023-01-01 04:45:00,1370.9515859766277,12.179842231813877,112.99994668078863,4.051089805448444,978.8480802244402,4049.0651401145997,10.909431953509412,14.169518319897131
2023-01-01 04:46:00,1372.9549248747912,9.694433823226074,102.16256370102631,4.098081433516078,941.5466577576631,3804.8695311812157,10.832848027087639,14.040503965662852
2023-01-01 04:47:00,1374.958263772955,12.338618511960567,91.1515042341433,4.2560291866692825,951.6665077921424,3841.283111171221,10.986127164000944,14.396326805750903
2023-01-01 04:48:00,1376.9616026711185,13.579290965844713,98.65843800022598,4.164536828823115,968.9408044848731,3870.1829377408976,10.73147470751036,14.105396082301699
2023-01-01 04:49:00,1378.964941569282,12.019979681112131,121.23607470006635,4.118920215003551,953.2433729368935,3811.59943576745,10.726023194915681,13.919196078086555
2023-01-01 04:50:00,1380.9682804674458,15.626740050263267,115.96011236784963,4.124163718705904,944.8054209963743,4017.6951006861605,10.804954874700531,12.087068488162455
2023-01-01 04:51:00,1382.9716193656095,17.09820373709951,113.7833521870935,4.16273842708442,979.929098318138,3913.8668707513016,10.870875669520103,12.771062433242518
2023-01-01 04:52:00,1384.9749582637728,11.744822106814043,101.14398937483851,4.136135404338991,959.5279137171811,3897.2715780439235,11.001047732526215,12.077903790569927
2023-01-01 04:53:00,1386.9782971619366,14.131904507697207,108.19475333851067,4.191066567481198,988.6072032009191,3932.4796766485415,10.768754230273807,12.783008520377736
2023-01-01 04:54:00,1388.9816360601003,13.688272837721243,116.12843553220435,4.1243186761218364,938.801084269382,4068.8887850324672,10.807183336981053,13.779833579271383
2023-01-01 04:55:00,1390.9849749582638,15.20380011899187,103.02475732732988,4.040863249459393,942.9730297160094,3929.3744146355,10.85988545951462,14.60713440581626
2023-01-01 04:56:00,1392.9883138564273,8.04174716924727,108.72552183970969,3.988979662605202,962.9130065730345,3867.811928763166,10.948949914813308,17.18954030614861
2023-01-01 04:57:00,1394.991652754591,11.0302620471762,99.5000774931245,3.8489537289266873,967.758523192139,3958.2446832814826,11.016604466547642,19.443735612374212
2023-01-01 04:58:00,1396.9949916527546,17.541805447677152,102.89740630085369,3.78399317379411,973.8691797806763,4179.1849701734,10.845945452840592,21.522684914786332
2023-01-01 04:59:00,1398.9983305509181,14.704097807139684,99.45412176107097,3.6760518720647988,927.66804961273,3699.503574696073,11.06588911846962,23.57392512412585
2023-01-01 05:00:00,1401.0016694490819,8.81057402807739,114.11118563781197,3.607346241481951,935.146128601118,3935.957210535632,10.940768955701113,26.49046182432315
2023-01-01 05:01:00,1403.0050083472454,5.0,124.88604068285149,3.5953530925540247,967.6527994899182,3813.4782425595486,10.829617052009167,30.604464700183712
2023-01-01 05:02:00,1405.008347245409,8.086852899357163,121.62985122004365,3.562600309985135,934.0375096297917,3972.9234135296515,11.113158965721256,33.64715948678203
2023-01-01 05:03:00,1407.0116861435727,6.174074328782703,124.58530766690298,3.4980657418687757,945.9480672463416,3822.315667300619,10.769151186304457,35.65049617547408
2023-01-01 05:04:00,1409.0150250417362,7.90621830053247,116.5887093527163,3.4077113126897913,981.3892456168757,3813.5063409132044,10.862012100350649,37.56567287875259
2023-01-01 05:05:00,1411.0183639398997,11.778334779975841,109.95371108456033,3.4143304047174663,1014.7844939108951,3869.43570038267,10.799307379921844,42.18709957600268
2023-01-01 05:06:00,1413.0217028380634,9.341823424910347,92.64978048143445,3.4576852988498175,955.7106944231692,3894.5854418199606,10.950341679345353,45.42888279876921
2023-01-01 05:07:00,1415.0250417362272,9.722507224426273,111.76234963311596,3.4150422125653273,1019.2465002703462,3972.265282604057,11.023893191444063,45.88227575102631
2023-01-01 05:08:00,1417.0283806343905,11.220059759710592,105.63779446956906,3.274109143564754,1005.6644146076951,4027.6025337588917,10.682497715560201,45.665657668072825
2023-01-01 05:09:00,1419.0317195325542,11.715795104127437,121.42371363596557,3.342762461703402,974.0002006895714,3951.436004518194,10.803082364573338,46.61859871660093
2023-01-01 05:10:00,1421.035058430718,7.085905353519567,135.82462628090892,3.426260216702495,953.2603073451093,3984.3602800798117,10.931640858887622,46.06856691191474
2023-01-01 05:11:00,1423.0383973288815,8.685198966843293,113.69858716516109,3.4734870244847973,950.5794975597126,3899.8359373219196,10.900094239068801,48.02239995028586
2023-01-01 05:12:00,1425.041736227045,9.219137811272327,104.33257590571195,3.399724946798752,955.3811021636902,3944.9015210679727,10.809734688914071,45.220729390160386
2023-01-01 05:13:00,1427.0450751252088,10.421027728058247,118.65286952372475,3.374413530123664,937.7198039120351,4049.6028249950173,10.707367652606685,46.019416543359974
2023-01-01 05:14:00,1429.0484140233723,11.58845113696217,124.03133615780409,3.345129650636803,955.0382341226002,3847.292331863512,10.98196396140982,47.33497728813355
2023-01-01 05:15:00,1431.0517529215358,7.047366504365486,102.65455320842158,3.330069603312909,995.3921205403198,3886.604529940284,10.988295982729005,48.076300829082356
2023-01-01 05:16:00,1433.0550918196996,5.994474185795092,106.12914892502494,3.2809262534834023,977.3378858420946,3999.4455301552216,11.053402439133302,48.203758868829176
2023-01-01 05:17:00,1435.058430717863,9.22090402662008,138.15578215578515,3.3054814627159805,988.4492818168042,4082.2484307101213,11.02607338834368,47.66500195902626
2023-01-01 05:18:00,1437.0617696160266,9.207572362009179,138.42564809696012,3.314937006965339,992.5708647749157,3897.532938015743,10.973463453779168,46.75876365277648
2023-01-01 05:19:00,1439.0651085141903,8.36460655173526,119.03219449217886,3.3537593445525493,1004.7481256215439,4029.8472585303916,11.111093678225902,46.64228349178902
2023-01-01 05:20:00,1441.0684474123539,10.799852902956625,117.35721247679292,3.442941060986237,995.5592712053135,3908.3981354881657,11.019279422687854,46.24782140936476
2023-01-01 05:21:00,1443.0717863105174,9.296254955288152,97.98999870331915,3.4526261832072596,972.1108246019338,3911.464436772928,10.859037058769836,46.20559310866609
2023-01-01 05:22:00,1445.0751252086811,12.576135449241947,111.13535863627068,3.409282416623066,934.9769282703719,4113.071766011142,10.911325312217102,44.89919908762032
2023-01-01 05:23:00,1447.0784641068449,12.250526713126499,125.55751300248059,3.4425905486904878,969.2902050513031,3977.4101778618583,10.806118815014361,45.96419495711309
2023-01-01 05:24:00,1449.0818030050084,6.940714592314864,122.70855872140703,3.442271006572658,951.6805795267793,3818.005358774438,10.81155776582382,47.56944266028004
2023-01-01 05:25:00,1451.085141903172,9.748926331407553,94.74265283227382,3.4951294558667834,962.5800338794659,3805.3529828027836,11.111166936536693,49.73888663561033
2023-01-01 05:26:00,1453.0884808013357,10.755018282701988,116.73075043417415,3.511642340735046,919.8136845527212,4013.942459202823,10.894726943610403,50.62351155222581
2023-01-01 05:27:00,1455.0918196994992,9.09296162316507,127.61914081819779,3.547970870931249,977.0337557577292,3948.752500020764,10.886069685450856,50.23045821519062
2023-01-01 05:28:00,1457.0951585976627,12.321098313878517,120.06033149759338,3.556788080101587,968.0762717148102,4004.701967505418,10.924951615031269,51.71945353819862
2023-01-01 05:29:00,1459.0984974958265,9.173299640629201,122.64453736391505,3.6081914631990166,965.8964256433061,3921.4011573442945,10.855591149796696,53.743871505342284
2023-01-01 05:30:00,1461.10183639399,10.917809253773946,143.06548291446623,3.658889409693596,942.7550026120251,4097.352190886298,10.773076842363949,54.43222967552785
2023-01-01 05:31:00,1463.1051752921535,10.972888954714834,127.8713475981482,3.698016697091172,963.7743039140247,3832.5138335790016,11.02091189527258,56.028483214442915
2023-01-01 05:32:00,1465.1085141903172,9.861366717482674,131.26453015875362,3.7296116730733178,1044.37854267919,3807.7681437596075,10.856635998048311,55.46951055912595
2023-01-01 05:33:00,1467.1118530884808,10.915532103652374,115.60893673573027,3.741743824706972,951.5240932364006,3870.214816825472,10.961175504976124,57.836939884368604
2023-01-01 05:34:00,1469.1151919866443,11.18283329472132,112.18568086780836,3.681916386910603,993.1849116261625,4092.5636292269205,11.017263425615324,57.45468659150364
2023-01-01 05:35:00,1471.118530884808,11.278208575641022,124.75456023456466,3.732827068455219,1015.7463632004758,4110.871343080865,11.07484287116366,56.191348894518484
2023-01-01 05:36:00,1473.1218697829718,9.107121314662727,117.32898523704907,3.735572405755083,1022.9139241790683,3938.120182852723,11.032372187865176,54.52124331953316
2023-01-01 05:37:00,1475.125208681135,8.962957902851278,143.34260732680568,3.7213425943490144,949.5944659431772,3842.483028936511,10.936395225213612,51.04624627837582
2023-01-01 05:38:00,1477.1285475792988,12.711014479800697,91.17514651161463,3.72808339371084,962.104199999218,3818.937442326722,11.025301587490164,51.12773385998368
2023-01-01 05:39:00,1479.1318864774626,7.727724061353434,154.02464579935153,3.7293621662717444,1045.293740255288,3936.780622346472,10.91203073601475,48.478426910548194
2023-01-01 05:40:00,1481.135225375626,10.253655437891842,122.209947616236,3.6754462545535054,970.7910521484388,3968.7282021454425,10.973345891100708,46.84163049316213
2023-01-01 05:41:00,1483.1385642737896,9.627789200160054,104.41467387849174,3.646220916912345,957.5828908837955,3797.0007083540922,10.962166508335299,46.95044660135748
2023-01-01 05:42:00,1485.1419031719533,8.780527862570537,115.20052486114456,3.5939479662747713,956.4467648586733,3809.368098383959,10.983506599533477,46.620569807928675
2023-01-01 05:43:00,1487.1452420701169,10.531592720988636,122.35559211998955,3.5838660233271926,1004.9449596254356,4033.3344976460203,10.972097590429644,46.16528948064686
2023-01-01 05:44:00,1489.1485809682804,11.017824283815505,115.52358368438833,3.434006090546641,940.7958407529236,4074.1590231410955,10.971536000740853,42.605925039070804
2023-01-01 05:45:00,1491.1519198664441,10.26303986296671,124.42909911457151,3.355442808271364,957.4387237492417,3975.2587403272155,11.173800736273243,41.87347466823693
2023-01-01 05:46:00,1493.1552587646077,7.736123033817723,114.76824132478177,3.321057241254183,986.5380291688399,3898.0289843228734,11.076280974900648,44.26620491925542
2023-01-01 05:47:00,1495.1585976627712,10.865340099387115,139.74355554606532,3.2866106284941052,983.0904404558713,3910.4795035810057,10.93449840679236,45.54339161593963
2023-01-01 05:48:00,1497.161936560935,5.0,124.54541608194977,3.2033699690410176,956.8777486735584,3897.4219323938028,10.976427898650611,44.59520613441929
2023-01-01 05:49:00,1499.1652754590984,10.311438963774243,128.91181108486415,3.2228459380387475,933.1400692680787,3856.4000382683616,10.919541864149464,46.77828218729022
2023-01-01 05:50:00,1501.168614357262,8.223562092298303,115.687985912844,3.1678210197392063,929.1031925302734,3905.168882287907,10.979624115779808,47.07004002274798
2023-01-01 05:51:00,1503.1719532554257,6.875634385242323,98.94481081711083,3.1938353158394235,968.9796470377701,4123.958766439978,11.021431484529398,48.733282951765126
2023-01-01 05:52:00,1505.1752921535895,7.114493433810409,114.1991075775545,3.206083757614767,977.6465539252495,3810.074462200134,10.752066008419689,49.38683914666883
2023-01-01 05:53:00,1507.178631051753,6.644087289290482,130.86966614663305,3.191156120780379,1000.7583953832185,3984.214320330961,10.89967883196052,48.69902649480434
2023-01-01 05:54:00,1509.1819699499165,11.939052240355142,154.22972235303254,3.1944799796971406,950.1292810482445,4120.158623987042,10.986848723317795,48.64373968295655
2023-01-01 05:55:00,1511.1853088480802,10.386020074287675,132.9914761500963,3.3031491465528537,983.1917936868863,4023.9729898234173,10.878489478822999,49.42843504788385
2023-01-01 05:56:00,1513.1886477462438,9.520563174383394,99.40589474307095,3.311002996543702,1005.2893556863704,3878.891168071286,11.006024545780223,48.30850797013087
2023-01-01 05:57:00,1515.1919866444073,11.520083274837578,97.74480280824847,3.306512958036252,939.4615674051066,3776.731135462373,10.904763285695811,46.95453630837072
2023-01-01 05:58:00,1517.195325542571,10.356697329842259,158.39475345088567,3.376519312324679,956.521743449674,4276.3303567165185,10.937846463035514,50.027214747927005
2023-01-01 05:59:00,1519.1986644407345,7.9144828553923645,111.64183311451868,3.330371637168542,1032.559838911889,4035.484477763261,10.85321164591084,48.01461698882942
2023-01-01 06:00:00,1521.202003338898,11.918534208411236,111.75501904539522,3.331920917033605,966.5803799398161,4002.119207612449,11.130117416729854,50.801033830555504
2023-01-01 06:01:00,1523.2053422370618,10.117175466844497,128.2378157723132,3.3428421061141576,953.0346498974055,3981.660178783686,10.79432510372323,51.26779919472651
2023-01-01 06:02:00,1525.2086811352253,10.056987709441762,118.55984848500303,3.33569967665068,993.4350200343231,3918.8420176419627,10.902926300464898,49.1870416680142
2023-01-01 06:03:00,1527.2120200333889,8.524698857051236,124.7445670461454,3.301979362663909,958.2788270417207,3850.737525936669,10.754428173639889,48.21550654685664
2023-01-01 06:04:00,1529.2153589315526,8.88958420102246,122.81929064505273,3.228303535715681,928.7034857739303,3900.197027856264,11.015083196843324,47.92909488350466
2023-01-01 06:05:00,1531.2186978297163,8.377887822750646,115.37994779617651,3.220658151464563,946.0642817745379,3835.7863742130667,10.914019806612,47.91773505921534
2023-01-01 06:06:00,1533.2220367278796,9.176633871550768,142.48464946769215,3.2059042744145945,972.2439920752854,4098.300181124383,10.962491088807024,49.61315144771831
2023-01-01 06:07:00,1535.2253756260434,10.037835175162893,136.72205317834664,3.1928238795078476,937.1903887006218,4088.321005773495,10.739403461075051,50.347463218275244
2023-01-01 06:08:00,1537.2287145242071,8.493836679733661,132.03446238039254,3.152908023841783,954.7569966332219,4052.261511031467,10.806391894513867,47.36524397376187
2023-01-01 06:09:00,1539.2320534223707,10.307874524184431,135.5196294178326,3.1967319813229524,996.6185151200569,4040.6879415730236,10.946149264197208,50.393503887931466
2023-01-01 06:10:00,1541.2353923205342,9.47952696163623,102.88155062421166,3.1914530288993426,963.3663097748433,4128.172361957725,10.820661044648205,49.41450832388483
2023-01-01 06:11:00,1543.238731218698,8.526503735799226,125.47634512245925,3.2905307654800673,953.8126994218883,4033.118539402601,11.117837873670759,49.74224346327635
2023-01-01 06:12:00,1545.2420701168614,12.896755195284141,113.69521012475481,3.305199803385099,1014.5389907928165,3947.318123325576,11.058782246707908,50.62466201153735
2023-01-01 06:13:00,1547.245409015025,9.161461070653298,119.2408059634911,3.3876687399276326,988.056109941501,3790.1565540356833,10.881934364572436,49.937397514184525
2023-01-01 06:14:00,1549.2487479131887,6.815881161571353,118.65296429704331,3.4384340996653586,960.8813789805453,4046.872869508691,10.994869947125698,51.30179884563469
2023-01-01 06:15:00,1551.2520868113522,12.262115302017612,125.45721955607621,3.499712088437516,960.9441571864636,3933.7468959551884,10.985590906256583,51.34213273935403
2023-01-01 06:16:00,1553.2554257095157,9.287040307632097,128.37284955821187,3.52492098233076,964.4940097781218,4103.716113554355,10.75958623375445,50.59531345560264
2023-01-01 06:17:00,1555.2587646076795,9.05346839148682,90.1957427663472,3.5075472436540047,1006.5470618627395,3957.9904408564244,10.892523051808201,49.96148029130624
2023-01-01 06:18:00,1557.262103505843,12.845504211445196,130.51658917684824,3.509850724988275,961.5878894516285,4008.141625854002,10.933437597756017,50.00196036689481
2023-01-01 06:19:00,1559.2654424040065,9.644260253333742,112.14459143412776,3.4757931848889667,946.9550275741813,3805.7943370393705,10.971168026583213,49.04060695297295
2023-01-01 06:20:00,1561.2687813021703,11.218955903322223,100.41573795318284,3.5292581821636646,969.4624156071542,4127.241841323876,10.946566925015757,51.151743622622476
2023-01-01 06:21:00,1563.272120200334,11.931832986757595,134.23134699309236,3.495805130823175,976.2316945843481,3983.8083064996895,10.97498731416489,49.324491750030134
2023-01-01 06:22:00,1565.2754590984973,10.319245676225492,108.61773902527452,3.4983633743267877,960.7915585221698,4039.2327649771755,10.983412051017472,49.707906662240504
2023-01-01 06:23:00,1567.278797996661,10.151840702642712,128.47199324858502,3.4509803315283354,1008.4568349453189,3783.422075453997,11.101211463369888,49.86111890336211
2023-01-01 06:24:00,1569.2821368948248,8.614656448284158,117.19204187773455,3.391817908471038,953.0744578021873,3893.3084413475563,10.921527015329586,49.01481489136741
2023-01-01 06:25:00,1571.2854757929883,8.842454266485731,113.81820220796543,3.2943056575403915,950.457342821012,3872.1720102153126,11.119561747729252,45.48218560763079
2023-01-01 06:26:00,1573.2888146911519,10.160340123049599,123.03008966208664,3.3015343090528164,1011.3864127650835,3937.4622313680443,10.99442255907036,47.123027054162264
2023-01-01 06:27:00,1575.2921535893156,10.54693669453165,117.86861470015522,3.3238603161378246,958.6281443721225,3967.683578818128,10.946615523594371,47.90795679737554
2023-01-01 06:28:00,1577.2954924874791,11.012545639011737,116.90478253723671,3.300965941933087,958.1228651368307,4149.355236098889,10.891486120669244,46.77297136786458
2023-01-01 06:29:00,1579.2988313856426,12.083895661415449,122.79332142812045,3.3057093489372935,954.3554658787432,3922.4589502106596,10.900493719036943,48.196887600796686
2023-01-01 06:30:00,1581.3021702838064,8.288743681950642,118.58649170135283,3.0748494947900156,937.3817781710263,4062.683577676596,10.90760082481546,49.73383034868281
2023-01-01 06:31:00,1583.30550918197,10.25993098976363,109.80987919315422,3.0164018029992334,962.4561997770234,3997.379532539978,11.073257851454954,50.781548842326075
2023-01-01 06:32:00,1585.3088480801334,8.838340752163678,89.70403125091146,3.077592179823178,985.0916814421881,4027.1596449864924,10.802658730871189,51.53319602280015
2023-01-01 06:33:00,1587.3121869782972,10.186217200716454,126.0614984845761,3.314599278615149,958.9490445288034,4062.596183131338,10.837221107642165,50.269338028755485
2023-01-01 06:34:00,1589.315525876461,9.21744839474813,113.24736983035046,3.4023872668165724,965.2191452894232,3948.4369083892116,10.748428482226862,48.97432255975237
2023-01-01 06:35:00,1591.3188647746242,10.507301717724923,125.1596931913043,3.6001826524188782,922.2175321967828,4003.983279383674,10.943415974111266,45.66447822787356
2023-01-01 06:36:00,1593.322203672788,8.886191833040593,138.59698486651047,3.8810598553273015,964.9117052667451,3870.8379319255855,10.973037450457156,41.38816192034146
2023-01-01 06:37:00,1595.3255425709517,6.8859077799693935,125.18585135582603,4.22509189365515,1001.8782678412734,3999.507827431723,10.909239260321138,36.57123090791084
2023-01-01 06:38:00,1597.3288814691152,9.839993482753487,85.46218307927809,4.597673171368308,958.0625360714761,3985.964177197572,11.007322571850533,32.53546159323777
2023-01-01 06:39:00,1599.3322203672788,9.685802258341521,125.04854778298534,4.979457003678123,927.2070221119409,3960.3583245838026,10.956297235909762,28.667582579222614
2023-01-01 06:40:00,1601.3355592654425,20.788542504987376,70.6212382566674,5.452745653685156,987.4079559466775,3937.680394097756,10.93456547967303,25.294362157496803
2023-01-01 06:41:00,1603.338898163606,19.931608219585268,87.16355988313353,5.87778471872468,983.9920550730649,3990.2313975007432,10.808705810352413,20.454055914179666
2023-01-01 06:42:00,1605.3422370617695,20.19864811386111,105.29225192317013,6.303342048176101,937.1840891322443,4029.6011292923195,11.028744298434928,17.255640232551716
2023-01-01 06:43:00,1607.3455759599333,13.742657011471724,94.46441545322892,6.585913391542226,1006.9692572436059,3960.146346542803,10.937161477762164,12.358498221907352
2023-01-01 06:44:00,1609.3489148580968,25.608718011484427,68.59560612439434,6.946817955929822,938.4498138836709,3936.644272795945,11.08324718744646,9.287380754995775
2023-01-01 06:45:00,1611.3522537562603,23.31240406123208,81.66582119166384,7.169324928351648,959.0325698257863,3965.9048175719627,10.882773944386408,5.942246249665351
2023-01-01 06:46:00,1613.355592654424,24.21320176487805,76.89908632881266,7.410227434697356,946.7313084413283,4013.2918718529872,10.823291433251697,5.735493415909101
2023-01-01 06:47:00,1615.3589315525876,20.946763985019203,89.80776352253373,7.574419616935755,948.3745085314753,4017.451695888402,11.066512577412974,5.277342547549882
2023-01-01 06:48:00,1617.362270450751,22.94960729369443,106.37346560825347,7.5592381849238715,973.3783358766954,4108.65459238841,10.85866023692451,4.39201700661736
2023-01-01 06:49:00,1619.3656093489149,26.262345714839633,82.1697036908177,7.473322069167348,943.3735225514562,3866.299482471125,10.962944872191025,5.030317350308127
2023-01-01 06:50:00,1621.3689482470786,20.66558532470156,79.79751295610271,7.373388734205124,987.8102096859863,3933.0408521128147,11.141633015251553,7.633674741489196
2023-01-01 06:51:00,1623.372287145242,19.3542090055268,77.10769192209963,7.43944396722936,953.2661717898496,3874.023412259844,11.083069624927118,7.78395454676142
2023-01-01 06:52:00,1625.3756260434056,17.069673002426963,83.50307771020836,7.457128966953929,956.8793921238004,3920.2567634968837,11.151403603901947,7.875282778824451
2023-01-01 06:53:00,1627.3789649415694,25.523415985302837,83.99472385215854,7.457616260540331,914.9616712202284,3852.3303180519983,10.883248814941755,8.43998615313568
2023-01-01 06:54:00,1629.382303839733,21.468092301991785,77.38742729372822,7.342249838922203,970.9848422739025,3830.928736880278,10.870411302147524,8.356081653525832
2023-01-01 06:55:00,1631.3856427378964,23.68456109937006,86.54723353220336,7.456504862571718,946.1243058845274,3741.6878322988537,10.939757322178249,8.636475528878233
2023-01-01 06:56:00,1633.3889816360602,21.12742296121443,77.62460477652169,7.487161626097093,955.9421146788872,3993.4802114899167,10.954919555075712,8.632150247449442
2023-01-01 06:57:00,1635.3923205342237,23.01280549992,74.51270047468225,7.555042501380898,959.0273849823908,3963.5185863335096,10.917760009117133,8.929744604876955
2023-01-01 06:58:00,1637.3956594323872,28.615958252780036,100.69400546174877,7.609693638125943,953.9163008519249,4009.1958372697304,10.967434384001203,9.068718043743813
2023-01-01 06:59:00,1639.398998330551,29.73716071014954,83.83670659181921,7.61335967552605,958.8194102542623,4009.678930838676,11.140529161264583,9.418186642631662
2023-01-01 07:00:00,1641.4023372287145,19.4854347148548,93.61143977917568,7.665353556014953,969.241791315215,3965.4818897823625,10.96176129469591,9.294024734723926
2023-01-01 07:01:00,1643.405676126878,22.91243773193862,83.0125911019537,7.704862835591912,1010.0888266287564,4031.147548325903,10.910895027072598,9.067937616325725
2023-01-01 07:02:00,1645.4090150250418,24.002897017707586,84.54830903561258,7.677144816780292,954.5319068101617,3831.629970451807,10.85432780631558,9.003836074770565
2023-01-01 07:03:00,1647.4123539232055,23.72994919985138,75.295111024101,7.678628347386547,981.2916725430553,3952.3511346685495,10.868911078919446,9.085021102020184
2023-01-01 07:04:00,1649.4156928213688,26.152362763631047,97.58741875618904,7.7061049335822736,1008.5714875941902,3955.6433126123225,10.871857999723577,8.971853531640988
2023-01-01 07:05:00,1651.4190317195325,18.07572449625996,63.656720067525114,7.572312044705417,947.2393478978872,4053.5443207998164,11.053714150706783,8.671999419477403
2023-01-01 07:06:00,1653.4223706176963,25.570021218730492,89.41495655334023,7.5375652291246595,951.0465759251737,3920.075200881994,10.836493127220043,8.621185720293562
2023-01-01 07:07:00,1655.4257095158598,20.24671061570908,70.65025964560213,7.518462775084766,949.4175391121184,3942.617006080602,11.02254122621143,8.461711243003858
2023-01-01 07:08:00,1657.4290484140233,19.53447982200779,76.64841521360626,7.443949953834642,985.2307953563328,4050.657096985994,11.040899670436147,8.036690622932221
2023-01-01 07:09:00,1659.432387312187,24.902755696886242,68.59455829231085,7.482593811217278,932.2795703716465,4017.486061206359,10.958717566971467,8.147336347271974
2023-01-01 07:10:00,1661.4357262103506,30.60277045029578,94.31980034491379,7.545293438125294,918.8943700615806,3957.21276183643,11.098966793053377,8.530069884185444
2023-01-01 07:11:00,1663.4390651085141,21.77689350090852,103.81242822197987,7.472783817278504,1009.795646316173,4092.408632419872,11.191472402381454,8.359198855061166
2023-01-01 07:12:00,1665.4424040066779,22.60101350036611,99.76476876405235,7.448397401015211,946.3267593491306,4028.1455241608264,10.810340329611183,8.291387808490494
2023-01-01 07:13:00,1667.4457429048414,18.986905670012803,86.11767412995687,7.498312806559801,944.9910929494775,4027.0558559510227,10.908455339818593,8.417887369690703
2023-01-01 07:14:00,1669.449081803005,19.798096729363802,83.5571300994885,7.57774239574614,992.3604586951749,4178.931062689192,10.887833005414643,8.470534239583353
2023-01-01 07:15:00,1671.4524207011686,26.575885818791047,82.74297547213445,7.631393998016749,1023.3326841486553,3882.113512531346,10.986062493854869,8.768617492352844
2023-01-01 07:16:00,1673.4557595993322,23.38413180616389,94.7491382831305,7.650481621144335,970.1359426265597,4005.024820942323,10.954523154241176,8.652201267583465
2023-01-01 07:17:00,1675.4590984974957,23.185150384431743,77.30450754226334,7.6640153638024815,962.6658564856583,3918.8683125260027,11.091350824733873,8.640728443184495
2023-01-01 07:18:00,1677.4624373956594,24.967229485998708,87.46934799648818,7.668400539317966,959.0986514909441,3942.3590863106087,10.79789986236109,8.417718694892141
2023-01-01 07:19:00,1679.4657762938232,25.493456595878577,80.33119873326213,7.598061419582361,984.8687539084902,4028.9553195791855,10.864907351127142,8.219508559056573
2023-01-01 07:20:00,1681.4691151919865,20.417369172950238,75.7688127743193,7.650429895826411,955.5684643518971,3726.7012010950502,11.065262418882108,7.911887862345505
2023-01-01 07:21:00,1683.4724540901502,24.617406445779928,83.34024370844824,7.660373177709085,965.3358081962075,3939.757528067098,10.820171510937264,7.754512123651668
2023-01-01 07:22:00,1685.475792988314,27.494322144947457,87.51954172182506,7.658019966818586,962.0889902592561,3790.21984925582,10.844145549319057,7.898981894713822
2023-01-01 07:23:00,1687.4791318864775,21.769980766202824,87.09187698347765,7.663631363119801,1019.5262222719002,3841.8709136901825,10.869680881624873,8.064279164398615
2023-01-01 07:24:00,1689.482470784641,21.953229909051615,86.21590022816201,7.579713764461159,964.228509304666,3894.754947436202,11.041907640577017,7.903921224408628
2023-01-01 07:25:00,1691.4858096828048,21.99412169230882,71.7769518670447,7.5480512844608745,982.6190773201017,3821.5275007016817,10.983475262267994,8.114779449441945
2023-01-01 07:26:00,1693.4891485809683,19.264847655108372,73.73564534483646,7.53849165105842,964.8451219258868,3733.754419959198,10.97728213625319,8.502756079430167
2023-01-01 07:27:00,1695.4924874791318,23.778967281778094,91.68585798372133,7.581742269504126,1009.4349493915538,3805.556758727026,11.039531721226655,8.450565764533735
2023-01-01 07:28:00,1697.4958263772955,23.260335506864166,84.87293889752543,7.604076942199014,945.5395666429858,3825.4763632687063,10.781073607644126,8.254702945139572
2023-01-01 07:29:00,1699.499165275459,23.749665887092764,81.9038719496922,7.687011623714404,924.5278446240678,3983.9709002545037,10.877261482791216,8.475123140658617
2023-01-01 07:30:00,1701.5025041736226,22.30604919683005,65.17891862757907,7.668624585344356,1009.6982079188948,4111.9206443845615,10.863825070207383,8.662283701844732
2023-01-01 07:31:00,1703.5058430717863,25.45652058350669,86.3201422027305,7.592569291166264,1002.304247828332,3985.061600706741,10.961460843048888,8.498399638141521
2023-01-01 07:32:00,1705.50918196995,23.554928315705148,88.1236488454408,7.623648948828895,1023.9622809260621,4092.106919151196,11.249588691019824,8.51291550024437
2023-01-01 07:33:00,1707.5125208681134,22.511466309681513,92.47639515295195,7.633306809348737,1047.333946845464,4017.355218856774,11.011042016564023,8.490384378701322
2023-01-01 07:34:00,1709.5158597662771,24.568490106408508,97.70945632831736,7.576780964725143,968.9420668114554,3838.9639494554244,10.952788481666705,8.601203592764465
2023-01-01 07:35:00,1711.5191986644409,20.361541966614368,85.64743182083309,7.606843015269219,1004.6279986157908,4018.7667001269674,11.061575781413573,8.730717743090857
2023-01-01 07:36:00,1713.5225375626044,22.637585395632332,80.09491004037633,7.537053989105495,936.4775325260449,3889.6638027901568,10.945565057851173,8.423188555117392
2023-01-01 07:37:00,1715.525876460768,20.699217975092793,73.3210105456634,7.430176757510816,992.41217003107,4117.220643768273,11.05958802331693,8.020731015656049
2023-01-01 07:38:00,1717.5292153589317,21.338481041606283,95.64970702299301,7.394250010422876,968.450066810719,3954.660728105534,10.840057646586901,7.871648395413049
2023-01-01 07:39:00,1719.5325542570952,18.56829270804061,76.53063318364008,7.442975635189877,970.6972162386861,4112.573765957942,11.039810977789317,7.8674683888327825
2023-01-01 07:40:00,1721.5358931552587,22.135613674023162,63.797331582720766,7.361952098107954,930.0082487656746,4025.326044576341,10.855014648164941,7.481763984515241
2023-01-01 07:41:00,1723.5392320534224,22.19733346265677,86.1065001787879,7.331617058510428,958.8412130765058,4043.475087686763,11.203901570256553,7.2085255007662195
2023-01-01 07:42:00,1725.542570951586,21.801285562004832,69.30615729057858,7.270280233940769,980.4226937550881,3951.264478841265,10.877323805213797,7.143486142609257
2023-01-01 07:43:00,1727.5459098497495,19.637561000560193,99.09280583074242,7.327761351133983,1000.560521544084,4054.599480266074,11.04445303351686,7.164262957009365
2023-01-01 07:44:00,1729.5492487479132,23.994952915966106,65.14810634484604,7.255398590526278,1001.0567212036731,4261.734958387586,11.051322612161279,6.92101892226949
2023-01-01 07:45:00,1731.5525876460767,14.665016718502253,73.77697520449759,7.2891169116307974,927.9812707059878,3954.2360894455605,10.915053804509414,7.245181104561176
2023-01-01 07:46:00,1733.5559265442403,22.33438238120885,82.62826226410681,7.242092016493363,970.4597509988914,3979.234095468485,10.919838166729566,7.277906897491114
2023-01-01 07:47:00,1735.559265442404,22.761736743762143,78.74495654526251,7.312861345059286,971.3380111066671,3981.6186209033317,10.997548336222122,7.483853620568426
2023-01-01 07:48:00,1737.5626043405678,22.125228209345572,79.44698733608438,7.309245856443771,922.2252617444932,4090.8861339603222,11.221874220080114,7.827851743854257
2023-01-01 07:49:00,1739.565943238731,16.522482709288884,78.89107539392207,7.329784331094801,1001.3451962316026,4032.8627676256856,10.92320342129069,8.181018740668703
2023-01-01 07:50:00,1741.5692821368948,23.336491177691517,71.89210074813893,7.249752848788525,1003.3030045045477,4081.442246450295,10.90440844696766,8.282964472916218
2023-01-01 07:51:00,1743.5726210350585,18.279251789261806,89.92294379844608,7.25576937576068,983.1116862525558,3925.8615866748014,11.111901981867524,8.374118887422215
2023-01-01 07:52:00,1745.575959933222,25.637660141862106,77.21202343757547,7.384975381730908,977.3385807068266,3972.396582089128,11.004807196986237,8.443192920534841
2023-01-01 07:53:00,1747.5792988313856,15.538665516491413,88.70488535542857,7.314814577061614,1018.2135690343783,3955.977892664745,10.893781870131875,8.348858419725477
2023-01-01 07:54:00,1749.5826377295493,32.38592001352558,91.97169271790099,7.336726830732374,942.687865366553,4011.258366923428,11.082058439864799,8.439748266589618
2023-01-01 07:55:00,1751.5859766277129,20.239265928181414,82.78859162661958,7.367498736826434,1020.3011255167696,4046.9949150913276,11.100302636942587,8.444426128325567
2023-01-01 07:56:00,1753.5893155258764,23.505285199765385,85.03576660351378,7.346283907569072,1016.4674551678625,4028.0440139011766,11.127514729884924,8.264394625549597
2023-01-01 07:57:00,1755.5926544240401,20.009235288570377,80.55149119129995,7.356251125637934,949.8369922821533,3940.918300895672,10.961976686532196,8.227766938890252
2023-01-01 07:58:00,1757.5959933222036,21.969200555482008,74.18750072902007,7.327652147537989,929.6227888777925,3979.758771615687,10.971375194377426,8.121610074549984
2023-01-01 07:59:00,1759.5993322203672,22.470846447687475,85.37653642510863,7.40422991863247,1012.1705096772691,4016.585417027841,11.17358596514714,8.09173807787371
2023-01-01 08:00:00,1761.602671118531,26.122951093010244,79.43111689261818,7.246456081293573,974.9644488212973,4095.3610863966983,11.026726044316119,7.553542667934856
2023-01-01 08:01:00,1763.6060100166947,22.438038570579952,78.10434221157756,7.258811355383559,937.8560975399556,3968.7355589985777,10.9488561693269,7.467047874807543
2023-01-01 08:02:00,1765.609348914858,17.384233357853915,88.52626268447226,7.194551420848019,1046.899464662046,4078.455368179877,11.068610585274897,7.566951687613752
2023-01-01 08:03:00,1767.6126878130217,24.88691127086281,60.108290995828206,7.276414910967006,890.7562342154843,3857.968294809919,11.068050070953557,7.294529198567997
2023-01-01 08:04:00,1769.6160267111854,21.366257372296516,92.8562309095708,7.161765027800253,985.9509877402563,4060.5574834638837,10.995046107283942,7.097428088365751
2023-01-01 08:05:00,1771.619365609349,21.644342995286795,79.47985835660346,7.218761090557024,975.8733969596409,3880.6909405837496,10.958493835924163,7.59598122533578
2023-01-01 08:06:00,1773.6227045075125,17.807113242665523,73.58742261666197,7.262399444089733,997.3430161828919,3927.7803233302516,11.198576750031187,7.923834645873858
2023-01-01 08:07:00,1775.6260434056762,21.17334044387673,78.34805862149206,7.304118291893133,1000.9572535786955,3996.2789714123587,10.917469703143032,7.954133154715236
2023-01-01 08:08:00,1777.6293823038397,25.501230388504947,78.55630485126227,7.316423832012954,949.7069739605967,3949.64001378185,11.169100459037884,8.194849815158221
2023-01-01 08:09:00,1779.6327212020033,18.206335614155524,79.02622336359296,7.323471943289203,966.4328843229002,3943.2093493752595,11.131843887063596,8.368401679652274
2023-01-01 08:10:00,1781.636060100167,24.071203465074884,73.33311041468326,7.300206405195911,986.1474830054595,3909.657189709545,10.857310458925586,8.586303832603617
2023-01-01 08:11:00,1783.6393989983305,23.925574259303186,95.70756593821076,7.353805954315487,983.0630029279639,3892.563245911841,10.848503783251003,8.718736740881925
2023-01-01 08:12:00,1785.642737896494,22.98996026780363,84.79620106338464,7.406820456246899,947.971164570225,3775.3847399979136,11.09117047914198,8.651201299502272
2023-01-01 08:13:00,1787.6460767946578,22.78306363868689,91.05686051117262,7.352111662077466,981.5005545601066,4024.6426349163553,10.89529796499593,8.490868607640918
2023-01-01 08:14:00,1789.6494156928213,25.689669920910994,75.06900394174896,7.433524040203818,979.6667155122527,4020.4115312295676,10.953561087035197,8.320311540956746
2023-01-01 08:15:00,1791.6527545909848,21.43043513853676,95.12832178710384,7.462586220023592,946.168272472854,3981.1154139449222,10.866540143255216,8.18739263130008
2023-01-01 08:16:00,1793.6560934891486,18.66082778788886,84.1441831149375,7.549855125243235,974.647254242177,4019.5797729317346,10.856868116705625,7.8895049494024105
2023-01-01 08:17:00,1795.6594323873123,22.010453772822903,93.81350101022689,7.536934256089355,1007.7904465187102,3917.396271471216,10.761929647185859,7.3970958660883905
2023-01-01 08:18:00,1797.6627712854756,19.053246942828554,76.2027238969343,7.564311228277726,995.8408348644449,4185.050210407197,10.879911400488055,6.900327116026913
2023-01-01 08:19:00,1799.6661101836394,20.570589934891935,73.14050301441449,7.640815126443987,947.6016439204864,3816.079678041708,10.93457021374533,6.439714840192717
2023-01-01 08:20:00,1801.6694490818031,31.83477535947787,71.476905850119,7.628196484235827,946.1746057668387,4052.920314157201,10.874688866147704,5.828725500153468
2023-01-01 08:21:00,1803.6727879799666,32.82960864987775,70.08883509322376,7.710816420174312,1048.23780874849,4056.512975564491,11.063586460108525,5.549231415353095
2023-01-01 08:22:00,1805.6761268781302,35.0,60.0,7.788057142702427,931.187038639261,4057.825837890747,10.970351374065297,5.22643939374451
2023-01-01 08:23:00,1807.679465776294,33.16640689297565,66.88165611911451,7.874216126443925,950.7903090873953,3959.295103616533,10.969685085218869,4.573463767751365
2023-01-01 08:24:00,1809.6828046744574,35.0,64.77383771038168,7.906901290661968,982.5233029846979,3979.9860357716957,10.943600564978949,4.395650650100033
2023-01-01 08:25:00,1811.686143572621,31.110951955755603,68.60767084995443,8.000197789153797,962.7369813705651,4135.13488174472,11.055544620511586,4.279241978577638
2023-01-01 08:26:00,1813.6894824707847,30.700760186750788,65.68334573424966,8.061152051994464,967.7213425552911,3929.4060229395436,10.880780284357703,3.9386152227368383
2023-01-01 08:27:00,1815.6928213689482,35.0,66.57126542209939,8.050044679026914,990.6927870091916,4016.8730484372695,10.910384639779457,3.502912497451959
2023-01-01 08:28:00,1817.6961602671117,30.251397206764942,60.0,8.072057060768167,961.3452838538799,3866.9639935413074,11.103446851625117,3.588791980746169
2023-01-01 08:29:00,1819.6994991652755,32.80950579551619,60.0,8.035775133219946,1050.0,4012.7790980304067,11.114407810807077,3.6282670783969477
2023-01-01 08:30:00,1821.702838063439,28.207691848304467,65.3228941873731,7.99679447985604,1012.4307881886114,4026.028679996061,11.027272363169635,3.598384352003754
2023-01-01 08:31:00,1823.7061769616025,28.784824172192945,60.991507753539125,7.99561123416536,978.1523733472135,4052.1192433809065,11.023369762620316,3.7076937387108755
2023-01-01 08:32:00,1825.7095158597663,27.335895707268172,60.0,7.994643124054805,981.1535273801951,3843.5017046124453,11.051570042191873,3.725656243591467
2023-01-01 08:33:00,1827.7128547579298,32.22986615344848,68.3134441956528,7.993890149524371,948.8968862325142,3990.456500777058,10.80851268438952,3.7346459213203094
2023-01-01 08:34:00,1829.7161936560935,30.474790198108476,62.68656906108177,7.993352310574061,980.1351901427438,3933.61544368095,10.882028127959853,3.870418500642501
2023-01-01 08:35:00,1831.719532554257,32.82407626076082,65.28581181890222,7.993029607203876,927.9259872142171,3985.2657270292816,11.045443893733147,3.9064369744695346
2023-01-01 08:36:00,1833.7228714524208,23.05893824262384,77.29748061498886,7.992922039413815,994.8065320033427,4044.279743406067,10.946942754992968,3.956029421760158
2023-01-01 08:37:00,1835.7262103505843,33.76569123759237,60.0,7.993029607203876,955.6566031332572,3984.766320084246,11.036278271996583,3.993340556164881
2023-01-01 08:38:00,1837.7295492487478,31.22549959269664,63.08563019734906,7.993352310574061,943.2457558877176,3927.1088765441114,10.917601189700164,4.141495667490583
2023-01-01 08:39:00,1839.7328881469116,27.884091297151777,69.95086175935128,7.993890149524371,974.8897322956238,3992.166062798863,10.72456700139444,4.316229416096508
2023-01-01 08:40:00,1841.736227045075,30.513931399028337,82.27375710758035,7.994643124054805,986.3947201635106,4065.6549050707963,11.097972978607316,4.418285139060869
2023-01-01 08:41:00,1843.7395659432386,28.261788831600974,66.72655948850084,7.99561123416536,921.4896253102613,4074.798832700897,11.01234555233951,4.566961262222578
2023-01-01 08:42:00,1845.7429048414024,33.0956279114443,66.71413960451167,7.99679447985604,993.498418803786,4065.762809242343,10.999831622196483,4.556559240970874
2023-01-01 08:43:00,1847.746243739566,35.0,60.0,7.998192861126843,980.7716647534328,4029.265050711606,10.943574636570474,4.542796641937494
2023-01-01 08:44:00,1849.7495826377296,33.63538649418615,82.08562859110334,7.999806377977772,929.6750161381474,3986.7743797713583,11.018534480167252,4.4720213581784005
2023-01-01 08:45:00,1851.7529215358932,34.526282446653916,66.66239262576339,8.00163503040882,974.8094235140059,4053.048023612755,10.910616543632093,4.436980949030723
2023-01-01 08:46:00,1853.7562604340567,33.6981623452383,69.48774655428068,8.003678818419996,986.9734846541533,4209.093047446307,11.00686546191926,4.253561174776234
2023-01-01 08:47:00,1855.7595993322204,30.977007019220324,66.96169777614921,7.999999999999882,1019.2130020967044,3933.725252900964,10.771024018592268,4.266226756557305
2023-01-01 08:48:00,1857.762938230384,35.0,60.0,7.999999999999882,1024.2283656914203,3904.3478110131277,11.041097875523207,4.241982199683058
2023-01-01 08:49:00,1859.7662771285475,33.75668317755205,63.96649893894979,7.999999999999882,989.8338156284362,4073.7542070345994,11.075974876979009,4.239320388230456
2023-01-01 08:50:00,1861.7696160267112,35.0,60.0,7.999999999999882,925.697154139363,3940.2694983723522,10.943830262265921,4.140086246649761
2023-01-01 08:51:00,1863.7729549248747,29.123285830843574,70.72306833013897,7.999999999999882,977.3875322344362,3912.7077124737716,11.011975701275706,4.265908037123001
2023-01-01 08:52:00,1865.7762938230385,31.235173829012226,60.46556785663959,7.999999999999882,1004.694731176101,4073.205097734401,10.955206088146294,4.164458395012694
2023-01-01 08:53:00,1867.779632721202,32.83993059443487,61.01355530826583,7.999999999999882,973.8184215674041,3888.2767458957032,10.791806774770093,4.116708873353882
2023-01-01 08:54:00,1869.7829716193655,32.93436986348646,62.435638796516315,7.999999999999882,1008.042008151888,4048.223224914038,11.088861405618879,4.023833038675921
2023-01-01 08:55:00,1871.7863105175293,35.0,66.91225615928846,7.999999999999882,937.0139043628733,3889.1437421989394,10.951344887751977,3.894190704382898
2023-01-01 08:56:00,1873.7896494156928,27.560735324867423,81.89127397625266,7.999999999999882,984.5237347686847,4117.51560996187,10.996807720727501,3.8598218633942207
2023-01-01 08:57:00,1875.7929883138563,25.62169973292218,60.0,7.999999999999882,1011.0153881212818,3832.690481709814,11.048225389137002,3.8203150934693215
2023-01-01 08:58:00,1877.79632721202,28.932150990739895,65.71859173753906,7.999999999999882,913.994304828443,3706.4467636843547,11.107557452145887,3.9848493898753774
2023-01-01 08:59:00,1879.7996661101836,28.97781924519302,73.49575813768777,7.999999999999882,981.1341538022211,3926.2239802651047,11.071896850731655,4.190474339311815
2023-01-01 09:00:00,1881.8030050083473,30.980108377447422,68.5235179114976,7.999999999999882,949.5881710345062,3927.412981956553,10.864420738781517,4.276592122591219
2023-01-01 09:01:00,1883.8063439065108,33.366518302748766,69.50427204021216,7.999999999999882,958.2512480401944,4011.0079733538123,10.903555844788192,4.288889164587356
2023-01-01 09:02:00,1885.8096828046744,32.68355075434927,60.0,7.999999999999882,1029.167670930971,4064.383381607728,10.947763918840696,4.144293229577857
2023-01-01 09:03:00,1887.8130217028381,35.0,60.0,7.999999999999882,1032.4077380980389,4168.392525818487,10.991051638559252,4.103754875310848
2023-01-01 09:04:00,1889.8163606010016,32.9839468150844,62.960099633950854,7.999999999999882,954.3183096602693,3897.657113947754,11.092216473102228,3.9545432684101645
2023-01-01 09:05:00,1891.8196994991654,35.0,60.0,7.999999999999882,947.4022081471378,4054.5292302198527,11.004163294341268,3.9026914171174187
2023-01-01 09:06:00,1893.823038397329,33.96352474803366,60.0,7.999999999999882,967.4217890552759,3960.680945703747,11.115738505449523,3.9580556623803833
2023-01-01 09:07:00,1895.8263772954924,35.0,68.66406546658604,7.999999999999882,1004.7988588081666,4060.1455861494132,11.141323796188988,4.171078390164236
2023-01-01 09:08:00,1897.8297161936562,29.08134832963972,60.0,7.999999999999882,992.8525369958345,4087.7088883019983,11.241224545295967,4.1451943189169995
2023-01-01 09:09:00,1899.8330550918197,31.99711410546671,60.0,7.999999999999882,956.7026383509209,3902.300424668202,11.060598763805308,4.096495574924955
2023-01-01 09:10:00,1901.8363939899832,32.68766169219226,60.0,7.999999999999882,934.0387597739785,3833.1095029168346,11.208407189662775,3.9700865079968217
2023-01-01 09:11:00,1903.839732888147,28.201364619470453,61.16091520790258,7.999999999999882,978.069187567465,4059.0576543732986,11.0330228777601,3.919429613697234
2023-01-01 09:12:00,1905.8430717863105,31.23444928158473,65.32785880292636,7.999999999999882,952.0019108924304,3796.3338951609367,11.212570388172416,3.8306844815782246
2023-01-01 09:13:00,1907.8464106844742,35.0,60.0,7.999999999999882,1003.5565351363795,4123.8656880467715,11.110240141337997,3.7390096677250297
2023-01-01 09:14:00,1909.8497495826377,35.0,62.81814346665844,7.999999999999882,974.1124587327656,3858.1281923537435,10.859429374551613,3.758973344256024
2023-01-01 09:15:00,1911.8530884808013,29.707365419448756,67.1714739043945,7.999999999999882,929.4786883305543,4174.856502471214,10.782964682268044,3.816332241145116
2023-01-01 09:16:00,1913.856427378965,27.185622330236306,66.70730247397871,7.999999999999882,977.626494367842,3895.662267503583,11.046140183249886,3.835967266119264
2023-01-01 09:17:00,1915.8597662771285,29.536597995273954,60.0,7.999999999999882,948.2769595586205,3777.7593948570093,11.04723555819838,3.9623568817906207
2023-01-01 09:18:00,1917.863105175292,31.255683309073483,68.25443952239019,7.999999999999882,954.6340677248953,3939.8411940308238,11.038010141472329,4.115497895457206
2023-01-01 09:19:00,1919.8664440734558,32.451873984554744,61.47012924239043,7.999999999999882,998.7581902677802,3854.4534051419446,11.02182606968686,4.072177778601219
2023-01-01 09:20:00,1921.8697829716193,35.0,60.0,7.999999999999882,958.544084774056,4023.801557803385,11.104858354417443,4.0864311028641955
2023-01-01 09:21:00,1923.873121869783,34.54349751410607,68.6923435050798,7.999999999999882,935.3192267415787,3837.9713657184006,10.94248166004907,3.91515803808076
2023-01-01 09:22:00,1925.8764607679466,35.0,60.37271503756279,7.999999999999882,937.2167909940952,3932.223083130241,11.041198721431101,3.8730639434212955
2023-01-01 09:23:00,1927.87979966611,32.01579786520868,65.42860807291171,7.999999999999882,956.9010097881949,4049.0141686440397,10.943168001238375,3.8706679139418507
2023-01-01 09:24:00,1929.8831385642738,35.0,60.0,8.015353558045016,928.8551493768925,3949.11843848604,11.057891943854568,3.8885356861991385
2023-01-01 09:25:00,1931.8864774624374,29.37498169595494,67.23577353356656,8.006823803575497,985.5400325881546,3891.1425533560923,11.129447173310515,3.915705680812401
2023-01-01 09:26:00,1933.889816360601,31.19153071784162,60.92114229253933,7.999191917997508,1000.910267664485,3931.9853063926266,10.746628366068066,4.013850262071171
2023-01-01 09:27:00,1935.8931552587646,30.688368766812765,67.8712411482944,7.992457901311044,1003.7196517800081,4035.5883108289236,11.185042477553337,3.8425066583973457
2023-01-01 09:28:00,1937.8964941569282,29.264246772169194,60.0,7.98662175351611,975.2565584006669,4108.7605723882425,11.171768649633913,3.5963147761151237
2023-01-01 09:29:00,1939.899833055092,35.0,63.768588483554765,7.981683474612706,1050.0,3987.214187983215,10.946813074565817,3.5553984590390177
2023-01-01 09:30:00,1941.9031719532554,29.308956186794425,61.73985681688442,7.983526161200529,916.4490965782517,3929.702801851982,11.15547986453008,3.5534352148114046
2023-01-01 09:31:00,1943.906510851419,32.645367466533,60.0,7.9771152330803465,990.7934319388748,3899.9096192004954,10.991852282746303,3.6288567219692967
2023-01-01 09:32:00,1945.9098497495827,28.80201305930423,66.63361352347363,7.971946214588517,1018.7051666915643,4021.986586760353,11.186310675726173,3.648516221839664
2023-01-01 09:33:00,1947.9131886477462,29.489909479378216,60.25186473319056,7.968019105725039,946.0755342576192,4093.5911481653566,11.024440665128486,3.583910744368923
2023-01-01 09:34:00,1949.9165275459097,23.103701792766717,60.0,7.9653339064899145,990.3284433156138,4076.714868487356,10.998098511028987,3.639689241877451
2023-01-01 09:35:00,1951.9198664440735,35.0,68.41646878587423,7.963890616883143,981.6367547274078,3921.889009252063,11.003899301827955,3.7512784824644294
2023-01-01 09:36:00,1953.923205342237,33.5002672437403,64.72087178712418,7.967389579179148,956.8389601272427,4069.981622208429,11.06025189525963,3.8046536955061585
2023-01-01 09:37:00,1955.9265442404007,31.489699985962954,60.0,7.96637436312107,1023.635050056828,3996.2468740151908,10.9502905466754,3.753302715678794
2023-01-01 09:38:00,1957.9298831385643,32.06939264595961,64.43992702724117,7.966817450976398,977.9439691612197,3998.4719480871718,11.072086415445176,3.7629563823590915
2023-01-01 09:39:00,1959.9332220367278,33.13445993430427,68.80452757795604,7.968718842745134,1014.4502576217362,4075.7753694312005,11.116667140446111,3.5923717503193533
2023-01-01 09:40:00,1961.9365609348915,26.4600167905678,60.0,7.972078538427277,1014.8925979213833,4029.8238474583372,11.119778035323252,3.6342614146568466
2023-01-01 09:41:00,1963.939899833055,27.412124496121876,63.512913773275606,7.976896538022825,1024.9961661232296,4100.453915955307,10.839038528103302,3.665743651808018
2023-01-01 09:42:00,1965.9432387312188,35.0,60.63441691816479,7.983172841531782,947.6280393364544,4032.4650183306553,11.015868177535586,3.8139519252434453
2023-01-01 09:43:00,1967.9465776293823,34.9592092492424,60.0,7.990907448954144,997.0221673681076,4092.340581360116,10.929352620587437,3.878821285667654
2023-01-01 09:44:00,1969.9499165275458,26.49267933243594,71.71620538092694,8.000100360289913,970.2884485523783,4053.94974950271,11.274165322709571,3.8368034710736265
2023-01-01 09:45:00,1971.9532554257096,28.80549390502674,60.0,7.98597039413291,993.8411866154627,3774.3717423732455,10.830260944432561,3.7615856070265163
2023-01-01 09:46:00,1973.956594323873,24.6752487493433,60.0,7.987754421042919,973.4030577978489,3938.3477341443695,11.037848160346313,3.7557761130353042
2023-01-01 09:47:00,1975.9599332220366,35.0,61.52270658707913,7.990098882974807,947.729737307074,3936.9528857065543,11.000633238275993,3.724010136398502
2023-01-01 09:48:00,1977.9632721202004,26.70806448041649,62.244181658514734,8.010458663642465,1008.0422380230108,3979.8771299902787,11.054887839511613,3.840504025452712
2023-01-01 09:49:00,1979.966611018364,32.44248126628509,64.77800286643891,8.00422683799928,1044.5162603937893,4082.9406965070275,10.935742928132242,3.932270942572449
2023-01-01 09:50:00,1981.9699499165276,35.0,60.0,8.001321744705246,970.9561789325588,4148.044286946769,11.143825368224324,3.97592796968277
2023-01-01 09:51:00,1983.9732888146912,31.9517359977246,62.0593184506278,7.996929770511076,1008.0805959892242,3996.9003938647193,11.016243624467814,4.02124401568181
2023-01-01 09:52:00,1985.9766277128547,32.8268376492061,60.0,7.99105091541689,976.142945605292,3897.6762557908073,11.067292617345931,4.068219080569627
2023-01-01 09:53:00,1987.9799666110184,28.955095259772925,65.69174936240653,7.983685179422688,985.6543376785054,4143.677166833622,11.045998396538366,4.11685316434622
2023-01-01 09:54:00,1989.983305509182,32.51742401119394,72.28088668197589,7.974832562528468,975.5783726675993,4043.4866513882425,11.077450116366832,4.16714626701159
2023-01-01 09:55:00,1991.9866444073455,34.71242302279631,65.49061679492085,7.964493064734233,973.101449857967,4098.896888971654,11.031652299586979,4.219098388565737
2023-01-01 09:56:00,1993.9899833055092,35.0,62.59443142198851,7.952666686039981,933.8533048630483,3860.689195266967,10.936781994286287,4.272709529008659
2023-01-01 09:57:00,1995.9933222036727,35.0,60.0,7.939353426445712,1020.2409267429248,4106.059452972767,11.166707050351722,4.327979688340358
2023-01-01 09:58:00,1997.9966611018365,24.754276903999003,64.76688889376963,7.9245532859514265,968.1491679726361,4099.854186742663,11.067138759910462,4.384908866560834
2023-01-01 09:59:00,2000.0,33.490378265747076,72.70183970006461,7.908266264557124,984.5097508189591,3997.4569235533627,10.932009660413836,4.443497063670086
